label,estimator,treatment_site_id,period,period_index,is_post,gap_norm,gap_rmse,sensor,method,repr
chipmean,fsc,treatment_0001,P01,1,False,0.5905153855658173,0.05905153855658173,sentinel1,covmat,quantile
chipmean,fsc,treatment_0001,P02,2,False,0.6049022891104378,0.060490228911043775,sentinel1,covmat,quantile
chipmean,fsc,treatment_0001,P03,3,False,0.579132593033147,0.05791325930331471,sentinel1,covmat,quantile
chipmean,fsc,treatment_0001,P04,4,False,0.5720220954381404,0.05720220954381404,sentinel1,covmat,quantile
chipmean,fsc,treatment_0001,P05,5,False,0.620424383761313,0.0620424383761313,sentinel1,covmat,quantile
chipmean,fsc,treatment_0001,P06,6,False,0.49283768617154355,0.04928376861715436,sentinel1,covmat,quantile
chipmean,fsc,treatment_0001,P07,7,False,0.5581375614109143,0.055813756141091436,sentinel1,covmat,quantile
chipmean,fsc,treatment_0001,P08,8,False,0.6070223472813626,0.06070223472813626,sentinel1,covmat,quantile
chipmean,fsc,treatment_0001,P09,9,False,0.5749469874457152,0.05749469874457152,sentinel1,covmat,quantile
chipmean,fsc,treatment_0001,P10,10,False,0.6076453218379622,0.060764532183796224,sentinel1,covmat,quantile
chipmean,fsc,treatment_0001,P11,11,True,0.6360201428706853,0.06360201428706853,sentinel1,covmat,quantile
chipmean,fsc,treatment_0001,P13,12,True,0.6311638780692556,0.06311638780692556,sentinel1,covmat,quantile
chipmean,fsc,treatment_0001,P14,13,True,0.5054560342348462,0.050545603423484624,sentinel1,covmat,quantile
chipmean,fsc,treatment_0001,P16,14,True,0.6930304119096868,0.06930304119096868,sentinel1,covmat,quantile
chipmean,fsc,treatment_0001,P17,15,True,0.735963247909966,0.0735963247909966,sentinel1,covmat,quantile
chipmean,fsc,treatment_0001,P18,16,True,0.5666448988616049,0.05666448988616048,sentinel1,covmat,quantile
chipmean,fsc,treatment_0001,P19,17,True,0.6000940644769398,0.06000940644769398,sentinel1,covmat,quantile
chipmean,fsc,treatment_0001,P20,18,True,0.6872606127953347,0.06872606127953347,sentinel1,covmat,quantile
chipmean,fsc,treatment_0002,P01,1,False,0.5156356094175036,0.05156356094175036,sentinel1,covmat,quantile
chipmean,fsc,treatment_0002,P02,2,False,0.5941223376593278,0.05941223376593278,sentinel1,covmat,quantile
chipmean,fsc,treatment_0002,P03,3,False,0.5782591744767083,0.05782591744767083,sentinel1,covmat,quantile
chipmean,fsc,treatment_0002,P04,4,False,0.6221802052412818,0.06221802052412818,sentinel1,covmat,quantile
chipmean,fsc,treatment_0002,P05,5,False,0.4599345417676894,0.045993454176768936,sentinel1,covmat,quantile
chipmean,fsc,treatment_0002,P06,6,False,0.6020568495013698,0.06020568495013698,sentinel1,covmat,quantile
chipmean,fsc,treatment_0002,P07,7,False,0.7201152660242156,0.07201152660242156,sentinel1,covmat,quantile
chipmean,fsc,treatment_0002,P08,8,False,0.5180420146603982,0.05180420146603982,sentinel1,covmat,quantile
chipmean,fsc,treatment_0002,P09,9,False,0.6000862820416963,0.060008628204169634,sentinel1,covmat,quantile
chipmean,fsc,treatment_0002,P10,10,False,0.538229642563631,0.053822964256363105,sentinel1,covmat,quantile
chipmean,fsc,treatment_0002,P11,11,True,0.5720825638697867,0.05720825638697866,sentinel1,covmat,quantile
chipmean,fsc,treatment_0002,P13,12,True,0.7188274303374373,0.07188274303374372,sentinel1,covmat,quantile
chipmean,fsc,treatment_0002,P14,13,True,0.6679070858316362,0.06679070858316362,sentinel1,covmat,quantile
chipmean,fsc,treatment_0002,P16,14,True,0.6154524077976119,0.061545240779761194,sentinel1,covmat,quantile
chipmean,fsc,treatment_0002,P17,15,True,0.7270628147847519,0.07270628147847519,sentinel1,covmat,quantile
chipmean,fsc,treatment_0002,P18,16,True,0.7372871481940657,0.07372871481940657,sentinel1,covmat,quantile
chipmean,fsc,treatment_0002,P19,17,True,0.6670581315477873,0.06670581315477872,sentinel1,covmat,quantile
chipmean,fsc,treatment_0002,P20,18,True,0.818634220889141,0.0818634220889141,sentinel1,covmat,quantile
chipmean,fsc,treatment_0003,P01,1,False,0.47560755457920745,0.04756075545792074,sentinel1,covmat,quantile
chipmean,fsc,treatment_0003,P02,2,False,0.3964202115538264,0.03964202115538264,sentinel1,covmat,quantile
chipmean,fsc,treatment_0003,P03,3,False,0.4561622449762456,0.04561622449762456,sentinel1,covmat,quantile
chipmean,fsc,treatment_0003,P04,4,False,0.49708293133862835,0.04970829313386283,sentinel1,covmat,quantile
chipmean,fsc,treatment_0003,P05,5,False,0.5132696310766471,0.05132696310766472,sentinel1,covmat,quantile
chipmean,fsc,treatment_0003,P06,6,False,0.5002265297965337,0.05002265297965337,sentinel1,covmat,quantile
chipmean,fsc,treatment_0003,P07,7,False,0.44045564001119386,0.044045564001119385,sentinel1,covmat,quantile
chipmean,fsc,treatment_0003,P08,8,False,0.5281247312184275,0.05281247312184275,sentinel1,covmat,quantile
chipmean,fsc,treatment_0003,P09,9,False,0.5294656327565456,0.05294656327565456,sentinel1,covmat,quantile
chipmean,fsc,treatment_0003,P10,10,False,0.47834884786920223,0.047834884786920225,sentinel1,covmat,quantile
chipmean,fsc,treatment_0003,P11,11,True,0.41640131386026835,0.04164013138602683,sentinel1,covmat,quantile
chipmean,fsc,treatment_0003,P13,12,True,0.46772958885403015,0.04677295888540302,sentinel1,covmat,quantile
chipmean,fsc,treatment_0003,P14,13,True,0.45508487792786173,0.04550848779278618,sentinel1,covmat,quantile
chipmean,fsc,treatment_0003,P16,14,True,0.48152090800297975,0.048152090800297975,sentinel1,covmat,quantile
chipmean,fsc,treatment_0003,P17,15,True,0.40494838180609505,0.040494838180609505,sentinel1,covmat,quantile
chipmean,fsc,treatment_0003,P18,16,True,0.44712914478521576,0.044712914478521576,sentinel1,covmat,quantile
chipmean,fsc,treatment_0003,P19,17,True,0.5524207708739814,0.05524207708739815,sentinel1,covmat,quantile
chipmean,fsc,treatment_0003,P20,18,True,0.5329917215035425,0.05329917215035425,sentinel1,covmat,quantile
chipmean,fsc,treatment_0004,P01,1,False,0.5338916353247224,0.053389163532472236,sentinel1,covmat,quantile
chipmean,fsc,treatment_0004,P02,2,False,0.5966536755483103,0.05966536755483103,sentinel1,covmat,quantile
chipmean,fsc,treatment_0004,P03,3,False,0.5824321509649746,0.05824321509649746,sentinel1,covmat,quantile
chipmean,fsc,treatment_0004,P04,4,False,0.6215578478581094,0.06215578478581094,sentinel1,covmat,quantile
chipmean,fsc,treatment_0004,P05,5,False,0.6336106372615428,0.06336106372615427,sentinel1,covmat,quantile
chipmean,fsc,treatment_0004,P06,6,False,0.4678561929700762,0.04678561929700762,sentinel1,covmat,quantile
chipmean,fsc,treatment_0004,P07,7,False,0.450857262514803,0.0450857262514803,sentinel1,covmat,quantile
chipmean,fsc,treatment_0004,P08,8,False,0.552118730626912,0.0552118730626912,sentinel1,covmat,quantile
chipmean,fsc,treatment_0004,P09,9,False,0.47915268068289013,0.04791526806828901,sentinel1,covmat,quantile
chipmean,fsc,treatment_0004,P10,10,False,0.6442830078166855,0.06442830078166854,sentinel1,covmat,quantile
chipmean,fsc,treatment_0004,P11,11,True,0.6472107405159883,0.06472107405159883,sentinel1,covmat,quantile
chipmean,fsc,treatment_0004,P13,12,True,0.5300400247854674,0.053004002478546745,sentinel1,covmat,quantile
chipmean,fsc,treatment_0004,P14,13,True,0.5501024080336427,0.05501024080336428,sentinel1,covmat,quantile
chipmean,fsc,treatment_0004,P16,14,True,0.5573490571380897,0.055734905713808965,sentinel1,covmat,quantile
chipmean,fsc,treatment_0004,P17,15,True,0.6352992236120049,0.06352992236120049,sentinel1,covmat,quantile
chipmean,fsc,treatment_0004,P18,16,True,0.5615772369141614,0.05615772369141613,sentinel1,covmat,quantile
chipmean,fsc,treatment_0004,P19,17,True,0.5487744283814783,0.05487744283814783,sentinel1,covmat,quantile
chipmean,fsc,treatment_0004,P20,18,True,0.7059504974853902,0.07059504974853902,sentinel1,covmat,quantile
chipmean,fsc,treatment_0005,P01,1,False,0.6441490236191438,0.06441490236191438,sentinel1,covmat,quantile
chipmean,fsc,treatment_0005,P02,2,False,0.4803172608141035,0.04803172608141034,sentinel1,covmat,quantile
chipmean,fsc,treatment_0005,P03,3,False,0.5111135756146014,0.05111135756146013,sentinel1,covmat,quantile
chipmean,fsc,treatment_0005,P04,4,False,0.5860465493311225,0.05860465493311226,sentinel1,covmat,quantile
chipmean,fsc,treatment_0005,P05,5,False,0.5299637123586366,0.052996371235863655,sentinel1,covmat,quantile
chipmean,fsc,treatment_0005,P06,6,False,0.6323461052119945,0.06323461052119946,sentinel1,covmat,quantile
chipmean,fsc,treatment_0005,P07,7,False,0.5236360613455111,0.05236360613455111,sentinel1,covmat,quantile
chipmean,fsc,treatment_0005,P08,8,False,0.49703561847068634,0.04970356184706864,sentinel1,covmat,quantile
chipmean,fsc,treatment_0005,P09,9,False,0.5272997959237902,0.05272997959237901,sentinel1,covmat,quantile
chipmean,fsc,treatment_0005,P10,10,False,0.5531653788674814,0.05531653788674814,sentinel1,covmat,quantile
chipmean,fsc,treatment_0005,P11,11,True,0.5486502206886847,0.05486502206886847,sentinel1,covmat,quantile
chipmean,fsc,treatment_0005,P13,12,True,0.5453167298453528,0.05453167298453529,sentinel1,covmat,quantile
chipmean,fsc,treatment_0005,P14,13,True,0.493877733317277,0.049387773331727704,sentinel1,covmat,quantile
chipmean,fsc,treatment_0005,P16,14,True,0.5651343520499852,0.05651343520499852,sentinel1,covmat,quantile
chipmean,fsc,treatment_0005,P17,15,True,0.5436516266079172,0.054365162660791715,sentinel1,covmat,quantile
chipmean,fsc,treatment_0005,P18,16,True,0.5437720418230654,0.05437720418230654,sentinel1,covmat,quantile
chipmean,fsc,treatment_0005,P19,17,True,0.6734890453616175,0.06734890453616174,sentinel1,covmat,quantile
chipmean,fsc,treatment_0005,P20,18,True,0.638132081916964,0.0638132081916964,sentinel1,covmat,quantile
chipmean,fsc,treatment_0006,P01,1,False,0.5533197645199404,0.055331976451994044,sentinel1,covmat,quantile
chipmean,fsc,treatment_0006,P02,2,False,0.481995421023896,0.048199542102389595,sentinel1,covmat,quantile
chipmean,fsc,treatment_0006,P03,3,False,0.6022696620766539,0.06022696620766539,sentinel1,covmat,quantile
chipmean,fsc,treatment_0006,P04,4,False,0.5430425117856867,0.05430425117856868,sentinel1,covmat,quantile
chipmean,fsc,treatment_0006,P05,5,False,0.6503046281364102,0.06503046281364103,sentinel1,covmat,quantile
chipmean,fsc,treatment_0006,P06,6,False,0.5517292242255308,0.05517292242255308,sentinel1,covmat,quantile
chipmean,fsc,treatment_0006,P07,7,False,0.5517102280008247,0.05517102280008247,sentinel1,covmat,quantile
chipmean,fsc,treatment_0006,P08,8,False,0.4276791538738765,0.04276791538738765,sentinel1,covmat,quantile
chipmean,fsc,treatment_0006,P09,9,False,0.5356338810788961,0.053563388107889603,sentinel1,covmat,quantile
chipmean,fsc,treatment_0006,P10,10,False,0.6600275324302112,0.06600275324302111,sentinel1,covmat,quantile
chipmean,fsc,treatment_0006,P11,11,True,0.6300668111469797,0.06300668111469798,sentinel1,covmat,quantile
chipmean,fsc,treatment_0006,P13,12,True,0.5255729285809488,0.052557292858094885,sentinel1,covmat,quantile
chipmean,fsc,treatment_0006,P14,13,True,0.6218038723193016,0.06218038723193015,sentinel1,covmat,quantile
chipmean,fsc,treatment_0006,P16,14,True,0.6413913478412848,0.06413913478412847,sentinel1,covmat,quantile
chipmean,fsc,treatment_0006,P17,15,True,0.6939939941485804,0.06939939941485805,sentinel1,covmat,quantile
chipmean,fsc,treatment_0006,P18,16,True,0.5818732971869175,0.05818732971869174,sentinel1,covmat,quantile
chipmean,fsc,treatment_0006,P19,17,True,0.6373992145394937,0.06373992145394936,sentinel1,covmat,quantile
chipmean,fsc,treatment_0006,P20,18,True,0.5103999744657134,0.051039997446571346,sentinel1,covmat,quantile
chipmean,fsc,treatment_0008,P01,1,False,0.6883129908109354,0.06883129908109355,sentinel1,covmat,quantile
chipmean,fsc,treatment_0008,P02,2,False,0.5637239672605824,0.05637239672605824,sentinel1,covmat,quantile
chipmean,fsc,treatment_0008,P03,3,False,0.5920279424425552,0.059202794244255515,sentinel1,covmat,quantile
chipmean,fsc,treatment_0008,P04,4,False,0.5415818328468409,0.05415818328468408,sentinel1,covmat,quantile
chipmean,fsc,treatment_0008,P05,5,False,0.44203787153930424,0.044203787153930425,sentinel1,covmat,quantile
chipmean,fsc,treatment_0008,P06,6,False,0.6136865536068039,0.061368655360680396,sentinel1,covmat,quantile
chipmean,fsc,treatment_0008,P07,7,False,0.5928286202865689,0.05928286202865689,sentinel1,covmat,quantile
chipmean,fsc,treatment_0008,P08,8,False,0.5246577770914184,0.052465777709141834,sentinel1,covmat,quantile
chipmean,fsc,treatment_0008,P09,9,False,0.576012619337778,0.05760126193377781,sentinel1,covmat,quantile
chipmean,fsc,treatment_0008,P10,10,False,0.585080489242285,0.0585080489242285,sentinel1,covmat,quantile
chipmean,fsc,treatment_0008,P11,11,True,0.5874488670959175,0.05874488670959174,sentinel1,covmat,quantile
chipmean,fsc,treatment_0008,P13,12,True,0.502319696982179,0.0502319696982179,sentinel1,covmat,quantile
chipmean,fsc,treatment_0008,P14,13,True,0.6041261229744497,0.06041261229744497,sentinel1,covmat,quantile
chipmean,fsc,treatment_0008,P16,14,True,0.45091021553211463,0.045091021553211465,sentinel1,covmat,quantile
chipmean,fsc,treatment_0008,P17,15,True,0.4613719725466056,0.04613719725466056,sentinel1,covmat,quantile
chipmean,fsc,treatment_0008,P18,16,True,0.600667567991697,0.06006675679916969,sentinel1,covmat,quantile
chipmean,fsc,treatment_0008,P19,17,True,0.49391234447381116,0.04939123444738112,sentinel1,covmat,quantile
chipmean,fsc,treatment_0008,P20,18,True,0.5268827093050159,0.052688270930501595,sentinel1,covmat,quantile
chipmean,fsc,treatment_0009,P01,1,False,0.5055258645155947,0.050552586451559474,sentinel1,covmat,quantile
chipmean,fsc,treatment_0009,P02,2,False,0.5981848939168747,0.05981848939168747,sentinel1,covmat,quantile
chipmean,fsc,treatment_0009,P03,3,False,0.61762675755881,0.061762675755881014,sentinel1,covmat,quantile
chipmean,fsc,treatment_0009,P04,4,False,0.5499623722422252,0.05499623722422252,sentinel1,covmat,quantile
chipmean,fsc,treatment_0009,P05,5,False,0.5674052424166368,0.056740524241663676,sentinel1,covmat,quantile
chipmean,fsc,treatment_0009,P06,6,False,0.47641813979171316,0.04764181397917132,sentinel1,covmat,quantile
chipmean,fsc,treatment_0009,P07,7,False,0.49853075650895023,0.049853075650895015,sentinel1,covmat,quantile
chipmean,fsc,treatment_0009,P08,8,False,0.5934427719391794,0.05934427719391794,sentinel1,covmat,quantile
chipmean,fsc,treatment_0009,P09,9,False,0.42036201676874774,0.042036201676874774,sentinel1,covmat,quantile
chipmean,fsc,treatment_0009,P10,10,False,0.5244182523775922,0.05244182523775922,sentinel1,covmat,quantile
chipmean,fsc,treatment_0009,P11,11,True,0.4767877904654736,0.04767877904654736,sentinel1,covmat,quantile
chipmean,fsc,treatment_0009,P13,12,True,0.4857935735607905,0.04857935735607905,sentinel1,covmat,quantile
chipmean,fsc,treatment_0009,P14,13,True,0.4269379003633287,0.04269379003633287,sentinel1,covmat,quantile
chipmean,fsc,treatment_0009,P16,14,True,0.5691020893707937,0.056910208937079376,sentinel1,covmat,quantile
chipmean,fsc,treatment_0009,P17,15,True,0.509052922728745,0.0509052922728745,sentinel1,covmat,quantile
chipmean,fsc,treatment_0009,P18,16,True,0.4969250699160107,0.04969250699160107,sentinel1,covmat,quantile
chipmean,fsc,treatment_0009,P19,17,True,0.46186564906863714,0.04618656490686371,sentinel1,covmat,quantile
chipmean,fsc,treatment_0009,P20,18,True,0.483052859311294,0.0483052859311294,sentinel1,covmat,quantile
chipmean,fsc,treatment_0010,P01,1,False,0.536045159371837,0.05360451593718371,sentinel1,covmat,quantile
chipmean,fsc,treatment_0010,P02,2,False,0.4847905116925996,0.04847905116925996,sentinel1,covmat,quantile
chipmean,fsc,treatment_0010,P03,3,False,0.379347031848108,0.0379347031848108,sentinel1,covmat,quantile
chipmean,fsc,treatment_0010,P04,4,False,0.4788657362138134,0.04788657362138134,sentinel1,covmat,quantile
chipmean,fsc,treatment_0010,P05,5,False,0.6207123473272534,0.062071234732725335,sentinel1,covmat,quantile
chipmean,fsc,treatment_0010,P06,6,False,0.5598126693059844,0.055981266930598426,sentinel1,covmat,quantile
chipmean,fsc,treatment_0010,P07,7,False,0.4945054541120132,0.049450545411201315,sentinel1,covmat,quantile
chipmean,fsc,treatment_0010,P08,8,False,0.5477002543565834,0.054770025435658336,sentinel1,covmat,quantile
chipmean,fsc,treatment_0010,P09,9,False,0.4496611707898138,0.04496611707898138,sentinel1,covmat,quantile
chipmean,fsc,treatment_0010,P10,10,False,0.49525543366985175,0.04952554336698518,sentinel1,covmat,quantile
chipmean,fsc,treatment_0010,P11,11,True,0.4573996221840029,0.045739962218400286,sentinel1,covmat,quantile
chipmean,fsc,treatment_0010,P13,12,True,0.5490793121021377,0.05490793121021377,sentinel1,covmat,quantile
chipmean,fsc,treatment_0010,P14,13,True,0.5694547548138525,0.05694547548138526,sentinel1,covmat,quantile
chipmean,fsc,treatment_0010,P16,14,True,0.4685227861267211,0.04685227861267211,sentinel1,covmat,quantile
chipmean,fsc,treatment_0010,P17,15,True,0.5918229601104996,0.05918229601104996,sentinel1,covmat,quantile
chipmean,fsc,treatment_0010,P18,16,True,0.5581870632245645,0.055818706322456446,sentinel1,covmat,quantile
chipmean,fsc,treatment_0010,P19,17,True,0.4404464728691871,0.04404464728691871,sentinel1,covmat,quantile
chipmean,fsc,treatment_0010,P20,18,True,0.5046204953565884,0.050462049535658846,sentinel1,covmat,quantile
chipmean,fsc,treatment_0001,P01,1,False,0.05613871264319245,0.02510599552790104,sentinel1,covmat,chip_mean
chipmean,fsc,treatment_0001,P02,2,False,0.040329197603112106,0.01803576546371605,sentinel1,covmat,chip_mean
chipmean,fsc,treatment_0001,P03,3,False,0.053908477008557894,0.024108603830923992,sentinel1,covmat,chip_mean
chipmean,fsc,treatment_0001,P04,4,False,0.036252614937089485,0.016212662272291272,sentinel1,covmat,chip_mean
chipmean,fsc,treatment_0001,P05,5,False,0.031418859643762,0.014050941187795332,sentinel1,covmat,chip_mean
chipmean,fsc,treatment_0001,P06,6,False,0.03526478383740874,0.015770890774456366,sentinel1,covmat,chip_mean
chipmean,fsc,treatment_0001,P07,7,False,0.024997213158304166,0.011179093574004064,sentinel1,covmat,chip_mean
chipmean,fsc,treatment_0001,P08,8,False,0.04533859673017135,0.020276036858622563,sentinel1,covmat,chip_mean
chipmean,fsc,treatment_0001,P09,9,False,0.05236922910975505,0.02342023124373462,sentinel1,covmat,chip_mean
chipmean,fsc,treatment_0001,P10,10,False,0.059799890989948846,0.026743324260120563,sentinel1,covmat,chip_mean
chipmean,fsc,treatment_0001,P11,11,True,0.048727993889293116,0.021791821348730752,sentinel1,covmat,chip_mean
chipmean,fsc,treatment_0001,P13,12,True,0.07303774026977686,0.03266347043323897,sentinel1,covmat,chip_mean
chipmean,fsc,treatment_0001,P14,13,True,0.035951708439022984,0.016078092795381648,sentinel1,covmat,chip_mean
chipmean,fsc,treatment_0001,P16,14,True,0.07036715145717805,0.031469146808254696,sentinel1,covmat,chip_mean
chipmean,fsc,treatment_0001,P17,15,True,0.08344331849713119,0.03731698648555019,sentinel1,covmat,chip_mean
chipmean,fsc,treatment_0001,P18,16,True,0.057245949179775144,0.02560116676049511,sentinel1,covmat,chip_mean
chipmean,fsc,treatment_0001,P19,17,True,0.05646493311490304,0.02525188575798043,sentinel1,covmat,chip_mean
chipmean,fsc,treatment_0001,P20,18,True,0.06508186757454407,0.02910549599986398,sentinel1,covmat,chip_mean
chipmean,fsc,treatment_0002,P01,1,False,0.037216438452575266,0.016643697252079075,sentinel1,covmat,chip_mean
chipmean,fsc,treatment_0002,P02,2,False,0.03794368231683092,0.01696893059541813,sentinel1,covmat,chip_mean
chipmean,fsc,treatment_0002,P03,3,False,0.03624235567695767,0.016208074191680553,sentinel1,covmat,chip_mean
chipmean,fsc,treatment_0002,P04,4,False,0.06368364687998104,0.028480192695746,sentinel1,covmat,chip_mean
chipmean,fsc,treatment_0002,P05,5,False,0.023465825615395283,0.010494236244835937,sentinel1,covmat,chip_mean
chipmean,fsc,treatment_0002,P06,6,False,0.042959083163978035,0.019211886041144325,sentinel1,covmat,chip_mean
chipmean,fsc,treatment_0002,P07,7,False,0.057573332269949484,0.025747576929357866,sentinel1,covmat,chip_mean
chipmean,fsc,treatment_0002,P08,8,False,0.027671500112869053,0.01237507105835366,sentinel1,covmat,chip_mean
chipmean,fsc,treatment_0002,P09,9,False,0.04398159943477186,0.019669169219063243,sentinel1,covmat,chip_mean
chipmean,fsc,treatment_0002,P10,10,False,0.043038940983512006,0.0192475995437469,sentinel1,covmat,chip_mean
chipmean,fsc,treatment_0002,P11,11,True,0.047448236782245815,0.021219496571521505,sentinel1,covmat,chip_mean
chipmean,fsc,treatment_0002,P13,12,True,0.09609593202574658,0.042975407274153686,sentinel1,covmat,chip_mean
chipmean,fsc,treatment_0002,P14,13,True,0.06593613337480546,0.029487535279911527,sentinel1,covmat,chip_mean
chipmean,fsc,treatment_0002,P16,14,True,0.06265514231982673,0.02802023147341129,sentinel1,covmat,chip_mean
chipmean,fsc,treatment_0002,P17,15,True,0.09426002288112073,0.042154363744574305,sentinel1,covmat,chip_mean
chipmean,fsc,treatment_0002,P18,16,True,0.06308517962086725,0.02821255000100872,sentinel1,covmat,chip_mean
chipmean,fsc,treatment_0002,P19,17,True,0.07067515799367677,0.031606891518879784,sentinel1,covmat,chip_mean
chipmean,fsc,treatment_0002,P20,18,True,0.09157039819834119,0.04095152701964303,sentinel1,covmat,chip_mean
chipmean,fsc,treatment_0003,P01,1,False,0.033365863344432756,0.014921667713224023,sentinel1,covmat,chip_mean
chipmean,fsc,treatment_0003,P02,2,False,0.019827843308772998,0.008867281097126156,sentinel1,covmat,chip_mean
chipmean,fsc,treatment_0003,P03,3,False,0.023136746234062092,0.010347067471505019,sentinel1,covmat,chip_mean
chipmean,fsc,treatment_0003,P04,4,False,0.018009140352177266,0.008053932408760574,sentinel1,covmat,chip_mean
chipmean,fsc,treatment_0003,P05,5,False,0.02625780194689558,0.011742846018596969,sentinel1,covmat,chip_mean
chipmean,fsc,treatment_0003,P06,6,False,0.02358163152833484,0.010546026223541793,sentinel1,covmat,chip_mean
chipmean,fsc,treatment_0003,P07,7,False,0.026293890670932525,0.011758985386630536,sentinel1,covmat,chip_mean
chipmean,fsc,treatment_0003,P08,8,False,0.017862029499956668,0.007988142435601937,sentinel1,covmat,chip_mean
chipmean,fsc,treatment_0003,P09,9,False,0.040550940581897184,0.018134931938535395,sentinel1,covmat,chip_mean
chipmean,fsc,treatment_0003,P10,10,False,0.015758724054438296,0.007047515644877024,sentinel1,covmat,chip_mean
chipmean,fsc,treatment_0003,P11,11,True,0.024833552019728065,0.01110590208777783,sentinel1,covmat,chip_mean
chipmean,fsc,treatment_0003,P13,12,True,0.016416560871698817,0.007341709213176351,sentinel1,covmat,chip_mean
chipmean,fsc,treatment_0003,P14,13,True,0.02677111174432101,0.011972405138708949,sentinel1,covmat,chip_mean
chipmean,fsc,treatment_0003,P16,14,True,0.008460666804561555,0.0037837252219951128,sentinel1,covmat,chip_mean
chipmean,fsc,treatment_0003,P17,15,True,0.03441492019320432,0.015390820198447014,sentinel1,covmat,chip_mean
chipmean,fsc,treatment_0003,P18,16,True,0.03244897362860542,0.014511622166731946,sentinel1,covmat,chip_mean
chipmean,fsc,treatment_0003,P19,17,True,0.018631260702291715,0.008332153087368949,sentinel1,covmat,chip_mean
chipmean,fsc,treatment_0003,P20,18,True,0.05822877772307727,0.026040701047105243,sentinel1,covmat,chip_mean
chipmean,fsc,treatment_0004,P01,1,False,0.0375739755508574,0.01680359270332645,sentinel1,covmat,chip_mean
chipmean,fsc,treatment_0004,P02,2,False,0.04096526537184627,0.018320223617553293,sentinel1,covmat,chip_mean
chipmean,fsc,treatment_0004,P03,3,False,0.020561342931348484,0.009195312100636,sentinel1,covmat,chip_mean
chipmean,fsc,treatment_0004,P04,4,False,0.023044147408135977,0.010305656017623527,sentinel1,covmat,chip_mean
chipmean,fsc,treatment_0004,P05,5,False,0.04737790581600277,0.02118804360723297,sentinel1,covmat,chip_mean
chipmean,fsc,treatment_0004,P06,6,False,0.018353745651310843,0.00820804458361444,sentinel1,covmat,chip_mean
chipmean,fsc,treatment_0004,P07,7,False,0.02293082390227403,0.010254976205112344,sentinel1,covmat,chip_mean
chipmean,fsc,treatment_0004,P08,8,False,0.036580309623318256,0.01635921179114587,sentinel1,covmat,chip_mean
chipmean,fsc,treatment_0004,P09,9,False,0.021229026354344815,0.009493909204889909,sentinel1,covmat,chip_mean
chipmean,fsc,treatment_0004,P10,10,False,0.05873679786597715,0.0262678945617979,sentinel1,covmat,chip_mean
chipmean,fsc,treatment_0004,P11,11,True,0.038963699159964865,0.017425095995306575,sentinel1,covmat,chip_mean
chipmean,fsc,treatment_0004,P13,12,True,0.04542528721261435,0.020314806020971524,sentinel1,covmat,chip_mean
chipmean,fsc,treatment_0004,P14,13,True,0.0554946819108179,0.024817976228463347,sentinel1,covmat,chip_mean
chipmean,fsc,treatment_0004,P16,14,True,0.030749629420181186,0.013751652333290515,sentinel1,covmat,chip_mean
chipmean,fsc,treatment_0004,P17,15,True,0.02756661524162246,0.012328165117969922,sentinel1,covmat,chip_mean
chipmean,fsc,treatment_0004,P18,16,True,0.032341416930798596,0.014463521349185656,sentinel1,covmat,chip_mean
chipmean,fsc,treatment_0004,P19,17,True,0.04339817469493795,0.019408253743458493,sentinel1,covmat,chip_mean
chipmean,fsc,treatment_0004,P20,18,True,0.04614962203712858,0.020638738402188366,sentinel1,covmat,chip_mean
chipmean,fsc,treatment_0005,P01,1,False,0.05758065334488728,0.025750851013603717,sentinel1,covmat,chip_mean
chipmean,fsc,treatment_0005,P02,2,False,0.035037641638826555,0.015669309695138665,sentinel1,covmat,chip_mean
chipmean,fsc,treatment_0005,P03,3,False,0.027684624503294543,0.012380940464184588,sentinel1,covmat,chip_mean
chipmean,fsc,treatment_0005,P04,4,False,0.01988283358584489,0.008891873496653014,sentinel1,covmat,chip_mean
chipmean,fsc,treatment_0005,P05,5,False,0.020220608704076146,0.009042931121747639,sentinel1,covmat,chip_mean
chipmean,fsc,treatment_0005,P06,6,False,0.032973481981832836,0.014746189433248543,sentinel1,covmat,chip_mean
chipmean,fsc,treatment_0005,P07,7,False,0.017711022818946473,0.007920610194842853,sentinel1,covmat,chip_mean
chipmean,fsc,treatment_0005,P08,8,False,0.016750038399086304,0.0074908448972177445,sentinel1,covmat,chip_mean
chipmean,fsc,treatment_0005,P09,9,False,0.03160736934008287,0.014135245286873592,sentinel1,covmat,chip_mean
chipmean,fsc,treatment_0005,P10,10,False,0.0381208251462795,0.017048151277092864,sentinel1,covmat,chip_mean
chipmean,fsc,treatment_0005,P11,11,True,0.0196771984701944,0.00879991067722191,sentinel1,covmat,chip_mean
chipmean,fsc,treatment_0005,P13,12,True,0.017876284467231142,0.007994517450770488,sentinel1,covmat,chip_mean
chipmean,fsc,treatment_0005,P14,13,True,0.021652447891352233,0.009683269072867115,sentinel1,covmat,chip_mean
chipmean,fsc,treatment_0005,P16,14,True,0.03944917909662711,0.017642209223324393,sentinel1,covmat,chip_mean
chipmean,fsc,treatment_0005,P17,15,True,0.034235455906193334,0.015310561329388992,sentinel1,covmat,chip_mean
chipmean,fsc,treatment_0005,P18,16,True,0.03265093724197916,0.014601943040428979,sentinel1,covmat,chip_mean
chipmean,fsc,treatment_0005,P19,17,True,0.05804897454376508,0.02596029062080271,sentinel1,covmat,chip_mean
chipmean,fsc,treatment_0005,P20,18,True,0.05804038387291324,0.025956448756003305,sentinel1,covmat,chip_mean
chipmean,fsc,treatment_0006,P01,1,False,0.05460869212297588,0.024421749549866274,sentinel1,covmat,chip_mean
chipmean,fsc,treatment_0006,P02,2,False,0.04064279028903373,0.01817600837630955,sentinel1,covmat,chip_mean
chipmean,fsc,treatment_0006,P03,3,False,0.05514570419575383,0.024661908649760186,sentinel1,covmat,chip_mean
chipmean,fsc,treatment_0006,P04,4,False,0.03999232434444451,0.01788511116247953,sentinel1,covmat,chip_mean
chipmean,fsc,treatment_0006,P05,5,False,0.05308556662872352,0.023740587121184025,sentinel1,covmat,chip_mean
chipmean,fsc,treatment_0006,P06,6,False,0.03680827572323047,0.016461161330339712,sentinel1,covmat,chip_mean
chipmean,fsc,treatment_0006,P07,7,False,0.0415325585475043,0.018573924838341912,sentinel1,covmat,chip_mean
chipmean,fsc,treatment_0006,P08,8,False,0.0407016201733704,0.0182023179004066,sentinel1,covmat,chip_mean
chipmean,fsc,treatment_0006,P09,9,False,0.050758554504197494,0.022699915662202745,sentinel1,covmat,chip_mean
chipmean,fsc,treatment_0006,P10,10,False,0.06468417858288715,0.02892764407601434,sentinel1,covmat,chip_mean
chipmean,fsc,treatment_0006,P11,11,True,0.05954757976930304,0.02663048725195057,sentinel1,covmat,chip_mean
chipmean,fsc,treatment_0006,P13,12,True,0.05445254672535812,0.024351919205176865,sentinel1,covmat,chip_mean
chipmean,fsc,treatment_0006,P14,13,True,0.07000899904793716,0.03130897618158111,sentinel1,covmat,chip_mean
chipmean,fsc,treatment_0006,P16,14,True,0.07172569359154803,0.032076705320804484,sentinel1,covmat,chip_mean
chipmean,fsc,treatment_0006,P17,15,True,0.06766954848132317,0.030262742082191256,sentinel1,covmat,chip_mean
chipmean,fsc,treatment_0006,P18,16,True,0.048550819268387196,0.021712586449484074,sentinel1,covmat,chip_mean
chipmean,fsc,treatment_0006,P19,17,True,0.06732424894231917,0.0301083194338288,sentinel1,covmat,chip_mean
chipmean,fsc,treatment_0006,P20,18,True,0.04385449445121802,0.019612326142362167,sentinel1,covmat,chip_mean
chipmean,fsc,treatment_0008,P01,1,False,0.05412455490998078,0.024205236806127406,sentinel1,covmat,chip_mean
chipmean,fsc,treatment_0008,P02,2,False,0.05447790889959931,0.024363261514308964,sentinel1,covmat,chip_mean
chipmean,fsc,treatment_0008,P03,3,False,0.05824517750248115,0.026048035251417856,sentinel1,covmat,chip_mean
chipmean,fsc,treatment_0008,P04,4,False,0.03714417074914292,0.01661137815258857,sentinel1,covmat,chip_mean
chipmean,fsc,treatment_0008,P05,5,False,0.012888467090849206,0.0057638977081815555,sentinel1,covmat,chip_mean
chipmean,fsc,treatment_0008,P06,6,False,0.04757860377511505,0.021277798463137074,sentinel1,covmat,chip_mean
chipmean,fsc,treatment_0008,P07,7,False,0.05267339861025452,0.02355625997969441,sentinel1,covmat,chip_mean
chipmean,fsc,treatment_0008,P08,8,False,0.014190759530363662,0.006346300592449228,sentinel1,covmat,chip_mean
chipmean,fsc,treatment_0008,P09,9,False,0.03926028649174734,0.017557733882332758,sentinel1,covmat,chip_mean
chipmean,fsc,treatment_0008,P10,10,False,0.051265588344695245,0.0229266680890519,sentinel1,covmat,chip_mean
chipmean,fsc,treatment_0008,P11,11,True,0.045062895447997735,0.020152739496937754,sentinel1,covmat,chip_mean
chipmean,fsc,treatment_0008,P13,12,True,0.046702762064831184,0.020886110142792194,sentinel1,covmat,chip_mean
chipmean,fsc,treatment_0008,P14,13,True,0.046232977078224984,0.020676015909820135,sentinel1,covmat,chip_mean
chipmean,fsc,treatment_0008,P16,14,True,0.03308838949021773,0.01479757763322329,sentinel1,covmat,chip_mean
chipmean,fsc,treatment_0008,P17,15,True,0.02211682200794167,0.009890943491204193,sentinel1,covmat,chip_mean
chipmean,fsc,treatment_0008,P18,16,True,0.03764762874393369,0.01683653141262215,sentinel1,covmat,chip_mean
chipmean,fsc,treatment_0008,P19,17,True,0.03811523326087681,0.017045650509916306,sentinel1,covmat,chip_mean
chipmean,fsc,treatment_0008,P20,18,True,0.05563973120128968,0.02488284424317995,sentinel1,covmat,chip_mean
chipmean,fsc,treatment_0009,P01,1,False,0.031265643863345766,0.013982421007748056,sentinel1,covmat,chip_mean
chipmean,fsc,treatment_0009,P02,2,False,0.050575985756563656,0.022618268436147494,sentinel1,covmat,chip_mean
chipmean,fsc,treatment_0009,P03,3,False,0.05203024239461173,0.023268631776028656,sentinel1,covmat,chip_mean
chipmean,fsc,treatment_0009,P04,4,False,0.04374830089784786,0.019564834941540578,sentinel1,covmat,chip_mean
chipmean,fsc,treatment_0009,P05,5,False,0.03142853068324354,0.014055266208134094,sentinel1,covmat,chip_mean
chipmean,fsc,treatment_0009,P06,6,False,0.012904427655913146,0.005771035489870012,sentinel1,covmat,chip_mean
chipmean,fsc,treatment_0009,P07,7,False,0.022501968935173183,0.010063186433327159,sentinel1,covmat,chip_mean
chipmean,fsc,treatment_0009,P08,8,False,0.039242160003456546,0.017549627470330443,sentinel1,covmat,chip_mean
chipmean,fsc,treatment_0009,P09,9,False,0.024628977630434083,0.011014413639594461,sentinel1,covmat,chip_mean
chipmean,fsc,treatment_0009,P10,10,False,0.03787312748459284,0.016937377515213042,sentinel1,covmat,chip_mean
chipmean,fsc,treatment_0009,P11,11,True,0.03578701620182268,0.01600444018783237,sentinel1,covmat,chip_mean
chipmean,fsc,treatment_0009,P13,12,True,0.022503650384074553,0.01006393840013599,sentinel1,covmat,chip_mean
chipmean,fsc,treatment_0009,P14,13,True,0.03778977251495161,0.016900100039536996,sentinel1,covmat,chip_mean
chipmean,fsc,treatment_0009,P16,14,True,0.053326400069851586,0.023848291110307538,sentinel1,covmat,chip_mean
chipmean,fsc,treatment_0009,P17,15,True,0.03931089675067585,0.01758036747819736,sentinel1,covmat,chip_mean
chipmean,fsc,treatment_0009,P18,16,True,0.026002766307523413,0.011628790613332711,sentinel1,covmat,chip_mean
chipmean,fsc,treatment_0009,P19,17,True,0.03040091448347858,0.013595702272643203,sentinel1,covmat,chip_mean
chipmean,fsc,treatment_0009,P20,18,True,0.0243084205392052,0.010871056150262983,sentinel1,covmat,chip_mean
chipmean,fsc,treatment_0010,P01,1,False,0.0356081327417307,0.01592444107246916,sentinel1,covmat,chip_mean
chipmean,fsc,treatment_0010,P02,2,False,0.03544802488860223,0.015852838663803798,sentinel1,covmat,chip_mean
chipmean,fsc,treatment_0010,P03,3,False,0.035112232973404885,0.015702667954068578,sentinel1,covmat,chip_mean
chipmean,fsc,treatment_0010,P04,4,False,0.009716344726939566,0.0043452814604517,sentinel1,covmat,chip_mean
chipmean,fsc,treatment_0010,P05,5,False,0.021756370881566213,0.009729744846975814,sentinel1,covmat,chip_mean
chipmean,fsc,treatment_0010,P06,6,False,0.02981285920173023,0.013332715955739783,sentinel1,covmat,chip_mean
chipmean,fsc,treatment_0010,P07,7,False,0.02623772991551677,0.011733869533275062,sentinel1,covmat,chip_mean
chipmean,fsc,treatment_0010,P08,8,False,0.02964583184138344,0.013258019049372226,sentinel1,covmat,chip_mean
chipmean,fsc,treatment_0010,P09,9,False,0.023557034163003355,0.010535025947352073,sentinel1,covmat,chip_mean
chipmean,fsc,treatment_0010,P10,10,False,0.02966649023019572,0.013267257761710203,sentinel1,covmat,chip_mean
chipmean,fsc,treatment_0010,P11,11,True,0.02719025728288789,0.012159852722049209,sentinel1,covmat,chip_mean
chipmean,fsc,treatment_0010,P13,12,True,0.034414942651488735,0.015390830242097133,sentinel1,covmat,chip_mean
chipmean,fsc,treatment_0010,P14,13,True,0.0634132980550895,0.028359289025727066,sentinel1,covmat,chip_mean
chipmean,fsc,treatment_0010,P16,14,True,0.04599503317104576,0.020569604159563205,sentinel1,covmat,chip_mean
chipmean,fsc,treatment_0010,P17,15,True,0.02493080100470308,0.011149393156007228,sentinel1,covmat,chip_mean
chipmean,fsc,treatment_0010,P18,16,True,0.06207757610451449,0.027761936009622196,sentinel1,covmat,chip_mean
chipmean,fsc,treatment_0010,P19,17,True,0.02967249965741401,0.01326994525926339,sentinel1,covmat,chip_mean
chipmean,fsc,treatment_0010,P20,18,True,0.03459069063495472,0.015469427129684823,sentinel1,covmat,chip_mean
chipmean,fsc,treatment_0001,P01,1,False,0.5905153855658173,0.05905153855658173,sentinel1,bspline,quantile
chipmean,fsc,treatment_0001,P02,2,False,0.6049022891104378,0.060490228911043775,sentinel1,bspline,quantile
chipmean,fsc,treatment_0001,P03,3,False,0.579132593033147,0.05791325930331471,sentinel1,bspline,quantile
chipmean,fsc,treatment_0001,P04,4,False,0.5720220954381404,0.05720220954381404,sentinel1,bspline,quantile
chipmean,fsc,treatment_0001,P05,5,False,0.620424383761313,0.0620424383761313,sentinel1,bspline,quantile
chipmean,fsc,treatment_0001,P06,6,False,0.49283768617154355,0.04928376861715436,sentinel1,bspline,quantile
chipmean,fsc,treatment_0001,P07,7,False,0.5581375614109143,0.055813756141091436,sentinel1,bspline,quantile
chipmean,fsc,treatment_0001,P08,8,False,0.6070223472813626,0.06070223472813626,sentinel1,bspline,quantile
chipmean,fsc,treatment_0001,P09,9,False,0.5749469874457152,0.05749469874457152,sentinel1,bspline,quantile
chipmean,fsc,treatment_0001,P10,10,False,0.6076453218379622,0.060764532183796224,sentinel1,bspline,quantile
chipmean,fsc,treatment_0001,P11,11,True,0.6360201428706853,0.06360201428706853,sentinel1,bspline,quantile
chipmean,fsc,treatment_0001,P13,12,True,0.6311638780692556,0.06311638780692556,sentinel1,bspline,quantile
chipmean,fsc,treatment_0001,P14,13,True,0.5054560342348462,0.050545603423484624,sentinel1,bspline,quantile
chipmean,fsc,treatment_0001,P16,14,True,0.6930304119096868,0.06930304119096868,sentinel1,bspline,quantile
chipmean,fsc,treatment_0001,P17,15,True,0.735963247909966,0.0735963247909966,sentinel1,bspline,quantile
chipmean,fsc,treatment_0001,P18,16,True,0.5666448988616049,0.05666448988616048,sentinel1,bspline,quantile
chipmean,fsc,treatment_0001,P19,17,True,0.6000940644769398,0.06000940644769398,sentinel1,bspline,quantile
chipmean,fsc,treatment_0001,P20,18,True,0.6872606127953347,0.06872606127953347,sentinel1,bspline,quantile
chipmean,fsc,treatment_0002,P01,1,False,0.5156356094175036,0.05156356094175036,sentinel1,bspline,quantile
chipmean,fsc,treatment_0002,P02,2,False,0.5941223376593278,0.05941223376593278,sentinel1,bspline,quantile
chipmean,fsc,treatment_0002,P03,3,False,0.5782591744767083,0.05782591744767083,sentinel1,bspline,quantile
chipmean,fsc,treatment_0002,P04,4,False,0.6221802052412818,0.06221802052412818,sentinel1,bspline,quantile
chipmean,fsc,treatment_0002,P05,5,False,0.4599345417676894,0.045993454176768936,sentinel1,bspline,quantile
chipmean,fsc,treatment_0002,P06,6,False,0.6020568495013698,0.06020568495013698,sentinel1,bspline,quantile
chipmean,fsc,treatment_0002,P07,7,False,0.7201152660242156,0.07201152660242156,sentinel1,bspline,quantile
chipmean,fsc,treatment_0002,P08,8,False,0.5180420146603982,0.05180420146603982,sentinel1,bspline,quantile
chipmean,fsc,treatment_0002,P09,9,False,0.6000862820416963,0.060008628204169634,sentinel1,bspline,quantile
chipmean,fsc,treatment_0002,P10,10,False,0.538229642563631,0.053822964256363105,sentinel1,bspline,quantile
chipmean,fsc,treatment_0002,P11,11,True,0.5720825638697867,0.05720825638697866,sentinel1,bspline,quantile
chipmean,fsc,treatment_0002,P13,12,True,0.7188274303374373,0.07188274303374372,sentinel1,bspline,quantile
chipmean,fsc,treatment_0002,P14,13,True,0.6679070858316362,0.06679070858316362,sentinel1,bspline,quantile
chipmean,fsc,treatment_0002,P16,14,True,0.6154524077976119,0.061545240779761194,sentinel1,bspline,quantile
chipmean,fsc,treatment_0002,P17,15,True,0.7270628147847519,0.07270628147847519,sentinel1,bspline,quantile
chipmean,fsc,treatment_0002,P18,16,True,0.7372871481940657,0.07372871481940657,sentinel1,bspline,quantile
chipmean,fsc,treatment_0002,P19,17,True,0.6670581315477873,0.06670581315477872,sentinel1,bspline,quantile
chipmean,fsc,treatment_0002,P20,18,True,0.818634220889141,0.0818634220889141,sentinel1,bspline,quantile
chipmean,fsc,treatment_0003,P01,1,False,0.47560755457920745,0.04756075545792074,sentinel1,bspline,quantile
chipmean,fsc,treatment_0003,P02,2,False,0.3964202115538264,0.03964202115538264,sentinel1,bspline,quantile
chipmean,fsc,treatment_0003,P03,3,False,0.4561622449762456,0.04561622449762456,sentinel1,bspline,quantile
chipmean,fsc,treatment_0003,P04,4,False,0.49708293133862835,0.04970829313386283,sentinel1,bspline,quantile
chipmean,fsc,treatment_0003,P05,5,False,0.5132696310766471,0.05132696310766472,sentinel1,bspline,quantile
chipmean,fsc,treatment_0003,P06,6,False,0.5002265297965337,0.05002265297965337,sentinel1,bspline,quantile
chipmean,fsc,treatment_0003,P07,7,False,0.44045564001119386,0.044045564001119385,sentinel1,bspline,quantile
chipmean,fsc,treatment_0003,P08,8,False,0.5281247312184275,0.05281247312184275,sentinel1,bspline,quantile
chipmean,fsc,treatment_0003,P09,9,False,0.5294656327565456,0.05294656327565456,sentinel1,bspline,quantile
chipmean,fsc,treatment_0003,P10,10,False,0.47834884786920223,0.047834884786920225,sentinel1,bspline,quantile
chipmean,fsc,treatment_0003,P11,11,True,0.41640131386026835,0.04164013138602683,sentinel1,bspline,quantile
chipmean,fsc,treatment_0003,P13,12,True,0.46772958885403015,0.04677295888540302,sentinel1,bspline,quantile
chipmean,fsc,treatment_0003,P14,13,True,0.45508487792786173,0.04550848779278618,sentinel1,bspline,quantile
chipmean,fsc,treatment_0003,P16,14,True,0.48152090800297975,0.048152090800297975,sentinel1,bspline,quantile
chipmean,fsc,treatment_0003,P17,15,True,0.40494838180609505,0.040494838180609505,sentinel1,bspline,quantile
chipmean,fsc,treatment_0003,P18,16,True,0.44712914478521576,0.044712914478521576,sentinel1,bspline,quantile
chipmean,fsc,treatment_0003,P19,17,True,0.5524207708739814,0.05524207708739815,sentinel1,bspline,quantile
chipmean,fsc,treatment_0003,P20,18,True,0.5329917215035425,0.05329917215035425,sentinel1,bspline,quantile
chipmean,fsc,treatment_0004,P01,1,False,0.5338916353247224,0.053389163532472236,sentinel1,bspline,quantile
chipmean,fsc,treatment_0004,P02,2,False,0.5966536755483103,0.05966536755483103,sentinel1,bspline,quantile
chipmean,fsc,treatment_0004,P03,3,False,0.5824321509649746,0.05824321509649746,sentinel1,bspline,quantile
chipmean,fsc,treatment_0004,P04,4,False,0.6215578478581094,0.06215578478581094,sentinel1,bspline,quantile
chipmean,fsc,treatment_0004,P05,5,False,0.6336106372615428,0.06336106372615427,sentinel1,bspline,quantile
chipmean,fsc,treatment_0004,P06,6,False,0.4678561929700762,0.04678561929700762,sentinel1,bspline,quantile
chipmean,fsc,treatment_0004,P07,7,False,0.450857262514803,0.0450857262514803,sentinel1,bspline,quantile
chipmean,fsc,treatment_0004,P08,8,False,0.552118730626912,0.0552118730626912,sentinel1,bspline,quantile
chipmean,fsc,treatment_0004,P09,9,False,0.47915268068289013,0.04791526806828901,sentinel1,bspline,quantile
chipmean,fsc,treatment_0004,P10,10,False,0.6442830078166855,0.06442830078166854,sentinel1,bspline,quantile
chipmean,fsc,treatment_0004,P11,11,True,0.6472107405159883,0.06472107405159883,sentinel1,bspline,quantile
chipmean,fsc,treatment_0004,P13,12,True,0.5300400247854674,0.053004002478546745,sentinel1,bspline,quantile
chipmean,fsc,treatment_0004,P14,13,True,0.5501024080336427,0.05501024080336428,sentinel1,bspline,quantile
chipmean,fsc,treatment_0004,P16,14,True,0.5573490571380897,0.055734905713808965,sentinel1,bspline,quantile
chipmean,fsc,treatment_0004,P17,15,True,0.6352992236120049,0.06352992236120049,sentinel1,bspline,quantile
chipmean,fsc,treatment_0004,P18,16,True,0.5615772369141614,0.05615772369141613,sentinel1,bspline,quantile
chipmean,fsc,treatment_0004,P19,17,True,0.5487744283814783,0.05487744283814783,sentinel1,bspline,quantile
chipmean,fsc,treatment_0004,P20,18,True,0.7059504974853902,0.07059504974853902,sentinel1,bspline,quantile
chipmean,fsc,treatment_0005,P01,1,False,0.6441490236191438,0.06441490236191438,sentinel1,bspline,quantile
chipmean,fsc,treatment_0005,P02,2,False,0.4803172608141035,0.04803172608141034,sentinel1,bspline,quantile
chipmean,fsc,treatment_0005,P03,3,False,0.5111135756146014,0.05111135756146013,sentinel1,bspline,quantile
chipmean,fsc,treatment_0005,P04,4,False,0.5860465493311225,0.05860465493311226,sentinel1,bspline,quantile
chipmean,fsc,treatment_0005,P05,5,False,0.5299637123586366,0.052996371235863655,sentinel1,bspline,quantile
chipmean,fsc,treatment_0005,P06,6,False,0.6323461052119945,0.06323461052119946,sentinel1,bspline,quantile
chipmean,fsc,treatment_0005,P07,7,False,0.5236360613455111,0.05236360613455111,sentinel1,bspline,quantile
chipmean,fsc,treatment_0005,P08,8,False,0.49703561847068634,0.04970356184706864,sentinel1,bspline,quantile
chipmean,fsc,treatment_0005,P09,9,False,0.5272997959237902,0.05272997959237901,sentinel1,bspline,quantile
chipmean,fsc,treatment_0005,P10,10,False,0.5531653788674814,0.05531653788674814,sentinel1,bspline,quantile
chipmean,fsc,treatment_0005,P11,11,True,0.5486502206886847,0.05486502206886847,sentinel1,bspline,quantile
chipmean,fsc,treatment_0005,P13,12,True,0.5453167298453528,0.05453167298453529,sentinel1,bspline,quantile
chipmean,fsc,treatment_0005,P14,13,True,0.493877733317277,0.049387773331727704,sentinel1,bspline,quantile
chipmean,fsc,treatment_0005,P16,14,True,0.5651343520499852,0.05651343520499852,sentinel1,bspline,quantile
chipmean,fsc,treatment_0005,P17,15,True,0.5436516266079172,0.054365162660791715,sentinel1,bspline,quantile
chipmean,fsc,treatment_0005,P18,16,True,0.5437720418230654,0.05437720418230654,sentinel1,bspline,quantile
chipmean,fsc,treatment_0005,P19,17,True,0.6734890453616175,0.06734890453616174,sentinel1,bspline,quantile
chipmean,fsc,treatment_0005,P20,18,True,0.638132081916964,0.0638132081916964,sentinel1,bspline,quantile
chipmean,fsc,treatment_0006,P01,1,False,0.5533197645199404,0.055331976451994044,sentinel1,bspline,quantile
chipmean,fsc,treatment_0006,P02,2,False,0.481995421023896,0.048199542102389595,sentinel1,bspline,quantile
chipmean,fsc,treatment_0006,P03,3,False,0.6022696620766539,0.06022696620766539,sentinel1,bspline,quantile
chipmean,fsc,treatment_0006,P04,4,False,0.5430425117856867,0.05430425117856868,sentinel1,bspline,quantile
chipmean,fsc,treatment_0006,P05,5,False,0.6503046281364102,0.06503046281364103,sentinel1,bspline,quantile
chipmean,fsc,treatment_0006,P06,6,False,0.5517292242255308,0.05517292242255308,sentinel1,bspline,quantile
chipmean,fsc,treatment_0006,P07,7,False,0.5517102280008247,0.05517102280008247,sentinel1,bspline,quantile
chipmean,fsc,treatment_0006,P08,8,False,0.4276791538738765,0.04276791538738765,sentinel1,bspline,quantile
chipmean,fsc,treatment_0006,P09,9,False,0.5356338810788961,0.053563388107889603,sentinel1,bspline,quantile
chipmean,fsc,treatment_0006,P10,10,False,0.6600275324302112,0.06600275324302111,sentinel1,bspline,quantile
chipmean,fsc,treatment_0006,P11,11,True,0.6300668111469797,0.06300668111469798,sentinel1,bspline,quantile
chipmean,fsc,treatment_0006,P13,12,True,0.5255729285809488,0.052557292858094885,sentinel1,bspline,quantile
chipmean,fsc,treatment_0006,P14,13,True,0.6218038723193016,0.06218038723193015,sentinel1,bspline,quantile
chipmean,fsc,treatment_0006,P16,14,True,0.6413913478412848,0.06413913478412847,sentinel1,bspline,quantile
chipmean,fsc,treatment_0006,P17,15,True,0.6939939941485804,0.06939939941485805,sentinel1,bspline,quantile
chipmean,fsc,treatment_0006,P18,16,True,0.5818732971869175,0.05818732971869174,sentinel1,bspline,quantile
chipmean,fsc,treatment_0006,P19,17,True,0.6373992145394937,0.06373992145394936,sentinel1,bspline,quantile
chipmean,fsc,treatment_0006,P20,18,True,0.5103999744657134,0.051039997446571346,sentinel1,bspline,quantile
chipmean,fsc,treatment_0008,P01,1,False,0.6883129908109354,0.06883129908109355,sentinel1,bspline,quantile
chipmean,fsc,treatment_0008,P02,2,False,0.5637239672605824,0.05637239672605824,sentinel1,bspline,quantile
chipmean,fsc,treatment_0008,P03,3,False,0.5920279424425552,0.059202794244255515,sentinel1,bspline,quantile
chipmean,fsc,treatment_0008,P04,4,False,0.5415818328468409,0.05415818328468408,sentinel1,bspline,quantile
chipmean,fsc,treatment_0008,P05,5,False,0.44203787153930424,0.044203787153930425,sentinel1,bspline,quantile
chipmean,fsc,treatment_0008,P06,6,False,0.6136865536068039,0.061368655360680396,sentinel1,bspline,quantile
chipmean,fsc,treatment_0008,P07,7,False,0.5928286202865689,0.05928286202865689,sentinel1,bspline,quantile
chipmean,fsc,treatment_0008,P08,8,False,0.5246577770914184,0.052465777709141834,sentinel1,bspline,quantile
chipmean,fsc,treatment_0008,P09,9,False,0.576012619337778,0.05760126193377781,sentinel1,bspline,quantile
chipmean,fsc,treatment_0008,P10,10,False,0.585080489242285,0.0585080489242285,sentinel1,bspline,quantile
chipmean,fsc,treatment_0008,P11,11,True,0.5874488670959175,0.05874488670959174,sentinel1,bspline,quantile
chipmean,fsc,treatment_0008,P13,12,True,0.502319696982179,0.0502319696982179,sentinel1,bspline,quantile
chipmean,fsc,treatment_0008,P14,13,True,0.6041261229744497,0.06041261229744497,sentinel1,bspline,quantile
chipmean,fsc,treatment_0008,P16,14,True,0.45091021553211463,0.045091021553211465,sentinel1,bspline,quantile
chipmean,fsc,treatment_0008,P17,15,True,0.4613719725466056,0.04613719725466056,sentinel1,bspline,quantile
chipmean,fsc,treatment_0008,P18,16,True,0.600667567991697,0.06006675679916969,sentinel1,bspline,quantile
chipmean,fsc,treatment_0008,P19,17,True,0.49391234447381116,0.04939123444738112,sentinel1,bspline,quantile
chipmean,fsc,treatment_0008,P20,18,True,0.5268827093050159,0.052688270930501595,sentinel1,bspline,quantile
chipmean,fsc,treatment_0009,P01,1,False,0.5055258645155947,0.050552586451559474,sentinel1,bspline,quantile
chipmean,fsc,treatment_0009,P02,2,False,0.5981848939168747,0.05981848939168747,sentinel1,bspline,quantile
chipmean,fsc,treatment_0009,P03,3,False,0.61762675755881,0.061762675755881014,sentinel1,bspline,quantile
chipmean,fsc,treatment_0009,P04,4,False,0.5499623722422252,0.05499623722422252,sentinel1,bspline,quantile
chipmean,fsc,treatment_0009,P05,5,False,0.5674052424166368,0.056740524241663676,sentinel1,bspline,quantile
chipmean,fsc,treatment_0009,P06,6,False,0.47641813979171316,0.04764181397917132,sentinel1,bspline,quantile
chipmean,fsc,treatment_0009,P07,7,False,0.49853075650895023,0.049853075650895015,sentinel1,bspline,quantile
chipmean,fsc,treatment_0009,P08,8,False,0.5934427719391794,0.05934427719391794,sentinel1,bspline,quantile
chipmean,fsc,treatment_0009,P09,9,False,0.42036201676874774,0.042036201676874774,sentinel1,bspline,quantile
chipmean,fsc,treatment_0009,P10,10,False,0.5244182523775922,0.05244182523775922,sentinel1,bspline,quantile
chipmean,fsc,treatment_0009,P11,11,True,0.4767877904654736,0.04767877904654736,sentinel1,bspline,quantile
chipmean,fsc,treatment_0009,P13,12,True,0.4857935735607905,0.04857935735607905,sentinel1,bspline,quantile
chipmean,fsc,treatment_0009,P14,13,True,0.4269379003633287,0.04269379003633287,sentinel1,bspline,quantile
chipmean,fsc,treatment_0009,P16,14,True,0.5691020893707937,0.056910208937079376,sentinel1,bspline,quantile
chipmean,fsc,treatment_0009,P17,15,True,0.509052922728745,0.0509052922728745,sentinel1,bspline,quantile
chipmean,fsc,treatment_0009,P18,16,True,0.4969250699160107,0.04969250699160107,sentinel1,bspline,quantile
chipmean,fsc,treatment_0009,P19,17,True,0.46186564906863714,0.04618656490686371,sentinel1,bspline,quantile
chipmean,fsc,treatment_0009,P20,18,True,0.483052859311294,0.0483052859311294,sentinel1,bspline,quantile
chipmean,fsc,treatment_0010,P01,1,False,0.536045159371837,0.05360451593718371,sentinel1,bspline,quantile
chipmean,fsc,treatment_0010,P02,2,False,0.4847905116925996,0.04847905116925996,sentinel1,bspline,quantile
chipmean,fsc,treatment_0010,P03,3,False,0.379347031848108,0.0379347031848108,sentinel1,bspline,quantile
chipmean,fsc,treatment_0010,P04,4,False,0.4788657362138134,0.04788657362138134,sentinel1,bspline,quantile
chipmean,fsc,treatment_0010,P05,5,False,0.6207123473272534,0.062071234732725335,sentinel1,bspline,quantile
chipmean,fsc,treatment_0010,P06,6,False,0.5598126693059844,0.055981266930598426,sentinel1,bspline,quantile
chipmean,fsc,treatment_0010,P07,7,False,0.4945054541120132,0.049450545411201315,sentinel1,bspline,quantile
chipmean,fsc,treatment_0010,P08,8,False,0.5477002543565834,0.054770025435658336,sentinel1,bspline,quantile
chipmean,fsc,treatment_0010,P09,9,False,0.4496611707898138,0.04496611707898138,sentinel1,bspline,quantile
chipmean,fsc,treatment_0010,P10,10,False,0.49525543366985175,0.04952554336698518,sentinel1,bspline,quantile
chipmean,fsc,treatment_0010,P11,11,True,0.4573996221840029,0.045739962218400286,sentinel1,bspline,quantile
chipmean,fsc,treatment_0010,P13,12,True,0.5490793121021377,0.05490793121021377,sentinel1,bspline,quantile
chipmean,fsc,treatment_0010,P14,13,True,0.5694547548138525,0.05694547548138526,sentinel1,bspline,quantile
chipmean,fsc,treatment_0010,P16,14,True,0.4685227861267211,0.04685227861267211,sentinel1,bspline,quantile
chipmean,fsc,treatment_0010,P17,15,True,0.5918229601104996,0.05918229601104996,sentinel1,bspline,quantile
chipmean,fsc,treatment_0010,P18,16,True,0.5581870632245645,0.055818706322456446,sentinel1,bspline,quantile
chipmean,fsc,treatment_0010,P19,17,True,0.4404464728691871,0.04404464728691871,sentinel1,bspline,quantile
chipmean,fsc,treatment_0010,P20,18,True,0.5046204953565884,0.050462049535658846,sentinel1,bspline,quantile
chipmean,fsc,treatment_0001,P01,1,False,0.9748680688852766,0.09748680688852765,sentinel2,covmat,quantile
chipmean,fsc,treatment_0001,P02,2,False,0.6201744756599071,0.0620174475659907,sentinel2,covmat,quantile
chipmean,fsc,treatment_0001,P03,3,False,0.005405934953054959,0.000540593495305496,sentinel2,covmat,quantile
chipmean,fsc,treatment_0001,P04,4,False,1.8897465275130563,0.18897465275130562,sentinel2,covmat,quantile
chipmean,fsc,treatment_0001,P05,5,False,1.0503169822687888,0.10503169822687888,sentinel2,covmat,quantile
chipmean,fsc,treatment_0001,P06,6,False,0.278816540204886,0.027881654020488603,sentinel2,covmat,quantile
chipmean,fsc,treatment_0001,P07,7,False,0.9488237701617904,0.09488237701617903,sentinel2,covmat,quantile
chipmean,fsc,treatment_0001,P08,8,False,0.6933174357414515,0.06933174357414516,sentinel2,covmat,quantile
chipmean,fsc,treatment_0001,P09,9,False,1.2285902070894383,0.12285902070894383,sentinel2,covmat,quantile
chipmean,fsc,treatment_0001,P10,10,False,0.8668391093787369,0.08668391093787368,sentinel2,covmat,quantile
chipmean,fsc,treatment_0001,P11,11,True,0.6850746491396736,0.06850746491396736,sentinel2,covmat,quantile
chipmean,fsc,treatment_0001,P12,12,True,0.8744632870773384,0.08744632870773385,sentinel2,covmat,quantile
chipmean,fsc,treatment_0001,P13,13,True,2.0729707598440608,0.20729707598440608,sentinel2,covmat,quantile
chipmean,fsc,treatment_0001,P14,14,True,1.8745897886919616,0.18745897886919616,sentinel2,covmat,quantile
chipmean,fsc,treatment_0001,P16,15,True,0.8333827021672117,0.08333827021672117,sentinel2,covmat,quantile
chipmean,fsc,treatment_0001,P17,16,True,2.6992123357512994,0.2699212335751299,sentinel2,covmat,quantile
chipmean,fsc,treatment_0001,P18,17,True,1.5816284168497563,0.1581628416849756,sentinel2,covmat,quantile
chipmean,fsc,treatment_0001,P19,18,True,0.8858253968984579,0.08858253968984578,sentinel2,covmat,quantile
chipmean,fsc,treatment_0001,P20,19,True,0.5829466765156353,0.05829466765156352,sentinel2,covmat,quantile
chipmean,fsc,treatment_0002,P01,1,False,1.6041378041026884,0.16041378041026882,sentinel2,covmat,quantile
chipmean,fsc,treatment_0002,P02,2,False,0.6491433448335419,0.0649143344833542,sentinel2,covmat,quantile
chipmean,fsc,treatment_0002,P03,3,False,1.0363915516519124,0.10363915516519125,sentinel2,covmat,quantile
chipmean,fsc,treatment_0002,P04,4,False,1.4060232452389896,0.14060232452389895,sentinel2,covmat,quantile
chipmean,fsc,treatment_0002,P05,5,False,1.8913755845193074,0.18913755845193075,sentinel2,covmat,quantile
chipmean,fsc,treatment_0002,P06,6,False,1.9237669423986092,0.19237669423986095,sentinel2,covmat,quantile
chipmean,fsc,treatment_0002,P07,7,False,2.213463566074136,0.2213463566074136,sentinel2,covmat,quantile
chipmean,fsc,treatment_0002,P08,8,False,0.8715702980012691,0.08715702980012692,sentinel2,covmat,quantile
chipmean,fsc,treatment_0002,P09,9,False,0.9634524533915503,0.09634524533915503,sentinel2,covmat,quantile
chipmean,fsc,treatment_0002,P10,10,False,0.911922222989809,0.0911922222989809,sentinel2,covmat,quantile
chipmean,fsc,treatment_0002,P11,11,True,0.9418492396824647,0.09418492396824647,sentinel2,covmat,quantile
chipmean,fsc,treatment_0002,P12,12,True,0.9321779634496159,0.09321779634496158,sentinel2,covmat,quantile
chipmean,fsc,treatment_0002,P13,13,True,3.5607277974300335,0.35607277974300333,sentinel2,covmat,quantile
chipmean,fsc,treatment_0002,P14,14,True,1.178890136552662,0.1178890136552662,sentinel2,covmat,quantile
chipmean,fsc,treatment_0002,P16,15,True,1.2240584458786783,0.12240584458786782,sentinel2,covmat,quantile
chipmean,fsc,treatment_0002,P17,16,True,1.4124343187466337,0.14124343187466337,sentinel2,covmat,quantile
chipmean,fsc,treatment_0002,P18,17,True,1.421417690817655,0.14214176908176554,sentinel2,covmat,quantile
chipmean,fsc,treatment_0002,P19,18,True,1.159124995031643,0.11591249950316429,sentinel2,covmat,quantile
chipmean,fsc,treatment_0002,P20,19,True,1.2659871884963094,0.12659871884963095,sentinel2,covmat,quantile
chipmean,fsc,treatment_0003,P01,1,False,0.5623262019189087,0.056232620191890875,sentinel2,covmat,quantile
chipmean,fsc,treatment_0003,P02,2,False,0.6937893391449771,0.0693789339144977,sentinel2,covmat,quantile
chipmean,fsc,treatment_0003,P03,3,False,1.355716101134945,0.1355716101134945,sentinel2,covmat,quantile
chipmean,fsc,treatment_0003,P04,4,False,1.0096592842017673,0.10096592842017672,sentinel2,covmat,quantile
chipmean,fsc,treatment_0003,P05,5,False,0.5610689592725501,0.05610689592725501,sentinel2,covmat,quantile
chipmean,fsc,treatment_0003,P06,6,False,1.4164802388660376,0.14164802388660375,sentinel2,covmat,quantile
chipmean,fsc,treatment_0003,P07,7,False,1.2940171703719217,0.12940171703719217,sentinel2,covmat,quantile
chipmean,fsc,treatment_0003,P08,8,False,1.1303036806586313,0.11303036806586313,sentinel2,covmat,quantile
chipmean,fsc,treatment_0003,P09,9,False,0.7034163409932823,0.07034163409932824,sentinel2,covmat,quantile
chipmean,fsc,treatment_0003,P10,10,False,0.591709064920207,0.0591709064920207,sentinel2,covmat,quantile
chipmean,fsc,treatment_0003,P11,11,True,0.6630998671592669,0.0663099867159267,sentinel2,covmat,quantile
chipmean,fsc,treatment_0003,P12,12,True,0.7010558913122441,0.0701055891312244,sentinel2,covmat,quantile
chipmean,fsc,treatment_0003,P13,13,True,1.1949844193413284,0.11949844193413284,sentinel2,covmat,quantile
chipmean,fsc,treatment_0003,P14,14,True,1.862913901810852,0.1862913901810852,sentinel2,covmat,quantile
chipmean,fsc,treatment_0003,P16,15,True,0.8218973214815898,0.08218973214815899,sentinel2,covmat,quantile
chipmean,fsc,treatment_0003,P17,16,True,1.8979088770519235,0.18979088770519234,sentinel2,covmat,quantile
chipmean,fsc,treatment_0003,P18,17,True,0.5556423189067402,0.055564231890674026,sentinel2,covmat,quantile
chipmean,fsc,treatment_0003,P19,18,True,0.7835615262818119,0.07835615262818117,sentinel2,covmat,quantile
chipmean,fsc,treatment_0003,P20,19,True,0.6795905588390475,0.06795905588390475,sentinel2,covmat,quantile
chipmean,fsc,treatment_0004,P01,1,False,1.1507536912902454,0.11507536912902454,sentinel2,covmat,quantile
chipmean,fsc,treatment_0004,P02,2,False,1.8003074084671464,0.18003074084671464,sentinel2,covmat,quantile
chipmean,fsc,treatment_0004,P03,3,False,2.5134793713542525,0.25134793713542525,sentinel2,covmat,quantile
chipmean,fsc,treatment_0004,P04,4,False,1.242508570887899,0.1242508570887899,sentinel2,covmat,quantile
chipmean,fsc,treatment_0004,P05,5,False,1.5496123024652635,0.15496123024652633,sentinel2,covmat,quantile
chipmean,fsc,treatment_0004,P06,6,False,1.1445068387264175,0.11445068387264175,sentinel2,covmat,quantile
chipmean,fsc,treatment_0004,P07,7,False,1.3053962125331116,0.13053962125331117,sentinel2,covmat,quantile
chipmean,fsc,treatment_0004,P08,8,False,0.8814265915843124,0.08814265915843124,sentinel2,covmat,quantile
chipmean,fsc,treatment_0004,P09,9,False,1.5318942012365986,0.15318942012365985,sentinel2,covmat,quantile
chipmean,fsc,treatment_0004,P10,10,False,1.1481483384094664,0.11481483384094664,sentinel2,covmat,quantile
chipmean,fsc,treatment_0004,P11,11,True,0.7955641810367035,0.07955641810367035,sentinel2,covmat,quantile
chipmean,fsc,treatment_0004,P12,12,True,0.8961310095416132,0.0896131009541613,sentinel2,covmat,quantile
chipmean,fsc,treatment_0004,P13,13,True,1.537664813290142,0.1537664813290142,sentinel2,covmat,quantile
chipmean,fsc,treatment_0004,P14,14,True,0.9638545274680882,0.09638545274680882,sentinel2,covmat,quantile
chipmean,fsc,treatment_0004,P16,15,True,1.8711340772229406,0.18711340772229407,sentinel2,covmat,quantile
chipmean,fsc,treatment_0004,P17,16,True,3.546246777848035,0.35462467778480355,sentinel2,covmat,quantile
chipmean,fsc,treatment_0004,P18,17,True,3.130393009896135,0.31303930098961347,sentinel2,covmat,quantile
chipmean,fsc,treatment_0004,P19,18,True,1.17648542645229,0.117648542645229,sentinel2,covmat,quantile
chipmean,fsc,treatment_0004,P20,19,True,0.8781238213317777,0.08781238213317777,sentinel2,covmat,quantile
chipmean,fsc,treatment_0005,P01,1,False,0.9956314291705621,0.0995631429170562,sentinel2,covmat,quantile
chipmean,fsc,treatment_0005,P02,2,False,1.2340813234298011,0.1234081323429801,sentinel2,covmat,quantile
chipmean,fsc,treatment_0005,P03,3,False,2.3162940174794606,0.23162940174794602,sentinel2,covmat,quantile
chipmean,fsc,treatment_0005,P04,4,False,3.071587659092835,0.30715876590928354,sentinel2,covmat,quantile
chipmean,fsc,treatment_0005,P05,5,False,1.2007029219997576,0.12007029219997575,sentinel2,covmat,quantile
chipmean,fsc,treatment_0005,P06,6,False,1.822924297092643,0.1822924297092643,sentinel2,covmat,quantile
chipmean,fsc,treatment_0005,P07,7,False,2.0938701006288185,0.20938701006288185,sentinel2,covmat,quantile
chipmean,fsc,treatment_0005,P08,8,False,1.3028159031193243,0.13028159031193243,sentinel2,covmat,quantile
chipmean,fsc,treatment_0005,P09,9,False,1.3058855710301835,0.13058855710301837,sentinel2,covmat,quantile
chipmean,fsc,treatment_0005,P10,10,False,1.3433409766697233,0.13433409766697232,sentinel2,covmat,quantile
chipmean,fsc,treatment_0005,P11,11,True,1.12820139457818,0.11282013945781799,sentinel2,covmat,quantile
chipmean,fsc,treatment_0005,P12,12,True,1.1755330205203232,0.11755330205203231,sentinel2,covmat,quantile
chipmean,fsc,treatment_0005,P13,13,True,0.9424700924083121,0.09424700924083121,sentinel2,covmat,quantile
chipmean,fsc,treatment_0005,P14,14,True,1.6439400242964837,0.16439400242964836,sentinel2,covmat,quantile
chipmean,fsc,treatment_0005,P16,15,True,1.128515834497397,0.11285158344973971,sentinel2,covmat,quantile
chipmean,fsc,treatment_0005,P17,16,True,2.0546400043280384,0.20546400043280383,sentinel2,covmat,quantile
chipmean,fsc,treatment_0005,P18,17,True,2.03734352614684,0.20373435261468398,sentinel2,covmat,quantile
chipmean,fsc,treatment_0005,P19,18,True,1.3247544213221822,0.1324754421322182,sentinel2,covmat,quantile
chipmean,fsc,treatment_0005,P20,19,True,1.2591249290572801,0.12591249290572798,sentinel2,covmat,quantile
chipmean,fsc,treatment_0006,P01,1,False,0.9070297805797887,0.09070297805797888,sentinel2,covmat,quantile
chipmean,fsc,treatment_0006,P02,2,False,0.9385062527354089,0.09385062527354089,sentinel2,covmat,quantile
chipmean,fsc,treatment_0006,P03,3,False,1.6646715799132135,0.16646715799132134,sentinel2,covmat,quantile
chipmean,fsc,treatment_0006,P04,4,False,1.0536997772704697,0.10536997772704697,sentinel2,covmat,quantile
chipmean,fsc,treatment_0006,P05,5,False,0.9723541688155016,0.09723541688155016,sentinel2,covmat,quantile
chipmean,fsc,treatment_0006,P06,6,False,0.0,0.0,sentinel2,covmat,quantile
chipmean,fsc,treatment_0006,P07,7,False,1.5458511633682246,0.15458511633682245,sentinel2,covmat,quantile
chipmean,fsc,treatment_0006,P08,8,False,0.9168624302184682,0.09168624302184683,sentinel2,covmat,quantile
chipmean,fsc,treatment_0006,P09,9,False,1.1113417965122918,0.11113417965122918,sentinel2,covmat,quantile
chipmean,fsc,treatment_0006,P10,10,False,0.7485557111824424,0.07485557111824424,sentinel2,covmat,quantile
chipmean,fsc,treatment_0006,P11,11,True,0.8863192409480315,0.08863192409480315,sentinel2,covmat,quantile
chipmean,fsc,treatment_0006,P12,12,True,0.966391689002828,0.0966391689002828,sentinel2,covmat,quantile
chipmean,fsc,treatment_0006,P13,13,True,0.1899984303602748,0.01899984303602748,sentinel2,covmat,quantile
chipmean,fsc,treatment_0006,P14,14,True,0.6139921028165686,0.06139921028165686,sentinel2,covmat,quantile
chipmean,fsc,treatment_0006,P16,15,True,0.8791107210073631,0.08791107210073631,sentinel2,covmat,quantile
chipmean,fsc,treatment_0006,P17,16,True,2.3785389918868365,0.23785389918868366,sentinel2,covmat,quantile
chipmean,fsc,treatment_0006,P18,17,True,1.365194645413979,0.13651946454139788,sentinel2,covmat,quantile
chipmean,fsc,treatment_0006,P19,18,True,1.0757420610594361,0.10757420610594362,sentinel2,covmat,quantile
chipmean,fsc,treatment_0006,P20,19,True,1.4498834430423497,0.14498834430423496,sentinel2,covmat,quantile
chipmean,fsc,treatment_0007,P01,1,False,0.905786521968469,0.0905786521968469,sentinel2,covmat,quantile
chipmean,fsc,treatment_0007,P02,2,False,0.8232292777061674,0.08232292777061674,sentinel2,covmat,quantile
chipmean,fsc,treatment_0007,P03,3,False,0.0013360568338297058,0.0001336056833829706,sentinel2,covmat,quantile
chipmean,fsc,treatment_0007,P04,4,False,0.7404555930299316,0.07404555930299316,sentinel2,covmat,quantile
chipmean,fsc,treatment_0007,P05,5,False,0.8460178457501792,0.08460178457501794,sentinel2,covmat,quantile
chipmean,fsc,treatment_0007,P06,6,False,0.78868699313374,0.07886869931337401,sentinel2,covmat,quantile
chipmean,fsc,treatment_0007,P07,7,False,1.2629047932003192,0.12629047932003193,sentinel2,covmat,quantile
chipmean,fsc,treatment_0007,P08,8,False,0.7701350312884111,0.0770135031288411,sentinel2,covmat,quantile
chipmean,fsc,treatment_0007,P09,9,False,0.7184459209323585,0.07184459209323585,sentinel2,covmat,quantile
chipmean,fsc,treatment_0007,P10,10,False,0.6978435927619994,0.06978435927619994,sentinel2,covmat,quantile
chipmean,fsc,treatment_0007,P11,11,True,0.7793987550750494,0.07793987550750495,sentinel2,covmat,quantile
chipmean,fsc,treatment_0007,P12,12,True,0.8097802819329212,0.08097802819329213,sentinel2,covmat,quantile
chipmean,fsc,treatment_0007,P13,13,True,2.8222557078993042,0.28222557078993044,sentinel2,covmat,quantile
chipmean,fsc,treatment_0007,P14,14,True,1.488818891657262,0.1488818891657262,sentinel2,covmat,quantile
chipmean,fsc,treatment_0007,P16,15,True,0.7861622768967882,0.07861622768967881,sentinel2,covmat,quantile
chipmean,fsc,treatment_0007,P17,16,True,1.0993120894143835,0.10993120894143833,sentinel2,covmat,quantile
chipmean,fsc,treatment_0007,P18,17,True,0.4769410423815743,0.04769410423815743,sentinel2,covmat,quantile
chipmean,fsc,treatment_0007,P19,18,True,0.7853485658456318,0.07853485658456318,sentinel2,covmat,quantile
chipmean,fsc,treatment_0007,P20,19,True,0.8498916255345472,0.08498916255345473,sentinel2,covmat,quantile
chipmean,fsc,treatment_0008,P01,1,False,0.9938741536221483,0.09938741536221483,sentinel2,covmat,quantile
chipmean,fsc,treatment_0008,P02,2,False,1.1346831655082752,0.11346831655082752,sentinel2,covmat,quantile
chipmean,fsc,treatment_0008,P03,3,False,4.501197953317952e-16,4.501197953317952e-17,sentinel2,covmat,quantile
chipmean,fsc,treatment_0008,P04,4,False,0.7624646954357689,0.07624646954357689,sentinel2,covmat,quantile
chipmean,fsc,treatment_0008,P05,5,False,0.746214727074667,0.07462147270746669,sentinel2,covmat,quantile
chipmean,fsc,treatment_0008,P06,6,False,2.591972566465579,0.2591972566465579,sentinel2,covmat,quantile
chipmean,fsc,treatment_0008,P07,7,False,0.6299235529092735,0.06299235529092734,sentinel2,covmat,quantile
chipmean,fsc,treatment_0008,P08,8,False,0.7294939128921469,0.07294939128921468,sentinel2,covmat,quantile
chipmean,fsc,treatment_0008,P09,9,False,0.9053047086438084,0.09053047086438083,sentinel2,covmat,quantile
chipmean,fsc,treatment_0008,P10,10,False,0.7488376432045195,0.07488376432045195,sentinel2,covmat,quantile
chipmean,fsc,treatment_0008,P11,11,True,0.7942732030083837,0.07942732030083836,sentinel2,covmat,quantile
chipmean,fsc,treatment_0008,P12,12,True,0.7402911338968555,0.07402911338968556,sentinel2,covmat,quantile
chipmean,fsc,treatment_0008,P13,13,True,3.5872115553659727,0.3587211555365973,sentinel2,covmat,quantile
chipmean,fsc,treatment_0008,P14,14,True,2.4174575648527195,0.2417457564852719,sentinel2,covmat,quantile
chipmean,fsc,treatment_0008,P16,15,True,0.7694275236124077,0.07694275236124078,sentinel2,covmat,quantile
chipmean,fsc,treatment_0008,P17,16,True,1.9461532270798103,0.19461532270798101,sentinel2,covmat,quantile
chipmean,fsc,treatment_0008,P18,17,True,1.1461992149058329,0.1146199214905833,sentinel2,covmat,quantile
chipmean,fsc,treatment_0008,P19,18,True,0.9833603887288078,0.09833603887288078,sentinel2,covmat,quantile
chipmean,fsc,treatment_0008,P20,19,True,0.9174374100810216,0.09174374100810218,sentinel2,covmat,quantile
chipmean,fsc,treatment_0009,P01,1,False,0.9884819917434313,0.09884819917434312,sentinel2,covmat,quantile
chipmean,fsc,treatment_0009,P02,2,False,0.9537289320085918,0.09537289320085916,sentinel2,covmat,quantile
chipmean,fsc,treatment_0009,P03,3,False,0.7918568624088337,0.07918568624088336,sentinel2,covmat,quantile
chipmean,fsc,treatment_0009,P04,4,False,0.9025500707560794,0.09025500707560793,sentinel2,covmat,quantile
chipmean,fsc,treatment_0009,P05,5,False,0.9550711562587986,0.09550711562587984,sentinel2,covmat,quantile
chipmean,fsc,treatment_0009,P06,6,False,2.168014045845407,0.2168014045845407,sentinel2,covmat,quantile
chipmean,fsc,treatment_0009,P07,7,False,0.8097089037105887,0.08097089037105887,sentinel2,covmat,quantile
chipmean,fsc,treatment_0009,P08,8,False,0.698021479210923,0.06980214792109231,sentinel2,covmat,quantile
chipmean,fsc,treatment_0009,P09,9,False,1.0662043220626978,0.10662043220626978,sentinel2,covmat,quantile
chipmean,fsc,treatment_0009,P10,10,False,0.8507471611095184,0.08507471611095184,sentinel2,covmat,quantile
chipmean,fsc,treatment_0009,P11,11,True,0.9325633432823831,0.09325633432823831,sentinel2,covmat,quantile
chipmean,fsc,treatment_0009,P12,12,True,0.9151436021053673,0.09151436021053672,sentinel2,covmat,quantile
chipmean,fsc,treatment_0009,P13,13,True,3.876317453354588,0.3876317453354588,sentinel2,covmat,quantile
chipmean,fsc,treatment_0009,P14,14,True,0.8750452937319865,0.08750452937319864,sentinel2,covmat,quantile
chipmean,fsc,treatment_0009,P16,15,True,0.893594493254724,0.08935944932547239,sentinel2,covmat,quantile
chipmean,fsc,treatment_0009,P17,16,True,3.5077288463645147,0.35077288463645145,sentinel2,covmat,quantile
chipmean,fsc,treatment_0009,P18,17,True,1.008628824136293,0.10086288241362931,sentinel2,covmat,quantile
chipmean,fsc,treatment_0009,P19,18,True,1.2678585656264496,0.12678585656264496,sentinel2,covmat,quantile
chipmean,fsc,treatment_0009,P20,19,True,1.0679974646063086,0.10679974646063085,sentinel2,covmat,quantile
chipmean,fsc,treatment_0010,P01,1,False,1.1852173509312542,0.11852173509312543,sentinel2,covmat,quantile
chipmean,fsc,treatment_0010,P02,2,False,3.874914898243573,0.38749148982435727,sentinel2,covmat,quantile
chipmean,fsc,treatment_0010,P03,3,False,0.5862713865679455,0.05862713865679456,sentinel2,covmat,quantile
chipmean,fsc,treatment_0010,P04,4,False,0.9970888706963762,0.09970888706963764,sentinel2,covmat,quantile
chipmean,fsc,treatment_0010,P05,5,False,0.6539008711508831,0.06539008711508831,sentinel2,covmat,quantile
chipmean,fsc,treatment_0010,P06,6,False,1.5080226195376432,0.15080226195376434,sentinel2,covmat,quantile
chipmean,fsc,treatment_0010,P07,7,False,0.7521726084427327,0.07521726084427327,sentinel2,covmat,quantile
chipmean,fsc,treatment_0010,P08,8,False,0.7400143620548126,0.07400143620548127,sentinel2,covmat,quantile
chipmean,fsc,treatment_0010,P09,9,False,1.8549445910800417,0.18549445910800416,sentinel2,covmat,quantile
chipmean,fsc,treatment_0010,P10,10,False,0.7008754717517298,0.07008754717517299,sentinel2,covmat,quantile
chipmean,fsc,treatment_0010,P11,11,True,0.7616333596172076,0.07616333596172077,sentinel2,covmat,quantile
chipmean,fsc,treatment_0010,P12,12,True,0.7910893221239026,0.07910893221239025,sentinel2,covmat,quantile
chipmean,fsc,treatment_0010,P13,13,True,3.074001086297008,0.3074001086297008,sentinel2,covmat,quantile
chipmean,fsc,treatment_0010,P14,14,True,1.6763521792380927,0.16763521792380925,sentinel2,covmat,quantile
chipmean,fsc,treatment_0010,P16,15,True,0.8710564124208313,0.08710564124208313,sentinel2,covmat,quantile
chipmean,fsc,treatment_0010,P17,16,True,2.1947318595603855,0.21947318595603857,sentinel2,covmat,quantile
chipmean,fsc,treatment_0010,P18,17,True,0.9700084187980815,0.09700084187980815,sentinel2,covmat,quantile
chipmean,fsc,treatment_0010,P19,18,True,1.11211993910734,0.11121199391073398,sentinel2,covmat,quantile
chipmean,fsc,treatment_0010,P20,19,True,0.7331067374687259,0.07331067374687258,sentinel2,covmat,quantile
chipmean,fsc,treatment_0001,P01,1,False,0.12127529880282299,0.054235962422942215,sentinel2,covmat,chip_mean
chipmean,fsc,treatment_0001,P02,2,False,0.02274486804473765,0.010171814217459222,sentinel2,covmat,chip_mean
chipmean,fsc,treatment_0001,P03,3,False,0.00012088648196254841,5.4062078245812084e-05,sentinel2,covmat,chip_mean
chipmean,fsc,treatment_0001,P04,4,False,0.11860327908883152,0.05304099887940132,sentinel2,covmat,chip_mean
chipmean,fsc,treatment_0001,P05,5,False,0.12932724418844707,0.05783690186961646,sentinel2,covmat,chip_mean
chipmean,fsc,treatment_0001,P06,6,False,0.009969864814156123,0.00445865909018728,sentinel2,covmat,chip_mean
chipmean,fsc,treatment_0001,P07,7,False,0.12751015134241644,0.057024273244585845,sentinel2,covmat,chip_mean
chipmean,fsc,treatment_0001,P08,8,False,0.044960640099822924,0.0201070095150214,sentinel2,covmat,chip_mean
chipmean,fsc,treatment_0001,P09,9,False,0.0603016136566014,0.02696770145781808,sentinel2,covmat,chip_mean
chipmean,fsc,treatment_0001,P10,10,False,0.09006108533431681,0.040276541786988355,sentinel2,covmat,chip_mean
chipmean,fsc,treatment_0001,P11,11,True,0.07533080958632891,0.03368896220702485,sentinel2,covmat,chip_mean
chipmean,fsc,treatment_0001,P12,12,True,0.09192254703071495,0.041109012765120016,sentinel2,covmat,chip_mean
chipmean,fsc,treatment_0001,P13,13,True,0.3743460476913772,0.16741264194925953,sentinel2,covmat,chip_mean
chipmean,fsc,treatment_0001,P14,14,True,0.3221237216754937,0.14405810776632527,sentinel2,covmat,chip_mean
chipmean,fsc,treatment_0001,P16,15,True,0.053376205980001035,0.023870564990462615,sentinel2,covmat,chip_mean
chipmean,fsc,treatment_0001,P17,16,True,0.5364583538867472,0.23991146927768103,sentinel2,covmat,chip_mean
chipmean,fsc,treatment_0001,P18,17,True,0.29901525516962557,0.13372368737374565,sentinel2,covmat,chip_mean
chipmean,fsc,treatment_0001,P19,18,True,0.08925024063170156,0.03991392101213969,sentinel2,covmat,chip_mean
chipmean,fsc,treatment_0001,P20,19,True,0.012313304337113555,0.005506677105085778,sentinel2,covmat,chip_mean
chipmean,fsc,treatment_0002,P01,1,False,0.33664480627273996,0.15055213421961886,sentinel2,covmat,chip_mean
chipmean,fsc,treatment_0002,P02,2,False,0.059966519622381816,0.026817842849944155,sentinel2,covmat,chip_mean
chipmean,fsc,treatment_0002,P03,3,False,0.07442403104828244,0.03328343851670289,sentinel2,covmat,chip_mean
chipmean,fsc,treatment_0002,P04,4,False,0.147453798110144,0.0659433432229624,sentinel2,covmat,chip_mean
chipmean,fsc,treatment_0002,P05,5,False,0.24926739971799874,0.11147577006881142,sentinel2,covmat,chip_mean
chipmean,fsc,treatment_0002,P06,6,False,0.10369626244834361,0.04637437836943102,sentinel2,covmat,chip_mean
chipmean,fsc,treatment_0002,P07,7,False,0.39245388957151606,0.17551071502322116,sentinel2,covmat,chip_mean
chipmean,fsc,treatment_0002,P08,8,False,0.09024067199641174,0.04035685538384766,sentinel2,covmat,chip_mean
chipmean,fsc,treatment_0002,P09,9,False,0.08651778894843308,0.03869193147033528,sentinel2,covmat,chip_mean
chipmean,fsc,treatment_0002,P10,10,False,0.13661941137864136,0.06109805817773008,sentinel2,covmat,chip_mean
chipmean,fsc,treatment_0002,P11,11,True,0.13021864323150287,0.05823554764068666,sentinel2,covmat,chip_mean
chipmean,fsc,treatment_0002,P12,12,True,0.1299489862315973,0.05811495336420716,sentinel2,covmat,chip_mean
chipmean,fsc,treatment_0002,P13,13,True,0.7201452439972533,0.32205874385020616,sentinel2,covmat,chip_mean
chipmean,fsc,treatment_0002,P14,14,True,0.17264740398253858,0.07721026628876483,sentinel2,covmat,chip_mean
chipmean,fsc,treatment_0002,P16,15,True,0.19158122106821202,0.08567772670418738,sentinel2,covmat,chip_mean
chipmean,fsc,treatment_0002,P17,16,True,0.11433999984093735,0.05113440243833021,sentinel2,covmat,chip_mean
chipmean,fsc,treatment_0002,P18,17,True,0.25307466204668727,0.11317842954383575,sentinel2,covmat,chip_mean
chipmean,fsc,treatment_0002,P19,18,True,0.15743612660146192,0.07040757623902635,sentinel2,covmat,chip_mean
chipmean,fsc,treatment_0002,P20,19,True,0.21407819279605594,0.09573867831845738,sentinel2,covmat,chip_mean
chipmean,fsc,treatment_0003,P01,1,False,0.034170800830355966,0.015281646700456439,sentinel2,covmat,chip_mean
chipmean,fsc,treatment_0003,P02,2,False,0.03258354521089927,0.014571804407901697,sentinel2,covmat,chip_mean
chipmean,fsc,treatment_0003,P03,3,False,0.2685939395135938,0.12011886141937252,sentinel2,covmat,chip_mean
chipmean,fsc,treatment_0003,P04,4,False,0.07826374255081561,0.0350006097034333,sentinel2,covmat,chip_mean
chipmean,fsc,treatment_0003,P05,5,False,0.03140871284875514,0.014046403403117514,sentinel2,covmat,chip_mean
chipmean,fsc,treatment_0003,P06,6,False,0.293753693698382,0.13137064555024675,sentinel2,covmat,chip_mean
chipmean,fsc,treatment_0003,P07,7,False,0.22905865691952235,0.10243814554137091,sentinel2,covmat,chip_mean
chipmean,fsc,treatment_0003,P08,8,False,0.14749417098207263,0.06596139852017825,sentinel2,covmat,chip_mean
chipmean,fsc,treatment_0003,P09,9,False,0.05436046126802405,0.02431073733670924,sentinel2,covmat,chip_mean
chipmean,fsc,treatment_0003,P10,10,False,0.03180077465441049,0.014221738772882846,sentinel2,covmat,chip_mean
chipmean,fsc,treatment_0003,P11,11,True,0.03976209711682861,0.017782150416235435,sentinel2,covmat,chip_mean
chipmean,fsc,treatment_0003,P12,12,True,0.05297607667768528,0.023691621726509102,sentinel2,covmat,chip_mean
chipmean,fsc,treatment_0003,P13,13,True,0.1295808023741567,0.0579502965375161,sentinel2,covmat,chip_mean
chipmean,fsc,treatment_0003,P14,14,True,0.19142354723459215,0.085607212822138,sentinel2,covmat,chip_mean
chipmean,fsc,treatment_0003,P16,15,True,0.11678414291271516,0.05222745644937628,sentinel2,covmat,chip_mean
chipmean,fsc,treatment_0003,P17,16,True,0.406421169210449,0.18175707236990168,sentinel2,covmat,chip_mean
chipmean,fsc,treatment_0003,P18,17,True,0.04872261205876893,0.021789414520951664,sentinel2,covmat,chip_mean
chipmean,fsc,treatment_0003,P19,18,True,0.06135860575000579,0.02744040269232448,sentinel2,covmat,chip_mean
chipmean,fsc,treatment_0003,P20,19,True,0.07323620850717469,0.032752228127278196,sentinel2,covmat,chip_mean
chipmean,fsc,treatment_0004,P01,1,False,0.06980251727394882,0.03121663472503057,sentinel2,covmat,chip_mean
chipmean,fsc,treatment_0004,P02,2,False,0.28179953077301245,0.12602458136719993,sentinel2,covmat,chip_mean
chipmean,fsc,treatment_0004,P03,3,False,0.4532422736685214,0.20269610683987535,sentinel2,covmat,chip_mean
chipmean,fsc,treatment_0004,P04,4,False,0.21985414061131603,0.09832176070833996,sentinel2,covmat,chip_mean
chipmean,fsc,treatment_0004,P05,5,False,0.28620403703576563,0.12799433644936786,sentinel2,covmat,chip_mean
chipmean,fsc,treatment_0004,P06,6,False,0.09127373978891419,0.04081885734572789,sentinel2,covmat,chip_mean
chipmean,fsc,treatment_0004,P07,7,False,0.2062316528773656,0.09222959898918591,sentinel2,covmat,chip_mean
chipmean,fsc,treatment_0004,P08,8,False,0.09302600720445484,0.04160249515690924,sentinel2,covmat,chip_mean
chipmean,fsc,treatment_0004,P09,9,False,0.22073534523675886,0.09871584739725545,sentinel2,covmat,chip_mean
chipmean,fsc,treatment_0004,P10,10,False,0.1832870861079393,0.08196847678704193,sentinel2,covmat,chip_mean
chipmean,fsc,treatment_0004,P11,11,True,0.13222968283776906,0.05913491189369779,sentinel2,covmat,chip_mean
chipmean,fsc,treatment_0004,P12,12,True,0.14209315936411712,0.06354599269517533,sentinel2,covmat,chip_mean
chipmean,fsc,treatment_0004,P13,13,True,0.4285291499153785,0.1916440619101969,sentinel2,covmat,chip_mean
chipmean,fsc,treatment_0004,P14,14,True,0.11864635417919941,0.05306026264544123,sentinel2,covmat,chip_mean
chipmean,fsc,treatment_0004,P16,15,True,0.33839618963534634,0.15133537667030883,sentinel2,covmat,chip_mean
chipmean,fsc,treatment_0004,P17,16,True,0.9472154387673246,0.4236076220842055,sentinel2,covmat,chip_mean
chipmean,fsc,treatment_0004,P18,17,True,0.5675223729296632,0.25380372092454273,sentinel2,covmat,chip_mean
chipmean,fsc,treatment_0004,P19,18,True,0.22930571719256224,0.10254863425438228,sentinel2,covmat,chip_mean
chipmean,fsc,treatment_0004,P20,19,True,0.11172588091736907,0.04996533291545676,sentinel2,covmat,chip_mean
chipmean,fsc,treatment_0005,P01,1,False,0.10574104559704274,0.04728883319337848,sentinel2,covmat,chip_mean
chipmean,fsc,treatment_0005,P02,2,False,0.2281003779309351,0.10200959014939275,sentinel2,covmat,chip_mean
chipmean,fsc,treatment_0005,P03,3,False,0.4809919550729433,0.2151061416347252,sentinel2,covmat,chip_mean
chipmean,fsc,treatment_0005,P04,4,False,0.5413334841710071,0.24209169382063567,sentinel2,covmat,chip_mean
chipmean,fsc,treatment_0005,P05,5,False,0.22380328251981585,0.10008787066037973,sentinel2,covmat,chip_mean
chipmean,fsc,treatment_0005,P06,6,False,0.32749854288206787,0.14646180088328672,sentinel2,covmat,chip_mean
chipmean,fsc,treatment_0005,P07,7,False,0.3701378314045773,0.16553067041299824,sentinel2,covmat,chip_mean
chipmean,fsc,treatment_0005,P08,8,False,0.1891614372950982,0.0845955665026807,sentinel2,covmat,chip_mean
chipmean,fsc,treatment_0005,P09,9,False,0.1978559493107851,0.08848387048233362,sentinel2,covmat,chip_mean
chipmean,fsc,treatment_0005,P10,10,False,0.22850559107442203,0.10219080697623537,sentinel2,covmat,chip_mean
chipmean,fsc,treatment_0005,P11,11,True,0.18359114792563125,0.0821044573657862,sentinel2,covmat,chip_mean
chipmean,fsc,treatment_0005,P12,12,True,0.1871135662092775,0.08367973071127043,sentinel2,covmat,chip_mean
chipmean,fsc,treatment_0005,P13,13,True,1.3597399555105182e-16,6.080941944488117e-17,sentinel2,covmat,chip_mean
chipmean,fsc,treatment_0005,P14,14,True,0.20318779088443592,0.09086834252312216,sentinel2,covmat,chip_mean
chipmean,fsc,treatment_0005,P16,15,True,0.24992097455593454,0.11176805762201299,sentinel2,covmat,chip_mean
chipmean,fsc,treatment_0005,P17,16,True,0.5306964926027252,0.23733468657608156,sentinel2,covmat,chip_mean
chipmean,fsc,treatment_0005,P18,17,True,0.4912440520384094,0.2196910187800655,sentinel2,covmat,chip_mean
chipmean,fsc,treatment_0005,P19,18,True,0.24948251870480023,0.11157197420435923,sentinel2,covmat,chip_mean
chipmean,fsc,treatment_0005,P20,19,True,0.1949124465773301,0.08716749604154127,sentinel2,covmat,chip_mean
chipmean,fsc,treatment_0006,P01,1,False,0.10380642081546558,0.04642364268886604,sentinel2,covmat,chip_mean
chipmean,fsc,treatment_0006,P02,2,False,0.10634633723536097,0.04755952784327684,sentinel2,covmat,chip_mean
chipmean,fsc,treatment_0006,P03,3,False,0.20045543343509814,0.08964639512401272,sentinel2,covmat,chip_mean
chipmean,fsc,treatment_0006,P04,4,False,0.11444747226523494,0.051182465567617436,sentinel2,covmat,chip_mean
chipmean,fsc,treatment_0006,P05,5,False,0.08583503895228599,0.038386596389730764,sentinel2,covmat,chip_mean
chipmean,fsc,treatment_0006,P06,6,False,0.05783976764565313,0.025866730451694672,sentinel2,covmat,chip_mean
chipmean,fsc,treatment_0006,P07,7,False,0.17027909518994067,0.07615112639837296,sentinel2,covmat,chip_mean
chipmean,fsc,treatment_0006,P08,8,False,0.09892968760938799,0.04424270129748204,sentinel2,covmat,chip_mean
chipmean,fsc,treatment_0006,P09,9,False,0.09591519664972585,0.04289457995680942,sentinel2,covmat,chip_mean
chipmean,fsc,treatment_0006,P10,10,False,0.07358879660312975,0.03290991031740075,sentinel2,covmat,chip_mean
chipmean,fsc,treatment_0006,P11,11,True,0.12557426000464303,0.05615851631892297,sentinel2,covmat,chip_mean
chipmean,fsc,treatment_0006,P12,12,True,0.12663528731678717,0.056633022158110606,sentinel2,covmat,chip_mean
chipmean,fsc,treatment_0006,P13,13,True,0.0,0.0,sentinel2,covmat,chip_mean
chipmean,fsc,treatment_0006,P14,14,True,0.019382204066273986,0.008667985169192295,sentinel2,covmat,chip_mean
chipmean,fsc,treatment_0006,P16,15,True,0.10858451816437621,0.04856047278392118,sentinel2,covmat,chip_mean
chipmean,fsc,treatment_0006,P17,16,True,0.5124563054629144,0.2291774269026947,sentinel2,covmat,chip_mean
chipmean,fsc,treatment_0006,P18,17,True,0.16890173132010242,0.07553515054983086,sentinel2,covmat,chip_mean
chipmean,fsc,treatment_0006,P19,18,True,0.15871583263474426,0.07097987817535355,sentinel2,covmat,chip_mean
chipmean,fsc,treatment_0006,P20,19,True,0.20729719029112584,0.09270612180713336,sentinel2,covmat,chip_mean
chipmean,fsc,treatment_0007,P01,1,False,0.08634390806843255,0.03861416957680155,sentinel2,covmat,chip_mean
chipmean,fsc,treatment_0007,P02,2,False,0.0400917574538615,0.01792957900085364,sentinel2,covmat,chip_mean
chipmean,fsc,treatment_0007,P03,3,False,5.551115123125783e-17,2.482534153247273e-17,sentinel2,covmat,chip_mean
chipmean,fsc,treatment_0007,P04,4,False,0.03160273961862872,0.014133174812495921,sentinel2,covmat,chip_mean
chipmean,fsc,treatment_0007,P05,5,False,0.032962915262343795,0.014741463852633207,sentinel2,covmat,chip_mean
chipmean,fsc,treatment_0007,P06,6,False,0.07020437682922172,0.03139635178163018,sentinel2,covmat,chip_mean
chipmean,fsc,treatment_0007,P07,7,False,0.14516381073734472,0.06491922973632333,sentinel2,covmat,chip_mean
chipmean,fsc,treatment_0007,P08,8,False,0.08963763237159204,0.0400871678650031,sentinel2,covmat,chip_mean
chipmean,fsc,treatment_0007,P09,9,False,0.05172831273687624,0.023133604728204693,sentinel2,covmat,chip_mean
chipmean,fsc,treatment_0007,P10,10,False,0.08601889167772774,0.038468817828118035,sentinel2,covmat,chip_mean
chipmean,fsc,treatment_0007,P11,11,True,0.08341349678307751,0.03730364980958427,sentinel2,covmat,chip_mean
chipmean,fsc,treatment_0007,P12,12,True,0.07664353056177406,0.03427602887434189,sentinel2,covmat,chip_mean
chipmean,fsc,treatment_0007,P13,13,True,0.5854172285910523,0.26180654366582523,sentinel2,covmat,chip_mean
chipmean,fsc,treatment_0007,P14,14,True,0.30449530205378544,0.1361744388443191,sentinel2,covmat,chip_mean
chipmean,fsc,treatment_0007,P16,15,True,0.04747459632476435,0.021231284917306956,sentinel2,covmat,chip_mean
chipmean,fsc,treatment_0007,P17,16,True,0.14871566702379355,0.06650766815688525,sentinel2,covmat,chip_mean
chipmean,fsc,treatment_0007,P18,17,True,0.033001256018153326,0.014758610359892973,sentinel2,covmat,chip_mean
chipmean,fsc,treatment_0007,P19,18,True,0.04996696843917877,0.02234590761191806,sentinel2,covmat,chip_mean
chipmean,fsc,treatment_0007,P20,19,True,0.07066821525320419,0.03160378663095041,sentinel2,covmat,chip_mean
chipmean,fsc,treatment_0008,P01,1,False,0.07731083424464892,0.034574456153650714,sentinel2,covmat,chip_mean
chipmean,fsc,treatment_0008,P02,2,False,0.20630698094756164,0.09226328672630035,sentinel2,covmat,chip_mean
chipmean,fsc,treatment_0008,P03,3,False,0.00012088648196239575,5.406207824574382e-05,sentinel2,covmat,chip_mean
chipmean,fsc,treatment_0008,P04,4,False,0.058403771299412474,0.026118960553567504,sentinel2,covmat,chip_mean
chipmean,fsc,treatment_0008,P05,5,False,0.07168150952864621,0.03205694560717037,sentinel2,covmat,chip_mean
chipmean,fsc,treatment_0008,P06,6,False,0.500131593374141,0.22366564809597256,sentinel2,covmat,chip_mean
chipmean,fsc,treatment_0008,P07,7,False,0.02227726295747189,0.00996269486510903,sentinel2,covmat,chip_mean
chipmean,fsc,treatment_0008,P08,8,False,0.059788320834463046,0.026738149929285263,sentinel2,covmat,chip_mean
chipmean,fsc,treatment_0008,P09,9,False,0.1033929502061676,0.04623873301104833,sentinel2,covmat,chip_mean
chipmean,fsc,treatment_0008,P10,10,False,0.06649964164399479,0.02973954383906964,sentinel2,covmat,chip_mean
chipmean,fsc,treatment_0008,P11,11,True,0.10423522092041297,0.04661540792555032,sentinel2,covmat,chip_mean
chipmean,fsc,treatment_0008,P12,12,True,0.05394559518460282,0.024125203583891443,sentinel2,covmat,chip_mean
chipmean,fsc,treatment_0008,P13,13,True,0.6570692716371986,0.2938503114614101,sentinel2,covmat,chip_mean
chipmean,fsc,treatment_0008,P14,14,True,0.38398519105368006,0.17172339790985452,sentinel2,covmat,chip_mean
chipmean,fsc,treatment_0008,P16,15,True,0.060650778722982294,0.02712385282257726,sentinel2,covmat,chip_mean
chipmean,fsc,treatment_0008,P17,16,True,0.37085524045321666,0.16585150549308447,sentinel2,covmat,chip_mean
chipmean,fsc,treatment_0008,P18,17,True,0.1440535313181613,0.06442269768526071,sentinel2,covmat,chip_mean
chipmean,fsc,treatment_0008,P19,18,True,0.1388369480685707,0.06208977073398644,sentinel2,covmat,chip_mean
chipmean,fsc,treatment_0008,P20,19,True,0.12557116776263727,0.056157133426257416,sentinel2,covmat,chip_mean
chipmean,fsc,treatment_0009,P01,1,False,0.10543330645581982,0.04715120806555611,sentinel2,covmat,chip_mean
chipmean,fsc,treatment_0009,P02,2,False,0.06058719265733937,0.02709541626953739,sentinel2,covmat,chip_mean
chipmean,fsc,treatment_0009,P03,3,False,0.09496943305224088,0.04247162161788519,sentinel2,covmat,chip_mean
chipmean,fsc,treatment_0009,P04,4,False,0.058314742039770405,0.026079145458258273,sentinel2,covmat,chip_mean
chipmean,fsc,treatment_0009,P05,5,False,0.13089168018942654,0.05853653891854406,sentinel2,covmat,chip_mean
chipmean,fsc,treatment_0009,P06,6,False,0.4304872709931748,0.19251976027782244,sentinel2,covmat,chip_mean
chipmean,fsc,treatment_0009,P07,7,False,0.07330603540137802,0.03278345566369747,sentinel2,covmat,chip_mean
chipmean,fsc,treatment_0009,P08,8,False,0.08321945712684352,0.037216872637250285,sentinel2,covmat,chip_mean
chipmean,fsc,treatment_0009,P09,9,False,0.13283008674360192,0.059403420683177506,sentinel2,covmat,chip_mean
chipmean,fsc,treatment_0009,P10,10,False,0.09987067876504203,0.04466352533553575,sentinel2,covmat,chip_mean
chipmean,fsc,treatment_0009,P11,11,True,0.10990504357339828,0.04915102970003899,sentinel2,covmat,chip_mean
chipmean,fsc,treatment_0009,P12,12,True,0.10188530570536107,0.0455644938931069,sentinel2,covmat,chip_mean
chipmean,fsc,treatment_0009,P13,13,True,0.9096513484206251,0.40680845017857276,sentinel2,covmat,chip_mean
chipmean,fsc,treatment_0009,P14,14,True,0.07736952605071755,0.03460070392726906,sentinel2,covmat,chip_mean
chipmean,fsc,treatment_0009,P16,15,True,0.1826512368506529,0.0816841163544949,sentinel2,covmat,chip_mean
chipmean,fsc,treatment_0009,P17,16,True,0.6690773470541771,0.29922048604367174,sentinel2,covmat,chip_mean
chipmean,fsc,treatment_0009,P18,17,True,0.10401467565687933,0.04651677708527495,sentinel2,covmat,chip_mean
chipmean,fsc,treatment_0009,P19,18,True,0.13366886600872008,0.05977853417416182,sentinel2,covmat,chip_mean
chipmean,fsc,treatment_0009,P20,19,True,0.10707099395965028,0.04788360418244948,sentinel2,covmat,chip_mean
chipmean,fsc,treatment_0010,P01,1,False,0.08221369265655454,0.03676708109226624,sentinel2,covmat,chip_mean
chipmean,fsc,treatment_0010,P02,2,False,0.796837857212812,0.35635672315462374,sentinel2,covmat,chip_mean
chipmean,fsc,treatment_0010,P03,3,False,0.003478389882789626,0.001555583246033026,sentinel2,covmat,chip_mean
chipmean,fsc,treatment_0010,P04,4,False,0.03567758807090137,0.015955502439954212,sentinel2,covmat,chip_mean
chipmean,fsc,treatment_0010,P05,5,False,0.0508216662237957,0.022728140081242444,sentinel2,covmat,chip_mean
chipmean,fsc,treatment_0010,P06,6,False,0.29554113858164166,0.1321700152032473,sentinel2,covmat,chip_mean
chipmean,fsc,treatment_0010,P07,7,False,0.08983631773685023,0.040176022661573434,sentinel2,covmat,chip_mean
chipmean,fsc,treatment_0010,P08,8,False,0.08496512226641138,0.03799755782085537,sentinel2,covmat,chip_mean
chipmean,fsc,treatment_0010,P09,9,False,0.231340320709374,0.10345853660855252,sentinel2,covmat,chip_mean
chipmean,fsc,treatment_0010,P10,10,False,0.04090301943332355,0.018292386387581277,sentinel2,covmat,chip_mean
chipmean,fsc,treatment_0010,P11,11,True,0.1070736418143602,0.04788478833907467,sentinel2,covmat,chip_mean
chipmean,fsc,treatment_0010,P12,12,True,0.09679321858482785,0.043287243303334215,sentinel2,covmat,chip_mean
chipmean,fsc,treatment_0010,P13,13,True,0.5414224763056276,0.24213149231313047,sentinel2,covmat,chip_mean
chipmean,fsc,treatment_0010,P14,14,True,0.21565763661532744,0.09644502706776396,sentinel2,covmat,chip_mean
chipmean,fsc,treatment_0010,P16,15,True,0.08361467204226074,0.03739361812056924,sentinel2,covmat,chip_mean
chipmean,fsc,treatment_0010,P17,16,True,0.21983282365798418,0.09831222747699532,sentinel2,covmat,chip_mean
chipmean,fsc,treatment_0010,P18,17,True,0.14152801235880746,0.06329325127094476,sentinel2,covmat,chip_mean
chipmean,fsc,treatment_0010,P19,18,True,0.1361528665717403,0.060889412997174014,sentinel2,covmat,chip_mean
chipmean,fsc,treatment_0010,P20,19,True,0.07896699979628533,0.03531511590474121,sentinel2,covmat,chip_mean
chipmean,fsc,treatment_0001,P01,1,False,0.9748680688852766,0.09748680688852765,sentinel2,bspline,quantile
chipmean,fsc,treatment_0001,P02,2,False,0.6201744756599071,0.0620174475659907,sentinel2,bspline,quantile
chipmean,fsc,treatment_0001,P03,3,False,0.005405934953054959,0.000540593495305496,sentinel2,bspline,quantile
chipmean,fsc,treatment_0001,P04,4,False,1.8897465275130563,0.18897465275130562,sentinel2,bspline,quantile
chipmean,fsc,treatment_0001,P05,5,False,1.0503169822687888,0.10503169822687888,sentinel2,bspline,quantile
chipmean,fsc,treatment_0001,P06,6,False,0.278816540204886,0.027881654020488603,sentinel2,bspline,quantile
chipmean,fsc,treatment_0001,P07,7,False,0.9488237701617904,0.09488237701617903,sentinel2,bspline,quantile
chipmean,fsc,treatment_0001,P08,8,False,0.6933174357414515,0.06933174357414516,sentinel2,bspline,quantile
chipmean,fsc,treatment_0001,P09,9,False,1.2285902070894383,0.12285902070894383,sentinel2,bspline,quantile
chipmean,fsc,treatment_0001,P10,10,False,0.8668391093787369,0.08668391093787368,sentinel2,bspline,quantile
chipmean,fsc,treatment_0001,P11,11,True,0.6850746491396736,0.06850746491396736,sentinel2,bspline,quantile
chipmean,fsc,treatment_0001,P12,12,True,0.8744632870773384,0.08744632870773385,sentinel2,bspline,quantile
chipmean,fsc,treatment_0001,P13,13,True,2.0729707598440608,0.20729707598440608,sentinel2,bspline,quantile
chipmean,fsc,treatment_0001,P14,14,True,1.8745897886919616,0.18745897886919616,sentinel2,bspline,quantile
chipmean,fsc,treatment_0001,P16,15,True,0.8333827021672117,0.08333827021672117,sentinel2,bspline,quantile
chipmean,fsc,treatment_0001,P17,16,True,2.6992123357512994,0.2699212335751299,sentinel2,bspline,quantile
chipmean,fsc,treatment_0001,P18,17,True,1.5816284168497563,0.1581628416849756,sentinel2,bspline,quantile
chipmean,fsc,treatment_0001,P19,18,True,0.8858253968984579,0.08858253968984578,sentinel2,bspline,quantile
chipmean,fsc,treatment_0001,P20,19,True,0.5829466765156353,0.05829466765156352,sentinel2,bspline,quantile
chipmean,fsc,treatment_0002,P01,1,False,1.6041378041026884,0.16041378041026882,sentinel2,bspline,quantile
chipmean,fsc,treatment_0002,P02,2,False,0.6491433448335419,0.0649143344833542,sentinel2,bspline,quantile
chipmean,fsc,treatment_0002,P03,3,False,1.0363915516519124,0.10363915516519125,sentinel2,bspline,quantile
chipmean,fsc,treatment_0002,P04,4,False,1.4060232452389896,0.14060232452389895,sentinel2,bspline,quantile
chipmean,fsc,treatment_0002,P05,5,False,1.8913755845193074,0.18913755845193075,sentinel2,bspline,quantile
chipmean,fsc,treatment_0002,P06,6,False,1.9237669423986092,0.19237669423986095,sentinel2,bspline,quantile
chipmean,fsc,treatment_0002,P07,7,False,2.213463566074136,0.2213463566074136,sentinel2,bspline,quantile
chipmean,fsc,treatment_0002,P08,8,False,0.8715702980012691,0.08715702980012692,sentinel2,bspline,quantile
chipmean,fsc,treatment_0002,P09,9,False,0.9634524533915503,0.09634524533915503,sentinel2,bspline,quantile
chipmean,fsc,treatment_0002,P10,10,False,0.911922222989809,0.0911922222989809,sentinel2,bspline,quantile
chipmean,fsc,treatment_0002,P11,11,True,0.9418492396824647,0.09418492396824647,sentinel2,bspline,quantile
chipmean,fsc,treatment_0002,P12,12,True,0.9321779634496159,0.09321779634496158,sentinel2,bspline,quantile
chipmean,fsc,treatment_0002,P13,13,True,3.5607277974300335,0.35607277974300333,sentinel2,bspline,quantile
chipmean,fsc,treatment_0002,P14,14,True,1.178890136552662,0.1178890136552662,sentinel2,bspline,quantile
chipmean,fsc,treatment_0002,P16,15,True,1.2240584458786783,0.12240584458786782,sentinel2,bspline,quantile
chipmean,fsc,treatment_0002,P17,16,True,1.4124343187466337,0.14124343187466337,sentinel2,bspline,quantile
chipmean,fsc,treatment_0002,P18,17,True,1.421417690817655,0.14214176908176554,sentinel2,bspline,quantile
chipmean,fsc,treatment_0002,P19,18,True,1.159124995031643,0.11591249950316429,sentinel2,bspline,quantile
chipmean,fsc,treatment_0002,P20,19,True,1.2659871884963094,0.12659871884963095,sentinel2,bspline,quantile
chipmean,fsc,treatment_0003,P01,1,False,0.5623262019189087,0.056232620191890875,sentinel2,bspline,quantile
chipmean,fsc,treatment_0003,P02,2,False,0.6937893391449771,0.0693789339144977,sentinel2,bspline,quantile
chipmean,fsc,treatment_0003,P03,3,False,1.355716101134945,0.1355716101134945,sentinel2,bspline,quantile
chipmean,fsc,treatment_0003,P04,4,False,1.0096592842017673,0.10096592842017672,sentinel2,bspline,quantile
chipmean,fsc,treatment_0003,P05,5,False,0.5610689592725501,0.05610689592725501,sentinel2,bspline,quantile
chipmean,fsc,treatment_0003,P06,6,False,1.4164802388660376,0.14164802388660375,sentinel2,bspline,quantile
chipmean,fsc,treatment_0003,P07,7,False,1.2940171703719217,0.12940171703719217,sentinel2,bspline,quantile
chipmean,fsc,treatment_0003,P08,8,False,1.1303036806586313,0.11303036806586313,sentinel2,bspline,quantile
chipmean,fsc,treatment_0003,P09,9,False,0.7034163409932823,0.07034163409932824,sentinel2,bspline,quantile
chipmean,fsc,treatment_0003,P10,10,False,0.591709064920207,0.0591709064920207,sentinel2,bspline,quantile
chipmean,fsc,treatment_0003,P11,11,True,0.6630998671592669,0.0663099867159267,sentinel2,bspline,quantile
chipmean,fsc,treatment_0003,P12,12,True,0.7010558913122441,0.0701055891312244,sentinel2,bspline,quantile
chipmean,fsc,treatment_0003,P13,13,True,1.1949844193413284,0.11949844193413284,sentinel2,bspline,quantile
chipmean,fsc,treatment_0003,P14,14,True,1.862913901810852,0.1862913901810852,sentinel2,bspline,quantile
chipmean,fsc,treatment_0003,P16,15,True,0.8218973214815898,0.08218973214815899,sentinel2,bspline,quantile
chipmean,fsc,treatment_0003,P17,16,True,1.8979088770519235,0.18979088770519234,sentinel2,bspline,quantile
chipmean,fsc,treatment_0003,P18,17,True,0.5556423189067402,0.055564231890674026,sentinel2,bspline,quantile
chipmean,fsc,treatment_0003,P19,18,True,0.7835615262818119,0.07835615262818117,sentinel2,bspline,quantile
chipmean,fsc,treatment_0003,P20,19,True,0.6795905588390475,0.06795905588390475,sentinel2,bspline,quantile
chipmean,fsc,treatment_0004,P01,1,False,1.1507536912902454,0.11507536912902454,sentinel2,bspline,quantile
chipmean,fsc,treatment_0004,P02,2,False,1.8003074084671464,0.18003074084671464,sentinel2,bspline,quantile
chipmean,fsc,treatment_0004,P03,3,False,2.5134793713542525,0.25134793713542525,sentinel2,bspline,quantile
chipmean,fsc,treatment_0004,P04,4,False,1.242508570887899,0.1242508570887899,sentinel2,bspline,quantile
chipmean,fsc,treatment_0004,P05,5,False,1.5496123024652635,0.15496123024652633,sentinel2,bspline,quantile
chipmean,fsc,treatment_0004,P06,6,False,1.1445068387264175,0.11445068387264175,sentinel2,bspline,quantile
chipmean,fsc,treatment_0004,P07,7,False,1.3053962125331116,0.13053962125331117,sentinel2,bspline,quantile
chipmean,fsc,treatment_0004,P08,8,False,0.8814265915843124,0.08814265915843124,sentinel2,bspline,quantile
chipmean,fsc,treatment_0004,P09,9,False,1.5318942012365986,0.15318942012365985,sentinel2,bspline,quantile
chipmean,fsc,treatment_0004,P10,10,False,1.1481483384094664,0.11481483384094664,sentinel2,bspline,quantile
chipmean,fsc,treatment_0004,P11,11,True,0.7955641810367035,0.07955641810367035,sentinel2,bspline,quantile
chipmean,fsc,treatment_0004,P12,12,True,0.8961310095416132,0.0896131009541613,sentinel2,bspline,quantile
chipmean,fsc,treatment_0004,P13,13,True,1.537664813290142,0.1537664813290142,sentinel2,bspline,quantile
chipmean,fsc,treatment_0004,P14,14,True,0.9638545274680882,0.09638545274680882,sentinel2,bspline,quantile
chipmean,fsc,treatment_0004,P16,15,True,1.8711340772229406,0.18711340772229407,sentinel2,bspline,quantile
chipmean,fsc,treatment_0004,P17,16,True,3.546246777848035,0.35462467778480355,sentinel2,bspline,quantile
chipmean,fsc,treatment_0004,P18,17,True,3.130393009896135,0.31303930098961347,sentinel2,bspline,quantile
chipmean,fsc,treatment_0004,P19,18,True,1.17648542645229,0.117648542645229,sentinel2,bspline,quantile
chipmean,fsc,treatment_0004,P20,19,True,0.8781238213317777,0.08781238213317777,sentinel2,bspline,quantile
chipmean,fsc,treatment_0005,P01,1,False,0.9956314291705621,0.0995631429170562,sentinel2,bspline,quantile
chipmean,fsc,treatment_0005,P02,2,False,1.2340813234298011,0.1234081323429801,sentinel2,bspline,quantile
chipmean,fsc,treatment_0005,P03,3,False,2.3162940174794606,0.23162940174794602,sentinel2,bspline,quantile
chipmean,fsc,treatment_0005,P04,4,False,3.071587659092835,0.30715876590928354,sentinel2,bspline,quantile
chipmean,fsc,treatment_0005,P05,5,False,1.2007029219997576,0.12007029219997575,sentinel2,bspline,quantile
chipmean,fsc,treatment_0005,P06,6,False,1.822924297092643,0.1822924297092643,sentinel2,bspline,quantile
chipmean,fsc,treatment_0005,P07,7,False,2.0938701006288185,0.20938701006288185,sentinel2,bspline,quantile
chipmean,fsc,treatment_0005,P08,8,False,1.3028159031193243,0.13028159031193243,sentinel2,bspline,quantile
chipmean,fsc,treatment_0005,P09,9,False,1.3058855710301835,0.13058855710301837,sentinel2,bspline,quantile
chipmean,fsc,treatment_0005,P10,10,False,1.3433409766697233,0.13433409766697232,sentinel2,bspline,quantile
chipmean,fsc,treatment_0005,P11,11,True,1.12820139457818,0.11282013945781799,sentinel2,bspline,quantile
chipmean,fsc,treatment_0005,P12,12,True,1.1755330205203232,0.11755330205203231,sentinel2,bspline,quantile
chipmean,fsc,treatment_0005,P13,13,True,0.9424700924083121,0.09424700924083121,sentinel2,bspline,quantile
chipmean,fsc,treatment_0005,P14,14,True,1.6439400242964837,0.16439400242964836,sentinel2,bspline,quantile
chipmean,fsc,treatment_0005,P16,15,True,1.128515834497397,0.11285158344973971,sentinel2,bspline,quantile
chipmean,fsc,treatment_0005,P17,16,True,2.0546400043280384,0.20546400043280383,sentinel2,bspline,quantile
chipmean,fsc,treatment_0005,P18,17,True,2.03734352614684,0.20373435261468398,sentinel2,bspline,quantile
chipmean,fsc,treatment_0005,P19,18,True,1.3247544213221822,0.1324754421322182,sentinel2,bspline,quantile
chipmean,fsc,treatment_0005,P20,19,True,1.2591249290572801,0.12591249290572798,sentinel2,bspline,quantile
chipmean,fsc,treatment_0006,P01,1,False,0.9070297805797887,0.09070297805797888,sentinel2,bspline,quantile
chipmean,fsc,treatment_0006,P02,2,False,0.9385062527354089,0.09385062527354089,sentinel2,bspline,quantile
chipmean,fsc,treatment_0006,P03,3,False,1.6646715799132135,0.16646715799132134,sentinel2,bspline,quantile
chipmean,fsc,treatment_0006,P04,4,False,1.0536997772704697,0.10536997772704697,sentinel2,bspline,quantile
chipmean,fsc,treatment_0006,P05,5,False,0.9723541688155016,0.09723541688155016,sentinel2,bspline,quantile
chipmean,fsc,treatment_0006,P06,6,False,0.0,0.0,sentinel2,bspline,quantile
chipmean,fsc,treatment_0006,P07,7,False,1.5458511633682246,0.15458511633682245,sentinel2,bspline,quantile
chipmean,fsc,treatment_0006,P08,8,False,0.9168624302184682,0.09168624302184683,sentinel2,bspline,quantile
chipmean,fsc,treatment_0006,P09,9,False,1.1113417965122918,0.11113417965122918,sentinel2,bspline,quantile
chipmean,fsc,treatment_0006,P10,10,False,0.7485557111824424,0.07485557111824424,sentinel2,bspline,quantile
chipmean,fsc,treatment_0006,P11,11,True,0.8863192409480315,0.08863192409480315,sentinel2,bspline,quantile
chipmean,fsc,treatment_0006,P12,12,True,0.966391689002828,0.0966391689002828,sentinel2,bspline,quantile
chipmean,fsc,treatment_0006,P13,13,True,0.1899984303602748,0.01899984303602748,sentinel2,bspline,quantile
chipmean,fsc,treatment_0006,P14,14,True,0.6139921028165686,0.06139921028165686,sentinel2,bspline,quantile
chipmean,fsc,treatment_0006,P16,15,True,0.8791107210073631,0.08791107210073631,sentinel2,bspline,quantile
chipmean,fsc,treatment_0006,P17,16,True,2.3785389918868365,0.23785389918868366,sentinel2,bspline,quantile
chipmean,fsc,treatment_0006,P18,17,True,1.365194645413979,0.13651946454139788,sentinel2,bspline,quantile
chipmean,fsc,treatment_0006,P19,18,True,1.0757420610594361,0.10757420610594362,sentinel2,bspline,quantile
chipmean,fsc,treatment_0006,P20,19,True,1.4498834430423497,0.14498834430423496,sentinel2,bspline,quantile
chipmean,fsc,treatment_0007,P01,1,False,0.905786521968469,0.0905786521968469,sentinel2,bspline,quantile
chipmean,fsc,treatment_0007,P02,2,False,0.8232292777061674,0.08232292777061674,sentinel2,bspline,quantile
chipmean,fsc,treatment_0007,P03,3,False,0.0013360568338297058,0.0001336056833829706,sentinel2,bspline,quantile
chipmean,fsc,treatment_0007,P04,4,False,0.7404555930299316,0.07404555930299316,sentinel2,bspline,quantile
chipmean,fsc,treatment_0007,P05,5,False,0.8460178457501792,0.08460178457501794,sentinel2,bspline,quantile
chipmean,fsc,treatment_0007,P06,6,False,0.78868699313374,0.07886869931337401,sentinel2,bspline,quantile
chipmean,fsc,treatment_0007,P07,7,False,1.2629047932003192,0.12629047932003193,sentinel2,bspline,quantile
chipmean,fsc,treatment_0007,P08,8,False,0.7701350312884111,0.0770135031288411,sentinel2,bspline,quantile
chipmean,fsc,treatment_0007,P09,9,False,0.7184459209323585,0.07184459209323585,sentinel2,bspline,quantile
chipmean,fsc,treatment_0007,P10,10,False,0.6978435927619994,0.06978435927619994,sentinel2,bspline,quantile
chipmean,fsc,treatment_0007,P11,11,True,0.7793987550750494,0.07793987550750495,sentinel2,bspline,quantile
chipmean,fsc,treatment_0007,P12,12,True,0.8097802819329212,0.08097802819329213,sentinel2,bspline,quantile
chipmean,fsc,treatment_0007,P13,13,True,2.8222557078993042,0.28222557078993044,sentinel2,bspline,quantile
chipmean,fsc,treatment_0007,P14,14,True,1.488818891657262,0.1488818891657262,sentinel2,bspline,quantile
chipmean,fsc,treatment_0007,P16,15,True,0.7861622768967882,0.07861622768967881,sentinel2,bspline,quantile
chipmean,fsc,treatment_0007,P17,16,True,1.0993120894143835,0.10993120894143833,sentinel2,bspline,quantile
chipmean,fsc,treatment_0007,P18,17,True,0.4769410423815743,0.04769410423815743,sentinel2,bspline,quantile
chipmean,fsc,treatment_0007,P19,18,True,0.7853485658456318,0.07853485658456318,sentinel2,bspline,quantile
chipmean,fsc,treatment_0007,P20,19,True,0.8498916255345472,0.08498916255345473,sentinel2,bspline,quantile
chipmean,fsc,treatment_0008,P01,1,False,0.9938741536221483,0.09938741536221483,sentinel2,bspline,quantile
chipmean,fsc,treatment_0008,P02,2,False,1.1346831655082752,0.11346831655082752,sentinel2,bspline,quantile
chipmean,fsc,treatment_0008,P03,3,False,4.501197953317952e-16,4.501197953317952e-17,sentinel2,bspline,quantile
chipmean,fsc,treatment_0008,P04,4,False,0.7624646954357689,0.07624646954357689,sentinel2,bspline,quantile
chipmean,fsc,treatment_0008,P05,5,False,0.746214727074667,0.07462147270746669,sentinel2,bspline,quantile
chipmean,fsc,treatment_0008,P06,6,False,2.591972566465579,0.2591972566465579,sentinel2,bspline,quantile
chipmean,fsc,treatment_0008,P07,7,False,0.6299235529092735,0.06299235529092734,sentinel2,bspline,quantile
chipmean,fsc,treatment_0008,P08,8,False,0.7294939128921469,0.07294939128921468,sentinel2,bspline,quantile
chipmean,fsc,treatment_0008,P09,9,False,0.9053047086438084,0.09053047086438083,sentinel2,bspline,quantile
chipmean,fsc,treatment_0008,P10,10,False,0.7488376432045195,0.07488376432045195,sentinel2,bspline,quantile
chipmean,fsc,treatment_0008,P11,11,True,0.7942732030083837,0.07942732030083836,sentinel2,bspline,quantile
chipmean,fsc,treatment_0008,P12,12,True,0.7402911338968555,0.07402911338968556,sentinel2,bspline,quantile
chipmean,fsc,treatment_0008,P13,13,True,3.5872115553659727,0.3587211555365973,sentinel2,bspline,quantile
chipmean,fsc,treatment_0008,P14,14,True,2.4174575648527195,0.2417457564852719,sentinel2,bspline,quantile
chipmean,fsc,treatment_0008,P16,15,True,0.7694275236124077,0.07694275236124078,sentinel2,bspline,quantile
chipmean,fsc,treatment_0008,P17,16,True,1.9461532270798103,0.19461532270798101,sentinel2,bspline,quantile
chipmean,fsc,treatment_0008,P18,17,True,1.1461992149058329,0.1146199214905833,sentinel2,bspline,quantile
chipmean,fsc,treatment_0008,P19,18,True,0.9833603887288078,0.09833603887288078,sentinel2,bspline,quantile
chipmean,fsc,treatment_0008,P20,19,True,0.9174374100810216,0.09174374100810218,sentinel2,bspline,quantile
chipmean,fsc,treatment_0009,P01,1,False,0.9884819917434313,0.09884819917434312,sentinel2,bspline,quantile
chipmean,fsc,treatment_0009,P02,2,False,0.9537289320085918,0.09537289320085916,sentinel2,bspline,quantile
chipmean,fsc,treatment_0009,P03,3,False,0.7918568624088337,0.07918568624088336,sentinel2,bspline,quantile
chipmean,fsc,treatment_0009,P04,4,False,0.9025500707560794,0.09025500707560793,sentinel2,bspline,quantile
chipmean,fsc,treatment_0009,P05,5,False,0.9550711562587986,0.09550711562587984,sentinel2,bspline,quantile
chipmean,fsc,treatment_0009,P06,6,False,2.168014045845407,0.2168014045845407,sentinel2,bspline,quantile
chipmean,fsc,treatment_0009,P07,7,False,0.8097089037105887,0.08097089037105887,sentinel2,bspline,quantile
chipmean,fsc,treatment_0009,P08,8,False,0.698021479210923,0.06980214792109231,sentinel2,bspline,quantile
chipmean,fsc,treatment_0009,P09,9,False,1.0662043220626978,0.10662043220626978,sentinel2,bspline,quantile
chipmean,fsc,treatment_0009,P10,10,False,0.8507471611095184,0.08507471611095184,sentinel2,bspline,quantile
chipmean,fsc,treatment_0009,P11,11,True,0.9325633432823831,0.09325633432823831,sentinel2,bspline,quantile
chipmean,fsc,treatment_0009,P12,12,True,0.9151436021053673,0.09151436021053672,sentinel2,bspline,quantile
chipmean,fsc,treatment_0009,P13,13,True,3.876317453354588,0.3876317453354588,sentinel2,bspline,quantile
chipmean,fsc,treatment_0009,P14,14,True,0.8750452937319865,0.08750452937319864,sentinel2,bspline,quantile
chipmean,fsc,treatment_0009,P16,15,True,0.893594493254724,0.08935944932547239,sentinel2,bspline,quantile
chipmean,fsc,treatment_0009,P17,16,True,3.5077288463645147,0.35077288463645145,sentinel2,bspline,quantile
chipmean,fsc,treatment_0009,P18,17,True,1.008628824136293,0.10086288241362931,sentinel2,bspline,quantile
chipmean,fsc,treatment_0009,P19,18,True,1.2678585656264496,0.12678585656264496,sentinel2,bspline,quantile
chipmean,fsc,treatment_0009,P20,19,True,1.0679974646063086,0.10679974646063085,sentinel2,bspline,quantile
chipmean,fsc,treatment_0010,P01,1,False,1.1852173509312542,0.11852173509312543,sentinel2,bspline,quantile
chipmean,fsc,treatment_0010,P02,2,False,3.874914898243573,0.38749148982435727,sentinel2,bspline,quantile
chipmean,fsc,treatment_0010,P03,3,False,0.5862713865679455,0.05862713865679456,sentinel2,bspline,quantile
chipmean,fsc,treatment_0010,P04,4,False,0.9970888706963762,0.09970888706963764,sentinel2,bspline,quantile
chipmean,fsc,treatment_0010,P05,5,False,0.6539008711508831,0.06539008711508831,sentinel2,bspline,quantile
chipmean,fsc,treatment_0010,P06,6,False,1.5080226195376432,0.15080226195376434,sentinel2,bspline,quantile
chipmean,fsc,treatment_0010,P07,7,False,0.7521726084427327,0.07521726084427327,sentinel2,bspline,quantile
chipmean,fsc,treatment_0010,P08,8,False,0.7400143620548126,0.07400143620548127,sentinel2,bspline,quantile
chipmean,fsc,treatment_0010,P09,9,False,1.8549445910800417,0.18549445910800416,sentinel2,bspline,quantile
chipmean,fsc,treatment_0010,P10,10,False,0.7008754717517298,0.07008754717517299,sentinel2,bspline,quantile
chipmean,fsc,treatment_0010,P11,11,True,0.7616333596172076,0.07616333596172077,sentinel2,bspline,quantile
chipmean,fsc,treatment_0010,P12,12,True,0.7910893221239026,0.07910893221239025,sentinel2,bspline,quantile
chipmean,fsc,treatment_0010,P13,13,True,3.074001086297008,0.3074001086297008,sentinel2,bspline,quantile
chipmean,fsc,treatment_0010,P14,14,True,1.6763521792380927,0.16763521792380925,sentinel2,bspline,quantile
chipmean,fsc,treatment_0010,P16,15,True,0.8710564124208313,0.08710564124208313,sentinel2,bspline,quantile
chipmean,fsc,treatment_0010,P17,16,True,2.1947318595603855,0.21947318595603857,sentinel2,bspline,quantile
chipmean,fsc,treatment_0010,P18,17,True,0.9700084187980815,0.09700084187980815,sentinel2,bspline,quantile
chipmean,fsc,treatment_0010,P19,18,True,1.11211993910734,0.11121199391073398,sentinel2,bspline,quantile
chipmean,fsc,treatment_0010,P20,19,True,0.7331067374687259,0.07331067374687258,sentinel2,bspline,quantile
