label,sensor,repr,method,estimator,scheme,treatment_site_id,eval_period,fit_window,pred_rmse,null_own_mean,null_equal_weight,ratio_own_mean,train_rmse
genfill,sentinel1,chip_mean,covmat,fsc,frozen_joint,treatment_0001,P09,P01-08,0.02342023124373462,0.008736102254697144,0.025585978695859716,2.680855896706366,0.01864777061692716
genfill,sentinel1,chip_mean,covmat,fsc,frozen_joint,treatment_0001,P10,P01-08,0.026743324260120563,0.010621960673769115,0.03783285606385265,2.517738963783126,0.01864777061692716
genfill,sentinel1,chip_mean,covmat,fsc,expanding,treatment_0001,P09,P01-08,0.02342023124373462,0.008736102254697144,0.025585978695859716,2.680855896706366,0.01864777061692716
genfill,sentinel1,chip_mean,covmat,fsc,expanding,treatment_0001,P10,P01-09,0.02732509631706577,0.010621960673769115,0.03783285606385265,2.572509648293556,0.01866273415760665
genfill,sentinel1,chip_mean,covmat,afsc,frozen_joint,treatment_0001,P09,P01-08,0.023337975796561643,0.008736102254697144,0.025585978695859716,2.6714403192812335,0.01818713906506149
genfill,sentinel1,chip_mean,covmat,afsc,frozen_joint,treatment_0001,P10,P01-08,0.026407239370127854,0.010621960673769115,0.03783285606385265,2.4860983938059964,0.01818713906506149
genfill,sentinel1,chip_mean,covmat,afsc,expanding,treatment_0001,P09,P01-08,0.023337975796561643,0.008736102254697144,0.025585978695859716,2.6714403192812335,0.01818713906506149
genfill,sentinel1,chip_mean,covmat,afsc,expanding,treatment_0001,P10,P01-09,0.027019971533032015,0.010621960673769115,0.03783285606385265,2.543783804411714,0.018072102289160424
genfill,sentinel1,chip_mean,covmat,fsc,frozen_joint,treatment_0002,P09,P01-08,0.019669169219063243,0.01664773048198876,0.020077530446190178,1.1814925307893103,0.019150998569962597
genfill,sentinel1,chip_mean,covmat,fsc,frozen_joint,treatment_0002,P10,P01-08,0.0192475995437469,0.014132626539810704,0.02415290160769898,1.3619265668365073,0.019150998569962597
genfill,sentinel1,chip_mean,covmat,fsc,expanding,treatment_0002,P09,P01-08,0.019669169219063243,0.01664773048198876,0.020077530446190178,1.1814925307893103,0.019150998569962597
genfill,sentinel1,chip_mean,covmat,fsc,expanding,treatment_0002,P10,P01-09,0.019337792719959813,0.014132626539810704,0.02415290160769898,1.3683084786459538,0.019160920416048634
genfill,sentinel1,chip_mean,covmat,afsc,frozen_joint,treatment_0002,P09,P01-08,0.020103436486581895,0.01664773048198876,0.020077530446190178,1.2075782046286654,0.01848652272234473
genfill,sentinel1,chip_mean,covmat,afsc,frozen_joint,treatment_0002,P10,P01-08,0.016637309718374352,0.014132626539810704,0.02415290160769898,1.1772270123680206,0.01848652272234473
genfill,sentinel1,chip_mean,covmat,afsc,expanding,treatment_0002,P09,P01-08,0.020103436486581895,0.01664773048198876,0.020077530446190178,1.2075782046286654,0.01848652272234473
genfill,sentinel1,chip_mean,covmat,afsc,expanding,treatment_0002,P10,P01-09,0.015360883075521428,0.014132626539810704,0.02415290160769898,1.0869092898089965,0.018293983986025258
genfill,sentinel1,chip_mean,covmat,fsc,frozen_joint,treatment_0003,P09,P01-08,0.018134931938535395,0.025008602144338744,0.024252673278824473,0.7251477645119259,0.010749475176274009
genfill,sentinel1,chip_mean,covmat,fsc,frozen_joint,treatment_0003,P10,P01-08,0.007047515644877024,0.02044851658273907,0.020959921495619708,0.3446467921700466,0.010749475176274009
genfill,sentinel1,chip_mean,covmat,fsc,expanding,treatment_0003,P09,P01-08,0.018134931938535395,0.025008602144338744,0.024252673278824473,0.7251477645119259,0.010749475176274009
genfill,sentinel1,chip_mean,covmat,fsc,expanding,treatment_0003,P10,P01-09,0.008291326787968071,0.02044851658273907,0.020959921495619708,0.40547326523269256,0.01103817208710744
genfill,sentinel1,chip_mean,covmat,afsc,frozen_joint,treatment_0003,P09,P01-08,0.018135143587781052,0.025008602144338744,0.024252673278824473,0.7251562275697343,0.010749473806010356
genfill,sentinel1,chip_mean,covmat,afsc,frozen_joint,treatment_0003,P10,P01-08,0.007046521149476599,0.02044851658273907,0.020959921495619708,0.3445981580602616,0.010749473806010356
genfill,sentinel1,chip_mean,covmat,afsc,expanding,treatment_0003,P09,P01-08,0.018135143587781052,0.025008602144338744,0.024252673278824473,0.7251562275697343,0.010749473806010356
genfill,sentinel1,chip_mean,covmat,afsc,expanding,treatment_0003,P10,P01-09,0.008291783122827386,0.02044851658273907,0.020959921495619708,0.40549558151453474,0.011038241880800057
genfill,sentinel1,chip_mean,covmat,fsc,frozen_joint,treatment_0004,P09,P01-08,0.009493909204889909,0.0178302928135033,0.022580331287838547,0.5324595229137207,0.01456813803691862
genfill,sentinel1,chip_mean,covmat,fsc,frozen_joint,treatment_0004,P10,P01-08,0.0262678945617979,0.020230138350574703,0.033025536389929465,1.2984535304006795,0.01456813803691862
genfill,sentinel1,chip_mean,covmat,fsc,expanding,treatment_0004,P09,P01-08,0.009493909204889909,0.0178302928135033,0.022580331287838547,0.5324595229137207,0.01456813803691862
genfill,sentinel1,chip_mean,covmat,fsc,expanding,treatment_0004,P10,P01-09,0.02645145985178651,0.020230138350574703,0.033025536389929465,1.3075273828285543,0.014572011873937918
genfill,sentinel1,chip_mean,covmat,afsc,frozen_joint,treatment_0004,P09,P01-08,0.010204135244048586,0.0178302928135033,0.022580331287838547,0.5722920734269016,0.014326153266589843
genfill,sentinel1,chip_mean,covmat,afsc,frozen_joint,treatment_0004,P10,P01-08,0.024926363371134203,0.020230138350574703,0.033025536389929465,1.2321400347925,0.014326153266589843
genfill,sentinel1,chip_mean,covmat,afsc,expanding,treatment_0004,P09,P01-08,0.010204135244048586,0.0178302928135033,0.022580331287838547,0.5722920734269016,0.014326153266589843
genfill,sentinel1,chip_mean,covmat,afsc,expanding,treatment_0004,P10,P01-09,0.024856738610215826,0.020230138350574703,0.033025536389929465,1.2286983993616478,0.014302826336416517
genfill,sentinel1,chip_mean,covmat,fsc,frozen_joint,treatment_0005,P09,P01-08,0.014135245286873592,0.015522579199592585,0.012300188068754906,0.9106247811732597,0.013960033240074549
genfill,sentinel1,chip_mean,covmat,fsc,frozen_joint,treatment_0005,P10,P01-08,0.017048151277092864,0.0258480623977752,0.01624903498354503,0.659552387902013,0.013960033240074549
genfill,sentinel1,chip_mean,covmat,fsc,expanding,treatment_0005,P09,P01-08,0.014135245286873592,0.015522579199592585,0.012300188068754906,0.9106247811732597,0.013960033240074549
genfill,sentinel1,chip_mean,covmat,fsc,expanding,treatment_0005,P10,P01-09,0.017013521835674977,0.0258480623977752,0.01624903498354503,0.6582126572527683,0.01396445541137109
genfill,sentinel1,chip_mean,covmat,afsc,frozen_joint,treatment_0005,P09,P01-08,0.014960542852313928,0.015522579199592585,0.012300188068754906,0.9637923350203677,0.013754757996698187
genfill,sentinel1,chip_mean,covmat,afsc,frozen_joint,treatment_0005,P10,P01-08,0.01783766994141137,0.0258480623977752,0.01624903498354503,0.6900969854880379,0.013754757996698187
genfill,sentinel1,chip_mean,covmat,afsc,expanding,treatment_0005,P09,P01-08,0.014960542852313928,0.015522579199592585,0.012300188068754906,0.9637923350203677,0.013754757996698187
genfill,sentinel1,chip_mean,covmat,afsc,expanding,treatment_0005,P10,P01-09,0.017783618966142545,0.0258480623977752,0.01624903498354503,0.6880058819292088,0.013756086539936081
genfill,sentinel1,chip_mean,covmat,fsc,frozen_joint,treatment_0006,P09,P01-08,0.022699915662202745,0.019826287609138675,0.049243584797132665,1.1449402989463093,0.020511510308742723
genfill,sentinel1,chip_mean,covmat,fsc,frozen_joint,treatment_0006,P10,P01-08,0.02892764407601434,0.019404642831447775,0.04281492290245364,1.4907589037986975,0.020511510308742723
genfill,sentinel1,chip_mean,covmat,fsc,expanding,treatment_0006,P09,P01-08,0.022699915662202745,0.019826287609138675,0.049243584797132665,1.1449402989463093,0.020511510308742723
genfill,sentinel1,chip_mean,covmat,fsc,expanding,treatment_0006,P10,P01-09,0.029267116144991567,0.019404642831447775,0.04281492290245364,1.5082532772806494,0.02052911106739233
genfill,sentinel1,chip_mean,covmat,afsc,frozen_joint,treatment_0006,P09,P01-08,0.021642292533916398,0.019826287609138675,0.049243584797132665,1.091595812619033,0.017808863650683435
genfill,sentinel1,chip_mean,covmat,afsc,frozen_joint,treatment_0006,P10,P01-08,0.024607125998916894,0.019404642831447775,0.04281492290245364,1.2681050722066274,0.017808863650683435
genfill,sentinel1,chip_mean,covmat,afsc,expanding,treatment_0006,P09,P01-08,0.021642292533916398,0.019826287609138675,0.049243584797132665,1.091595812619033,0.017808863650683435
genfill,sentinel1,chip_mean,covmat,afsc,expanding,treatment_0006,P10,P01-09,0.023266942669218884,0.019404642831447775,0.04281492290245364,1.1990399860136434,0.01710366904229997
genfill,sentinel1,chip_mean,covmat,fsc,frozen_joint,treatment_0007,P09,P01-08,0.0380823893983747,0.027341371259768224,0.03087599821353916,1.3928485530793941,0.039714231369598764
genfill,sentinel1,chip_mean,covmat,fsc,frozen_joint,treatment_0007,P10,P01-08,0.040015958043366266,0.021208269075914613,0.02590595381025095,1.886809239364602,0.039714231369598764
genfill,sentinel1,chip_mean,covmat,fsc,expanding,treatment_0007,P09,P01-08,0.0380823893983747,0.027341371259768224,0.03087599821353916,1.3928485530793941,0.039714231369598764
genfill,sentinel1,chip_mean,covmat,fsc,expanding,treatment_0007,P10,P01-09,0.03981696729611839,0.021208269075914613,0.02590595381025095,1.8774265430900692,0.039736550406999416
genfill,sentinel1,chip_mean,covmat,afsc,frozen_joint,treatment_0007,P09,P01-08,0.03585154291004684,0.027341371259768224,0.03087599821353916,1.3112562120394087,0.037583185465741964
genfill,sentinel1,chip_mean,covmat,afsc,frozen_joint,treatment_0007,P10,P01-08,0.04163679212979496,0.021208269075914613,0.02590595381025095,1.9632338679199524,0.037583185465741964
genfill,sentinel1,chip_mean,covmat,afsc,expanding,treatment_0007,P09,P01-08,0.03585154291004684,0.027341371259768224,0.03087599821353916,1.3112562120394087,0.037583185465741964
genfill,sentinel1,chip_mean,covmat,afsc,expanding,treatment_0007,P10,P01-09,0.04121027162996173,0.021208269075914613,0.02590595381025095,1.9431228207474316,0.03727014533912744
genfill,sentinel1,chip_mean,covmat,fsc,frozen_joint,treatment_0008,P09,P01-08,0.017557733882332758,0.02280661342632927,0.0274870964729321,0.7698527420148709,0.020046945417917322
genfill,sentinel1,chip_mean,covmat,fsc,frozen_joint,treatment_0008,P10,P01-08,0.0229266680890519,0.020790511239024756,0.03332338307299667,1.1027467206298167,0.020046945417917322
genfill,sentinel1,chip_mean,covmat,fsc,expanding,treatment_0008,P09,P01-08,0.017557733882332758,0.02280661342632927,0.0274870964729321,0.7698527420148709,0.020046945417917322
genfill,sentinel1,chip_mean,covmat,fsc,expanding,treatment_0008,P10,P01-09,0.022922282163066916,0.020790511239024756,0.03332338307299667,1.1025357625665657,0.020087484398668205
genfill,sentinel1,chip_mean,covmat,afsc,frozen_joint,treatment_0008,P09,P01-08,0.014703762261384751,0.02280661342632927,0.0274870964729321,0.6447148459319207,0.01871603888256514
genfill,sentinel1,chip_mean,covmat,afsc,frozen_joint,treatment_0008,P10,P01-08,0.022476323259284527,0.020790511239024756,0.03332338307299667,1.0810856453157065,0.01871603888256514
genfill,sentinel1,chip_mean,covmat,afsc,expanding,treatment_0008,P09,P01-08,0.014703762261384751,0.02280661342632927,0.0274870964729321,0.6447148459319207,0.01871603888256514
genfill,sentinel1,chip_mean,covmat,afsc,expanding,treatment_0008,P10,P01-09,0.022406443351698054,0.020790511239024756,0.03332338307299667,1.0777245010521972,0.018295077824878214
genfill,sentinel1,chip_mean,covmat,fsc,frozen_joint,treatment_0009,P09,P01-08,0.011014413639594461,0.021185917344694723,0.013807184694028517,0.5198931658417255,0.016850143395724448
genfill,sentinel1,chip_mean,covmat,fsc,frozen_joint,treatment_0009,P10,P01-08,0.016937377515213042,0.021880070975704057,0.0181197860806504,0.774100666036255,0.016850143395724448
genfill,sentinel1,chip_mean,covmat,fsc,expanding,treatment_0009,P09,P01-08,0.011014413639594461,0.021185917344694723,0.013807184694028517,0.5198931658417255,0.016850143395724448
genfill,sentinel1,chip_mean,covmat,fsc,expanding,treatment_0009,P10,P01-09,0.016688050883288046,0.021880070975704057,0.0181197860806504,0.7627055187260908,0.01685601222043131
genfill,sentinel1,chip_mean,covmat,afsc,frozen_joint,treatment_0009,P09,P01-08,0.011014528084729951,0.021185917344694723,0.013807184694028517,0.5198985677855558,0.01685014272523288
genfill,sentinel1,chip_mean,covmat,afsc,frozen_joint,treatment_0009,P10,P01-08,0.016937393315441744,0.021880070975704057,0.0181197860806504,0.7741013881650232,0.01685014272523288
genfill,sentinel1,chip_mean,covmat,afsc,expanding,treatment_0009,P09,P01-08,0.011014528084729951,0.021185917344694723,0.013807184694028517,0.5198985677855558,0.01685014272523288
genfill,sentinel1,chip_mean,covmat,afsc,expanding,treatment_0009,P10,P01-09,0.016688535492653787,0.021880070975704057,0.0181197860806504,0.7627276671627333,0.016855997808559744
genfill,sentinel1,chip_mean,covmat,fsc,frozen_joint,treatment_0010,P09,P01-08,0.010535025947352073,0.022206530696221107,0.019406292492250926,0.47441115820693336,0.013020385852090468
genfill,sentinel1,chip_mean,covmat,fsc,frozen_joint,treatment_0010,P10,P01-08,0.013267257761710203,0.021213372231780832,0.022713742894501843,0.6254195521933024,0.013020385852090468
genfill,sentinel1,chip_mean,covmat,fsc,expanding,treatment_0010,P09,P01-08,0.010535025947352073,0.022206530696221107,0.019406292492250926,0.47441115820693336,0.013020385852090468
genfill,sentinel1,chip_mean,covmat,fsc,expanding,treatment_0010,P10,P01-09,0.013288013060660193,0.021213372231780832,0.022713742894501843,0.6263979585835365,0.013026364963618893
genfill,sentinel1,chip_mean,covmat,afsc,frozen_joint,treatment_0010,P09,P01-08,0.010097398079592559,0.022206530696221107,0.019406292492250926,0.45470398855733174,0.012903876699901735
genfill,sentinel1,chip_mean,covmat,afsc,frozen_joint,treatment_0010,P10,P01-08,0.01271548607469361,0.021213372231780832,0.022713742894501843,0.599408992392256,0.012903876699901735
genfill,sentinel1,chip_mean,covmat,afsc,expanding,treatment_0010,P09,P01-08,0.010097398079592559,0.022206530696221107,0.019406292492250926,0.45470398855733174,0.012903876699901735
genfill,sentinel1,chip_mean,covmat,afsc,expanding,treatment_0010,P10,P01-09,0.012402344692346095,0.021213372231780832,0.022713742894501843,0.5846474835229408,0.012890158833137617
genfill,sentinel1,gram,covmat,fsc,frozen_joint,treatment_0001,P09,P01-08,0.01593177549619297,0.010862752018590272,0.019181671258569226,1.4666426582258056,0.01724636390057155
genfill,sentinel1,gram,covmat,fsc,frozen_joint,treatment_0001,P10,P01-08,0.02262315662880605,0.008822955412624116,0.02974327919888705,2.5641245558643813,0.01724636390057155
genfill,sentinel1,gram,covmat,fsc,expanding,treatment_0001,P09,P01-08,0.01593177549619297,0.010862752018590272,0.019181671258569226,1.4666426582258056,0.01724636390057155
genfill,sentinel1,gram,covmat,fsc,expanding,treatment_0001,P10,P01-09,0.02270948248711692,0.008822955412624116,0.02974327919888705,2.573908789635681,0.017254533464358443
genfill,sentinel1,gram,covmat,afsc,frozen_joint,treatment_0001,P09,P01-08,0.015815774607655934,0.010862752018590272,0.019181671258569226,1.4559638828714097,0.016989248296137866
genfill,sentinel1,gram,covmat,afsc,frozen_joint,treatment_0001,P10,P01-08,0.0219258164980739,0.008822955412624116,0.02974327919888705,2.485087532767293,0.016989248296137866
genfill,sentinel1,gram,covmat,afsc,expanding,treatment_0001,P09,P01-08,0.015815774607655934,0.010862752018590272,0.019181671258569226,1.4559638828714097,0.016989248296137866
genfill,sentinel1,gram,covmat,afsc,expanding,treatment_0001,P10,P01-09,0.02201921012806807,0.008822955412624116,0.02974327919888705,2.4956728327746514,0.0169938959842339
genfill,sentinel1,gram,covmat,fsc,frozen_joint,treatment_0002,P09,P01-08,0.02238188621485453,0.016893297873937733,0.02269019153020816,1.3248973872285978,0.017497301385748985
genfill,sentinel1,gram,covmat,fsc,frozen_joint,treatment_0002,P10,P01-08,0.016376454463316793,0.013226660312344969,0.019654065156311,1.2381397931594265,0.017497301385748985
genfill,sentinel1,gram,covmat,fsc,expanding,treatment_0002,P09,P01-08,0.02238188621485453,0.016893297873937733,0.02269019153020816,1.3248973872285978,0.017497301385748985
genfill,sentinel1,gram,covmat,fsc,expanding,treatment_0002,P10,P01-09,0.01647910008457305,0.013226660312344969,0.019654065156311,1.2459003025270445,0.01757455501922673
genfill,sentinel1,gram,covmat,afsc,frozen_joint,treatment_0002,P09,P01-08,0.022529495821878937,0.016893297873937733,0.02269019153020816,1.3336351486844076,0.0172773844255132
genfill,sentinel1,gram,covmat,afsc,frozen_joint,treatment_0002,P10,P01-08,0.015515071249290155,0.013226660312344969,0.019654065156311,1.1730150229086416,0.0172773844255132
genfill,sentinel1,gram,covmat,afsc,expanding,treatment_0002,P09,P01-08,0.022529495821878937,0.016893297873937733,0.02269019153020816,1.3336351486844076,0.0172773844255132
genfill,sentinel1,gram,covmat,afsc,expanding,treatment_0002,P10,P01-09,0.01550611175843167,0.013226660312344969,0.019654065156311,1.1723376417219393,0.017357640393787777
genfill,sentinel1,gram,covmat,fsc,frozen_joint,treatment_0003,P09,P01-08,0.01895779097933084,0.024485477307050706,0.024008452339069054,0.774246331472242,0.011864224863299635
genfill,sentinel1,gram,covmat,fsc,frozen_joint,treatment_0003,P10,P01-08,0.008517587540775473,0.01914722251471325,0.01810200645304275,0.44484715912348777,0.011864224863299635
genfill,sentinel1,gram,covmat,fsc,expanding,treatment_0003,P09,P01-08,0.01895779097933084,0.024485477307050706,0.024008452339069054,0.774246331472242,0.011864224863299635
genfill,sentinel1,gram,covmat,fsc,expanding,treatment_0003,P10,P01-09,0.008977943599177784,0.01914722251471325,0.01810200645304275,0.4688901271335248,0.012208336868131955
genfill,sentinel1,gram,covmat,afsc,frozen_joint,treatment_0003,P09,P01-08,0.018957955993764906,0.024485477307050706,0.024008452339069054,0.7742530707500594,0.011864224826067646
genfill,sentinel1,gram,covmat,afsc,frozen_joint,treatment_0003,P10,P01-08,0.008517871842494125,0.01914722251471325,0.01810200645304275,0.4448620073197958,0.011864224826067646
genfill,sentinel1,gram,covmat,afsc,expanding,treatment_0003,P09,P01-08,0.018957955993764906,0.024485477307050706,0.024008452339069054,0.7742530707500594,0.011864224826067646
genfill,sentinel1,gram,covmat,afsc,expanding,treatment_0003,P10,P01-09,0.0089782775316213,0.01914722251471325,0.01810200645304275,0.4689075673885414,0.012208371227140902
genfill,sentinel1,gram,covmat,fsc,frozen_joint,treatment_0004,P09,P01-08,0.012746107512309389,0.016417888030474687,0.02015307464420505,0.7763548812520963,0.017414188822796942
genfill,sentinel1,gram,covmat,fsc,frozen_joint,treatment_0004,P10,P01-08,0.02786966386532766,0.01774447853095729,0.03055290932253381,1.5706104756308175,0.017414188822796942
genfill,sentinel1,gram,covmat,fsc,expanding,treatment_0004,P09,P01-08,0.012746107512309389,0.016417888030474687,0.02015307464420505,0.7763548812520963,0.017414188822796942
genfill,sentinel1,gram,covmat,fsc,expanding,treatment_0004,P10,P01-09,0.027871640103687107,0.01774447853095729,0.03055290932253381,1.5707218476475269,0.017428238450702422
genfill,sentinel1,gram,covmat,afsc,frozen_joint,treatment_0004,P09,P01-08,0.013165953904624564,0.016417888030474687,0.02015307464420505,0.8019273782465856,0.016483744306193662
genfill,sentinel1,gram,covmat,afsc,frozen_joint,treatment_0004,P10,P01-08,0.024841130267635386,0.01774447853095729,0.03055290932253381,1.3999357729390114,0.016483744306193662
genfill,sentinel1,gram,covmat,afsc,expanding,treatment_0004,P09,P01-08,0.013165953904624564,0.016417888030474687,0.02015307464420505,0.8019273782465856,0.016483744306193662
genfill,sentinel1,gram,covmat,afsc,expanding,treatment_0004,P10,P01-09,0.024984372939232904,0.01774447853095729,0.03055290932253381,1.4080082937148468,0.016540672620204557
genfill,sentinel1,gram,covmat,fsc,frozen_joint,treatment_0005,P09,P01-08,0.014346812900823206,0.015038128036329706,0.014874416414518856,0.9540291761157776,0.014008845768429123
genfill,sentinel1,gram,covmat,fsc,frozen_joint,treatment_0005,P10,P01-08,0.013250212731354731,0.02256859837107298,0.013637367258311205,0.5871083579713141,0.014008845768429123
genfill,sentinel1,gram,covmat,fsc,expanding,treatment_0005,P09,P01-08,0.014346812900823206,0.015038128036329706,0.014874416414518856,0.9540291761157776,0.014008845768429123
genfill,sentinel1,gram,covmat,fsc,expanding,treatment_0005,P10,P01-09,0.01330116254419534,0.02256859837107298,0.013637367258311205,0.5893659112319505,0.013997476112930859
genfill,sentinel1,gram,covmat,afsc,frozen_joint,treatment_0005,P09,P01-08,0.01550818142702125,0.015038128036329706,0.014874416414518856,1.031257440391249,0.013474485190425396
genfill,sentinel1,gram,covmat,afsc,frozen_joint,treatment_0005,P10,P01-08,0.014174265868166181,0.02256859837107298,0.013637367258311205,0.6280525549310971,0.013474485190425396
genfill,sentinel1,gram,covmat,afsc,expanding,treatment_0005,P09,P01-08,0.01550818142702125,0.015038128036329706,0.014874416414518856,1.031257440391249,0.013474485190425396
genfill,sentinel1,gram,covmat,afsc,expanding,treatment_0005,P10,P01-09,0.014013210131264501,0.02256859837107298,0.013637367258311205,0.6209162793745205,0.013537585777134627
genfill,sentinel1,gram,covmat,fsc,frozen_joint,treatment_0006,P09,P01-08,0.022597668834023022,0.01714132181112437,0.04187994545824265,1.3183154183219168,0.018042155790848582
genfill,sentinel1,gram,covmat,fsc,frozen_joint,treatment_0006,P10,P01-08,0.022381933881491938,0.01527379384087924,0.03325515547823108,1.4653814314023448,0.018042155790848582
genfill,sentinel1,gram,covmat,fsc,expanding,treatment_0006,P09,P01-08,0.022597668834023022,0.01714132181112437,0.04187994545824265,1.3183154183219168,0.018042155790848582
genfill,sentinel1,gram,covmat,fsc,expanding,treatment_0006,P10,P01-09,0.022568331570792875,0.01527379384087924,0.03325515547823108,1.4775851897640726,0.018044736880463992
genfill,sentinel1,gram,covmat,afsc,frozen_joint,treatment_0006,P09,P01-08,0.022050542889818444,0.01714132181112437,0.04187994545824265,1.2863968795865024,0.016441392846981043
genfill,sentinel1,gram,covmat,afsc,frozen_joint,treatment_0006,P10,P01-08,0.019407771552096293,0.01527379384087924,0.03325515547823108,1.270658210676692,0.016441392846981043
genfill,sentinel1,gram,covmat,afsc,expanding,treatment_0006,P09,P01-08,0.022050542889818444,0.01714132181112437,0.04187994545824265,1.2863968795865024,0.016441392846981043
genfill,sentinel1,gram,covmat,afsc,expanding,treatment_0006,P10,P01-09,0.019627403459665155,0.01527379384087924,0.03325515547823108,1.28503786709061,0.016473579719647708
genfill,sentinel1,gram,covmat,fsc,frozen_joint,treatment_0007,P09,P01-08,0.03344571071414141,0.02566037553929198,0.025187383523810482,1.3033991128823614,0.0349894017470324
genfill,sentinel1,gram,covmat,fsc,frozen_joint,treatment_0007,P10,P01-08,0.03115312359912851,0.015471196658221324,0.021371971159069168,2.0136208133954447,0.0349894017470324
genfill,sentinel1,gram,covmat,fsc,expanding,treatment_0007,P09,P01-08,0.03344571071414141,0.02566037553929198,0.025187383523810482,1.3033991128823614,0.0349894017470324
genfill,sentinel1,gram,covmat,fsc,expanding,treatment_0007,P10,P01-09,0.030445630983599675,0.015471196658221324,0.021371971159069168,1.9678911499984717,0.035037991135003534
genfill,sentinel1,gram,covmat,afsc,frozen_joint,treatment_0007,P09,P01-08,0.031351937221744265,0.02566037553929198,0.025187383523810482,1.2218035224674397,0.03300934113043239
genfill,sentinel1,gram,covmat,afsc,frozen_joint,treatment_0007,P10,P01-08,0.030876519375890785,0.015471196658221324,0.021371971159069168,1.9957421560848134,0.03300934113043239
genfill,sentinel1,gram,covmat,afsc,expanding,treatment_0007,P09,P01-08,0.031351937221744265,0.02566037553929198,0.025187383523810482,1.2218035224674397,0.03300934113043239
genfill,sentinel1,gram,covmat,afsc,expanding,treatment_0007,P10,P01-09,0.03024088875560509,0.015471196658221324,0.021371971159069168,1.9546573819508148,0.032926477166172925
genfill,sentinel1,gram,covmat,fsc,frozen_joint,treatment_0008,P09,P01-08,0.01569454466400872,0.018206681479332767,0.023184799230367256,0.862021158651252,0.018979711540839925
genfill,sentinel1,gram,covmat,fsc,frozen_joint,treatment_0008,P10,P01-08,0.025107654455583616,0.022139157944341993,0.029447830884876458,1.1340835328382608,0.018979711540839925
genfill,sentinel1,gram,covmat,fsc,expanding,treatment_0008,P09,P01-08,0.01569454466400872,0.018206681479332767,0.023184799230367256,0.862021158651252,0.018979711540839925
genfill,sentinel1,gram,covmat,fsc,expanding,treatment_0008,P10,P01-09,0.025077389500973057,0.022139157944341993,0.029447830884876458,1.1327165000592072,0.019002038947460293
genfill,sentinel1,gram,covmat,afsc,frozen_joint,treatment_0008,P09,P01-08,0.014646632046619616,0.018206681479332767,0.023184799230367256,0.8044646721175231,0.018389322177286154
genfill,sentinel1,gram,covmat,afsc,frozen_joint,treatment_0008,P10,P01-08,0.02533986398024681,0.022139157944341993,0.029447830884876458,1.1445721668345028,0.018389322177286154
genfill,sentinel1,gram,covmat,afsc,expanding,treatment_0008,P09,P01-08,0.014646632046619616,0.018206681479332767,0.023184799230367256,0.8044646721175231,0.018389322177286154
genfill,sentinel1,gram,covmat,afsc,expanding,treatment_0008,P10,P01-09,0.02534468858361269,0.022139157944341993,0.029447830884876458,1.144790088553929,0.018343628980158577
genfill,sentinel1,gram,covmat,fsc,frozen_joint,treatment_0009,P09,P01-08,0.011367598559120645,0.019377641590887992,0.015172230045957056,0.5866347824528897,0.016016404491356717
genfill,sentinel1,gram,covmat,fsc,frozen_joint,treatment_0009,P10,P01-08,0.012469247508407609,0.019775113960932317,0.015163859233772538,0.6305524981065512,0.016016404491356717
genfill,sentinel1,gram,covmat,fsc,expanding,treatment_0009,P09,P01-08,0.011367598559120645,0.019377641590887992,0.015172230045957056,0.5866347824528897,0.016016404491356717
genfill,sentinel1,gram,covmat,fsc,expanding,treatment_0009,P10,P01-09,0.01248345180646081,0.019775113960932317,0.015163859233772538,0.6312707896967419,0.016038699108487056
genfill,sentinel1,gram,covmat,afsc,frozen_joint,treatment_0009,P09,P01-08,0.011371790756899163,0.019377641590887992,0.015172230045957056,0.5868511244550294,0.01600670824278671
genfill,sentinel1,gram,covmat,afsc,frozen_joint,treatment_0009,P10,P01-08,0.012615520517900975,0.019775113960932317,0.015163859233772538,0.637949320687819,0.01600670824278671
genfill,sentinel1,gram,covmat,afsc,expanding,treatment_0009,P09,P01-08,0.011371790756899163,0.019377641590887992,0.015172230045957056,0.5868511244550294,0.01600670824278671
genfill,sentinel1,gram,covmat,afsc,expanding,treatment_0009,P10,P01-09,0.012607197692980885,0.019775113960932317,0.015163859233772538,0.6375284470111092,0.01603182544012805
genfill,sentinel1,gram,covmat,fsc,frozen_joint,treatment_0010,P09,P01-08,0.011414703518845215,0.020489397152550118,0.016706515899970523,0.5571029461657214,0.0137482685502224
genfill,sentinel1,gram,covmat,fsc,frozen_joint,treatment_0010,P10,P01-08,0.014915256558609716,0.020136399085754465,0.02246259023804617,0.7407112113288191,0.0137482685502224
genfill,sentinel1,gram,covmat,fsc,expanding,treatment_0010,P09,P01-08,0.011414703518845215,0.020489397152550118,0.016706515899970523,0.5571029461657214,0.0137482685502224
genfill,sentinel1,gram,covmat,fsc,expanding,treatment_0010,P10,P01-09,0.015082895835386521,0.020136399085754465,0.02246259023804617,0.7490363977766484,0.013754165033890507
genfill,sentinel1,gram,covmat,afsc,frozen_joint,treatment_0010,P09,P01-08,0.011417930885227117,0.020489397152550118,0.016706515899970523,0.5572604601402846,0.013657880955890782
genfill,sentinel1,gram,covmat,afsc,frozen_joint,treatment_0010,P10,P01-08,0.014654077886174854,0.020136399085754465,0.02246259023804617,0.727740735757562,0.013657880955890782
genfill,sentinel1,gram,covmat,afsc,expanding,treatment_0010,P09,P01-08,0.011417930885227117,0.020489397152550118,0.016706515899970523,0.5572604601402846,0.013657880955890782
genfill,sentinel1,gram,covmat,afsc,expanding,treatment_0010,P10,P01-09,0.014812911425055092,0.020136399085754465,0.02246259023804617,0.7356286177072501,0.013662560812115173
genfill,sentinel1,quantile,covmat,fsc,frozen_joint,treatment_0001,P09,P01-08,0.05749469874457152,0.04178340636967664,0.055482939194608547,1.3760175088620108,0.05793345435041132
genfill,sentinel1,quantile,covmat,fsc,frozen_joint,treatment_0001,P10,P01-08,0.060764532183796224,0.04048712927922123,0.06572927692961884,1.500835778321822,0.05793345435041132
genfill,sentinel1,quantile,covmat,fsc,expanding,treatment_0001,P09,P01-08,0.05749469874457152,0.04178340636967664,0.055482939194608547,1.3760175088620108,0.05793345435041132
genfill,sentinel1,quantile,covmat,fsc,expanding,treatment_0001,P10,P01-09,0.06117745095922344,0.04048712927922123,0.06572927692961884,1.511034544763856,0.05797562333609731
genfill,sentinel1,quantile,covmat,afsc,frozen_joint,treatment_0001,P09,P01-08,0.05749469874537719,0.04178340636967664,0.055482939194608547,1.3760175088812927,0.057933454350411265
genfill,sentinel1,quantile,covmat,afsc,frozen_joint,treatment_0001,P10,P01-08,0.060764532183223266,0.04048712927922123,0.06572927692961884,1.5008357783076702,0.057933454350411265
genfill,sentinel1,quantile,covmat,afsc,expanding,treatment_0001,P09,P01-08,0.05749469874537719,0.04178340636967664,0.055482939194608547,1.3760175088812927,0.057933454350411265
genfill,sentinel1,quantile,covmat,afsc,expanding,treatment_0001,P10,P01-09,0.06117745095960257,0.04048712927922123,0.06572927692961884,1.5110345447732203,0.057975623336164926
genfill,sentinel1,quantile,covmat,fsc,frozen_joint,treatment_0002,P09,P01-08,0.060008628204169634,0.045980036918740544,0.05889374229446482,1.3051017838507066,0.05810872430757292
genfill,sentinel1,quantile,covmat,fsc,frozen_joint,treatment_0002,P10,P01-08,0.053822964256363105,0.0411423304848611,0.05511643133240834,1.3082137939698877,0.05810872430757292
genfill,sentinel1,quantile,covmat,fsc,expanding,treatment_0002,P09,P01-08,0.060008628204169634,0.045980036918740544,0.05889374229446482,1.3051017838507066,0.05810872430757292
genfill,sentinel1,quantile,covmat,fsc,expanding,treatment_0002,P10,P01-09,0.053470590746010765,0.0411423304848611,0.05511643133240834,1.2996490504028697,0.05815920693207024
genfill,sentinel1,quantile,covmat,afsc,frozen_joint,treatment_0002,P09,P01-08,0.06000862820341977,0.045980036918740544,0.05889374229446482,1.3051017838343981,0.058108724307572725
genfill,sentinel1,quantile,covmat,afsc,frozen_joint,treatment_0002,P10,P01-08,0.05382296425543351,0.0411423304848611,0.05511643133240834,1.3082137939472929,0.058108724307572725
genfill,sentinel1,quantile,covmat,afsc,expanding,treatment_0002,P09,P01-08,0.06000862820341977,0.045980036918740544,0.05889374229446482,1.3051017838343981,0.058108724307572725
genfill,sentinel1,quantile,covmat,afsc,expanding,treatment_0002,P10,P01-09,0.05347059074546664,0.0411423304848611,0.05511643133240834,1.2996490503896443,0.05815920693210762
genfill,sentinel1,quantile,covmat,fsc,frozen_joint,treatment_0003,P09,P01-08,0.05294656327565456,0.0547673049255103,0.05492370493599084,0.9667549525701117,0.0477639529654845
genfill,sentinel1,quantile,covmat,fsc,frozen_joint,treatment_0003,P10,P01-08,0.047834884786920225,0.04919537137277927,0.05185184332620901,0.972345231921314,0.0477639529654845
genfill,sentinel1,quantile,covmat,fsc,expanding,treatment_0003,P09,P01-08,0.05294656327565456,0.0547673049255103,0.05492370493599084,0.9667549525701117,0.0477639529654845
genfill,sentinel1,quantile,covmat,fsc,expanding,treatment_0003,P10,P01-09,0.04753288927173163,0.04919537137277927,0.05185184332620901,0.9662065341787923,0.04780862917168748
genfill,sentinel1,quantile,covmat,afsc,frozen_joint,treatment_0003,P09,P01-08,0.05294656353781341,0.0547673049255103,0.05492370493599084,0.9667549573568882,0.04776395295625899
genfill,sentinel1,quantile,covmat,afsc,frozen_joint,treatment_0003,P10,P01-08,0.04783488487060668,0.04919537137277927,0.05185184332620901,0.9723452336224181,0.04776395295625899
genfill,sentinel1,quantile,covmat,afsc,expanding,treatment_0003,P09,P01-08,0.05294656353781341,0.0547673049255103,0.05492370493599084,0.9667549573568882,0.04776395295625899
genfill,sentinel1,quantile,covmat,afsc,expanding,treatment_0003,P10,P01-09,0.04753288927265288,0.04919537137277927,0.05185184332620901,0.9662065341975187,0.04780862917174664
genfill,sentinel1,quantile,covmat,fsc,frozen_joint,treatment_0004,P09,P01-08,0.04791526806828901,0.05055082593608895,0.052359834186080076,0.9478632085827429,0.05584640181280205
genfill,sentinel1,quantile,covmat,fsc,frozen_joint,treatment_0004,P10,P01-08,0.06442830078166854,0.04888069594659318,0.06624263482043878,1.3180724933225705,0.05584640181280205
genfill,sentinel1,quantile,covmat,fsc,expanding,treatment_0004,P09,P01-08,0.04791526806828901,0.05055082593608895,0.052359834186080076,0.9478632085827429,0.05584640181280205
genfill,sentinel1,quantile,covmat,fsc,expanding,treatment_0004,P10,P01-09,0.06422663813825352,0.04888069594659318,0.06624263482043878,1.3139468842347752,0.055858190606302816
genfill,sentinel1,quantile,covmat,afsc,frozen_joint,treatment_0004,P09,P01-08,0.047915268068109244,0.05055082593608895,0.052359834186080076,0.9478632085791867,0.05584640181280162
genfill,sentinel1,quantile,covmat,afsc,frozen_joint,treatment_0004,P10,P01-08,0.06442830078092318,0.04888069594659318,0.06624263482043878,1.318072493307322,0.05584640181280162
genfill,sentinel1,quantile,covmat,afsc,expanding,treatment_0004,P09,P01-08,0.047915268068109244,0.05055082593608895,0.052359834186080076,0.9478632085791867,0.05584640181280162
genfill,sentinel1,quantile,covmat,afsc,expanding,treatment_0004,P10,P01-09,0.06422663814069471,0.04888069594659318,0.06624263482043878,1.313946884284717,0.05585819060624911
genfill,sentinel1,quantile,covmat,fsc,frozen_joint,treatment_0005,P09,P01-08,0.05272997959237901,0.04563912852921124,0.056944411635972296,1.155367801526475,0.05536563176725276
genfill,sentinel1,quantile,covmat,fsc,frozen_joint,treatment_0005,P10,P01-08,0.05531653788674814,0.058794584611058964,0.0532113001484297,0.9408440973378929,0.05536563176725276
genfill,sentinel1,quantile,covmat,fsc,expanding,treatment_0005,P09,P01-08,0.05272997959237901,0.04563912852921124,0.056944411635972296,1.155367801526475,0.05536563176725276
genfill,sentinel1,quantile,covmat,fsc,expanding,treatment_0005,P10,P01-09,0.05512237718055195,0.058794584611058964,0.0532113001484297,0.9375417403694644,0.055407081760101916
genfill,sentinel1,quantile,covmat,afsc,frozen_joint,treatment_0005,P09,P01-08,0.05272997959049296,0.04563912852921124,0.056944411635972296,1.1553678014851496,0.05536563176725206
genfill,sentinel1,quantile,covmat,afsc,frozen_joint,treatment_0005,P10,P01-08,0.0553165378844321,0.058794584611058964,0.0532113001484297,0.9408440972985009,0.05536563176725206
genfill,sentinel1,quantile,covmat,afsc,expanding,treatment_0005,P09,P01-08,0.05272997959049296,0.04563912852921124,0.056944411635972296,1.1553678014851496,0.05536563176725206
genfill,sentinel1,quantile,covmat,afsc,expanding,treatment_0005,P10,P01-09,0.055122377176531276,0.058794584611058964,0.0532113001484297,0.9375417403010793,0.055407081760217296
genfill,sentinel1,quantile,covmat,fsc,frozen_joint,treatment_0006,P09,P01-08,0.053563388107889603,0.05699667503730989,0.06927258677541154,0.9397633822118069,0.054894229475191396
genfill,sentinel1,quantile,covmat,fsc,frozen_joint,treatment_0006,P10,P01-08,0.06600275324302111,0.04779795266701265,0.07216474934545507,1.380869881662784,0.054894229475191396
genfill,sentinel1,quantile,covmat,fsc,expanding,treatment_0006,P09,P01-08,0.053563388107889603,0.05699667503730989,0.06927258677541154,0.9397633822118069,0.054894229475191396
genfill,sentinel1,quantile,covmat,fsc,expanding,treatment_0006,P10,P01-09,0.0661792299561496,0.04779795266701265,0.07216474934545507,1.3845620212478813,0.054900474164214806
genfill,sentinel1,quantile,covmat,afsc,frozen_joint,treatment_0006,P09,P01-08,0.053563387575391946,0.05699667503730989,0.06927258677541154,0.9397633728691978,0.05489422909774288
genfill,sentinel1,quantile,covmat,afsc,frozen_joint,treatment_0006,P10,P01-08,0.06600275213442436,0.04779795266701265,0.07216474934545507,1.38086985846939,0.05489422909774288
genfill,sentinel1,quantile,covmat,afsc,expanding,treatment_0006,P09,P01-08,0.053563387575391946,0.05699667503730989,0.06927258677541154,0.9397633728691978,0.05489422909774288
genfill,sentinel1,quantile,covmat,afsc,expanding,treatment_0006,P10,P01-09,0.06617922924180164,0.04779795266701265,0.07216474934545507,1.3845620063027233,0.05490047379828455
genfill,sentinel1,quantile,covmat,fsc,frozen_joint,treatment_0007,P09,P01-08,0.06983433388225949,0.054027038298970716,0.06138918977051498,1.2925811978775434,0.0686087114606911
genfill,sentinel1,quantile,covmat,fsc,frozen_joint,treatment_0007,P10,P01-08,0.06865760361774692,0.06008597394908311,0.06308051258932879,1.1426560826978924,0.0686087114606911
genfill,sentinel1,quantile,covmat,fsc,expanding,treatment_0007,P09,P01-08,0.06983433388225949,0.054027038298970716,0.06138918977051498,1.2925811978775434,0.0686087114606911
genfill,sentinel1,quantile,covmat,fsc,expanding,treatment_0007,P10,P01-09,0.06777847232170046,0.06008597394908311,0.06308051258932879,1.1280248594977587,0.06866755831623962
genfill,sentinel1,quantile,covmat,afsc,frozen_joint,treatment_0007,P09,P01-08,0.06983433703334684,0.054027038298970716,0.06138918977051498,1.2925812562018093,0.06860871112564229
genfill,sentinel1,quantile,covmat,afsc,frozen_joint,treatment_0007,P10,P01-08,0.06865760487037778,0.06008597394908311,0.06308051258932879,1.1426561035452014,0.06860871112564229
genfill,sentinel1,quantile,covmat,afsc,expanding,treatment_0007,P09,P01-08,0.06983433703334684,0.054027038298970716,0.06138918977051498,1.2925812562018093,0.06860871112564229
genfill,sentinel1,quantile,covmat,afsc,expanding,treatment_0007,P10,P01-09,0.0677784727041773,0.06008597394908311,0.06308051258932879,1.1280248658632517,0.0686675581620743
genfill,sentinel1,quantile,covmat,fsc,frozen_joint,treatment_0008,P09,P01-08,0.05760126193377781,0.05145349008014611,0.06218142471661275,1.1194821156748682,0.05738126515827917
genfill,sentinel1,quantile,covmat,fsc,frozen_joint,treatment_0008,P10,P01-08,0.0585080489242285,0.05350360758340054,0.0637253802808209,1.09353465246296,0.05738126515827917
genfill,sentinel1,quantile,covmat,fsc,expanding,treatment_0008,P09,P01-08,0.05760126193377781,0.05145349008014611,0.06218142471661275,1.1194821156748682,0.05738126515827917
genfill,sentinel1,quantile,covmat,fsc,expanding,treatment_0008,P10,P01-09,0.05871465534961155,0.05350360758340054,0.0637253802808209,1.0973961944171358,0.0574086168144761
genfill,sentinel1,quantile,covmat,afsc,frozen_joint,treatment_0008,P09,P01-08,0.057601261158481465,0.05145349008014611,0.06218142471661275,1.1194821006069624,0.057381264936846116
genfill,sentinel1,quantile,covmat,afsc,frozen_joint,treatment_0008,P10,P01-08,0.05850804823664125,0.05350360758340054,0.0637253802808209,1.0935346396117285,0.057381264936846116
genfill,sentinel1,quantile,covmat,afsc,expanding,treatment_0008,P09,P01-08,0.057601261158481465,0.05145349008014611,0.06218142471661275,1.1194821006069624,0.057381264936846116
genfill,sentinel1,quantile,covmat,afsc,expanding,treatment_0008,P10,P01-09,0.05871465452724642,0.05350360758340054,0.0637253802808209,1.0973961790468612,0.057408616558638985
genfill,sentinel1,quantile,covmat,fsc,frozen_joint,treatment_0009,P09,P01-08,0.042036201676874774,0.046255460435593226,0.04271077105212025,0.9087835529257479,0.055305212020841765
genfill,sentinel1,quantile,covmat,fsc,frozen_joint,treatment_0009,P10,P01-08,0.05244182523775922,0.05212456241577241,0.05327725896512739,1.0060866280172513,0.055305212020841765
genfill,sentinel1,quantile,covmat,fsc,expanding,treatment_0009,P09,P01-08,0.042036201676874774,0.046255460435593226,0.04271077105212025,0.9087835529257479,0.055305212020841765
genfill,sentinel1,quantile,covmat,fsc,expanding,treatment_0009,P10,P01-09,0.052107803147803305,0.05212456241577241,0.05327725896512739,0.9996784765724185,0.055331306717047765
genfill,sentinel1,quantile,covmat,afsc,frozen_joint,treatment_0009,P09,P01-08,0.04203620167601406,0.046255460435593226,0.04271077105212025,0.9087835529071401,0.05530521202084128
genfill,sentinel1,quantile,covmat,afsc,frozen_joint,treatment_0009,P10,P01-08,0.05244182523640887,0.05212456241577241,0.05327725896512739,1.0060866279913452,0.05530521202084128
genfill,sentinel1,quantile,covmat,afsc,expanding,treatment_0009,P09,P01-08,0.04203620167601406,0.046255460435593226,0.04271077105212025,0.9087835529071401,0.05530521202084128
genfill,sentinel1,quantile,covmat,afsc,expanding,treatment_0009,P10,P01-09,0.05210780314837593,0.05212456241577241,0.05327725896512739,0.9996784765834043,0.055331306716945146
genfill,sentinel1,quantile,covmat,fsc,frozen_joint,treatment_0010,P09,P01-08,0.04496611707898138,0.05376566136959762,0.0470001074093853,0.836335235790626,0.05170551315640229
genfill,sentinel1,quantile,covmat,fsc,frozen_joint,treatment_0010,P10,P01-08,0.04952554336698518,0.051488198173263645,0.05575756061738853,0.961881462628117,0.05170551315640229
genfill,sentinel1,quantile,covmat,fsc,expanding,treatment_0010,P09,P01-08,0.04496611707898138,0.05376566136959762,0.0470001074093853,0.836335235790626,0.05170551315640229
genfill,sentinel1,quantile,covmat,fsc,expanding,treatment_0010,P10,P01-09,0.0493800852786937,0.051488198173263645,0.05575756061738853,0.9590563863300109,0.051724269872546816
genfill,sentinel1,quantile,covmat,afsc,frozen_joint,treatment_0010,P09,P01-08,0.044966117080265156,0.05376566136959762,0.0470001074093853,0.8363352358145032,0.051705513156403
genfill,sentinel1,quantile,covmat,afsc,frozen_joint,treatment_0010,P10,P01-08,0.049525543369400654,0.051488198173263645,0.05575756061738853,0.9618814626750302,0.051705513156403
genfill,sentinel1,quantile,covmat,afsc,expanding,treatment_0010,P09,P01-08,0.044966117080265156,0.05376566136959762,0.0470001074093853,0.8363352358145032,0.051705513156403
genfill,sentinel1,quantile,covmat,afsc,expanding,treatment_0010,P10,P01-09,0.04938008527811647,0.051488198173263645,0.05575756061738853,0.9590563863188,0.051724269872605574
genfill,sentinel1,combined,covmat,fsc,frozen_joint,treatment_0001,P09,P01-08,0.08812547091169172,0.06356297256944479,0.08552088043018563,1.3864277794027258,0.08881502658350272
genfill,sentinel1,combined,covmat,fsc,frozen_joint,treatment_0001,P10,P01-08,0.09423673025464713,0.061272508674030425,0.10345070497736769,1.5379936662294384,0.08881502658350272
genfill,sentinel1,combined,covmat,fsc,expanding,treatment_0001,P09,P01-08,0.08812547091169172,0.06356297256944479,0.08552088043018563,1.3864277794027258,0.08881502658350272
genfill,sentinel1,combined,covmat,fsc,expanding,treatment_0001,P10,P01-09,0.09491216472651233,0.061272508674030425,0.10345070497736769,1.5490171168189764,0.08887542964568632
genfill,sentinel1,combined,covmat,afsc,frozen_joint,treatment_0001,P09,P01-08,0.08812547091300509,0.06356297256944479,0.08552088043018563,1.3864277794233884,0.08881502658350009
genfill,sentinel1,combined,covmat,afsc,frozen_joint,treatment_0001,P10,P01-08,0.09423673025900829,0.061272508674030425,0.10345070497736769,1.537993666300615,0.08881502658350009
genfill,sentinel1,combined,covmat,afsc,expanding,treatment_0001,P09,P01-08,0.08812547091300509,0.06356297256944479,0.08552088043018563,1.3864277794233884,0.08881502658350009
genfill,sentinel1,combined,covmat,afsc,expanding,treatment_0001,P10,P01-09,0.094912164725234,0.061272508674030425,0.10345070497736769,1.5490171167981135,0.08887542964570691
genfill,sentinel1,combined,covmat,fsc,frozen_joint,treatment_0002,P09,P01-08,0.09328844833111635,0.07114659771205857,0.09143194059421612,1.3112144688726974,0.08904523739349055
genfill,sentinel1,combined,covmat,fsc,frozen_joint,treatment_0002,P10,P01-08,0.08257051616867905,0.06315955018403617,0.08511790573063975,1.3073322391955395,0.08904523739349055
genfill,sentinel1,combined,covmat,fsc,expanding,treatment_0002,P09,P01-08,0.09328844833111635,0.07114659771205857,0.09143194059421612,1.3112144688726974,0.08904523739349055
genfill,sentinel1,combined,covmat,fsc,expanding,treatment_0002,P10,P01-09,0.08202214511597052,0.06315955018403617,0.08511790573063975,1.2986499251019357,0.08914464175920192
genfill,sentinel1,combined,covmat,afsc,frozen_joint,treatment_0002,P09,P01-08,0.09328844834061764,0.07114659771205857,0.09143194059421612,1.3112144690062426,0.0890452373934887
genfill,sentinel1,combined,covmat,afsc,frozen_joint,treatment_0002,P10,P01-08,0.08257051617536727,0.06315955018403617,0.08511790573063975,1.3073322393014335,0.0890452373934887
genfill,sentinel1,combined,covmat,afsc,expanding,treatment_0002,P09,P01-08,0.09328844834061764,0.07114659771205857,0.09143194059421612,1.3112144690062426,0.0890452373934887
genfill,sentinel1,combined,covmat,afsc,expanding,treatment_0002,P10,P01-09,0.08202214511191655,0.06315955018403617,0.08511790573063975,1.2986499250377495,0.08914464175922843
genfill,sentinel1,combined,covmat,fsc,frozen_joint,treatment_0003,P09,P01-08,0.08179333759579992,0.08609675589735766,0.08615973490566121,0.9500164871869485,0.07258966237194846
genfill,sentinel1,combined,covmat,fsc,frozen_joint,treatment_0003,P10,P01-08,0.07218807199898879,0.07643263905923607,0.07997096172547405,0.9444665641211512,0.07258966237194846
genfill,sentinel1,combined,covmat,fsc,expanding,treatment_0003,P09,P01-08,0.08179333759579992,0.08609675589735766,0.08615973490566121,0.9500164871869485,0.07258966237194846
genfill,sentinel1,combined,covmat,fsc,expanding,treatment_0003,P10,P01-09,0.07167032663776941,0.07643263905923607,0.07997096172547405,0.9376926862648846,0.07267833179051354
genfill,sentinel1,combined,covmat,afsc,frozen_joint,treatment_0003,P09,P01-08,0.08179333824165969,0.08609675589735766,0.08615973490566121,0.9500164946885061,0.07258966235620122
genfill,sentinel1,combined,covmat,afsc,frozen_joint,treatment_0003,P10,P01-08,0.07218807216570869,0.07643263905923607,0.07997096172547405,0.944466566302417,0.07258966235620122
genfill,sentinel1,combined,covmat,afsc,expanding,treatment_0003,P09,P01-08,0.08179333824165969,0.08609675589735766,0.08615973490566121,0.9500164946885061,0.07258966235620122
genfill,sentinel1,combined,covmat,afsc,expanding,treatment_0003,P10,P01-09,0.07167032663310186,0.07643263905923607,0.07997096172547405,0.937692686203817,0.07267833179030371
genfill,sentinel1,combined,covmat,fsc,frozen_joint,treatment_0004,P09,P01-08,0.0732073625874293,0.07764460297602531,0.0812822877404247,0.9428519147690649,0.08592736053348571
genfill,sentinel1,combined,covmat,fsc,frozen_joint,treatment_0004,P10,P01-08,0.10063674105628174,0.07557472730113313,0.10445753572141954,1.3316189770065217,0.08592736053348571
genfill,sentinel1,combined,covmat,fsc,expanding,treatment_0004,P09,P01-08,0.0732073625874293,0.07764460297602531,0.0812822877404247,0.9428519147690649,0.08592736053348571
genfill,sentinel1,combined,covmat,fsc,expanding,treatment_0004,P10,P01-09,0.10039218545574631,0.07557472730113313,0.10445753572141954,1.3283830328057444,0.0859457616959565
genfill,sentinel1,combined,covmat,afsc,frozen_joint,treatment_0004,P09,P01-08,0.07320736258701296,0.07764460297602531,0.0812822877404247,0.9428519147637029,0.08592736053348457
genfill,sentinel1,combined,covmat,afsc,frozen_joint,treatment_0004,P10,P01-08,0.10063674105257463,0.07557472730113313,0.10445753572141954,1.3316189769574693,0.08592736053348457
genfill,sentinel1,combined,covmat,afsc,expanding,treatment_0004,P09,P01-08,0.07320736258701296,0.07764460297602531,0.0812822877404247,0.9428519147637029,0.08592736053348457
genfill,sentinel1,combined,covmat,afsc,expanding,treatment_0004,P10,P01-09,0.10039218545678258,0.07557472730113313,0.10445753572141954,1.3283830328194561,0.08594576169571491
genfill,sentinel1,combined,covmat,fsc,frozen_joint,treatment_0005,P09,P01-08,0.07965228683452123,0.0701548626126369,0.08664090947830555,1.135377989040115,0.08438540257449781
genfill,sentinel1,combined,covmat,fsc,frozen_joint,treatment_0005,P10,P01-08,0.0841964904236299,0.09125346138940213,0.08090805774573658,0.9226662653851746,0.08438540257449781
genfill,sentinel1,combined,covmat,fsc,expanding,treatment_0005,P09,P01-08,0.07965228683452123,0.0701548626126369,0.08664090947830555,1.135377989040115,0.08438540257449781
genfill,sentinel1,combined,covmat,fsc,expanding,treatment_0005,P10,P01-09,0.0838003792596224,0.09125346138940213,0.08090805774573658,0.9183254857810215,0.08445872436090922
genfill,sentinel1,combined,covmat,afsc,frozen_joint,treatment_0005,P09,P01-08,0.07965228683633219,0.0701548626126369,0.08664090947830555,1.1353779890659288,0.084385402574493
genfill,sentinel1,combined,covmat,afsc,frozen_joint,treatment_0005,P10,P01-08,0.08419649042114304,0.09125346138940213,0.08090805774573658,0.9226662653579224,0.084385402574493
genfill,sentinel1,combined,covmat,afsc,expanding,treatment_0005,P09,P01-08,0.07965228683633219,0.0701548626126369,0.08664090947830555,1.1353779890659288,0.084385402574493
genfill,sentinel1,combined,covmat,afsc,expanding,treatment_0005,P10,P01-09,0.08380038024860924,0.09125346138940213,0.08090805774573658,0.9183254966188223,0.08445872435382953
genfill,sentinel1,combined,covmat,fsc,frozen_joint,treatment_0006,P09,P01-08,0.08430344272899554,0.08721325950247424,0.11315087273138083,0.966635614927382,0.08480988594960016
genfill,sentinel1,combined,covmat,fsc,frozen_joint,treatment_0006,P10,P01-08,0.10164576786358212,0.0733539575703735,0.11378593731065587,1.3856889420869534,0.08480988594960016
genfill,sentinel1,combined,covmat,fsc,expanding,treatment_0006,P09,P01-08,0.08430344272899554,0.08721325950247424,0.11315087273138083,0.966635614927382,0.08480988594960016
genfill,sentinel1,combined,covmat,fsc,expanding,treatment_0006,P10,P01-09,0.10195197243047213,0.0733539575703735,0.11378593731065587,1.3898632849176895,0.0848207235952429
genfill,sentinel1,combined,covmat,afsc,frozen_joint,treatment_0006,P09,P01-08,0.08430343156867245,0.08721325950247424,0.11315087273138083,0.9666354869614839,0.084809877116718
genfill,sentinel1,combined,covmat,afsc,frozen_joint,treatment_0006,P10,P01-08,0.10164575289997509,0.0733539575703735,0.11378593731065587,1.3856887380951373,0.084809877116718
genfill,sentinel1,combined,covmat,afsc,expanding,treatment_0006,P09,P01-08,0.08430343156867245,0.08721325950247424,0.11315087273138083,0.9666354869614839,0.084809877116718
genfill,sentinel1,combined,covmat,afsc,expanding,treatment_0006,P10,P01-09,0.10195195783967562,0.0733539575703735,0.11378593731065587,1.3898630860082237,0.08482071438197501
genfill,sentinel1,combined,covmat,fsc,frozen_joint,treatment_0007,P09,P01-08,0.1106300528611787,0.0854559299486456,0.09577232996732803,1.294586027296893,0.10970308910291708
genfill,sentinel1,combined,covmat,fsc,frozen_joint,treatment_0007,P10,P01-08,0.10812713018666238,0.09137546962266481,0.09711655928931137,1.1833277643679818,0.10970308910291708
genfill,sentinel1,combined,covmat,fsc,expanding,treatment_0007,P09,P01-08,0.1106300528611787,0.0854559299486456,0.09577232996732803,1.294586027296893,0.10970308910291708
genfill,sentinel1,combined,covmat,fsc,expanding,treatment_0007,P10,P01-09,0.10659197028399556,0.09137546962266481,0.09711655928931137,1.1665271951451228,0.10978569432735737
genfill,sentinel1,combined,covmat,afsc,frozen_joint,treatment_0007,P09,P01-08,0.1106300750169202,0.0854559299486456,0.09577232996732803,1.294586286562008,0.10970308500328081
genfill,sentinel1,combined,covmat,afsc,frozen_joint,treatment_0007,P10,P01-08,0.10812714069342515,0.09137546962266481,0.09711655928931137,1.1833278793524826,0.10970308500328081
genfill,sentinel1,combined,covmat,afsc,expanding,treatment_0007,P09,P01-08,0.1106300750169202,0.0854559299486456,0.09577232996732803,1.294586286562008,0.10970308500328081
genfill,sentinel1,combined,covmat,afsc,expanding,treatment_0007,P10,P01-09,0.10659197718888871,0.09137546962266481,0.09711655928931137,1.1665272707112806,0.10978569054995119
genfill,sentinel1,combined,covmat,fsc,frozen_joint,treatment_0008,P09,P01-08,0.0877523251717953,0.07942253153558329,0.09631187454342599,1.1048794778403666,0.08847856106090919
genfill,sentinel1,combined,covmat,fsc,frozen_joint,treatment_0008,P10,P01-08,0.09165624576865125,0.08352884327412154,0.10050754831753662,1.097300551234231,0.08847856106090919
genfill,sentinel1,combined,covmat,fsc,expanding,treatment_0008,P09,P01-08,0.0877523251717953,0.07942253153558329,0.09631187454342599,1.1048794778403666,0.08847856106090919
genfill,sentinel1,combined,covmat,fsc,expanding,treatment_0008,P10,P01-09,0.09199192696817216,0.08352884327412154,0.10050754831753662,1.1013192971711199,0.08852484653966289
genfill,sentinel1,combined,covmat,afsc,frozen_joint,treatment_0008,P09,P01-08,0.08775232060149296,0.07942253153558329,0.09631187454342599,1.1048794202962129,0.08847855940082217
genfill,sentinel1,combined,covmat,afsc,frozen_joint,treatment_0008,P10,P01-08,0.09165624202651441,0.08352884327412154,0.10050754831753662,1.0973005064336965,0.08847855940082217
genfill,sentinel1,combined,covmat,afsc,expanding,treatment_0008,P09,P01-08,0.08775232060149296,0.07942253153558329,0.09631187454342599,1.1048794202962129,0.08847855940082217
genfill,sentinel1,combined,covmat,afsc,expanding,treatment_0008,P10,P01-09,0.09199192272714346,0.08352884327412154,0.10050754831753662,1.1013192463978956,0.08852484465728752
genfill,sentinel1,combined,covmat,fsc,frozen_joint,treatment_0009,P09,P01-08,0.06411518486477988,0.07228841950515542,0.06594358426646808,0.886935767909649,0.0847339414267003
genfill,sentinel1,combined,covmat,fsc,frozen_joint,treatment_0009,P10,P01-08,0.07950548673541676,0.08083298174021228,0.08132664739356145,0.983577309951748,0.0847339414267003
genfill,sentinel1,combined,covmat,fsc,expanding,treatment_0009,P09,P01-08,0.06411518486477988,0.07228841950515542,0.06594358426646808,0.886935767909649,0.0847339414267003
genfill,sentinel1,combined,covmat,fsc,expanding,treatment_0009,P10,P01-09,0.07907377374955316,0.08083298174021228,0.08132664739356145,0.9782365075148036,0.08476852073308902
genfill,sentinel1,combined,covmat,afsc,frozen_joint,treatment_0009,P09,P01-08,0.06411518486767728,0.07228841950515542,0.06594358426646808,0.8869357679497302,0.08473394142669713
genfill,sentinel1,combined,covmat,afsc,frozen_joint,treatment_0009,P10,P01-08,0.0795054867422157,0.08083298174021228,0.08132664739356145,0.983577310035859,0.08473394142669713
genfill,sentinel1,combined,covmat,afsc,expanding,treatment_0009,P09,P01-08,0.06411518486767728,0.07228841950515542,0.06594358426646808,0.8869357679497302,0.08473394142669713
genfill,sentinel1,combined,covmat,afsc,expanding,treatment_0009,P10,P01-09,0.079073773749505,0.08083298174021228,0.08132664739356145,0.9782365075142079,0.08476852073313638
genfill,sentinel1,combined,covmat,fsc,frozen_joint,treatment_0010,P09,P01-08,0.06848562158296147,0.08340463687731331,0.07256902536287962,0.8211248696364755,0.07898794937258714
genfill,sentinel1,combined,covmat,fsc,frozen_joint,treatment_0010,P10,P01-08,0.07614497905089226,0.08002376478439292,0.08685820871548468,0.9515295769456583,0.07898794937258714
genfill,sentinel1,combined,covmat,fsc,expanding,treatment_0010,P09,P01-08,0.06848562158296147,0.08340463687731331,0.07256902536287962,0.8211248696364755,0.07898794937258714
genfill,sentinel1,combined,covmat,fsc,expanding,treatment_0010,P10,P01-09,0.0759917598517231,0.08002376478439292,0.08685820871548468,0.9496149057279022,0.07901615981475804
genfill,sentinel1,combined,covmat,afsc,frozen_joint,treatment_0010,P09,P01-08,0.06848562159204698,0.08340463687731331,0.07256902536287962,0.8211248697454084,0.07898794937258487
genfill,sentinel1,combined,covmat,afsc,frozen_joint,treatment_0010,P10,P01-08,0.07614497905039848,0.08002376478439292,0.08685820871548468,0.9515295769394878,0.07898794937258487
genfill,sentinel1,combined,covmat,afsc,expanding,treatment_0010,P09,P01-08,0.06848562159204698,0.08340463687731331,0.07256902536287962,0.8211248697454084,0.07898794937258487
genfill,sentinel1,combined,covmat,afsc,expanding,treatment_0010,P10,P01-09,0.07599175985222495,0.08002376478439292,0.08685820871548468,0.9496149057341734,0.07901615981381457
genfill,sentinel2,chip_mean,covmat,fsc,frozen_joint,treatment_0001,P09,P01-08,0.04142684746199036,0.03266949392412786,0.04623361142491308,1.2680590509972611,0.04094917555264929
genfill,sentinel2,chip_mean,covmat,fsc,frozen_joint,treatment_0001,P10,P01-08,0.07022540751728919,0.06939944340773248,0.0788019447301955,1.0119015955892332,0.04094917555264929
genfill,sentinel2,chip_mean,covmat,fsc,expanding,treatment_0001,P09,P01-08,0.04142684746199036,0.03266949392412786,0.04623361142491308,1.2680590509972611,0.04094917555264929
genfill,sentinel2,chip_mean,covmat,fsc,expanding,treatment_0001,P10,P01-09,0.0639568058348494,0.06939944340773248,0.0788019447301955,0.9215751985083406,0.04113990771380582
genfill,sentinel2,chip_mean,covmat,afsc,frozen_joint,treatment_0001,P09,P01-08,0.041426849888573904,0.03266949392412786,0.04623361142491308,1.2680591252740023,0.040949174435786946
genfill,sentinel2,chip_mean,covmat,afsc,frozen_joint,treatment_0001,P10,P01-08,0.07022540403099072,0.06939944340773248,0.0788019447301955,1.0119015453539821,0.040949174435786946
genfill,sentinel2,chip_mean,covmat,afsc,expanding,treatment_0001,P09,P01-08,0.041426849888573904,0.03266949392412786,0.04623361142491308,1.2680591252740023,0.040949174435786946
genfill,sentinel2,chip_mean,covmat,afsc,expanding,treatment_0001,P10,P01-09,0.06395680368077875,0.06939944340773248,0.0788019447301955,0.9215751674696095,0.04113990674724036
genfill,sentinel2,chip_mean,covmat,fsc,frozen_joint,treatment_0002,P09,P01-08,0.0461287253633574,0.011899706765524504,0.06524124822926781,3.87645899788054,0.06650860681510322
genfill,sentinel2,chip_mean,covmat,fsc,frozen_joint,treatment_0002,P10,P01-08,0.038659574658133536,0.0372684926121608,0.049873137868834024,1.0373259541363586,0.06650860681510322
genfill,sentinel2,chip_mean,covmat,fsc,expanding,treatment_0002,P09,P01-08,0.0461287253633574,0.011899706765524504,0.06524124822926781,3.87645899788054,0.06650860681510322
genfill,sentinel2,chip_mean,covmat,fsc,expanding,treatment_0002,P10,P01-09,0.035706647314197926,0.0372684926121608,0.049873137868834024,0.9580920721904046,0.06678672181652816
genfill,sentinel2,chip_mean,covmat,afsc,frozen_joint,treatment_0002,P09,P01-08,0.0461287239386226,0.011899706765524504,0.06524124822926781,3.876458878151976,0.06650860600371954
genfill,sentinel2,chip_mean,covmat,afsc,frozen_joint,treatment_0002,P10,P01-08,0.03865957344794463,0.0372684926121608,0.049873137868834024,1.0373259216641866,0.06650860600371954
genfill,sentinel2,chip_mean,covmat,afsc,expanding,treatment_0002,P09,P01-08,0.0461287239386226,0.011899706765524504,0.06524124822926781,3.876458878151976,0.06650860600371954
genfill,sentinel2,chip_mean,covmat,afsc,expanding,treatment_0002,P10,P01-09,0.03570664589682999,0.0372684926121608,0.049873137868834024,0.958092034159139,0.06678672086821517
genfill,sentinel2,chip_mean,covmat,fsc,frozen_joint,treatment_0003,P09,P01-08,0.02427842186308535,0.054899354406856456,0.0372608800827629,0.4422351068677264,0.048473053099116474
genfill,sentinel2,chip_mean,covmat,fsc,frozen_joint,treatment_0003,P10,P01-08,0.03114192566553606,0.06831918263989019,0.03467817027258057,0.4558298923112836,0.048473053099116474
genfill,sentinel2,chip_mean,covmat,fsc,expanding,treatment_0003,P09,P01-08,0.02427842186308535,0.054899354406856456,0.0372608800827629,0.4422351068677264,0.048473053099116474
genfill,sentinel2,chip_mean,covmat,fsc,expanding,treatment_0003,P10,P01-09,0.027773959249791997,0.06831918263989019,0.03467817027258057,0.4065323702156727,0.048519029910207255
genfill,sentinel2,chip_mean,covmat,afsc,frozen_joint,treatment_0003,P09,P01-08,0.024278421856213452,0.054899354406856456,0.0372608800827629,0.44223510674255373,0.048473053098174526
genfill,sentinel2,chip_mean,covmat,afsc,frozen_joint,treatment_0003,P10,P01-08,0.031141925690146757,0.06831918263989019,0.03467817027258057,0.45582989267151475,0.048473053098174526
genfill,sentinel2,chip_mean,covmat,afsc,expanding,treatment_0003,P09,P01-08,0.024278421856213452,0.054899354406856456,0.0372608800827629,0.44223510674255373,0.048473053098174526
genfill,sentinel2,chip_mean,covmat,afsc,expanding,treatment_0003,P10,P01-09,0.0277739592694802,0.06831918263989019,0.03467817027258057,0.4065323705038524,0.04851902991021902
genfill,sentinel2,chip_mean,covmat,fsc,frozen_joint,treatment_0004,P09,P01-08,0.013796058697037728,0.04374921992330496,0.009137908262672195,0.31534410719146666,0.022485123874055157
genfill,sentinel2,chip_mean,covmat,fsc,frozen_joint,treatment_0004,P10,P01-08,0.0183569036704722,0.030075288231458008,0.01799421475853603,0.6103650122718136,0.022485123874055157
genfill,sentinel2,chip_mean,covmat,fsc,expanding,treatment_0004,P09,P01-08,0.013796058697037728,0.04374921992330496,0.009137908262672195,0.31534410719146666,0.022485123874055157
genfill,sentinel2,chip_mean,covmat,fsc,expanding,treatment_0004,P10,P01-09,0.017105327252419443,0.030075288231458008,0.01799421475853603,0.5687502351025748,0.022527671362002965
genfill,sentinel2,chip_mean,covmat,afsc,frozen_joint,treatment_0004,P09,P01-08,0.013796058672502925,0.04374921992330496,0.009137908262672195,0.31534410663066115,0.022485123362420145
genfill,sentinel2,chip_mean,covmat,afsc,frozen_joint,treatment_0004,P10,P01-08,0.018356904109230934,0.030075288231458008,0.01799421475853603,0.6103650268604929,0.022485123362420145
genfill,sentinel2,chip_mean,covmat,afsc,expanding,treatment_0004,P09,P01-08,0.013796058672502925,0.04374921992330496,0.009137908262672195,0.31534410663066115,0.022485123362420145
genfill,sentinel2,chip_mean,covmat,afsc,expanding,treatment_0004,P10,P01-09,0.01710532765262648,0.030075288231458008,0.01799421475853603,0.5687502484094145,0.022527670865450385
genfill,sentinel2,chip_mean,covmat,fsc,frozen_joint,treatment_0005,P09,P01-08,0.047484508609812084,0.045008746656164667,0.06782788187306936,1.0550062407327292,0.051501167809466605
genfill,sentinel2,chip_mean,covmat,fsc,frozen_joint,treatment_0005,P10,P01-08,0.02383531052978066,0.025855157202073396,0.03613936037244428,0.9218783836235673,0.051501167809466605
genfill,sentinel2,chip_mean,covmat,fsc,expanding,treatment_0005,P09,P01-08,0.047484508609812084,0.045008746656164667,0.06782788187306936,1.0550062407327292,0.051501167809466605
genfill,sentinel2,chip_mean,covmat,fsc,expanding,treatment_0005,P10,P01-09,0.02439791228078497,0.025855157202073396,0.03613936037244428,0.9436381333944639,0.05162653683211685
genfill,sentinel2,chip_mean,covmat,afsc,frozen_joint,treatment_0005,P09,P01-08,0.047484508593007936,0.045008746656164667,0.06782788187306936,1.0550062403593763,0.051501167809437885
genfill,sentinel2,chip_mean,covmat,afsc,frozen_joint,treatment_0005,P10,P01-08,0.023835310524742814,0.025855157202073396,0.03613936037244428,0.9218783834287186,0.051501167809437885
genfill,sentinel2,chip_mean,covmat,afsc,expanding,treatment_0005,P09,P01-08,0.047484508593007936,0.045008746656164667,0.06782788187306936,1.0550062403593763,0.051501167809437885
genfill,sentinel2,chip_mean,covmat,afsc,expanding,treatment_0005,P10,P01-09,0.024397911939050148,0.025855157202073396,0.03613936037244428,0.9436381201771851,0.051626536817034545
genfill,sentinel2,chip_mean,covmat,fsc,frozen_joint,treatment_0006,P09,P01-08,0.025728746476731935,0.04124814646088092,0.027364009461940793,0.6237552153072542,0.03189396822340036
genfill,sentinel2,chip_mean,covmat,fsc,frozen_joint,treatment_0006,P10,P01-08,0.035698629188233015,0.0342043153321282,0.022873842056879586,1.0436878750998182,0.03189396822340036
genfill,sentinel2,chip_mean,covmat,fsc,expanding,treatment_0006,P09,P01-08,0.025728746476731935,0.04124814646088092,0.027364009461940793,0.6237552153072542,0.03189396822340036
genfill,sentinel2,chip_mean,covmat,fsc,expanding,treatment_0006,P10,P01-09,0.034356690127657456,0.0342043153321282,0.022873842056879586,1.0044548412692866,0.03192247033261613
genfill,sentinel2,chip_mean,covmat,afsc,frozen_joint,treatment_0006,P09,P01-08,0.02572874641413064,0.04124814646088092,0.027364009461940793,0.6237552137895789,0.03189396818028518
genfill,sentinel2,chip_mean,covmat,afsc,frozen_joint,treatment_0006,P10,P01-08,0.03569862935038083,0.0342043153321282,0.022873842056879586,1.0436878798403844,0.03189396818028518
genfill,sentinel2,chip_mean,covmat,afsc,expanding,treatment_0006,P09,P01-08,0.02572874641413064,0.04124814646088092,0.027364009461940793,0.6237552137895789,0.03189396818028518
genfill,sentinel2,chip_mean,covmat,afsc,expanding,treatment_0006,P10,P01-09,0.03435669031932097,0.0342043153321282,0.022873842056879586,1.0044548468727759,0.031922470278976614
genfill,sentinel2,chip_mean,covmat,fsc,frozen_joint,treatment_0007,P09,P01-08,0.05546194670488598,0.020468821220720024,0.019221006184381304,2.7095818614480534,0.07156615847864256
genfill,sentinel2,chip_mean,covmat,fsc,frozen_joint,treatment_0007,P10,P01-08,0.06687724921199698,0.0787595626874466,0.05687148592107544,0.8491317997459686,0.07156615847864256
genfill,sentinel2,chip_mean,covmat,fsc,expanding,treatment_0007,P09,P01-08,0.05546194670488598,0.020468821220720024,0.019221006184381304,2.7095818614480534,0.07156615847864256
genfill,sentinel2,chip_mean,covmat,fsc,expanding,treatment_0007,P10,P01-09,0.06771751946905392,0.0787595626874466,0.05687148592107544,0.8598006027253798,0.07182972474712179
genfill,sentinel2,chip_mean,covmat,afsc,frozen_joint,treatment_0007,P09,P01-08,0.055461948250475596,0.020468821220720024,0.019221006184381304,2.7095819369575125,0.07156615586663112
genfill,sentinel2,chip_mean,covmat,afsc,frozen_joint,treatment_0007,P10,P01-08,0.0668772516561847,0.0787595626874466,0.05687148592107544,0.8491318307795047,0.07156615586663112
genfill,sentinel2,chip_mean,covmat,afsc,expanding,treatment_0007,P09,P01-08,0.055461948250475596,0.020468821220720024,0.019221006184381304,2.7095819369575125,0.07156615586663112
genfill,sentinel2,chip_mean,covmat,afsc,expanding,treatment_0007,P10,P01-09,0.06771752219578234,0.0787595626874466,0.05687148592107544,0.8598006373462984,0.07182972187848845
genfill,sentinel2,chip_mean,covmat,fsc,frozen_joint,treatment_0008,P09,P01-08,0.03142735983666911,0.019257707623803633,0.025953581349124594,1.6319367003901901,0.03396115429316939
genfill,sentinel2,chip_mean,covmat,fsc,frozen_joint,treatment_0008,P10,P01-08,0.04551324983968342,0.07301511532627417,0.01806025884783077,0.6233401075421664,0.03396115429316939
genfill,sentinel2,chip_mean,covmat,fsc,expanding,treatment_0008,P09,P01-08,0.03142735983666911,0.019257707623803633,0.025953581349124594,1.6319367003901901,0.03396115429316939
genfill,sentinel2,chip_mean,covmat,fsc,expanding,treatment_0008,P10,P01-09,0.04473078779067242,0.07301511532627417,0.01806025884783077,0.6126236682745639,0.0339688168086058
genfill,sentinel2,chip_mean,covmat,afsc,frozen_joint,treatment_0008,P09,P01-08,0.031427359797812346,0.019257707623803633,0.025953581349124594,1.6319366983724648,0.03396115414874672
genfill,sentinel2,chip_mean,covmat,afsc,frozen_joint,treatment_0008,P10,P01-08,0.04551325075165036,0.07301511532627417,0.01806025884783077,0.623340120032278,0.03396115414874672
genfill,sentinel2,chip_mean,covmat,afsc,expanding,treatment_0008,P09,P01-08,0.031427359797812346,0.019257707623803633,0.025953581349124594,1.6319366983724648,0.03396115414874672
genfill,sentinel2,chip_mean,covmat,afsc,expanding,treatment_0008,P10,P01-09,0.044730788825167435,0.07301511532627417,0.01806025884783077,0.612623682442795,0.03396881662633975
genfill,sentinel2,chip_mean,covmat,fsc,frozen_joint,treatment_0009,P09,P01-08,0.01511333768134182,0.029210190096416025,0.016324565137104147,0.5173994976224467,0.0486889247263122
genfill,sentinel2,chip_mean,covmat,fsc,frozen_joint,treatment_0009,P10,P01-08,0.02059593269576022,0.06266567401409213,0.014212351792352768,0.3286637065633196,0.0486889247263122
genfill,sentinel2,chip_mean,covmat,fsc,expanding,treatment_0009,P09,P01-08,0.01511333768134182,0.029210190096416025,0.016324565137104147,0.5173994976224467,0.0486889247263122
genfill,sentinel2,chip_mean,covmat,fsc,expanding,treatment_0009,P10,P01-09,0.020547273567153104,0.06266567401409213,0.014212351792352768,0.3278872188071012,0.048704087276839704
genfill,sentinel2,chip_mean,covmat,afsc,frozen_joint,treatment_0009,P09,P01-08,0.015113337681340443,0.029210190096416025,0.016324565137104147,0.5173994976223996,0.0486889247263118
genfill,sentinel2,chip_mean,covmat,afsc,frozen_joint,treatment_0009,P10,P01-08,0.020595932695446628,0.06266567401409213,0.014212351792352768,0.3286637065583154,0.0486889247263118
genfill,sentinel2,chip_mean,covmat,afsc,expanding,treatment_0009,P09,P01-08,0.015113337681340443,0.029210190096416025,0.016324565137104147,0.5173994976223996,0.0486889247263118
genfill,sentinel2,chip_mean,covmat,afsc,expanding,treatment_0009,P10,P01-09,0.020547273566785252,0.06266567401409213,0.014212351792352768,0.3278872188012311,0.04870408727683981
genfill,sentinel2,chip_mean,covmat,fsc,frozen_joint,treatment_0010,P09,P01-08,0.041476308459671866,0.0368049322556084,0.026239392903946668,1.1269225594988463,0.0328597587514505
genfill,sentinel2,chip_mean,covmat,fsc,frozen_joint,treatment_0010,P10,P01-08,0.05243416248024802,0.11092424830320585,0.06882062734693101,0.472702436864137,0.0328597587514505
genfill,sentinel2,chip_mean,covmat,fsc,expanding,treatment_0010,P09,P01-08,0.041476308459671866,0.0368049322556084,0.026239392903946668,1.1269225594988463,0.0328597587514505
genfill,sentinel2,chip_mean,covmat,fsc,expanding,treatment_0010,P10,P01-09,0.05367797843994482,0.11092424830320585,0.06882062734693101,0.4839156384744548,0.032964296892970084
genfill,sentinel2,chip_mean,covmat,afsc,frozen_joint,treatment_0010,P09,P01-08,0.04147630848288651,0.0368049322556084,0.026239392903946668,1.1269225601295945,0.03285975858862769
genfill,sentinel2,chip_mean,covmat,afsc,frozen_joint,treatment_0010,P10,P01-08,0.052434162046026904,0.11092424830320585,0.06882062734693101,0.47270243294956354,0.03285975858862769
genfill,sentinel2,chip_mean,covmat,afsc,expanding,treatment_0010,P09,P01-08,0.04147630848288651,0.0368049322556084,0.026239392903946668,1.1269225601295945,0.03285975858862769
genfill,sentinel2,chip_mean,covmat,afsc,expanding,treatment_0010,P10,P01-09,0.05367797804090049,0.11092424830320585,0.06882062734693101,0.4839156348770058,0.03296429671611255
genfill,sentinel2,gram,covmat,fsc,frozen_joint,treatment_0001,P09,P01-08,0.0463647436819612,0.043729747204168834,0.05233683235989031,1.060256384869775,0.0457206125605857
genfill,sentinel2,gram,covmat,fsc,frozen_joint,treatment_0001,P10,P01-08,0.06474284853628673,0.07273567562766621,0.07848586788135932,0.8901113240180135,0.0457206125605857
genfill,sentinel2,gram,covmat,fsc,expanding,treatment_0001,P09,P01-08,0.0463647436819612,0.043729747204168834,0.05233683235989031,1.060256384869775,0.0457206125605857
genfill,sentinel2,gram,covmat,fsc,expanding,treatment_0001,P10,P01-09,0.05646300092514883,0.07273567562766621,0.07848586788135932,0.7762765718185232,0.045970638958972965
genfill,sentinel2,gram,covmat,afsc,frozen_joint,treatment_0001,P09,P01-08,0.046364744043001206,0.043729747204168834,0.05233683235989031,1.0602563931259399,0.045720612334870944
genfill,sentinel2,gram,covmat,afsc,frozen_joint,treatment_0001,P10,P01-08,0.06474284695692514,0.07273567562766621,0.07848586788135932,0.8901113023043006,0.045720612334870944
genfill,sentinel2,gram,covmat,afsc,expanding,treatment_0001,P09,P01-08,0.046364744043001206,0.043729747204168834,0.05233683235989031,1.0602563931259399,0.045720612334870944
genfill,sentinel2,gram,covmat,afsc,expanding,treatment_0001,P10,P01-09,0.05646300001140798,0.07273567562766621,0.07848586788135932,0.7762765592560379,0.045970638723887534
genfill,sentinel2,gram,covmat,fsc,frozen_joint,treatment_0002,P09,P01-08,0.04994576323286085,0.012833492134721939,0.061261492198649715,3.891829496488254,0.06575830798739772
genfill,sentinel2,gram,covmat,fsc,frozen_joint,treatment_0002,P10,P01-08,0.05654521316301326,0.049284143556161196,0.06505417510895488,1.1473307454065382,0.06575830798739772
genfill,sentinel2,gram,covmat,fsc,expanding,treatment_0002,P09,P01-08,0.04994576323286085,0.012833492134721939,0.061261492198649715,3.891829496488254,0.06575830798739772
genfill,sentinel2,gram,covmat,fsc,expanding,treatment_0002,P10,P01-09,0.05345856064914115,0.049284143556161196,0.06505417510895488,1.0847010172394098,0.06603238172928799
genfill,sentinel2,gram,covmat,afsc,frozen_joint,treatment_0002,P09,P01-08,0.04994576031963497,0.012833492134721939,0.061261492198649715,3.8918292694864487,0.06575830506346578
genfill,sentinel2,gram,covmat,afsc,frozen_joint,treatment_0002,P10,P01-08,0.056545209663525504,0.049284143556161196,0.06505417510895488,1.1473306744001759,0.06575830506346578
genfill,sentinel2,gram,covmat,afsc,expanding,treatment_0002,P09,P01-08,0.04994576031963497,0.012833492134721939,0.061261492198649715,3.8918292694864487,0.06575830506346578
genfill,sentinel2,gram,covmat,afsc,expanding,treatment_0002,P10,P01-09,0.053458556706238204,0.049284143556161196,0.06505417510895488,1.0847009372359306,0.06603237861617808
genfill,sentinel2,gram,covmat,fsc,frozen_joint,treatment_0003,P09,P01-08,0.030119425230502303,0.06508211926390076,0.03777005088755806,0.4627910948684904,0.050555192115630865
genfill,sentinel2,gram,covmat,fsc,frozen_joint,treatment_0003,P10,P01-08,0.04733963847906132,0.09092857532826404,0.042235908757486985,0.5206244385569557,0.050555192115630865
genfill,sentinel2,gram,covmat,fsc,expanding,treatment_0003,P09,P01-08,0.030119425230502303,0.06508211926390076,0.03777005088755806,0.4627910948684904,0.050555192115630865
genfill,sentinel2,gram,covmat,fsc,expanding,treatment_0003,P10,P01-09,0.04161154231323736,0.09092857532826404,0.042235908757486985,0.45762888248291866,0.050626901901696116
genfill,sentinel2,gram,covmat,afsc,frozen_joint,treatment_0003,P09,P01-08,0.0301194251784479,0.06508211926390076,0.03777005088755806,0.4627910940686639,0.05055519209117545
genfill,sentinel2,gram,covmat,afsc,frozen_joint,treatment_0003,P10,P01-08,0.04733963906373649,0.09092857532826404,0.042235908757486985,0.5206244449870044,0.05055519209117545
genfill,sentinel2,gram,covmat,afsc,expanding,treatment_0003,P09,P01-08,0.0301194251784479,0.06508211926390076,0.03777005088755806,0.4627910940686639,0.05055519209117545
genfill,sentinel2,gram,covmat,afsc,expanding,treatment_0003,P10,P01-09,0.041611542733555,0.09092857532826404,0.042235908757486985,0.457628887105422,0.05062690189221353
genfill,sentinel2,gram,covmat,fsc,frozen_joint,treatment_0004,P09,P01-08,0.01481001248245108,0.04561352714040003,0.013734056328880317,0.3246846584975844,0.023371650958336286
genfill,sentinel2,gram,covmat,fsc,frozen_joint,treatment_0004,P10,P01-08,0.01439142761875614,0.030735097188810467,0.02389342669538,0.4682408365377005,0.023371650958336286
genfill,sentinel2,gram,covmat,fsc,expanding,treatment_0004,P09,P01-08,0.01481001248245108,0.04561352714040003,0.013734056328880317,0.3246846584975844,0.023371650958336286
genfill,sentinel2,gram,covmat,fsc,expanding,treatment_0004,P10,P01-09,0.013655998430447194,0.030735097188810467,0.02389342669538,0.44431284360535056,0.023416124059403076
genfill,sentinel2,gram,covmat,afsc,frozen_joint,treatment_0004,P09,P01-08,0.01481001212396418,0.04561352714040003,0.013734056328880317,0.32468465063836094,0.02337164899946178
genfill,sentinel2,gram,covmat,afsc,frozen_joint,treatment_0004,P10,P01-08,0.014391428694324056,0.030735097188810467,0.02389342669538,0.46824087153247895,0.02337164899946178
genfill,sentinel2,gram,covmat,afsc,expanding,treatment_0004,P09,P01-08,0.01481001212396418,0.04561352714040003,0.013734056328880317,0.32468465063836094,0.02337164899946178
genfill,sentinel2,gram,covmat,afsc,expanding,treatment_0004,P10,P01-09,0.013655999503662676,0.030735097188810467,0.02389342669538,0.44431287852358997,0.023416122126729073
genfill,sentinel2,gram,covmat,fsc,frozen_joint,treatment_0005,P09,P01-08,0.05732500788685916,0.04585980230212259,0.0653130675443313,1.2500055606259322,0.04896698824345019
genfill,sentinel2,gram,covmat,fsc,frozen_joint,treatment_0005,P10,P01-08,0.04309424000128597,0.040222296125397766,0.04619493061374571,1.0714017883746512,0.04896698824345019
genfill,sentinel2,gram,covmat,fsc,expanding,treatment_0005,P09,P01-08,0.05732500788685916,0.04585980230212259,0.0653130675443313,1.2500055606259322,0.04896698824345019
genfill,sentinel2,gram,covmat,fsc,expanding,treatment_0005,P10,P01-09,0.03733539980681659,0.040222296125397766,0.04619493061374571,0.9282264664955742,0.04918123583463053
genfill,sentinel2,gram,covmat,afsc,frozen_joint,treatment_0005,P09,P01-08,0.05732500788679787,0.04585980230212259,0.0653130675443313,1.2500055606245957,0.04896698824345009
genfill,sentinel2,gram,covmat,afsc,frozen_joint,treatment_0005,P10,P01-08,0.043094240000715885,0.040222296125397766,0.04619493061374571,1.0714017883604778,0.04896698824345009
genfill,sentinel2,gram,covmat,afsc,expanding,treatment_0005,P09,P01-08,0.05732500788679787,0.04585980230212259,0.0653130675443313,1.2500055606245957,0.04896698824345009
genfill,sentinel2,gram,covmat,afsc,expanding,treatment_0005,P10,P01-09,0.03733539853225623,0.040222296125397766,0.04619493061374571,0.9282264348076676,0.04918123587106641
genfill,sentinel2,gram,covmat,fsc,frozen_joint,treatment_0006,P09,P01-08,0.02594823222807718,0.036597446557612344,0.027470571935841268,0.709017559113831,0.03604488136803404
genfill,sentinel2,gram,covmat,fsc,frozen_joint,treatment_0006,P10,P01-08,0.04024412143512299,0.045804792514209464,0.028474616758617087,0.8786006709371851,0.03604488136803404
genfill,sentinel2,gram,covmat,fsc,expanding,treatment_0006,P09,P01-08,0.02594823222807718,0.036597446557612344,0.027470571935841268,0.709017559113831,0.03604488136803404
genfill,sentinel2,gram,covmat,fsc,expanding,treatment_0006,P10,P01-09,0.0396479388859305,0.045804792514209464,0.028474616758617087,0.8655849466762895,0.03604372374158689
genfill,sentinel2,gram,covmat,afsc,frozen_joint,treatment_0006,P09,P01-08,0.02594823222656236,0.036597446557612344,0.027470571935841268,0.7090175590724396,0.03604488134367177
genfill,sentinel2,gram,covmat,afsc,frozen_joint,treatment_0006,P10,P01-08,0.04024412173674618,0.045804792514209464,0.028474616758617087,0.8786006775221552,0.03604488134367177
genfill,sentinel2,gram,covmat,afsc,expanding,treatment_0006,P09,P01-08,0.02594823222656236,0.036597446557612344,0.027470571935841268,0.7090175590724396,0.03604488134367177
genfill,sentinel2,gram,covmat,afsc,expanding,treatment_0006,P10,P01-09,0.03964793919930309,0.045804792514209464,0.028474616758617087,0.8655849535177698,0.03604372371509428
genfill,sentinel2,gram,covmat,fsc,frozen_joint,treatment_0007,P09,P01-08,0.0558380349717323,0.02031701389829345,0.023871187286313426,2.748338670793668,0.07831282441641131
genfill,sentinel2,gram,covmat,fsc,frozen_joint,treatment_0007,P10,P01-08,0.08345611550658263,0.08613954851083779,0.07108270481886808,0.968847839922013,0.07831282441641131
genfill,sentinel2,gram,covmat,fsc,expanding,treatment_0007,P09,P01-08,0.0558380349717323,0.02031701389829345,0.023871187286313426,2.748338670793668,0.07831282441641131
genfill,sentinel2,gram,covmat,fsc,expanding,treatment_0007,P10,P01-09,0.08336145328123183,0.08613954851083779,0.07108270481886808,0.9677488995747822,0.07844206113954591
genfill,sentinel2,gram,covmat,afsc,frozen_joint,treatment_0007,P09,P01-08,0.05583804103685015,0.02031701389829345,0.023871187286313426,2.748338969317747,0.07831281353537953
genfill,sentinel2,gram,covmat,afsc,frozen_joint,treatment_0007,P10,P01-08,0.08345612828725352,0.08613954851083779,0.07108270481886808,0.9688479882937087,0.07831281353537953
genfill,sentinel2,gram,covmat,afsc,expanding,treatment_0007,P09,P01-08,0.05583804103685015,0.02031701389829345,0.023871187286313426,2.748338969317747,0.07831281353537953
genfill,sentinel2,gram,covmat,afsc,expanding,treatment_0007,P10,P01-09,0.08336146673444624,0.08613954851083779,0.07108270481886808,0.9677490557540823,0.07844204944061714
genfill,sentinel2,gram,covmat,fsc,frozen_joint,treatment_0008,P09,P01-08,0.030810548326684707,0.022047070806951563,0.02407230546853799,1.397489425986239,0.03686006313781777
genfill,sentinel2,gram,covmat,fsc,frozen_joint,treatment_0008,P10,P01-08,0.05468489737730378,0.06397078929861136,0.01537938861720632,0.854841685976991,0.03686006313781777
genfill,sentinel2,gram,covmat,fsc,expanding,treatment_0008,P09,P01-08,0.030810548326684707,0.022047070806951563,0.02407230546853799,1.397489425986239,0.03686006313781777
genfill,sentinel2,gram,covmat,fsc,expanding,treatment_0008,P10,P01-09,0.05374592742474156,0.06397078929861136,0.01537938861720632,0.8401635811285549,0.03687338840167337
genfill,sentinel2,gram,covmat,afsc,frozen_joint,treatment_0008,P09,P01-08,0.030810548369955084,0.022047070806951563,0.02407230546853799,1.3974894279488752,0.03686006294668947
genfill,sentinel2,gram,covmat,afsc,frozen_joint,treatment_0008,P10,P01-08,0.05468489971624023,0.06397078929861136,0.01537938861720632,0.8548417225395607,0.03686006294668947
genfill,sentinel2,gram,covmat,afsc,expanding,treatment_0008,P09,P01-08,0.030810548369955084,0.022047070806951563,0.02407230546853799,1.3974894279488752,0.03686006294668947
genfill,sentinel2,gram,covmat,afsc,expanding,treatment_0008,P10,P01-09,0.05374593012349928,0.06397078929861136,0.01537938861720632,0.8401636233158993,0.036873388141151
genfill,sentinel2,gram,covmat,fsc,frozen_joint,treatment_0009,P09,P01-08,0.017242520647643325,0.035089382053322446,0.019219659406710905,0.49138855228174966,0.04818105074910919
genfill,sentinel2,gram,covmat,fsc,frozen_joint,treatment_0009,P10,P01-08,0.01990946966736478,0.05152056432427331,0.013522159227872164,0.38643733678950926,0.04818105074910919
genfill,sentinel2,gram,covmat,fsc,expanding,treatment_0009,P09,P01-08,0.017242520647643325,0.035089382053322446,0.019219659406710905,0.49138855228174966,0.04818105074910919
genfill,sentinel2,gram,covmat,fsc,expanding,treatment_0009,P10,P01-09,0.019789597850620847,0.05152056432427331,0.013522159227872164,0.3841106577572407,0.048195183196460316
genfill,sentinel2,gram,covmat,afsc,frozen_joint,treatment_0009,P09,P01-08,0.017242520648308356,0.035089382053322446,0.019219659406710905,0.49138855230070216,0.04818105074883519
genfill,sentinel2,gram,covmat,afsc,frozen_joint,treatment_0009,P10,P01-08,0.019909469630313467,0.05152056432427331,0.013522159227872164,0.38643733607035347,0.04818105074883519
genfill,sentinel2,gram,covmat,afsc,expanding,treatment_0009,P09,P01-08,0.017242520648308356,0.035089382053322446,0.019219659406710905,0.49138855230070216,0.04818105074883519
genfill,sentinel2,gram,covmat,afsc,expanding,treatment_0009,P10,P01-09,0.019789597831344888,0.05152056432427331,0.013522159227872164,0.3841106573830996,0.04819518319638471
genfill,sentinel2,gram,covmat,fsc,frozen_joint,treatment_0010,P09,P01-08,0.044788749268717586,0.04721779183404291,0.029175254115867633,0.9485566251411603,0.03757644522239824
genfill,sentinel2,gram,covmat,fsc,frozen_joint,treatment_0010,P10,P01-08,0.04875014658627415,0.09659450705097032,0.06836311433303865,0.5046886005696991,0.03757644522239824
genfill,sentinel2,gram,covmat,fsc,expanding,treatment_0010,P09,P01-08,0.044788749268717586,0.04721779183404291,0.029175254115867633,0.9485566251411603,0.03757644522239824
genfill,sentinel2,gram,covmat,fsc,expanding,treatment_0010,P10,P01-09,0.050847380551532366,0.09659450705097032,0.06836311433303865,0.526400331694861,0.03772376833520366
genfill,sentinel2,gram,covmat,afsc,frozen_joint,treatment_0010,P09,P01-08,0.04478874935659931,0.04721779183404291,0.029175254115867633,0.9485566270023597,0.03757644499559557
genfill,sentinel2,gram,covmat,afsc,frozen_joint,treatment_0010,P10,P01-08,0.048750144970162584,0.09659450705097032,0.06836311433303865,0.5046885838388144,0.03757644499559557
genfill,sentinel2,gram,covmat,afsc,expanding,treatment_0010,P09,P01-08,0.04478874935659931,0.04721779183404291,0.029175254115867633,0.9485566270023597,0.03757644499559557
genfill,sentinel2,gram,covmat,afsc,expanding,treatment_0010,P10,P01-09,0.050847378484098926,0.09659450705097032,0.06836311433303865,0.5264003102916415,0.03772376797306468
genfill,sentinel2,quantile,covmat,fsc,frozen_joint,treatment_0001,P09,P01-08,0.06480781761535602,0.06100904731776557,0.07050046001620953,1.0622656878709245,0.08143683092859268
genfill,sentinel2,quantile,covmat,fsc,frozen_joint,treatment_0001,P10,P01-08,0.10091169967233003,0.10295301625555232,0.11079962450488325,0.9801723479557385,0.08143683092859268
genfill,sentinel2,quantile,covmat,fsc,expanding,treatment_0001,P09,P01-08,0.06480781761535602,0.06100904731776557,0.07050046001620953,1.0622656878709245,0.08143683092859268
genfill,sentinel2,quantile,covmat,fsc,expanding,treatment_0001,P10,P01-09,0.09646005540792257,0.10295301625555232,0.11079962450488325,0.9369327768745233,0.08153827955856632
genfill,sentinel2,quantile,covmat,afsc,frozen_joint,treatment_0001,P09,P01-08,0.06480786098707193,0.06100904731776557,0.07050046001620953,1.0622663987772214,0.08143682168900222
genfill,sentinel2,quantile,covmat,afsc,frozen_joint,treatment_0001,P10,P01-08,0.10091163229640097,0.10295301625555232,0.11079962450488325,0.9801716935219831,0.08143682168900222
genfill,sentinel2,quantile,covmat,afsc,expanding,treatment_0001,P09,P01-08,0.06480786098707193,0.06100904731776557,0.07050046001620953,1.0622663987772214,0.08143682168900222
genfill,sentinel2,quantile,covmat,afsc,expanding,treatment_0001,P10,P01-09,0.09646001762032212,0.10295301625555232,0.11079962450488325,0.9369324098371908,0.08153827409355448
genfill,sentinel2,quantile,covmat,fsc,frozen_joint,treatment_0002,P09,P01-08,0.09092266921132522,0.058415996448606865,0.0995217665886159,1.5564686856162253,0.09948668245184868
genfill,sentinel2,quantile,covmat,fsc,frozen_joint,treatment_0002,P10,P01-08,0.07769750312413083,0.06854957542456257,0.08448789067550382,1.133449808301663,0.09948668245184868
genfill,sentinel2,quantile,covmat,fsc,expanding,treatment_0002,P09,P01-08,0.09092266921132522,0.058415996448606865,0.0995217665886159,1.5564686856162253,0.09948668245184868
genfill,sentinel2,quantile,covmat,fsc,expanding,treatment_0002,P10,P01-09,0.07692376733563407,0.06854957542456257,0.08448789067550382,1.1221625642348017,0.09985861831825497
genfill,sentinel2,quantile,covmat,afsc,frozen_joint,treatment_0002,P09,P01-08,0.09092266712525564,0.058415996448606865,0.0995217665886159,1.5564686499056375,0.09948668239400306
genfill,sentinel2,quantile,covmat,afsc,frozen_joint,treatment_0002,P10,P01-08,0.0776975024754747,0.06854957542456257,0.08448789067550382,1.1334497988390788,0.09948668239400306
genfill,sentinel2,quantile,covmat,afsc,expanding,treatment_0002,P09,P01-08,0.09092266712525564,0.058415996448606865,0.0995217665886159,1.5564686499056375,0.09948668239400306
genfill,sentinel2,quantile,covmat,afsc,expanding,treatment_0002,P10,P01-09,0.07692376387358624,0.06854957542456257,0.08448789067550382,1.1221625137305087,0.09985861713388453
genfill,sentinel2,quantile,covmat,fsc,frozen_joint,treatment_0003,P09,P01-08,0.09501969371450232,0.11746105081649821,0.11235308136833096,0.8089463958818607,0.1061798182014611
genfill,sentinel2,quantile,covmat,fsc,frozen_joint,treatment_0003,P10,P01-08,0.07424111270553987,0.10786250955176617,0.0742739893312512,0.6882939495294195,0.1061798182014611
genfill,sentinel2,quantile,covmat,fsc,expanding,treatment_0003,P09,P01-08,0.09501969371450232,0.11746105081649821,0.11235308136833096,0.8089463958818607,0.1061798182014611
genfill,sentinel2,quantile,covmat,fsc,expanding,treatment_0003,P10,P01-09,0.06993058381450311,0.10786250955176617,0.0742739893312512,0.6483307694685289,0.10651068001092577
genfill,sentinel2,quantile,covmat,afsc,frozen_joint,treatment_0003,P09,P01-08,0.0950196912907546,0.11746105081649821,0.11235308136833096,0.8089463752473806,0.10617981803553295
genfill,sentinel2,quantile,covmat,afsc,frozen_joint,treatment_0003,P10,P01-08,0.0742411057151602,0.10786250955176617,0.0742739893312512,0.688293884721177,0.10617981803553295
genfill,sentinel2,quantile,covmat,afsc,expanding,treatment_0003,P09,P01-08,0.0950196912907546,0.11746105081649821,0.11235308136833096,0.8089463752473806,0.10617981803553295
genfill,sentinel2,quantile,covmat,afsc,expanding,treatment_0003,P10,P01-09,0.06993057703505287,0.10786250955176617,0.0742739893312512,0.6483307066158263,0.1065106800124574
genfill,sentinel2,quantile,covmat,fsc,frozen_joint,treatment_0004,P09,P01-08,0.0648915053725586,0.07065658848848051,0.06661134599151226,0.9184069987066836,0.057629577575615126
genfill,sentinel2,quantile,covmat,fsc,frozen_joint,treatment_0004,P10,P01-08,0.049647457524360936,0.06118513348253979,0.05231775108221179,0.8114300762051729,0.057629577575615126
genfill,sentinel2,quantile,covmat,fsc,expanding,treatment_0004,P09,P01-08,0.0648915053725586,0.07065658848848051,0.06661134599151226,0.9184069987066836,0.057629577575615126
genfill,sentinel2,quantile,covmat,fsc,expanding,treatment_0004,P10,P01-09,0.049478771973550995,0.06118513348253979,0.05231775108221179,0.808673106640694,0.057650004837100734
genfill,sentinel2,quantile,covmat,afsc,frozen_joint,treatment_0004,P09,P01-08,0.06489150726649959,0.07065658848848051,0.06661134599151226,0.9184070255115582,0.05762957474781139
genfill,sentinel2,quantile,covmat,afsc,frozen_joint,treatment_0004,P10,P01-08,0.04964746445456412,0.06118513348253979,0.05231775108221179,0.8114301894713012,0.05762957474781139
genfill,sentinel2,quantile,covmat,afsc,expanding,treatment_0004,P09,P01-08,0.06489150726649959,0.07065658848848051,0.06661134599151226,0.9184070255115582,0.05762957474781139
genfill,sentinel2,quantile,covmat,afsc,expanding,treatment_0004,P10,P01-09,0.04947877861923112,0.06118513348253979,0.05231775108221179,0.8086732152566232,0.05765000206819648
genfill,sentinel2,quantile,covmat,fsc,frozen_joint,treatment_0005,P09,P01-08,0.09981733234719843,0.07990440535796775,0.1013363697588351,1.2492093758788612,0.08990385973102422
genfill,sentinel2,quantile,covmat,fsc,frozen_joint,treatment_0005,P10,P01-08,0.08220419873481172,0.07876680986315195,0.07974215527578847,1.0436400671505146,0.08990385973102422
genfill,sentinel2,quantile,covmat,fsc,expanding,treatment_0005,P09,P01-08,0.09981733234719843,0.07990440535796775,0.1013363697588351,1.2492093758788612,0.08990385973102422
genfill,sentinel2,quantile,covmat,fsc,expanding,treatment_0005,P10,P01-09,0.08556681364666184,0.07876680986315195,0.07974215527578847,1.0863308263382014,0.09034176989262802
genfill,sentinel2,quantile,covmat,afsc,frozen_joint,treatment_0005,P09,P01-08,0.09981733234614885,0.07990440535796775,0.1013363697588351,1.249209375865726,0.08990385973101934
genfill,sentinel2,quantile,covmat,afsc,frozen_joint,treatment_0005,P10,P01-08,0.08220419871990635,0.07876680986315195,0.07974215527578847,1.0436400669612806,0.08990385973101934
genfill,sentinel2,quantile,covmat,afsc,expanding,treatment_0005,P09,P01-08,0.09981733234614885,0.07990440535796775,0.1013363697588351,1.249209375865726,0.08990385973101934
genfill,sentinel2,quantile,covmat,afsc,expanding,treatment_0005,P10,P01-09,0.08556681363215854,0.07876680986315195,0.07974215527578847,1.0863308261540718,0.09034176989196185
genfill,sentinel2,quantile,covmat,fsc,frozen_joint,treatment_0006,P09,P01-08,0.05943041988997486,0.07245479802987537,0.05761148673897738,0.8202413298491268,0.07848355502838056
genfill,sentinel2,quantile,covmat,fsc,frozen_joint,treatment_0006,P10,P01-08,0.0653864255623604,0.06380207932675394,0.06805316512319791,1.0248322037827708,0.07848355502838056
genfill,sentinel2,quantile,covmat,fsc,expanding,treatment_0006,P09,P01-08,0.05943041988997486,0.07245479802987537,0.05761148673897738,0.8202413298491268,0.07848355502838056
genfill,sentinel2,quantile,covmat,fsc,expanding,treatment_0006,P10,P01-09,0.06474350946460229,0.06380207932675394,0.06805316512319791,1.014755477372876,0.07853177507390846
genfill,sentinel2,quantile,covmat,afsc,frozen_joint,treatment_0006,P09,P01-08,0.05943041989098013,0.07245479802987537,0.05761148673897738,0.8202413298630011,0.07848355502837627
genfill,sentinel2,quantile,covmat,afsc,frozen_joint,treatment_0006,P10,P01-08,0.06538642556399825,0.06380207932675394,0.06805316512319791,1.0248322038084414,0.07848355502837627
genfill,sentinel2,quantile,covmat,afsc,expanding,treatment_0006,P09,P01-08,0.05943041989098013,0.07245479802987537,0.05761148673897738,0.8202413298630011,0.07848355502837627
genfill,sentinel2,quantile,covmat,afsc,expanding,treatment_0006,P10,P01-09,0.0647435094691035,0.06380207932675394,0.06805316512319791,1.0147554774434253,0.07853177507432686
genfill,sentinel2,quantile,covmat,fsc,frozen_joint,treatment_0007,P09,P01-08,0.09171156666628236,0.05538083177427348,0.0660344935263689,1.6560164181009267,0.108496015595751
genfill,sentinel2,quantile,covmat,fsc,frozen_joint,treatment_0007,P10,P01-08,0.11196258621580242,0.10557174025511458,0.08941007105354226,1.0605355746267358,0.108496015595751
genfill,sentinel2,quantile,covmat,fsc,expanding,treatment_0007,P09,P01-08,0.09171156666628236,0.05538083177427348,0.0660344935263689,1.6560164181009267,0.108496015595751
genfill,sentinel2,quantile,covmat,fsc,expanding,treatment_0007,P10,P01-09,0.11222909485895828,0.10557174025511458,0.08941007105354226,1.0630600062834634,0.10885894541233988
genfill,sentinel2,quantile,covmat,afsc,frozen_joint,treatment_0007,P09,P01-08,0.09171156168469696,0.05538083177427348,0.0660344935263689,1.65601632814949,0.10849592375156747
genfill,sentinel2,quantile,covmat,afsc,frozen_joint,treatment_0007,P10,P01-08,0.11196271665171548,0.10557174025511458,0.08941007105354226,1.0605368101459451,0.10849592375156747
genfill,sentinel2,quantile,covmat,afsc,expanding,treatment_0007,P09,P01-08,0.09171156168469696,0.05538083177427348,0.0660344935263689,1.65601632814949,0.10849592375156747
genfill,sentinel2,quantile,covmat,afsc,expanding,treatment_0007,P10,P01-09,0.11222924171132694,0.10557174025511458,0.08941007105354226,1.0630613973031464,0.10885884024519016
genfill,sentinel2,quantile,covmat,fsc,frozen_joint,treatment_0008,P09,P01-08,0.0616302240303688,0.059856408569207584,0.056642840008305884,1.029634512052461,0.07041618087276712
genfill,sentinel2,quantile,covmat,fsc,frozen_joint,treatment_0008,P10,P01-08,0.07865558175595334,0.10379773120340327,0.06297719355527744,0.7577774662706156,0.07041618087276712
genfill,sentinel2,quantile,covmat,fsc,expanding,treatment_0008,P09,P01-08,0.0616302240303688,0.059856408569207584,0.056642840008305884,1.029634512052461,0.07041618087276712
genfill,sentinel2,quantile,covmat,fsc,expanding,treatment_0008,P10,P01-09,0.07750064716424522,0.10379773120340327,0.06297719355527744,0.7466506855759114,0.07045901638212905
genfill,sentinel2,quantile,covmat,afsc,frozen_joint,treatment_0008,P09,P01-08,0.061630225383696856,0.059856408569207584,0.056642840008305884,1.0296345346620377,0.07041617863897799
genfill,sentinel2,quantile,covmat,afsc,frozen_joint,treatment_0008,P10,P01-08,0.07865559828140571,0.10379773120340327,0.06297719355527744,0.7577776254788389,0.07041617863897799
genfill,sentinel2,quantile,covmat,afsc,expanding,treatment_0008,P09,P01-08,0.061630225383696856,0.059856408569207584,0.056642840008305884,1.0296345346620377,0.07041617863897799
genfill,sentinel2,quantile,covmat,afsc,expanding,treatment_0008,P10,P01-09,0.07750066616115822,0.10379773120340327,0.06297719355527744,0.7466508685944878,0.07045901319882696
genfill,sentinel2,quantile,covmat,fsc,frozen_joint,treatment_0009,P09,P01-08,0.05156918675872997,0.05966193528755746,0.05176125307890487,0.8643565869960098,0.08561170142073007
genfill,sentinel2,quantile,covmat,fsc,frozen_joint,treatment_0009,P10,P01-08,0.05655648689157176,0.09746323239080532,0.05442807974067651,0.580285359968292,0.08561170142073007
genfill,sentinel2,quantile,covmat,fsc,expanding,treatment_0009,P09,P01-08,0.05156918675872997,0.05966193528755746,0.05176125307890487,0.8643565869960098,0.08561170142073007
genfill,sentinel2,quantile,covmat,fsc,expanding,treatment_0009,P10,P01-09,0.05644277683337098,0.09746323239080532,0.05442807974067651,0.579118662995378,0.08561905752060618
genfill,sentinel2,quantile,covmat,afsc,frozen_joint,treatment_0009,P09,P01-08,0.051569186750276934,0.05966193528755746,0.05176125307890487,0.8643565868543276,0.08561170142072484
genfill,sentinel2,quantile,covmat,afsc,frozen_joint,treatment_0009,P10,P01-08,0.056556486882063745,0.09746323239080532,0.05442807974067651,0.5802853598707371,0.08561170142072484
genfill,sentinel2,quantile,covmat,afsc,expanding,treatment_0009,P09,P01-08,0.051569186750276934,0.05966193528755746,0.05176125307890487,0.8643565868543276,0.08561170142072484
genfill,sentinel2,quantile,covmat,afsc,expanding,treatment_0009,P10,P01-09,0.056442776819787176,0.09746323239080532,0.05442807974067651,0.5791186628560042,0.08561905752099264
genfill,sentinel2,quantile,covmat,fsc,frozen_joint,treatment_0010,P09,P01-08,0.08736683164962811,0.0697216651639943,0.06876894420995455,1.253080107081925,0.07181237715288834
genfill,sentinel2,quantile,covmat,fsc,frozen_joint,treatment_0010,P10,P01-08,0.10369154394132617,0.14801074993357632,0.10764121713511163,0.700567654632251,0.07181237715288834
genfill,sentinel2,quantile,covmat,fsc,expanding,treatment_0010,P09,P01-08,0.08736683164962811,0.0697216651639943,0.06876894420995455,1.253080107081925,0.07181237715288834
genfill,sentinel2,quantile,covmat,fsc,expanding,treatment_0010,P10,P01-09,0.10393228947459011,0.14801074993357632,0.10764121713511163,0.7021941954975056,0.07210341428949427
genfill,sentinel2,quantile,covmat,afsc,frozen_joint,treatment_0010,P09,P01-08,0.08736683181735247,0.0697216651639943,0.06876894420995455,1.2530801094875526,0.07181237678625577
genfill,sentinel2,quantile,covmat,afsc,frozen_joint,treatment_0010,P10,P01-08,0.10369154095822967,0.14801074993357632,0.10764121713511163,0.7005676344776576,0.07181237678625577
genfill,sentinel2,quantile,covmat,afsc,expanding,treatment_0010,P09,P01-08,0.08736683181735247,0.0697216651639943,0.06876894420995455,1.2530801094875526,0.07181237678625577
genfill,sentinel2,quantile,covmat,afsc,expanding,treatment_0010,P10,P01-09,0.10393228310373007,0.14801074993357632,0.10764121713511163,0.7021941524542804,0.07210341265801985
genfill,sentinel2,combined,covmat,fsc,frozen_joint,treatment_0001,P09,P01-08,0.08938716039874779,0.08462405805115211,0.09830616715853864,1.0562854400661874,0.1099837401845052
genfill,sentinel2,combined,covmat,fsc,frozen_joint,treatment_0001,P10,P01-08,0.13795913855164074,0.1425065571595355,0.15342541464813306,0.968089758825596,0.1099837401845052
genfill,sentinel2,combined,covmat,fsc,expanding,treatment_0001,P09,P01-08,0.08938716039874779,0.08462405805115211,0.09830616715853864,1.0562854400661874,0.1099837401845052
genfill,sentinel2,combined,covmat,fsc,expanding,treatment_0001,P10,P01-09,0.13081186604419076,0.1425065571595355,0.15342541464813306,0.9179357683713277,0.11012998239085851
genfill,sentinel2,combined,covmat,afsc,frozen_joint,treatment_0001,P09,P01-08,0.08938727510267386,0.08462405805115211,0.09830616715853864,1.056286795519101,0.10998371520756314
genfill,sentinel2,combined,covmat,afsc,frozen_joint,treatment_0001,P10,P01-08,0.13795893977830873,0.1425065571595355,0.15342541464813306,0.9680883639892041,0.10998371520756314
genfill,sentinel2,combined,covmat,afsc,expanding,treatment_0001,P09,P01-08,0.08938727510267386,0.08462405805115211,0.09830616715853864,1.056286795519101,0.10998371520756314
genfill,sentinel2,combined,covmat,afsc,expanding,treatment_0001,P10,P01-09,0.1308117523958487,0.1425065571595355,0.15342541464813306,0.9179349708757996,0.11012996693226648
genfill,sentinel2,combined,covmat,fsc,frozen_joint,treatment_0002,P09,P01-08,0.12228179317175833,0.07548425865463798,0.13537609415524926,1.6199641534698304,0.13648238518433048
genfill,sentinel2,combined,covmat,fsc,frozen_joint,treatment_0002,P10,P01-08,0.1080186089264386,0.09512558525022592,0.11849943637781993,1.1355368657369922,0.13648238518433048
genfill,sentinel2,combined,covmat,fsc,expanding,treatment_0002,P09,P01-08,0.12228179317175833,0.07548425865463798,0.13537609415524926,1.6199641534698304,0.13648238518433048
genfill,sentinel2,combined,covmat,fsc,expanding,treatment_0002,P10,P01-09,0.1064101296398547,0.09512558525022592,0.11849943637781993,1.1186278576888122,0.1370103750781367
genfill,sentinel2,combined,covmat,afsc,frozen_joint,treatment_0002,P09,P01-08,0.12228177271398837,0.07548425865463798,0.13537609415524926,1.6199638824494835,0.1364823821520327
genfill,sentinel2,combined,covmat,afsc,frozen_joint,treatment_0002,P10,P01-08,0.10801859935422813,0.09512558525022592,0.11849943637781993,1.135536765109906,0.1364823821520327
genfill,sentinel2,combined,covmat,afsc,expanding,treatment_0002,P09,P01-08,0.12228177271398837,0.07548425865463798,0.13537609415524926,1.6199638824494835,0.1364823821520327
genfill,sentinel2,combined,covmat,afsc,expanding,treatment_0002,P10,P01-09,0.10641011100712865,0.09512558525022592,0.11849943637781993,1.1186276618137907,0.1370103679816736
genfill,sentinel2,combined,covmat,fsc,frozen_joint,treatment_0003,P09,P01-08,0.12350742180267844,0.1580734322066672,0.14671020692705417,0.7813294117711272,0.14124260199252012
genfill,sentinel2,combined,covmat,fsc,frozen_joint,treatment_0003,P10,P01-08,0.09834138474240514,0.1537373869293237,0.10020069880253075,0.6396712387704022,0.14124260199252012
genfill,sentinel2,combined,covmat,fsc,expanding,treatment_0003,P09,P01-08,0.12350742180267844,0.1580734322066672,0.14671020692705417,0.7813294117711272,0.14124260199252012
genfill,sentinel2,combined,covmat,fsc,expanding,treatment_0003,P10,P01-09,0.09241889767736086,0.1537373869293237,0.10020069880253075,0.6011478373822482,0.1416499954619981
genfill,sentinel2,combined,covmat,afsc,frozen_joint,treatment_0003,P09,P01-08,0.12350741947650261,0.1580734322066672,0.14671020692705417,0.7813293970553347,0.14124260193229685
genfill,sentinel2,combined,covmat,afsc,frozen_joint,treatment_0003,P10,P01-08,0.09834137690187812,0.1537373869293237,0.10020069880253075,0.6396711877709208,0.14124260193229685
genfill,sentinel2,combined,covmat,afsc,expanding,treatment_0003,P09,P01-08,0.12350741947650261,0.1580734322066672,0.14671020692705417,0.7813293970553347,0.14124260193229685
genfill,sentinel2,combined,covmat,afsc,expanding,treatment_0003,P10,P01-09,0.09241888798481566,0.1537373869293237,0.10020069880253075,0.6011477743361318,0.1416499955888399
genfill,sentinel2,combined,covmat,fsc,frozen_joint,treatment_0004,P09,P01-08,0.08381744814039957,0.09664706324980202,0.08599313777753176,0.8672529233894882,0.07599590452686099
genfill,sentinel2,combined,covmat,fsc,frozen_joint,treatment_0004,P10,P01-08,0.06498432183750305,0.08165852459521969,0.0693539577074285,0.795805730750458,0.07599590452686099
genfill,sentinel2,combined,covmat,fsc,expanding,treatment_0004,P09,P01-08,0.08381744814039957,0.09664706324980202,0.08599313777753176,0.8672529233894882,0.07599590452686099
genfill,sentinel2,combined,covmat,fsc,expanding,treatment_0004,P10,P01-09,0.06470327105004678,0.08165852459521969,0.0693539577074285,0.7923639493951196,0.07602749432897483
genfill,sentinel2,combined,covmat,afsc,frozen_joint,treatment_0004,P09,P01-08,0.08381745414042414,0.09664706324980202,0.08599313777753176,0.8672529854712977,0.07599589120840698
genfill,sentinel2,combined,covmat,afsc,frozen_joint,treatment_0004,P10,P01-08,0.06498434587921316,0.08165852459521969,0.0693539577074285,0.7958060251680982,0.07599589120840698
genfill,sentinel2,combined,covmat,afsc,expanding,treatment_0004,P09,P01-08,0.08381745414042414,0.09664706324980202,0.08599313777753176,0.8672529854712977,0.07599589120840698
genfill,sentinel2,combined,covmat,afsc,expanding,treatment_0004,P10,P01-09,0.06470329464772263,0.08165852459521969,0.0693539577074285,0.7923642383750634,0.07602748107412366
genfill,sentinel2,combined,covmat,fsc,frozen_joint,treatment_0005,P09,P01-08,0.1356000847458339,0.10789410704606729,0.13858478266653798,1.2567886092976057,0.12096338518816699
genfill,sentinel2,combined,covmat,fsc,frozen_joint,treatment_0005,P10,P01-08,0.1100701593282134,0.10525902730493505,0.10777485370671715,1.0457075478128874,0.12096338518816699
genfill,sentinel2,combined,covmat,fsc,expanding,treatment_0005,P09,P01-08,0.1356000847458339,0.10789410704606729,0.13858478266653798,1.2567886092976057,0.12096338518816699
genfill,sentinel2,combined,covmat,fsc,expanding,treatment_0005,P10,P01-09,0.11396959611127545,0.10525902730493505,0.10777485370671715,1.0827536509634077,0.12167976416689173
genfill,sentinel2,combined,covmat,afsc,frozen_joint,treatment_0005,P09,P01-08,0.13560008473951707,0.10789410704606729,0.13858478266653798,1.256788609239059,0.12096338518816149
genfill,sentinel2,combined,covmat,afsc,frozen_joint,treatment_0005,P10,P01-08,0.11007015934661094,0.10525902730493505,0.10777485370671715,1.045707547987671,0.12096338518816149
genfill,sentinel2,combined,covmat,afsc,expanding,treatment_0005,P09,P01-08,0.13560008473951707,0.10789410704606729,0.13858478266653798,1.256788609239059,0.12096338518816149
genfill,sentinel2,combined,covmat,afsc,expanding,treatment_0005,P10,P01-09,0.11396959611616073,0.10525902730493505,0.10777485370671715,1.0827536510098197,0.12167976416810612
genfill,sentinel2,combined,covmat,fsc,frozen_joint,treatment_0006,P09,P01-08,0.07826534519731718,0.09674065246633573,0.07659414031467826,0.8090223003669768,0.10496146147275831
genfill,sentinel2,combined,covmat,fsc,frozen_joint,treatment_0006,P10,P01-08,0.08757313347742192,0.08851883613418624,0.08974242955844772,0.9893163681532062,0.10496146147275831
genfill,sentinel2,combined,covmat,fsc,expanding,treatment_0006,P09,P01-08,0.07826534519731718,0.09674065246633573,0.07659414031467826,0.8090223003669768,0.10496146147275831
genfill,sentinel2,combined,covmat,fsc,expanding,treatment_0006,P10,P01-09,0.08656191808122655,0.08851883613418624,0.08974242955844772,0.9778926368847284,0.10502066824717411
genfill,sentinel2,combined,covmat,afsc,frozen_joint,treatment_0006,P09,P01-08,0.07826534520439213,0.09674065246633573,0.07659414031467826,0.8090223004401099,0.10496146147275363
genfill,sentinel2,combined,covmat,afsc,frozen_joint,treatment_0006,P10,P01-08,0.08757313350250492,0.08851883613418624,0.08974242955844772,0.9893163684365697,0.10496146147275363
genfill,sentinel2,combined,covmat,afsc,expanding,treatment_0006,P09,P01-08,0.07826534520439213,0.09674065246633573,0.07659414031467826,0.8090223004401099,0.10496146147275363
genfill,sentinel2,combined,covmat,afsc,expanding,treatment_0006,P10,P01-09,0.08656191810398972,0.08851883613418624,0.08974242955844772,0.9778926371418846,0.105020668246617
genfill,sentinel2,combined,covmat,fsc,frozen_joint,treatment_0007,P09,P01-08,0.1271790973330343,0.07256550014519413,0.08647120603469151,1.7526110490324671,0.15151641498980237
genfill,sentinel2,combined,covmat,fsc,frozen_joint,treatment_0007,P10,P01-08,0.1574739065616546,0.1495612358892709,0.1260833338399417,1.0529058925284753,0.15151641498980237
genfill,sentinel2,combined,covmat,fsc,expanding,treatment_0007,P09,P01-08,0.1271790973330343,0.07256550014519413,0.08647120603469151,1.7526110490324671,0.15151641498980237
genfill,sentinel2,combined,covmat,fsc,expanding,treatment_0007,P10,P01-09,0.15786424519052797,0.1495612358892709,0.1260833338399417,1.05551578423305,0.1520262129172291
genfill,sentinel2,combined,covmat,afsc,frozen_joint,treatment_0007,P09,P01-08,0.12717912331157252,0.07256550014519413,0.08647120603469151,1.7526114070336956,0.151516087015077
genfill,sentinel2,combined,covmat,afsc,frozen_joint,treatment_0007,P10,P01-08,0.15747434666316543,0.1495612358892709,0.1260833338399417,1.0529088351459805,0.151516087015077
genfill,sentinel2,combined,covmat,afsc,expanding,treatment_0007,P09,P01-08,0.12717912331157252,0.07256550014519413,0.08647120603469151,1.7526114070336956,0.151516087015077
genfill,sentinel2,combined,covmat,afsc,expanding,treatment_0007,P10,P01-09,0.1578647365738534,0.1495612358892709,0.1260833338399417,1.0555190697322805,0.1520258410501055
genfill,sentinel2,combined,covmat,fsc,frozen_joint,treatment_0008,P09,P01-08,0.0825033299980962,0.0784433526298001,0.07476044793773683,1.0517568057991666,0.09454348222811397
genfill,sentinel2,combined,covmat,fsc,frozen_joint,treatment_0008,P10,P01-08,0.10798779559192785,0.14121163170605983,0.08152937641855477,0.7647230917684649,0.09454348222811397
genfill,sentinel2,combined,covmat,fsc,expanding,treatment_0008,P09,P01-08,0.0825033299980962,0.0784433526298001,0.07476044793773683,1.0517568057991666,0.09454348222811397
genfill,sentinel2,combined,covmat,fsc,expanding,treatment_0008,P10,P01-09,0.10624156105566912,0.14121163170605983,0.08152937641855477,0.7523570103404589,0.09460564035270881
genfill,sentinel2,combined,covmat,afsc,frozen_joint,treatment_0008,P09,P01-08,0.08250333408519146,0.0784433526298001,0.07476044793773683,1.0517568579016727,0.09454347445225098
genfill,sentinel2,combined,covmat,afsc,frozen_joint,treatment_0008,P10,P01-08,0.10798785869147617,0.14121163170605983,0.08152937641855477,0.7647235386123088,0.09454347445225098
genfill,sentinel2,combined,covmat,afsc,expanding,treatment_0008,P09,P01-08,0.08250333408519146,0.0784433526298001,0.07476044793773683,1.0517568579016727,0.09454347445225098
genfill,sentinel2,combined,covmat,afsc,expanding,treatment_0008,P10,P01-09,0.10624163398901283,0.14121163170605983,0.08152937641855477,0.7523575268230094,0.0946056291673179
genfill,sentinel2,combined,covmat,fsc,frozen_joint,treatment_0009,P09,P01-08,0.06756497799725945,0.08075980870025366,0.06785822089458843,0.8366163700069195,0.11591551885824496
genfill,sentinel2,combined,covmat,fsc,frozen_joint,treatment_0009,P10,P01-08,0.07409946455662628,0.13061506872007375,0.07048576564460071,0.5673117602949146,0.11591551885824496
genfill,sentinel2,combined,covmat,fsc,expanding,treatment_0009,P09,P01-08,0.06756497799725945,0.08075980870025366,0.06785822089458843,0.8366163700069195,0.11591551885824496
genfill,sentinel2,combined,covmat,fsc,expanding,treatment_0009,P10,P01-09,0.0739329285811939,0.13061506872007375,0.07048576564460071,0.5660367467986595,0.11592461706759474
genfill,sentinel2,combined,covmat,afsc,frozen_joint,treatment_0009,P09,P01-08,0.06756497799136325,0.08075980870025366,0.06785822089458843,0.8366163699339104,0.11591551885823038
genfill,sentinel2,combined,covmat,afsc,frozen_joint,treatment_0009,P10,P01-08,0.07409946451710545,0.13061506872007375,0.07048576564460071,0.5673117599923397,0.11591551885823038
genfill,sentinel2,combined,covmat,afsc,expanding,treatment_0009,P09,P01-08,0.06756497799136325,0.08075980870025366,0.06785822089458843,0.8366163699339104,0.11591551885823038
genfill,sentinel2,combined,covmat,afsc,expanding,treatment_0009,P10,P01-09,0.0739329286316437,0.13061506872007375,0.07048576564460071,0.5660367471849075,0.11592461706654089
genfill,sentinel2,combined,covmat,fsc,frozen_joint,treatment_0010,P09,P01-08,0.11717036891001273,0.09594950855262781,0.09075630610325142,1.2211669520510924,0.09630089318672225
genfill,sentinel2,combined,covmat,fsc,frozen_joint,treatment_0010,P10,P01-08,0.13807837062755815,0.2027256682437518,0.14694791661207335,0.6811094609960121,0.09630089318672225
genfill,sentinel2,combined,covmat,fsc,expanding,treatment_0010,P09,P01-08,0.11717036891001273,0.09594950855262781,0.09075630610325142,1.2211669520510924,0.09630089318672225
genfill,sentinel2,combined,covmat,fsc,expanding,treatment_0010,P10,P01-09,0.1388003942646443,0.2027256682437518,0.14694791661207335,0.6846710407571798,0.09669179279028717
genfill,sentinel2,combined,covmat,afsc,frozen_joint,treatment_0010,P09,P01-08,0.11717036967391582,0.09594950855262781,0.09075630610325142,1.2211669600126038,0.09630089133775449
genfill,sentinel2,combined,covmat,afsc,frozen_joint,treatment_0010,P10,P01-08,0.1380783565697759,0.2027256682437518,0.14694791661207335,0.6811093916521428,0.09630089133775449
genfill,sentinel2,combined,covmat,afsc,expanding,treatment_0010,P09,P01-08,0.11717036967391582,0.09594950855262781,0.09075630610325142,1.2211669600126038,0.09630089133775449
genfill,sentinel2,combined,covmat,afsc,expanding,treatment_0010,P10,P01-09,0.13880036766663537,0.2027256682437518,0.14694791661207335,0.6846709095552005,0.09669178646142587
chipmean,sentinel1,chip_mean,covmat,fsc,frozen_joint,treatment_0001,P09,P01-08,0.02342023124373462,0.008736102254697144,0.025585978695859716,2.680855896706366,0.01864777061692716
chipmean,sentinel1,chip_mean,covmat,fsc,frozen_joint,treatment_0001,P10,P01-08,0.026743324260120563,0.010621960673769115,0.03783285606385265,2.517738963783126,0.01864777061692716
chipmean,sentinel1,chip_mean,covmat,fsc,expanding,treatment_0001,P09,P01-08,0.02342023124373462,0.008736102254697144,0.025585978695859716,2.680855896706366,0.01864777061692716
chipmean,sentinel1,chip_mean,covmat,fsc,expanding,treatment_0001,P10,P01-09,0.02732509631706577,0.010621960673769115,0.03783285606385265,2.572509648293556,0.01866273415760665
chipmean,sentinel1,chip_mean,covmat,afsc,frozen_joint,treatment_0001,P09,P01-08,0.023337975796561643,0.008736102254697144,0.025585978695859716,2.6714403192812335,0.01818713906506149
chipmean,sentinel1,chip_mean,covmat,afsc,frozen_joint,treatment_0001,P10,P01-08,0.026407239370127854,0.010621960673769115,0.03783285606385265,2.4860983938059964,0.01818713906506149
chipmean,sentinel1,chip_mean,covmat,afsc,expanding,treatment_0001,P09,P01-08,0.023337975796561643,0.008736102254697144,0.025585978695859716,2.6714403192812335,0.01818713906506149
chipmean,sentinel1,chip_mean,covmat,afsc,expanding,treatment_0001,P10,P01-09,0.0269826925163454,0.010621960673769115,0.03783285606385265,2.5402741871356236,0.01820367527280777
chipmean,sentinel1,chip_mean,covmat,fsc,frozen_joint,treatment_0002,P09,P01-08,0.019669169219063243,0.01664773048198876,0.020077530446190178,1.1814925307893103,0.019150998569962597
chipmean,sentinel1,chip_mean,covmat,fsc,frozen_joint,treatment_0002,P10,P01-08,0.0192475995437469,0.014132626539810704,0.02415290160769898,1.3619265668365073,0.019150998569962597
chipmean,sentinel1,chip_mean,covmat,fsc,expanding,treatment_0002,P09,P01-08,0.019669169219063243,0.01664773048198876,0.020077530446190178,1.1814925307893103,0.019150998569962597
chipmean,sentinel1,chip_mean,covmat,fsc,expanding,treatment_0002,P10,P01-09,0.019337792719959813,0.014132626539810704,0.02415290160769898,1.3683084786459538,0.019160920416048634
chipmean,sentinel1,chip_mean,covmat,afsc,frozen_joint,treatment_0002,P09,P01-08,0.020103436486581895,0.01664773048198876,0.020077530446190178,1.2075782046286654,0.01848652272234473
chipmean,sentinel1,chip_mean,covmat,afsc,frozen_joint,treatment_0002,P10,P01-08,0.016637309718374352,0.014132626539810704,0.02415290160769898,1.1772270123680206,0.01848652272234473
chipmean,sentinel1,chip_mean,covmat,afsc,expanding,treatment_0002,P09,P01-08,0.020103436486581895,0.01664773048198876,0.020077530446190178,1.2075782046286654,0.01848652272234473
chipmean,sentinel1,chip_mean,covmat,afsc,expanding,treatment_0002,P10,P01-09,0.01657497739097696,0.014132626539810704,0.02415290160769898,1.172816485618318,0.018543138476028398
chipmean,sentinel1,chip_mean,covmat,fsc,frozen_joint,treatment_0003,P09,P01-08,0.018134931938535395,0.025008602144338744,0.024252673278824473,0.7251477645119259,0.010749475176274009
chipmean,sentinel1,chip_mean,covmat,fsc,frozen_joint,treatment_0003,P10,P01-08,0.007047515644877024,0.02044851658273907,0.020959921495619708,0.3446467921700466,0.010749475176274009
chipmean,sentinel1,chip_mean,covmat,fsc,expanding,treatment_0003,P09,P01-08,0.018134931938535395,0.025008602144338744,0.024252673278824473,0.7251477645119259,0.010749475176274009
chipmean,sentinel1,chip_mean,covmat,fsc,expanding,treatment_0003,P10,P01-09,0.008291326787968071,0.02044851658273907,0.020959921495619708,0.40547326523269256,0.01103817208710744
chipmean,sentinel1,chip_mean,covmat,afsc,frozen_joint,treatment_0003,P09,P01-08,0.018135143587781052,0.025008602144338744,0.024252673278824473,0.7251562275697343,0.010749473806010356
chipmean,sentinel1,chip_mean,covmat,afsc,frozen_joint,treatment_0003,P10,P01-08,0.007046521149476599,0.02044851658273907,0.020959921495619708,0.3445981580602616,0.010749473806010356
chipmean,sentinel1,chip_mean,covmat,afsc,expanding,treatment_0003,P09,P01-08,0.018135143587781052,0.025008602144338744,0.024252673278824473,0.7251562275697343,0.010749473806010356
chipmean,sentinel1,chip_mean,covmat,afsc,expanding,treatment_0003,P10,P01-09,0.008291624809995533,0.02044851658273907,0.020959921495619708,0.40548783949416806,0.011038211902270183
chipmean,sentinel1,chip_mean,covmat,fsc,frozen_joint,treatment_0004,P09,P01-08,0.009493909204889909,0.0178302928135033,0.022580331287838547,0.5324595229137207,0.01456813803691862
chipmean,sentinel1,chip_mean,covmat,fsc,frozen_joint,treatment_0004,P10,P01-08,0.0262678945617979,0.020230138350574703,0.033025536389929465,1.2984535304006795,0.01456813803691862
chipmean,sentinel1,chip_mean,covmat,fsc,expanding,treatment_0004,P09,P01-08,0.009493909204889909,0.0178302928135033,0.022580331287838547,0.5324595229137207,0.01456813803691862
chipmean,sentinel1,chip_mean,covmat,fsc,expanding,treatment_0004,P10,P01-09,0.02645145985178651,0.020230138350574703,0.033025536389929465,1.3075273828285543,0.014572011873937918
chipmean,sentinel1,chip_mean,covmat,afsc,frozen_joint,treatment_0004,P09,P01-08,0.010204135244048586,0.0178302928135033,0.022580331287838547,0.5722920734269016,0.014326153266589843
chipmean,sentinel1,chip_mean,covmat,afsc,frozen_joint,treatment_0004,P10,P01-08,0.024926363371134203,0.020230138350574703,0.033025536389929465,1.2321400347925,0.014326153266589843
chipmean,sentinel1,chip_mean,covmat,afsc,expanding,treatment_0004,P09,P01-08,0.010204135244048586,0.0178302928135033,0.022580331287838547,0.5722920734269016,0.014326153266589843
chipmean,sentinel1,chip_mean,covmat,afsc,expanding,treatment_0004,P10,P01-09,0.025359693672941063,0.020230138350574703,0.033025536389929465,1.2535600712894106,0.01436766683993313
chipmean,sentinel1,chip_mean,covmat,fsc,frozen_joint,treatment_0005,P09,P01-08,0.014135245286873592,0.015522579199592585,0.012300188068754906,0.9106247811732597,0.013960033240074549
chipmean,sentinel1,chip_mean,covmat,fsc,frozen_joint,treatment_0005,P10,P01-08,0.017048151277092864,0.0258480623977752,0.01624903498354503,0.659552387902013,0.013960033240074549
chipmean,sentinel1,chip_mean,covmat,fsc,expanding,treatment_0005,P09,P01-08,0.014135245286873592,0.015522579199592585,0.012300188068754906,0.9106247811732597,0.013960033240074549
chipmean,sentinel1,chip_mean,covmat,fsc,expanding,treatment_0005,P10,P01-09,0.017013521835674977,0.0258480623977752,0.01624903498354503,0.6582126572527683,0.01396445541137109
chipmean,sentinel1,chip_mean,covmat,afsc,frozen_joint,treatment_0005,P09,P01-08,0.014960542852313928,0.015522579199592585,0.012300188068754906,0.9637923350203677,0.013754757996698187
chipmean,sentinel1,chip_mean,covmat,afsc,frozen_joint,treatment_0005,P10,P01-08,0.01783766994141137,0.0258480623977752,0.01624903498354503,0.6900969854880379,0.013754757996698187
chipmean,sentinel1,chip_mean,covmat,afsc,expanding,treatment_0005,P09,P01-08,0.014960542852313928,0.015522579199592585,0.012300188068754906,0.9637923350203677,0.013754757996698187
chipmean,sentinel1,chip_mean,covmat,afsc,expanding,treatment_0005,P10,P01-09,0.01754418843785712,0.0258480623977752,0.01624903498354503,0.6787428847806862,0.013813512299640998
chipmean,sentinel1,chip_mean,covmat,fsc,frozen_joint,treatment_0006,P09,P01-08,0.022699915662202745,0.019826287609138675,0.049243584797132665,1.1449402989463093,0.020511510308742723
chipmean,sentinel1,chip_mean,covmat,fsc,frozen_joint,treatment_0006,P10,P01-08,0.02892764407601434,0.019404642831447775,0.04281492290245364,1.4907589037986975,0.020511510308742723
chipmean,sentinel1,chip_mean,covmat,fsc,expanding,treatment_0006,P09,P01-08,0.022699915662202745,0.019826287609138675,0.049243584797132665,1.1449402989463093,0.020511510308742723
chipmean,sentinel1,chip_mean,covmat,fsc,expanding,treatment_0006,P10,P01-09,0.029267116144991567,0.019404642831447775,0.04281492290245364,1.5082532772806494,0.02052911106739233
chipmean,sentinel1,chip_mean,covmat,afsc,frozen_joint,treatment_0006,P09,P01-08,0.021642292533916398,0.019826287609138675,0.049243584797132665,1.091595812619033,0.017808863650683435
chipmean,sentinel1,chip_mean,covmat,afsc,frozen_joint,treatment_0006,P10,P01-08,0.024607125998916894,0.019404642831447775,0.04281492290245364,1.2681050722066274,0.017808863650683435
chipmean,sentinel1,chip_mean,covmat,afsc,expanding,treatment_0006,P09,P01-08,0.021642292533916398,0.019826287609138675,0.049243584797132665,1.091595812619033,0.017808863650683435
chipmean,sentinel1,chip_mean,covmat,afsc,expanding,treatment_0006,P10,P01-09,0.02495265230252836,0.019404642831447775,0.04281492290245364,1.2859114449707523,0.017952234631364434
chipmean,sentinel1,chip_mean,covmat,fsc,frozen_joint,treatment_0008,P09,P01-08,0.017557733882332758,0.02280661342632927,0.0274870964729321,0.7698527420148709,0.020046945417917322
chipmean,sentinel1,chip_mean,covmat,fsc,frozen_joint,treatment_0008,P10,P01-08,0.0229266680890519,0.020790511239024756,0.03332338307299667,1.1027467206298167,0.020046945417917322
chipmean,sentinel1,chip_mean,covmat,fsc,expanding,treatment_0008,P09,P01-08,0.017557733882332758,0.02280661342632927,0.0274870964729321,0.7698527420148709,0.020046945417917322
chipmean,sentinel1,chip_mean,covmat,fsc,expanding,treatment_0008,P10,P01-09,0.022922282163066916,0.020790511239024756,0.03332338307299667,1.1025357625665657,0.020087484398668205
chipmean,sentinel1,chip_mean,covmat,afsc,frozen_joint,treatment_0008,P09,P01-08,0.014703762261384751,0.02280661342632927,0.0274870964729321,0.6447148459319207,0.01871603888256514
chipmean,sentinel1,chip_mean,covmat,afsc,frozen_joint,treatment_0008,P10,P01-08,0.022476323259284527,0.020790511239024756,0.03332338307299667,1.0810856453157065,0.01871603888256514
chipmean,sentinel1,chip_mean,covmat,afsc,expanding,treatment_0008,P09,P01-08,0.014703762261384751,0.02280661342632927,0.0274870964729321,0.6447148459319207,0.01871603888256514
chipmean,sentinel1,chip_mean,covmat,afsc,expanding,treatment_0008,P10,P01-09,0.0222702231417617,0.020790511239024756,0.03332338307299667,1.071172463520736,0.018583283127786183
chipmean,sentinel1,chip_mean,covmat,fsc,frozen_joint,treatment_0009,P09,P01-08,0.011014413639594461,0.021185917344694723,0.013807184694028517,0.5198931658417255,0.016850143395724448
chipmean,sentinel1,chip_mean,covmat,fsc,frozen_joint,treatment_0009,P10,P01-08,0.016937377515213042,0.021880070975704057,0.0181197860806504,0.774100666036255,0.016850143395724448
chipmean,sentinel1,chip_mean,covmat,fsc,expanding,treatment_0009,P09,P01-08,0.011014413639594461,0.021185917344694723,0.013807184694028517,0.5198931658417255,0.016850143395724448
chipmean,sentinel1,chip_mean,covmat,fsc,expanding,treatment_0009,P10,P01-09,0.016688050883288046,0.021880070975704057,0.0181197860806504,0.7627055187260908,0.01685601222043131
chipmean,sentinel1,chip_mean,covmat,afsc,frozen_joint,treatment_0009,P09,P01-08,0.011014528084729951,0.021185917344694723,0.013807184694028517,0.5198985677855558,0.01685014272523288
chipmean,sentinel1,chip_mean,covmat,afsc,frozen_joint,treatment_0009,P10,P01-08,0.016937393315441744,0.021880070975704057,0.0181197860806504,0.7741013881650232,0.01685014272523288
chipmean,sentinel1,chip_mean,covmat,afsc,expanding,treatment_0009,P09,P01-08,0.011014528084729951,0.021185917344694723,0.013807184694028517,0.5198985677855558,0.01685014272523288
chipmean,sentinel1,chip_mean,covmat,afsc,expanding,treatment_0009,P10,P01-09,0.016688422939449454,0.021880070975704057,0.0181197860806504,0.7627225230658765,0.016856005727406014
chipmean,sentinel1,chip_mean,covmat,fsc,frozen_joint,treatment_0010,P09,P01-08,0.010535025947352073,0.022206530696221107,0.019406292492250926,0.47441115820693336,0.013020385852090468
chipmean,sentinel1,chip_mean,covmat,fsc,frozen_joint,treatment_0010,P10,P01-08,0.013267257761710203,0.021213372231780832,0.022713742894501843,0.6254195521933024,0.013020385852090468
chipmean,sentinel1,chip_mean,covmat,fsc,expanding,treatment_0010,P09,P01-08,0.010535025947352073,0.022206530696221107,0.019406292492250926,0.47441115820693336,0.013020385852090468
chipmean,sentinel1,chip_mean,covmat,fsc,expanding,treatment_0010,P10,P01-09,0.013288013060660193,0.021213372231780832,0.022713742894501843,0.6263979585835365,0.013026364963618893
chipmean,sentinel1,chip_mean,covmat,afsc,frozen_joint,treatment_0010,P09,P01-08,0.010097398079592559,0.022206530696221107,0.019406292492250926,0.45470398855733174,0.012903876699901735
chipmean,sentinel1,chip_mean,covmat,afsc,frozen_joint,treatment_0010,P10,P01-08,0.01271548607469361,0.021213372231780832,0.022713742894501843,0.599408992392256,0.012903876699901735
chipmean,sentinel1,chip_mean,covmat,afsc,expanding,treatment_0010,P09,P01-08,0.010097398079592559,0.022206530696221107,0.019406292492250926,0.45470398855733174,0.012903876699901735
chipmean,sentinel1,chip_mean,covmat,afsc,expanding,treatment_0010,P10,P01-09,0.012612810012889258,0.021213372231780832,0.022713742894501843,0.5945688349348514,0.012894758848506273
chipmean,sentinel1,gram,covmat,fsc,frozen_joint,treatment_0001,P09,P01-08,0.01593177549619297,0.010862752018590272,0.019181671258569226,1.4666426582258056,0.01724636390057155
chipmean,sentinel1,gram,covmat,fsc,frozen_joint,treatment_0001,P10,P01-08,0.02262315662880605,0.008822955412624116,0.02974327919888705,2.5641245558643813,0.01724636390057155
chipmean,sentinel1,gram,covmat,fsc,expanding,treatment_0001,P09,P01-08,0.01593177549619297,0.010862752018590272,0.019181671258569226,1.4666426582258056,0.01724636390057155
chipmean,sentinel1,gram,covmat,fsc,expanding,treatment_0001,P10,P01-09,0.02270948248711692,0.008822955412624116,0.02974327919888705,2.573908789635681,0.017254533464358443
chipmean,sentinel1,gram,covmat,afsc,frozen_joint,treatment_0001,P09,P01-08,0.015815774607655934,0.010862752018590272,0.019181671258569226,1.4559638828714097,0.016989248296137866
chipmean,sentinel1,gram,covmat,afsc,frozen_joint,treatment_0001,P10,P01-08,0.0219258164980739,0.008822955412624116,0.02974327919888705,2.485087532767293,0.016989248296137866
chipmean,sentinel1,gram,covmat,afsc,expanding,treatment_0001,P09,P01-08,0.015815774607655934,0.010862752018590272,0.019181671258569226,1.4559638828714097,0.016989248296137866
chipmean,sentinel1,gram,covmat,afsc,expanding,treatment_0001,P10,P01-09,0.02201921012806807,0.008822955412624116,0.02974327919888705,2.4956728327746514,0.0169938959842339
chipmean,sentinel1,gram,covmat,fsc,frozen_joint,treatment_0002,P09,P01-08,0.02238188621485453,0.016893297873937733,0.02269019153020816,1.3248973872285978,0.017497301385748985
chipmean,sentinel1,gram,covmat,fsc,frozen_joint,treatment_0002,P10,P01-08,0.016376454463316793,0.013226660312344969,0.019654065156311,1.2381397931594265,0.017497301385748985
chipmean,sentinel1,gram,covmat,fsc,expanding,treatment_0002,P09,P01-08,0.02238188621485453,0.016893297873937733,0.02269019153020816,1.3248973872285978,0.017497301385748985
chipmean,sentinel1,gram,covmat,fsc,expanding,treatment_0002,P10,P01-09,0.01647910008457305,0.013226660312344969,0.019654065156311,1.2459003025270445,0.01757455501922673
chipmean,sentinel1,gram,covmat,afsc,frozen_joint,treatment_0002,P09,P01-08,0.022529495821878937,0.016893297873937733,0.02269019153020816,1.3336351486844076,0.0172773844255132
chipmean,sentinel1,gram,covmat,afsc,frozen_joint,treatment_0002,P10,P01-08,0.015515071249290155,0.013226660312344969,0.019654065156311,1.1730150229086416,0.0172773844255132
chipmean,sentinel1,gram,covmat,afsc,expanding,treatment_0002,P09,P01-08,0.022529495821878937,0.016893297873937733,0.02269019153020816,1.3336351486844076,0.0172773844255132
chipmean,sentinel1,gram,covmat,afsc,expanding,treatment_0002,P10,P01-09,0.01550611175843167,0.013226660312344969,0.019654065156311,1.1723376417219393,0.017357640393787777
chipmean,sentinel1,gram,covmat,fsc,frozen_joint,treatment_0003,P09,P01-08,0.01895779097933084,0.024485477307050706,0.024008452339069054,0.774246331472242,0.011864224863299635
chipmean,sentinel1,gram,covmat,fsc,frozen_joint,treatment_0003,P10,P01-08,0.008517587540775473,0.01914722251471325,0.01810200645304275,0.44484715912348777,0.011864224863299635
chipmean,sentinel1,gram,covmat,fsc,expanding,treatment_0003,P09,P01-08,0.01895779097933084,0.024485477307050706,0.024008452339069054,0.774246331472242,0.011864224863299635
chipmean,sentinel1,gram,covmat,fsc,expanding,treatment_0003,P10,P01-09,0.008977943599177784,0.01914722251471325,0.01810200645304275,0.4688901271335248,0.012208336868131955
chipmean,sentinel1,gram,covmat,afsc,frozen_joint,treatment_0003,P09,P01-08,0.018957955993764906,0.024485477307050706,0.024008452339069054,0.7742530707500594,0.011864224826067646
chipmean,sentinel1,gram,covmat,afsc,frozen_joint,treatment_0003,P10,P01-08,0.008517871842494125,0.01914722251471325,0.01810200645304275,0.4448620073197958,0.011864224826067646
chipmean,sentinel1,gram,covmat,afsc,expanding,treatment_0003,P09,P01-08,0.018957955993764906,0.024485477307050706,0.024008452339069054,0.7742530707500594,0.011864224826067646
chipmean,sentinel1,gram,covmat,afsc,expanding,treatment_0003,P10,P01-09,0.0089782775316213,0.01914722251471325,0.01810200645304275,0.4689075673885414,0.012208371227140902
chipmean,sentinel1,gram,covmat,fsc,frozen_joint,treatment_0004,P09,P01-08,0.012746107512309389,0.016417888030474687,0.02015307464420505,0.7763548812520963,0.017414188822796942
chipmean,sentinel1,gram,covmat,fsc,frozen_joint,treatment_0004,P10,P01-08,0.02786966386532766,0.01774447853095729,0.03055290932253381,1.5706104756308175,0.017414188822796942
chipmean,sentinel1,gram,covmat,fsc,expanding,treatment_0004,P09,P01-08,0.012746107512309389,0.016417888030474687,0.02015307464420505,0.7763548812520963,0.017414188822796942
chipmean,sentinel1,gram,covmat,fsc,expanding,treatment_0004,P10,P01-09,0.027871640103687107,0.01774447853095729,0.03055290932253381,1.5707218476475269,0.017428238450702422
chipmean,sentinel1,gram,covmat,afsc,frozen_joint,treatment_0004,P09,P01-08,0.013165953904624564,0.016417888030474687,0.02015307464420505,0.8019273782465856,0.016483744306193662
chipmean,sentinel1,gram,covmat,afsc,frozen_joint,treatment_0004,P10,P01-08,0.024841130267635386,0.01774447853095729,0.03055290932253381,1.3999357729390114,0.016483744306193662
chipmean,sentinel1,gram,covmat,afsc,expanding,treatment_0004,P09,P01-08,0.013165953904624564,0.016417888030474687,0.02015307464420505,0.8019273782465856,0.016483744306193662
chipmean,sentinel1,gram,covmat,afsc,expanding,treatment_0004,P10,P01-09,0.024984372939232904,0.01774447853095729,0.03055290932253381,1.4080082937148468,0.016540672620204557
chipmean,sentinel1,gram,covmat,fsc,frozen_joint,treatment_0005,P09,P01-08,0.014346812900823206,0.015038128036329706,0.014874416414518856,0.9540291761157776,0.014008845768429123
chipmean,sentinel1,gram,covmat,fsc,frozen_joint,treatment_0005,P10,P01-08,0.013250212731354731,0.02256859837107298,0.013637367258311205,0.5871083579713141,0.014008845768429123
chipmean,sentinel1,gram,covmat,fsc,expanding,treatment_0005,P09,P01-08,0.014346812900823206,0.015038128036329706,0.014874416414518856,0.9540291761157776,0.014008845768429123
chipmean,sentinel1,gram,covmat,fsc,expanding,treatment_0005,P10,P01-09,0.01330116254419534,0.02256859837107298,0.013637367258311205,0.5893659112319505,0.013997476112930859
chipmean,sentinel1,gram,covmat,afsc,frozen_joint,treatment_0005,P09,P01-08,0.01550818142702125,0.015038128036329706,0.014874416414518856,1.031257440391249,0.013474485190425396
chipmean,sentinel1,gram,covmat,afsc,frozen_joint,treatment_0005,P10,P01-08,0.014174265868166181,0.02256859837107298,0.013637367258311205,0.6280525549310971,0.013474485190425396
chipmean,sentinel1,gram,covmat,afsc,expanding,treatment_0005,P09,P01-08,0.01550818142702125,0.015038128036329706,0.014874416414518856,1.031257440391249,0.013474485190425396
chipmean,sentinel1,gram,covmat,afsc,expanding,treatment_0005,P10,P01-09,0.014013210131264501,0.02256859837107298,0.013637367258311205,0.6209162793745205,0.013537585777134627
chipmean,sentinel1,gram,covmat,fsc,frozen_joint,treatment_0006,P09,P01-08,0.022597668834023022,0.01714132181112437,0.04187994545824265,1.3183154183219168,0.018042155790848582
chipmean,sentinel1,gram,covmat,fsc,frozen_joint,treatment_0006,P10,P01-08,0.022381933881491938,0.01527379384087924,0.03325515547823108,1.4653814314023448,0.018042155790848582
chipmean,sentinel1,gram,covmat,fsc,expanding,treatment_0006,P09,P01-08,0.022597668834023022,0.01714132181112437,0.04187994545824265,1.3183154183219168,0.018042155790848582
chipmean,sentinel1,gram,covmat,fsc,expanding,treatment_0006,P10,P01-09,0.022568331570792875,0.01527379384087924,0.03325515547823108,1.4775851897640726,0.018044736880463992
chipmean,sentinel1,gram,covmat,afsc,frozen_joint,treatment_0006,P09,P01-08,0.022050542889818444,0.01714132181112437,0.04187994545824265,1.2863968795865024,0.016441392846981043
chipmean,sentinel1,gram,covmat,afsc,frozen_joint,treatment_0006,P10,P01-08,0.019407771552096293,0.01527379384087924,0.03325515547823108,1.270658210676692,0.016441392846981043
chipmean,sentinel1,gram,covmat,afsc,expanding,treatment_0006,P09,P01-08,0.022050542889818444,0.01714132181112437,0.04187994545824265,1.2863968795865024,0.016441392846981043
chipmean,sentinel1,gram,covmat,afsc,expanding,treatment_0006,P10,P01-09,0.019627403459665155,0.01527379384087924,0.03325515547823108,1.28503786709061,0.016473579719647708
chipmean,sentinel1,gram,covmat,fsc,frozen_joint,treatment_0008,P09,P01-08,0.01569454466400872,0.018206681479332767,0.023184799230367256,0.862021158651252,0.018979711540839925
chipmean,sentinel1,gram,covmat,fsc,frozen_joint,treatment_0008,P10,P01-08,0.025107654455583616,0.022139157944341993,0.029447830884876458,1.1340835328382608,0.018979711540839925
chipmean,sentinel1,gram,covmat,fsc,expanding,treatment_0008,P09,P01-08,0.01569454466400872,0.018206681479332767,0.023184799230367256,0.862021158651252,0.018979711540839925
chipmean,sentinel1,gram,covmat,fsc,expanding,treatment_0008,P10,P01-09,0.025077389500973057,0.022139157944341993,0.029447830884876458,1.1327165000592072,0.019002038947460293
chipmean,sentinel1,gram,covmat,afsc,frozen_joint,treatment_0008,P09,P01-08,0.014646632046619616,0.018206681479332767,0.023184799230367256,0.8044646721175231,0.018389322177286154
chipmean,sentinel1,gram,covmat,afsc,frozen_joint,treatment_0008,P10,P01-08,0.02533986398024681,0.022139157944341993,0.029447830884876458,1.1445721668345028,0.018389322177286154
chipmean,sentinel1,gram,covmat,afsc,expanding,treatment_0008,P09,P01-08,0.014646632046619616,0.018206681479332767,0.023184799230367256,0.8044646721175231,0.018389322177286154
chipmean,sentinel1,gram,covmat,afsc,expanding,treatment_0008,P10,P01-09,0.02534468858361269,0.022139157944341993,0.029447830884876458,1.144790088553929,0.018343628980158577
chipmean,sentinel1,gram,covmat,fsc,frozen_joint,treatment_0009,P09,P01-08,0.011367598559120645,0.019377641590887992,0.015172230045957056,0.5866347824528897,0.016016404491356717
chipmean,sentinel1,gram,covmat,fsc,frozen_joint,treatment_0009,P10,P01-08,0.012469247508407609,0.019775113960932317,0.015163859233772538,0.6305524981065512,0.016016404491356717
chipmean,sentinel1,gram,covmat,fsc,expanding,treatment_0009,P09,P01-08,0.011367598559120645,0.019377641590887992,0.015172230045957056,0.5866347824528897,0.016016404491356717
chipmean,sentinel1,gram,covmat,fsc,expanding,treatment_0009,P10,P01-09,0.01248345180646081,0.019775113960932317,0.015163859233772538,0.6312707896967419,0.016038699108487056
chipmean,sentinel1,gram,covmat,afsc,frozen_joint,treatment_0009,P09,P01-08,0.011371790756899163,0.019377641590887992,0.015172230045957056,0.5868511244550294,0.01600670824278671
chipmean,sentinel1,gram,covmat,afsc,frozen_joint,treatment_0009,P10,P01-08,0.012615520517900975,0.019775113960932317,0.015163859233772538,0.637949320687819,0.01600670824278671
chipmean,sentinel1,gram,covmat,afsc,expanding,treatment_0009,P09,P01-08,0.011371790756899163,0.019377641590887992,0.015172230045957056,0.5868511244550294,0.01600670824278671
chipmean,sentinel1,gram,covmat,afsc,expanding,treatment_0009,P10,P01-09,0.012607197692980885,0.019775113960932317,0.015163859233772538,0.6375284470111092,0.01603182544012805
chipmean,sentinel1,gram,covmat,fsc,frozen_joint,treatment_0010,P09,P01-08,0.011414703518845215,0.020489397152550118,0.016706515899970523,0.5571029461657214,0.0137482685502224
chipmean,sentinel1,gram,covmat,fsc,frozen_joint,treatment_0010,P10,P01-08,0.014915256558609716,0.020136399085754465,0.02246259023804617,0.7407112113288191,0.0137482685502224
chipmean,sentinel1,gram,covmat,fsc,expanding,treatment_0010,P09,P01-08,0.011414703518845215,0.020489397152550118,0.016706515899970523,0.5571029461657214,0.0137482685502224
chipmean,sentinel1,gram,covmat,fsc,expanding,treatment_0010,P10,P01-09,0.015082895835386521,0.020136399085754465,0.02246259023804617,0.7490363977766484,0.013754165033890507
chipmean,sentinel1,gram,covmat,afsc,frozen_joint,treatment_0010,P09,P01-08,0.011417930885227117,0.020489397152550118,0.016706515899970523,0.5572604601402846,0.013657880955890782
chipmean,sentinel1,gram,covmat,afsc,frozen_joint,treatment_0010,P10,P01-08,0.014654077886174854,0.020136399085754465,0.02246259023804617,0.727740735757562,0.013657880955890782
chipmean,sentinel1,gram,covmat,afsc,expanding,treatment_0010,P09,P01-08,0.011417930885227117,0.020489397152550118,0.016706515899970523,0.5572604601402846,0.013657880955890782
chipmean,sentinel1,gram,covmat,afsc,expanding,treatment_0010,P10,P01-09,0.014812911425055092,0.020136399085754465,0.02246259023804617,0.7356286177072501,0.013662560812115173
chipmean,sentinel1,quantile,covmat,fsc,frozen_joint,treatment_0001,P09,P01-08,0.05749469874457152,0.04178340636967664,0.055482939194608547,1.3760175088620108,0.05793345435041132
chipmean,sentinel1,quantile,covmat,fsc,frozen_joint,treatment_0001,P10,P01-08,0.060764532183796224,0.04048712927922123,0.06572927692961884,1.500835778321822,0.05793345435041132
chipmean,sentinel1,quantile,covmat,fsc,expanding,treatment_0001,P09,P01-08,0.05749469874457152,0.04178340636967664,0.055482939194608547,1.3760175088620108,0.05793345435041132
chipmean,sentinel1,quantile,covmat,fsc,expanding,treatment_0001,P10,P01-09,0.06117745095922344,0.04048712927922123,0.06572927692961884,1.511034544763856,0.05797562333609731
chipmean,sentinel1,quantile,covmat,afsc,frozen_joint,treatment_0001,P09,P01-08,0.05749469874537719,0.04178340636967664,0.055482939194608547,1.3760175088812927,0.057933454350411265
chipmean,sentinel1,quantile,covmat,afsc,frozen_joint,treatment_0001,P10,P01-08,0.060764532183223266,0.04048712927922123,0.06572927692961884,1.5008357783076702,0.057933454350411265
chipmean,sentinel1,quantile,covmat,afsc,expanding,treatment_0001,P09,P01-08,0.05749469874537719,0.04178340636967664,0.055482939194608547,1.3760175088812927,0.057933454350411265
chipmean,sentinel1,quantile,covmat,afsc,expanding,treatment_0001,P10,P01-09,0.06117745095960257,0.04048712927922123,0.06572927692961884,1.5110345447732203,0.057975623336164926
chipmean,sentinel1,quantile,covmat,fsc,frozen_joint,treatment_0002,P09,P01-08,0.060008628204169634,0.045980036918740544,0.05889374229446482,1.3051017838507066,0.05810872430757292
chipmean,sentinel1,quantile,covmat,fsc,frozen_joint,treatment_0002,P10,P01-08,0.053822964256363105,0.0411423304848611,0.05511643133240834,1.3082137939698877,0.05810872430757292
chipmean,sentinel1,quantile,covmat,fsc,expanding,treatment_0002,P09,P01-08,0.060008628204169634,0.045980036918740544,0.05889374229446482,1.3051017838507066,0.05810872430757292
chipmean,sentinel1,quantile,covmat,fsc,expanding,treatment_0002,P10,P01-09,0.053470590746010765,0.0411423304848611,0.05511643133240834,1.2996490504028697,0.05815920693207024
chipmean,sentinel1,quantile,covmat,afsc,frozen_joint,treatment_0002,P09,P01-08,0.06000862820341977,0.045980036918740544,0.05889374229446482,1.3051017838343981,0.058108724307572725
chipmean,sentinel1,quantile,covmat,afsc,frozen_joint,treatment_0002,P10,P01-08,0.05382296425543351,0.0411423304848611,0.05511643133240834,1.3082137939472929,0.058108724307572725
chipmean,sentinel1,quantile,covmat,afsc,expanding,treatment_0002,P09,P01-08,0.06000862820341977,0.045980036918740544,0.05889374229446482,1.3051017838343981,0.058108724307572725
chipmean,sentinel1,quantile,covmat,afsc,expanding,treatment_0002,P10,P01-09,0.05347059074546664,0.0411423304848611,0.05511643133240834,1.2996490503896443,0.05815920693210762
chipmean,sentinel1,quantile,covmat,fsc,frozen_joint,treatment_0003,P09,P01-08,0.05294656327565456,0.0547673049255103,0.05492370493599084,0.9667549525701117,0.0477639529654845
chipmean,sentinel1,quantile,covmat,fsc,frozen_joint,treatment_0003,P10,P01-08,0.047834884786920225,0.04919537137277927,0.05185184332620901,0.972345231921314,0.0477639529654845
chipmean,sentinel1,quantile,covmat,fsc,expanding,treatment_0003,P09,P01-08,0.05294656327565456,0.0547673049255103,0.05492370493599084,0.9667549525701117,0.0477639529654845
chipmean,sentinel1,quantile,covmat,fsc,expanding,treatment_0003,P10,P01-09,0.04753288927173163,0.04919537137277927,0.05185184332620901,0.9662065341787923,0.04780862917168748
chipmean,sentinel1,quantile,covmat,afsc,frozen_joint,treatment_0003,P09,P01-08,0.05294656353781341,0.0547673049255103,0.05492370493599084,0.9667549573568882,0.04776395295625899
chipmean,sentinel1,quantile,covmat,afsc,frozen_joint,treatment_0003,P10,P01-08,0.04783488487060668,0.04919537137277927,0.05185184332620901,0.9723452336224181,0.04776395295625899
chipmean,sentinel1,quantile,covmat,afsc,expanding,treatment_0003,P09,P01-08,0.05294656353781341,0.0547673049255103,0.05492370493599084,0.9667549573568882,0.04776395295625899
chipmean,sentinel1,quantile,covmat,afsc,expanding,treatment_0003,P10,P01-09,0.04753288927265288,0.04919537137277927,0.05185184332620901,0.9662065341975187,0.04780862917174664
chipmean,sentinel1,quantile,covmat,fsc,frozen_joint,treatment_0004,P09,P01-08,0.04791526806828901,0.05055082593608895,0.052359834186080076,0.9478632085827429,0.05584640181280205
chipmean,sentinel1,quantile,covmat,fsc,frozen_joint,treatment_0004,P10,P01-08,0.06442830078166854,0.04888069594659318,0.06624263482043878,1.3180724933225705,0.05584640181280205
chipmean,sentinel1,quantile,covmat,fsc,expanding,treatment_0004,P09,P01-08,0.04791526806828901,0.05055082593608895,0.052359834186080076,0.9478632085827429,0.05584640181280205
chipmean,sentinel1,quantile,covmat,fsc,expanding,treatment_0004,P10,P01-09,0.06422663813825352,0.04888069594659318,0.06624263482043878,1.3139468842347752,0.055858190606302816
chipmean,sentinel1,quantile,covmat,afsc,frozen_joint,treatment_0004,P09,P01-08,0.047915268068109244,0.05055082593608895,0.052359834186080076,0.9478632085791867,0.05584640181280162
chipmean,sentinel1,quantile,covmat,afsc,frozen_joint,treatment_0004,P10,P01-08,0.06442830078092318,0.04888069594659318,0.06624263482043878,1.318072493307322,0.05584640181280162
chipmean,sentinel1,quantile,covmat,afsc,expanding,treatment_0004,P09,P01-08,0.047915268068109244,0.05055082593608895,0.052359834186080076,0.9478632085791867,0.05584640181280162
chipmean,sentinel1,quantile,covmat,afsc,expanding,treatment_0004,P10,P01-09,0.06422663814069471,0.04888069594659318,0.06624263482043878,1.313946884284717,0.05585819060624911
chipmean,sentinel1,quantile,covmat,fsc,frozen_joint,treatment_0005,P09,P01-08,0.05272997959237901,0.04563912852921124,0.056944411635972296,1.155367801526475,0.05536563176725276
chipmean,sentinel1,quantile,covmat,fsc,frozen_joint,treatment_0005,P10,P01-08,0.05531653788674814,0.058794584611058964,0.0532113001484297,0.9408440973378929,0.05536563176725276
chipmean,sentinel1,quantile,covmat,fsc,expanding,treatment_0005,P09,P01-08,0.05272997959237901,0.04563912852921124,0.056944411635972296,1.155367801526475,0.05536563176725276
chipmean,sentinel1,quantile,covmat,fsc,expanding,treatment_0005,P10,P01-09,0.05512237718055195,0.058794584611058964,0.0532113001484297,0.9375417403694644,0.055407081760101916
chipmean,sentinel1,quantile,covmat,afsc,frozen_joint,treatment_0005,P09,P01-08,0.05272997959049296,0.04563912852921124,0.056944411635972296,1.1553678014851496,0.05536563176725206
chipmean,sentinel1,quantile,covmat,afsc,frozen_joint,treatment_0005,P10,P01-08,0.0553165378844321,0.058794584611058964,0.0532113001484297,0.9408440972985009,0.05536563176725206
chipmean,sentinel1,quantile,covmat,afsc,expanding,treatment_0005,P09,P01-08,0.05272997959049296,0.04563912852921124,0.056944411635972296,1.1553678014851496,0.05536563176725206
chipmean,sentinel1,quantile,covmat,afsc,expanding,treatment_0005,P10,P01-09,0.055122377176531276,0.058794584611058964,0.0532113001484297,0.9375417403010793,0.055407081760217296
chipmean,sentinel1,quantile,covmat,fsc,frozen_joint,treatment_0006,P09,P01-08,0.053563388107889603,0.05699667503730989,0.06927258677541154,0.9397633822118069,0.054894229475191396
chipmean,sentinel1,quantile,covmat,fsc,frozen_joint,treatment_0006,P10,P01-08,0.06600275324302111,0.04779795266701265,0.07216474934545507,1.380869881662784,0.054894229475191396
chipmean,sentinel1,quantile,covmat,fsc,expanding,treatment_0006,P09,P01-08,0.053563388107889603,0.05699667503730989,0.06927258677541154,0.9397633822118069,0.054894229475191396
chipmean,sentinel1,quantile,covmat,fsc,expanding,treatment_0006,P10,P01-09,0.0661792299561496,0.04779795266701265,0.07216474934545507,1.3845620212478813,0.054900474164214806
chipmean,sentinel1,quantile,covmat,afsc,frozen_joint,treatment_0006,P09,P01-08,0.053563387575391946,0.05699667503730989,0.06927258677541154,0.9397633728691978,0.05489422909774288
chipmean,sentinel1,quantile,covmat,afsc,frozen_joint,treatment_0006,P10,P01-08,0.06600275213442436,0.04779795266701265,0.07216474934545507,1.38086985846939,0.05489422909774288
chipmean,sentinel1,quantile,covmat,afsc,expanding,treatment_0006,P09,P01-08,0.053563387575391946,0.05699667503730989,0.06927258677541154,0.9397633728691978,0.05489422909774288
chipmean,sentinel1,quantile,covmat,afsc,expanding,treatment_0006,P10,P01-09,0.06617922924180164,0.04779795266701265,0.07216474934545507,1.3845620063027233,0.05490047379828455
chipmean,sentinel1,quantile,covmat,fsc,frozen_joint,treatment_0008,P09,P01-08,0.05760126193377781,0.05145349008014611,0.06218142471661275,1.1194821156748682,0.05738126515827917
chipmean,sentinel1,quantile,covmat,fsc,frozen_joint,treatment_0008,P10,P01-08,0.0585080489242285,0.05350360758340054,0.0637253802808209,1.09353465246296,0.05738126515827917
chipmean,sentinel1,quantile,covmat,fsc,expanding,treatment_0008,P09,P01-08,0.05760126193377781,0.05145349008014611,0.06218142471661275,1.1194821156748682,0.05738126515827917
chipmean,sentinel1,quantile,covmat,fsc,expanding,treatment_0008,P10,P01-09,0.05871465534961155,0.05350360758340054,0.0637253802808209,1.0973961944171358,0.0574086168144761
chipmean,sentinel1,quantile,covmat,afsc,frozen_joint,treatment_0008,P09,P01-08,0.057601261158481465,0.05145349008014611,0.06218142471661275,1.1194821006069624,0.057381264936846116
chipmean,sentinel1,quantile,covmat,afsc,frozen_joint,treatment_0008,P10,P01-08,0.05850804823664125,0.05350360758340054,0.0637253802808209,1.0935346396117285,0.057381264936846116
chipmean,sentinel1,quantile,covmat,afsc,expanding,treatment_0008,P09,P01-08,0.057601261158481465,0.05145349008014611,0.06218142471661275,1.1194821006069624,0.057381264936846116
chipmean,sentinel1,quantile,covmat,afsc,expanding,treatment_0008,P10,P01-09,0.05871465452724642,0.05350360758340054,0.0637253802808209,1.0973961790468612,0.057408616558638985
chipmean,sentinel1,quantile,covmat,fsc,frozen_joint,treatment_0009,P09,P01-08,0.042036201676874774,0.046255460435593226,0.04271077105212025,0.9087835529257479,0.055305212020841765
chipmean,sentinel1,quantile,covmat,fsc,frozen_joint,treatment_0009,P10,P01-08,0.05244182523775922,0.05212456241577241,0.05327725896512739,1.0060866280172513,0.055305212020841765
chipmean,sentinel1,quantile,covmat,fsc,expanding,treatment_0009,P09,P01-08,0.042036201676874774,0.046255460435593226,0.04271077105212025,0.9087835529257479,0.055305212020841765
chipmean,sentinel1,quantile,covmat,fsc,expanding,treatment_0009,P10,P01-09,0.052107803147803305,0.05212456241577241,0.05327725896512739,0.9996784765724185,0.055331306717047765
chipmean,sentinel1,quantile,covmat,afsc,frozen_joint,treatment_0009,P09,P01-08,0.04203620167601406,0.046255460435593226,0.04271077105212025,0.9087835529071401,0.05530521202084128
chipmean,sentinel1,quantile,covmat,afsc,frozen_joint,treatment_0009,P10,P01-08,0.05244182523640887,0.05212456241577241,0.05327725896512739,1.0060866279913452,0.05530521202084128
chipmean,sentinel1,quantile,covmat,afsc,expanding,treatment_0009,P09,P01-08,0.04203620167601406,0.046255460435593226,0.04271077105212025,0.9087835529071401,0.05530521202084128
chipmean,sentinel1,quantile,covmat,afsc,expanding,treatment_0009,P10,P01-09,0.05210780314837593,0.05212456241577241,0.05327725896512739,0.9996784765834043,0.055331306716945146
chipmean,sentinel1,quantile,covmat,fsc,frozen_joint,treatment_0010,P09,P01-08,0.04496611707898138,0.05376566136959762,0.0470001074093853,0.836335235790626,0.05170551315640229
chipmean,sentinel1,quantile,covmat,fsc,frozen_joint,treatment_0010,P10,P01-08,0.04952554336698518,0.051488198173263645,0.05575756061738853,0.961881462628117,0.05170551315640229
chipmean,sentinel1,quantile,covmat,fsc,expanding,treatment_0010,P09,P01-08,0.04496611707898138,0.05376566136959762,0.0470001074093853,0.836335235790626,0.05170551315640229
chipmean,sentinel1,quantile,covmat,fsc,expanding,treatment_0010,P10,P01-09,0.0493800852786937,0.051488198173263645,0.05575756061738853,0.9590563863300109,0.051724269872546816
chipmean,sentinel1,quantile,covmat,afsc,frozen_joint,treatment_0010,P09,P01-08,0.044966117080265156,0.05376566136959762,0.0470001074093853,0.8363352358145032,0.051705513156403
chipmean,sentinel1,quantile,covmat,afsc,frozen_joint,treatment_0010,P10,P01-08,0.049525543369400654,0.051488198173263645,0.05575756061738853,0.9618814626750302,0.051705513156403
chipmean,sentinel1,quantile,covmat,afsc,expanding,treatment_0010,P09,P01-08,0.044966117080265156,0.05376566136959762,0.0470001074093853,0.8363352358145032,0.051705513156403
chipmean,sentinel1,quantile,covmat,afsc,expanding,treatment_0010,P10,P01-09,0.04938008527811647,0.051488198173263645,0.05575756061738853,0.9590563863188,0.051724269872605574
chipmean,sentinel1,combined,covmat,fsc,frozen_joint,treatment_0001,P09,P01-08,0.08815146259428923,0.06357890933906599,0.08554438862676238,1.386489065488336,0.08884416451296329
chipmean,sentinel1,combined,covmat,fsc,frozen_joint,treatment_0001,P10,P01-08,0.09427083707968006,0.06128727689477004,0.10348297388066013,1.5381795677028145,0.08884416451296329
chipmean,sentinel1,combined,covmat,fsc,expanding,treatment_0001,P09,P01-08,0.08815146259428923,0.06357890933906599,0.08554438862676238,1.386489065488336,0.08884416451296329
chipmean,sentinel1,combined,covmat,fsc,expanding,treatment_0001,P10,P01-09,0.09494801066007948,0.06128727689477004,0.10348297388066013,1.5492287383416423,0.08890451039826779
chipmean,sentinel1,combined,covmat,afsc,frozen_joint,treatment_0001,P09,P01-08,0.08815146259364877,0.06357890933906599,0.08554438862676238,1.3864890654782625,0.08884416451296355
chipmean,sentinel1,combined,covmat,afsc,frozen_joint,treatment_0001,P10,P01-08,0.09427083707941691,0.06128727689477004,0.10348297388066013,1.5381795676985208,0.08884416451296355
chipmean,sentinel1,combined,covmat,afsc,expanding,treatment_0001,P09,P01-08,0.08815146259364877,0.06357890933906599,0.08554438862676238,1.3864890654782625,0.08884416451296355
chipmean,sentinel1,combined,covmat,afsc,expanding,treatment_0001,P10,P01-09,0.09494801065430215,0.06128727689477004,0.10348297388066013,1.5492287382473762,0.08890451039790136
chipmean,sentinel1,combined,covmat,fsc,frozen_joint,treatment_0002,P09,P01-08,0.093358614185594,0.07116664929006218,0.09145825427305009,1.3118309646008688,0.08907882886690517
chipmean,sentinel1,combined,covmat,fsc,frozen_joint,treatment_0002,P10,P01-08,0.08259686758834213,0.0631764451182987,0.08514159644436274,1.3073997347219908,0.08907882886690517
chipmean,sentinel1,combined,covmat,fsc,expanding,treatment_0002,P09,P01-08,0.093358614185594,0.07116664929006218,0.09145825427305009,1.3118309646008688,0.08907882886690517
chipmean,sentinel1,combined,covmat,fsc,expanding,treatment_0002,P10,P01-09,0.08203374586756834,0.0631764451182987,0.08514159644436274,1.2984862588257238,0.08914710267257821
chipmean,sentinel1,combined,covmat,afsc,frozen_joint,treatment_0002,P09,P01-08,0.09335861418562576,0.07116664929006218,0.09145825427305009,1.3118309646013149,0.08907882886690707
chipmean,sentinel1,combined,covmat,afsc,frozen_joint,treatment_0002,P10,P01-08,0.08259686758886609,0.0631764451182987,0.08514159644436274,1.3073997347302844,0.08907882886690707
chipmean,sentinel1,combined,covmat,afsc,expanding,treatment_0002,P09,P01-08,0.09335861418562576,0.07116664929006218,0.09145825427305009,1.3118309646013149,0.08907882886690707
chipmean,sentinel1,combined,covmat,afsc,expanding,treatment_0002,P10,P01-09,0.0820337458645904,0.0631764451182987,0.08514159644436274,1.298486258778587,0.08914710267319433
chipmean,sentinel1,combined,covmat,fsc,frozen_joint,treatment_0003,P09,P01-08,0.0818162055404244,0.08612343597028094,0.0861861154608205,0.9499877079759933,0.07260772475496201
chipmean,sentinel1,combined,covmat,fsc,frozen_joint,treatment_0003,P10,P01-08,0.07220512021202459,0.07645473839244495,0.07999302954782889,0.9444165493235107,0.07260772475496201
chipmean,sentinel1,combined,covmat,fsc,expanding,treatment_0003,P09,P01-08,0.0818162055404244,0.08612343597028094,0.0861861154608205,0.9499877079759933,0.07260772475496201
chipmean,sentinel1,combined,covmat,fsc,expanding,treatment_0003,P10,P01-09,0.0716788498595465,0.07645473839244495,0.07999302954782889,0.9375331256987156,0.07269471835391007
chipmean,sentinel1,combined,covmat,afsc,frozen_joint,treatment_0003,P09,P01-08,0.08181620618610709,0.08612343597028094,0.0861861154608205,0.9499877154731708,0.07260772473920722
chipmean,sentinel1,combined,covmat,afsc,frozen_joint,treatment_0003,P10,P01-08,0.07220512037813834,0.07645473839244495,0.07999302954782889,0.9444165514962177,0.07260772473920722
chipmean,sentinel1,combined,covmat,afsc,expanding,treatment_0003,P09,P01-08,0.08181620618610709,0.08612343597028094,0.0861861154608205,0.9499877154731708,0.07260772473920722
chipmean,sentinel1,combined,covmat,afsc,expanding,treatment_0003,P10,P01-09,0.07167884985914319,0.07645473839244495,0.07999302954782889,0.9375331256934404,0.07269471835348108
chipmean,sentinel1,combined,covmat,fsc,frozen_joint,treatment_0004,P09,P01-08,0.07323167122640246,0.07766544864853976,0.08130566998636071,0.9429118417611734,0.0859638818849253
chipmean,sentinel1,combined,covmat,fsc,frozen_joint,treatment_0004,P10,P01-08,0.10065009587147912,0.07559591861433122,0.10449046406682544,1.3314223534337501,0.0859638818849253
chipmean,sentinel1,combined,covmat,fsc,expanding,treatment_0004,P09,P01-08,0.07323167122640246,0.07766544864853976,0.08130566998636071,0.9429118417611734,0.0859638818849253
chipmean,sentinel1,combined,covmat,fsc,expanding,treatment_0004,P10,P01-09,0.10042207282958016,0.07559591861433122,0.10449046406682544,1.3284060127889294,0.0859690141456295
chipmean,sentinel1,combined,covmat,afsc,frozen_joint,treatment_0004,P09,P01-08,0.07323167122948161,0.07766544864853976,0.08130566998636071,0.9429118418008198,0.08596388188492221
chipmean,sentinel1,combined,covmat,afsc,frozen_joint,treatment_0004,P10,P01-08,0.10065009587831447,0.07559591861433122,0.10449046406682544,1.3314223535241698,0.08596388188492221
chipmean,sentinel1,combined,covmat,afsc,expanding,treatment_0004,P09,P01-08,0.07323167122948161,0.07766544864853976,0.08130566998636071,0.9429118418008198,0.08596388188492221
chipmean,sentinel1,combined,covmat,afsc,expanding,treatment_0004,P10,P01-09,0.10042207283004691,0.07559591861433122,0.10449046406682544,1.3284060127951038,0.0859690141453733
chipmean,sentinel1,combined,covmat,fsc,frozen_joint,treatment_0005,P09,P01-08,0.07967246640986543,0.07017379689351882,0.08666265899740282,1.1353592072374223,0.08440681710259959
chipmean,sentinel1,combined,covmat,fsc,frozen_joint,treatment_0005,P10,P01-08,0.08421712387482906,0.09127967985308724,0.080928269653987,0.9226272924091625,0.08440681710259959
chipmean,sentinel1,combined,covmat,fsc,expanding,treatment_0005,P09,P01-08,0.07967246640986543,0.07017379689351882,0.08666265899740282,1.1353592072374223,0.08440681710259959
chipmean,sentinel1,combined,covmat,fsc,expanding,treatment_0005,P10,P01-09,0.08382094148511372,0.09127967985308724,0.080928269653987,0.9182869793148025,0.08448007464770811
chipmean,sentinel1,combined,covmat,afsc,frozen_joint,treatment_0005,P09,P01-08,0.07967246640647152,0.07017379689351882,0.08666265899740282,1.1353592071890581,0.0844068171026047
chipmean,sentinel1,combined,covmat,afsc,frozen_joint,treatment_0005,P10,P01-08,0.08421712387948951,0.09127967985308724,0.080928269653987,0.9226272924602194,0.0844068171026047
chipmean,sentinel1,combined,covmat,afsc,expanding,treatment_0005,P09,P01-08,0.07967246640647152,0.07017379689351882,0.08666265899740282,1.1353592071890581,0.0844068171026047
chipmean,sentinel1,combined,covmat,afsc,expanding,treatment_0005,P10,P01-09,0.08382094248222581,0.09127967985308724,0.080928269653987,0.9182869902385052,0.0844800746408656
chipmean,sentinel1,combined,covmat,fsc,frozen_joint,treatment_0006,P09,P01-08,0.08432404027317895,0.08723606695412806,0.11319320493206629,0.9666190053882145,0.08482962200370824
chipmean,sentinel1,combined,covmat,fsc,frozen_joint,treatment_0006,P10,P01-08,0.10166875862111269,0.07337353751402483,0.11382178870672509,1.3856325054748715,0.08482962200370824
chipmean,sentinel1,combined,covmat,fsc,expanding,treatment_0006,P09,P01-08,0.08432404027317895,0.08723606695412806,0.11319320493206629,0.9666190053882145,0.08482962200370824
chipmean,sentinel1,combined,covmat,fsc,expanding,treatment_0006,P10,P01-09,0.10197909361379631,0.07337353751402483,0.11382178870672509,1.3898620274959994,0.08484426753583144
chipmean,sentinel1,combined,covmat,afsc,frozen_joint,treatment_0006,P09,P01-08,0.08432402913047507,0.08723606695412806,0.11319320493206629,0.966618877657744,0.08482961317947568
chipmean,sentinel1,combined,covmat,afsc,frozen_joint,treatment_0006,P10,P01-08,0.10166874363547189,0.07337353751402483,0.11382178870672509,1.3856323012371952,0.08482961317947568
chipmean,sentinel1,combined,covmat,afsc,expanding,treatment_0006,P09,P01-08,0.08432402913047507,0.08723606695412806,0.11319320493206629,0.966618877657744,0.08482961317947568
chipmean,sentinel1,combined,covmat,afsc,expanding,treatment_0006,P10,P01-09,0.10197907898876024,0.07337353751402483,0.11382178870672509,1.389861828172966,0.08484425829386957
chipmean,sentinel1,combined,covmat,fsc,frozen_joint,treatment_0008,P09,P01-08,0.08777501012984942,0.0794445673702896,0.09633919165339064,1.1048585578008348,0.08850288437260388
chipmean,sentinel1,combined,covmat,fsc,frozen_joint,treatment_0008,P10,P01-08,0.09168427584247323,0.08355371107149626,0.10053926518790629,1.0973094392422582,0.08850288437260388
chipmean,sentinel1,combined,covmat,fsc,expanding,treatment_0008,P09,P01-08,0.08777501012984942,0.0794445673702896,0.09633919165339064,1.1048585578008348,0.08850288437260388
chipmean,sentinel1,combined,covmat,fsc,expanding,treatment_0008,P10,P01-09,0.09201995367117752,0.08355371107149626,0.10053926518790629,1.1013269487508073,0.08854912974552381
chipmean,sentinel1,combined,covmat,afsc,frozen_joint,treatment_0008,P09,P01-08,0.08777500554668563,0.0794445673702896,0.09633919165339064,1.1048585001107505,0.08850288270841529
chipmean,sentinel1,combined,covmat,afsc,frozen_joint,treatment_0008,P10,P01-08,0.09168427209294568,0.08355371107149626,0.10053926518790629,1.0973093943666028,0.08850288270841529
chipmean,sentinel1,combined,covmat,afsc,expanding,treatment_0008,P09,P01-08,0.08777500554668563,0.0794445673702896,0.09633919165339064,1.1048585001107505,0.08850288270841529
chipmean,sentinel1,combined,covmat,afsc,expanding,treatment_0008,P10,P01-09,0.09201994942309125,0.08355371107149626,0.10053926518790629,1.101326897908227,0.088549127859188
chipmean,sentinel1,combined,covmat,fsc,frozen_joint,treatment_0009,P09,P01-08,0.06414942856829282,0.07231007374943206,0.06596190951124348,0.8871437303546751,0.08475692438699003
chipmean,sentinel1,combined,covmat,fsc,frozen_joint,treatment_0009,P10,P01-08,0.0795328991154039,0.0808560844121633,0.08134755563930071,0.9836353033123089,0.08475692438699003
chipmean,sentinel1,combined,covmat,fsc,expanding,treatment_0009,P09,P01-08,0.06414942856829282,0.07231007374943206,0.06596190951124348,0.8871437303546751,0.08475692438699003
chipmean,sentinel1,combined,covmat,fsc,expanding,treatment_0009,P10,P01-09,0.07909316913235291,0.0808560844121633,0.08134755563930071,0.9781968754407654,0.08479084370331505
chipmean,sentinel1,combined,covmat,afsc,frozen_joint,treatment_0009,P09,P01-08,0.06414942857234923,0.07231007374943206,0.06596190951124348,0.8871437304107724,0.08475692438698725
chipmean,sentinel1,combined,covmat,afsc,frozen_joint,treatment_0009,P10,P01-08,0.07953289911859647,0.0808560844121633,0.08134755563930071,0.9836353033517935,0.08475692438698725
chipmean,sentinel1,combined,covmat,afsc,expanding,treatment_0009,P09,P01-08,0.06414942857234923,0.07231007374943206,0.06596190951124348,0.8871437304107724,0.08475692438698725
chipmean,sentinel1,combined,covmat,afsc,expanding,treatment_0009,P10,P01-09,0.07909316913192767,0.0808560844121633,0.08134755563930071,0.9781968754355062,0.08479084370341915
chipmean,sentinel1,combined,covmat,fsc,frozen_joint,treatment_0010,P09,P01-08,0.06850457321590953,0.08342852234456516,0.07258919699287324,0.8211169428721419,0.0790071864953956
chipmean,sentinel1,combined,covmat,fsc,frozen_joint,treatment_0010,P10,P01-08,0.0761543947032591,0.08004695392321287,0.0868837325809756,0.9513715509563574,0.0790071864953956
chipmean,sentinel1,combined,covmat,fsc,expanding,treatment_0010,P09,P01-08,0.06850457321590953,0.08342852234456516,0.07258919699287324,0.8211169428721419,0.0790071864953956
chipmean,sentinel1,combined,covmat,fsc,expanding,treatment_0010,P10,P01-09,0.07600157436773405,0.08004695392321287,0.0868837325809756,0.9494624172787455,0.07903536892351355
chipmean,sentinel1,combined,covmat,afsc,frozen_joint,treatment_0010,P09,P01-08,0.06850457321317147,0.08342852234456516,0.07258919699287324,0.8211169428393227,0.07900718649539797
chipmean,sentinel1,combined,covmat,afsc,frozen_joint,treatment_0010,P10,P01-08,0.07615439470258999,0.08004695392321287,0.0868837325809756,0.9513715509479983,0.07900718649539797
chipmean,sentinel1,combined,covmat,afsc,expanding,treatment_0010,P09,P01-08,0.06850457321317147,0.08342852234456516,0.07258919699287324,0.8211169428393227,0.07900718649539797
chipmean,sentinel1,combined,covmat,afsc,expanding,treatment_0010,P10,P01-09,0.07600157437033003,0.08004695392321287,0.0868837325809756,0.9494624173111762,0.07903536892383173
chipmean,sentinel2,chip_mean,covmat,fsc,frozen_joint,treatment_0001,P09,P01-08,0.02696770145781808,0.10768888054247863,0.05058613596665605,0.25042234000362257,0.04012387434358559
chipmean,sentinel2,chip_mean,covmat,fsc,frozen_joint,treatment_0001,P10,P01-08,0.040276541786988355,0.07744032499801809,0.09260038452327976,0.5200977886910876,0.04012387434358559
chipmean,sentinel2,chip_mean,covmat,fsc,expanding,treatment_0001,P09,P01-08,0.02696770145781808,0.10768888054247863,0.05058613596665605,0.25042234000362257,0.04012387434358559
chipmean,sentinel2,chip_mean,covmat,fsc,expanding,treatment_0001,P10,P01-09,0.039952203987385075,0.07744032499801809,0.09260038452327976,0.515909559888954,0.04013785819389169
chipmean,sentinel2,chip_mean,covmat,afsc,frozen_joint,treatment_0001,P09,P01-08,0.02696770221136813,0.10768888054247863,0.05058613596665605,0.2504223470010957,0.04012387383201971
chipmean,sentinel2,chip_mean,covmat,afsc,frozen_joint,treatment_0001,P10,P01-08,0.04027654001708017,0.07744032499801809,0.09260038452327976,0.5200977658359641,0.04012387383201971
chipmean,sentinel2,chip_mean,covmat,afsc,expanding,treatment_0001,P09,P01-08,0.02696770221136813,0.10768888054247863,0.05058613596665605,0.2504223470010957,0.04012387383201971
chipmean,sentinel2,chip_mean,covmat,afsc,expanding,treatment_0001,P10,P01-09,0.03995220238477452,0.07744032499801809,0.09260038452327976,0.5159095391941732,0.04013785771767667
chipmean,sentinel2,chip_mean,covmat,fsc,frozen_joint,treatment_0002,P09,P01-08,0.03869193147033528,0.040903776636430696,0.039597680748070664,0.9459256492192595,0.09737271868582069
chipmean,sentinel2,chip_mean,covmat,fsc,frozen_joint,treatment_0002,P10,P01-08,0.06109805817773008,0.0974365590154545,0.049873137868834024,0.6270547605035934,0.09737271868582069
chipmean,sentinel2,chip_mean,covmat,fsc,expanding,treatment_0002,P09,P01-08,0.03869193147033528,0.040903776636430696,0.039597680748070664,0.9459256492192595,0.09737271868582069
chipmean,sentinel2,chip_mean,covmat,fsc,expanding,treatment_0002,P10,P01-09,0.05925925201282276,0.0974365590154545,0.049873137868834024,0.608182930633086,0.09743327364206532
chipmean,sentinel2,chip_mean,covmat,afsc,frozen_joint,treatment_0002,P09,P01-08,0.03869192489977078,0.040903776636430696,0.039597680748070664,0.9459254885845934,0.09737269787890247
chipmean,sentinel2,chip_mean,covmat,afsc,frozen_joint,treatment_0002,P10,P01-08,0.06109805358352217,0.0974365590154545,0.049873137868834024,0.6270547133528325,0.09737269787890247
chipmean,sentinel2,chip_mean,covmat,afsc,expanding,treatment_0002,P09,P01-08,0.03869192489977078,0.040903776636430696,0.039597680748070664,0.9459254885845934,0.09737269787890247
chipmean,sentinel2,chip_mean,covmat,afsc,expanding,treatment_0002,P10,P01-09,0.05925924755434816,0.0974365590154545,0.049873137868834024,0.6081828848753679,0.09743325228712545
chipmean,sentinel2,chip_mean,covmat,fsc,frozen_joint,treatment_0003,P09,P01-08,0.02431073733670924,0.08350292206063441,0.0271509215210698,0.2911363666897352,0.07778132606498711
chipmean,sentinel2,chip_mean,covmat,fsc,frozen_joint,treatment_0003,P10,P01-08,0.014221738772882846,0.10460071731679398,0.01830729167140368,0.13596215339337353,0.07778132606498711
chipmean,sentinel2,chip_mean,covmat,fsc,expanding,treatment_0003,P09,P01-08,0.02431073733670924,0.08350292206063441,0.0271509215210698,0.2911363666897352,0.07778132606498711
chipmean,sentinel2,chip_mean,covmat,fsc,expanding,treatment_0003,P10,P01-09,0.014208550465383298,0.10460071731679398,0.01830729167140368,0.13583607101231676,0.07778134299310563
chipmean,sentinel2,chip_mean,covmat,afsc,frozen_joint,treatment_0003,P09,P01-08,0.024310738560454143,0.08350292206063441,0.0271509215210698,0.29113638134485,0.07778132502090702
chipmean,sentinel2,chip_mean,covmat,afsc,frozen_joint,treatment_0003,P10,P01-08,0.014221739201421632,0.10460071731679398,0.01830729167140368,0.13596215749027457,0.07778132502090702
chipmean,sentinel2,chip_mean,covmat,afsc,expanding,treatment_0003,P09,P01-08,0.024310738560454143,0.08350292206063441,0.0271509215210698,0.29113638134485,0.07778132502090702
chipmean,sentinel2,chip_mean,covmat,afsc,expanding,treatment_0003,P10,P01-09,0.014208550787412861,0.10460071731679398,0.01830729167140368,0.13583607409097215,0.07778134199003588
chipmean,sentinel2,chip_mean,covmat,fsc,frozen_joint,treatment_0004,P09,P01-08,0.09871584739725545,0.07380840071707381,0.09735883792205603,1.3374608640506676,0.1094847875050889
chipmean,sentinel2,chip_mean,covmat,fsc,frozen_joint,treatment_0004,P10,P01-08,0.08196847678704193,0.05061077895024767,0.06861154222455286,1.6195853627864547,0.1094847875050889
chipmean,sentinel2,chip_mean,covmat,fsc,expanding,treatment_0004,P09,P01-08,0.09871584739725545,0.07380840071707381,0.09735883792205603,1.3374608640506676,0.1094847875050889
chipmean,sentinel2,chip_mean,covmat,fsc,expanding,treatment_0004,P10,P01-09,0.08032662048729575,0.05061077895024767,0.06861154222455286,1.5871445204639092,0.10959054928796286
chipmean,sentinel2,chip_mean,covmat,afsc,frozen_joint,treatment_0004,P09,P01-08,0.09871585073939013,0.07380840071707381,0.09735883792205603,1.3374609093318908,0.1094847828177671
chipmean,sentinel2,chip_mean,covmat,afsc,frozen_joint,treatment_0004,P10,P01-08,0.08196847681894559,0.05061077895024767,0.06861154222455286,1.6195853634168276,0.1094847828177671
chipmean,sentinel2,chip_mean,covmat,afsc,expanding,treatment_0004,P09,P01-08,0.09871585073939013,0.07380840071707381,0.09735883792205603,1.3374609093318908,0.1094847828177671
chipmean,sentinel2,chip_mean,covmat,afsc,expanding,treatment_0004,P10,P01-09,0.08032661963371181,0.05061077895024767,0.06861154222455286,1.587144503598254,0.10959054449350322
chipmean,sentinel2,chip_mean,covmat,fsc,frozen_joint,treatment_0005,P09,P01-08,0.08848387048233362,0.07495482786744864,0.05619943092508651,1.1804959466895177,0.15147057647599074
chipmean,sentinel2,chip_mean,covmat,fsc,frozen_joint,treatment_0005,P10,P01-08,0.10219080697623537,0.05656450085536533,0.08140744970969223,1.8066243921702039,0.15147057647599074
chipmean,sentinel2,chip_mean,covmat,fsc,expanding,treatment_0005,P09,P01-08,0.08848387048233362,0.07495482786744864,0.05619943092508651,1.1804959466895177,0.15147057647599074
chipmean,sentinel2,chip_mean,covmat,fsc,expanding,treatment_0005,P10,P01-09,0.10167174522516548,0.05656450085536533,0.08140744970969223,1.797447934441051,0.15154781980866167
chipmean,sentinel2,chip_mean,covmat,afsc,frozen_joint,treatment_0005,P09,P01-08,0.0884838739338448,0.07495482786744864,0.05619943092508651,1.180495992737401,0.15147056838463702
chipmean,sentinel2,chip_mean,covmat,afsc,frozen_joint,treatment_0005,P10,P01-08,0.10219080919109078,0.05656450085536533,0.08140744970969223,1.8066244313264834,0.15147056838463702
chipmean,sentinel2,chip_mean,covmat,afsc,expanding,treatment_0005,P09,P01-08,0.0884838739338448,0.07495482786744864,0.05619943092508651,1.180495992737401,0.15147056838463702
chipmean,sentinel2,chip_mean,covmat,afsc,expanding,treatment_0005,P10,P01-09,0.10167174703479696,0.05656450085536533,0.08140744970969223,1.7974479664334042,0.1515478120625515
chipmean,sentinel2,chip_mean,covmat,fsc,frozen_joint,treatment_0006,P09,P01-08,0.04289457995680942,0.05025112850723272,0.03569182762182711,0.853604311605371,0.0558706244662365
chipmean,sentinel2,chip_mean,covmat,fsc,frozen_joint,treatment_0006,P10,P01-08,0.03290991031740075,0.08432045922616778,0.022873842056879586,0.39029567224163764,0.0558706244662365
chipmean,sentinel2,chip_mean,covmat,fsc,expanding,treatment_0006,P09,P01-08,0.04289457995680942,0.05025112850723272,0.03569182762182711,0.853604311605371,0.0558706244662365
chipmean,sentinel2,chip_mean,covmat,fsc,expanding,treatment_0006,P10,P01-09,0.03293996672754851,0.08432045922616778,0.022873842056879586,0.3906521267773884,0.055872712774574236
chipmean,sentinel2,chip_mean,covmat,afsc,frozen_joint,treatment_0006,P09,P01-08,0.04289458236254449,0.05025112850723272,0.03569182762182711,0.8536043594796205,0.05587062254147489
chipmean,sentinel2,chip_mean,covmat,afsc,frozen_joint,treatment_0006,P10,P01-08,0.03290991162714181,0.08432045922616778,0.022873842056879586,0.39029568777453527,0.05587062254147489
chipmean,sentinel2,chip_mean,covmat,afsc,expanding,treatment_0006,P09,P01-08,0.04289458236254449,0.05025112850723272,0.03569182762182711,0.8536043594796205,0.05587062254147489
chipmean,sentinel2,chip_mean,covmat,afsc,expanding,treatment_0006,P10,P01-09,0.03293996821125542,0.08432045922616778,0.022873842056879586,0.39065214437343726,0.055872711035586234
chipmean,sentinel2,chip_mean,covmat,fsc,frozen_joint,treatment_0007,P09,P01-08,0.023133604728204693,0.07368539695164394,0.01544200354821825,0.3139510090905275,0.03360952172421388
chipmean,sentinel2,chip_mean,covmat,fsc,frozen_joint,treatment_0007,P10,P01-08,0.038468817828118035,0.11929243812552094,0.05687148592107544,0.32247490647848676,0.03360952172421388
chipmean,sentinel2,chip_mean,covmat,fsc,expanding,treatment_0007,P09,P01-08,0.023133604728204693,0.07368539695164394,0.01544200354821825,0.3139510090905275,0.03360952172421388
chipmean,sentinel2,chip_mean,covmat,fsc,expanding,treatment_0007,P10,P01-09,0.040132937098116626,0.11929243812552094,0.05687148592107544,0.3364248206234855,0.033679734294040906
chipmean,sentinel2,chip_mean,covmat,afsc,frozen_joint,treatment_0007,P09,P01-08,0.02313360402932386,0.07368539695164394,0.01544200354821825,0.3139509996058689,0.033609520957254474
chipmean,sentinel2,chip_mean,covmat,afsc,frozen_joint,treatment_0007,P10,P01-08,0.038468817623314236,0.11929243812552094,0.05687148592107544,0.32247490476166546,0.033609520957254474
chipmean,sentinel2,chip_mean,covmat,afsc,expanding,treatment_0007,P09,P01-08,0.02313360402932386,0.07368539695164394,0.01544200354821825,0.3139509996058689,0.033609520957254474
chipmean,sentinel2,chip_mean,covmat,afsc,expanding,treatment_0007,P10,P01-09,0.040132937171729895,0.11929243812552094,0.05687148592107544,0.33642482124056794,0.03367973343402579
chipmean,sentinel2,chip_mean,covmat,fsc,frozen_joint,treatment_0008,P09,P01-08,0.04623873301104833,0.06589200888543735,0.0679654005649621,0.7017350630702573,0.08821724885859628
chipmean,sentinel2,chip_mean,covmat,fsc,frozen_joint,treatment_0008,P10,P01-08,0.02973954383906964,0.06734806760054575,0.02092819358940377,0.44157976462606996,0.08821724885859628
chipmean,sentinel2,chip_mean,covmat,fsc,expanding,treatment_0008,P09,P01-08,0.04623873301104833,0.06589200888543735,0.0679654005649621,0.7017350630702573,0.08821724885859628
chipmean,sentinel2,chip_mean,covmat,fsc,expanding,treatment_0008,P10,P01-09,0.031693782411388906,0.06734806760054575,0.02092819358940377,0.4705967600937087,0.08829685907178153
chipmean,sentinel2,chip_mean,covmat,afsc,frozen_joint,treatment_0008,P09,P01-08,0.046238730039967306,0.06589200888543735,0.0679654005649621,0.7017350179801003,0.08821724786038608
chipmean,sentinel2,chip_mean,covmat,afsc,frozen_joint,treatment_0008,P10,P01-08,0.02973954536560084,0.06734806760054575,0.02092819358940377,0.4415797872923654,0.08821724786038608
chipmean,sentinel2,chip_mean,covmat,afsc,expanding,treatment_0008,P09,P01-08,0.046238730039967306,0.06589200888543735,0.0679654005649621,0.7017350179801003,0.08821724786038608
chipmean,sentinel2,chip_mean,covmat,afsc,expanding,treatment_0008,P10,P01-09,0.03169378388023005,0.06734806760054575,0.02092819358940377,0.47059678190340865,0.08829685813942682
chipmean,sentinel2,chip_mean,covmat,fsc,frozen_joint,treatment_0009,P09,P01-08,0.059403420683177506,0.09267341043502668,0.01637756933133872,0.6409974598358527,0.0777749907872785
chipmean,sentinel2,chip_mean,covmat,fsc,frozen_joint,treatment_0009,P10,P01-08,0.04466352533553575,0.07369954692089294,0.024486089906887047,0.6060217084302614,0.0777749907872785
chipmean,sentinel2,chip_mean,covmat,fsc,expanding,treatment_0009,P09,P01-08,0.059403420683177506,0.09267341043502668,0.01637756933133872,0.6409974598358527,0.0777749907872785
chipmean,sentinel2,chip_mean,covmat,fsc,expanding,treatment_0009,P10,P01-09,0.04271056280411995,0.07369954692089294,0.024486089906887047,0.5795227323441254,0.07791300236463522
chipmean,sentinel2,chip_mean,covmat,afsc,frozen_joint,treatment_0009,P09,P01-08,0.05940342195278075,0.09267341043502668,0.01637756933133872,0.6409974735356101,0.07777499060795864
chipmean,sentinel2,chip_mean,covmat,afsc,frozen_joint,treatment_0009,P10,P01-08,0.04466352582062095,0.07369954692089294,0.024486089906887047,0.6060217150121906,0.07777499060795864
chipmean,sentinel2,chip_mean,covmat,afsc,expanding,treatment_0009,P09,P01-08,0.05940342195278075,0.09267341043502668,0.01637756933133872,0.6409974735356101,0.07777499060795864
chipmean,sentinel2,chip_mean,covmat,afsc,expanding,treatment_0009,P10,P01-09,0.04271056274153879,0.07369954692089294,0.024486089906887047,0.5795227314949865,0.07791300224374677
chipmean,sentinel2,chip_mean,covmat,fsc,frozen_joint,treatment_0010,P09,P01-08,0.10345853660855252,0.20522127172383134,0.11436424079660508,0.5041316416154845,0.13676729267012494
chipmean,sentinel2,chip_mean,covmat,fsc,frozen_joint,treatment_0010,P10,P01-08,0.018292386387581277,0.0833512741504606,0.05411771020425186,0.2194613888512488,0.13676729267012494
chipmean,sentinel2,chip_mean,covmat,fsc,expanding,treatment_0010,P09,P01-08,0.10345853660855252,0.20522127172383134,0.11436424079660508,0.5041316416154845,0.13676729267012494
chipmean,sentinel2,chip_mean,covmat,fsc,expanding,treatment_0010,P10,P01-09,0.018805006176714458,0.0833512741504606,0.05411771020425186,0.22561150226412635,0.13682333686592887
chipmean,sentinel2,chip_mean,covmat,afsc,frozen_joint,treatment_0010,P09,P01-08,0.10345853684025078,0.20522127172383134,0.11436424079660508,0.5041316427445014,0.13676729235377946
chipmean,sentinel2,chip_mean,covmat,afsc,frozen_joint,treatment_0010,P10,P01-08,0.018292384447804858,0.0833512741504606,0.05411771020425186,0.21946136557894205,0.13676729235377946
chipmean,sentinel2,chip_mean,covmat,afsc,expanding,treatment_0010,P09,P01-08,0.10345853684025078,0.20522127172383134,0.11436424079660508,0.5041316427445014,0.13676729235377946
chipmean,sentinel2,chip_mean,covmat,afsc,expanding,treatment_0010,P10,P01-09,0.018805004247149853,0.0833512741504606,0.05411771020425186,0.225611479114335,0.13682333651508055
chipmean,sentinel2,gram,covmat,fsc,frozen_joint,treatment_0001,P09,P01-08,0.03626860451325065,0.09303330672864205,0.04666864789733545,0.38984537676424097,0.048210836303177663
chipmean,sentinel2,gram,covmat,fsc,frozen_joint,treatment_0001,P10,P01-08,0.04944534672669626,0.0941733985143805,0.08920689205470408,0.5250457932570612,0.048210836303177663
chipmean,sentinel2,gram,covmat,fsc,expanding,treatment_0001,P09,P01-08,0.03626860451325065,0.09303330672864205,0.04666864789733545,0.38984537676424097,0.048210836303177663
chipmean,sentinel2,gram,covmat,fsc,expanding,treatment_0001,P10,P01-09,0.04815273661675443,0.0941733985143805,0.08920689205470408,0.5113199414737208,0.04824007634111417
chipmean,sentinel2,gram,covmat,afsc,frozen_joint,treatment_0001,P09,P01-08,0.03626860883816302,0.09303330672864205,0.04666864789733545,0.38984542325202604,0.04821083402677707
chipmean,sentinel2,gram,covmat,afsc,frozen_joint,treatment_0001,P10,P01-08,0.04944533983310366,0.0941733985143805,0.08920689205470408,0.5250457200560011,0.04821083402677707
chipmean,sentinel2,gram,covmat,afsc,expanding,treatment_0001,P09,P01-08,0.03626860883816302,0.09303330672864205,0.04666864789733545,0.38984542325202604,0.04821083402677707
chipmean,sentinel2,gram,covmat,afsc,expanding,treatment_0001,P10,P01-09,0.04815273112213958,0.0941733985143805,0.08920689205470408,0.5113198831279997,0.04824007454301905
chipmean,sentinel2,gram,covmat,fsc,frozen_joint,treatment_0002,P09,P01-08,0.04112169865172477,0.049695822656771436,0.03977265731410088,0.8274679128613162,0.09344972425891782
chipmean,sentinel2,gram,covmat,fsc,frozen_joint,treatment_0002,P10,P01-08,0.07631495334075263,0.1339763551184211,0.06505417510895488,0.5696150882243227,0.09344972425891782
chipmean,sentinel2,gram,covmat,fsc,expanding,treatment_0002,P09,P01-08,0.04112169865172477,0.049695822656771436,0.03977265731410088,0.8274679128613162,0.09344972425891782
chipmean,sentinel2,gram,covmat,fsc,expanding,treatment_0002,P10,P01-09,0.07633335228776814,0.1339763551184211,0.06505417510895488,0.5697524180315059,0.09345143588546936
chipmean,sentinel2,gram,covmat,afsc,frozen_joint,treatment_0002,P09,P01-08,0.04112168718193935,0.049695822656771436,0.03977265731410088,0.8274676820615264,0.09344969201282094
chipmean,sentinel2,gram,covmat,afsc,frozen_joint,treatment_0002,P10,P01-08,0.07631494771809808,0.1339763551184211,0.06505417510895488,0.5696150462568088,0.09344969201282094
chipmean,sentinel2,gram,covmat,afsc,expanding,treatment_0002,P09,P01-08,0.04112168718193935,0.049695822656771436,0.03977265731410088,0.8274676820615264,0.09344969201282094
chipmean,sentinel2,gram,covmat,afsc,expanding,treatment_0002,P10,P01-09,0.07633334648038652,0.1339763551184211,0.06505417510895488,0.5697523746851885,0.09345140296895686
chipmean,sentinel2,gram,covmat,fsc,frozen_joint,treatment_0003,P09,P01-08,0.028597499378890348,0.11051791067507241,0.03241046785885818,0.25875895774910435,0.08826299975738286
chipmean,sentinel2,gram,covmat,fsc,frozen_joint,treatment_0003,P10,P01-08,0.014056806626777153,0.14208187683221482,0.022056350219565677,0.09893455055761197,0.08826299975738286
chipmean,sentinel2,gram,covmat,fsc,expanding,treatment_0003,P09,P01-08,0.028597499378890348,0.11051791067507241,0.03241046785885818,0.25875895774910435,0.08826299975738286
chipmean,sentinel2,gram,covmat,fsc,expanding,treatment_0003,P10,P01-09,0.014092287967964919,0.14208187683221482,0.022056350219565677,0.09918427516696285,0.0882646745193479
chipmean,sentinel2,gram,covmat,afsc,frozen_joint,treatment_0003,P09,P01-08,0.028597500933806714,0.11051791067507241,0.03241046785885818,0.2587589718184652,0.0882629965723807
chipmean,sentinel2,gram,covmat,afsc,frozen_joint,treatment_0003,P10,P01-08,0.014056809271696339,0.14208187683221482,0.022056350219565677,0.0989345691730698,0.0882629965723807
chipmean,sentinel2,gram,covmat,afsc,expanding,treatment_0003,P09,P01-08,0.028597500933806714,0.11051791067507241,0.03241046785885818,0.2587589718184652,0.0882629965723807
chipmean,sentinel2,gram,covmat,afsc,expanding,treatment_0003,P10,P01-09,0.014092290443119809,0.14208187683221482,0.022056350219565677,0.0991842925875864,0.0882646715646281
chipmean,sentinel2,gram,covmat,fsc,frozen_joint,treatment_0004,P09,P01-08,0.12110857998727166,0.0809502868812631,0.10354023808217472,1.4960858652040636,0.11433659535132702
chipmean,sentinel2,gram,covmat,fsc,frozen_joint,treatment_0004,P10,P01-08,0.10129898675862761,0.06454302296111543,0.0776140387571609,1.5694800477451478,0.11433659535132702
chipmean,sentinel2,gram,covmat,fsc,expanding,treatment_0004,P09,P01-08,0.12110857998727166,0.0809502868812631,0.10354023808217472,1.4960858652040636,0.11433659535132702
chipmean,sentinel2,gram,covmat,fsc,expanding,treatment_0004,P10,P01-09,0.09644186050186337,0.06454302296111543,0.0776140387571609,1.4942259608752089,0.11464615423749125
chipmean,sentinel2,gram,covmat,afsc,frozen_joint,treatment_0004,P09,P01-08,0.12110859076431262,0.0809502868812631,0.10354023808217472,1.4960859983356602,0.11433658223753704
chipmean,sentinel2,gram,covmat,afsc,frozen_joint,treatment_0004,P10,P01-08,0.10129899709373126,0.06454302296111543,0.0776140387571609,1.5694802078725043,0.11433658223753704
chipmean,sentinel2,gram,covmat,afsc,expanding,treatment_0004,P09,P01-08,0.12110859076431262,0.0809502868812631,0.10354023808217472,1.4960859983356602,0.11433658223753704
chipmean,sentinel2,gram,covmat,afsc,expanding,treatment_0004,P10,P01-09,0.09644186564190457,0.06454302296111543,0.0776140387571609,1.4942260405126502,0.11464613929537076
chipmean,sentinel2,gram,covmat,fsc,frozen_joint,treatment_0005,P09,P01-08,0.08758131827525933,0.06926209216628473,0.06401971019590975,1.2644913766825543,0.1646012276221579
chipmean,sentinel2,gram,covmat,fsc,frozen_joint,treatment_0005,P10,P01-08,0.09937678695091948,0.08232244958898824,0.08734253004318435,1.207165086159104,0.1646012276221579
chipmean,sentinel2,gram,covmat,fsc,expanding,treatment_0005,P09,P01-08,0.08758131827525933,0.06926209216628473,0.06401971019590975,1.2644913766825543,0.1646012276221579
chipmean,sentinel2,gram,covmat,fsc,expanding,treatment_0005,P10,P01-09,0.09894247189096067,0.08232244958898824,0.08734253004318435,1.2018893070474859,0.16467055872256345
chipmean,sentinel2,gram,covmat,afsc,frozen_joint,treatment_0005,P09,P01-08,0.08758132985380053,0.06926209216628473,0.06401971019590975,1.2644915438525144,0.1646012107601518
chipmean,sentinel2,gram,covmat,afsc,frozen_joint,treatment_0005,P10,P01-08,0.09937678807962562,0.08232244958898824,0.08734253004318435,1.207165099869898,0.1646012107601518
chipmean,sentinel2,gram,covmat,afsc,expanding,treatment_0005,P09,P01-08,0.08758132985380053,0.06926209216628473,0.06401971019590975,1.2644915438525144,0.1646012107601518
chipmean,sentinel2,gram,covmat,afsc,expanding,treatment_0005,P10,P01-09,0.098942473163002,0.08232244958898824,0.08734253004318435,1.2018893224994234,0.16467054200110587
chipmean,sentinel2,gram,covmat,fsc,frozen_joint,treatment_0006,P09,P01-08,0.050611724557056495,0.06817123524614647,0.04288966715472047,0.7424205293378109,0.05920303854788401
chipmean,sentinel2,gram,covmat,fsc,frozen_joint,treatment_0006,P10,P01-08,0.04032916434967295,0.11258383529152832,0.028474616758617087,0.35821451849853286,0.05920303854788401
chipmean,sentinel2,gram,covmat,fsc,expanding,treatment_0006,P09,P01-08,0.050611724557056495,0.06817123524614647,0.04288966715472047,0.7424205293378109,0.05920303854788401
chipmean,sentinel2,gram,covmat,fsc,expanding,treatment_0006,P10,P01-09,0.04064959207912138,0.11258383529152832,0.028474616758617087,0.3610606440423883,0.05921988635518735
chipmean,sentinel2,gram,covmat,afsc,frozen_joint,treatment_0006,P09,P01-08,0.0506117304378525,0.06817123524614647,0.04288966715472047,0.7424206156028753,0.05920303673609282
chipmean,sentinel2,gram,covmat,afsc,frozen_joint,treatment_0006,P10,P01-08,0.04032916615292242,0.11258383529152832,0.028474616758617087,0.35821453451548113,0.05920303673609282
chipmean,sentinel2,gram,covmat,afsc,expanding,treatment_0006,P09,P01-08,0.0506117304378525,0.06817123524614647,0.04288966715472047,0.7424206156028753,0.05920303673609282
chipmean,sentinel2,gram,covmat,afsc,expanding,treatment_0006,P10,P01-09,0.0406495937197407,0.11258383529152832,0.028474616758617087,0.36106065861481174,0.059219885322552256
chipmean,sentinel2,gram,covmat,fsc,frozen_joint,treatment_0007,P09,P01-08,0.0276797247434851,0.09370837604425579,0.01774940787065652,0.2953815433789265,0.043107307126078874
chipmean,sentinel2,gram,covmat,fsc,frozen_joint,treatment_0007,P10,P01-08,0.049529956054110355,0.15601913607529128,0.07108270481886808,0.31746077628713654,0.043107307126078874
chipmean,sentinel2,gram,covmat,fsc,expanding,treatment_0007,P09,P01-08,0.0276797247434851,0.09370837604425579,0.01774940787065652,0.2953815433789265,0.043107307126078874
chipmean,sentinel2,gram,covmat,fsc,expanding,treatment_0007,P10,P01-09,0.05226187817486712,0.15601913607529128,0.07108270481886808,0.3349709496509885,0.043218856117632536
chipmean,sentinel2,gram,covmat,afsc,frozen_joint,treatment_0007,P09,P01-08,0.027679724238272915,0.09370837604425579,0.01774940787065652,0.29538153798760286,0.04310730434174889
chipmean,sentinel2,gram,covmat,afsc,frozen_joint,treatment_0007,P10,P01-08,0.04952995320678191,0.15601913607529128,0.07108270481886808,0.3174607580372698,0.04310730434174889
chipmean,sentinel2,gram,covmat,afsc,expanding,treatment_0007,P09,P01-08,0.027679724238272915,0.09370837604425579,0.01774940787065652,0.29538153798760286,0.04310730434174889
chipmean,sentinel2,gram,covmat,afsc,expanding,treatment_0007,P10,P01-09,0.052261877861128674,0.15601913607529128,0.07108270481886808,0.3349709476400913,0.04321885310485896
chipmean,sentinel2,gram,covmat,fsc,frozen_joint,treatment_0008,P09,P01-08,0.058171478081555435,0.07981508325595114,0.07746991040163954,0.7288281325850534,0.08671123419704786
chipmean,sentinel2,gram,covmat,fsc,frozen_joint,treatment_0008,P10,P01-08,0.02865281577370334,0.09366166802344517,0.01809423922931731,0.3059182734876239,0.08671123419704786
chipmean,sentinel2,gram,covmat,fsc,expanding,treatment_0008,P09,P01-08,0.058171478081555435,0.07981508325595114,0.07746991040163954,0.7288281325850534,0.08671123419704786
chipmean,sentinel2,gram,covmat,fsc,expanding,treatment_0008,P10,P01-09,0.02883074281675246,0.09366166802344517,0.01809423922931731,0.3078179518384791,0.08676958075756688
chipmean,sentinel2,gram,covmat,afsc,frozen_joint,treatment_0008,P09,P01-08,0.05817147808414309,0.07981508325595114,0.07746991040163954,0.7288281326174739,0.08671123419704704
chipmean,sentinel2,gram,covmat,afsc,frozen_joint,treatment_0008,P10,P01-08,0.028652815766517074,0.09366166802344517,0.01809423922931731,0.3059182734108981,0.08671123419704704
chipmean,sentinel2,gram,covmat,afsc,expanding,treatment_0008,P09,P01-08,0.05817147808414309,0.07981508325595114,0.07746991040163954,0.7288281326174739,0.08671123419704704
chipmean,sentinel2,gram,covmat,afsc,expanding,treatment_0008,P10,P01-09,0.028830742815783843,0.09366166802344517,0.01809423922931731,0.3078179518281374,0.08676958075701736
chipmean,sentinel2,gram,covmat,fsc,frozen_joint,treatment_0009,P09,P01-08,0.05094110856194822,0.10724815489038898,0.01943272940794955,0.4749835427379767,0.0769117133969331
chipmean,sentinel2,gram,covmat,fsc,frozen_joint,treatment_0009,P10,P01-08,0.05056543503395962,0.10269017929368884,0.030446622281005538,0.4924077003444017,0.0769117133969331
chipmean,sentinel2,gram,covmat,fsc,expanding,treatment_0009,P09,P01-08,0.05094110856194822,0.10724815489038898,0.01943272940794955,0.4749835427379767,0.0769117133969331
chipmean,sentinel2,gram,covmat,fsc,expanding,treatment_0009,P10,P01-09,0.048264464241290085,0.10269017929368884,0.030446622281005538,0.47000077878193297,0.07704224593600038
chipmean,sentinel2,gram,covmat,afsc,frozen_joint,treatment_0009,P09,P01-08,0.05094110016475382,0.10724815489038898,0.01943272940794955,0.4749834644411108,0.0769117115688873
chipmean,sentinel2,gram,covmat,afsc,frozen_joint,treatment_0009,P10,P01-08,0.050565425113580094,0.10269017929368884,0.030446622281005538,0.49240760373945275,0.0769117115688873
chipmean,sentinel2,gram,covmat,afsc,expanding,treatment_0009,P09,P01-08,0.05094110016475382,0.10724815489038898,0.01943272940794955,0.4749834644411108,0.0769117115688873
chipmean,sentinel2,gram,covmat,afsc,expanding,treatment_0009,P10,P01-09,0.048264453446467785,0.10269017929368884,0.030446622281005538,0.4700006736616345,0.07704224472284629
chipmean,sentinel2,gram,covmat,fsc,frozen_joint,treatment_0010,P09,P01-08,0.12823747752224832,0.256636774341507,0.14385331402137538,0.49968473088584914,0.11952619977839926
chipmean,sentinel2,gram,covmat,fsc,frozen_joint,treatment_0010,P10,P01-08,0.018233818200643393,0.09643023859160448,0.05883238719716048,0.1890881788425948,0.11952619977839926
chipmean,sentinel2,gram,covmat,fsc,expanding,treatment_0010,P09,P01-08,0.12823747752224832,0.256636774341507,0.14385331402137538,0.49968473088584914,0.11952619977839926
chipmean,sentinel2,gram,covmat,fsc,expanding,treatment_0010,P10,P01-09,0.01851565710378923,0.09643023859160448,0.05883238719716048,0.19201090212174649,0.1195939367177919
chipmean,sentinel2,gram,covmat,afsc,frozen_joint,treatment_0010,P09,P01-08,0.12823747991043305,0.256636774341507,0.14385331402137538,0.49968474019154874,0.11952619685283865
chipmean,sentinel2,gram,covmat,afsc,frozen_joint,treatment_0010,P10,P01-08,0.01823381032756997,0.09643023859160448,0.05883238719716048,0.18908809719731903,0.11952619685283865
chipmean,sentinel2,gram,covmat,afsc,expanding,treatment_0010,P09,P01-08,0.12823747991043305,0.256636774341507,0.14385331402137538,0.49968474019154874,0.11952619685283865
chipmean,sentinel2,gram,covmat,afsc,expanding,treatment_0010,P10,P01-09,0.018515650667603547,0.09643023859160448,0.05883238719716048,0.19201083537727115,0.11959393435329503
chipmean,sentinel2,quantile,covmat,fsc,frozen_joint,treatment_0001,P09,P01-08,0.12285902070894383,0.14129711929788735,0.11920839263988126,0.8695083192030851,0.09661790293621632
chipmean,sentinel2,quantile,covmat,fsc,frozen_joint,treatment_0001,P10,P01-08,0.08668391093787368,0.16072850737651442,0.12338830386424811,0.5393188324384321,0.09661790293621632
chipmean,sentinel2,quantile,covmat,fsc,expanding,treatment_0001,P09,P01-08,0.12285902070894383,0.14129711929788735,0.11920839263988126,0.8695083192030851,0.09661790293621632
chipmean,sentinel2,quantile,covmat,fsc,expanding,treatment_0001,P10,P01-09,0.08692851186716788,0.16072850737651442,0.12338830386424811,0.5408406591092989,0.09670047178898276
chipmean,sentinel2,quantile,covmat,afsc,frozen_joint,treatment_0001,P09,P01-08,0.1228580196992215,0.14129711929788735,0.11920839263988126,0.8695012347718716,0.09661790235376021
chipmean,sentinel2,quantile,covmat,afsc,frozen_joint,treatment_0001,P10,P01-08,0.08668505416641606,0.16072850737651442,0.12338830386424811,0.5393259452310601,0.09661790235376021
chipmean,sentinel2,quantile,covmat,afsc,expanding,treatment_0001,P09,P01-08,0.1228580196992215,0.14129711929788735,0.11920839263988126,0.8695012347718716,0.09661790235376021
chipmean,sentinel2,quantile,covmat,afsc,expanding,treatment_0001,P10,P01-09,0.08692840144210101,0.16072850737651442,0.12338830386424811,0.5408399720807894,0.09670054599407894
chipmean,sentinel2,quantile,covmat,fsc,frozen_joint,treatment_0002,P09,P01-08,0.09634524533915503,0.14650014838213857,0.08508125004388996,0.6576460597694626,0.1540409466029163
chipmean,sentinel2,quantile,covmat,fsc,frozen_joint,treatment_0002,P10,P01-08,0.0911922222989809,0.18363263935804414,0.08448789067550382,0.4966013809842143,0.1540409466029163
chipmean,sentinel2,quantile,covmat,fsc,expanding,treatment_0002,P09,P01-08,0.09634524533915503,0.14650014838213857,0.08508125004388996,0.6576460597694626,0.1540409466029163
chipmean,sentinel2,quantile,covmat,fsc,expanding,treatment_0002,P10,P01-09,0.08954912644516635,0.18363263935804414,0.08448789067550382,0.4876536478385241,0.15411656900538567
chipmean,sentinel2,quantile,covmat,afsc,frozen_joint,treatment_0002,P09,P01-08,0.1007849255834743,0.14650014838213857,0.08508125004388996,0.6879510136780318,0.133289917077226
chipmean,sentinel2,quantile,covmat,afsc,frozen_joint,treatment_0002,P10,P01-08,0.08071171292195947,0.18363263935804414,0.08448789067550382,0.4395281427316905,0.133289917077226
chipmean,sentinel2,quantile,covmat,afsc,expanding,treatment_0002,P09,P01-08,0.1007849255834743,0.14650014838213857,0.08508125004388996,0.6879510136780318,0.133289917077226
chipmean,sentinel2,quantile,covmat,afsc,expanding,treatment_0002,P10,P01-09,0.0801869561147312,0.18363263935804414,0.08448789067550382,0.43667049820257653,0.13333704072838895
chipmean,sentinel2,quantile,covmat,fsc,frozen_joint,treatment_0003,P09,P01-08,0.07034163409932824,0.11488963270423712,0.07294749052858777,0.6122539731710192,0.10564216673168499
chipmean,sentinel2,quantile,covmat,fsc,frozen_joint,treatment_0003,P10,P01-08,0.0591709064920207,0.14221803009700443,0.05288002666935497,0.41605769993903907,0.10564216673168499
chipmean,sentinel2,quantile,covmat,fsc,expanding,treatment_0003,P09,P01-08,0.07034163409932824,0.11488963270423712,0.07294749052858777,0.6122539731710192,0.10564216673168499
chipmean,sentinel2,quantile,covmat,fsc,expanding,treatment_0003,P10,P01-09,0.059136931244438196,0.14221803009700443,0.05288002666935497,0.4158188044378194,0.10572761400375774
chipmean,sentinel2,quantile,covmat,afsc,frozen_joint,treatment_0003,P09,P01-08,0.07598277866695344,0.11488963270423712,0.07294749052858777,0.6613545267618495,0.10438719766334754
chipmean,sentinel2,quantile,covmat,afsc,frozen_joint,treatment_0003,P10,P01-08,0.06727997264928053,0.14221803009700443,0.05288002666935497,0.4730762520292964,0.10438719766334754
chipmean,sentinel2,quantile,covmat,afsc,expanding,treatment_0003,P09,P01-08,0.07598277866695344,0.11488963270423712,0.07294749052858777,0.6613545267618495,0.10438719766334754
chipmean,sentinel2,quantile,covmat,afsc,expanding,treatment_0003,P10,P01-09,0.06527494900288683,0.14221803009700443,0.05288002666935497,0.4589780139576109,0.10454158110641985
chipmean,sentinel2,quantile,covmat,fsc,frozen_joint,treatment_0004,P09,P01-08,0.15318942012365985,0.13649454920907367,0.14313775659165612,1.1223116308403938,0.15255701074452477
chipmean,sentinel2,quantile,covmat,fsc,frozen_joint,treatment_0004,P10,P01-08,0.11481483384094664,0.13224440680921778,0.10588597367370481,0.8682018136811193,0.15255701074452477
chipmean,sentinel2,quantile,covmat,fsc,expanding,treatment_0004,P09,P01-08,0.15318942012365985,0.13649454920907367,0.14313775659165612,1.1223116308403938,0.15255701074452477
chipmean,sentinel2,quantile,covmat,fsc,expanding,treatment_0004,P10,P01-09,0.11456949632517645,0.13224440680921778,0.10588597367370481,0.8663466311317043,0.15282107576266563
chipmean,sentinel2,quantile,covmat,afsc,frozen_joint,treatment_0004,P09,P01-08,0.16753468759882467,0.13649454920907367,0.14313775659165612,1.227409362275747,0.15006557593919334
chipmean,sentinel2,quantile,covmat,afsc,frozen_joint,treatment_0004,P10,P01-08,0.10684405697944759,0.13224440680921778,0.10588597367370481,0.8079287401060826,0.15006557593919334
chipmean,sentinel2,quantile,covmat,afsc,expanding,treatment_0004,P09,P01-08,0.16753468759882467,0.13649454920907367,0.14313775659165612,1.227409362275747,0.15006557593919334
chipmean,sentinel2,quantile,covmat,afsc,expanding,treatment_0004,P10,P01-09,0.11002038149198927,0.13224440680921778,0.10588597367370481,0.8319473325681745,0.15074175790992134
chipmean,sentinel2,quantile,covmat,fsc,frozen_joint,treatment_0005,P09,P01-08,0.13058855710301837,0.11714621975437485,0.095138699173991,1.1147483664161644,0.1876181932611095
chipmean,sentinel2,quantile,covmat,fsc,frozen_joint,treatment_0005,P10,P01-08,0.13433409766697232,0.14878503210089383,0.11160079352183283,0.902873735147484,0.1876181932611095
chipmean,sentinel2,quantile,covmat,fsc,expanding,treatment_0005,P09,P01-08,0.13058855710301837,0.11714621975437485,0.095138699173991,1.1147483664161644,0.1876181932611095
chipmean,sentinel2,quantile,covmat,fsc,expanding,treatment_0005,P10,P01-09,0.1328597138257043,0.14878503210089383,0.11160079352183283,0.8929642447878071,0.18779226745476849
chipmean,sentinel2,quantile,covmat,afsc,frozen_joint,treatment_0005,P09,P01-08,0.13644539848863024,0.11714621975437485,0.095138699173991,1.1647443577327612,0.17487014781182011
chipmean,sentinel2,quantile,covmat,afsc,frozen_joint,treatment_0005,P10,P01-08,0.13815209912971918,0.14878503210089383,0.11160079352183283,0.9285349284062104,0.17487014781182011
chipmean,sentinel2,quantile,covmat,afsc,expanding,treatment_0005,P09,P01-08,0.13644539848863024,0.11714621975437485,0.095138699173991,1.1647443577327612,0.17487014781182011
chipmean,sentinel2,quantile,covmat,afsc,expanding,treatment_0005,P10,P01-09,0.13527495927686234,0.14878503210089383,0.11160079352183283,0.9091973659361778,0.1751200566109879
chipmean,sentinel2,quantile,covmat,fsc,frozen_joint,treatment_0006,P09,P01-08,0.11113417965122918,0.12410171863129964,0.0862410608867605,0.895508788088613,0.11045744012807922
chipmean,sentinel2,quantile,covmat,fsc,frozen_joint,treatment_0006,P10,P01-08,0.07485557111824424,0.14858245965237155,0.06805316512319791,0.5037981689990785,0.11045744012807922
chipmean,sentinel2,quantile,covmat,fsc,expanding,treatment_0006,P09,P01-08,0.11113417965122918,0.12410171863129964,0.0862410608867605,0.895508788088613,0.11045744012807922
chipmean,sentinel2,quantile,covmat,fsc,expanding,treatment_0006,P10,P01-09,0.07459367201610753,0.14858245965237155,0.06805316512319791,0.5020355174536036,0.11058944872465754
chipmean,sentinel2,quantile,covmat,afsc,frozen_joint,treatment_0006,P09,P01-08,0.1198386105928252,0.12410171863129964,0.0862410608867605,0.9656482755799706,0.10968524177782202
chipmean,sentinel2,quantile,covmat,afsc,frozen_joint,treatment_0006,P10,P01-08,0.07445029648352465,0.14858245965237155,0.06805316512319791,0.5010705614761731,0.10968524177782202
chipmean,sentinel2,quantile,covmat,afsc,expanding,treatment_0006,P09,P01-08,0.1198386105928252,0.12410171863129964,0.0862410608867605,0.9656482755799706,0.10968524177782202
chipmean,sentinel2,quantile,covmat,afsc,expanding,treatment_0006,P10,P01-09,0.07437342038519008,0.14858245965237155,0.06805316512319791,0.5005531646144277,0.11019007816658982
chipmean,sentinel2,quantile,covmat,fsc,frozen_joint,treatment_0007,P09,P01-08,0.07184459209323585,0.12107616430886041,0.07327483491047969,0.5933834500237651,0.08345838625418045
chipmean,sentinel2,quantile,covmat,fsc,frozen_joint,treatment_0007,P10,P01-08,0.06978435927619994,0.1661091453766503,0.08941007105354226,0.4201114822303421,0.08345838625418045
chipmean,sentinel2,quantile,covmat,fsc,expanding,treatment_0007,P09,P01-08,0.07184459209323585,0.12107616430886041,0.07327483491047969,0.5933834500237651,0.08345838625418045
chipmean,sentinel2,quantile,covmat,fsc,expanding,treatment_0007,P10,P01-09,0.07086454825512326,0.1661091453766503,0.08941007105354226,0.42661436909111067,0.0835145957455744
chipmean,sentinel2,quantile,covmat,afsc,frozen_joint,treatment_0007,P09,P01-08,0.07189759195455228,0.12107616430886041,0.07327483491047969,0.5938211898680935,0.08343863704787943
chipmean,sentinel2,quantile,covmat,afsc,frozen_joint,treatment_0007,P10,P01-08,0.06986284631256616,0.1661091453766503,0.08941007105354226,0.4205839850307644,0.08343863704787943
chipmean,sentinel2,quantile,covmat,afsc,expanding,treatment_0007,P09,P01-08,0.07189759195455228,0.12107616430886041,0.07327483491047969,0.5938211898680935,0.08343863704787943
chipmean,sentinel2,quantile,covmat,afsc,expanding,treatment_0007,P10,P01-09,0.07091560400910876,0.1661091453766503,0.08941007105354226,0.42692173178248893,0.08349504831023316
chipmean,sentinel2,quantile,covmat,fsc,frozen_joint,treatment_0008,P09,P01-08,0.09053047086438083,0.11355519982103424,0.108662124592123,0.7972375638197023,0.11758383916796242
chipmean,sentinel2,quantile,covmat,fsc,frozen_joint,treatment_0008,P10,P01-08,0.07488376432045195,0.16613727314942378,0.06170556794766508,0.4507342807601129,0.11758383916796242
chipmean,sentinel2,quantile,covmat,fsc,expanding,treatment_0008,P09,P01-08,0.09053047086438083,0.11355519982103424,0.108662124592123,0.7972375638197023,0.11758383916796242
chipmean,sentinel2,quantile,covmat,fsc,expanding,treatment_0008,P10,P01-09,0.07428377778116244,0.16613727314942378,0.06170556794766508,0.4471228904446484,0.11759480031167102
chipmean,sentinel2,quantile,covmat,afsc,frozen_joint,treatment_0008,P09,P01-08,0.09065028845630799,0.11355519982103424,0.108662124592123,0.7982927122595447,0.1175723747417499
chipmean,sentinel2,quantile,covmat,afsc,frozen_joint,treatment_0008,P10,P01-08,0.07509600364507063,0.16613727314942378,0.06170556794766508,0.45201177448921603,0.1175723747417499
chipmean,sentinel2,quantile,covmat,afsc,expanding,treatment_0008,P09,P01-08,0.09065028845630799,0.11355519982103424,0.108662124592123,0.7982927122595447,0.1175723747417499
chipmean,sentinel2,quantile,covmat,afsc,expanding,treatment_0008,P10,P01-09,0.07438873382999989,0.16613727314942378,0.06170556794766508,0.4477546333813647,0.11758621887283986
chipmean,sentinel2,quantile,covmat,fsc,frozen_joint,treatment_0009,P09,P01-08,0.10662043220626978,0.1376110430093527,0.08691431208191092,0.7747956114177795,0.11226997458807482
chipmean,sentinel2,quantile,covmat,fsc,frozen_joint,treatment_0009,P10,P01-08,0.08507471611095184,0.174674798316894,0.06544763705801251,0.4870463108055793,0.11226997458807482
chipmean,sentinel2,quantile,covmat,fsc,expanding,treatment_0009,P09,P01-08,0.10662043220626978,0.1376110430093527,0.08691431208191092,0.7747956114177795,0.11226997458807482
chipmean,sentinel2,quantile,covmat,fsc,expanding,treatment_0009,P10,P01-09,0.08389041084960194,0.174674798316894,0.06544763705801251,0.48026625281918717,0.11241682058014105
chipmean,sentinel2,quantile,covmat,afsc,frozen_joint,treatment_0009,P09,P01-08,0.10688924792645334,0.1376110430093527,0.08691431208191092,0.7767490572627128,0.11213863034636627
chipmean,sentinel2,quantile,covmat,afsc,frozen_joint,treatment_0009,P10,P01-08,0.08567444423040309,0.174674798316894,0.06544763705801251,0.49047970889866443,0.11213863034636627
chipmean,sentinel2,quantile,covmat,afsc,expanding,treatment_0009,P09,P01-08,0.10688924792645334,0.1376110430093527,0.08691431208191092,0.7767490572627128,0.11213863034636627
chipmean,sentinel2,quantile,covmat,afsc,expanding,treatment_0009,P10,P01-09,0.08409072178429343,0.174674798316894,0.06544763705801251,0.48141301775964573,0.1123219531445722
chipmean,sentinel2,quantile,covmat,fsc,frozen_joint,treatment_0010,P09,P01-08,0.18549445910800416,0.22919050572566416,0.18697264783442655,0.8093461747932823,0.16421293132554057
chipmean,sentinel2,quantile,covmat,fsc,frozen_joint,treatment_0010,P10,P01-08,0.07008754717517299,0.16650796332862014,0.09580663499271964,0.42092609731132313,0.16421293132554057
chipmean,sentinel2,quantile,covmat,fsc,expanding,treatment_0010,P09,P01-08,0.18549445910800416,0.22919050572566416,0.18697264783442655,0.8093461747932823,0.16421293132554057
chipmean,sentinel2,quantile,covmat,fsc,expanding,treatment_0010,P10,P01-09,0.07045522485547666,0.16650796332862014,0.09580663499271964,0.42313426605564936,0.164797742213414
chipmean,sentinel2,quantile,covmat,afsc,frozen_joint,treatment_0010,P09,P01-08,0.1815910486059488,0.22919050572566416,0.18697264783442655,0.7923148824642378,0.16319106549177112
chipmean,sentinel2,quantile,covmat,afsc,frozen_joint,treatment_0010,P10,P01-08,0.06993223027038527,0.16650796332862014,0.09580663499271964,0.4199933076616102,0.16319106549177112
chipmean,sentinel2,quantile,covmat,afsc,expanding,treatment_0010,P09,P01-08,0.1815910486059488,0.22919050572566416,0.18697264783442655,0.7923148824642378,0.16319106549177112
chipmean,sentinel2,quantile,covmat,afsc,expanding,treatment_0010,P10,P01-09,0.06960596665074474,0.16650796332862014,0.09580663499271964,0.4180338601185722,0.1638127827993293
chipmean,sentinel2,combined,covmat,fsc,frozen_joint,treatment_0001,P09,P01-08,0.16992440868181616,0.20636803661580153,0.16656380544021482,0.8234046874137151,0.1371807933807406
chipmean,sentinel2,combined,covmat,fsc,frozen_joint,treatment_0001,P10,P01-08,0.12462041717572452,0.23152270366749922,0.18262603414630763,0.5382643481681945,0.1371807933807406
chipmean,sentinel2,combined,covmat,fsc,expanding,treatment_0001,P09,P01-08,0.16992440868181616,0.20636803661580153,0.16656380544021482,0.8234046874137151,0.1371807933807406
chipmean,sentinel2,combined,covmat,fsc,expanding,treatment_0001,P10,P01-09,0.124396375448553,0.23152270366749922,0.18262603414630763,0.5372966602325298,0.13726898305208554
chipmean,sentinel2,combined,covmat,afsc,frozen_joint,treatment_0001,P09,P01-08,0.1701704427936185,0.20636803661580153,0.16656380544021482,0.8245968977765068,0.1371618567682685
chipmean,sentinel2,combined,covmat,afsc,frozen_joint,treatment_0001,P10,P01-08,0.12395943023688169,0.23152270366749922,0.18262603414630763,0.5354093930023629,0.1371618567682685
chipmean,sentinel2,combined,covmat,afsc,expanding,treatment_0001,P09,P01-08,0.1701704427936185,0.20636803661580153,0.16656380544021482,0.8245968977765068,0.1371618567682685
chipmean,sentinel2,combined,covmat,afsc,expanding,treatment_0001,P10,P01-09,0.12439585886626743,0.23152270366749922,0.18262603414630763,0.5372944289943946,0.13726885109849926
chipmean,sentinel2,combined,covmat,fsc,frozen_joint,treatment_0002,P09,P01-08,0.1360343979494812,0.2034011991742609,0.12015489909671298,0.6687984068025862,0.22329064780338792
chipmean,sentinel2,combined,covmat,fsc,frozen_joint,treatment_0002,P10,P01-08,0.13846076089953244,0.2721773497801878,0.126335593051005,0.508715221936558,0.22329064780338792
chipmean,sentinel2,combined,covmat,fsc,expanding,treatment_0002,P09,P01-08,0.1360343979494812,0.2034011991742609,0.12015489909671298,0.6687984068025862,0.22329064780338792
chipmean,sentinel2,combined,covmat,fsc,expanding,treatment_0002,P10,P01-09,0.1362041780489656,0.2721773497801878,0.126335593051005,0.5004243672699619,0.22339658736956639
chipmean,sentinel2,combined,covmat,afsc,frozen_joint,treatment_0002,P09,P01-08,0.1408794402469573,0.2034011991742609,0.12015489909671298,0.6926185333168119,0.191240231865585
chipmean,sentinel2,combined,covmat,afsc,frozen_joint,treatment_0002,P10,P01-08,0.1184225594627867,0.2721773497801878,0.126335593051005,0.4350933667273398,0.191240231865585
chipmean,sentinel2,combined,covmat,afsc,expanding,treatment_0002,P09,P01-08,0.1408794402469573,0.2034011991742609,0.12015489909671298,0.6926185333168119,0.191240231865585
chipmean,sentinel2,combined,covmat,afsc,expanding,treatment_0002,P10,P01-09,0.11767305037265616,0.2721773497801878,0.126335593051005,0.43233961410708743,0.19131126336821377
chipmean,sentinel2,combined,covmat,fsc,frozen_joint,treatment_0003,P09,P01-08,0.0990356504472636,0.17984803299541033,0.10266653676198621,0.550662961378015,0.16105331090808694
chipmean,sentinel2,combined,covmat,fsc,frozen_joint,treatment_0003,P10,P01-08,0.08208268033425388,0.22474977156725756,0.07413900458359077,0.36521808125482436,0.16105331090808694
chipmean,sentinel2,combined,covmat,fsc,expanding,treatment_0003,P09,P01-08,0.0990356504472636,0.17984803299541033,0.10266653676198621,0.550662961378015,0.16105331090808694
chipmean,sentinel2,combined,covmat,fsc,expanding,treatment_0003,P10,P01-09,0.08192201104859732,0.22474977156725756,0.07413900458359077,0.36450320050306134,0.16110184308146733
chipmean,sentinel2,combined,covmat,afsc,frozen_joint,treatment_0003,P09,P01-08,0.10989230360619763,0.17984803299541033,0.10266653676198621,0.6110286655679023,0.15853894603563473
chipmean,sentinel2,combined,covmat,afsc,frozen_joint,treatment_0003,P10,P01-08,0.09697558871406792,0.22474977156725756,0.07413900458359077,0.4314824795496954,0.15853894603563473
chipmean,sentinel2,combined,covmat,afsc,expanding,treatment_0003,P09,P01-08,0.10989230360619763,0.17984803299541033,0.10266653676198621,0.6110286655679023,0.15853894603563473
chipmean,sentinel2,combined,covmat,afsc,expanding,treatment_0003,P10,P01-09,0.09341505006168561,0.22474977156725756,0.07413900458359077,0.41564024474984024,0.15870923460156453
chipmean,sentinel2,combined,covmat,fsc,frozen_joint,treatment_0004,P09,P01-08,0.22867971717565203,0.19687223120092692,0.21187436195199322,1.1615641057182031,0.22780312961298407
chipmean,sentinel2,combined,covmat,fsc,frozen_joint,treatment_0004,P10,P01-08,0.17679924858096235,0.18735393027191619,0.1570573065361673,0.9436644767705952,0.22780312961298407
chipmean,sentinel2,combined,covmat,fsc,expanding,treatment_0004,P09,P01-08,0.22867971717565203,0.19687223120092692,0.21187436195199322,1.1615641057182031,0.22780312961298407
chipmean,sentinel2,combined,covmat,fsc,expanding,treatment_0004,P10,P01-09,0.1746079784580785,0.18735393027191619,0.1570573065361673,0.931968591236176,0.2281565476870213
chipmean,sentinel2,combined,covmat,afsc,frozen_joint,treatment_0004,P09,P01-08,0.24432250759182267,0.19687223120092692,0.21187436195199322,1.2410206665584453,0.2241069627183492
chipmean,sentinel2,combined,covmat,afsc,frozen_joint,treatment_0004,P10,P01-08,0.1638394382510577,0.18735393027191619,0.1570573065361673,0.8744916000068389,0.2241069627183492
chipmean,sentinel2,combined,covmat,afsc,expanding,treatment_0004,P09,P01-08,0.24432250759182267,0.19687223120092692,0.21187436195199322,1.2410206665584453,0.2241069627183492
chipmean,sentinel2,combined,covmat,afsc,expanding,treatment_0004,P10,P01-09,0.16677197345403633,0.18735393027191619,0.1570573065361673,0.8901439815646875,0.22483135881215166
chipmean,sentinel2,combined,covmat,fsc,frozen_joint,treatment_0005,P09,P01-08,0.19309352150291473,0.16890873768477807,0.1393571896354619,1.1431825502317763,0.2888615102061163
chipmean,sentinel2,combined,covmat,fsc,frozen_joint,treatment_0005,P10,P01-08,0.2034950256798806,0.2130767930927816,0.16735007484667477,0.9550313890413736,0.2888615102061163
chipmean,sentinel2,combined,covmat,fsc,expanding,treatment_0005,P09,P01-08,0.19309352150291473,0.16890873768477807,0.1393571896354619,1.1431825502317763,0.2888615102061163
chipmean,sentinel2,combined,covmat,fsc,expanding,treatment_0005,P10,P01-09,0.19809878102431655,0.2130767930927816,0.16735007484667477,0.9297060376634115,0.28916746279219313
chipmean,sentinel2,combined,covmat,afsc,frozen_joint,treatment_0005,P09,P01-08,0.2023852880810302,0.16890873768477807,0.1393571896354619,1.1981931240213692,0.26870160029812623
chipmean,sentinel2,combined,covmat,afsc,frozen_joint,treatment_0005,P10,P01-08,0.20281189406504097,0.2130767930927816,0.16735007484667477,0.951825354236156,0.26870160029812623
chipmean,sentinel2,combined,covmat,afsc,expanding,treatment_0005,P09,P01-08,0.2023852880810302,0.16890873768477807,0.1393571896354619,1.1981931240213692,0.26870160029812623
chipmean,sentinel2,combined,covmat,afsc,expanding,treatment_0005,P10,P01-09,0.1995113088404402,0.2130767930927816,0.16735007484667477,0.9363352336242713,0.2690260976795235
chipmean,sentinel2,combined,covmat,fsc,frozen_joint,treatment_0006,P09,P01-08,0.15608884200946233,0.17760478721317327,0.12235899854797855,0.8788549253580308,0.15827989868067288
chipmean,sentinel2,combined,covmat,fsc,frozen_joint,treatment_0006,P10,P01-08,0.10642213383339898,0.2215754932788697,0.09542930123515585,0.480297402291952,0.15827989868067288
chipmean,sentinel2,combined,covmat,fsc,expanding,treatment_0006,P09,P01-08,0.15608884200946233,0.17760478721317327,0.12235899854797855,0.8788549253580308,0.15827989868067288
chipmean,sentinel2,combined,covmat,fsc,expanding,treatment_0006,P10,P01-09,0.10647733630443791,0.2215754932788697,0.09542930123515585,0.48054653846771783,0.15844944083716184
chipmean,sentinel2,combined,covmat,afsc,frozen_joint,treatment_0006,P09,P01-08,0.17006876207809335,0.17760478721317327,0.12235899854797855,0.9575685697816542,0.15701994847957793
chipmean,sentinel2,combined,covmat,afsc,frozen_joint,treatment_0006,P10,P01-08,0.1061929902164493,0.2215754932788697,0.09542930123515585,0.4792632463320179,0.15701994847957793
chipmean,sentinel2,combined,covmat,afsc,expanding,treatment_0006,P09,P01-08,0.17006876207809335,0.17760478721317327,0.12235899854797855,0.9575685697816542,0.15701994847957793
chipmean,sentinel2,combined,covmat,afsc,expanding,treatment_0006,P10,P01-09,0.1062068360753872,0.2215754932788697,0.09542930123515585,0.4793257345554807,0.1577696154703339
chipmean,sentinel2,combined,covmat,fsc,frozen_joint,treatment_0007,P09,P01-08,0.09990501910485249,0.18120685263812747,0.10077020782571375,0.5513313522660435,0.11950396711151334
chipmean,sentinel2,combined,covmat,fsc,frozen_joint,treatment_0007,P10,P01-08,0.10230914462534482,0.2585458644993318,0.13444949360947764,0.39570984754857386,0.11950396711151334
chipmean,sentinel2,combined,covmat,fsc,expanding,treatment_0007,P09,P01-08,0.09990501910485249,0.18120685263812747,0.10077020782571375,0.5513313522660435,0.11950396711151334
chipmean,sentinel2,combined,covmat,fsc,expanding,treatment_0007,P10,P01-09,0.10393450837300847,0.2585458644993318,0.13444949360947764,0.40199640622477284,0.11958236301845968
chipmean,sentinel2,combined,covmat,afsc,frozen_joint,treatment_0007,P09,P01-08,0.10009293613382057,0.18120685263812747,0.10077020782571375,0.5523683827438222,0.11936734020460281
chipmean,sentinel2,combined,covmat,afsc,frozen_joint,treatment_0007,P10,P01-08,0.10223821853175345,0.2585458644993318,0.13444949360947764,0.3954355206173397,0.11936734020460281
chipmean,sentinel2,combined,covmat,afsc,expanding,treatment_0007,P09,P01-08,0.10009293613382057,0.18120685263812747,0.10077020782571375,0.5523683827438222,0.11936734020460281
chipmean,sentinel2,combined,covmat,afsc,expanding,treatment_0007,P10,P01-09,0.10398079359361528,0.2585458644993318,0.13444949360947764,0.40217542753960395,0.11944824706117713
chipmean,sentinel2,combined,covmat,fsc,frozen_joint,treatment_0008,P09,P01-08,0.1313984101073376,0.16736119137241526,0.16048832668616278,0.7851187544127085,0.17473422075248704
chipmean,sentinel2,combined,covmat,fsc,frozen_joint,treatment_0008,P10,P01-08,0.10464326841388402,0.23836415658992968,0.08525415428455388,0.4390058887666878,0.17473422075248704
chipmean,sentinel2,combined,covmat,fsc,expanding,treatment_0008,P09,P01-08,0.1313984101073376,0.16736119137241526,0.16048832668616278,0.7851187544127085,0.17473422075248704
chipmean,sentinel2,combined,covmat,fsc,expanding,treatment_0008,P10,P01-09,0.10412699888765495,0.23836415658992968,0.08525415428455388,0.43684000303279685,0.17474874702837015
chipmean,sentinel2,combined,covmat,afsc,frozen_joint,treatment_0008,P09,P01-08,0.1314968330122822,0.16736119137241526,0.16048832668616278,0.7857068411975688,0.17473001084995482
chipmean,sentinel2,combined,covmat,afsc,frozen_joint,treatment_0008,P10,P01-08,0.10480971926735932,0.23836415658992968,0.08525415428455388,0.43970419364547736,0.17473001084995482
chipmean,sentinel2,combined,covmat,afsc,expanding,treatment_0008,P09,P01-08,0.1314968330122822,0.16736119137241526,0.16048832668616278,0.7857068411975688,0.17473001084995482
chipmean,sentinel2,combined,covmat,afsc,expanding,treatment_0008,P10,P01-09,0.10413081939843236,0.23836415658992968,0.08525415428455388,0.4368560310750666,0.1747487660347765
chipmean,sentinel2,combined,covmat,fsc,frozen_joint,treatment_0009,P09,P01-08,0.15207582790575,0.2062019661629764,0.11935049213127076,0.737509106899366,0.1661884546472738
chipmean,sentinel2,combined,covmat,fsc,frozen_joint,treatment_0009,P10,P01-08,0.1222014638951415,0.2517025470828131,0.09239604947224997,0.48549951246594175,0.1661884546472738
chipmean,sentinel2,combined,covmat,fsc,expanding,treatment_0009,P09,P01-08,0.15207582790575,0.2062019661629764,0.11935049213127076,0.737509106899366,0.1661884546472738
chipmean,sentinel2,combined,covmat,fsc,expanding,treatment_0009,P10,P01-09,0.11934806689479292,0.2517025470828131,0.09239604947224997,0.4741631273819649,0.1664553361566985
chipmean,sentinel2,combined,covmat,afsc,frozen_joint,treatment_0009,P09,P01-08,0.15170211341805706,0.2062019661629764,0.11935049213127076,0.7356967357826057,0.16609326318232884
chipmean,sentinel2,combined,covmat,afsc,frozen_joint,treatment_0009,P10,P01-08,0.12220877086531864,0.2517025470828131,0.09239604947224997,0.48552854264565914,0.16609326318232884
chipmean,sentinel2,combined,covmat,afsc,expanding,treatment_0009,P09,P01-08,0.15170211341805706,0.2062019661629764,0.11935049213127076,0.7356967357826057,0.16609326318232884
chipmean,sentinel2,combined,covmat,afsc,expanding,treatment_0009,P10,P01-09,0.11939415023296253,0.2517025470828131,0.09239604947224997,0.4743462138811033,0.16635786475428113
chipmean,sentinel2,combined,covmat,fsc,frozen_joint,treatment_0010,P09,P01-08,0.27419738958375334,0.37396907669831514,0.27954478114200604,0.733208724113174,0.2435946120881785
chipmean,sentinel2,combined,covmat,fsc,frozen_joint,treatment_0010,P10,P01-08,0.09636832179374238,0.23955288313760237,0.13872859984053248,0.4022841242047884,0.2435946120881785
chipmean,sentinel2,combined,covmat,fsc,expanding,treatment_0010,P09,P01-08,0.27419738958375334,0.37396907669831514,0.27954478114200604,0.733208724113174,0.2435946120881785
chipmean,sentinel2,combined,covmat,fsc,expanding,treatment_0010,P10,P01-09,0.09671851280368517,0.23955288313760237,0.13872859984053248,0.4037459768252038,0.24425016780777214
chipmean,sentinel2,combined,covmat,afsc,frozen_joint,treatment_0010,P09,P01-08,0.2702152658693011,0.37396907669831514,0.27954478114200604,0.7225604540754226,0.24160756390821522
chipmean,sentinel2,combined,covmat,afsc,frozen_joint,treatment_0010,P10,P01-08,0.09662507357401681,0.23955288313760237,0.13872859984053248,0.4033559200308772,0.24160756390821522
chipmean,sentinel2,combined,covmat,afsc,expanding,treatment_0010,P09,P01-08,0.2702152658693011,0.37396907669831514,0.27954478114200604,0.7225604540754226,0.24160756390821522
chipmean,sentinel2,combined,covmat,afsc,expanding,treatment_0010,P10,P01-09,0.09563837297220469,0.23955288313760237,0.13872859984053248,0.3992369940180129,0.24235316331082343
