cache,sensor,repr,site,test,own_hist_rmse,arm,test_rmse,train_rmse,n_blocks,C1,C2,n_donors,w_blocks_total,C3
chipmean,sentinel1,latent980,treatment_0001,P09,0.7405479122306758,H0_own_mean,0.7405479122306758,,0,False,False,,,
chipmean,sentinel1,latent980,treatment_0001,P09,0.7405479122306758,L_last_period,1.026807513158049,,0,False,False,,,
chipmean,sentinel1,latent980,treatment_0001,P09,0.7405479122306758,H1_m2,0.7654480480804444,0.7647807777179131,6,True,False,,,
chipmean,sentinel1,latent980,treatment_0001,P09,0.7405479122306758,H1_m2_diff,1.0595354609118424,1.0031209488621602,6,True,False,,,
chipmean,sentinel1,latent980,treatment_0001,P09,0.7405479122306758,H1_m3,0.7914242941096465,0.7841440713678408,5,True,False,,,
chipmean,sentinel1,latent980,treatment_0001,P09,0.7405479122306758,H1_m3_diff,1.0695158314856628,1.032169167308448,5,True,False,,,
chipmean,sentinel1,latent980,treatment_0001,P09,0.7405479122306758,H1_m4,0.8093322952876594,0.7777063019566196,4,True,False,,,
chipmean,sentinel1,latent980,treatment_0001,P09,0.7405479122306758,H1_m4_diff,1.0733871819177787,1.0493686342885438,4,True,False,,,
chipmean,sentinel1,latent980,treatment_0002,P09,0.7285589298227204,H0_own_mean,0.7285589298227204,,0,False,False,,,
chipmean,sentinel1,latent980,treatment_0002,P09,0.7285589298227204,L_last_period,0.97438394215436,,0,False,False,,,
chipmean,sentinel1,latent980,treatment_0002,P09,0.7285589298227204,H1_m2,0.7582603216085982,0.7014168627973568,6,True,False,,,
chipmean,sentinel1,latent980,treatment_0002,P09,0.7285589298227204,H1_m2_diff,1.0085305074507331,0.9442268498095531,6,True,False,,,
chipmean,sentinel1,latent980,treatment_0002,P09,0.7285589298227204,H1_m3,0.778885959345531,0.7343661552501216,5,True,False,,,
chipmean,sentinel1,latent980,treatment_0002,P09,0.7285589298227204,H1_m3_diff,1.0056094984085253,0.953364653178341,5,True,False,,,
chipmean,sentinel1,latent980,treatment_0002,P09,0.7285589298227204,H1_m4,0.7872343320398298,0.7306365317128032,4,True,False,,,
chipmean,sentinel1,latent980,treatment_0002,P09,0.7285589298227204,H1_m4_diff,1.0021915109621504,0.9829180999824301,4,True,False,,,
chipmean,sentinel1,latent980,treatment_0003,P09,0.7488356084802665,H0_own_mean,0.7488356084802665,,0,False,False,,,
chipmean,sentinel1,latent980,treatment_0003,P09,0.7488356084802665,L_last_period,0.9427479810553014,,0,False,False,,,
chipmean,sentinel1,latent980,treatment_0003,P09,0.7488356084802665,H1_m2,0.7613797174906759,0.7414011292240599,6,True,False,,,
chipmean,sentinel1,latent980,treatment_0003,P09,0.7488356084802665,H1_m2_diff,0.9600495134627755,0.9831164903850671,6,True,False,,,
chipmean,sentinel1,latent980,treatment_0003,P09,0.7488356084802665,H1_m3,0.7755347678823958,0.7792111941272017,5,True,False,,,
chipmean,sentinel1,latent980,treatment_0003,P09,0.7488356084802665,H1_m3_diff,0.9718864228047099,1.0204536594612477,5,True,False,,,
chipmean,sentinel1,latent980,treatment_0003,P09,0.7488356084802665,H1_m4,0.7919965276827635,0.7932152586911303,4,True,False,,,
chipmean,sentinel1,latent980,treatment_0003,P09,0.7488356084802665,H1_m4_diff,0.9786910637813787,1.056870232851209,4,True,False,,,
chipmean,sentinel1,latent980,treatment_0004,P09,0.6522762410655776,H0_own_mean,0.6522762410655776,,0,False,False,,,
chipmean,sentinel1,latent980,treatment_0004,P09,0.6522762410655776,L_last_period,0.7699268575767494,,0,False,False,,,
chipmean,sentinel1,latent980,treatment_0004,P09,0.6522762410655776,H1_m2,0.6596007208035369,0.6630261444345819,6,True,False,,,
chipmean,sentinel1,latent980,treatment_0004,P09,0.6522762410655776,H1_m2_diff,0.7874789568986245,0.86938861793976,6,True,False,,,
chipmean,sentinel1,latent980,treatment_0004,P09,0.6522762410655776,H1_m3,0.6610728404942805,0.7174535142809773,5,True,False,,,
chipmean,sentinel1,latent980,treatment_0004,P09,0.6522762410655776,H1_m3_diff,0.7945677566222251,0.9137095348695197,5,True,False,,,
chipmean,sentinel1,latent980,treatment_0004,P09,0.6522762410655776,H1_m4,0.6683527900576928,0.7367723041473134,4,True,False,,,
chipmean,sentinel1,latent980,treatment_0004,P09,0.6522762410655776,H1_m4_diff,0.8045848335222892,0.9798820819284932,4,True,False,,,
chipmean,sentinel1,latent980,treatment_0005,P09,0.6694594003706416,H0_own_mean,0.6694594003706416,,0,False,False,,,
chipmean,sentinel1,latent980,treatment_0005,P09,0.6694594003706416,L_last_period,0.8498409769597725,,0,False,False,,,
chipmean,sentinel1,latent980,treatment_0005,P09,0.6694594003706416,H1_m2,0.6868469380950932,0.6476785707962389,6,True,False,,,
chipmean,sentinel1,latent980,treatment_0005,P09,0.6694594003706416,H1_m2_diff,0.8809999835019101,0.8035905608515928,6,True,False,,,
chipmean,sentinel1,latent980,treatment_0005,P09,0.6694594003706416,H1_m3,0.6999679166747033,0.6945276754876072,5,True,False,,,
chipmean,sentinel1,latent980,treatment_0005,P09,0.6694594003706416,H1_m3_diff,0.8932776847545586,0.8746436528874324,5,True,False,,,
chipmean,sentinel1,latent980,treatment_0005,P09,0.6694594003706416,H1_m4,0.7104979519513036,0.7076881055128947,4,True,False,,,
chipmean,sentinel1,latent980,treatment_0005,P09,0.6694594003706416,H1_m4_diff,0.902001355684709,0.9282212365596001,4,True,False,,,
chipmean,sentinel1,latent980,treatment_0006,P09,0.7844007357186885,H0_own_mean,0.7844007357186885,,0,False,False,,,
chipmean,sentinel1,latent980,treatment_0006,P09,0.7844007357186885,L_last_period,1.0142896073526058,,0,False,False,,,
chipmean,sentinel1,latent980,treatment_0006,P09,0.7844007357186885,H1_m2,0.8114535776293731,0.7846795479299925,6,True,False,,,
chipmean,sentinel1,latent980,treatment_0006,P09,0.7844007357186885,H1_m2_diff,1.0522360180618935,1.0620730298228374,6,True,False,,,
chipmean,sentinel1,latent980,treatment_0006,P09,0.7844007357186885,H1_m3,0.8267698951584324,0.7937945793387873,5,True,False,,,
chipmean,sentinel1,latent980,treatment_0006,P09,0.7844007357186885,H1_m3_diff,1.063074818093637,1.0506234952789157,5,True,False,,,
chipmean,sentinel1,latent980,treatment_0006,P09,0.7844007357186885,H1_m4,0.8321714025622429,0.7925195439103214,4,True,False,,,
chipmean,sentinel1,latent980,treatment_0006,P09,0.7844007357186885,H1_m4_diff,1.0727286815981099,1.0601282804256014,4,True,False,,,
chipmean,sentinel1,latent980,treatment_0007,P09,0.589883929959075,H0_own_mean,0.589883929959075,,0,False,False,,,
chipmean,sentinel1,latent980,treatment_0007,P09,0.589883929959075,L_last_period,0.7238391354464653,,0,False,False,,,
chipmean,sentinel1,latent980,treatment_0007,P09,0.589883929959075,H1_m2,0.6137259144622524,0.5995434852437458,6,True,False,,,
chipmean,sentinel1,latent980,treatment_0007,P09,0.589883929959075,H1_m2_diff,0.7567882452252901,0.7496104652386408,6,True,False,,,
chipmean,sentinel1,latent980,treatment_0007,P09,0.589883929959075,H1_m3,0.615715823412726,0.66161195648221,5,True,False,,,
chipmean,sentinel1,latent980,treatment_0007,P09,0.589883929959075,H1_m3_diff,0.7453432482934964,0.8489630499864497,5,True,False,,,
chipmean,sentinel1,latent980,treatment_0007,P09,0.589883929959075,H1_m4,0.6222100788426411,0.6628338933076531,4,True,False,,,
chipmean,sentinel1,latent980,treatment_0007,P09,0.589883929959075,H1_m4_diff,0.736554743532964,0.892968704294466,4,True,False,,,
chipmean,sentinel1,latent980,treatment_0008,P09,0.6469887267094593,H0_own_mean,0.6469887267094593,,0,False,False,,,
chipmean,sentinel1,latent980,treatment_0008,P09,0.6469887267094593,L_last_period,0.8097214933672617,,0,False,False,,,
chipmean,sentinel1,latent980,treatment_0008,P09,0.6469887267094593,H1_m2,0.668041003102503,0.6442086285659508,6,True,False,,,
chipmean,sentinel1,latent980,treatment_0008,P09,0.6469887267094593,H1_m2_diff,0.8474425661178148,0.8108320150698743,6,True,False,,,
chipmean,sentinel1,latent980,treatment_0008,P09,0.6469887267094593,H1_m3,0.6790089311446668,0.7012131809042605,5,True,False,,,
chipmean,sentinel1,latent980,treatment_0008,P09,0.6469887267094593,H1_m3_diff,0.8516567617875482,0.8941604796933526,5,True,False,,,
chipmean,sentinel1,latent980,treatment_0008,P09,0.6469887267094593,H1_m4,0.6974565380507528,0.7032737220228282,4,True,False,,,
chipmean,sentinel1,latent980,treatment_0008,P09,0.6469887267094593,H1_m4_diff,0.8714736597885344,0.9309306453913122,4,True,False,,,
chipmean,sentinel1,latent980,treatment_0009,P09,0.66845976442502,H0_own_mean,0.66845976442502,,0,False,False,,,
chipmean,sentinel1,latent980,treatment_0009,P09,0.66845976442502,L_last_period,0.8659238307762165,,0,False,False,,,
chipmean,sentinel1,latent980,treatment_0009,P09,0.66845976442502,H1_m2,0.6922392649135549,0.6903970097030226,6,True,False,,,
chipmean,sentinel1,latent980,treatment_0009,P09,0.66845976442502,H1_m2_diff,0.8956227416318013,0.8940172328964324,6,True,False,,,
chipmean,sentinel1,latent980,treatment_0009,P09,0.66845976442502,H1_m3,0.7039219628848866,0.7314354371974426,5,True,False,,,
chipmean,sentinel1,latent980,treatment_0009,P09,0.66845976442502,H1_m3_diff,0.8977537787608515,0.9313607039838937,5,True,False,,,
chipmean,sentinel1,latent980,treatment_0009,P09,0.66845976442502,H1_m4,0.7195459487264988,0.7324590508033348,4,True,False,,,
chipmean,sentinel1,latent980,treatment_0009,P09,0.66845976442502,H1_m4_diff,0.9026183863017273,0.9812187840127595,4,True,False,,,
chipmean,sentinel1,latent980,treatment_0010,P09,0.6599268884028048,H0_own_mean,0.6599268884028048,,0,False,False,,,
chipmean,sentinel1,latent980,treatment_0010,P09,0.6599268884028048,L_last_period,0.814917969559111,,0,False,False,,,
chipmean,sentinel1,latent980,treatment_0010,P09,0.6599268884028048,H1_m2,0.6724779377942819,0.6679773519980683,6,True,False,,,
chipmean,sentinel1,latent980,treatment_0010,P09,0.6599268884028048,H1_m2_diff,0.8378565625325175,0.8453180429140923,6,True,False,,,
chipmean,sentinel1,latent980,treatment_0010,P09,0.6599268884028048,H1_m3,0.6824488969656369,0.7096283815416073,5,True,False,,,
chipmean,sentinel1,latent980,treatment_0010,P09,0.6599268884028048,H1_m3_diff,0.8523010059850298,0.9158064777667217,5,True,False,,,
chipmean,sentinel1,latent980,treatment_0010,P09,0.6599268884028048,H1_m4,0.69675854967485,0.7194775241033289,4,True,False,,,
chipmean,sentinel1,latent980,treatment_0010,P09,0.6599268884028048,H1_m4_diff,0.8818414188626741,0.9557913679567837,4,True,False,,,
chipmean,sentinel1,latent980,treatment_0001,P10,0.7269207557699362,H0_own_mean,0.7269207557699362,,0,False,False,,,
chipmean,sentinel1,latent980,treatment_0001,P10,0.7269207557699362,L_last_period,0.9906039071948226,,0,False,False,,,
chipmean,sentinel1,latent980,treatment_0001,P10,0.7269207557699362,H1_m2,0.7379744810435745,0.7444544459570098,7,True,False,,,
chipmean,sentinel1,latent980,treatment_0001,P10,0.7269207557699362,H1_m2_diff,0.9973078438188914,1.0392647115725873,7,True,False,,,
chipmean,sentinel1,latent980,treatment_0001,P10,0.7269207557699362,H1_m3,0.7502667323579553,0.7629240756285395,6,True,False,,,
chipmean,sentinel1,latent980,treatment_0001,P10,0.7269207557699362,H1_m3_diff,0.9923837978575546,1.0283525788558674,6,True,False,,,
chipmean,sentinel1,latent980,treatment_0001,P10,0.7269207557699362,H1_m4,0.766169619991226,0.7862522543869066,5,True,False,,,
chipmean,sentinel1,latent980,treatment_0001,P10,0.7269207557699362,H1_m4_diff,1.0116092834002468,1.0446988830375854,5,True,False,,,
chipmean,sentinel1,latent980,treatment_0002,P10,0.7331579190230583,H0_own_mean,0.7331579190230583,,0,False,False,,,
chipmean,sentinel1,latent980,treatment_0002,P10,0.7331579190230583,L_last_period,0.9920765652727398,,0,False,False,,,
chipmean,sentinel1,latent980,treatment_0002,P10,0.7331579190230583,H1_m2,0.7472966771086708,0.7228025981055872,7,True,False,,,
chipmean,sentinel1,latent980,treatment_0002,P10,0.7331579190230583,H1_m2_diff,1.0062723029642582,0.9882444392975513,7,True,False,,,
chipmean,sentinel1,latent980,treatment_0002,P10,0.7331579190230583,H1_m3,0.7579844750792659,0.7194592183020705,6,True,False,,,
chipmean,sentinel1,latent980,treatment_0002,P10,0.7331579190230583,H1_m3_diff,1.0046950444563651,0.9722224428976219,6,True,False,,,
chipmean,sentinel1,latent980,treatment_0002,P10,0.7331579190230583,H1_m4,0.7707995525640315,0.7456343010572466,5,True,False,,,
chipmean,sentinel1,latent980,treatment_0002,P10,0.7331579190230583,H1_m4_diff,1.0219585832812152,0.970050439424583,5,True,False,,,
chipmean,sentinel1,latent980,treatment_0003,P10,0.753285993593817,H0_own_mean,0.753285993593817,,0,False,False,,,
chipmean,sentinel1,latent980,treatment_0003,P10,0.753285993593817,L_last_period,0.9907435522824309,,0,False,False,,,
chipmean,sentinel1,latent980,treatment_0003,P10,0.753285993593817,H1_m2,0.7635953725649249,0.7466681941946937,7,True,False,,,
chipmean,sentinel1,latent980,treatment_0003,P10,0.753285993593817,H1_m2_diff,1.0121081537235705,0.9414307473596515,7,True,False,,,
chipmean,sentinel1,latent980,treatment_0003,P10,0.753285993593817,H1_m3,0.7634318035530588,0.7468346862192412,6,True,False,,,
chipmean,sentinel1,latent980,treatment_0003,P10,0.753285993593817,H1_m3_diff,1.0100181722739334,0.969169438663911,6,True,False,,,
chipmean,sentinel1,latent980,treatment_0003,P10,0.753285993593817,H1_m4,0.7750323110814803,0.7779605071381491,5,True,False,,,
chipmean,sentinel1,latent980,treatment_0003,P10,0.753285993593817,H1_m4_diff,1.032666438464193,1.0039535279542693,5,True,False,,,
chipmean,sentinel1,latent980,treatment_0004,P10,0.6462562086575866,H0_own_mean,0.6462562086575866,,0,False,False,,,
chipmean,sentinel1,latent980,treatment_0004,P10,0.6462562086575866,L_last_period,0.8294878791346179,,0,False,False,,,
chipmean,sentinel1,latent980,treatment_0004,P10,0.6462562086575866,H1_m2,0.6611919113915427,0.6498769281088468,7,True,False,,,
chipmean,sentinel1,latent980,treatment_0004,P10,0.6462562086575866,H1_m2_diff,0.8457227153156085,0.7740339215592206,7,True,False,,,
chipmean,sentinel1,latent980,treatment_0004,P10,0.6462562086575866,H1_m3,0.6654312308211594,0.6598960848851848,6,True,False,,,
chipmean,sentinel1,latent980,treatment_0004,P10,0.6462562086575866,H1_m3_diff,0.8561416279461928,0.8281751052918566,6,True,False,,,
chipmean,sentinel1,latent980,treatment_0004,P10,0.6462562086575866,H1_m4,0.6740800087227569,0.7031952134562446,5,True,False,,,
chipmean,sentinel1,latent980,treatment_0004,P10,0.6462562086575866,H1_m4_diff,0.8553694547001074,0.8753257569963507,5,True,False,,,
chipmean,sentinel1,latent980,treatment_0005,P10,0.63521889860006,H0_own_mean,0.63521889860006,,0,False,False,,,
chipmean,sentinel1,latent980,treatment_0005,P10,0.63521889860006,L_last_period,0.8672258566914355,,0,False,False,,,
chipmean,sentinel1,latent980,treatment_0005,P10,0.63521889860006,H1_m2,0.6454194324310846,0.6567105615663225,7,True,False,,,
chipmean,sentinel1,latent980,treatment_0005,P10,0.63521889860006,H1_m2_diff,0.859529185910028,0.8653121781818794,7,True,False,,,
chipmean,sentinel1,latent980,treatment_0005,P10,0.63521889860006,H1_m3,0.6404370611121587,0.6606655199258723,6,True,False,,,
chipmean,sentinel1,latent980,treatment_0005,P10,0.63521889860006,H1_m3_diff,0.8749250113380904,0.842150566989598,6,True,False,,,
chipmean,sentinel1,latent980,treatment_0005,P10,0.63521889860006,H1_m4,0.6476343995601992,0.6960901347620555,5,True,False,,,
chipmean,sentinel1,latent980,treatment_0005,P10,0.63521889860006,H1_m4_diff,0.8894275187734152,0.8807290281414937,5,True,False,,,
chipmean,sentinel1,latent980,treatment_0006,P10,0.7767372266469,H0_own_mean,0.7767372266469,,0,False,False,,,
chipmean,sentinel1,latent980,treatment_0006,P10,0.7767372266469,L_last_period,1.0232826550963945,,0,False,False,,,
chipmean,sentinel1,latent980,treatment_0006,P10,0.7767372266469,H1_m2,0.7779679293215935,0.7851247093655372,7,True,False,,,
chipmean,sentinel1,latent980,treatment_0006,P10,0.7767372266469,H1_m2_diff,1.0331703979851499,1.0279376328087049,7,True,False,,,
chipmean,sentinel1,latent980,treatment_0006,P10,0.7767372266469,H1_m3,0.7830751026655522,0.7910762400256861,6,True,False,,,
chipmean,sentinel1,latent980,treatment_0006,P10,0.7767372266469,H1_m3_diff,1.0369120185437044,1.0538701771896657,6,True,False,,,
chipmean,sentinel1,latent980,treatment_0006,P10,0.7767372266469,H1_m4,0.7983307673507761,0.8016415323851921,5,True,False,,,
chipmean,sentinel1,latent980,treatment_0006,P10,0.7767372266469,H1_m4_diff,1.0531149539683602,1.0539839881099926,5,True,False,,,
chipmean,sentinel1,latent980,treatment_0007,P10,0.5994797237897904,H0_own_mean,0.5994797237897904,,0,False,False,,,
chipmean,sentinel1,latent980,treatment_0007,P10,0.5994797237897904,L_last_period,0.7785465177536169,,0,False,False,,,
chipmean,sentinel1,latent980,treatment_0007,P10,0.5994797237897904,H1_m2,0.6113090664167147,0.5883913298586992,7,True,False,,,
chipmean,sentinel1,latent980,treatment_0007,P10,0.5994797237897904,H1_m2_diff,0.808970951020115,0.7253629117522326,7,True,False,,,
chipmean,sentinel1,latent980,treatment_0007,P10,0.5994797237897904,H1_m3,0.6180002499241016,0.6017428227751407,6,True,False,,,
chipmean,sentinel1,latent980,treatment_0007,P10,0.5994797237897904,H1_m3_diff,0.8069006895757237,0.74741063288142,6,True,False,,,
chipmean,sentinel1,latent980,treatment_0007,P10,0.5994797237897904,H1_m4,0.6279618394840065,0.6498217136808836,5,True,False,,,
chipmean,sentinel1,latent980,treatment_0007,P10,0.5994797237897904,H1_m4_diff,0.8148009811607303,0.8153985437080754,5,True,False,,,
chipmean,sentinel1,latent980,treatment_0008,P10,0.6687783827794316,H0_own_mean,0.6687783827794316,,0,False,False,,,
chipmean,sentinel1,latent980,treatment_0008,P10,0.6687783827794316,L_last_period,0.8866529494873322,,0,False,False,,,
chipmean,sentinel1,latent980,treatment_0008,P10,0.6687783827794316,H1_m2,0.6820918500449384,0.6294076819096321,7,True,False,,,
chipmean,sentinel1,latent980,treatment_0008,P10,0.6687783827794316,H1_m2_diff,0.8984918430382066,0.8241997611662017,7,True,False,,,
chipmean,sentinel1,latent980,treatment_0008,P10,0.6687783827794316,H1_m3,0.6849562450668553,0.6517373068323099,6,True,False,,,
chipmean,sentinel1,latent980,treatment_0008,P10,0.6687783827794316,H1_m3_diff,0.899694162646335,0.8290940389417094,6,True,False,,,
chipmean,sentinel1,latent980,treatment_0008,P10,0.6687783827794316,H1_m4,0.6967228837571189,0.6956553081642264,5,True,False,,,
chipmean,sentinel1,latent980,treatment_0008,P10,0.6687783827794316,H1_m4_diff,0.907719474035019,0.8806873520434103,5,True,False,,,
chipmean,sentinel1,latent980,treatment_0009,P10,0.6844538380922334,H0_own_mean,0.6844538380922334,,0,False,False,,,
chipmean,sentinel1,latent980,treatment_0009,P10,0.6844538380922334,L_last_period,0.9082857419263296,,0,False,False,,,
chipmean,sentinel1,latent980,treatment_0009,P10,0.6844538380922334,H1_m2,0.7037337039065513,0.6872906932254532,7,True,False,,,
chipmean,sentinel1,latent980,treatment_0009,P10,0.6844538380922334,H1_m2_diff,0.9192738517994162,0.8784328268994998,7,True,False,,,
chipmean,sentinel1,latent980,treatment_0009,P10,0.6844538380922334,H1_m3,0.695704258999909,0.6893077537822256,6,True,False,,,
chipmean,sentinel1,latent980,treatment_0009,P10,0.6844538380922334,H1_m3_diff,0.9134097109172388,0.8925939345573347,6,True,False,,,
chipmean,sentinel1,latent980,treatment_0009,P10,0.6844538380922334,H1_m4,0.7076348164888311,0.7241625615347086,5,True,False,,,
chipmean,sentinel1,latent980,treatment_0009,P10,0.6844538380922334,H1_m4_diff,0.9289644593224788,0.9200166666391724,5,True,False,,,
chipmean,sentinel1,latent980,treatment_0010,P10,0.6710055631733204,H0_own_mean,0.6710055631733204,,0,False,False,,,
chipmean,sentinel1,latent980,treatment_0010,P10,0.6710055631733204,L_last_period,0.847656342194035,,0,False,False,,,
chipmean,sentinel1,latent980,treatment_0010,P10,0.6710055631733204,H1_m2,0.6761080348189313,0.656195274394255,7,True,False,,,
chipmean,sentinel1,latent980,treatment_0010,P10,0.6710055631733204,H1_m2_diff,0.8645267365767743,0.8313070888962164,7,True,False,,,
chipmean,sentinel1,latent980,treatment_0010,P10,0.6710055631733204,H1_m3,0.6796048221768742,0.6688863086132191,6,True,False,,,
chipmean,sentinel1,latent980,treatment_0010,P10,0.6710055631733204,H1_m3_diff,0.8711803092416706,0.8415064707865164,6,True,False,,,
chipmean,sentinel1,latent980,treatment_0010,P10,0.6710055631733204,H1_m4,0.6901351356906501,0.7025373875141255,5,True,False,,,
chipmean,sentinel1,latent980,treatment_0010,P10,0.6710055631733204,H1_m4_diff,0.8808663239879181,0.8950878499577914,5,True,False,,,
chipmean,sentinel1,chip_mean,treatment_0001,P09,0.25014202094279764,H0_own_mean,0.25014202094279764,,0,False,False,,,
chipmean,sentinel1,chip_mean,treatment_0001,P09,0.25014202094279764,L_last_period,0.4739128894731524,,0,False,False,,,
chipmean,sentinel1,chip_mean,treatment_0001,P09,0.25014202094279764,H1_m2,0.42802725887462545,0.4583693445173378,6,True,False,,,
chipmean,sentinel1,chip_mean,treatment_0001,P09,0.25014202094279764,H1_m2_diff,0.6768166330498132,0.7075275739741952,6,True,False,,,
chipmean,sentinel1,chip_mean,treatment_0001,P09,0.25014202094279764,H1_m3,0.44175862963579765,0.5309370242312452,5,True,False,,,
chipmean,sentinel1,chip_mean,treatment_0001,P09,0.25014202094279764,H1_m3_diff,0.7172023468711447,0.6558976491103594,5,True,False,,,
chipmean,sentinel1,chip_mean,treatment_0001,P09,0.25014202094279764,H1_m4,0.44007890877930783,0.5943996619952174,4,True,False,,,
chipmean,sentinel1,chip_mean,treatment_0001,P09,0.25014202094279764,H1_m4_diff,0.48637883338010396,0.781225968501432,4,True,False,,,
chipmean,sentinel1,chip_mean,treatment_0002,P09,0.5325372324069624,H0_own_mean,0.5325372324069624,,0,False,False,,,
chipmean,sentinel1,chip_mean,treatment_0002,P09,0.5325372324069624,L_last_period,0.319785314657295,,0,False,True,,,
chipmean,sentinel1,chip_mean,treatment_0002,P09,0.5325372324069624,H1_m2,0.7749559798425694,0.3583227820126705,6,False,False,,,
chipmean,sentinel1,chip_mean,treatment_0002,P09,0.5325372324069624,H1_m2_diff,0.20977684468834684,0.6059737309650701,6,True,True,,,
chipmean,sentinel1,chip_mean,treatment_0002,P09,0.5325372324069624,H1_m3,0.7847929673827757,0.33687598584212824,5,False,False,,,
chipmean,sentinel1,chip_mean,treatment_0002,P09,0.5325372324069624,H1_m3_diff,0.47574203439730567,0.5095953888966268,5,True,True,,,
chipmean,sentinel1,chip_mean,treatment_0002,P09,0.5325372324069624,H1_m4,0.6305953152886717,0.5254998649240645,4,True,False,,,
chipmean,sentinel1,chip_mean,treatment_0002,P09,0.5325372324069624,H1_m4_diff,0.33491207911554344,0.7339213065447255,4,True,True,,,
chipmean,sentinel1,chip_mean,treatment_0003,P09,0.7390414081652132,H0_own_mean,0.7390414081652132,,0,False,False,,,
chipmean,sentinel1,chip_mean,treatment_0003,P09,0.7390414081652132,L_last_period,0.46865550095417013,,0,False,True,,,
chipmean,sentinel1,chip_mean,treatment_0003,P09,0.7390414081652132,H1_m2,1.039567539034018,0.5092809509560863,6,False,False,,,
chipmean,sentinel1,chip_mean,treatment_0003,P09,0.7390414081652132,H1_m2_diff,0.6880285360089982,0.22821184983588505,6,False,True,,,
chipmean,sentinel1,chip_mean,treatment_0003,P09,0.7390414081652132,H1_m3,1.0616212175720676,0.5006702929651863,5,False,False,,,
chipmean,sentinel1,chip_mean,treatment_0003,P09,0.7390414081652132,H1_m3_diff,0.7361135699759976,0.5760110510599384,5,True,True,,,
chipmean,sentinel1,chip_mean,treatment_0003,P09,0.7390414081652132,H1_m4,1.0400749010558437,0.504748463017055,4,False,False,,,
chipmean,sentinel1,chip_mean,treatment_0003,P09,0.7390414081652132,H1_m4_diff,0.7772685532645468,0.561320539351872,4,True,False,,,
chipmean,sentinel1,chip_mean,treatment_0004,P09,0.5600530431363682,H0_own_mean,0.5600530431363682,,0,False,False,,,
chipmean,sentinel1,chip_mean,treatment_0004,P09,0.5600530431363682,L_last_period,0.6419974988138496,,0,False,False,,,
chipmean,sentinel1,chip_mean,treatment_0004,P09,0.5600530431363682,H1_m2,0.8916397126638943,0.3518705442334386,6,False,False,,,
chipmean,sentinel1,chip_mean,treatment_0004,P09,0.5600530431363682,H1_m2_diff,0.7573661572511653,0.5525341505490962,6,True,False,,,
chipmean,sentinel1,chip_mean,treatment_0004,P09,0.5600530431363682,H1_m3,0.7319637455116023,0.38785642851422675,5,False,False,,,
chipmean,sentinel1,chip_mean,treatment_0004,P09,0.5600530431363682,H1_m3_diff,0.8720514228017706,0.5433189192602896,5,False,False,,,
chipmean,sentinel1,chip_mean,treatment_0004,P09,0.5600530431363682,H1_m4,0.645407167155619,0.43267779073143925,4,True,False,,,
chipmean,sentinel1,chip_mean,treatment_0004,P09,0.5600530431363682,H1_m4_diff,0.8938731983474846,0.6498896557885182,4,True,False,,,
chipmean,sentinel1,chip_mean,treatment_0005,P09,0.4395974450727667,H0_own_mean,0.4395974450727667,,0,False,False,,,
chipmean,sentinel1,chip_mean,treatment_0005,P09,0.4395974450727667,L_last_period,0.3577496630850974,,0,False,True,,,
chipmean,sentinel1,chip_mean,treatment_0005,P09,0.4395974450727667,H1_m2,0.4561299687897459,0.48114016967111833,6,True,False,,,
chipmean,sentinel1,chip_mean,treatment_0005,P09,0.4395974450727667,H1_m2_diff,0.8228121822355944,0.25136924679453193,6,False,False,,,
chipmean,sentinel1,chip_mean,treatment_0005,P09,0.4395974450727667,H1_m3,0.37828811776841575,0.5437636625039307,5,True,True,,,
chipmean,sentinel1,chip_mean,treatment_0005,P09,0.4395974450727667,H1_m3_diff,0.5424844928326266,0.6141493865842541,5,True,False,,,
chipmean,sentinel1,chip_mean,treatment_0005,P09,0.4395974450727667,H1_m4,0.3262796855350298,0.559740947800044,4,True,True,,,
chipmean,sentinel1,chip_mean,treatment_0005,P09,0.4395974450727667,H1_m4_diff,0.4415978389417422,0.8059514159622485,4,True,False,,,
chipmean,sentinel1,chip_mean,treatment_0006,P09,0.6910350814572658,H0_own_mean,0.6910350814572658,,0,False,False,,,
chipmean,sentinel1,chip_mean,treatment_0006,P09,0.6910350814572658,L_last_period,0.9108512131283104,,0,False,False,,,
chipmean,sentinel1,chip_mean,treatment_0006,P09,0.6910350814572658,H1_m2,0.7039764603587289,0.3642436577153136,6,False,False,,,
chipmean,sentinel1,chip_mean,treatment_0006,P09,0.6910350814572658,H1_m2_diff,0.7611021463105315,0.31818858328136873,6,False,False,,,
chipmean,sentinel1,chip_mean,treatment_0006,P09,0.6910350814572658,H1_m3,0.760379538393214,0.33033829809042264,5,False,False,,,
chipmean,sentinel1,chip_mean,treatment_0006,P09,0.6910350814572658,H1_m3_diff,0.8850718586276188,0.431893533095738,5,False,False,,,
chipmean,sentinel1,chip_mean,treatment_0006,P09,0.6910350814572658,H1_m4,0.7871888130108745,0.4567054035770346,4,False,False,,,
chipmean,sentinel1,chip_mean,treatment_0006,P09,0.6910350814572658,H1_m4_diff,0.9055929825967184,0.5276302990541138,4,False,False,,,
chipmean,sentinel1,chip_mean,treatment_0007,P09,0.8614562948039202,H0_own_mean,0.8614562948039202,,0,False,False,,,
chipmean,sentinel1,chip_mean,treatment_0007,P09,0.8614562948039202,L_last_period,0.46696085198045767,,0,False,True,,,
chipmean,sentinel1,chip_mean,treatment_0007,P09,0.8614562948039202,H1_m2,1.6853528579521186,0.3428105484424692,6,False,False,,,
chipmean,sentinel1,chip_mean,treatment_0007,P09,0.8614562948039202,H1_m2_diff,0.520290576069384,0.08481928520992918,6,False,True,,,
chipmean,sentinel1,chip_mean,treatment_0007,P09,0.8614562948039202,H1_m3,1.6853528579521189,0.4354788392449133,5,False,False,,,
chipmean,sentinel1,chip_mean,treatment_0007,P09,0.8614562948039202,H1_m3_diff,1.4687154978811652,0.5869310073130845,5,False,False,,,
chipmean,sentinel1,chip_mean,treatment_0007,P09,0.8614562948039202,H1_m4,1.3295074988139788,0.5515719487083833,4,False,False,,,
chipmean,sentinel1,chip_mean,treatment_0007,P09,0.8614562948039202,H1_m4_diff,1.2813227283818558,0.7563312443888313,4,False,False,,,
chipmean,sentinel1,chip_mean,treatment_0008,P09,0.6837102767615342,H0_own_mean,0.6837102767615342,,0,False,False,,,
chipmean,sentinel1,chip_mean,treatment_0008,P09,0.6837102767615342,L_last_period,0.69774453182362,,0,False,False,,,
chipmean,sentinel1,chip_mean,treatment_0008,P09,0.6837102767615342,H1_m2,0.7490583141754049,0.46266174537286964,6,False,False,,,
chipmean,sentinel1,chip_mean,treatment_0008,P09,0.6837102767615342,H1_m2_diff,0.648591014532322,0.296071674208861,6,False,True,,,
chipmean,sentinel1,chip_mean,treatment_0008,P09,0.6837102767615342,H1_m3,0.6323894015494733,0.47895487159422084,5,True,True,,,
chipmean,sentinel1,chip_mean,treatment_0008,P09,0.6837102767615342,H1_m3_diff,0.8266610378211506,0.562558417690773,5,True,False,,,
chipmean,sentinel1,chip_mean,treatment_0008,P09,0.6837102767615342,H1_m4,0.6306932418678767,0.44666678444343616,4,True,True,,,
chipmean,sentinel1,chip_mean,treatment_0008,P09,0.6837102767615342,H1_m4_diff,0.8741085594403272,0.5477838986822532,4,False,False,,,
chipmean,sentinel1,chip_mean,treatment_0009,P09,0.6459082016003082,H0_own_mean,0.6459082016003082,,0,False,False,,,
chipmean,sentinel1,chip_mean,treatment_0009,P09,0.6459082016003082,L_last_period,0.6829370682801362,,0,False,False,,,
chipmean,sentinel1,chip_mean,treatment_0009,P09,0.6459082016003082,H1_m2,0.6909906908180503,0.43730967795619113,6,False,False,,,
chipmean,sentinel1,chip_mean,treatment_0009,P09,0.6459082016003082,H1_m2_diff,0.7174937685211284,0.19594260904739355,6,False,False,,,
chipmean,sentinel1,chip_mean,treatment_0009,P09,0.6459082016003082,H1_m3,0.6482711503953394,0.5466892062731771,5,True,False,,,
chipmean,sentinel1,chip_mean,treatment_0009,P09,0.6459082016003082,H1_m3_diff,0.6748208222900139,0.5298798287064326,5,True,False,,,
chipmean,sentinel1,chip_mean,treatment_0009,P09,0.6459082016003082,H1_m4,0.6070456257576538,0.5826742675888928,4,True,True,,,
chipmean,sentinel1,chip_mean,treatment_0009,P09,0.6459082016003082,H1_m4_diff,0.7922066756146381,0.6283491998155482,4,True,False,,,
chipmean,sentinel1,chip_mean,treatment_0010,P09,0.6368331087441986,H0_own_mean,0.6368331087441986,,0,False,False,,,
chipmean,sentinel1,chip_mean,treatment_0010,P09,0.6368331087441986,L_last_period,0.6103810866166524,,0,False,True,,,
chipmean,sentinel1,chip_mean,treatment_0010,P09,0.6368331087441986,H1_m2,0.9852561294484261,0.4086495249915543,6,False,False,,,
chipmean,sentinel1,chip_mean,treatment_0010,P09,0.6368331087441986,H1_m2_diff,0.6307780104930982,0.1385690278784072,6,False,True,,,
chipmean,sentinel1,chip_mean,treatment_0010,P09,0.6368331087441986,H1_m3,0.8478746761551555,0.4158609325737723,5,False,False,,,
chipmean,sentinel1,chip_mean,treatment_0010,P09,0.6368331087441986,H1_m3_diff,0.8948078079377008,0.5416447387604247,5,False,False,,,
chipmean,sentinel1,chip_mean,treatment_0010,P09,0.6368331087441986,H1_m4,0.893979275138671,0.3842480532160827,4,False,False,,,
chipmean,sentinel1,chip_mean,treatment_0010,P09,0.6368331087441986,H1_m4_diff,0.881761225907659,0.47149334032701845,4,False,False,,,
chipmean,sentinel1,chip_mean,treatment_0001,P10,0.34395752938649987,H0_own_mean,0.34395752938649987,,0,False,False,,,
chipmean,sentinel1,chip_mean,treatment_0001,P10,0.34395752938649987,L_last_period,0.442975441496228,,0,False,False,,,
chipmean,sentinel1,chip_mean,treatment_0001,P10,0.34395752938649987,H1_m2,0.4480669299681635,0.31371718158616135,7,True,False,,,
chipmean,sentinel1,chip_mean,treatment_0001,P10,0.34395752938649987,H1_m2_diff,0.45938126853921485,0.4416431722560415,7,True,False,,,
chipmean,sentinel1,chip_mean,treatment_0001,P10,0.34395752938649987,H1_m3,0.41417152805187557,0.4383564280902224,6,True,False,,,
chipmean,sentinel1,chip_mean,treatment_0001,P10,0.34395752938649987,H1_m3_diff,0.4710056256345361,0.6719336929740811,6,True,False,,,
chipmean,sentinel1,chip_mean,treatment_0001,P10,0.34395752938649987,H1_m4,0.4147805885790302,0.5111462287275904,5,True,False,,,
chipmean,sentinel1,chip_mean,treatment_0001,P10,0.34395752938649987,H1_m4_diff,0.4648622238385059,0.6583274256491602,5,True,False,,,
chipmean,sentinel1,chip_mean,treatment_0002,P10,0.4857789911582122,H0_own_mean,0.4857789911582122,,0,False,False,,,
chipmean,sentinel1,chip_mean,treatment_0002,P10,0.4857789911582122,L_last_period,0.8084203802323398,,0,False,False,,,
chipmean,sentinel1,chip_mean,treatment_0002,P10,0.4857789911582122,H1_m2,0.588880322020293,0.40170803095414076,7,True,False,,,
chipmean,sentinel1,chip_mean,treatment_0002,P10,0.4857789911582122,H1_m2_diff,0.9941734567526337,0.1691615174371559,7,False,False,,,
chipmean,sentinel1,chip_mean,treatment_0002,P10,0.4857789911582122,H1_m3,0.645153127691739,0.4645029048323057,6,True,False,,,
chipmean,sentinel1,chip_mean,treatment_0002,P10,0.4857789911582122,H1_m3_diff,0.9536186039297703,0.4518471578357068,6,False,False,,,
chipmean,sentinel1,chip_mean,treatment_0002,P10,0.4857789911582122,H1_m4,0.6548232735889112,0.4687565932436522,5,True,False,,,
chipmean,sentinel1,chip_mean,treatment_0002,P10,0.4857789911582122,H1_m4_diff,1.1296184203120208,0.48443954732603073,5,False,False,,,
chipmean,sentinel1,chip_mean,treatment_0003,P10,0.5581863496069642,H0_own_mean,0.5581863496069642,,0,False,False,,,
chipmean,sentinel1,chip_mean,treatment_0003,P10,0.5581863496069642,L_last_period,0.3661804323602013,,0,False,True,,,
chipmean,sentinel1,chip_mean,treatment_0003,P10,0.5581863496069642,H1_m2,0.3613312581934705,0.37625668237406423,7,True,True,,,
chipmean,sentinel1,chip_mean,treatment_0003,P10,0.5581863496069642,H1_m2_diff,0.5872737778679223,0.22488164064935157,7,False,False,,,
chipmean,sentinel1,chip_mean,treatment_0003,P10,0.5581863496069642,H1_m3,0.14714548845047568,0.6108271627553322,6,True,True,,,
chipmean,sentinel1,chip_mean,treatment_0003,P10,0.5581863496069642,H1_m3_diff,0.5423264663408884,0.33674639526427813,6,False,True,,,
chipmean,sentinel1,chip_mean,treatment_0003,P10,0.5581863496069642,H1_m4,0.22795960981764074,0.6136652961806248,5,True,True,,,
chipmean,sentinel1,chip_mean,treatment_0003,P10,0.5581863496069642,H1_m4_diff,0.6541184521434846,0.5923792444708045,5,True,False,,,
chipmean,sentinel1,chip_mean,treatment_0004,P10,0.6502501017213436,H0_own_mean,0.6502501017213436,,0,False,False,,,
chipmean,sentinel1,chip_mean,treatment_0004,P10,0.6502501017213436,L_last_period,0.870858041440811,,0,False,False,,,
chipmean,sentinel1,chip_mean,treatment_0004,P10,0.6502501017213436,H1_m2,0.8315138525154886,0.48369149464336686,7,False,False,,,
chipmean,sentinel1,chip_mean,treatment_0004,P10,0.6502501017213436,H1_m2_diff,0.9569433513038941,0.48081133478658816,7,False,False,,,
chipmean,sentinel1,chip_mean,treatment_0004,P10,0.6502501017213436,H1_m3,0.7034733376149974,0.4810927324448093,6,True,False,,,
chipmean,sentinel1,chip_mean,treatment_0004,P10,0.6502501017213436,H1_m3_diff,0.9977051650342561,0.5914536800719778,6,False,False,,,
chipmean,sentinel1,chip_mean,treatment_0004,P10,0.6502501017213436,H1_m4,0.7544116854535089,0.47287159552281993,5,False,False,,,
chipmean,sentinel1,chip_mean,treatment_0004,P10,0.6502501017213436,H1_m4_diff,0.945088542719089,0.606047963825764,5,False,False,,,
chipmean,sentinel1,chip_mean,treatment_0005,P10,0.7484576440386346,H0_own_mean,0.7484576440386346,,0,False,False,,,
chipmean,sentinel1,chip_mean,treatment_0005,P10,0.7484576440386346,L_last_period,0.505790800667404,,0,False,True,,,
chipmean,sentinel1,chip_mean,treatment_0005,P10,0.7484576440386346,H1_m2,0.6785820089480901,0.30083235207829334,7,False,True,,,
chipmean,sentinel1,chip_mean,treatment_0005,P10,0.7484576440386346,H1_m2_diff,0.4237375830936036,0.26906432489335813,7,False,True,,,
chipmean,sentinel1,chip_mean,treatment_0005,P10,0.7484576440386346,H1_m3,0.48832569902434825,0.4389806283213653,6,True,True,,,
chipmean,sentinel1,chip_mean,treatment_0005,P10,0.7484576440386346,H1_m3_diff,0.3553730343746785,0.35353204496176704,6,True,True,,,
chipmean,sentinel1,chip_mean,treatment_0005,P10,0.7484576440386346,H1_m4,0.5339959875017408,0.5046725570124773,5,True,True,,,
chipmean,sentinel1,chip_mean,treatment_0005,P10,0.7484576440386346,H1_m4_diff,0.41639040137777,0.5739757573217811,5,True,True,,,
chipmean,sentinel1,chip_mean,treatment_0006,P10,0.5994331789308631,H0_own_mean,0.5994331789308631,,0,False,False,,,
chipmean,sentinel1,chip_mean,treatment_0006,P10,0.5994331789308631,L_last_period,0.2553148452369574,,0,False,True,,,
chipmean,sentinel1,chip_mean,treatment_0006,P10,0.5994331789308631,H1_m2,0.8071729439449008,0.5029124593054417,7,False,False,,,
chipmean,sentinel1,chip_mean,treatment_0006,P10,0.5994331789308631,H1_m2_diff,0.6166922600096435,0.7436364630432131,7,True,False,,,
chipmean,sentinel1,chip_mean,treatment_0006,P10,0.5994331789308631,H1_m3,0.8039087404008155,0.4767720652582232,6,False,False,,,
chipmean,sentinel1,chip_mean,treatment_0006,P10,0.5994331789308631,H1_m3_diff,0.5591939329901345,0.5767267600231777,6,True,True,,,
chipmean,sentinel1,chip_mean,treatment_0006,P10,0.5994331789308631,H1_m4,0.7175355207563742,0.4707187675668482,5,False,False,,,
chipmean,sentinel1,chip_mean,treatment_0006,P10,0.5994331789308631,H1_m4_diff,0.33127190884723584,0.6191793161664502,5,True,True,,,
chipmean,sentinel1,chip_mean,treatment_0007,P10,0.7287253396604105,H0_own_mean,0.7287253396604105,,0,False,False,,,
chipmean,sentinel1,chip_mean,treatment_0007,P10,0.7287253396604105,L_last_period,0.5326562342712837,,0,False,True,,,
chipmean,sentinel1,chip_mean,treatment_0007,P10,0.7287253396604105,H1_m2,0.5326562342712836,0.36269970361503345,7,True,True,,,
chipmean,sentinel1,chip_mean,treatment_0007,P10,0.7287253396604105,H1_m2_diff,0.7440277895827779,0.3444510837260194,7,False,False,,,
chipmean,sentinel1,chip_mean,treatment_0007,P10,0.7287253396604105,H1_m3,0.4204699034573135,0.6507951992657045,6,True,True,,,
chipmean,sentinel1,chip_mean,treatment_0007,P10,0.7287253396604105,H1_m3_diff,0.6028685220921095,0.29300985694066617,6,False,True,,,
chipmean,sentinel1,chip_mean,treatment_0007,P10,0.7287253396604105,H1_m4,0.8288229020782844,0.7073040333594967,5,True,False,,,
chipmean,sentinel1,chip_mean,treatment_0007,P10,0.7287253396604105,H1_m4_diff,0.8749540506685307,0.6928662572678913,5,True,False,,,
chipmean,sentinel1,chip_mean,treatment_0008,P10,0.6151874199971502,H0_own_mean,0.6151874199971502,,0,False,False,,,
chipmean,sentinel1,chip_mean,treatment_0008,P10,0.6151874199971502,L_last_period,0.575422507288647,,0,False,True,,,
chipmean,sentinel1,chip_mean,treatment_0008,P10,0.6151874199971502,H1_m2,0.6386149527942008,0.4826440072908336,7,True,False,,,
chipmean,sentinel1,chip_mean,treatment_0008,P10,0.6151874199971502,H1_m2_diff,0.523296240781456,0.33347377754411733,7,False,True,,,
chipmean,sentinel1,chip_mean,treatment_0008,P10,0.6151874199971502,H1_m3,0.5028616014729836,0.5219317637072308,6,True,True,,,
chipmean,sentinel1,chip_mean,treatment_0008,P10,0.6151874199971502,H1_m3_diff,0.5009903204625837,0.463102009864753,6,True,True,,,
chipmean,sentinel1,chip_mean,treatment_0008,P10,0.6151874199971502,H1_m4,0.4085066448081723,0.5156378346425229,5,True,True,,,
chipmean,sentinel1,chip_mean,treatment_0008,P10,0.6151874199971502,H1_m4_diff,0.4788074536892098,0.6036239442634981,5,True,True,,,
chipmean,sentinel1,chip_mean,treatment_0009,P10,0.5489102791167443,H0_own_mean,0.5489102791167443,,0,False,False,,,
chipmean,sentinel1,chip_mean,treatment_0009,P10,0.5489102791167443,L_last_period,0.3390808756189585,,0,False,True,,,
chipmean,sentinel1,chip_mean,treatment_0009,P10,0.5489102791167443,H1_m2,0.4488289388830373,0.49392005921790394,7,True,True,,,
chipmean,sentinel1,chip_mean,treatment_0009,P10,0.5489102791167443,H1_m2_diff,0.6518650012524725,0.6228211314818145,7,True,False,,,
chipmean,sentinel1,chip_mean,treatment_0009,P10,0.5489102791167443,H1_m3,0.41238144509624125,0.5107778891156034,6,True,True,,,
chipmean,sentinel1,chip_mean,treatment_0009,P10,0.5489102791167443,H1_m3_diff,0.7148525759614044,0.515947792005816,6,True,False,,,
chipmean,sentinel1,chip_mean,treatment_0009,P10,0.5489102791167443,H1_m4,0.4136712936117204,0.5696346343689829,5,True,True,,,
chipmean,sentinel1,chip_mean,treatment_0009,P10,0.5489102791167443,H1_m4_diff,0.5960733803985384,0.5807987196612935,5,True,False,,,
chipmean,sentinel1,chip_mean,treatment_0010,P10,0.7165749424859096,H0_own_mean,0.7165749424859096,,0,False,False,,,
chipmean,sentinel1,chip_mean,treatment_0010,P10,0.7165749424859096,L_last_period,0.6116267720749607,,0,False,True,,,
chipmean,sentinel1,chip_mean,treatment_0010,P10,0.7165749424859096,H1_m2,0.9209389405487263,0.4063204535440396,7,False,False,,,
chipmean,sentinel1,chip_mean,treatment_0010,P10,0.7165749424859096,H1_m2_diff,0.6383451122002733,0.45069837907210203,7,True,True,,,
chipmean,sentinel1,chip_mean,treatment_0010,P10,0.7165749424859096,H1_m3,0.5976270976376631,0.5614116558311174,6,True,True,,,
chipmean,sentinel1,chip_mean,treatment_0010,P10,0.7165749424859096,H1_m3_diff,0.6652515215513367,0.3688777342642277,6,False,True,,,
chipmean,sentinel1,chip_mean,treatment_0010,P10,0.7165749424859096,H1_m4,0.6301735683396387,0.5185437189972444,5,True,True,,,
chipmean,sentinel1,chip_mean,treatment_0010,P10,0.7165749424859096,H1_m4_diff,0.6304239971173967,0.6236077643270145,5,True,True,,,
chipmean,sentinel1,gram,treatment_0001,P09,0.441597965105766,H0_own_mean,0.441597965105766,,0,False,False,,,
chipmean,sentinel1,gram,treatment_0001,P09,0.441597965105766,L_last_period,0.6597646268591874,,0,False,False,,,
chipmean,sentinel1,gram,treatment_0001,P09,0.441597965105766,H1_m2,0.5490200418858983,0.37638885011616546,6,True,False,,,
chipmean,sentinel1,gram,treatment_0001,P09,0.441597965105766,H1_m2_diff,0.7282915386106187,0.49605113798779293,6,True,False,,,
chipmean,sentinel1,gram,treatment_0001,P09,0.441597965105766,H1_m3,0.5706166109617377,0.517205386015571,5,True,False,,,
chipmean,sentinel1,gram,treatment_0001,P09,0.441597965105766,H1_m3_diff,0.848915062714216,0.6493601764572182,5,True,False,,,
chipmean,sentinel1,gram,treatment_0001,P09,0.441597965105766,H1_m4,0.5735580901512541,0.5751275046005154,4,True,False,,,
chipmean,sentinel1,gram,treatment_0001,P09,0.441597965105766,H1_m4_diff,0.6756076050027292,0.6979415337163409,4,True,False,,,
chipmean,sentinel1,gram,treatment_0002,P09,0.694044562258131,H0_own_mean,0.694044562258131,,0,False,False,,,
chipmean,sentinel1,gram,treatment_0002,P09,0.694044562258131,L_last_period,0.5464051965467948,,0,False,True,,,
chipmean,sentinel1,gram,treatment_0002,P09,0.694044562258131,H1_m2,1.0827694160075143,0.39308952770660177,6,False,False,,,
chipmean,sentinel1,gram,treatment_0002,P09,0.694044562258131,H1_m2_diff,0.42631059851639375,0.670499220603258,6,True,True,,,
chipmean,sentinel1,gram,treatment_0002,P09,0.694044562258131,H1_m3,1.0240360756821756,0.40865556610657655,5,False,False,,,
chipmean,sentinel1,gram,treatment_0002,P09,0.694044562258131,H1_m3_diff,0.8436278075928271,0.6123504890459619,5,True,False,,,
chipmean,sentinel1,gram,treatment_0002,P09,0.694044562258131,H1_m4,0.7167252293385721,0.5487350548673381,4,True,False,,,
chipmean,sentinel1,gram,treatment_0002,P09,0.694044562258131,H1_m4_diff,0.3870172445385497,0.816988489999649,4,True,True,,,
chipmean,sentinel1,gram,treatment_0003,P09,0.9566183632807708,H0_own_mean,0.9566183632807708,,0,False,False,,,
chipmean,sentinel1,gram,treatment_0003,P09,0.9566183632807708,L_last_period,0.6044138531909128,,0,False,True,,,
chipmean,sentinel1,gram,treatment_0003,P09,0.9566183632807708,H1_m2,1.366168558086432,0.5568844115414211,6,False,False,,,
chipmean,sentinel1,gram,treatment_0003,P09,0.9566183632807708,H1_m2_diff,0.7206020629518718,0.4311891732962911,6,False,True,,,
chipmean,sentinel1,gram,treatment_0003,P09,0.9566183632807708,H1_m3,1.3181116804009338,0.5208423682325731,5,False,False,,,
chipmean,sentinel1,gram,treatment_0003,P09,0.9566183632807708,H1_m3_diff,0.8596933159918585,0.6917287837968686,5,True,True,,,
chipmean,sentinel1,gram,treatment_0003,P09,0.9566183632807708,H1_m4,1.2966977662099923,0.5130248240870706,4,False,False,,,
chipmean,sentinel1,gram,treatment_0003,P09,0.9566183632807708,H1_m4_diff,0.8903923196250539,0.6801901111812243,4,True,True,,,
chipmean,sentinel1,gram,treatment_0004,P09,0.6320450252745009,H0_own_mean,0.6320450252745009,,0,False,False,,,
chipmean,sentinel1,gram,treatment_0004,P09,0.6320450252745009,L_last_period,0.6644806812542664,,0,False,False,,,
chipmean,sentinel1,gram,treatment_0004,P09,0.6320450252745009,H1_m2,0.9956611658395833,0.48216839597281225,6,False,False,,,
chipmean,sentinel1,gram,treatment_0004,P09,0.6320450252745009,H1_m2_diff,0.8436496201859074,0.7550194500019076,6,True,False,,,
chipmean,sentinel1,gram,treatment_0004,P09,0.6320450252745009,H1_m3,0.8148520031626264,0.5320620336858491,5,False,False,,,
chipmean,sentinel1,gram,treatment_0004,P09,0.6320450252745009,H1_m3_diff,0.8345291943749765,0.7474206049435114,5,True,False,,,
chipmean,sentinel1,gram,treatment_0004,P09,0.6320450252745009,H1_m4,0.7284409419370087,0.5584141068261176,4,True,False,,,
chipmean,sentinel1,gram,treatment_0004,P09,0.6320450252745009,H1_m4_diff,0.861130509639981,0.8218257277946598,4,True,False,,,
chipmean,sentinel1,gram,treatment_0005,P09,0.5731729511429933,H0_own_mean,0.5731729511429933,,0,False,False,,,
chipmean,sentinel1,gram,treatment_0005,P09,0.5731729511429933,L_last_period,0.5016265463990061,,0,False,True,,,
chipmean,sentinel1,gram,treatment_0005,P09,0.5731729511429933,H1_m2,0.5212334873573109,0.6813287081485149,6,True,True,,,
chipmean,sentinel1,gram,treatment_0005,P09,0.5731729511429933,H1_m2_diff,1.0987411244764582,0.294059384556835,6,False,False,,,
chipmean,sentinel1,gram,treatment_0005,P09,0.5731729511429933,H1_m3,0.6048545815450455,0.7372391454129443,5,True,False,,,
chipmean,sentinel1,gram,treatment_0005,P09,0.5731729511429933,H1_m3_diff,0.6162348381059877,0.7556808218802404,5,True,False,,,
chipmean,sentinel1,gram,treatment_0005,P09,0.5731729511429933,H1_m4,0.537013258091771,0.7067785615748139,4,True,True,,,
chipmean,sentinel1,gram,treatment_0005,P09,0.5731729511429933,H1_m4_diff,0.6412327909018055,0.9377330841629835,4,True,False,,,
chipmean,sentinel1,gram,treatment_0006,P09,0.7198119431248327,H0_own_mean,0.7198119431248327,,0,False,False,,,
chipmean,sentinel1,gram,treatment_0006,P09,0.7198119431248327,L_last_period,0.9459200313889027,,0,False,False,,,
chipmean,sentinel1,gram,treatment_0006,P09,0.7198119431248327,H1_m2,0.9029650221776396,0.3490272545230748,6,False,False,,,
chipmean,sentinel1,gram,treatment_0006,P09,0.7198119431248327,H1_m2_diff,0.9579914921930756,0.25683090770124645,6,False,False,,,
chipmean,sentinel1,gram,treatment_0006,P09,0.7198119431248327,H1_m3,0.8889942422006168,0.33891428729467743,5,False,False,,,
chipmean,sentinel1,gram,treatment_0006,P09,0.7198119431248327,H1_m3_diff,1.1613275576047484,0.36532718536378117,5,False,False,,,
chipmean,sentinel1,gram,treatment_0006,P09,0.7198119431248327,H1_m4,0.9005651202866098,0.5173286912929946,4,False,False,,,
chipmean,sentinel1,gram,treatment_0006,P09,0.7198119431248327,H1_m4_diff,1.0291647385418,0.5476749714080179,4,False,False,,,
chipmean,sentinel1,gram,treatment_0007,P09,0.9456857630922502,H0_own_mean,0.9456857630922502,,0,False,False,,,
chipmean,sentinel1,gram,treatment_0007,P09,0.9456857630922502,L_last_period,0.5292919966255839,,0,False,True,,,
chipmean,sentinel1,gram,treatment_0007,P09,0.9456857630922502,H1_m2,1.7042660944422012,0.4549819955647972,6,False,False,,,
chipmean,sentinel1,gram,treatment_0007,P09,0.9456857630922502,H1_m2_diff,0.42215592101037247,0.15873519298992864,6,False,True,,,
chipmean,sentinel1,gram,treatment_0007,P09,0.9456857630922502,H1_m3,1.6600937565325167,0.5221724124381757,5,False,False,,,
chipmean,sentinel1,gram,treatment_0007,P09,0.9456857630922502,H1_m3_diff,1.4822820653342892,0.6119189857277036,5,False,False,,,
chipmean,sentinel1,gram,treatment_0007,P09,0.9456857630922502,H1_m4,1.3383410277969359,0.6218186247698075,4,False,False,,,
chipmean,sentinel1,gram,treatment_0007,P09,0.9456857630922502,H1_m4_diff,1.499598367099584,0.7175026379476797,4,False,False,,,
chipmean,sentinel1,gram,treatment_0008,P09,0.644066833251557,H0_own_mean,0.644066833251557,,0,False,False,,,
chipmean,sentinel1,gram,treatment_0008,P09,0.644066833251557,L_last_period,0.7900269240689546,,0,False,False,,,
chipmean,sentinel1,gram,treatment_0008,P09,0.644066833251557,H1_m2,0.8240070617840178,0.5867462150899698,6,True,False,,,
chipmean,sentinel1,gram,treatment_0008,P09,0.644066833251557,H1_m2_diff,0.9395281589592965,0.5635822530719896,6,False,False,,,
chipmean,sentinel1,gram,treatment_0008,P09,0.644066833251557,H1_m3,0.618497893894565,0.6115329034880308,5,True,True,,,
chipmean,sentinel1,gram,treatment_0008,P09,0.644066833251557,H1_m3_diff,0.9480781387852847,0.7142333535605124,5,True,False,,,
chipmean,sentinel1,gram,treatment_0008,P09,0.644066833251557,H1_m4,0.6278809594675028,0.5688369021795346,4,True,True,,,
chipmean,sentinel1,gram,treatment_0008,P09,0.644066833251557,H1_m4_diff,1.0359768825002764,0.7278508834513622,4,True,False,,,
chipmean,sentinel1,gram,treatment_0009,P09,0.6897083081384777,H0_own_mean,0.6897083081384777,,0,False,False,,,
chipmean,sentinel1,gram,treatment_0009,P09,0.6897083081384777,L_last_period,0.9831643505225561,,0,False,False,,,
chipmean,sentinel1,gram,treatment_0009,P09,0.6897083081384777,H1_m2,0.7511464804341792,0.6594849912239795,6,True,False,,,
chipmean,sentinel1,gram,treatment_0009,P09,0.6897083081384777,H1_m2_diff,0.9223064362710025,0.3964665240862731,6,False,False,,,
chipmean,sentinel1,gram,treatment_0009,P09,0.6897083081384777,H1_m3,0.7220455462515697,0.6423792082417579,5,True,False,,,
chipmean,sentinel1,gram,treatment_0009,P09,0.6897083081384777,H1_m3_diff,0.9284450169371596,0.6749657066400258,5,True,False,,,
chipmean,sentinel1,gram,treatment_0009,P09,0.6897083081384777,H1_m4,0.7422862929731114,0.6624114067105183,4,True,False,,,
chipmean,sentinel1,gram,treatment_0009,P09,0.6897083081384777,H1_m4_diff,0.9568634137527529,0.7243209844558257,4,True,False,,,
chipmean,sentinel1,gram,treatment_0010,P09,0.7603047985488908,H0_own_mean,0.7603047985488908,,0,False,False,,,
chipmean,sentinel1,gram,treatment_0010,P09,0.7603047985488908,L_last_period,0.6210466428387966,,0,False,True,,,
chipmean,sentinel1,gram,treatment_0010,P09,0.7603047985488908,H1_m2,1.2062774961650968,0.3971378040530093,6,False,False,,,
chipmean,sentinel1,gram,treatment_0010,P09,0.7603047985488908,H1_m2_diff,0.5601609209692596,0.2612146179180809,6,False,True,,,
chipmean,sentinel1,gram,treatment_0010,P09,0.7603047985488908,H1_m3,1.1525948536544544,0.4493136226806817,5,False,False,,,
chipmean,sentinel1,gram,treatment_0010,P09,0.7603047985488908,H1_m3_diff,1.1006527992924167,0.5980195633167498,5,False,False,,,
chipmean,sentinel1,gram,treatment_0010,P09,0.7603047985488908,H1_m4,1.1479752991558987,0.4274069560291247,4,False,False,,,
chipmean,sentinel1,gram,treatment_0010,P09,0.7603047985488908,H1_m4_diff,1.1077561376669964,0.5550015808557319,4,False,False,,,
chipmean,sentinel1,gram,treatment_0001,P10,0.3427945006890347,H0_own_mean,0.3427945006890347,,0,False,False,,,
chipmean,sentinel1,gram,treatment_0001,P10,0.3427945006890347,L_last_period,0.54888827325483,,0,False,False,,,
chipmean,sentinel1,gram,treatment_0001,P10,0.3427945006890347,H1_m2,0.5070734956448929,0.3973602398941561,7,True,False,,,
chipmean,sentinel1,gram,treatment_0001,P10,0.3427945006890347,H1_m2_diff,0.5764028165973479,0.6580436269897217,7,True,False,,,
chipmean,sentinel1,gram,treatment_0001,P10,0.3427945006890347,H1_m3,0.43964969011181215,0.4314500157293646,6,True,False,,,
chipmean,sentinel1,gram,treatment_0001,P10,0.3427945006890347,H1_m3_diff,0.7020416313977015,0.600879906642063,6,True,False,,,
chipmean,sentinel1,gram,treatment_0001,P10,0.3427945006890347,H1_m4,0.3687384877160635,0.5302950868210677,5,True,False,,,
chipmean,sentinel1,gram,treatment_0001,P10,0.3427945006890347,H1_m4_diff,0.5187564253945173,0.6865189365807263,5,True,False,,,
chipmean,sentinel1,gram,treatment_0002,P10,0.5687838147584734,H0_own_mean,0.5687838147584734,,0,False,False,,,
chipmean,sentinel1,gram,treatment_0002,P10,0.5687838147584734,L_last_period,1.017766081379652,,0,False,False,,,
chipmean,sentinel1,gram,treatment_0002,P10,0.5687838147584734,H1_m2,0.5991581374167804,0.48674507776452425,7,True,False,,,
chipmean,sentinel1,gram,treatment_0002,P10,0.5687838147584734,H1_m2_diff,0.9576998942106575,0.3275200730876766,7,False,False,,,
chipmean,sentinel1,gram,treatment_0002,P10,0.5687838147584734,H1_m3,0.6593841954083571,0.5460317472520912,6,True,False,,,
chipmean,sentinel1,gram,treatment_0002,P10,0.5687838147584734,H1_m3_diff,0.9675488718930997,0.5449088941178482,6,False,False,,,
chipmean,sentinel1,gram,treatment_0002,P10,0.5687838147584734,H1_m4,0.5909966686578646,0.5558134874554553,5,True,False,,,
chipmean,sentinel1,gram,treatment_0002,P10,0.5687838147584734,H1_m4_diff,1.0586379484802186,0.5852556677552125,5,False,False,,,
chipmean,sentinel1,gram,treatment_0003,P10,0.6051645909957267,H0_own_mean,0.6051645909957267,,0,False,False,,,
chipmean,sentinel1,gram,treatment_0003,P10,0.6051645909957267,L_last_period,0.5489915496264961,,0,False,True,,,
chipmean,sentinel1,gram,treatment_0003,P10,0.6051645909957267,H1_m2,0.48618850000805247,0.5337625406373891,7,True,True,,,
chipmean,sentinel1,gram,treatment_0003,P10,0.6051645909957267,H1_m2_diff,0.6424322356752853,0.360049907137883,7,False,False,,,
chipmean,sentinel1,gram,treatment_0003,P10,0.6051645909957267,H1_m3,0.30127254067751125,0.7179643906967353,6,True,True,,,
chipmean,sentinel1,gram,treatment_0003,P10,0.6051645909957267,H1_m3_diff,0.6341500699617901,0.5032432463358403,6,True,False,,,
chipmean,sentinel1,gram,treatment_0003,P10,0.6051645909957267,H1_m4,0.27953603404756894,0.7040103251249654,5,True,True,,,
chipmean,sentinel1,gram,treatment_0003,P10,0.6051645909957267,H1_m4_diff,0.8840651499580984,0.7014059899262177,5,True,False,,,
chipmean,sentinel1,gram,treatment_0004,P10,0.697550719832986,H0_own_mean,0.697550719832986,,0,False,False,,,
chipmean,sentinel1,gram,treatment_0004,P10,0.697550719832986,L_last_period,0.9714099167843839,,0,False,False,,,
chipmean,sentinel1,gram,treatment_0004,P10,0.697550719832986,H1_m2,0.8530016334438361,0.5542021336298321,7,False,False,,,
chipmean,sentinel1,gram,treatment_0004,P10,0.697550719832986,H1_m2_diff,1.340076243999983,0.4389246514993888,7,False,False,,,
chipmean,sentinel1,gram,treatment_0004,P10,0.697550719832986,H1_m3,0.8622591726758305,0.5907005610935872,6,True,False,,,
chipmean,sentinel1,gram,treatment_0004,P10,0.697550719832986,H1_m3_diff,1.2411890373711494,0.6673777639329255,6,False,False,,,
chipmean,sentinel1,gram,treatment_0004,P10,0.697550719832986,H1_m4,0.8677402198521003,0.5979418705124705,5,True,False,,,
chipmean,sentinel1,gram,treatment_0004,P10,0.697550719832986,H1_m4_diff,1.1711620144446924,0.7274112036871914,5,False,False,,,
chipmean,sentinel1,gram,treatment_0005,P10,0.7829129762430995,H0_own_mean,0.7829129762430995,,0,False,False,,,
chipmean,sentinel1,gram,treatment_0005,P10,0.7829129762430995,L_last_period,0.4029866685658266,,0,False,True,,,
chipmean,sentinel1,gram,treatment_0005,P10,0.7829129762430995,H1_m2,0.5661878824908622,0.45883647317616116,7,True,True,,,
chipmean,sentinel1,gram,treatment_0005,P10,0.7829129762430995,H1_m2_diff,0.30794063816193334,0.4401129309224292,7,True,True,,,
chipmean,sentinel1,gram,treatment_0005,P10,0.7829129762430995,H1_m3,0.3771212553754122,0.6062503610149114,6,True,True,,,
chipmean,sentinel1,gram,treatment_0005,P10,0.7829129762430995,H1_m3_diff,0.3047630629566852,0.48653548201366636,6,True,True,,,
chipmean,sentinel1,gram,treatment_0005,P10,0.7829129762430995,H1_m4,0.3772724767784044,0.682600799524714,5,True,True,,,
chipmean,sentinel1,gram,treatment_0005,P10,0.7829129762430995,H1_m4_diff,0.26194284929096834,0.6960412757142538,5,True,True,,,
chipmean,sentinel1,gram,treatment_0006,P10,0.5544546129056672,H0_own_mean,0.5544546129056672,,0,False,False,,,
chipmean,sentinel1,gram,treatment_0006,P10,0.5544546129056672,L_last_period,0.3164363894289581,,0,False,True,,,
chipmean,sentinel1,gram,treatment_0006,P10,0.5544546129056672,H1_m2,0.630611187941719,0.5233689728495544,7,True,False,,,
chipmean,sentinel1,gram,treatment_0006,P10,0.5544546129056672,H1_m2_diff,0.5348990716405368,0.8676566531264389,7,True,True,,,
chipmean,sentinel1,gram,treatment_0006,P10,0.5544546129056672,H1_m3,0.6765822517493473,0.5199721197592625,6,True,False,,,
chipmean,sentinel1,gram,treatment_0006,P10,0.5544546129056672,H1_m3_diff,0.512608416069422,0.6568515551352997,6,True,True,,,
chipmean,sentinel1,gram,treatment_0006,P10,0.5544546129056672,H1_m4,0.5328737765036393,0.5254060964733286,5,True,True,,,
chipmean,sentinel1,gram,treatment_0006,P10,0.5544546129056672,H1_m4_diff,0.4211105219775035,0.6667407531457453,5,True,True,,,
chipmean,sentinel1,gram,treatment_0007,P10,0.518432062065026,H0_own_mean,0.518432062065026,,0,False,False,,,
chipmean,sentinel1,gram,treatment_0007,P10,0.518432062065026,L_last_period,0.5859612529561307,,0,False,False,,,
chipmean,sentinel1,gram,treatment_0007,P10,0.518432062065026,H1_m2,0.5598773127932126,0.3957012147611726,7,True,False,,,
chipmean,sentinel1,gram,treatment_0007,P10,0.518432062065026,H1_m2_diff,0.5048876483529912,0.33546612911810936,7,False,True,,,
chipmean,sentinel1,gram,treatment_0007,P10,0.518432062065026,H1_m3,0.3644049265673911,0.6757582146055789,6,True,True,,,
chipmean,sentinel1,gram,treatment_0007,P10,0.518432062065026,H1_m3_diff,0.5467773357960585,0.2852620754450885,6,False,False,,,
chipmean,sentinel1,gram,treatment_0007,P10,0.518432062065026,H1_m4,0.31681970274652305,0.7446417206989864,5,True,True,,,
chipmean,sentinel1,gram,treatment_0007,P10,0.518432062065026,H1_m4_diff,1.0860748574098698,0.7125340497590847,5,False,False,,,
chipmean,sentinel1,gram,treatment_0008,P10,0.8351682315391311,H0_own_mean,0.8351682315391311,,0,False,False,,,
chipmean,sentinel1,gram,treatment_0008,P10,0.8351682315391311,L_last_period,0.8728318171473274,,0,False,False,,,
chipmean,sentinel1,gram,treatment_0008,P10,0.8351682315391311,H1_m2,0.9319757487441481,0.528065775789502,7,False,False,,,
chipmean,sentinel1,gram,treatment_0008,P10,0.8351682315391311,H1_m2_diff,0.6691211572115197,0.47084515746294114,7,True,True,,,
chipmean,sentinel1,gram,treatment_0008,P10,0.8351682315391311,H1_m3,0.8033043592441651,0.5970944304616796,6,True,True,,,
chipmean,sentinel1,gram,treatment_0008,P10,0.8351682315391311,H1_m3_diff,0.6695870556180272,0.624826799730652,6,True,True,,,
chipmean,sentinel1,gram,treatment_0008,P10,0.8351682315391311,H1_m4,0.7259217314338379,0.5973581274647246,5,True,True,,,
chipmean,sentinel1,gram,treatment_0008,P10,0.8351682315391311,H1_m4_diff,0.6409091477463498,0.755536620200853,5,True,True,,,
chipmean,sentinel1,gram,treatment_0009,P10,0.6514223955649651,H0_own_mean,0.6514223955649651,,0,False,False,,,
chipmean,sentinel1,gram,treatment_0009,P10,0.6514223955649651,L_last_period,0.43688211176820113,,0,False,True,,,
chipmean,sentinel1,gram,treatment_0009,P10,0.6514223955649651,H1_m2,0.7477933983766829,0.652356753784125,7,True,False,,,
chipmean,sentinel1,gram,treatment_0009,P10,0.6514223955649651,H1_m2_diff,0.4165218125282102,0.8859153109764112,7,True,True,,,
chipmean,sentinel1,gram,treatment_0009,P10,0.6514223955649651,H1_m3,0.3835745911534343,0.6738254126529737,6,True,True,,,
chipmean,sentinel1,gram,treatment_0009,P10,0.6514223955649651,H1_m3_diff,0.5968760848458052,0.7125737817950983,6,True,True,,,
chipmean,sentinel1,gram,treatment_0009,P10,0.6514223955649651,H1_m4,0.3822388172883458,0.6562748796124727,5,True,True,,,
chipmean,sentinel1,gram,treatment_0009,P10,0.6514223955649651,H1_m4_diff,0.4083340658723423,0.7666163369923037,5,True,True,,,
chipmean,sentinel1,gram,treatment_0010,P10,0.7464525299240273,H0_own_mean,0.7464525299240273,,0,False,False,,,
chipmean,sentinel1,gram,treatment_0010,P10,0.7464525299240273,L_last_period,0.5953603353011766,,0,False,True,,,
chipmean,sentinel1,gram,treatment_0010,P10,0.7464525299240273,H1_m2,0.8275907307340012,0.4520301962226853,7,False,False,,,
chipmean,sentinel1,gram,treatment_0010,P10,0.7464525299240273,H1_m2_diff,0.5611964639787782,0.4601218565449062,7,True,True,,,
chipmean,sentinel1,gram,treatment_0010,P10,0.7464525299240273,H1_m3,0.6186889606486305,0.6283016783098297,6,True,True,,,
chipmean,sentinel1,gram,treatment_0010,P10,0.7464525299240273,H1_m3_diff,0.6778207842349975,0.389580753989097,6,False,True,,,
chipmean,sentinel1,gram,treatment_0010,P10,0.7464525299240273,H1_m4,0.6549029176615846,0.6146186686116937,5,True,True,,,
chipmean,sentinel1,gram,treatment_0010,P10,0.7464525299240273,H1_m4_diff,0.7272712945972083,0.7083000769357931,5,True,True,,,
chipmean,sentinel2,latent980,treatment_0001,P09,1.0143449344806668,H0_own_mean,1.0143449344806668,,0,False,False,,,
chipmean,sentinel2,latent980,treatment_0001,P09,1.0143449344806668,L_last_period,1.2666084298818814,,0,False,False,,,
chipmean,sentinel2,latent980,treatment_0001,P09,1.0143449344806668,H1_m2,1.4750788477339314,1.0558672685308763,6,True,False,,,
chipmean,sentinel2,latent980,treatment_0001,P09,1.0143449344806668,H1_m2_diff,1.2944879055794383,1.3483636249245061,6,True,False,,,
chipmean,sentinel2,latent980,treatment_0001,P09,1.0143449344806668,H1_m3,1.4766672087023147,0.9130421237503807,5,False,False,,,
chipmean,sentinel2,latent980,treatment_0001,P09,1.0143449344806668,H1_m3_diff,1.484212077110626,1.3177968532903848,5,True,False,,,
chipmean,sentinel2,latent980,treatment_0001,P09,1.0143449344806668,H1_m4,1.4813089328200926,0.9294782068553564,4,False,False,,,
chipmean,sentinel2,latent980,treatment_0001,P09,1.0143449344806668,H1_m4_diff,1.616927135133933,1.2339326586623978,4,True,False,,,
chipmean,sentinel2,latent980,treatment_0002,P09,1.0690688891447713,H0_own_mean,1.0690688891447713,,0,False,False,,,
chipmean,sentinel2,latent980,treatment_0002,P09,1.0690688891447713,L_last_period,1.3024062792794362,,0,False,False,,,
chipmean,sentinel2,latent980,treatment_0002,P09,1.0690688891447713,H1_m2,1.107949362524271,0.8356156520118894,6,True,False,,,
chipmean,sentinel2,latent980,treatment_0002,P09,1.0690688891447713,H1_m2_diff,1.3441591778682322,1.194134941043825,6,True,False,,,
chipmean,sentinel2,latent980,treatment_0002,P09,1.0690688891447713,H1_m3,1.131005393909301,0.7553061396220632,5,True,False,,,
chipmean,sentinel2,latent980,treatment_0002,P09,1.0690688891447713,H1_m3_diff,1.3245900366987866,1.0165731550184451,5,True,False,,,
chipmean,sentinel2,latent980,treatment_0002,P09,1.0690688891447713,H1_m4,1.0774445357186144,0.880753267084266,4,True,False,,,
chipmean,sentinel2,latent980,treatment_0002,P09,1.0690688891447713,H1_m4_diff,1.2554164298594959,1.1162670006130757,4,True,False,,,
chipmean,sentinel2,latent980,treatment_0003,P09,0.752510328546121,H0_own_mean,0.752510328546121,,0,False,False,,,
chipmean,sentinel2,latent980,treatment_0003,P09,0.752510328546121,L_last_period,1.1506965840322996,,0,False,False,,,
chipmean,sentinel2,latent980,treatment_0003,P09,0.752510328546121,H1_m2,0.8446436634805796,0.8881422786168074,6,True,False,,,
chipmean,sentinel2,latent980,treatment_0003,P09,0.752510328546121,H1_m2_diff,1.2588355260513202,1.16154632739224,6,True,False,,,
chipmean,sentinel2,latent980,treatment_0003,P09,0.752510328546121,H1_m3,0.819800104830168,0.8322377250877093,5,True,False,,,
chipmean,sentinel2,latent980,treatment_0003,P09,0.752510328546121,H1_m3_diff,1.1860806752926665,1.0696432488366125,5,True,False,,,
chipmean,sentinel2,latent980,treatment_0003,P09,0.752510328546121,H1_m4,0.8037662959157873,0.7894297136198367,4,True,False,,,
chipmean,sentinel2,latent980,treatment_0003,P09,0.752510328546121,H1_m4_diff,1.2816780453260164,1.032799708885957,4,True,False,,,
chipmean,sentinel2,latent980,treatment_0004,P09,1.2282074153056863,H0_own_mean,1.2282074153056863,,0,False,False,,,
chipmean,sentinel2,latent980,treatment_0004,P09,1.2282074153056863,L_last_period,1.4781651079389093,,0,False,False,,,
chipmean,sentinel2,latent980,treatment_0004,P09,1.2282074153056863,H1_m2,1.2593038947885766,0.9218950058121342,6,True,False,,,
chipmean,sentinel2,latent980,treatment_0004,P09,1.2282074153056863,H1_m2_diff,1.4928346728689534,0.9793839260738482,6,False,False,,,
chipmean,sentinel2,latent980,treatment_0004,P09,1.2282074153056863,H1_m3,1.3157160349725545,1.2323469422846383,5,True,False,,,
chipmean,sentinel2,latent980,treatment_0004,P09,1.2282074153056863,H1_m3_diff,1.6164327552806923,1.48700518694612,5,True,False,,,
chipmean,sentinel2,latent980,treatment_0004,P09,1.2282074153056863,H1_m4,1.3104694600769762,1.2568978658186385,4,True,False,,,
chipmean,sentinel2,latent980,treatment_0004,P09,1.2282074153056863,H1_m4_diff,1.644239731577621,1.698498412249401,4,True,False,,,
chipmean,sentinel2,latent980,treatment_0005,P09,1.0402817014960961,H0_own_mean,1.0402817014960961,,0,False,False,,,
chipmean,sentinel2,latent980,treatment_0005,P09,1.0402817014960961,L_last_period,1.4281799093716208,,0,False,False,,,
chipmean,sentinel2,latent980,treatment_0005,P09,1.0402817014960961,H1_m2,1.3453144254094103,0.878158424514573,6,False,False,,,
chipmean,sentinel2,latent980,treatment_0005,P09,1.0402817014960961,H1_m2_diff,1.4464858643041971,1.1558190007909641,6,True,False,,,
chipmean,sentinel2,latent980,treatment_0005,P09,1.0402817014960961,H1_m3,1.3287812881694447,1.1292345624177782,5,True,False,,,
chipmean,sentinel2,latent980,treatment_0005,P09,1.0402817014960961,H1_m3_diff,1.6710151845436785,1.4878834455209544,5,True,False,,,
chipmean,sentinel2,latent980,treatment_0005,P09,1.0402817014960961,H1_m4,1.3650034170183172,1.1063904372264501,4,True,False,,,
chipmean,sentinel2,latent980,treatment_0005,P09,1.0402817014960961,H1_m4_diff,1.6670631412590597,1.5986717610778731,4,True,False,,,
chipmean,sentinel2,latent980,treatment_0006,P09,0.893519107215024,H0_own_mean,0.893519107215024,,0,False,False,,,
chipmean,sentinel2,latent980,treatment_0006,P09,0.893519107215024,L_last_period,0.9836142777063545,,0,False,False,,,
chipmean,sentinel2,latent980,treatment_0006,P09,0.893519107215024,H1_m2,0.850826712983558,0.8225107607343572,6,True,True,,,
chipmean,sentinel2,latent980,treatment_0006,P09,0.893519107215024,H1_m2_diff,1.1050249911541443,1.0838286881159422,6,True,False,,,
chipmean,sentinel2,latent980,treatment_0006,P09,0.893519107215024,H1_m3,0.8509502363732143,1.087335415883762,5,True,True,,,
chipmean,sentinel2,latent980,treatment_0006,P09,0.893519107215024,H1_m3_diff,1.0941490419868696,1.281415139722316,5,True,False,,,
chipmean,sentinel2,latent980,treatment_0006,P09,0.893519107215024,H1_m4,0.8497964584416577,1.0373528927485152,4,True,True,,,
chipmean,sentinel2,latent980,treatment_0006,P09,0.893519107215024,H1_m4_diff,1.3157812139569027,1.494720128865956,4,True,False,,,
chipmean,sentinel2,latent980,treatment_0007,P09,0.9569624282222805,H0_own_mean,0.9569624282222805,,0,False,False,,,
chipmean,sentinel2,latent980,treatment_0007,P09,0.9569624282222805,L_last_period,0.9576260378209762,,0,False,False,,,
chipmean,sentinel2,latent980,treatment_0007,P09,0.9569624282222805,H1_m2,1.0002326822186176,0.8455865841098175,6,True,False,,,
chipmean,sentinel2,latent980,treatment_0007,P09,0.9569624282222805,H1_m2_diff,0.9846128181040857,1.1927735480969561,6,True,False,,,
chipmean,sentinel2,latent980,treatment_0007,P09,0.9569624282222805,H1_m3,0.9107291841901056,0.8283962325790952,5,True,True,,,
chipmean,sentinel2,latent980,treatment_0007,P09,0.9569624282222805,H1_m3_diff,1.085930203710469,1.0825057826026914,5,True,False,,,
chipmean,sentinel2,latent980,treatment_0007,P09,0.9569624282222805,H1_m4,0.8821641886467191,0.8694754443582914,4,True,True,,,
chipmean,sentinel2,latent980,treatment_0007,P09,0.9569624282222805,H1_m4_diff,0.9968962108748285,1.0849953384710231,4,True,False,,,
chipmean,sentinel2,latent980,treatment_0008,P09,0.8475702666374225,H0_own_mean,0.8475702666374225,,0,False,False,,,
chipmean,sentinel2,latent980,treatment_0008,P09,0.8475702666374225,L_last_period,0.930117569390889,,0,False,False,,,
chipmean,sentinel2,latent980,treatment_0008,P09,0.8475702666374225,H1_m2,0.8557323997064844,0.7907690689512799,6,True,False,,,
chipmean,sentinel2,latent980,treatment_0008,P09,0.8475702666374225,H1_m2_diff,0.9943273916075289,0.6924949933648082,6,True,False,,,
chipmean,sentinel2,latent980,treatment_0008,P09,0.8475702666374225,H1_m3,0.8228274602960186,0.9639925917801967,5,True,True,,,
chipmean,sentinel2,latent980,treatment_0008,P09,0.8475702666374225,H1_m3_diff,1.0787772079269242,1.0493113486944678,5,True,False,,,
chipmean,sentinel2,latent980,treatment_0008,P09,0.8475702666374225,H1_m4,0.8395759220054367,0.9554014452554185,4,True,True,,,
chipmean,sentinel2,latent980,treatment_0008,P09,0.8475702666374225,H1_m4_diff,0.9989460630690976,1.2147386038584018,4,True,False,,,
chipmean,sentinel2,latent980,treatment_0009,P09,0.8506248839550861,H0_own_mean,0.8506248839550861,,0,False,False,,,
chipmean,sentinel2,latent980,treatment_0009,P09,0.8506248839550861,L_last_period,0.7410337943432962,,0,False,True,,,
chipmean,sentinel2,latent980,treatment_0009,P09,0.8506248839550861,H1_m2,0.7093077247761291,0.8530447069467938,6,True,True,,,
chipmean,sentinel2,latent980,treatment_0009,P09,0.8506248839550861,H1_m2_diff,0.8189293238521097,0.6968492613761025,6,True,True,,,
chipmean,sentinel2,latent980,treatment_0009,P09,0.8506248839550861,H1_m3,0.7451091404734916,0.874018708327618,5,True,True,,,
chipmean,sentinel2,latent980,treatment_0009,P09,0.8506248839550861,H1_m3_diff,0.8351671734445889,0.9638270481154677,5,True,True,,,
chipmean,sentinel2,latent980,treatment_0009,P09,0.8506248839550861,H1_m4,0.7798711955710469,0.8905577309805291,4,True,True,,,
chipmean,sentinel2,latent980,treatment_0009,P09,0.8506248839550861,H1_m4_diff,0.8914800365501562,1.0493810278528117,4,True,False,,,
chipmean,sentinel2,latent980,treatment_0010,P09,1.262177925723428,H0_own_mean,1.262177925723428,,0,False,False,,,
chipmean,sentinel2,latent980,treatment_0010,P09,1.262177925723428,L_last_period,1.4662486824348357,,0,False,False,,,
chipmean,sentinel2,latent980,treatment_0010,P09,1.262177925723428,H1_m2,1.2520870202060992,0.9152456176631452,6,True,True,,,
chipmean,sentinel2,latent980,treatment_0010,P09,1.262177925723428,H1_m2_diff,2.2587568113760397,1.0897764491457091,6,False,False,,,
chipmean,sentinel2,latent980,treatment_0010,P09,1.262177925723428,H1_m3,1.2944847298140614,1.0423597683945185,5,True,False,,,
chipmean,sentinel2,latent980,treatment_0010,P09,1.262177925723428,H1_m3_diff,1.646718390720873,1.24095927290559,5,True,False,,,
chipmean,sentinel2,latent980,treatment_0010,P09,1.262177925723428,H1_m4,1.3752160134191873,1.133575634620437,4,True,False,,,
chipmean,sentinel2,latent980,treatment_0010,P09,1.262177925723428,H1_m4_diff,1.5347373372659132,1.4033120154245204,4,True,False,,,
chipmean,sentinel2,latent980,treatment_0001,P10,1.058933619658939,H0_own_mean,1.058933619658939,,0,False,False,,,
chipmean,sentinel2,latent980,treatment_0001,P10,1.058933619658939,L_last_period,1.4090294139965902,,0,False,False,,,
chipmean,sentinel2,latent980,treatment_0001,P10,1.058933619658939,H1_m2,1.239696013137854,0.9896065383868848,7,True,False,,,
chipmean,sentinel2,latent980,treatment_0001,P10,1.058933619658939,H1_m2_diff,1.4469146085523767,1.1763044169679013,7,True,False,,,
chipmean,sentinel2,latent980,treatment_0001,P10,1.058933619658939,H1_m3,1.0602743587504713,1.0980698613914648,6,True,False,,,
chipmean,sentinel2,latent980,treatment_0001,P10,1.058933619658939,H1_m3_diff,1.5077368815665293,1.2831997298329243,6,True,False,,,
chipmean,sentinel2,latent980,treatment_0001,P10,1.058933619658939,H1_m4,1.1501869804067248,1.0232460737817997,5,True,False,,,
chipmean,sentinel2,latent980,treatment_0001,P10,1.058933619658939,H1_m4_diff,1.672084923691839,1.317450816265576,5,True,False,,,
chipmean,sentinel2,latent980,treatment_0002,P10,1.0538362766314358,H0_own_mean,1.0538362766314358,,0,False,False,,,
chipmean,sentinel2,latent980,treatment_0002,P10,1.0538362766314358,L_last_period,1.4355265475271541,,0,False,False,,,
chipmean,sentinel2,latent980,treatment_0002,P10,1.0538362766314358,H1_m2,1.157958888068223,1.003458055489546,7,True,False,,,
chipmean,sentinel2,latent980,treatment_0002,P10,1.0538362766314358,H1_m2_diff,1.4648927545496004,1.2173286364220748,7,True,False,,,
chipmean,sentinel2,latent980,treatment_0002,P10,1.0538362766314358,H1_m3,1.122034339814994,0.9122657101416567,6,True,False,,,
chipmean,sentinel2,latent980,treatment_0002,P10,1.0538362766314358,H1_m3_diff,1.5043902891475418,1.2191896789695058,6,True,False,,,
chipmean,sentinel2,latent980,treatment_0002,P10,1.0538362766314358,H1_m4,1.1368564314461904,0.8445105651171498,5,True,False,,,
chipmean,sentinel2,latent980,treatment_0002,P10,1.0538362766314358,H1_m4_diff,1.5405215258014195,1.0965625628489162,5,True,False,,,
chipmean,sentinel2,latent980,treatment_0003,P10,0.8528252156254349,H0_own_mean,0.8528252156254349,,0,False,False,,,
chipmean,sentinel2,latent980,treatment_0003,P10,0.8528252156254349,L_last_period,0.6686857588695325,,0,False,True,,,
chipmean,sentinel2,latent980,treatment_0003,P10,0.8528252156254349,H1_m2,0.9515832340653143,0.7895376486377285,7,True,False,,,
chipmean,sentinel2,latent980,treatment_0003,P10,0.8528252156254349,H1_m2_diff,0.8122413024972006,1.0611624305970673,7,True,True,,,
chipmean,sentinel2,latent980,treatment_0003,P10,0.8528252156254349,H1_m3,0.8482653548536417,0.8449978706448334,6,True,True,,,
chipmean,sentinel2,latent980,treatment_0003,P10,0.8528252156254349,H1_m3_diff,0.8059019001830764,1.1328321651831978,6,True,True,,,
chipmean,sentinel2,latent980,treatment_0003,P10,0.8528252156254349,H1_m4,0.8427134728940084,0.8083804441926176,5,True,True,,,
chipmean,sentinel2,latent980,treatment_0003,P10,0.8528252156254349,H1_m4_diff,0.7274858454697255,1.0910459875606466,5,True,True,,,
chipmean,sentinel2,latent980,treatment_0004,P10,0.9454189577083011,H0_own_mean,0.9454189577083011,,0,False,False,,,
chipmean,sentinel2,latent980,treatment_0004,P10,0.9454189577083011,L_last_period,1.520958081514199,,0,False,False,,,
chipmean,sentinel2,latent980,treatment_0004,P10,0.9454189577083011,H1_m2,1.1372947392440111,1.0298068248689929,7,True,False,,,
chipmean,sentinel2,latent980,treatment_0004,P10,0.9454189577083011,H1_m2_diff,1.5427152805488047,1.416812253140186,7,True,False,,,
chipmean,sentinel2,latent980,treatment_0004,P10,0.9454189577083011,H1_m3,1.0496800636615762,1.0268578675498874,6,True,False,,,
chipmean,sentinel2,latent980,treatment_0004,P10,0.9454189577083011,H1_m3_diff,1.4761890407020903,1.2337643899938977,6,True,False,,,
chipmean,sentinel2,latent980,treatment_0004,P10,0.9454189577083011,H1_m4,0.9507020790959038,1.2353197025283982,5,True,False,,,
chipmean,sentinel2,latent980,treatment_0004,P10,0.9454189577083011,H1_m4_diff,1.4308912441325974,1.5019176593606942,5,True,False,,,
chipmean,sentinel2,latent980,treatment_0005,P10,0.9513326902735654,H0_own_mean,0.9513326902735654,,0,False,False,,,
chipmean,sentinel2,latent980,treatment_0005,P10,0.9513326902735654,L_last_period,1.504228687033398,,0,False,False,,,
chipmean,sentinel2,latent980,treatment_0005,P10,0.9513326902735654,H1_m2,1.068881630087587,0.9380178028513675,7,True,False,,,
chipmean,sentinel2,latent980,treatment_0005,P10,0.9513326902735654,H1_m2_diff,1.6301975014853087,1.2919143423681854,7,True,False,,,
chipmean,sentinel2,latent980,treatment_0005,P10,0.9513326902735654,H1_m3,1.0239135606881888,0.9751885164660083,6,True,False,,,
chipmean,sentinel2,latent980,treatment_0005,P10,0.9513326902735654,H1_m3_diff,1.7413257826283017,1.2489997173589258,6,True,False,,,
chipmean,sentinel2,latent980,treatment_0005,P10,0.9513326902735654,H1_m4,0.9936051685360691,1.138104570123464,5,True,False,,,
chipmean,sentinel2,latent980,treatment_0005,P10,0.9513326902735654,H1_m4_diff,1.678188101243259,1.4967505309120321,5,True,False,,,
chipmean,sentinel2,latent980,treatment_0006,P10,0.8730197251872288,H0_own_mean,0.8730197251872288,,0,False,False,,,
chipmean,sentinel2,latent980,treatment_0006,P10,0.8730197251872288,L_last_period,0.7462972395982984,,0,False,True,,,
chipmean,sentinel2,latent980,treatment_0006,P10,0.8730197251872288,H1_m2,1.014958634790938,0.8622969137016158,7,True,False,,,
chipmean,sentinel2,latent980,treatment_0006,P10,0.8730197251872288,H1_m2_diff,0.7819378699313416,0.9752064565284755,7,True,True,,,
chipmean,sentinel2,latent980,treatment_0006,P10,0.8730197251872288,H1_m3,0.9302575074923779,0.8049142841087467,6,True,False,,,
chipmean,sentinel2,latent980,treatment_0006,P10,0.8730197251872288,H1_m3_diff,0.902520145078842,1.0402762648357626,6,True,False,,,
chipmean,sentinel2,latent980,treatment_0006,P10,0.8730197251872288,H1_m4,1.0022307737651261,1.0187215745805804,5,True,False,,,
chipmean,sentinel2,latent980,treatment_0006,P10,0.8730197251872288,H1_m4_diff,0.9190777590757135,1.2030982949206421,5,True,False,,,
chipmean,sentinel2,latent980,treatment_0007,P10,0.9789663210753872,H0_own_mean,0.9789663210753872,,0,False,False,,,
chipmean,sentinel2,latent980,treatment_0007,P10,0.9789663210753872,L_last_period,1.1128149370524885,,0,False,False,,,
chipmean,sentinel2,latent980,treatment_0007,P10,0.9789663210753872,H1_m2,1.0211421824655118,0.878111768201597,7,True,False,,,
chipmean,sentinel2,latent980,treatment_0007,P10,0.9789663210753872,H1_m2_diff,1.1323445067726574,0.9430092281466094,7,True,False,,,
chipmean,sentinel2,latent980,treatment_0007,P10,0.9789663210753872,H1_m3,1.011766633197906,0.8566531545940292,6,True,False,,,
chipmean,sentinel2,latent980,treatment_0007,P10,0.9789663210753872,H1_m3_diff,1.187821317630595,1.0718313810231053,6,True,False,,,
chipmean,sentinel2,latent980,treatment_0007,P10,0.9789663210753872,H1_m4,0.9153671417249472,0.8330123333514263,5,True,True,,,
chipmean,sentinel2,latent980,treatment_0007,P10,0.9789663210753872,H1_m4_diff,1.1203535605584067,1.0557877113038259,5,True,False,,,
chipmean,sentinel2,latent980,treatment_0008,P10,1.0025338879059151,H0_own_mean,1.0025338879059151,,0,False,False,,,
chipmean,sentinel2,latent980,treatment_0008,P10,1.0025338879059151,L_last_period,1.1546770510316047,,0,False,False,,,
chipmean,sentinel2,latent980,treatment_0008,P10,1.0025338879059151,H1_m2,1.0423819641223688,0.7194987725815086,7,True,False,,,
chipmean,sentinel2,latent980,treatment_0008,P10,1.0025338879059151,H1_m2_diff,1.1268484988638454,0.9228854845815286,7,True,False,,,
chipmean,sentinel2,latent980,treatment_0008,P10,1.0025338879059151,H1_m3,0.9317850918319385,0.7913972705569033,6,True,True,,,
chipmean,sentinel2,latent980,treatment_0008,P10,1.0025338879059151,H1_m3_diff,1.1952931208998705,0.8331108203691904,6,True,False,,,
chipmean,sentinel2,latent980,treatment_0008,P10,1.0025338879059151,H1_m4,0.9326764778975036,0.9169706800534619,5,True,True,,,
chipmean,sentinel2,latent980,treatment_0008,P10,1.0025338879059151,H1_m4_diff,1.1398419966224997,1.032284931557904,5,True,False,,,
chipmean,sentinel2,latent980,treatment_0009,P10,1.0608564739773978,H0_own_mean,1.0608564739773978,,0,False,False,,,
chipmean,sentinel2,latent980,treatment_0009,P10,1.0608564739773978,L_last_period,1.084447790526729,,0,False,False,,,
chipmean,sentinel2,latent980,treatment_0009,P10,1.0608564739773978,H1_m2,0.9944995847534503,0.6577328002399074,7,False,True,,,
chipmean,sentinel2,latent980,treatment_0009,P10,1.0608564739773978,H1_m2_diff,1.0976983445388502,0.7694789152721778,7,True,False,,,
chipmean,sentinel2,latent980,treatment_0009,P10,1.0608564739773978,H1_m3,0.9626191149414236,0.7895101756947606,6,True,True,,,
chipmean,sentinel2,latent980,treatment_0009,P10,1.0608564739773978,H1_m3_diff,1.1586800932613115,0.742809915158989,6,False,False,,,
chipmean,sentinel2,latent980,treatment_0009,P10,1.0608564739773978,H1_m4,0.9698528004517432,0.82595951525262,5,True,True,,,
chipmean,sentinel2,latent980,treatment_0009,P10,1.0608564739773978,H1_m4_diff,1.1971951862707209,0.9066183957249817,5,True,False,,,
chipmean,sentinel2,latent980,treatment_0010,P10,1.1072973687554368,H0_own_mean,1.1072973687554368,,0,False,False,,,
chipmean,sentinel2,latent980,treatment_0010,P10,1.1072973687554368,L_last_period,1.5637131334908798,,0,False,False,,,
chipmean,sentinel2,latent980,treatment_0010,P10,1.1072973687554368,H1_m2,1.1203714023968891,1.07502928843364,7,True,False,,,
chipmean,sentinel2,latent980,treatment_0010,P10,1.1072973687554368,H1_m2_diff,1.71629283743756,1.3614806892014903,7,True,False,,,
chipmean,sentinel2,latent980,treatment_0010,P10,1.1072973687554368,H1_m3,1.014734570184595,1.0197808295961515,6,True,True,,,
chipmean,sentinel2,latent980,treatment_0010,P10,1.1072973687554368,H1_m3_diff,1.5469930563959189,1.28606942717738,6,True,False,,,
chipmean,sentinel2,latent980,treatment_0010,P10,1.1072973687554368,H1_m4,0.9967859779069432,1.0919123478442843,5,True,True,,,
chipmean,sentinel2,latent980,treatment_0010,P10,1.1072973687554368,H1_m4_diff,1.45424694893807,1.338665207341547,5,True,False,,,
chipmean,sentinel2,chip_mean,treatment_0001,P09,0.8132963402049226,H0_own_mean,0.8132963402049226,,0,False,False,,,
chipmean,sentinel2,chip_mean,treatment_0001,P09,0.8132963402049226,L_last_period,0.520642374749201,,0,False,True,,,
chipmean,sentinel2,chip_mean,treatment_0001,P09,0.8132963402049226,H1_m2,2.089201545120527,0.7668423607050585,6,False,False,,,
chipmean,sentinel2,chip_mean,treatment_0001,P09,0.8132963402049226,H1_m2_diff,0.7066784177286597,0.5654075353072406,6,True,True,,,
chipmean,sentinel2,chip_mean,treatment_0001,P09,0.8132963402049226,H1_m3,2.001397176042083,0.7887318267671307,5,False,False,,,
chipmean,sentinel2,chip_mean,treatment_0001,P09,0.8132963402049226,H1_m3_diff,1.6390270602274146,1.1445059179671029,5,True,False,,,
chipmean,sentinel2,chip_mean,treatment_0001,P09,0.8132963402049226,H1_m4,1.980941690928631,0.7358379772637385,4,False,False,,,
chipmean,sentinel2,chip_mean,treatment_0001,P09,0.8132963402049226,H1_m4_diff,1.7887642520469504,0.9792599790458699,4,False,False,,,
chipmean,sentinel2,chip_mean,treatment_0002,P09,0.42366525030768176,H0_own_mean,0.42366525030768176,,0,False,False,,,
chipmean,sentinel2,chip_mean,treatment_0002,P09,0.42366525030768176,L_last_period,0.7133814150113046,,0,False,False,,,
chipmean,sentinel2,chip_mean,treatment_0002,P09,0.42366525030768176,H1_m2,0.4236511432900706,0.5268947370132748,6,True,True,,,
chipmean,sentinel2,chip_mean,treatment_0002,P09,0.42366525030768176,H1_m2_diff,0.849867611362746,0.686912535880498,6,True,False,,,
chipmean,sentinel2,chip_mean,treatment_0002,P09,0.42366525030768176,H1_m3,0.45107935904880087,0.44198355187775595,5,True,False,,,
chipmean,sentinel2,chip_mean,treatment_0002,P09,0.42366525030768176,H1_m3_diff,0.8242585996678532,0.5135427259898722,5,False,False,,,
chipmean,sentinel2,chip_mean,treatment_0002,P09,0.42366525030768176,H1_m4,0.4806559959478863,0.7365877966446719,4,True,False,,,
chipmean,sentinel2,chip_mean,treatment_0002,P09,0.42366525030768176,H1_m4_diff,1.0116612705816301,0.8008177281520565,4,True,False,,,
chipmean,sentinel2,chip_mean,treatment_0003,P09,0.8217699692087753,H0_own_mean,0.8217699692087753,,0,False,False,,,
chipmean,sentinel2,chip_mean,treatment_0003,P09,0.8217699692087753,L_last_period,0.9399475464997971,,0,False,False,,,
chipmean,sentinel2,chip_mean,treatment_0003,P09,0.8217699692087753,H1_m2,0.9525323248143869,0.21158121200455615,6,False,False,,,
chipmean,sentinel2,chip_mean,treatment_0003,P09,0.8217699692087753,H1_m2_diff,1.7381317126189857,0.07569301302602645,6,False,False,,,
chipmean,sentinel2,chip_mean,treatment_0003,P09,0.8217699692087753,H1_m3,0.8920150174104431,0.46696264866801823,5,False,False,,,
chipmean,sentinel2,chip_mean,treatment_0003,P09,0.8217699692087753,H1_m3_diff,1.0861686315617833,0.28260673803965625,5,False,False,,,
chipmean,sentinel2,chip_mean,treatment_0003,P09,0.8217699692087753,H1_m4,0.8348302288598674,0.5256588673467828,4,False,False,,,
chipmean,sentinel2,chip_mean,treatment_0003,P09,0.8217699692087753,H1_m4_diff,1.053835479162158,0.6768214374613376,4,False,False,,,
chipmean,sentinel2,chip_mean,treatment_0004,P09,0.8308324667063524,H0_own_mean,0.8308324667063524,,0,False,False,,,
chipmean,sentinel2,chip_mean,treatment_0004,P09,0.8308324667063524,L_last_period,0.8745547522307064,,0,False,False,,,
chipmean,sentinel2,chip_mean,treatment_0004,P09,0.8308324667063524,H1_m2,1.033886911462753,0.3030395313683184,6,False,False,,,
chipmean,sentinel2,chip_mean,treatment_0004,P09,0.8308324667063524,H1_m2_diff,0.9707658086002907,0.14727729891960864,6,False,False,,,
chipmean,sentinel2,chip_mean,treatment_0004,P09,0.8308324667063524,H1_m3,1.1899247918259543,1.405158853888233,5,True,False,,,
chipmean,sentinel2,chip_mean,treatment_0004,P09,0.8308324667063524,H1_m3_diff,2.415599436972076,1.484522155581174,5,False,False,,,
chipmean,sentinel2,chip_mean,treatment_0004,P09,0.8308324667063524,H1_m4,0.927291492858467,1.3837145997019775,4,True,False,,,
chipmean,sentinel2,chip_mean,treatment_0004,P09,0.8308324667063524,H1_m4_diff,1.6584884248971927,1.9903768099104688,4,True,False,,,
chipmean,sentinel2,chip_mean,treatment_0005,P09,0.7568818580614415,H0_own_mean,0.7568818580614415,,0,False,False,,,
chipmean,sentinel2,chip_mean,treatment_0005,P09,0.7568818580614415,L_last_period,1.2104515622766387,,0,False,False,,,
chipmean,sentinel2,chip_mean,treatment_0005,P09,0.7568818580614415,H1_m2,1.60838944330552,0.7317543785763567,6,False,False,,,
chipmean,sentinel2,chip_mean,treatment_0005,P09,0.7568818580614415,H1_m2_diff,1.1000340155469148,0.717536506359511,6,False,False,,,
chipmean,sentinel2,chip_mean,treatment_0005,P09,0.7568818580614415,H1_m3,1.7271204250000103,1.372321553301916,5,True,False,,,
chipmean,sentinel2,chip_mean,treatment_0005,P09,0.7568818580614415,H1_m3_diff,2.276664849408697,1.6382988460495755,5,True,False,,,
chipmean,sentinel2,chip_mean,treatment_0005,P09,0.7568818580614415,H1_m4,1.6746073391505711,1.2213592567507041,4,True,False,,,
chipmean,sentinel2,chip_mean,treatment_0005,P09,0.7568818580614415,H1_m4_diff,2.3161366686763234,1.8243137282239206,4,True,False,,,
chipmean,sentinel2,chip_mean,treatment_0006,P09,0.5069375113810298,H0_own_mean,0.5069375113810298,,0,False,False,,,
chipmean,sentinel2,chip_mean,treatment_0006,P09,0.5069375113810298,L_last_period,0.12950642771462495,,0,False,True,,,
chipmean,sentinel2,chip_mean,treatment_0006,P09,0.5069375113810298,H1_m2,1.5774013760377008,0.5238928592158285,6,False,False,,,
chipmean,sentinel2,chip_mean,treatment_0006,P09,0.5069375113810298,H1_m2_diff,0.8631698567439339,0.5429175932617967,6,False,False,,,
chipmean,sentinel2,chip_mean,treatment_0006,P09,0.5069375113810298,H1_m3,0.5532468515520627,1.3207176292405536,5,True,False,,,
chipmean,sentinel2,chip_mean,treatment_0006,P09,0.5069375113810298,H1_m3_diff,0.7002496614359504,1.506715284636873,5,True,False,,,
chipmean,sentinel2,chip_mean,treatment_0006,P09,0.5069375113810298,H1_m4,0.38421784125880526,1.239022713043301,4,True,True,,,
chipmean,sentinel2,chip_mean,treatment_0006,P09,0.5069375113810298,H1_m4_diff,0.5194611154755797,1.8671493142541227,4,True,False,,,
chipmean,sentinel2,chip_mean,treatment_0007,P09,0.6910553737220734,H0_own_mean,0.6910553737220734,,0,False,False,,,
chipmean,sentinel2,chip_mean,treatment_0007,P09,0.6910553737220734,L_last_period,0.4524840896396206,,0,False,True,,,
chipmean,sentinel2,chip_mean,treatment_0007,P09,0.6910553737220734,H1_m2,0.6639083264953556,0.6721631434783496,6,True,True,,,
chipmean,sentinel2,chip_mean,treatment_0007,P09,0.6910553737220734,H1_m2_diff,0.45649452631233006,1.1452839552754286,6,True,True,,,
chipmean,sentinel2,chip_mean,treatment_0007,P09,0.6910553737220734,H1_m3,1.087581828760872,0.7743135864005324,5,True,False,,,
chipmean,sentinel2,chip_mean,treatment_0007,P09,0.6910553737220734,H1_m3_diff,0.8726370604566681,1.1413921205281081,5,True,False,,,
chipmean,sentinel2,chip_mean,treatment_0007,P09,0.6910553737220734,H1_m4,0.2580840670966885,0.8542015178186376,4,True,True,,,
chipmean,sentinel2,chip_mean,treatment_0007,P09,0.6910553737220734,H1_m4_diff,0.1843315416340762,1.0961030012049635,4,True,True,,,
chipmean,sentinel2,chip_mean,treatment_0008,P09,0.552039669706479,H0_own_mean,0.552039669706479,,0,False,False,,,
chipmean,sentinel2,chip_mean,treatment_0008,P09,0.552039669706479,L_last_period,0.41225902441102574,,0,False,True,,,
chipmean,sentinel2,chip_mean,treatment_0008,P09,0.552039669706479,H1_m2,1.1405028068159384,0.7020568318510537,6,False,False,,,
chipmean,sentinel2,chip_mean,treatment_0008,P09,0.552039669706479,H1_m2_diff,1.6528318876854737,0.12755620509124688,6,False,False,,,
chipmean,sentinel2,chip_mean,treatment_0008,P09,0.552039669706479,H1_m3,0.3412431231823233,1.478512074338118,5,True,True,,,
chipmean,sentinel2,chip_mean,treatment_0008,P09,0.552039669706479,H1_m3_diff,1.0916659591649949,1.5247182280430303,5,True,False,,,
chipmean,sentinel2,chip_mean,treatment_0008,P09,0.552039669706479,H1_m4,0.5571558037612209,1.3676621278788155,4,True,False,,,
chipmean,sentinel2,chip_mean,treatment_0008,P09,0.552039669706479,H1_m4_diff,0.6941675352914983,1.90114882378505,4,True,False,,,
chipmean,sentinel2,chip_mean,treatment_0009,P09,0.5375520659432215,H0_own_mean,0.5375520659432215,,0,False,False,,,
chipmean,sentinel2,chip_mean,treatment_0009,P09,0.5375520659432215,L_last_period,0.3011497496875082,,0,False,True,,,
chipmean,sentinel2,chip_mean,treatment_0009,P09,0.5375520659432215,H1_m2,0.8148684306112232,0.5156281468792858,6,False,False,,,
chipmean,sentinel2,chip_mean,treatment_0009,P09,0.5375520659432215,H1_m2_diff,0.4853707306162533,0.0966242414014358,6,False,True,,,
chipmean,sentinel2,chip_mean,treatment_0009,P09,0.5375520659432215,H1_m3,0.6369276879439761,1.001975271387512,5,True,False,,,
chipmean,sentinel2,chip_mean,treatment_0009,P09,0.5375520659432215,H1_m3_diff,0.9066223429490554,0.8478014372275531,5,True,False,,,
chipmean,sentinel2,chip_mean,treatment_0009,P09,0.5375520659432215,H1_m4,0.7074615150828034,0.9242828005333396,4,True,False,,,
chipmean,sentinel2,chip_mean,treatment_0009,P09,0.5375520659432215,H1_m4_diff,1.1479280877271576,1.1302696950221898,4,True,False,,,
chipmean,sentinel2,chip_mean,treatment_0010,P09,2.136453333298418,H0_own_mean,2.136453333298418,,0,False,False,,,
chipmean,sentinel2,chip_mean,treatment_0010,P09,2.136453333298418,L_last_period,1.6439686182943385,,0,False,True,,,
chipmean,sentinel2,chip_mean,treatment_0010,P09,2.136453333298418,H1_m2,1.9391574973665706,0.4964320064623024,6,False,True,,,
chipmean,sentinel2,chip_mean,treatment_0010,P09,2.136453333298418,H1_m2_diff,1.593616247691819,0.2934147617417884,6,False,True,,,
chipmean,sentinel2,chip_mean,treatment_0010,P09,2.136453333298418,H1_m3,1.763485133695321,0.8303533738630481,5,False,True,,,
chipmean,sentinel2,chip_mean,treatment_0010,P09,2.136453333298418,H1_m3_diff,2.066328020475566,1.003961097998421,5,False,True,,,
chipmean,sentinel2,chip_mean,treatment_0010,P09,2.136453333298418,H1_m4,1.6857417839529252,0.7759527497782484,4,False,True,,,
chipmean,sentinel2,chip_mean,treatment_0010,P09,2.136453333298418,H1_m4_diff,1.5459139241468598,1.1030830579233837,4,True,True,,,
chipmean,sentinel2,chip_mean,treatment_0001,P10,0.5783862105871703,H0_own_mean,0.5783862105871703,,0,False,False,,,
chipmean,sentinel2,chip_mean,treatment_0001,P10,0.5783862105871703,L_last_period,0.8707068162719585,,0,False,False,,,
chipmean,sentinel2,chip_mean,treatment_0001,P10,0.5783862105871703,H1_m2,0.8188466808116945,0.42142870828306983,7,False,False,,,
chipmean,sentinel2,chip_mean,treatment_0001,P10,0.5783862105871703,H1_m2_diff,1.1227893140318292,0.4607906867015928,7,False,False,,,
chipmean,sentinel2,chip_mean,treatment_0001,P10,0.5783862105871703,H1_m3,0.7925957124790355,0.99811981084747,6,True,False,,,
chipmean,sentinel2,chip_mean,treatment_0001,P10,0.5783862105871703,H1_m3_diff,0.8256819108925523,0.5285990946388178,6,False,False,,,
chipmean,sentinel2,chip_mean,treatment_0001,P10,0.5783862105871703,H1_m4,0.4345119658558058,1.070616238716626,5,True,True,,,
chipmean,sentinel2,chip_mean,treatment_0001,P10,0.5783862105871703,H1_m4_diff,1.7010824927252002,1.170314418209388,5,True,False,,,
chipmean,sentinel2,chip_mean,treatment_0002,P10,1.1305797072378,H0_own_mean,1.1305797072378,,0,False,False,,,
chipmean,sentinel2,chip_mean,treatment_0002,P10,1.1305797072378,L_last_period,1.0431217627053753,,0,False,True,,,
chipmean,sentinel2,chip_mean,treatment_0002,P10,1.1305797072378,H1_m2,1.4949052836058103,0.538067470273827,7,False,False,,,
chipmean,sentinel2,chip_mean,treatment_0002,P10,1.1305797072378,H1_m2_diff,1.0481437697513658,0.45788977664056474,7,False,True,,,
chipmean,sentinel2,chip_mean,treatment_0002,P10,1.1305797072378,H1_m3,1.4569224107382146,0.497771461338244,6,False,False,,,
chipmean,sentinel2,chip_mean,treatment_0002,P10,1.1305797072378,H1_m3_diff,1.495669015604334,0.6609988028433578,6,False,False,,,
chipmean,sentinel2,chip_mean,treatment_0002,P10,1.1305797072378,H1_m4,1.5329905475259384,0.44884884562551075,5,False,False,,,
chipmean,sentinel2,chip_mean,treatment_0002,P10,1.1305797072378,H1_m4_diff,1.5052785882348936,0.5704849681501685,5,False,False,,,
chipmean,sentinel2,chip_mean,treatment_0003,P10,1.0563467734065954,H0_own_mean,1.0563467734065954,,0,False,False,,,
chipmean,sentinel2,chip_mean,treatment_0003,P10,1.0563467734065954,L_last_period,0.4346488779360972,,0,False,True,,,
chipmean,sentinel2,chip_mean,treatment_0003,P10,1.0563467734065954,H1_m2,1.4907986342885318,0.3171350336034473,7,False,False,,,
chipmean,sentinel2,chip_mean,treatment_0003,P10,1.0563467734065954,H1_m2_diff,1.336891690922711,0.428760333730955,7,False,False,,,
chipmean,sentinel2,chip_mean,treatment_0003,P10,1.0563467734065954,H1_m3,0.6850932298374376,0.5287578203759884,6,True,True,,,
chipmean,sentinel2,chip_mean,treatment_0003,P10,1.0563467734065954,H1_m3_diff,0.9355958908221914,0.5202483042828709,6,False,True,,,
chipmean,sentinel2,chip_mean,treatment_0003,P10,1.0563467734065954,H1_m4,0.9796963330275392,0.5854975096486121,5,False,True,,,
chipmean,sentinel2,chip_mean,treatment_0003,P10,1.0563467734065954,H1_m4_diff,0.31454758119432474,0.5858104247829663,5,True,True,,,
chipmean,sentinel2,chip_mean,treatment_0004,P10,0.5624748470265789,H0_own_mean,0.5624748470265789,,0,False,False,,,
chipmean,sentinel2,chip_mean,treatment_0004,P10,0.5624748470265789,L_last_period,0.9639980562375589,,0,False,False,,,
chipmean,sentinel2,chip_mean,treatment_0004,P10,0.5624748470265789,H1_m2,0.8788588102163879,0.6542711759872871,7,True,False,,,
chipmean,sentinel2,chip_mean,treatment_0004,P10,0.5624748470265789,H1_m2_diff,1.3696449360240963,0.8020268847202632,7,False,False,,,
chipmean,sentinel2,chip_mean,treatment_0004,P10,0.5624748470265789,H1_m3,0.7785796438902003,0.6052644542168889,6,True,False,,,
chipmean,sentinel2,chip_mean,treatment_0004,P10,0.5624748470265789,H1_m3_diff,1.2878753250364943,0.61981956569265,6,False,False,,,
chipmean,sentinel2,chip_mean,treatment_0004,P10,0.5624748470265789,H1_m4,0.5767746674373826,1.3529206368800493,5,True,False,,,
chipmean,sentinel2,chip_mean,treatment_0004,P10,0.5624748470265789,H1_m4_diff,0.9296569292709485,1.4572755301451337,5,True,False,,,
chipmean,sentinel2,chip_mean,treatment_0005,P10,0.7625504022439338,H0_own_mean,0.7625504022439338,,0,False,False,,,
chipmean,sentinel2,chip_mean,treatment_0005,P10,0.7625504022439338,L_last_period,1.4062586363824645,,0,False,False,,,
chipmean,sentinel2,chip_mean,treatment_0005,P10,0.7625504022439338,H1_m2,0.7494502695151156,0.45545617654831777,7,False,True,,,
chipmean,sentinel2,chip_mean,treatment_0005,P10,0.7625504022439338,H1_m2_diff,2.3122642144584042,0.5602788245511328,7,False,False,,,
chipmean,sentinel2,chip_mean,treatment_0005,P10,0.7625504022439338,H1_m3,0.7150735780872298,0.9168147970533701,6,True,True,,,
chipmean,sentinel2,chip_mean,treatment_0005,P10,0.7625504022439338,H1_m3_diff,2.128872406433771,0.8020351502151644,6,False,False,,,
chipmean,sentinel2,chip_mean,treatment_0005,P10,0.7625504022439338,H1_m4,0.8155359647823444,1.3742626534684854,5,True,False,,,
chipmean,sentinel2,chip_mean,treatment_0005,P10,0.7625504022439338,H1_m4_diff,1.7096050583320828,1.7649332545226355,5,True,False,,,
chipmean,sentinel2,chip_mean,treatment_0006,P10,0.9332989647189405,H0_own_mean,0.9332989647189405,,0,False,False,,,
chipmean,sentinel2,chip_mean,treatment_0006,P10,0.9332989647189405,L_last_period,0.5483842557991266,,0,False,True,,,
chipmean,sentinel2,chip_mean,treatment_0006,P10,0.9332989647189405,H1_m2,1.8291521870875347,0.5280210623117072,7,False,False,,,
chipmean,sentinel2,chip_mean,treatment_0006,P10,0.9332989647189405,H1_m2_diff,0.4224104094209309,0.03192852720900621,7,False,True,,,
chipmean,sentinel2,chip_mean,treatment_0006,P10,0.9332989647189405,H1_m3,0.7928604916232072,0.6161395897437694,6,True,True,,,
chipmean,sentinel2,chip_mean,treatment_0006,P10,0.9332989647189405,H1_m3_diff,0.3531764959890782,0.588555768193517,6,True,True,,,
chipmean,sentinel2,chip_mean,treatment_0006,P10,0.9332989647189405,H1_m4,0.6653623801953528,1.2045591452288007,5,True,True,,,
chipmean,sentinel2,chip_mean,treatment_0006,P10,0.9332989647189405,H1_m4_diff,0.3214591394337808,1.325170978842649,5,True,True,,,
chipmean,sentinel2,chip_mean,treatment_0007,P10,1.1105828605654366,H0_own_mean,1.1105828605654366,,0,False,False,,,
chipmean,sentinel2,chip_mean,treatment_0007,P10,1.1105828605654366,L_last_period,0.5901372401626308,,0,False,True,,,
chipmean,sentinel2,chip_mean,treatment_0007,P10,1.1105828605654366,H1_m2,1.7340430779665348,0.6840551872375629,7,False,False,,,
chipmean,sentinel2,chip_mean,treatment_0007,P10,1.1105828605654366,H1_m2_diff,0.21949263853382422,0.04565912664945524,7,False,True,,,
chipmean,sentinel2,chip_mean,treatment_0007,P10,1.1105828605654366,H1_m3,1.7239462280235336,0.6720222303831642,6,False,False,,,
chipmean,sentinel2,chip_mean,treatment_0007,P10,1.1105828605654366,H1_m3_diff,1.2840244416245328,0.8661795407013424,6,True,False,,,
chipmean,sentinel2,chip_mean,treatment_0007,P10,1.1105828605654366,H1_m4,0.5458908764634546,0.7644417129597126,5,True,True,,,
chipmean,sentinel2,chip_mean,treatment_0007,P10,1.1105828605654366,H1_m4_diff,0.7976356646395564,1.050360746469134,5,True,True,,,
chipmean,sentinel2,chip_mean,treatment_0008,P10,0.6922208637629296,H0_own_mean,0.6922208637629296,,0,False,False,,,
chipmean,sentinel2,chip_mean,treatment_0008,P10,0.6922208637629296,L_last_period,0.4046114839216335,,0,False,True,,,
chipmean,sentinel2,chip_mean,treatment_0008,P10,0.6922208637629296,H1_m2,0.44402152904906744,0.4255954236756051,7,True,True,,,
chipmean,sentinel2,chip_mean,treatment_0008,P10,0.6922208637629296,H1_m2_diff,1.2782866192054463,0.2251165473889583,7,False,False,,,
chipmean,sentinel2,chip_mean,treatment_0008,P10,0.6922208637629296,H1_m3,0.6074431235308687,0.6833791594775824,6,True,True,,,
chipmean,sentinel2,chip_mean,treatment_0008,P10,0.6922208637629296,H1_m3_diff,0.763140297575826,0.4292778661360289,6,False,False,,,
chipmean,sentinel2,chip_mean,treatment_0008,P10,0.6922208637629296,H1_m4,0.4893587795176749,1.2984743289862517,5,True,True,,,
chipmean,sentinel2,chip_mean,treatment_0008,P10,0.6922208637629296,H1_m4_diff,0.30729228841265793,1.3784450468150198,5,True,True,,,
chipmean,sentinel2,chip_mean,treatment_0009,P10,0.6426293279725308,H0_own_mean,0.6426293279725308,,0,False,False,,,
chipmean,sentinel2,chip_mean,treatment_0009,P10,0.6426293279725308,L_last_period,0.40273954726535954,,0,False,True,,,
chipmean,sentinel2,chip_mean,treatment_0009,P10,0.6426293279725308,H1_m2,0.41597131039238444,0.2913208509505792,7,True,True,,,
chipmean,sentinel2,chip_mean,treatment_0009,P10,0.6426293279725308,H1_m2_diff,1.3023418450719104,0.1506888747109496,7,False,False,,,
chipmean,sentinel2,chip_mean,treatment_0009,P10,0.6426293279725308,H1_m3,0.4090074888223449,0.4953445455733361,6,True,True,,,
chipmean,sentinel2,chip_mean,treatment_0009,P10,0.6426293279725308,H1_m3_diff,0.6178709524653868,0.2735715883352169,6,False,True,,,
chipmean,sentinel2,chip_mean,treatment_0009,P10,0.6426293279725308,H1_m4,0.4660482333071718,0.9146482931222275,5,True,True,,,
chipmean,sentinel2,chip_mean,treatment_0009,P10,0.6426293279725308,H1_m4_diff,0.6543057819773741,0.8265253867221402,5,True,False,,,
chipmean,sentinel2,chip_mean,treatment_0010,P10,0.43283087602649606,H0_own_mean,0.43283087602649606,,0,False,False,,,
chipmean,sentinel2,chip_mean,treatment_0010,P10,0.43283087602649606,L_last_period,1.6616412279497426,,0,False,False,,,
chipmean,sentinel2,chip_mean,treatment_0010,P10,0.43283087602649606,H1_m2,1.6616412279497401,1.2248331698766501,7,True,False,,,
chipmean,sentinel2,chip_mean,treatment_0010,P10,0.43283087602649606,H1_m2_diff,2.9813830143816755,1.401020560063196,7,False,False,,,
chipmean,sentinel2,chip_mean,treatment_0010,P10,0.43283087602649606,H1_m3,1.2106706197670052,1.1390164768896303,6,True,False,,,
chipmean,sentinel2,chip_mean,treatment_0010,P10,0.43283087602649606,H1_m3_diff,2.4669696521463997,1.0492051094169537,6,False,False,,,
chipmean,sentinel2,chip_mean,treatment_0010,P10,0.43283087602649606,H1_m4,1.5471521248104871,1.1214161538674203,5,True,False,,,
chipmean,sentinel2,chip_mean,treatment_0010,P10,0.43283087602649606,H1_m4_diff,2.2092981429205945,1.2800537933622906,5,False,False,,,
chipmean,sentinel2,gram,treatment_0001,P09,0.7001984601003741,H0_own_mean,0.7001984601003741,,0,False,False,,,
chipmean,sentinel2,gram,treatment_0001,P09,0.7001984601003741,L_last_period,0.6330979160156415,,0,False,True,,,
chipmean,sentinel2,gram,treatment_0001,P09,0.7001984601003741,H1_m2,2.069278919795393,0.8135482680926724,6,False,False,,,
chipmean,sentinel2,gram,treatment_0001,P09,0.7001984601003741,H1_m2_diff,0.6111913902539263,0.5011450621243745,6,True,True,,,
chipmean,sentinel2,gram,treatment_0001,P09,0.7001984601003741,H1_m3,1.9650172030845747,0.8476767430820802,5,False,False,,,
chipmean,sentinel2,gram,treatment_0001,P09,0.7001984601003741,H1_m3_diff,1.4114852973643628,1.191119838961317,5,True,False,,,
chipmean,sentinel2,gram,treatment_0001,P09,0.7001984601003741,H1_m4,1.9328953101586923,0.765347823925174,4,False,False,,,
chipmean,sentinel2,gram,treatment_0001,P09,0.7001984601003741,H1_m4_diff,1.4616739392219185,0.9891485266735336,4,True,False,,,
chipmean,sentinel2,gram,treatment_0002,P09,0.4479044767213184,H0_own_mean,0.4479044767213184,,0,False,False,,,
chipmean,sentinel2,gram,treatment_0002,P09,0.4479044767213184,L_last_period,0.8715478279825952,,0,False,False,,,
chipmean,sentinel2,gram,treatment_0002,P09,0.4479044767213184,H1_m2,0.6836875345721035,0.7045821831851934,6,True,False,,,
chipmean,sentinel2,gram,treatment_0002,P09,0.4479044767213184,H1_m2_diff,0.6518774193452848,1.0308775177234957,6,True,False,,,
chipmean,sentinel2,gram,treatment_0002,P09,0.4479044767213184,H1_m3,0.7311894607056528,0.5987070473806628,5,True,False,,,
chipmean,sentinel2,gram,treatment_0002,P09,0.4479044767213184,H1_m3_diff,0.8897906279262602,0.757483058624456,5,True,False,,,
chipmean,sentinel2,gram,treatment_0002,P09,0.4479044767213184,H1_m4,0.589463991199533,0.8458774075734008,4,True,False,,,
chipmean,sentinel2,gram,treatment_0002,P09,0.4479044767213184,H1_m4_diff,1.0834378535867841,0.953959459409932,4,True,False,,,
chipmean,sentinel2,gram,treatment_0003,P09,1.035990015783273,H0_own_mean,1.035990015783273,,0,False,False,,,
chipmean,sentinel2,gram,treatment_0003,P09,1.035990015783273,L_last_period,1.1560909275802247,,0,False,False,,,
chipmean,sentinel2,gram,treatment_0003,P09,1.035990015783273,H1_m2,1.1951340609850145,0.22642518330827535,6,False,False,,,
chipmean,sentinel2,gram,treatment_0003,P09,1.035990015783273,H1_m2_diff,2.047585094310966,0.06788425584508644,6,False,False,,,
chipmean,sentinel2,gram,treatment_0003,P09,1.035990015783273,H1_m3,0.9896359099372515,0.479448276137222,5,False,True,,,
chipmean,sentinel2,gram,treatment_0003,P09,1.035990015783273,H1_m3_diff,1.02226355736687,0.33971557637083327,5,False,True,,,
chipmean,sentinel2,gram,treatment_0003,P09,1.035990015783273,H1_m4,0.9866350022493459,0.566342384971919,4,False,True,,,
chipmean,sentinel2,gram,treatment_0003,P09,1.035990015783273,H1_m4_diff,1.2892420800319293,0.7575646171091391,4,False,False,,,
chipmean,sentinel2,gram,treatment_0004,P09,0.7820325923151733,H0_own_mean,0.7820325923151733,,0,False,False,,,
chipmean,sentinel2,gram,treatment_0004,P09,0.7820325923151733,L_last_period,0.9620114597934377,,0,False,False,,,
chipmean,sentinel2,gram,treatment_0004,P09,0.7820325923151733,H1_m2,0.9094869764985299,0.3179637857340958,6,False,False,,,
chipmean,sentinel2,gram,treatment_0004,P09,0.7820325923151733,H1_m2_diff,0.9253589945467864,0.1170808328877265,6,False,False,,,
chipmean,sentinel2,gram,treatment_0004,P09,0.7820325923151733,H1_m3,0.9303833402509858,1.359415452473127,5,True,False,,,
chipmean,sentinel2,gram,treatment_0004,P09,0.7820325923151733,H1_m3_diff,1.69235417634054,1.5057126871110351,5,True,False,,,
chipmean,sentinel2,gram,treatment_0004,P09,0.7820325923151733,H1_m4,0.8143446962046613,1.3556278664586925,4,True,False,,,
chipmean,sentinel2,gram,treatment_0004,P09,0.7820325923151733,H1_m4_diff,1.6009495938792004,1.9078485027658088,4,True,False,,,
chipmean,sentinel2,gram,treatment_0005,P09,0.7292396407088995,H0_own_mean,0.7292396407088995,,0,False,False,,,
chipmean,sentinel2,gram,treatment_0005,P09,0.7292396407088995,L_last_period,1.5197413762168912,,0,False,False,,,
chipmean,sentinel2,gram,treatment_0005,P09,0.7292396407088995,H1_m2,1.585650673418035,0.9715207154725725,6,False,False,,,
chipmean,sentinel2,gram,treatment_0005,P09,0.7292396407088995,H1_m2_diff,1.3332479297380406,0.9210125914584836,6,True,False,,,
chipmean,sentinel2,gram,treatment_0005,P09,0.7292396407088995,H1_m3,1.8205670942146597,1.3811218870765785,5,True,False,,,
chipmean,sentinel2,gram,treatment_0005,P09,0.7292396407088995,H1_m3_diff,2.294815154075032,1.903075635682639,5,True,False,,,
chipmean,sentinel2,gram,treatment_0005,P09,0.7292396407088995,H1_m4,1.777671070258026,1.2311774979692898,4,True,False,,,
chipmean,sentinel2,gram,treatment_0005,P09,0.7292396407088995,H1_m4_diff,2.2901444625952547,1.8994267105880516,4,True,False,,,
chipmean,sentinel2,gram,treatment_0006,P09,0.6489762982684729,H0_own_mean,0.6489762982684729,,0,False,False,,,
chipmean,sentinel2,gram,treatment_0006,P09,0.6489762982684729,L_last_period,0.14637097851248243,,0,False,True,,,
chipmean,sentinel2,gram,treatment_0006,P09,0.6489762982684729,H1_m2,1.9797849004249453,0.47612049943092555,6,False,False,,,
chipmean,sentinel2,gram,treatment_0006,P09,0.6489762982684729,H1_m2_diff,0.9539444198180793,0.7081661517923958,6,True,False,,,
chipmean,sentinel2,gram,treatment_0006,P09,0.6489762982684729,H1_m3,1.2953989109369974,1.316808212159761,5,True,False,,,
chipmean,sentinel2,gram,treatment_0006,P09,0.6489762982684729,H1_m3_diff,1.0763306230638006,1.633579207788042,5,True,False,,,
chipmean,sentinel2,gram,treatment_0006,P09,0.6489762982684729,H1_m4,0.9839531532891778,1.1928008399287973,4,True,False,,,
chipmean,sentinel2,gram,treatment_0006,P09,0.6489762982684729,H1_m4_diff,0.8074175939447645,1.8351187308946335,4,True,False,,,
chipmean,sentinel2,gram,treatment_0007,P09,0.7975573521790528,H0_own_mean,0.7975573521790528,,0,False,False,,,
chipmean,sentinel2,gram,treatment_0007,P09,0.7975573521790528,L_last_period,0.5582937291392838,,0,False,True,,,
chipmean,sentinel2,gram,treatment_0007,P09,0.7975573521790528,H1_m2,0.7884732837787731,0.7229459660157982,6,True,True,,,
chipmean,sentinel2,gram,treatment_0007,P09,0.7975573521790528,H1_m2_diff,0.5661042171876117,1.291143662864949,6,True,True,,,
chipmean,sentinel2,gram,treatment_0007,P09,0.7975573521790528,H1_m3,1.1661988901924567,0.869221031368874,5,True,False,,,
chipmean,sentinel2,gram,treatment_0007,P09,0.7975573521790528,H1_m3_diff,0.9352901947663437,1.2345456905326013,5,True,False,,,
chipmean,sentinel2,gram,treatment_0007,P09,0.7975573521790528,H1_m4,0.3468000069367215,0.9325044841446799,4,True,True,,,
chipmean,sentinel2,gram,treatment_0007,P09,0.7975573521790528,H1_m4_diff,0.5589512879342597,1.122017171471325,4,True,True,,,
chipmean,sentinel2,gram,treatment_0008,P09,0.6147619028689453,H0_own_mean,0.6147619028689453,,0,False,False,,,
chipmean,sentinel2,gram,treatment_0008,P09,0.6147619028689453,L_last_period,0.5219317167606415,,0,False,True,,,
chipmean,sentinel2,gram,treatment_0008,P09,0.6147619028689453,H1_m2,1.2627574608068632,0.8546436632428517,6,True,False,,,
chipmean,sentinel2,gram,treatment_0008,P09,0.6147619028689453,H1_m2_diff,1.2450888868922283,0.14730160630945943,6,False,False,,,
chipmean,sentinel2,gram,treatment_0008,P09,0.6147619028689453,H1_m3,0.2930211893907671,1.4165755885290763,5,True,True,,,
chipmean,sentinel2,gram,treatment_0008,P09,0.6147619028689453,H1_m3_diff,1.0043773825342126,1.5063586605381467,5,True,False,,,
chipmean,sentinel2,gram,treatment_0008,P09,0.6147619028689453,H1_m4,0.4570172977106885,1.3012199098935544,4,True,True,,,
chipmean,sentinel2,gram,treatment_0008,P09,0.6147619028689453,H1_m4_diff,0.6572711562767237,1.7664270994513316,4,True,False,,,
chipmean,sentinel2,gram,treatment_0009,P09,0.698464341199404,H0_own_mean,0.698464341199404,,0,False,False,,,
chipmean,sentinel2,gram,treatment_0009,P09,0.698464341199404,L_last_period,0.34895566971138137,,0,False,True,,,
chipmean,sentinel2,gram,treatment_0009,P09,0.698464341199404,H1_m2,0.6096143541810337,0.7659131374822209,6,True,True,,,
chipmean,sentinel2,gram,treatment_0009,P09,0.698464341199404,H1_m2_diff,0.7062890005567073,0.1258020594233967,6,False,False,,,
chipmean,sentinel2,gram,treatment_0009,P09,0.698464341199404,H1_m3,0.6139161028531627,0.9755853180884267,5,True,True,,,
chipmean,sentinel2,gram,treatment_0009,P09,0.698464341199404,H1_m3_diff,0.8032977765297566,0.8910298942230215,5,True,False,,,
chipmean,sentinel2,gram,treatment_0009,P09,0.698464341199404,H1_m4,0.6788122938271784,0.8998245215973507,4,True,True,,,
chipmean,sentinel2,gram,treatment_0009,P09,0.698464341199404,H1_m4_diff,0.9307415763384661,1.0536353837055878,4,True,False,,,
chipmean,sentinel2,gram,treatment_0010,P09,2.2250372686616524,H0_own_mean,2.2250372686616524,,0,False,False,,,
chipmean,sentinel2,gram,treatment_0010,P09,2.2250372686616524,L_last_period,1.621842309889832,,0,False,True,,,
chipmean,sentinel2,gram,treatment_0010,P09,2.2250372686616524,H1_m2,2.0166317980834974,0.604153165487158,6,False,True,,,
chipmean,sentinel2,gram,treatment_0010,P09,2.2250372686616524,H1_m2_diff,1.602039917377973,0.2578923311712129,6,False,True,,,
chipmean,sentinel2,gram,treatment_0010,P09,2.2250372686616524,H1_m3,1.7375281964707614,0.8131198960561549,5,False,True,,,
chipmean,sentinel2,gram,treatment_0010,P09,2.2250372686616524,H1_m3_diff,1.9574849415205369,0.94663966645219,5,False,True,,,
chipmean,sentinel2,gram,treatment_0010,P09,2.2250372686616524,H1_m4,1.6552995299756985,0.748728699096674,4,False,True,,,
chipmean,sentinel2,gram,treatment_0010,P09,2.2250372686616524,H1_m4_diff,1.5302221059053642,1.003870154125918,4,False,True,,,
chipmean,sentinel2,gram,treatment_0001,P10,0.7972439337349121,H0_own_mean,0.7972439337349121,,0,False,False,,,
chipmean,sentinel2,gram,treatment_0001,P10,0.7972439337349121,L_last_period,1.0536199433764053,,0,False,False,,,
chipmean,sentinel2,gram,treatment_0001,P10,0.7972439337349121,H1_m2,1.1253152605208734,0.4263307240042396,7,False,False,,,
chipmean,sentinel2,gram,treatment_0001,P10,0.7972439337349121,H1_m2_diff,1.414221279863131,0.5244482841276482,7,False,False,,,
chipmean,sentinel2,gram,treatment_0001,P10,0.7972439337349121,H1_m3,0.9545708397840879,1.0337651783558834,6,True,False,,,
chipmean,sentinel2,gram,treatment_0001,P10,0.7972439337349121,H1_m3_diff,1.153193825366943,0.5534177585091085,6,False,False,,,
chipmean,sentinel2,gram,treatment_0001,P10,0.7972439337349121,H1_m4,0.5128231680849162,1.0706319339273822,5,True,True,,,
chipmean,sentinel2,gram,treatment_0001,P10,0.7972439337349121,H1_m4_diff,1.885073065624648,1.1561629814905492,5,False,False,,,
chipmean,sentinel2,gram,treatment_0002,P10,1.4146267354144006,H0_own_mean,1.4146267354144006,,0,False,False,,,
chipmean,sentinel2,gram,treatment_0002,P10,1.4146267354144006,L_last_period,1.21892734988994,,0,False,True,,,
chipmean,sentinel2,gram,treatment_0002,P10,1.4146267354144006,H1_m2,1.7021458661479871,0.7501348316894692,7,False,False,,,
chipmean,sentinel2,gram,treatment_0002,P10,1.4146267354144006,H1_m2_diff,1.1757300360559406,0.5483500862109056,7,False,True,,,
chipmean,sentinel2,gram,treatment_0002,P10,1.4146267354144006,H1_m3,1.642357731110669,0.6519713126620262,6,False,False,,,
chipmean,sentinel2,gram,treatment_0002,P10,1.4146267354144006,H1_m3_diff,1.7065591496478043,0.8578424548126832,6,False,False,,,
chipmean,sentinel2,gram,treatment_0002,P10,1.4146267354144006,H1_m4,1.7372473076935204,0.609843894931808,5,False,False,,,
chipmean,sentinel2,gram,treatment_0002,P10,1.4146267354144006,H1_m4_diff,1.7192100681792593,0.7353216904872724,5,False,False,,,
chipmean,sentinel2,gram,treatment_0003,P10,1.295550311049267,H0_own_mean,1.295550311049267,,0,False,False,,,
chipmean,sentinel2,gram,treatment_0003,P10,1.295550311049267,L_last_period,0.4694225172549906,,0,False,True,,,
chipmean,sentinel2,gram,treatment_0003,P10,1.295550311049267,H1_m2,1.7410099431979524,0.36502196225644756,7,False,False,,,
chipmean,sentinel2,gram,treatment_0003,P10,1.295550311049267,H1_m2_diff,1.583695067574675,0.5108650400941973,7,False,False,,,
chipmean,sentinel2,gram,treatment_0003,P10,1.295550311049267,H1_m3,1.0964087654205446,0.5766309074190218,6,False,True,,,
chipmean,sentinel2,gram,treatment_0003,P10,1.295550311049267,H1_m3_diff,0.7642531412629907,0.5330375598161525,6,True,True,,,
chipmean,sentinel2,gram,treatment_0003,P10,1.295550311049267,H1_m4,1.4547815274159717,0.6120505054225278,5,False,False,,,
chipmean,sentinel2,gram,treatment_0003,P10,1.295550311049267,H1_m4_diff,0.6309207214628985,0.5878388434998784,5,True,True,,,
chipmean,sentinel2,gram,treatment_0004,P10,0.6259101364359703,H0_own_mean,0.6259101364359703,,0,False,False,,,
chipmean,sentinel2,gram,treatment_0004,P10,0.6259101364359703,L_last_period,0.9397298007758647,,0,False,False,,,
chipmean,sentinel2,gram,treatment_0004,P10,0.6259101364359703,H1_m2,0.9821141157135297,0.6380778911701861,7,False,False,,,
chipmean,sentinel2,gram,treatment_0004,P10,0.6259101364359703,H1_m2_diff,1.3199932766155407,0.8264380282857903,7,False,False,,,
chipmean,sentinel2,gram,treatment_0004,P10,0.6259101364359703,H1_m3,0.9843554832141636,0.5745631189376197,6,False,False,,,
chipmean,sentinel2,gram,treatment_0004,P10,0.6259101364359703,H1_m3_diff,1.2078256464458301,0.6263892419293662,6,False,False,,,
chipmean,sentinel2,gram,treatment_0004,P10,0.6259101364359703,H1_m4,0.8197575729707152,1.2823737969882922,5,True,False,,,
chipmean,sentinel2,gram,treatment_0004,P10,0.6259101364359703,H1_m4_diff,1.1714163755131166,1.4368683944765126,5,True,False,,,
chipmean,sentinel2,gram,treatment_0005,P10,1.0597411514521002,H0_own_mean,1.0597411514521002,,0,False,False,,,
chipmean,sentinel2,gram,treatment_0005,P10,1.0597411514521002,L_last_period,1.6730511903558924,,0,False,False,,,
chipmean,sentinel2,gram,treatment_0005,P10,1.0597411514521002,H1_m2,1.190997507635065,0.5909119011542148,7,False,False,,,
chipmean,sentinel2,gram,treatment_0005,P10,1.0597411514521002,H1_m2_diff,2.4179696702683255,0.7003220447513524,7,False,False,,,
chipmean,sentinel2,gram,treatment_0005,P10,1.0597411514521002,H1_m3,1.1104234052434814,1.0447426854545885,6,True,False,,,
chipmean,sentinel2,gram,treatment_0005,P10,1.0597411514521002,H1_m3_diff,2.1535658184717374,0.9923103021341468,6,False,False,,,
chipmean,sentinel2,gram,treatment_0005,P10,1.0597411514521002,H1_m4,1.1157931917080284,1.3820403796336669,5,True,False,,,
chipmean,sentinel2,gram,treatment_0005,P10,1.0597411514521002,H1_m4_diff,2.2417625945971356,1.9636933740594236,5,True,False,,,
chipmean,sentinel2,gram,treatment_0006,P10,1.1138114237563033,H0_own_mean,1.1138114237563033,,0,False,False,,,
chipmean,sentinel2,gram,treatment_0006,P10,1.1138114237563033,L_last_period,0.5682163984980207,,0,False,True,,,
chipmean,sentinel2,gram,treatment_0006,P10,1.1138114237563033,H1_m2,2.331068433607342,0.49525026478210704,7,False,False,,,
chipmean,sentinel2,gram,treatment_0006,P10,1.1138114237563033,H1_m2_diff,0.46577336873520214,0.05630436111009644,7,False,True,,,
chipmean,sentinel2,gram,treatment_0006,P10,1.1138114237563033,H1_m3,1.1305807384739543,0.7192407232614735,6,False,False,,,
chipmean,sentinel2,gram,treatment_0006,P10,1.1138114237563033,H1_m3_diff,0.38058972208241404,0.6706691222253209,6,True,True,,,
chipmean,sentinel2,gram,treatment_0006,P10,1.1138114237563033,H1_m4,1.5187949551115405,1.2184979164178036,5,True,False,,,
chipmean,sentinel2,gram,treatment_0006,P10,1.1138114237563033,H1_m4_diff,0.4969108664941586,1.4170785342971928,5,True,True,,,
chipmean,sentinel2,gram,treatment_0007,P10,1.2686293084667095,H0_own_mean,1.2686293084667095,,0,False,False,,,
chipmean,sentinel2,gram,treatment_0007,P10,1.2686293084667095,L_last_period,0.6087932403031937,,0,False,True,,,
chipmean,sentinel2,gram,treatment_0007,P10,1.2686293084667095,H1_m2,1.8948883929933513,0.8050997973862414,7,False,False,,,
chipmean,sentinel2,gram,treatment_0007,P10,1.2686293084667095,H1_m2_diff,0.3008316448424562,0.09651166402289027,7,False,True,,,
chipmean,sentinel2,gram,treatment_0007,P10,1.2686293084667095,H1_m3,1.8833343740667439,0.7439844193255731,6,False,False,,,
chipmean,sentinel2,gram,treatment_0007,P10,1.2686293084667095,H1_m3_diff,1.1780135963397727,0.9698593033000094,6,True,True,,,
chipmean,sentinel2,gram,treatment_0007,P10,1.2686293084667095,H1_m4,0.6353757946554108,0.8478153504588407,5,True,True,,,
chipmean,sentinel2,gram,treatment_0007,P10,1.2686293084667095,H1_m4_diff,0.9162873503968428,1.126125910810557,5,True,True,,,
chipmean,sentinel2,gram,treatment_0008,P10,0.8660715409956434,H0_own_mean,0.8660715409956434,,0,False,False,,,
chipmean,sentinel2,gram,treatment_0008,P10,0.8660715409956434,L_last_period,0.5277040340609819,,0,False,True,,,
chipmean,sentinel2,gram,treatment_0008,P10,0.8660715409956434,H1_m2,0.5318708348221228,0.4959662129692246,7,True,True,,,
chipmean,sentinel2,gram,treatment_0008,P10,0.8660715409956434,H1_m2_diff,1.3408739671809793,0.3202910303698951,7,False,False,,,
chipmean,sentinel2,gram,treatment_0008,P10,0.8660715409956434,H1_m3,0.6879370553163816,0.8329752913920124,6,True,True,,,
chipmean,sentinel2,gram,treatment_0008,P10,0.8660715409956434,H1_m3_diff,0.703591076196447,0.47156317124938163,6,True,True,,,
chipmean,sentinel2,gram,treatment_0008,P10,0.8660715409956434,H1_m4,0.552863923191296,1.2313951887902947,5,True,True,,,
chipmean,sentinel2,gram,treatment_0008,P10,0.8660715409956434,H1_m4_diff,0.38895323580357033,1.342716980457146,5,True,True,,,
chipmean,sentinel2,gram,treatment_0009,P10,0.8233366163307179,H0_own_mean,0.8233366163307179,,0,False,False,,,
chipmean,sentinel2,gram,treatment_0009,P10,0.8233366163307179,L_last_period,0.4660773854214411,,0,False,True,,,
chipmean,sentinel2,gram,treatment_0009,P10,0.8233366163307179,H1_m2,0.4921772678461879,0.36036185267046816,7,True,True,,,
chipmean,sentinel2,gram,treatment_0009,P10,0.8233366163307179,H1_m2_diff,1.335466953866742,0.2739694498081608,7,False,False,,,
chipmean,sentinel2,gram,treatment_0009,P10,0.8233366163307179,H1_m3,0.39022560703558773,0.6730295384694684,6,True,True,,,
chipmean,sentinel2,gram,treatment_0009,P10,0.8233366163307179,H1_m3_diff,0.7544033974310806,0.3768561219181403,6,False,True,,,
chipmean,sentinel2,gram,treatment_0009,P10,0.8233366163307179,H1_m4,0.42549992735879505,0.8857126055876468,5,True,True,,,
chipmean,sentinel2,gram,treatment_0009,P10,0.8233366163307179,H1_m4_diff,0.7469525156791109,0.8279969696312666,5,True,True,,,
chipmean,sentinel2,gram,treatment_0010,P10,0.5643004412125848,H0_own_mean,0.5643004412125848,,0,False,False,,,
chipmean,sentinel2,gram,treatment_0010,P10,0.5643004412125848,L_last_period,1.5799317053480142,,0,False,False,,,
chipmean,sentinel2,gram,treatment_0010,P10,0.5643004412125848,H1_m2,1.5799317053480142,1.2067643069572496,7,True,False,,,
chipmean,sentinel2,gram,treatment_0010,P10,0.5643004412125848,H1_m2_diff,2.8890192015647775,1.3715559187548094,7,False,False,,,
chipmean,sentinel2,gram,treatment_0010,P10,0.5643004412125848,H1_m3,1.4343236897194742,1.1293674447678639,6,True,False,,,
chipmean,sentinel2,gram,treatment_0010,P10,0.5643004412125848,H1_m3_diff,2.5167815288202307,1.03538589891486,6,False,False,,,
chipmean,sentinel2,gram,treatment_0010,P10,0.5643004412125848,H1_m4,1.4951573200638382,1.0914088774241186,5,True,False,,,
chipmean,sentinel2,gram,treatment_0010,P10,0.5643004412125848,H1_m4_diff,2.1397928594912177,1.179174924419815,5,False,False,,,
histfill,sentinel1,latent980,treatment_0001,P09,0.7405479122306758,H0_own_mean,0.7405479122306758,,0,False,False,,,
histfill,sentinel1,latent980,treatment_0001,P09,0.7405479122306758,L_last_period,1.026807513158049,,0,False,False,,,
histfill,sentinel1,latent980,treatment_0001,P09,0.7405479122306758,H1_m2,0.7654480480804444,0.7647807777179131,6,True,False,,,
histfill,sentinel1,latent980,treatment_0001,P09,0.7405479122306758,H1_m2_diff,1.0595354609118424,1.0031209488621602,6,True,False,,,
histfill,sentinel1,latent980,treatment_0001,P09,0.7405479122306758,H1_m3,0.7914242941096465,0.7841440713678408,5,True,False,,,
histfill,sentinel1,latent980,treatment_0001,P09,0.7405479122306758,H1_m3_diff,1.0695158314856628,1.032169167308448,5,True,False,,,
histfill,sentinel1,latent980,treatment_0001,P09,0.7405479122306758,H1_m4,0.8093322952876594,0.7777063019566196,4,True,False,,,
histfill,sentinel1,latent980,treatment_0001,P09,0.7405479122306758,H1_m4_diff,1.0733871819177787,1.0493686342885438,4,True,False,,,
histfill,sentinel1,latent980,treatment_0002,P09,0.7285589298227204,H0_own_mean,0.7285589298227204,,0,False,False,,,
histfill,sentinel1,latent980,treatment_0002,P09,0.7285589298227204,L_last_period,0.97438394215436,,0,False,False,,,
histfill,sentinel1,latent980,treatment_0002,P09,0.7285589298227204,H1_m2,0.7582603216085982,0.7014168627973568,6,True,False,,,
histfill,sentinel1,latent980,treatment_0002,P09,0.7285589298227204,H1_m2_diff,1.0085305074507331,0.9442268498095531,6,True,False,,,
histfill,sentinel1,latent980,treatment_0002,P09,0.7285589298227204,H1_m3,0.778885959345531,0.7343661552501216,5,True,False,,,
histfill,sentinel1,latent980,treatment_0002,P09,0.7285589298227204,H1_m3_diff,1.0056094984085253,0.953364653178341,5,True,False,,,
histfill,sentinel1,latent980,treatment_0002,P09,0.7285589298227204,H1_m4,0.7872343320398298,0.7306365317128032,4,True,False,,,
histfill,sentinel1,latent980,treatment_0002,P09,0.7285589298227204,H1_m4_diff,1.0021915109621504,0.9829180999824301,4,True,False,,,
histfill,sentinel1,latent980,treatment_0003,P09,0.7488356084802665,H0_own_mean,0.7488356084802665,,0,False,False,,,
histfill,sentinel1,latent980,treatment_0003,P09,0.7488356084802665,L_last_period,0.9427479810553014,,0,False,False,,,
histfill,sentinel1,latent980,treatment_0003,P09,0.7488356084802665,H1_m2,0.7613797174906759,0.7414011292240599,6,True,False,,,
histfill,sentinel1,latent980,treatment_0003,P09,0.7488356084802665,H1_m2_diff,0.9600495134627755,0.9831164903850671,6,True,False,,,
histfill,sentinel1,latent980,treatment_0003,P09,0.7488356084802665,H1_m3,0.7755347678823958,0.7792111941272017,5,True,False,,,
histfill,sentinel1,latent980,treatment_0003,P09,0.7488356084802665,H1_m3_diff,0.9718864228047099,1.0204536594612477,5,True,False,,,
histfill,sentinel1,latent980,treatment_0003,P09,0.7488356084802665,H1_m4,0.7919965276827635,0.7932152586911303,4,True,False,,,
histfill,sentinel1,latent980,treatment_0003,P09,0.7488356084802665,H1_m4_diff,0.9786910637813787,1.056870232851209,4,True,False,,,
histfill,sentinel1,latent980,treatment_0004,P09,0.6522762410655776,H0_own_mean,0.6522762410655776,,0,False,False,,,
histfill,sentinel1,latent980,treatment_0004,P09,0.6522762410655776,L_last_period,0.7699268575767494,,0,False,False,,,
histfill,sentinel1,latent980,treatment_0004,P09,0.6522762410655776,H1_m2,0.6596007208035369,0.6630261444345819,6,True,False,,,
histfill,sentinel1,latent980,treatment_0004,P09,0.6522762410655776,H1_m2_diff,0.7874789568986245,0.86938861793976,6,True,False,,,
histfill,sentinel1,latent980,treatment_0004,P09,0.6522762410655776,H1_m3,0.6610728404942805,0.7174535142809773,5,True,False,,,
histfill,sentinel1,latent980,treatment_0004,P09,0.6522762410655776,H1_m3_diff,0.7945677566222251,0.9137095348695197,5,True,False,,,
histfill,sentinel1,latent980,treatment_0004,P09,0.6522762410655776,H1_m4,0.6683527900576928,0.7367723041473134,4,True,False,,,
histfill,sentinel1,latent980,treatment_0004,P09,0.6522762410655776,H1_m4_diff,0.8045848335222892,0.9798820819284932,4,True,False,,,
histfill,sentinel1,latent980,treatment_0005,P09,0.6694594003706416,H0_own_mean,0.6694594003706416,,0,False,False,,,
histfill,sentinel1,latent980,treatment_0005,P09,0.6694594003706416,L_last_period,0.8498409769597725,,0,False,False,,,
histfill,sentinel1,latent980,treatment_0005,P09,0.6694594003706416,H1_m2,0.6868469380950932,0.6476785707962389,6,True,False,,,
histfill,sentinel1,latent980,treatment_0005,P09,0.6694594003706416,H1_m2_diff,0.8809999835019101,0.8035905608515928,6,True,False,,,
histfill,sentinel1,latent980,treatment_0005,P09,0.6694594003706416,H1_m3,0.6999679166747033,0.6945276754876072,5,True,False,,,
histfill,sentinel1,latent980,treatment_0005,P09,0.6694594003706416,H1_m3_diff,0.8932776847545586,0.8746436528874324,5,True,False,,,
histfill,sentinel1,latent980,treatment_0005,P09,0.6694594003706416,H1_m4,0.7104979519513036,0.7076881055128947,4,True,False,,,
histfill,sentinel1,latent980,treatment_0005,P09,0.6694594003706416,H1_m4_diff,0.902001355684709,0.9282212365596001,4,True,False,,,
histfill,sentinel1,latent980,treatment_0006,P09,0.7844007357186885,H0_own_mean,0.7844007357186885,,0,False,False,,,
histfill,sentinel1,latent980,treatment_0006,P09,0.7844007357186885,L_last_period,1.0142896073526058,,0,False,False,,,
histfill,sentinel1,latent980,treatment_0006,P09,0.7844007357186885,H1_m2,0.8114535776293731,0.7846795479299925,6,True,False,,,
histfill,sentinel1,latent980,treatment_0006,P09,0.7844007357186885,H1_m2_diff,1.0522360180618935,1.0620730298228374,6,True,False,,,
histfill,sentinel1,latent980,treatment_0006,P09,0.7844007357186885,H1_m3,0.8267698951584324,0.7937945793387873,5,True,False,,,
histfill,sentinel1,latent980,treatment_0006,P09,0.7844007357186885,H1_m3_diff,1.063074818093637,1.0506234952789157,5,True,False,,,
histfill,sentinel1,latent980,treatment_0006,P09,0.7844007357186885,H1_m4,0.8321714025622429,0.7925195439103214,4,True,False,,,
histfill,sentinel1,latent980,treatment_0006,P09,0.7844007357186885,H1_m4_diff,1.0727286815981099,1.0601282804256014,4,True,False,,,
histfill,sentinel1,latent980,treatment_0007,P09,0.589883929959075,H0_own_mean,0.589883929959075,,0,False,False,,,
histfill,sentinel1,latent980,treatment_0007,P09,0.589883929959075,L_last_period,0.7238391354464653,,0,False,False,,,
histfill,sentinel1,latent980,treatment_0007,P09,0.589883929959075,H1_m2,0.6137259144622524,0.5995434852437458,6,True,False,,,
histfill,sentinel1,latent980,treatment_0007,P09,0.589883929959075,H1_m2_diff,0.7567882452252901,0.7496104652386408,6,True,False,,,
histfill,sentinel1,latent980,treatment_0007,P09,0.589883929959075,H1_m3,0.615715823412726,0.66161195648221,5,True,False,,,
histfill,sentinel1,latent980,treatment_0007,P09,0.589883929959075,H1_m3_diff,0.7453432482934964,0.8489630499864497,5,True,False,,,
histfill,sentinel1,latent980,treatment_0007,P09,0.589883929959075,H1_m4,0.6222100788426411,0.6628338933076531,4,True,False,,,
histfill,sentinel1,latent980,treatment_0007,P09,0.589883929959075,H1_m4_diff,0.736554743532964,0.892968704294466,4,True,False,,,
histfill,sentinel1,latent980,treatment_0008,P09,0.6469887267094593,H0_own_mean,0.6469887267094593,,0,False,False,,,
histfill,sentinel1,latent980,treatment_0008,P09,0.6469887267094593,L_last_period,0.8097214933672617,,0,False,False,,,
histfill,sentinel1,latent980,treatment_0008,P09,0.6469887267094593,H1_m2,0.668041003102503,0.6442086285659508,6,True,False,,,
histfill,sentinel1,latent980,treatment_0008,P09,0.6469887267094593,H1_m2_diff,0.8474425661178148,0.8108320150698743,6,True,False,,,
histfill,sentinel1,latent980,treatment_0008,P09,0.6469887267094593,H1_m3,0.6790089311446668,0.7012131809042605,5,True,False,,,
histfill,sentinel1,latent980,treatment_0008,P09,0.6469887267094593,H1_m3_diff,0.8516567617875482,0.8941604796933526,5,True,False,,,
histfill,sentinel1,latent980,treatment_0008,P09,0.6469887267094593,H1_m4,0.6974565380507528,0.7032737220228282,4,True,False,,,
histfill,sentinel1,latent980,treatment_0008,P09,0.6469887267094593,H1_m4_diff,0.8714736597885344,0.9309306453913122,4,True,False,,,
histfill,sentinel1,latent980,treatment_0009,P09,0.66845976442502,H0_own_mean,0.66845976442502,,0,False,False,,,
histfill,sentinel1,latent980,treatment_0009,P09,0.66845976442502,L_last_period,0.8659238307762165,,0,False,False,,,
histfill,sentinel1,latent980,treatment_0009,P09,0.66845976442502,H1_m2,0.6922392649135549,0.6903970097030226,6,True,False,,,
histfill,sentinel1,latent980,treatment_0009,P09,0.66845976442502,H1_m2_diff,0.8956227416318013,0.8940172328964324,6,True,False,,,
histfill,sentinel1,latent980,treatment_0009,P09,0.66845976442502,H1_m3,0.7039219628848866,0.7314354371974426,5,True,False,,,
histfill,sentinel1,latent980,treatment_0009,P09,0.66845976442502,H1_m3_diff,0.8977537787608515,0.9313607039838937,5,True,False,,,
histfill,sentinel1,latent980,treatment_0009,P09,0.66845976442502,H1_m4,0.7195459487264988,0.7324590508033348,4,True,False,,,
histfill,sentinel1,latent980,treatment_0009,P09,0.66845976442502,H1_m4_diff,0.9026183863017273,0.9812187840127595,4,True,False,,,
histfill,sentinel1,latent980,treatment_0010,P09,0.6599268884028048,H0_own_mean,0.6599268884028048,,0,False,False,,,
histfill,sentinel1,latent980,treatment_0010,P09,0.6599268884028048,L_last_period,0.814917969559111,,0,False,False,,,
histfill,sentinel1,latent980,treatment_0010,P09,0.6599268884028048,H1_m2,0.6724779377942819,0.6679773519980683,6,True,False,,,
histfill,sentinel1,latent980,treatment_0010,P09,0.6599268884028048,H1_m2_diff,0.8378565625325175,0.8453180429140923,6,True,False,,,
histfill,sentinel1,latent980,treatment_0010,P09,0.6599268884028048,H1_m3,0.6824488969656369,0.7096283815416073,5,True,False,,,
histfill,sentinel1,latent980,treatment_0010,P09,0.6599268884028048,H1_m3_diff,0.8523010059850298,0.9158064777667217,5,True,False,,,
histfill,sentinel1,latent980,treatment_0010,P09,0.6599268884028048,H1_m4,0.69675854967485,0.7194775241033289,4,True,False,,,
histfill,sentinel1,latent980,treatment_0010,P09,0.6599268884028048,H1_m4_diff,0.8818414188626741,0.9557913679567837,4,True,False,,,
histfill,sentinel1,latent980,treatment_0001,P10,0.7269207557699362,H0_own_mean,0.7269207557699362,,0,False,False,,,
histfill,sentinel1,latent980,treatment_0001,P10,0.7269207557699362,L_last_period,0.9906039071948226,,0,False,False,,,
histfill,sentinel1,latent980,treatment_0001,P10,0.7269207557699362,H1_m2,0.7379744810435745,0.7444544459570098,7,True,False,,,
histfill,sentinel1,latent980,treatment_0001,P10,0.7269207557699362,H1_m2_diff,0.9973078438188914,1.0392647115725873,7,True,False,,,
histfill,sentinel1,latent980,treatment_0001,P10,0.7269207557699362,H1_m3,0.7502667323579553,0.7629240756285395,6,True,False,,,
histfill,sentinel1,latent980,treatment_0001,P10,0.7269207557699362,H1_m3_diff,0.9923837978575546,1.0283525788558674,6,True,False,,,
histfill,sentinel1,latent980,treatment_0001,P10,0.7269207557699362,H1_m4,0.766169619991226,0.7862522543869066,5,True,False,,,
histfill,sentinel1,latent980,treatment_0001,P10,0.7269207557699362,H1_m4_diff,1.0116092834002468,1.0446988830375854,5,True,False,,,
histfill,sentinel1,latent980,treatment_0002,P10,0.7331579190230583,H0_own_mean,0.7331579190230583,,0,False,False,,,
histfill,sentinel1,latent980,treatment_0002,P10,0.7331579190230583,L_last_period,0.9920765652727398,,0,False,False,,,
histfill,sentinel1,latent980,treatment_0002,P10,0.7331579190230583,H1_m2,0.7472966771086708,0.7228025981055872,7,True,False,,,
histfill,sentinel1,latent980,treatment_0002,P10,0.7331579190230583,H1_m2_diff,1.0062723029642582,0.9882444392975513,7,True,False,,,
histfill,sentinel1,latent980,treatment_0002,P10,0.7331579190230583,H1_m3,0.7579844750792659,0.7194592183020705,6,True,False,,,
histfill,sentinel1,latent980,treatment_0002,P10,0.7331579190230583,H1_m3_diff,1.0046950444563651,0.9722224428976219,6,True,False,,,
histfill,sentinel1,latent980,treatment_0002,P10,0.7331579190230583,H1_m4,0.7707995525640315,0.7456343010572466,5,True,False,,,
histfill,sentinel1,latent980,treatment_0002,P10,0.7331579190230583,H1_m4_diff,1.0219585832812152,0.970050439424583,5,True,False,,,
histfill,sentinel1,latent980,treatment_0003,P10,0.753285993593817,H0_own_mean,0.753285993593817,,0,False,False,,,
histfill,sentinel1,latent980,treatment_0003,P10,0.753285993593817,L_last_period,0.9907435522824309,,0,False,False,,,
histfill,sentinel1,latent980,treatment_0003,P10,0.753285993593817,H1_m2,0.7635953725649249,0.7466681941946937,7,True,False,,,
histfill,sentinel1,latent980,treatment_0003,P10,0.753285993593817,H1_m2_diff,1.0121081537235705,0.9414307473596515,7,True,False,,,
histfill,sentinel1,latent980,treatment_0003,P10,0.753285993593817,H1_m3,0.7634318035530588,0.7468346862192412,6,True,False,,,
histfill,sentinel1,latent980,treatment_0003,P10,0.753285993593817,H1_m3_diff,1.0100181722739334,0.969169438663911,6,True,False,,,
histfill,sentinel1,latent980,treatment_0003,P10,0.753285993593817,H1_m4,0.7750323110814803,0.7779605071381491,5,True,False,,,
histfill,sentinel1,latent980,treatment_0003,P10,0.753285993593817,H1_m4_diff,1.032666438464193,1.0039535279542693,5,True,False,,,
histfill,sentinel1,latent980,treatment_0004,P10,0.6462562086575866,H0_own_mean,0.6462562086575866,,0,False,False,,,
histfill,sentinel1,latent980,treatment_0004,P10,0.6462562086575866,L_last_period,0.8294878791346179,,0,False,False,,,
histfill,sentinel1,latent980,treatment_0004,P10,0.6462562086575866,H1_m2,0.6611919113915427,0.6498769281088468,7,True,False,,,
histfill,sentinel1,latent980,treatment_0004,P10,0.6462562086575866,H1_m2_diff,0.8457227153156085,0.7740339215592206,7,True,False,,,
histfill,sentinel1,latent980,treatment_0004,P10,0.6462562086575866,H1_m3,0.6654312308211594,0.6598960848851848,6,True,False,,,
histfill,sentinel1,latent980,treatment_0004,P10,0.6462562086575866,H1_m3_diff,0.8561416279461928,0.8281751052918566,6,True,False,,,
histfill,sentinel1,latent980,treatment_0004,P10,0.6462562086575866,H1_m4,0.6740800087227569,0.7031952134562446,5,True,False,,,
histfill,sentinel1,latent980,treatment_0004,P10,0.6462562086575866,H1_m4_diff,0.8553694547001074,0.8753257569963507,5,True,False,,,
histfill,sentinel1,latent980,treatment_0005,P10,0.63521889860006,H0_own_mean,0.63521889860006,,0,False,False,,,
histfill,sentinel1,latent980,treatment_0005,P10,0.63521889860006,L_last_period,0.8672258566914355,,0,False,False,,,
histfill,sentinel1,latent980,treatment_0005,P10,0.63521889860006,H1_m2,0.6454194324310846,0.6567105615663225,7,True,False,,,
histfill,sentinel1,latent980,treatment_0005,P10,0.63521889860006,H1_m2_diff,0.859529185910028,0.8653121781818794,7,True,False,,,
histfill,sentinel1,latent980,treatment_0005,P10,0.63521889860006,H1_m3,0.6404370611121587,0.6606655199258723,6,True,False,,,
histfill,sentinel1,latent980,treatment_0005,P10,0.63521889860006,H1_m3_diff,0.8749250113380904,0.842150566989598,6,True,False,,,
histfill,sentinel1,latent980,treatment_0005,P10,0.63521889860006,H1_m4,0.6476343995601992,0.6960901347620555,5,True,False,,,
histfill,sentinel1,latent980,treatment_0005,P10,0.63521889860006,H1_m4_diff,0.8894275187734152,0.8807290281414937,5,True,False,,,
histfill,sentinel1,latent980,treatment_0006,P10,0.7767372266469,H0_own_mean,0.7767372266469,,0,False,False,,,
histfill,sentinel1,latent980,treatment_0006,P10,0.7767372266469,L_last_period,1.0232826550963945,,0,False,False,,,
histfill,sentinel1,latent980,treatment_0006,P10,0.7767372266469,H1_m2,0.7779679293215935,0.7851247093655372,7,True,False,,,
histfill,sentinel1,latent980,treatment_0006,P10,0.7767372266469,H1_m2_diff,1.0331703979851499,1.0279376328087049,7,True,False,,,
histfill,sentinel1,latent980,treatment_0006,P10,0.7767372266469,H1_m3,0.7830751026655522,0.7910762400256861,6,True,False,,,
histfill,sentinel1,latent980,treatment_0006,P10,0.7767372266469,H1_m3_diff,1.0369120185437044,1.0538701771896657,6,True,False,,,
histfill,sentinel1,latent980,treatment_0006,P10,0.7767372266469,H1_m4,0.7983307673507761,0.8016415323851921,5,True,False,,,
histfill,sentinel1,latent980,treatment_0006,P10,0.7767372266469,H1_m4_diff,1.0531149539683602,1.0539839881099926,5,True,False,,,
histfill,sentinel1,latent980,treatment_0007,P10,0.5994797237897904,H0_own_mean,0.5994797237897904,,0,False,False,,,
histfill,sentinel1,latent980,treatment_0007,P10,0.5994797237897904,L_last_period,0.7785465177536169,,0,False,False,,,
histfill,sentinel1,latent980,treatment_0007,P10,0.5994797237897904,H1_m2,0.6113090664167147,0.5883913298586992,7,True,False,,,
histfill,sentinel1,latent980,treatment_0007,P10,0.5994797237897904,H1_m2_diff,0.808970951020115,0.7253629117522326,7,True,False,,,
histfill,sentinel1,latent980,treatment_0007,P10,0.5994797237897904,H1_m3,0.6180002499241016,0.6017428227751407,6,True,False,,,
histfill,sentinel1,latent980,treatment_0007,P10,0.5994797237897904,H1_m3_diff,0.8069006895757237,0.74741063288142,6,True,False,,,
histfill,sentinel1,latent980,treatment_0007,P10,0.5994797237897904,H1_m4,0.6279618394840065,0.6498217136808836,5,True,False,,,
histfill,sentinel1,latent980,treatment_0007,P10,0.5994797237897904,H1_m4_diff,0.8148009811607303,0.8153985437080754,5,True,False,,,
histfill,sentinel1,latent980,treatment_0008,P10,0.6687783827794316,H0_own_mean,0.6687783827794316,,0,False,False,,,
histfill,sentinel1,latent980,treatment_0008,P10,0.6687783827794316,L_last_period,0.8866529494873322,,0,False,False,,,
histfill,sentinel1,latent980,treatment_0008,P10,0.6687783827794316,H1_m2,0.6820918500449384,0.6294076819096321,7,True,False,,,
histfill,sentinel1,latent980,treatment_0008,P10,0.6687783827794316,H1_m2_diff,0.8984918430382066,0.8241997611662017,7,True,False,,,
histfill,sentinel1,latent980,treatment_0008,P10,0.6687783827794316,H1_m3,0.6849562450668553,0.6517373068323099,6,True,False,,,
histfill,sentinel1,latent980,treatment_0008,P10,0.6687783827794316,H1_m3_diff,0.899694162646335,0.8290940389417094,6,True,False,,,
histfill,sentinel1,latent980,treatment_0008,P10,0.6687783827794316,H1_m4,0.6967228837571189,0.6956553081642264,5,True,False,,,
histfill,sentinel1,latent980,treatment_0008,P10,0.6687783827794316,H1_m4_diff,0.907719474035019,0.8806873520434103,5,True,False,,,
histfill,sentinel1,latent980,treatment_0009,P10,0.6844538380922334,H0_own_mean,0.6844538380922334,,0,False,False,,,
histfill,sentinel1,latent980,treatment_0009,P10,0.6844538380922334,L_last_period,0.9082857419263296,,0,False,False,,,
histfill,sentinel1,latent980,treatment_0009,P10,0.6844538380922334,H1_m2,0.7037337039065513,0.6872906932254532,7,True,False,,,
histfill,sentinel1,latent980,treatment_0009,P10,0.6844538380922334,H1_m2_diff,0.9192738517994162,0.8784328268994998,7,True,False,,,
histfill,sentinel1,latent980,treatment_0009,P10,0.6844538380922334,H1_m3,0.695704258999909,0.6893077537822256,6,True,False,,,
histfill,sentinel1,latent980,treatment_0009,P10,0.6844538380922334,H1_m3_diff,0.9134097109172388,0.8925939345573347,6,True,False,,,
histfill,sentinel1,latent980,treatment_0009,P10,0.6844538380922334,H1_m4,0.7076348164888311,0.7241625615347086,5,True,False,,,
histfill,sentinel1,latent980,treatment_0009,P10,0.6844538380922334,H1_m4_diff,0.9289644593224788,0.9200166666391724,5,True,False,,,
histfill,sentinel1,latent980,treatment_0010,P10,0.6710055631733204,H0_own_mean,0.6710055631733204,,0,False,False,,,
histfill,sentinel1,latent980,treatment_0010,P10,0.6710055631733204,L_last_period,0.847656342194035,,0,False,False,,,
histfill,sentinel1,latent980,treatment_0010,P10,0.6710055631733204,H1_m2,0.6761080348189313,0.656195274394255,7,True,False,,,
histfill,sentinel1,latent980,treatment_0010,P10,0.6710055631733204,H1_m2_diff,0.8645267365767743,0.8313070888962164,7,True,False,,,
histfill,sentinel1,latent980,treatment_0010,P10,0.6710055631733204,H1_m3,0.6796048221768742,0.6688863086132191,6,True,False,,,
histfill,sentinel1,latent980,treatment_0010,P10,0.6710055631733204,H1_m3_diff,0.8711803092416706,0.8415064707865164,6,True,False,,,
histfill,sentinel1,latent980,treatment_0010,P10,0.6710055631733204,H1_m4,0.6901351356906501,0.7025373875141255,5,True,False,,,
histfill,sentinel1,latent980,treatment_0010,P10,0.6710055631733204,H1_m4_diff,0.8808663239879181,0.8950878499577914,5,True,False,,,
histfill,sentinel1,chip_mean,treatment_0001,P09,0.25014202094279764,H0_own_mean,0.25014202094279764,,0,False,False,,,
histfill,sentinel1,chip_mean,treatment_0001,P09,0.25014202094279764,L_last_period,0.4739128894731524,,0,False,False,,,
histfill,sentinel1,chip_mean,treatment_0001,P09,0.25014202094279764,H1_m2,0.42802725887462545,0.4583693445173378,6,True,False,,,
histfill,sentinel1,chip_mean,treatment_0001,P09,0.25014202094279764,H1_m2_diff,0.6768166330498132,0.7075275739741952,6,True,False,,,
histfill,sentinel1,chip_mean,treatment_0001,P09,0.25014202094279764,H1_m3,0.44175862963579765,0.5309370242312452,5,True,False,,,
histfill,sentinel1,chip_mean,treatment_0001,P09,0.25014202094279764,H1_m3_diff,0.7172023468711447,0.6558976491103594,5,True,False,,,
histfill,sentinel1,chip_mean,treatment_0001,P09,0.25014202094279764,H1_m4,0.44007890877930783,0.5943996619952174,4,True,False,,,
histfill,sentinel1,chip_mean,treatment_0001,P09,0.25014202094279764,H1_m4_diff,0.48637883338010396,0.781225968501432,4,True,False,,,
histfill,sentinel1,chip_mean,treatment_0002,P09,0.5325372324069624,H0_own_mean,0.5325372324069624,,0,False,False,,,
histfill,sentinel1,chip_mean,treatment_0002,P09,0.5325372324069624,L_last_period,0.319785314657295,,0,False,True,,,
histfill,sentinel1,chip_mean,treatment_0002,P09,0.5325372324069624,H1_m2,0.7749559798425694,0.3583227820126705,6,False,False,,,
histfill,sentinel1,chip_mean,treatment_0002,P09,0.5325372324069624,H1_m2_diff,0.20977684468834684,0.6059737309650701,6,True,True,,,
histfill,sentinel1,chip_mean,treatment_0002,P09,0.5325372324069624,H1_m3,0.7847929673827757,0.33687598584212824,5,False,False,,,
histfill,sentinel1,chip_mean,treatment_0002,P09,0.5325372324069624,H1_m3_diff,0.47574203439730567,0.5095953888966268,5,True,True,,,
histfill,sentinel1,chip_mean,treatment_0002,P09,0.5325372324069624,H1_m4,0.6305953152886717,0.5254998649240645,4,True,False,,,
histfill,sentinel1,chip_mean,treatment_0002,P09,0.5325372324069624,H1_m4_diff,0.33491207911554344,0.7339213065447255,4,True,True,,,
histfill,sentinel1,chip_mean,treatment_0003,P09,0.7390414081652132,H0_own_mean,0.7390414081652132,,0,False,False,,,
histfill,sentinel1,chip_mean,treatment_0003,P09,0.7390414081652132,L_last_period,0.46865550095417013,,0,False,True,,,
histfill,sentinel1,chip_mean,treatment_0003,P09,0.7390414081652132,H1_m2,1.039567539034018,0.5092809509560863,6,False,False,,,
histfill,sentinel1,chip_mean,treatment_0003,P09,0.7390414081652132,H1_m2_diff,0.6880285360089982,0.22821184983588505,6,False,True,,,
histfill,sentinel1,chip_mean,treatment_0003,P09,0.7390414081652132,H1_m3,1.0616212175720676,0.5006702929651863,5,False,False,,,
histfill,sentinel1,chip_mean,treatment_0003,P09,0.7390414081652132,H1_m3_diff,0.7361135699759976,0.5760110510599384,5,True,True,,,
histfill,sentinel1,chip_mean,treatment_0003,P09,0.7390414081652132,H1_m4,1.0400749010558437,0.504748463017055,4,False,False,,,
histfill,sentinel1,chip_mean,treatment_0003,P09,0.7390414081652132,H1_m4_diff,0.7772685532645468,0.561320539351872,4,True,False,,,
histfill,sentinel1,chip_mean,treatment_0004,P09,0.5600530431363682,H0_own_mean,0.5600530431363682,,0,False,False,,,
histfill,sentinel1,chip_mean,treatment_0004,P09,0.5600530431363682,L_last_period,0.6419974988138496,,0,False,False,,,
histfill,sentinel1,chip_mean,treatment_0004,P09,0.5600530431363682,H1_m2,0.8916397126638943,0.3518705442334386,6,False,False,,,
histfill,sentinel1,chip_mean,treatment_0004,P09,0.5600530431363682,H1_m2_diff,0.7573661572511653,0.5525341505490962,6,True,False,,,
histfill,sentinel1,chip_mean,treatment_0004,P09,0.5600530431363682,H1_m3,0.7319637455116023,0.38785642851422675,5,False,False,,,
histfill,sentinel1,chip_mean,treatment_0004,P09,0.5600530431363682,H1_m3_diff,0.8720514228017706,0.5433189192602896,5,False,False,,,
histfill,sentinel1,chip_mean,treatment_0004,P09,0.5600530431363682,H1_m4,0.645407167155619,0.43267779073143925,4,True,False,,,
histfill,sentinel1,chip_mean,treatment_0004,P09,0.5600530431363682,H1_m4_diff,0.8938731983474846,0.6498896557885182,4,True,False,,,
histfill,sentinel1,chip_mean,treatment_0005,P09,0.4395974450727667,H0_own_mean,0.4395974450727667,,0,False,False,,,
histfill,sentinel1,chip_mean,treatment_0005,P09,0.4395974450727667,L_last_period,0.3577496630850974,,0,False,True,,,
histfill,sentinel1,chip_mean,treatment_0005,P09,0.4395974450727667,H1_m2,0.4561299687897459,0.48114016967111833,6,True,False,,,
histfill,sentinel1,chip_mean,treatment_0005,P09,0.4395974450727667,H1_m2_diff,0.8228121822355944,0.25136924679453193,6,False,False,,,
histfill,sentinel1,chip_mean,treatment_0005,P09,0.4395974450727667,H1_m3,0.37828811776841575,0.5437636625039307,5,True,True,,,
histfill,sentinel1,chip_mean,treatment_0005,P09,0.4395974450727667,H1_m3_diff,0.5424844928326266,0.6141493865842541,5,True,False,,,
histfill,sentinel1,chip_mean,treatment_0005,P09,0.4395974450727667,H1_m4,0.3262796855350298,0.559740947800044,4,True,True,,,
histfill,sentinel1,chip_mean,treatment_0005,P09,0.4395974450727667,H1_m4_diff,0.4415978389417422,0.8059514159622485,4,True,False,,,
histfill,sentinel1,chip_mean,treatment_0006,P09,0.6910350814572658,H0_own_mean,0.6910350814572658,,0,False,False,,,
histfill,sentinel1,chip_mean,treatment_0006,P09,0.6910350814572658,L_last_period,0.9108512131283104,,0,False,False,,,
histfill,sentinel1,chip_mean,treatment_0006,P09,0.6910350814572658,H1_m2,0.7039764603587289,0.3642436577153136,6,False,False,,,
histfill,sentinel1,chip_mean,treatment_0006,P09,0.6910350814572658,H1_m2_diff,0.7611021463105315,0.31818858328136873,6,False,False,,,
histfill,sentinel1,chip_mean,treatment_0006,P09,0.6910350814572658,H1_m3,0.760379538393214,0.33033829809042264,5,False,False,,,
histfill,sentinel1,chip_mean,treatment_0006,P09,0.6910350814572658,H1_m3_diff,0.8850718586276188,0.431893533095738,5,False,False,,,
histfill,sentinel1,chip_mean,treatment_0006,P09,0.6910350814572658,H1_m4,0.7871888130108745,0.4567054035770346,4,False,False,,,
histfill,sentinel1,chip_mean,treatment_0006,P09,0.6910350814572658,H1_m4_diff,0.9055929825967184,0.5276302990541138,4,False,False,,,
histfill,sentinel1,chip_mean,treatment_0007,P09,0.8614562948039202,H0_own_mean,0.8614562948039202,,0,False,False,,,
histfill,sentinel1,chip_mean,treatment_0007,P09,0.8614562948039202,L_last_period,0.46696085198045767,,0,False,True,,,
histfill,sentinel1,chip_mean,treatment_0007,P09,0.8614562948039202,H1_m2,1.6853528579521186,0.3428105484424692,6,False,False,,,
histfill,sentinel1,chip_mean,treatment_0007,P09,0.8614562948039202,H1_m2_diff,0.520290576069384,0.08481928520992918,6,False,True,,,
histfill,sentinel1,chip_mean,treatment_0007,P09,0.8614562948039202,H1_m3,1.6853528579521189,0.4354788392449133,5,False,False,,,
histfill,sentinel1,chip_mean,treatment_0007,P09,0.8614562948039202,H1_m3_diff,1.4687154978811652,0.5869310073130845,5,False,False,,,
histfill,sentinel1,chip_mean,treatment_0007,P09,0.8614562948039202,H1_m4,1.3295074988139788,0.5515719487083833,4,False,False,,,
histfill,sentinel1,chip_mean,treatment_0007,P09,0.8614562948039202,H1_m4_diff,1.2813227283818558,0.7563312443888313,4,False,False,,,
histfill,sentinel1,chip_mean,treatment_0008,P09,0.6837102767615342,H0_own_mean,0.6837102767615342,,0,False,False,,,
histfill,sentinel1,chip_mean,treatment_0008,P09,0.6837102767615342,L_last_period,0.69774453182362,,0,False,False,,,
histfill,sentinel1,chip_mean,treatment_0008,P09,0.6837102767615342,H1_m2,0.7490583141754049,0.46266174537286964,6,False,False,,,
histfill,sentinel1,chip_mean,treatment_0008,P09,0.6837102767615342,H1_m2_diff,0.648591014532322,0.296071674208861,6,False,True,,,
histfill,sentinel1,chip_mean,treatment_0008,P09,0.6837102767615342,H1_m3,0.6323894015494733,0.47895487159422084,5,True,True,,,
histfill,sentinel1,chip_mean,treatment_0008,P09,0.6837102767615342,H1_m3_diff,0.8266610378211506,0.562558417690773,5,True,False,,,
histfill,sentinel1,chip_mean,treatment_0008,P09,0.6837102767615342,H1_m4,0.6306932418678767,0.44666678444343616,4,True,True,,,
histfill,sentinel1,chip_mean,treatment_0008,P09,0.6837102767615342,H1_m4_diff,0.8741085594403272,0.5477838986822532,4,False,False,,,
histfill,sentinel1,chip_mean,treatment_0009,P09,0.6459082016003082,H0_own_mean,0.6459082016003082,,0,False,False,,,
histfill,sentinel1,chip_mean,treatment_0009,P09,0.6459082016003082,L_last_period,0.6829370682801362,,0,False,False,,,
histfill,sentinel1,chip_mean,treatment_0009,P09,0.6459082016003082,H1_m2,0.6909906908180503,0.43730967795619113,6,False,False,,,
histfill,sentinel1,chip_mean,treatment_0009,P09,0.6459082016003082,H1_m2_diff,0.7174937685211284,0.19594260904739355,6,False,False,,,
histfill,sentinel1,chip_mean,treatment_0009,P09,0.6459082016003082,H1_m3,0.6482711503953394,0.5466892062731771,5,True,False,,,
histfill,sentinel1,chip_mean,treatment_0009,P09,0.6459082016003082,H1_m3_diff,0.6748208222900139,0.5298798287064326,5,True,False,,,
histfill,sentinel1,chip_mean,treatment_0009,P09,0.6459082016003082,H1_m4,0.6070456257576538,0.5826742675888928,4,True,True,,,
histfill,sentinel1,chip_mean,treatment_0009,P09,0.6459082016003082,H1_m4_diff,0.7922066756146381,0.6283491998155482,4,True,False,,,
histfill,sentinel1,chip_mean,treatment_0010,P09,0.6368331087441986,H0_own_mean,0.6368331087441986,,0,False,False,,,
histfill,sentinel1,chip_mean,treatment_0010,P09,0.6368331087441986,L_last_period,0.6103810866166524,,0,False,True,,,
histfill,sentinel1,chip_mean,treatment_0010,P09,0.6368331087441986,H1_m2,0.9852561294484261,0.4086495249915543,6,False,False,,,
histfill,sentinel1,chip_mean,treatment_0010,P09,0.6368331087441986,H1_m2_diff,0.6307780104930982,0.1385690278784072,6,False,True,,,
histfill,sentinel1,chip_mean,treatment_0010,P09,0.6368331087441986,H1_m3,0.8478746761551555,0.4158609325737723,5,False,False,,,
histfill,sentinel1,chip_mean,treatment_0010,P09,0.6368331087441986,H1_m3_diff,0.8948078079377008,0.5416447387604247,5,False,False,,,
histfill,sentinel1,chip_mean,treatment_0010,P09,0.6368331087441986,H1_m4,0.893979275138671,0.3842480532160827,4,False,False,,,
histfill,sentinel1,chip_mean,treatment_0010,P09,0.6368331087441986,H1_m4_diff,0.881761225907659,0.47149334032701845,4,False,False,,,
histfill,sentinel1,chip_mean,treatment_0001,P10,0.34395752938649987,H0_own_mean,0.34395752938649987,,0,False,False,,,
histfill,sentinel1,chip_mean,treatment_0001,P10,0.34395752938649987,L_last_period,0.442975441496228,,0,False,False,,,
histfill,sentinel1,chip_mean,treatment_0001,P10,0.34395752938649987,H1_m2,0.4480669299681635,0.31371718158616135,7,True,False,,,
histfill,sentinel1,chip_mean,treatment_0001,P10,0.34395752938649987,H1_m2_diff,0.45938126853921485,0.4416431722560415,7,True,False,,,
histfill,sentinel1,chip_mean,treatment_0001,P10,0.34395752938649987,H1_m3,0.41417152805187557,0.4383564280902224,6,True,False,,,
histfill,sentinel1,chip_mean,treatment_0001,P10,0.34395752938649987,H1_m3_diff,0.4710056256345361,0.6719336929740811,6,True,False,,,
histfill,sentinel1,chip_mean,treatment_0001,P10,0.34395752938649987,H1_m4,0.4147805885790302,0.5111462287275904,5,True,False,,,
histfill,sentinel1,chip_mean,treatment_0001,P10,0.34395752938649987,H1_m4_diff,0.4648622238385059,0.6583274256491602,5,True,False,,,
histfill,sentinel1,chip_mean,treatment_0002,P10,0.4857789911582122,H0_own_mean,0.4857789911582122,,0,False,False,,,
histfill,sentinel1,chip_mean,treatment_0002,P10,0.4857789911582122,L_last_period,0.8084203802323398,,0,False,False,,,
histfill,sentinel1,chip_mean,treatment_0002,P10,0.4857789911582122,H1_m2,0.588880322020293,0.40170803095414076,7,True,False,,,
histfill,sentinel1,chip_mean,treatment_0002,P10,0.4857789911582122,H1_m2_diff,0.9941734567526337,0.1691615174371559,7,False,False,,,
histfill,sentinel1,chip_mean,treatment_0002,P10,0.4857789911582122,H1_m3,0.645153127691739,0.4645029048323057,6,True,False,,,
histfill,sentinel1,chip_mean,treatment_0002,P10,0.4857789911582122,H1_m3_diff,0.9536186039297703,0.4518471578357068,6,False,False,,,
histfill,sentinel1,chip_mean,treatment_0002,P10,0.4857789911582122,H1_m4,0.6548232735889112,0.4687565932436522,5,True,False,,,
histfill,sentinel1,chip_mean,treatment_0002,P10,0.4857789911582122,H1_m4_diff,1.1296184203120208,0.48443954732603073,5,False,False,,,
histfill,sentinel1,chip_mean,treatment_0003,P10,0.5581863496069642,H0_own_mean,0.5581863496069642,,0,False,False,,,
histfill,sentinel1,chip_mean,treatment_0003,P10,0.5581863496069642,L_last_period,0.3661804323602013,,0,False,True,,,
histfill,sentinel1,chip_mean,treatment_0003,P10,0.5581863496069642,H1_m2,0.3613312581934705,0.37625668237406423,7,True,True,,,
histfill,sentinel1,chip_mean,treatment_0003,P10,0.5581863496069642,H1_m2_diff,0.5872737778679223,0.22488164064935157,7,False,False,,,
histfill,sentinel1,chip_mean,treatment_0003,P10,0.5581863496069642,H1_m3,0.14714548845047568,0.6108271627553322,6,True,True,,,
histfill,sentinel1,chip_mean,treatment_0003,P10,0.5581863496069642,H1_m3_diff,0.5423264663408884,0.33674639526427813,6,False,True,,,
histfill,sentinel1,chip_mean,treatment_0003,P10,0.5581863496069642,H1_m4,0.22795960981764074,0.6136652961806248,5,True,True,,,
histfill,sentinel1,chip_mean,treatment_0003,P10,0.5581863496069642,H1_m4_diff,0.6541184521434846,0.5923792444708045,5,True,False,,,
histfill,sentinel1,chip_mean,treatment_0004,P10,0.6502501017213436,H0_own_mean,0.6502501017213436,,0,False,False,,,
histfill,sentinel1,chip_mean,treatment_0004,P10,0.6502501017213436,L_last_period,0.870858041440811,,0,False,False,,,
histfill,sentinel1,chip_mean,treatment_0004,P10,0.6502501017213436,H1_m2,0.8315138525154886,0.48369149464336686,7,False,False,,,
histfill,sentinel1,chip_mean,treatment_0004,P10,0.6502501017213436,H1_m2_diff,0.9569433513038941,0.48081133478658816,7,False,False,,,
histfill,sentinel1,chip_mean,treatment_0004,P10,0.6502501017213436,H1_m3,0.7034733376149974,0.4810927324448093,6,True,False,,,
histfill,sentinel1,chip_mean,treatment_0004,P10,0.6502501017213436,H1_m3_diff,0.9977051650342561,0.5914536800719778,6,False,False,,,
histfill,sentinel1,chip_mean,treatment_0004,P10,0.6502501017213436,H1_m4,0.7544116854535089,0.47287159552281993,5,False,False,,,
histfill,sentinel1,chip_mean,treatment_0004,P10,0.6502501017213436,H1_m4_diff,0.945088542719089,0.606047963825764,5,False,False,,,
histfill,sentinel1,chip_mean,treatment_0005,P10,0.7484576440386346,H0_own_mean,0.7484576440386346,,0,False,False,,,
histfill,sentinel1,chip_mean,treatment_0005,P10,0.7484576440386346,L_last_period,0.505790800667404,,0,False,True,,,
histfill,sentinel1,chip_mean,treatment_0005,P10,0.7484576440386346,H1_m2,0.6785820089480901,0.30083235207829334,7,False,True,,,
histfill,sentinel1,chip_mean,treatment_0005,P10,0.7484576440386346,H1_m2_diff,0.4237375830936036,0.26906432489335813,7,False,True,,,
histfill,sentinel1,chip_mean,treatment_0005,P10,0.7484576440386346,H1_m3,0.48832569902434825,0.4389806283213653,6,True,True,,,
histfill,sentinel1,chip_mean,treatment_0005,P10,0.7484576440386346,H1_m3_diff,0.3553730343746785,0.35353204496176704,6,True,True,,,
histfill,sentinel1,chip_mean,treatment_0005,P10,0.7484576440386346,H1_m4,0.5339959875017408,0.5046725570124773,5,True,True,,,
histfill,sentinel1,chip_mean,treatment_0005,P10,0.7484576440386346,H1_m4_diff,0.41639040137777,0.5739757573217811,5,True,True,,,
histfill,sentinel1,chip_mean,treatment_0006,P10,0.5994331789308631,H0_own_mean,0.5994331789308631,,0,False,False,,,
histfill,sentinel1,chip_mean,treatment_0006,P10,0.5994331789308631,L_last_period,0.2553148452369574,,0,False,True,,,
histfill,sentinel1,chip_mean,treatment_0006,P10,0.5994331789308631,H1_m2,0.8071729439449008,0.5029124593054417,7,False,False,,,
histfill,sentinel1,chip_mean,treatment_0006,P10,0.5994331789308631,H1_m2_diff,0.6166922600096435,0.7436364630432131,7,True,False,,,
histfill,sentinel1,chip_mean,treatment_0006,P10,0.5994331789308631,H1_m3,0.8039087404008155,0.4767720652582232,6,False,False,,,
histfill,sentinel1,chip_mean,treatment_0006,P10,0.5994331789308631,H1_m3_diff,0.5591939329901345,0.5767267600231777,6,True,True,,,
histfill,sentinel1,chip_mean,treatment_0006,P10,0.5994331789308631,H1_m4,0.7175355207563742,0.4707187675668482,5,False,False,,,
histfill,sentinel1,chip_mean,treatment_0006,P10,0.5994331789308631,H1_m4_diff,0.33127190884723584,0.6191793161664502,5,True,True,,,
histfill,sentinel1,chip_mean,treatment_0007,P10,0.7287253396604105,H0_own_mean,0.7287253396604105,,0,False,False,,,
histfill,sentinel1,chip_mean,treatment_0007,P10,0.7287253396604105,L_last_period,0.5326562342712837,,0,False,True,,,
histfill,sentinel1,chip_mean,treatment_0007,P10,0.7287253396604105,H1_m2,0.5326562342712836,0.36269970361503345,7,True,True,,,
histfill,sentinel1,chip_mean,treatment_0007,P10,0.7287253396604105,H1_m2_diff,0.7440277895827779,0.3444510837260194,7,False,False,,,
histfill,sentinel1,chip_mean,treatment_0007,P10,0.7287253396604105,H1_m3,0.4204699034573135,0.6507951992657045,6,True,True,,,
histfill,sentinel1,chip_mean,treatment_0007,P10,0.7287253396604105,H1_m3_diff,0.6028685220921095,0.29300985694066617,6,False,True,,,
histfill,sentinel1,chip_mean,treatment_0007,P10,0.7287253396604105,H1_m4,0.8288229020782844,0.7073040333594967,5,True,False,,,
histfill,sentinel1,chip_mean,treatment_0007,P10,0.7287253396604105,H1_m4_diff,0.8749540506685307,0.6928662572678913,5,True,False,,,
histfill,sentinel1,chip_mean,treatment_0008,P10,0.6151874199971502,H0_own_mean,0.6151874199971502,,0,False,False,,,
histfill,sentinel1,chip_mean,treatment_0008,P10,0.6151874199971502,L_last_period,0.575422507288647,,0,False,True,,,
histfill,sentinel1,chip_mean,treatment_0008,P10,0.6151874199971502,H1_m2,0.6386149527942008,0.4826440072908336,7,True,False,,,
histfill,sentinel1,chip_mean,treatment_0008,P10,0.6151874199971502,H1_m2_diff,0.523296240781456,0.33347377754411733,7,False,True,,,
histfill,sentinel1,chip_mean,treatment_0008,P10,0.6151874199971502,H1_m3,0.5028616014729836,0.5219317637072308,6,True,True,,,
histfill,sentinel1,chip_mean,treatment_0008,P10,0.6151874199971502,H1_m3_diff,0.5009903204625837,0.463102009864753,6,True,True,,,
histfill,sentinel1,chip_mean,treatment_0008,P10,0.6151874199971502,H1_m4,0.4085066448081723,0.5156378346425229,5,True,True,,,
histfill,sentinel1,chip_mean,treatment_0008,P10,0.6151874199971502,H1_m4_diff,0.4788074536892098,0.6036239442634981,5,True,True,,,
histfill,sentinel1,chip_mean,treatment_0009,P10,0.5489102791167443,H0_own_mean,0.5489102791167443,,0,False,False,,,
histfill,sentinel1,chip_mean,treatment_0009,P10,0.5489102791167443,L_last_period,0.3390808756189585,,0,False,True,,,
histfill,sentinel1,chip_mean,treatment_0009,P10,0.5489102791167443,H1_m2,0.4488289388830373,0.49392005921790394,7,True,True,,,
histfill,sentinel1,chip_mean,treatment_0009,P10,0.5489102791167443,H1_m2_diff,0.6518650012524725,0.6228211314818145,7,True,False,,,
histfill,sentinel1,chip_mean,treatment_0009,P10,0.5489102791167443,H1_m3,0.41238144509624125,0.5107778891156034,6,True,True,,,
histfill,sentinel1,chip_mean,treatment_0009,P10,0.5489102791167443,H1_m3_diff,0.7148525759614044,0.515947792005816,6,True,False,,,
histfill,sentinel1,chip_mean,treatment_0009,P10,0.5489102791167443,H1_m4,0.4136712936117204,0.5696346343689829,5,True,True,,,
histfill,sentinel1,chip_mean,treatment_0009,P10,0.5489102791167443,H1_m4_diff,0.5960733803985384,0.5807987196612935,5,True,False,,,
histfill,sentinel1,chip_mean,treatment_0010,P10,0.7165749424859096,H0_own_mean,0.7165749424859096,,0,False,False,,,
histfill,sentinel1,chip_mean,treatment_0010,P10,0.7165749424859096,L_last_period,0.6116267720749607,,0,False,True,,,
histfill,sentinel1,chip_mean,treatment_0010,P10,0.7165749424859096,H1_m2,0.9209389405487263,0.4063204535440396,7,False,False,,,
histfill,sentinel1,chip_mean,treatment_0010,P10,0.7165749424859096,H1_m2_diff,0.6383451122002733,0.45069837907210203,7,True,True,,,
histfill,sentinel1,chip_mean,treatment_0010,P10,0.7165749424859096,H1_m3,0.5976270976376631,0.5614116558311174,6,True,True,,,
histfill,sentinel1,chip_mean,treatment_0010,P10,0.7165749424859096,H1_m3_diff,0.6652515215513367,0.3688777342642277,6,False,True,,,
histfill,sentinel1,chip_mean,treatment_0010,P10,0.7165749424859096,H1_m4,0.6301735683396387,0.5185437189972444,5,True,True,,,
histfill,sentinel1,chip_mean,treatment_0010,P10,0.7165749424859096,H1_m4_diff,0.6304239971173967,0.6236077643270145,5,True,True,,,
histfill,sentinel1,gram,treatment_0001,P09,0.441597965105766,H0_own_mean,0.441597965105766,,0,False,False,,,
histfill,sentinel1,gram,treatment_0001,P09,0.441597965105766,L_last_period,0.6597646268591874,,0,False,False,,,
histfill,sentinel1,gram,treatment_0001,P09,0.441597965105766,H1_m2,0.5490200418858983,0.37638885011616546,6,True,False,,,
histfill,sentinel1,gram,treatment_0001,P09,0.441597965105766,H1_m2_diff,0.7282915386106187,0.49605113798779293,6,True,False,,,
histfill,sentinel1,gram,treatment_0001,P09,0.441597965105766,H1_m3,0.5706166109617377,0.517205386015571,5,True,False,,,
histfill,sentinel1,gram,treatment_0001,P09,0.441597965105766,H1_m3_diff,0.848915062714216,0.6493601764572182,5,True,False,,,
histfill,sentinel1,gram,treatment_0001,P09,0.441597965105766,H1_m4,0.5735580901512541,0.5751275046005154,4,True,False,,,
histfill,sentinel1,gram,treatment_0001,P09,0.441597965105766,H1_m4_diff,0.6756076050027292,0.6979415337163409,4,True,False,,,
histfill,sentinel1,gram,treatment_0002,P09,0.694044562258131,H0_own_mean,0.694044562258131,,0,False,False,,,
histfill,sentinel1,gram,treatment_0002,P09,0.694044562258131,L_last_period,0.5464051965467948,,0,False,True,,,
histfill,sentinel1,gram,treatment_0002,P09,0.694044562258131,H1_m2,1.0827694160075143,0.39308952770660177,6,False,False,,,
histfill,sentinel1,gram,treatment_0002,P09,0.694044562258131,H1_m2_diff,0.42631059851639375,0.670499220603258,6,True,True,,,
histfill,sentinel1,gram,treatment_0002,P09,0.694044562258131,H1_m3,1.0240360756821756,0.40865556610657655,5,False,False,,,
histfill,sentinel1,gram,treatment_0002,P09,0.694044562258131,H1_m3_diff,0.8436278075928271,0.6123504890459619,5,True,False,,,
histfill,sentinel1,gram,treatment_0002,P09,0.694044562258131,H1_m4,0.7167252293385721,0.5487350548673381,4,True,False,,,
histfill,sentinel1,gram,treatment_0002,P09,0.694044562258131,H1_m4_diff,0.3870172445385497,0.816988489999649,4,True,True,,,
histfill,sentinel1,gram,treatment_0003,P09,0.9566183632807708,H0_own_mean,0.9566183632807708,,0,False,False,,,
histfill,sentinel1,gram,treatment_0003,P09,0.9566183632807708,L_last_period,0.6044138531909128,,0,False,True,,,
histfill,sentinel1,gram,treatment_0003,P09,0.9566183632807708,H1_m2,1.366168558086432,0.5568844115414211,6,False,False,,,
histfill,sentinel1,gram,treatment_0003,P09,0.9566183632807708,H1_m2_diff,0.7206020629518718,0.4311891732962911,6,False,True,,,
histfill,sentinel1,gram,treatment_0003,P09,0.9566183632807708,H1_m3,1.3181116804009338,0.5208423682325731,5,False,False,,,
histfill,sentinel1,gram,treatment_0003,P09,0.9566183632807708,H1_m3_diff,0.8596933159918585,0.6917287837968686,5,True,True,,,
histfill,sentinel1,gram,treatment_0003,P09,0.9566183632807708,H1_m4,1.2966977662099923,0.5130248240870706,4,False,False,,,
histfill,sentinel1,gram,treatment_0003,P09,0.9566183632807708,H1_m4_diff,0.8903923196250539,0.6801901111812243,4,True,True,,,
histfill,sentinel1,gram,treatment_0004,P09,0.6320450252745009,H0_own_mean,0.6320450252745009,,0,False,False,,,
histfill,sentinel1,gram,treatment_0004,P09,0.6320450252745009,L_last_period,0.6644806812542664,,0,False,False,,,
histfill,sentinel1,gram,treatment_0004,P09,0.6320450252745009,H1_m2,0.9956611658395833,0.48216839597281225,6,False,False,,,
histfill,sentinel1,gram,treatment_0004,P09,0.6320450252745009,H1_m2_diff,0.8436496201859074,0.7550194500019076,6,True,False,,,
histfill,sentinel1,gram,treatment_0004,P09,0.6320450252745009,H1_m3,0.8148520031626264,0.5320620336858491,5,False,False,,,
histfill,sentinel1,gram,treatment_0004,P09,0.6320450252745009,H1_m3_diff,0.8345291943749765,0.7474206049435114,5,True,False,,,
histfill,sentinel1,gram,treatment_0004,P09,0.6320450252745009,H1_m4,0.7284409419370087,0.5584141068261176,4,True,False,,,
histfill,sentinel1,gram,treatment_0004,P09,0.6320450252745009,H1_m4_diff,0.861130509639981,0.8218257277946598,4,True,False,,,
histfill,sentinel1,gram,treatment_0005,P09,0.5731729511429933,H0_own_mean,0.5731729511429933,,0,False,False,,,
histfill,sentinel1,gram,treatment_0005,P09,0.5731729511429933,L_last_period,0.5016265463990061,,0,False,True,,,
histfill,sentinel1,gram,treatment_0005,P09,0.5731729511429933,H1_m2,0.5212334873573109,0.6813287081485149,6,True,True,,,
histfill,sentinel1,gram,treatment_0005,P09,0.5731729511429933,H1_m2_diff,1.0987411244764582,0.294059384556835,6,False,False,,,
histfill,sentinel1,gram,treatment_0005,P09,0.5731729511429933,H1_m3,0.6048545815450455,0.7372391454129443,5,True,False,,,
histfill,sentinel1,gram,treatment_0005,P09,0.5731729511429933,H1_m3_diff,0.6162348381059877,0.7556808218802404,5,True,False,,,
histfill,sentinel1,gram,treatment_0005,P09,0.5731729511429933,H1_m4,0.537013258091771,0.7067785615748139,4,True,True,,,
histfill,sentinel1,gram,treatment_0005,P09,0.5731729511429933,H1_m4_diff,0.6412327909018055,0.9377330841629835,4,True,False,,,
histfill,sentinel1,gram,treatment_0006,P09,0.7198119431248327,H0_own_mean,0.7198119431248327,,0,False,False,,,
histfill,sentinel1,gram,treatment_0006,P09,0.7198119431248327,L_last_period,0.9459200313889027,,0,False,False,,,
histfill,sentinel1,gram,treatment_0006,P09,0.7198119431248327,H1_m2,0.9029650221776396,0.3490272545230748,6,False,False,,,
histfill,sentinel1,gram,treatment_0006,P09,0.7198119431248327,H1_m2_diff,0.9579914921930756,0.25683090770124645,6,False,False,,,
histfill,sentinel1,gram,treatment_0006,P09,0.7198119431248327,H1_m3,0.8889942422006168,0.33891428729467743,5,False,False,,,
histfill,sentinel1,gram,treatment_0006,P09,0.7198119431248327,H1_m3_diff,1.1613275576047484,0.36532718536378117,5,False,False,,,
histfill,sentinel1,gram,treatment_0006,P09,0.7198119431248327,H1_m4,0.9005651202866098,0.5173286912929946,4,False,False,,,
histfill,sentinel1,gram,treatment_0006,P09,0.7198119431248327,H1_m4_diff,1.0291647385418,0.5476749714080179,4,False,False,,,
histfill,sentinel1,gram,treatment_0007,P09,0.9456857630922502,H0_own_mean,0.9456857630922502,,0,False,False,,,
histfill,sentinel1,gram,treatment_0007,P09,0.9456857630922502,L_last_period,0.5292919966255839,,0,False,True,,,
histfill,sentinel1,gram,treatment_0007,P09,0.9456857630922502,H1_m2,1.7042660944422012,0.4549819955647972,6,False,False,,,
histfill,sentinel1,gram,treatment_0007,P09,0.9456857630922502,H1_m2_diff,0.42215592101037247,0.15873519298992864,6,False,True,,,
histfill,sentinel1,gram,treatment_0007,P09,0.9456857630922502,H1_m3,1.6600937565325167,0.5221724124381757,5,False,False,,,
histfill,sentinel1,gram,treatment_0007,P09,0.9456857630922502,H1_m3_diff,1.4822820653342892,0.6119189857277036,5,False,False,,,
histfill,sentinel1,gram,treatment_0007,P09,0.9456857630922502,H1_m4,1.3383410277969359,0.6218186247698075,4,False,False,,,
histfill,sentinel1,gram,treatment_0007,P09,0.9456857630922502,H1_m4_diff,1.499598367099584,0.7175026379476797,4,False,False,,,
histfill,sentinel1,gram,treatment_0008,P09,0.644066833251557,H0_own_mean,0.644066833251557,,0,False,False,,,
histfill,sentinel1,gram,treatment_0008,P09,0.644066833251557,L_last_period,0.7900269240689546,,0,False,False,,,
histfill,sentinel1,gram,treatment_0008,P09,0.644066833251557,H1_m2,0.8240070617840178,0.5867462150899698,6,True,False,,,
histfill,sentinel1,gram,treatment_0008,P09,0.644066833251557,H1_m2_diff,0.9395281589592965,0.5635822530719896,6,False,False,,,
histfill,sentinel1,gram,treatment_0008,P09,0.644066833251557,H1_m3,0.618497893894565,0.6115329034880308,5,True,True,,,
histfill,sentinel1,gram,treatment_0008,P09,0.644066833251557,H1_m3_diff,0.9480781387852847,0.7142333535605124,5,True,False,,,
histfill,sentinel1,gram,treatment_0008,P09,0.644066833251557,H1_m4,0.6278809594675028,0.5688369021795346,4,True,True,,,
histfill,sentinel1,gram,treatment_0008,P09,0.644066833251557,H1_m4_diff,1.0359768825002764,0.7278508834513622,4,True,False,,,
histfill,sentinel1,gram,treatment_0009,P09,0.6897083081384777,H0_own_mean,0.6897083081384777,,0,False,False,,,
histfill,sentinel1,gram,treatment_0009,P09,0.6897083081384777,L_last_period,0.9831643505225561,,0,False,False,,,
histfill,sentinel1,gram,treatment_0009,P09,0.6897083081384777,H1_m2,0.7511464804341792,0.6594849912239795,6,True,False,,,
histfill,sentinel1,gram,treatment_0009,P09,0.6897083081384777,H1_m2_diff,0.9223064362710025,0.3964665240862731,6,False,False,,,
histfill,sentinel1,gram,treatment_0009,P09,0.6897083081384777,H1_m3,0.7220455462515697,0.6423792082417579,5,True,False,,,
histfill,sentinel1,gram,treatment_0009,P09,0.6897083081384777,H1_m3_diff,0.9284450169371596,0.6749657066400258,5,True,False,,,
histfill,sentinel1,gram,treatment_0009,P09,0.6897083081384777,H1_m4,0.7422862929731114,0.6624114067105183,4,True,False,,,
histfill,sentinel1,gram,treatment_0009,P09,0.6897083081384777,H1_m4_diff,0.9568634137527529,0.7243209844558257,4,True,False,,,
histfill,sentinel1,gram,treatment_0010,P09,0.7603047985488908,H0_own_mean,0.7603047985488908,,0,False,False,,,
histfill,sentinel1,gram,treatment_0010,P09,0.7603047985488908,L_last_period,0.6210466428387966,,0,False,True,,,
histfill,sentinel1,gram,treatment_0010,P09,0.7603047985488908,H1_m2,1.2062774961650968,0.3971378040530093,6,False,False,,,
histfill,sentinel1,gram,treatment_0010,P09,0.7603047985488908,H1_m2_diff,0.5601609209692596,0.2612146179180809,6,False,True,,,
histfill,sentinel1,gram,treatment_0010,P09,0.7603047985488908,H1_m3,1.1525948536544544,0.4493136226806817,5,False,False,,,
histfill,sentinel1,gram,treatment_0010,P09,0.7603047985488908,H1_m3_diff,1.1006527992924167,0.5980195633167498,5,False,False,,,
histfill,sentinel1,gram,treatment_0010,P09,0.7603047985488908,H1_m4,1.1479752991558987,0.4274069560291247,4,False,False,,,
histfill,sentinel1,gram,treatment_0010,P09,0.7603047985488908,H1_m4_diff,1.1077561376669964,0.5550015808557319,4,False,False,,,
histfill,sentinel1,gram,treatment_0001,P10,0.3427945006890347,H0_own_mean,0.3427945006890347,,0,False,False,,,
histfill,sentinel1,gram,treatment_0001,P10,0.3427945006890347,L_last_period,0.54888827325483,,0,False,False,,,
histfill,sentinel1,gram,treatment_0001,P10,0.3427945006890347,H1_m2,0.5070734956448929,0.3973602398941561,7,True,False,,,
histfill,sentinel1,gram,treatment_0001,P10,0.3427945006890347,H1_m2_diff,0.5764028165973479,0.6580436269897217,7,True,False,,,
histfill,sentinel1,gram,treatment_0001,P10,0.3427945006890347,H1_m3,0.43964969011181215,0.4314500157293646,6,True,False,,,
histfill,sentinel1,gram,treatment_0001,P10,0.3427945006890347,H1_m3_diff,0.7020416313977015,0.600879906642063,6,True,False,,,
histfill,sentinel1,gram,treatment_0001,P10,0.3427945006890347,H1_m4,0.3687384877160635,0.5302950868210677,5,True,False,,,
histfill,sentinel1,gram,treatment_0001,P10,0.3427945006890347,H1_m4_diff,0.5187564253945173,0.6865189365807263,5,True,False,,,
histfill,sentinel1,gram,treatment_0002,P10,0.5687838147584734,H0_own_mean,0.5687838147584734,,0,False,False,,,
histfill,sentinel1,gram,treatment_0002,P10,0.5687838147584734,L_last_period,1.017766081379652,,0,False,False,,,
histfill,sentinel1,gram,treatment_0002,P10,0.5687838147584734,H1_m2,0.5991581374167804,0.48674507776452425,7,True,False,,,
histfill,sentinel1,gram,treatment_0002,P10,0.5687838147584734,H1_m2_diff,0.9576998942106575,0.3275200730876766,7,False,False,,,
histfill,sentinel1,gram,treatment_0002,P10,0.5687838147584734,H1_m3,0.6593841954083571,0.5460317472520912,6,True,False,,,
histfill,sentinel1,gram,treatment_0002,P10,0.5687838147584734,H1_m3_diff,0.9675488718930997,0.5449088941178482,6,False,False,,,
histfill,sentinel1,gram,treatment_0002,P10,0.5687838147584734,H1_m4,0.5909966686578646,0.5558134874554553,5,True,False,,,
histfill,sentinel1,gram,treatment_0002,P10,0.5687838147584734,H1_m4_diff,1.0586379484802186,0.5852556677552125,5,False,False,,,
histfill,sentinel1,gram,treatment_0003,P10,0.6051645909957267,H0_own_mean,0.6051645909957267,,0,False,False,,,
histfill,sentinel1,gram,treatment_0003,P10,0.6051645909957267,L_last_period,0.5489915496264961,,0,False,True,,,
histfill,sentinel1,gram,treatment_0003,P10,0.6051645909957267,H1_m2,0.48618850000805247,0.5337625406373891,7,True,True,,,
histfill,sentinel1,gram,treatment_0003,P10,0.6051645909957267,H1_m2_diff,0.6424322356752853,0.360049907137883,7,False,False,,,
histfill,sentinel1,gram,treatment_0003,P10,0.6051645909957267,H1_m3,0.30127254067751125,0.7179643906967353,6,True,True,,,
histfill,sentinel1,gram,treatment_0003,P10,0.6051645909957267,H1_m3_diff,0.6341500699617901,0.5032432463358403,6,True,False,,,
histfill,sentinel1,gram,treatment_0003,P10,0.6051645909957267,H1_m4,0.27953603404756894,0.7040103251249654,5,True,True,,,
histfill,sentinel1,gram,treatment_0003,P10,0.6051645909957267,H1_m4_diff,0.8840651499580984,0.7014059899262177,5,True,False,,,
histfill,sentinel1,gram,treatment_0004,P10,0.697550719832986,H0_own_mean,0.697550719832986,,0,False,False,,,
histfill,sentinel1,gram,treatment_0004,P10,0.697550719832986,L_last_period,0.9714099167843839,,0,False,False,,,
histfill,sentinel1,gram,treatment_0004,P10,0.697550719832986,H1_m2,0.8530016334438361,0.5542021336298321,7,False,False,,,
histfill,sentinel1,gram,treatment_0004,P10,0.697550719832986,H1_m2_diff,1.340076243999983,0.4389246514993888,7,False,False,,,
histfill,sentinel1,gram,treatment_0004,P10,0.697550719832986,H1_m3,0.8622591726758305,0.5907005610935872,6,True,False,,,
histfill,sentinel1,gram,treatment_0004,P10,0.697550719832986,H1_m3_diff,1.2411890373711494,0.6673777639329255,6,False,False,,,
histfill,sentinel1,gram,treatment_0004,P10,0.697550719832986,H1_m4,0.8677402198521003,0.5979418705124705,5,True,False,,,
histfill,sentinel1,gram,treatment_0004,P10,0.697550719832986,H1_m4_diff,1.1711620144446924,0.7274112036871914,5,False,False,,,
histfill,sentinel1,gram,treatment_0005,P10,0.7829129762430995,H0_own_mean,0.7829129762430995,,0,False,False,,,
histfill,sentinel1,gram,treatment_0005,P10,0.7829129762430995,L_last_period,0.4029866685658266,,0,False,True,,,
histfill,sentinel1,gram,treatment_0005,P10,0.7829129762430995,H1_m2,0.5661878824908622,0.45883647317616116,7,True,True,,,
histfill,sentinel1,gram,treatment_0005,P10,0.7829129762430995,H1_m2_diff,0.30794063816193334,0.4401129309224292,7,True,True,,,
histfill,sentinel1,gram,treatment_0005,P10,0.7829129762430995,H1_m3,0.3771212553754122,0.6062503610149114,6,True,True,,,
histfill,sentinel1,gram,treatment_0005,P10,0.7829129762430995,H1_m3_diff,0.3047630629566852,0.48653548201366636,6,True,True,,,
histfill,sentinel1,gram,treatment_0005,P10,0.7829129762430995,H1_m4,0.3772724767784044,0.682600799524714,5,True,True,,,
histfill,sentinel1,gram,treatment_0005,P10,0.7829129762430995,H1_m4_diff,0.26194284929096834,0.6960412757142538,5,True,True,,,
histfill,sentinel1,gram,treatment_0006,P10,0.5544546129056672,H0_own_mean,0.5544546129056672,,0,False,False,,,
histfill,sentinel1,gram,treatment_0006,P10,0.5544546129056672,L_last_period,0.3164363894289581,,0,False,True,,,
histfill,sentinel1,gram,treatment_0006,P10,0.5544546129056672,H1_m2,0.630611187941719,0.5233689728495544,7,True,False,,,
histfill,sentinel1,gram,treatment_0006,P10,0.5544546129056672,H1_m2_diff,0.5348990716405368,0.8676566531264389,7,True,True,,,
histfill,sentinel1,gram,treatment_0006,P10,0.5544546129056672,H1_m3,0.6765822517493473,0.5199721197592625,6,True,False,,,
histfill,sentinel1,gram,treatment_0006,P10,0.5544546129056672,H1_m3_diff,0.512608416069422,0.6568515551352997,6,True,True,,,
histfill,sentinel1,gram,treatment_0006,P10,0.5544546129056672,H1_m4,0.5328737765036393,0.5254060964733286,5,True,True,,,
histfill,sentinel1,gram,treatment_0006,P10,0.5544546129056672,H1_m4_diff,0.4211105219775035,0.6667407531457453,5,True,True,,,
histfill,sentinel1,gram,treatment_0007,P10,0.518432062065026,H0_own_mean,0.518432062065026,,0,False,False,,,
histfill,sentinel1,gram,treatment_0007,P10,0.518432062065026,L_last_period,0.5859612529561307,,0,False,False,,,
histfill,sentinel1,gram,treatment_0007,P10,0.518432062065026,H1_m2,0.5598773127932126,0.3957012147611726,7,True,False,,,
histfill,sentinel1,gram,treatment_0007,P10,0.518432062065026,H1_m2_diff,0.5048876483529912,0.33546612911810936,7,False,True,,,
histfill,sentinel1,gram,treatment_0007,P10,0.518432062065026,H1_m3,0.3644049265673911,0.6757582146055789,6,True,True,,,
histfill,sentinel1,gram,treatment_0007,P10,0.518432062065026,H1_m3_diff,0.5467773357960585,0.2852620754450885,6,False,False,,,
histfill,sentinel1,gram,treatment_0007,P10,0.518432062065026,H1_m4,0.31681970274652305,0.7446417206989864,5,True,True,,,
histfill,sentinel1,gram,treatment_0007,P10,0.518432062065026,H1_m4_diff,1.0860748574098698,0.7125340497590847,5,False,False,,,
histfill,sentinel1,gram,treatment_0008,P10,0.8351682315391311,H0_own_mean,0.8351682315391311,,0,False,False,,,
histfill,sentinel1,gram,treatment_0008,P10,0.8351682315391311,L_last_period,0.8728318171473274,,0,False,False,,,
histfill,sentinel1,gram,treatment_0008,P10,0.8351682315391311,H1_m2,0.9319757487441481,0.528065775789502,7,False,False,,,
histfill,sentinel1,gram,treatment_0008,P10,0.8351682315391311,H1_m2_diff,0.6691211572115197,0.47084515746294114,7,True,True,,,
histfill,sentinel1,gram,treatment_0008,P10,0.8351682315391311,H1_m3,0.8033043592441651,0.5970944304616796,6,True,True,,,
histfill,sentinel1,gram,treatment_0008,P10,0.8351682315391311,H1_m3_diff,0.6695870556180272,0.624826799730652,6,True,True,,,
histfill,sentinel1,gram,treatment_0008,P10,0.8351682315391311,H1_m4,0.7259217314338379,0.5973581274647246,5,True,True,,,
histfill,sentinel1,gram,treatment_0008,P10,0.8351682315391311,H1_m4_diff,0.6409091477463498,0.755536620200853,5,True,True,,,
histfill,sentinel1,gram,treatment_0009,P10,0.6514223955649651,H0_own_mean,0.6514223955649651,,0,False,False,,,
histfill,sentinel1,gram,treatment_0009,P10,0.6514223955649651,L_last_period,0.43688211176820113,,0,False,True,,,
histfill,sentinel1,gram,treatment_0009,P10,0.6514223955649651,H1_m2,0.7477933983766829,0.652356753784125,7,True,False,,,
histfill,sentinel1,gram,treatment_0009,P10,0.6514223955649651,H1_m2_diff,0.4165218125282102,0.8859153109764112,7,True,True,,,
histfill,sentinel1,gram,treatment_0009,P10,0.6514223955649651,H1_m3,0.3835745911534343,0.6738254126529737,6,True,True,,,
histfill,sentinel1,gram,treatment_0009,P10,0.6514223955649651,H1_m3_diff,0.5968760848458052,0.7125737817950983,6,True,True,,,
histfill,sentinel1,gram,treatment_0009,P10,0.6514223955649651,H1_m4,0.3822388172883458,0.6562748796124727,5,True,True,,,
histfill,sentinel1,gram,treatment_0009,P10,0.6514223955649651,H1_m4_diff,0.4083340658723423,0.7666163369923037,5,True,True,,,
histfill,sentinel1,gram,treatment_0010,P10,0.7464525299240273,H0_own_mean,0.7464525299240273,,0,False,False,,,
histfill,sentinel1,gram,treatment_0010,P10,0.7464525299240273,L_last_period,0.5953603353011766,,0,False,True,,,
histfill,sentinel1,gram,treatment_0010,P10,0.7464525299240273,H1_m2,0.8275907307340012,0.4520301962226853,7,False,False,,,
histfill,sentinel1,gram,treatment_0010,P10,0.7464525299240273,H1_m2_diff,0.5611964639787782,0.4601218565449062,7,True,True,,,
histfill,sentinel1,gram,treatment_0010,P10,0.7464525299240273,H1_m3,0.6186889606486305,0.6283016783098297,6,True,True,,,
histfill,sentinel1,gram,treatment_0010,P10,0.7464525299240273,H1_m3_diff,0.6778207842349975,0.389580753989097,6,False,True,,,
histfill,sentinel1,gram,treatment_0010,P10,0.7464525299240273,H1_m4,0.6549029176615846,0.6146186686116937,5,True,True,,,
histfill,sentinel1,gram,treatment_0010,P10,0.7464525299240273,H1_m4_diff,0.7272712945972083,0.7083000769357931,5,True,True,,,
histfill,sentinel2,latent980,treatment_0001,P09,0.8046947300160893,H0_own_mean,0.8046947300160893,,0,False,False,,,
histfill,sentinel2,latent980,treatment_0001,P09,0.8046947300160893,L_last_period,1.0318098208436588,,0,False,False,,,
histfill,sentinel2,latent980,treatment_0001,P09,0.8046947300160893,H1_m2,0.8254002006302189,0.8282682017066907,6,True,False,,,
histfill,sentinel2,latent980,treatment_0001,P09,0.8046947300160893,H1_m2_diff,1.0447720033903087,1.1559505460185762,6,True,False,,,
histfill,sentinel2,latent980,treatment_0001,P09,0.8046947300160893,H1_m3,0.8206190355273782,0.7045257131785934,5,True,False,,,
histfill,sentinel2,latent980,treatment_0001,P09,0.8046947300160893,H1_m3_diff,1.0627223209848249,1.0659151360707977,5,True,False,,,
histfill,sentinel2,latent980,treatment_0001,P09,0.8046947300160893,H1_m4,0.8311747327270952,0.7767665265031454,4,True,False,,,
histfill,sentinel2,latent980,treatment_0001,P09,0.8046947300160893,H1_m4_diff,1.0836605197329268,1.0335850381269507,4,True,False,,,
histfill,sentinel2,latent980,treatment_0002,P09,1.1475991249787725,H0_own_mean,1.1475991249787725,,0,False,False,,,
histfill,sentinel2,latent980,treatment_0002,P09,1.1475991249787725,L_last_period,1.2067852433042778,,0,False,False,,,
histfill,sentinel2,latent980,treatment_0002,P09,1.1475991249787725,H1_m2,1.1427992366483966,0.6813022843108839,6,False,True,,,
histfill,sentinel2,latent980,treatment_0002,P09,1.1475991249787725,H1_m2_diff,1.1984106716201102,0.9371817795650956,6,True,False,,,
histfill,sentinel2,latent980,treatment_0002,P09,1.1475991249787725,H1_m3,1.1309365645719631,0.5817527777994151,5,False,True,,,
histfill,sentinel2,latent980,treatment_0002,P09,1.1475991249787725,H1_m3_diff,1.2037565974394753,0.7550729471629649,5,False,False,,,
histfill,sentinel2,latent980,treatment_0002,P09,1.1475991249787725,H1_m4,1.1381953058423282,0.5561824309168053,4,False,True,,,
histfill,sentinel2,latent980,treatment_0002,P09,1.1475991249787725,H1_m4_diff,1.2145108280266945,0.684048669740269,4,False,False,,,
histfill,sentinel2,latent980,treatment_0003,P09,0.6908694824253842,H0_own_mean,0.6908694824253842,,0,False,False,,,
histfill,sentinel2,latent980,treatment_0003,P09,0.6908694824253842,L_last_period,1.1090927540086413,,0,False,False,,,
histfill,sentinel2,latent980,treatment_0003,P09,0.6908694824253842,H1_m2,0.7327074870137182,0.9014917399140902,6,True,False,,,
histfill,sentinel2,latent980,treatment_0003,P09,0.6908694824253842,H1_m2_diff,1.1407503113013928,1.1612947935822446,6,True,False,,,
histfill,sentinel2,latent980,treatment_0003,P09,0.6908694824253842,H1_m3,0.7572780645095688,0.8008176482488363,5,True,False,,,
histfill,sentinel2,latent980,treatment_0003,P09,0.6908694824253842,H1_m3_diff,1.146881058390186,1.0749146827572968,5,True,False,,,
histfill,sentinel2,latent980,treatment_0003,P09,0.6908694824253842,H1_m4,0.7276665029098288,0.7382539944168715,4,True,False,,,
histfill,sentinel2,latent980,treatment_0003,P09,0.6908694824253842,H1_m4_diff,1.1876952382394594,0.9601255252822595,4,True,False,,,
histfill,sentinel2,latent980,treatment_0004,P09,1.3426299868141185,H0_own_mean,1.3426299868141185,,0,False,False,,,
histfill,sentinel2,latent980,treatment_0004,P09,1.3426299868141185,L_last_period,1.4524549101585322,,0,False,False,,,
histfill,sentinel2,latent980,treatment_0004,P09,1.3426299868141185,H1_m2,1.3626823686804233,0.7868006563794407,6,False,False,,,
histfill,sentinel2,latent980,treatment_0004,P09,1.3426299868141185,H1_m2_diff,1.5090171071188472,0.9484028641386016,6,False,False,,,
histfill,sentinel2,latent980,treatment_0004,P09,1.3426299868141185,H1_m3,1.3679052726805692,0.6978938618203931,5,False,False,,,
histfill,sentinel2,latent980,treatment_0004,P09,1.3426299868141185,H1_m3_diff,1.4957151563314173,0.9314808835369812,5,False,False,,,
histfill,sentinel2,latent980,treatment_0004,P09,1.3426299868141185,H1_m4,1.379032889408983,0.7796063077619683,4,False,False,,,
histfill,sentinel2,latent980,treatment_0004,P09,1.3426299868141185,H1_m4_diff,1.5041914074454332,0.9747704415148819,4,False,False,,,
histfill,sentinel2,latent980,treatment_0005,P09,0.9455585127925324,H0_own_mean,0.9455585127925324,,0,False,False,,,
histfill,sentinel2,latent980,treatment_0005,P09,0.9455585127925324,L_last_period,1.1829783076414913,,0,False,False,,,
histfill,sentinel2,latent980,treatment_0005,P09,0.9455585127925324,H1_m2,0.9829551147006979,0.623969324606561,6,False,False,,,
histfill,sentinel2,latent980,treatment_0005,P09,0.9455585127925324,H1_m2_diff,1.1827120328027512,0.8308719990502853,6,True,False,,,
histfill,sentinel2,latent980,treatment_0005,P09,0.9455585127925324,H1_m3,0.9926331710429389,0.5663772466656923,5,False,False,,,
histfill,sentinel2,latent980,treatment_0005,P09,0.9455585127925324,H1_m3_diff,1.2237026977980465,0.6976160959343307,5,False,False,,,
histfill,sentinel2,latent980,treatment_0005,P09,0.9455585127925324,H1_m4,1.0104108333142992,0.6045678900559226,4,False,False,,,
histfill,sentinel2,latent980,treatment_0005,P09,0.9455585127925324,H1_m4_diff,1.1957422803875566,0.7072873740801743,4,False,False,,,
histfill,sentinel2,latent980,treatment_0006,P09,0.8178131500724658,H0_own_mean,0.8178131500724658,,0,False,False,,,
histfill,sentinel2,latent980,treatment_0006,P09,0.8178131500724658,L_last_period,0.9502724271408292,,0,False,False,,,
histfill,sentinel2,latent980,treatment_0006,P09,0.8178131500724658,H1_m2,0.8285472939477339,0.6372209243753392,6,True,False,,,
histfill,sentinel2,latent980,treatment_0006,P09,0.8178131500724658,H1_m2_diff,1.0180637850649328,0.8726913426137031,6,True,False,,,
histfill,sentinel2,latent980,treatment_0006,P09,0.8178131500724658,H1_m3,0.7861152487829711,0.5775237043088394,5,True,True,,,
histfill,sentinel2,latent980,treatment_0006,P09,0.8178131500724658,H1_m3_diff,1.0706613026566414,0.6721532905673491,5,False,False,,,
histfill,sentinel2,latent980,treatment_0006,P09,0.8178131500724658,H1_m4,0.817977396383342,0.56977130243871,4,True,False,,,
histfill,sentinel2,latent980,treatment_0006,P09,0.8178131500724658,H1_m4_diff,1.1069465705217088,0.7009836300437772,4,False,False,,,
histfill,sentinel2,latent980,treatment_0007,P09,0.9582402887558875,H0_own_mean,0.9582402887558875,,0,False,False,,,
histfill,sentinel2,latent980,treatment_0007,P09,0.9582402887558875,L_last_period,0.9687511419403564,,0,False,False,,,
histfill,sentinel2,latent980,treatment_0007,P09,0.9582402887558875,H1_m2,0.9627053930917533,0.7753922195012101,6,True,False,,,
histfill,sentinel2,latent980,treatment_0007,P09,0.9582402887558875,H1_m2_diff,0.9997228517514274,1.0731624699426026,6,True,False,,,
histfill,sentinel2,latent980,treatment_0007,P09,0.9582402887558875,H1_m3,0.956775526488257,0.6795440644590682,5,True,True,,,
histfill,sentinel2,latent980,treatment_0007,P09,0.9582402887558875,H1_m3_diff,0.9996210598278173,0.9320895649965067,5,True,False,,,
histfill,sentinel2,latent980,treatment_0007,P09,0.9582402887558875,H1_m4,0.9488840857432109,0.7213608522934369,4,True,True,,,
histfill,sentinel2,latent980,treatment_0007,P09,0.9582402887558875,H1_m4_diff,1.0335190337839668,0.916801789147089,4,True,False,,,
histfill,sentinel2,latent980,treatment_0008,P09,0.6562949501346637,H0_own_mean,0.6562949501346637,,0,False,False,,,
histfill,sentinel2,latent980,treatment_0008,P09,0.6562949501346637,L_last_period,0.7797984381493622,,0,False,False,,,
histfill,sentinel2,latent980,treatment_0008,P09,0.6562949501346637,H1_m2,0.667322838961408,0.5721122064239281,6,True,False,,,
histfill,sentinel2,latent980,treatment_0008,P09,0.6562949501346637,H1_m2_diff,0.8081782322861429,0.6697353164445318,6,True,False,,,
histfill,sentinel2,latent980,treatment_0008,P09,0.6562949501346637,H1_m3,0.6509896791614294,0.5088976854449984,5,True,True,,,
histfill,sentinel2,latent980,treatment_0008,P09,0.6562949501346637,H1_m3_diff,0.8287577710052574,0.604579164471511,5,True,False,,,
histfill,sentinel2,latent980,treatment_0008,P09,0.6562949501346637,H1_m4,0.6516170722215228,0.5224988256061867,4,True,True,,,
histfill,sentinel2,latent980,treatment_0008,P09,0.6562949501346637,H1_m4_diff,0.865565527136306,0.5970516079803886,4,True,False,,,
histfill,sentinel2,latent980,treatment_0009,P09,0.6039863334836955,H0_own_mean,0.6039863334836955,,0,False,False,,,
histfill,sentinel2,latent980,treatment_0009,P09,0.6039863334836955,L_last_period,0.688418100361151,,0,False,False,,,
histfill,sentinel2,latent980,treatment_0009,P09,0.6039863334836955,H1_m2,0.569670262370446,0.6139882294366986,6,True,True,,,
histfill,sentinel2,latent980,treatment_0009,P09,0.6039863334836955,H1_m2_diff,0.7675934987847396,0.7097230678152213,6,True,False,,,
histfill,sentinel2,latent980,treatment_0009,P09,0.6039863334836955,H1_m3,0.5582604783494902,0.5379968116877797,5,True,True,,,
histfill,sentinel2,latent980,treatment_0009,P09,0.6039863334836955,H1_m3_diff,0.7444250139317952,0.6429175578393765,5,True,False,,,
histfill,sentinel2,latent980,treatment_0009,P09,0.6039863334836955,H1_m4,0.5440894890579688,0.5379115642341691,4,True,True,,,
histfill,sentinel2,latent980,treatment_0009,P09,0.6039863334836955,H1_m4_diff,0.761031833468841,0.6088497494359646,4,True,False,,,
histfill,sentinel2,latent980,treatment_0010,P09,0.6764375314137488,H0_own_mean,0.6764375314137488,,0,False,False,,,
histfill,sentinel2,latent980,treatment_0010,P09,0.6764375314137488,L_last_period,0.9968265956151054,,0,False,False,,,
histfill,sentinel2,latent980,treatment_0010,P09,0.6764375314137488,H1_m2,0.7253133614425188,0.6891643131353524,6,True,False,,,
histfill,sentinel2,latent980,treatment_0010,P09,0.6764375314137488,H1_m2_diff,1.1931600417952894,0.9018457726117536,6,True,False,,,
histfill,sentinel2,latent980,treatment_0010,P09,0.6764375314137488,H1_m3,0.7302440109847224,0.6696691260484068,5,True,False,,,
histfill,sentinel2,latent980,treatment_0010,P09,0.6764375314137488,H1_m3_diff,1.0343227490843243,0.8576658156027471,5,True,False,,,
histfill,sentinel2,latent980,treatment_0010,P09,0.6764375314137488,H1_m4,0.7381627135239528,0.7013298425848388,4,True,False,,,
histfill,sentinel2,latent980,treatment_0010,P09,0.6764375314137488,H1_m4_diff,1.0699538064998844,0.837242483561789,4,True,False,,,
histfill,sentinel2,latent980,treatment_0001,P10,1.0307738047300938,H0_own_mean,1.0307738047300938,,0,False,False,,,
histfill,sentinel2,latent980,treatment_0001,P10,1.0307738047300938,L_last_period,1.224786142757419,,0,False,False,,,
histfill,sentinel2,latent980,treatment_0001,P10,1.0307738047300938,H1_m2,0.994927359217773,0.7580442601843714,7,True,True,,,
histfill,sentinel2,latent980,treatment_0001,P10,1.0307738047300938,H1_m2_diff,1.1948527836478566,0.9943872932388084,7,True,False,,,
histfill,sentinel2,latent980,treatment_0001,P10,1.0307738047300938,H1_m3,1.0018017231679799,0.809127738097681,6,True,True,,,
histfill,sentinel2,latent980,treatment_0001,P10,1.0307738047300938,H1_m3_diff,1.1961673122527625,1.0687761159075322,6,True,False,,,
histfill,sentinel2,latent980,treatment_0001,P10,1.0307738047300938,H1_m4,1.0124819194592027,0.7199211943807776,5,True,True,,,
histfill,sentinel2,latent980,treatment_0001,P10,1.0307738047300938,H1_m4_diff,1.2094533618260699,1.0339302059824542,5,True,False,,,
histfill,sentinel2,latent980,treatment_0002,P10,0.9861411976110965,H0_own_mean,0.9861411976110965,,0,False,False,,,
histfill,sentinel2,latent980,treatment_0002,P10,0.9861411976110965,L_last_period,1.3658339889088196,,0,False,False,,,
histfill,sentinel2,latent980,treatment_0002,P10,0.9861411976110965,H1_m2,0.9135137318077001,0.9668179785416421,7,True,True,,,
histfill,sentinel2,latent980,treatment_0002,P10,0.9861411976110965,H1_m2_diff,1.3175474819085102,1.1651808700219768,7,True,False,,,
histfill,sentinel2,latent980,treatment_0002,P10,0.9861411976110965,H1_m3,0.9284418554549101,0.8332873972185042,6,True,True,,,
histfill,sentinel2,latent980,treatment_0002,P10,0.9861411976110965,H1_m3_diff,1.3069371944684016,1.0533641882825673,6,True,False,,,
histfill,sentinel2,latent980,treatment_0002,P10,0.9861411976110965,H1_m4,0.9340371568069069,0.7361997335648012,5,True,True,,,
histfill,sentinel2,latent980,treatment_0002,P10,0.9861411976110965,H1_m4_diff,1.3116709017105042,0.9103139036800616,5,True,False,,,
histfill,sentinel2,latent980,treatment_0003,P10,0.8195996914442678,H0_own_mean,0.8195996914442678,,0,False,False,,,
histfill,sentinel2,latent980,treatment_0003,P10,0.8195996914442678,L_last_period,0.6613470716244855,,0,False,True,,,
histfill,sentinel2,latent980,treatment_0003,P10,0.8195996914442678,H1_m2,0.8375785250737918,0.7675821769201681,7,True,False,,,
histfill,sentinel2,latent980,treatment_0003,P10,0.8195996914442678,H1_m2_diff,0.7660720216401609,1.0181901914340035,7,True,True,,,
histfill,sentinel2,latent980,treatment_0003,P10,0.8195996914442678,H1_m3,0.823568722803041,0.820024467576513,6,True,False,,,
histfill,sentinel2,latent980,treatment_0003,P10,0.8195996914442678,H1_m3_diff,0.6894113993904113,1.1133042989745752,6,True,True,,,
histfill,sentinel2,latent980,treatment_0003,P10,0.8195996914442678,H1_m4,0.8147787043399023,0.7656244141222263,5,True,True,,,
histfill,sentinel2,latent980,treatment_0003,P10,0.8195996914442678,H1_m4_diff,0.7348431122651793,1.0655802593358878,5,True,True,,,
histfill,sentinel2,latent980,treatment_0004,P10,0.8012677020236122,H0_own_mean,0.8012677020236122,,0,False,False,,,
histfill,sentinel2,latent980,treatment_0004,P10,0.8012677020236122,L_last_period,1.4910792764374652,,0,False,False,,,
histfill,sentinel2,latent980,treatment_0004,P10,0.8012677020236122,H1_m2,0.8385471469766699,1.0687220155959443,7,True,False,,,
histfill,sentinel2,latent980,treatment_0004,P10,0.8012677020236122,H1_m2_diff,1.4851373707922897,1.4195645537918928,7,True,False,,,
histfill,sentinel2,latent980,treatment_0004,P10,0.8012677020236122,H1_m3,0.8669421515563416,0.9944028557649061,6,True,False,,,
histfill,sentinel2,latent980,treatment_0004,P10,0.8012677020236122,H1_m3_diff,1.4881934308497773,1.222444745500227,6,True,False,,,
histfill,sentinel2,latent980,treatment_0004,P10,0.8012677020236122,H1_m4,0.8077078284884028,0.8936052891024174,5,True,False,,,
histfill,sentinel2,latent980,treatment_0004,P10,0.8012677020236122,H1_m4_diff,1.4778019879629678,1.1207292818041963,5,True,False,,,
histfill,sentinel2,latent980,treatment_0005,P10,0.8683039580321215,H0_own_mean,0.8683039580321215,,0,False,False,,,
histfill,sentinel2,latent980,treatment_0005,P10,0.8683039580321215,L_last_period,1.2574519996909697,,0,False,False,,,
histfill,sentinel2,latent980,treatment_0005,P10,0.8683039580321215,H1_m2,0.8166030896618468,0.8457591696424036,7,True,True,,,
histfill,sentinel2,latent980,treatment_0005,P10,0.8683039580321215,H1_m2_diff,1.219201546289979,1.1485940907070136,7,True,False,,,
histfill,sentinel2,latent980,treatment_0005,P10,0.8683039580321215,H1_m3,0.861806271176602,0.7405933211134426,6,True,True,,,
histfill,sentinel2,latent980,treatment_0005,P10,0.8683039580321215,H1_m3_diff,1.1915635981330173,0.9995996256818476,6,True,False,,,
histfill,sentinel2,latent980,treatment_0005,P10,0.8683039580321215,H1_m4,0.7733070755907333,0.6837463324761868,5,True,True,,,
histfill,sentinel2,latent980,treatment_0005,P10,0.8683039580321215,H1_m4_diff,1.2041403760356884,0.8820333330928117,5,True,False,,,
histfill,sentinel2,latent980,treatment_0006,P10,0.8121948740607444,H0_own_mean,0.8121948740607444,,0,False,False,,,
histfill,sentinel2,latent980,treatment_0006,P10,0.8121948740607444,L_last_period,0.7419669460164432,,0,False,True,,,
histfill,sentinel2,latent980,treatment_0006,P10,0.8121948740607444,H1_m2,0.6703138768305823,0.81305390067766,7,True,True,,,
histfill,sentinel2,latent980,treatment_0006,P10,0.8121948740607444,H1_m2_diff,0.7662674693813838,0.9214673571997722,7,True,True,,,
histfill,sentinel2,latent980,treatment_0006,P10,0.8121948740607444,H1_m3,0.666734888468095,0.682798795484557,6,True,True,,,
histfill,sentinel2,latent980,treatment_0006,P10,0.8121948740607444,H1_m3_diff,0.7513055250197007,0.907760774206661,6,True,True,,,
histfill,sentinel2,latent980,treatment_0006,P10,0.8121948740607444,H1_m4,0.6683666022523574,0.6240982932509618,5,True,True,,,
histfill,sentinel2,latent980,treatment_0006,P10,0.8121948740607444,H1_m4_diff,0.7738276731764929,0.7766572211279854,5,True,True,,,
histfill,sentinel2,latent980,treatment_0007,P10,0.9739431586679118,H0_own_mean,0.9739431586679118,,0,False,False,,,
histfill,sentinel2,latent980,treatment_0007,P10,0.9739431586679118,L_last_period,1.1128118167467647,,0,False,False,,,
histfill,sentinel2,latent980,treatment_0007,P10,0.9739431586679118,H1_m2,0.9528065923287753,0.8760891745136036,7,True,True,,,
histfill,sentinel2,latent980,treatment_0007,P10,0.9739431586679118,H1_m2_diff,1.1401807641352566,0.9435415724451468,7,True,False,,,
histfill,sentinel2,latent980,treatment_0007,P10,0.9739431586679118,H1_m3,0.9289651471266468,0.810330512849575,6,True,True,,,
histfill,sentinel2,latent980,treatment_0007,P10,0.9739431586679118,H1_m3_diff,1.0978983542313256,1.0110836948438526,6,True,False,,,
histfill,sentinel2,latent980,treatment_0007,P10,0.9739431586679118,H1_m4,0.9476819960477216,0.7352567751500872,5,True,True,,,
histfill,sentinel2,latent980,treatment_0007,P10,0.9739431586679118,H1_m4_diff,1.0848585147648544,0.932626668749935,5,True,False,,,
histfill,sentinel2,latent980,treatment_0008,P10,0.9511073817317788,H0_own_mean,0.9511073817317788,,0,False,False,,,
histfill,sentinel2,latent980,treatment_0008,P10,0.9511073817317788,L_last_period,1.047195599980755,,0,False,False,,,
histfill,sentinel2,latent980,treatment_0008,P10,0.9511073817317788,H1_m2,0.9327300048759158,0.6285088423719783,7,True,True,,,
histfill,sentinel2,latent980,treatment_0008,P10,0.9511073817317788,H1_m2_diff,1.1057676921567772,0.7616235227473938,7,True,False,,,
histfill,sentinel2,latent980,treatment_0008,P10,0.9511073817317788,H1_m3,0.9375059938455911,0.5910144986709254,6,False,True,,,
histfill,sentinel2,latent980,treatment_0008,P10,0.9511073817317788,H1_m3_diff,1.0917415186777524,0.7168601299065013,6,False,False,,,
histfill,sentinel2,latent980,treatment_0008,P10,0.9511073817317788,H1_m4,0.948598724044728,0.5374855651825269,5,False,True,,,
histfill,sentinel2,latent980,treatment_0008,P10,0.9511073817317788,H1_m4_diff,1.0572825732944737,0.6649833545365496,5,False,False,,,
histfill,sentinel2,latent980,treatment_0009,P10,1.0004253409769228,H0_own_mean,1.0004253409769228,,0,False,False,,,
histfill,sentinel2,latent980,treatment_0009,P10,1.0004253409769228,L_last_period,1.0388274572462934,,0,False,False,,,
histfill,sentinel2,latent980,treatment_0009,P10,1.0004253409769228,H1_m2,0.951514348534644,0.5982456341187389,7,False,True,,,
histfill,sentinel2,latent980,treatment_0009,P10,1.0004253409769228,H1_m2_diff,1.0882698757256184,0.6780714155493501,7,False,False,,,
histfill,sentinel2,latent980,treatment_0009,P10,1.0004253409769228,H1_m3,0.9478038131184828,0.5864657071136884,6,False,True,,,
histfill,sentinel2,latent980,treatment_0009,P10,1.0004253409769228,H1_m3_diff,1.0731937731775536,0.6981149380828373,6,False,False,,,
histfill,sentinel2,latent980,treatment_0009,P10,1.0004253409769228,H1_m4,0.9661743776426728,0.5332823893677412,5,False,True,,,
histfill,sentinel2,latent980,treatment_0009,P10,1.0004253409769228,H1_m4_diff,1.050756159616241,0.659550730750474,5,False,False,,,
histfill,sentinel2,latent980,treatment_0010,P10,1.0106754675293836,H0_own_mean,1.0106754675293836,,0,False,False,,,
histfill,sentinel2,latent980,treatment_0010,P10,1.0106754675293836,L_last_period,1.217700437840908,,0,False,False,,,
histfill,sentinel2,latent980,treatment_0010,P10,1.0106754675293836,H1_m2,1.0386694168119375,0.7199855526306013,7,True,False,,,
histfill,sentinel2,latent980,treatment_0010,P10,1.0106754675293836,H1_m2_diff,1.2564885521999007,0.9736954641302028,7,True,False,,,
histfill,sentinel2,latent980,treatment_0010,P10,1.0106754675293836,H1_m3,1.0304921725069673,0.6765176843255096,6,False,False,,,
histfill,sentinel2,latent980,treatment_0010,P10,1.0106754675293836,H1_m3_diff,1.1911160152366953,0.9464386026805947,6,True,False,,,
histfill,sentinel2,latent980,treatment_0010,P10,1.0106754675293836,H1_m4,1.0686181300146511,0.671048057079663,5,False,False,,,
histfill,sentinel2,latent980,treatment_0010,P10,1.0106754675293836,H1_m4_diff,1.2126522704035938,0.8987820533757553,5,True,False,,,
histfill,sentinel2,chip_mean,treatment_0001,P09,0.3312688500394911,H0_own_mean,0.3312688500394911,,0,False,False,,,
histfill,sentinel2,chip_mean,treatment_0001,P09,0.3312688500394911,L_last_period,0.29179520783749485,,0,False,True,,,
histfill,sentinel2,chip_mean,treatment_0001,P09,0.3312688500394911,H1_m2,0.2952925650274939,0.49414246475127327,6,True,True,,,
histfill,sentinel2,chip_mean,treatment_0001,P09,0.3312688500394911,H1_m2_diff,0.7635838840740155,0.2938034669806536,6,False,False,,,
histfill,sentinel2,chip_mean,treatment_0001,P09,0.3312688500394911,H1_m3,0.21537961768005517,0.5356859691707233,5,True,True,,,
histfill,sentinel2,chip_mean,treatment_0001,P09,0.3312688500394911,H1_m3_diff,0.36483721388126705,0.7172716568276166,5,True,False,,,
histfill,sentinel2,chip_mean,treatment_0001,P09,0.3312688500394911,H1_m4,0.29074210660069716,0.575088841197425,4,True,True,,,
histfill,sentinel2,chip_mean,treatment_0001,P09,0.3312688500394911,H1_m4_diff,0.38697274556278805,0.7682809204851158,4,True,False,,,
histfill,sentinel2,chip_mean,treatment_0002,P09,0.8547761833084633,H0_own_mean,0.8547761833084633,,0,False,False,,,
histfill,sentinel2,chip_mean,treatment_0002,P09,0.8547761833084633,L_last_period,1.7224754384007246,,0,False,False,,,
histfill,sentinel2,chip_mean,treatment_0002,P09,0.8547761833084633,H1_m2,0.6692063747146629,0.9313195754799812,6,True,True,,,
histfill,sentinel2,chip_mean,treatment_0002,P09,0.8547761833084633,H1_m2_diff,1.77643957073244,1.1650335994788694,6,False,False,,,
histfill,sentinel2,chip_mean,treatment_0002,P09,0.8547761833084633,H1_m3,0.6692063747146633,0.7878954775716039,5,True,True,,,
histfill,sentinel2,chip_mean,treatment_0002,P09,0.8547761833084633,H1_m3_diff,1.77643957073244,0.8352381590505402,5,False,False,,,
histfill,sentinel2,chip_mean,treatment_0002,P09,0.8547761833084633,H1_m4,0.7009355445400504,0.6894667816804292,4,True,True,,,
histfill,sentinel2,chip_mean,treatment_0002,P09,0.8547761833084633,H1_m4_diff,1.7764395707324399,0.7045377065144268,4,False,False,,,
histfill,sentinel2,chip_mean,treatment_0003,P09,1.2788277251677127,H0_own_mean,1.2788277251677127,,0,False,False,,,
histfill,sentinel2,chip_mean,treatment_0003,P09,1.2788277251677127,L_last_period,1.744342961454222,,0,False,False,,,
histfill,sentinel2,chip_mean,treatment_0003,P09,1.2788277251677127,H1_m2,1.6962229674561904,0.7064954486178057,6,False,False,,,
histfill,sentinel2,chip_mean,treatment_0003,P09,1.2788277251677127,H1_m2_diff,2.0574321459537215,0.1571499790695829,6,False,False,,,
histfill,sentinel2,chip_mean,treatment_0003,P09,1.2788277251677127,H1_m3,1.1656616242327809,0.7305881908499738,5,False,True,,,
histfill,sentinel2,chip_mean,treatment_0003,P09,1.2788277251677127,H1_m3_diff,2.2516544927248234,0.5635269140960764,5,False,False,,,
histfill,sentinel2,chip_mean,treatment_0003,P09,1.2788277251677127,H1_m4,0.8700130557273961,0.7710440026169959,4,True,True,,,
histfill,sentinel2,chip_mean,treatment_0003,P09,1.2788277251677127,H1_m4_diff,1.332469678182072,0.789260825567042,4,False,False,,,
histfill,sentinel2,chip_mean,treatment_0004,P09,1.5527540622922698,H0_own_mean,1.5527540622922698,,0,False,False,,,
histfill,sentinel2,chip_mean,treatment_0004,P09,1.5527540622922698,L_last_period,1.9122328180893255,,0,False,False,,,
histfill,sentinel2,chip_mean,treatment_0004,P09,1.5527540622922698,H1_m2,1.626252860023981,0.5574608559791069,6,False,False,,,
histfill,sentinel2,chip_mean,treatment_0004,P09,1.5527540622922698,H1_m2_diff,1.6524102156855676,0.321661678308604,6,False,False,,,
histfill,sentinel2,chip_mean,treatment_0004,P09,1.5527540622922698,H1_m3,1.396507482467869,0.7366430487445537,5,False,True,,,
histfill,sentinel2,chip_mean,treatment_0004,P09,1.5527540622922698,H1_m3_diff,1.830687621485153,0.9391523710518551,5,False,False,,,
histfill,sentinel2,chip_mean,treatment_0004,P09,1.5527540622922698,H1_m4,1.386165085539796,0.7649503049794681,4,False,True,,,
histfill,sentinel2,chip_mean,treatment_0004,P09,1.5527540622922698,H1_m4_diff,1.414103666558979,1.1260801212741884,4,True,True,,,
histfill,sentinel2,chip_mean,treatment_0005,P09,0.651046939859802,H0_own_mean,0.651046939859802,,0,False,False,,,
histfill,sentinel2,chip_mean,treatment_0005,P09,0.651046939859802,L_last_period,1.742714696711599,,0,False,False,,,
histfill,sentinel2,chip_mean,treatment_0005,P09,0.651046939859802,H1_m2,1.0008696724885857,0.7988256834892467,6,True,False,,,
histfill,sentinel2,chip_mean,treatment_0005,P09,0.651046939859802,H1_m2_diff,0.5038004530260889,0.44121067335663905,6,True,True,,,
histfill,sentinel2,chip_mean,treatment_0005,P09,0.651046939859802,H1_m3,1.1665346585194827,0.6968703570877103,5,False,False,,,
histfill,sentinel2,chip_mean,treatment_0005,P09,0.651046939859802,H1_m3_diff,1.79731398946619,0.5611934064976025,5,False,False,,,
histfill,sentinel2,chip_mean,treatment_0005,P09,0.651046939859802,H1_m4,1.3248469948470378,0.6245120183813637,4,False,False,,,
histfill,sentinel2,chip_mean,treatment_0005,P09,0.651046939859802,H1_m4_diff,1.6987193270128553,0.5086384184041982,4,False,False,,,
histfill,sentinel2,chip_mean,treatment_0006,P09,0.7877275042830504,H0_own_mean,0.7877275042830504,,0,False,False,,,
histfill,sentinel2,chip_mean,treatment_0006,P09,0.7877275042830504,L_last_period,0.39493894024810494,,0,False,True,,,
histfill,sentinel2,chip_mean,treatment_0006,P09,0.7877275042830504,H1_m2,0.5823132335537925,0.48843954916703364,6,True,True,,,
histfill,sentinel2,chip_mean,treatment_0006,P09,0.7877275042830504,H1_m2_diff,0.6728627289162686,0.3555392980749808,6,False,True,,,
histfill,sentinel2,chip_mean,treatment_0006,P09,0.7877275042830504,H1_m3,0.5240194254396402,0.4852290722799351,5,True,True,,,
histfill,sentinel2,chip_mean,treatment_0006,P09,0.7877275042830504,H1_m3_diff,0.6365853360759739,0.34049947488602356,5,False,True,,,
histfill,sentinel2,chip_mean,treatment_0006,P09,0.7877275042830504,H1_m4,0.49176432549754456,0.5472508483113048,4,True,True,,,
histfill,sentinel2,chip_mean,treatment_0006,P09,0.7877275042830504,H1_m4_diff,0.5749639390790822,0.5961665210250985,4,True,True,,,
histfill,sentinel2,chip_mean,treatment_0007,P09,1.1915000937562956,H0_own_mean,1.1915000937562956,,0,False,False,,,
histfill,sentinel2,chip_mean,treatment_0007,P09,1.1915000937562956,L_last_period,1.2962877131553445,,0,False,False,,,
histfill,sentinel2,chip_mean,treatment_0007,P09,1.1915000937562956,H1_m2,1.5985861637390437,1.4279502206623507,6,True,False,,,
histfill,sentinel2,chip_mean,treatment_0007,P09,1.1915000937562956,H1_m2_diff,0.4958155077034273,1.405771634853695,6,True,True,,,
histfill,sentinel2,chip_mean,treatment_0007,P09,1.1915000937562956,H1_m3,1.321883523412308,1.2163617265992615,5,True,False,,,
histfill,sentinel2,chip_mean,treatment_0007,P09,1.1915000937562956,H1_m3_diff,0.8510656015071304,1.1432620839587455,5,True,True,,,
histfill,sentinel2,chip_mean,treatment_0007,P09,1.1915000937562956,H1_m4,1.281167489613146,1.0898837117353664,4,True,False,,,
histfill,sentinel2,chip_mean,treatment_0007,P09,1.1915000937562956,H1_m4_diff,1.3935754583256728,1.0783671776163772,4,True,False,,,
histfill,sentinel2,chip_mean,treatment_0008,P09,0.4522386169851834,H0_own_mean,0.4522386169851834,,0,False,False,,,
histfill,sentinel2,chip_mean,treatment_0008,P09,0.4522386169851834,L_last_period,1.0026296451620307,,0,False,False,,,
histfill,sentinel2,chip_mean,treatment_0008,P09,0.4522386169851834,H1_m2,1.0026296451620305,0.6729838826186467,6,True,False,,,
histfill,sentinel2,chip_mean,treatment_0008,P09,0.4522386169851834,H1_m2_diff,1.5266829630242713,0.481951606221345,6,False,False,,,
histfill,sentinel2,chip_mean,treatment_0008,P09,0.4522386169851834,H1_m3,1.0026296451620307,0.6355674583665235,5,False,False,,,
histfill,sentinel2,chip_mean,treatment_0008,P09,0.4522386169851834,H1_m3_diff,1.472466662026114,0.4503034919559651,5,False,False,,,
histfill,sentinel2,chip_mean,treatment_0008,P09,0.4522386169851834,H1_m4,0.9394820934223809,0.6448518059658517,4,True,False,,,
histfill,sentinel2,chip_mean,treatment_0008,P09,0.4522386169851834,H1_m4_diff,1.7183130671930364,0.4100579768354175,4,False,False,,,
histfill,sentinel2,chip_mean,treatment_0009,P09,0.4597436325071518,H0_own_mean,0.4597436325071518,,0,False,False,,,
histfill,sentinel2,chip_mean,treatment_0009,P09,0.4597436325071518,L_last_period,0.696332507541807,,0,False,False,,,
histfill,sentinel2,chip_mean,treatment_0009,P09,0.4597436325071518,H1_m2,0.696332507541807,0.5810453621639929,6,True,False,,,
histfill,sentinel2,chip_mean,treatment_0009,P09,0.4597436325071518,H1_m2_diff,1.3195731496565377,0.42024961231288505,6,False,False,,,
histfill,sentinel2,chip_mean,treatment_0009,P09,0.4597436325071518,H1_m3,0.696332507541807,0.5006240250339523,5,True,False,,,
histfill,sentinel2,chip_mean,treatment_0009,P09,0.4597436325071518,H1_m3_diff,1.2920454753943582,0.3787894689769557,5,False,False,,,
histfill,sentinel2,chip_mean,treatment_0009,P09,0.4597436325071518,H1_m4,0.5964123551967457,0.600545739263399,4,True,False,,,
histfill,sentinel2,chip_mean,treatment_0009,P09,0.4597436325071518,H1_m4_diff,1.2543924032038734,0.3182940057204095,4,False,False,,,
histfill,sentinel2,chip_mean,treatment_0010,P09,0.23923017298662208,H0_own_mean,0.23923017298662208,,0,False,False,,,
histfill,sentinel2,chip_mean,treatment_0010,P09,0.23923017298662208,L_last_period,0.8045686092342764,,0,False,False,,,
histfill,sentinel2,chip_mean,treatment_0010,P09,0.23923017298662208,H1_m2,0.33302122611544094,0.6479043646077203,6,True,False,,,
histfill,sentinel2,chip_mean,treatment_0010,P09,0.23923017298662208,H1_m2_diff,0.8299900008593931,0.6052807938620285,6,True,False,,,
histfill,sentinel2,chip_mean,treatment_0010,P09,0.23923017298662208,H1_m3,0.4451481832417904,0.6132233482003576,5,True,False,,,
histfill,sentinel2,chip_mean,treatment_0010,P09,0.23923017298662208,H1_m3_diff,0.891793970480654,0.5227679721623414,5,False,False,,,
histfill,sentinel2,chip_mean,treatment_0010,P09,0.23923017298662208,H1_m4,0.630546067635736,0.602294182095264,4,True,False,,,
histfill,sentinel2,chip_mean,treatment_0010,P09,0.23923017298662208,H1_m4_diff,1.0696549050950601,0.7184161698741122,4,True,False,,,
histfill,sentinel2,chip_mean,treatment_0001,P10,0.9278351006200846,H0_own_mean,0.9278351006200846,,0,False,False,,,
histfill,sentinel2,chip_mean,treatment_0001,P10,0.9278351006200846,L_last_period,0.8269254427353023,,0,False,True,,,
histfill,sentinel2,chip_mean,treatment_0001,P10,0.9278351006200846,H1_m2,0.8273007103922208,0.1999553928114223,7,False,True,,,
histfill,sentinel2,chip_mean,treatment_0001,P10,0.9278351006200846,H1_m2_diff,0.8000855365829531,0.14035306351662497,7,False,True,,,
histfill,sentinel2,chip_mean,treatment_0001,P10,0.9278351006200846,H1_m3,0.9093674532569038,0.4151357122154755,6,False,True,,,
histfill,sentinel2,chip_mean,treatment_0001,P10,0.9278351006200846,H1_m3_diff,0.8677002371795122,0.36234105044689385,6,False,True,,,
histfill,sentinel2,chip_mean,treatment_0001,P10,0.9278351006200846,H1_m4,0.7606912627681957,0.45993935728031027,5,False,True,,,
histfill,sentinel2,chip_mean,treatment_0001,P10,0.9278351006200846,H1_m4_diff,0.7979970632536479,0.5984409116753089,5,True,True,,,
histfill,sentinel2,chip_mean,treatment_0002,P10,1.6347849646278925,H0_own_mean,1.6347849646278925,,0,False,False,,,
histfill,sentinel2,chip_mean,treatment_0002,P10,1.6347849646278925,L_last_period,1.861331041743258,,0,False,False,,,
histfill,sentinel2,chip_mean,treatment_0002,P10,1.6347849646278925,H1_m2,0.7696237930088368,1.009685540349997,7,True,True,,,
histfill,sentinel2,chip_mean,treatment_0002,P10,1.6347849646278925,H1_m2_diff,1.9508495943847752,1.4578167620667708,7,True,False,,,
histfill,sentinel2,chip_mean,treatment_0002,P10,1.6347849646278925,H1_m3,0.769623793008837,0.8333905580938298,6,True,True,,,
histfill,sentinel2,chip_mean,treatment_0002,P10,1.6347849646278925,H1_m3_diff,1.0695095533198251,1.4408553280343797,6,True,True,,,
histfill,sentinel2,chip_mean,treatment_0002,P10,1.6347849646278925,H1_m4,0.769623793008837,0.7428022781743234,5,True,True,,,
histfill,sentinel2,chip_mean,treatment_0002,P10,1.6347849646278925,H1_m4_diff,1.3270299771101448,1.1975796408266495,5,True,True,,,
histfill,sentinel2,chip_mean,treatment_0003,P10,1.6580394770718085,H0_own_mean,1.6580394770718085,,0,False,False,,,
histfill,sentinel2,chip_mean,treatment_0003,P10,1.6580394770718085,L_last_period,0.6795640756903103,,0,False,True,,,
histfill,sentinel2,chip_mean,treatment_0003,P10,1.6580394770718085,H1_m2,1.5299611606163408,0.6440146742714651,7,False,True,,,
histfill,sentinel2,chip_mean,treatment_0003,P10,1.6580394770718085,H1_m2_diff,1.5120193279655432,0.5516723112174016,7,False,True,,,
histfill,sentinel2,chip_mean,treatment_0003,P10,1.6580394770718085,H1_m3,1.3888881491169294,0.8680457602711635,6,False,True,,,
histfill,sentinel2,chip_mean,treatment_0003,P10,1.6580394770718085,H1_m3_diff,1.4931591025931343,0.6464006610233688,6,False,True,,,
histfill,sentinel2,chip_mean,treatment_0003,P10,1.6580394770718085,H1_m4,1.4333197241299829,0.7583423121635067,5,False,True,,,
histfill,sentinel2,chip_mean,treatment_0003,P10,1.6580394770718085,H1_m4_diff,0.8626878000932832,0.889740075914914,5,True,True,,,
histfill,sentinel2,chip_mean,treatment_0004,P10,0.8475366778215299,H0_own_mean,0.8475366778215299,,0,False,False,,,
histfill,sentinel2,chip_mean,treatment_0004,P10,0.8475366778215299,L_last_period,1.6745512721067457,,0,False,False,,,
histfill,sentinel2,chip_mean,treatment_0004,P10,0.8475366778215299,H1_m2,1.340823428593789,1.0877977070063802,7,True,False,,,
histfill,sentinel2,chip_mean,treatment_0004,P10,0.8475366778215299,H1_m2_diff,1.707490825724861,1.203467471156276,7,True,False,,,
histfill,sentinel2,chip_mean,treatment_0004,P10,0.8475366778215299,H1_m3,0.6295022418902817,0.9606352971025918,6,True,True,,,
histfill,sentinel2,chip_mean,treatment_0004,P10,0.8475366778215299,H1_m3_diff,1.6368504042499261,1.0648463798520718,6,False,False,,,
histfill,sentinel2,chip_mean,treatment_0004,P10,0.8475366778215299,H1_m4,0.5964812652169229,0.909001794729614,5,True,True,,,
histfill,sentinel2,chip_mean,treatment_0004,P10,0.8475366778215299,H1_m4_diff,1.5897893591136314,1.0905298444003986,5,True,False,,,
histfill,sentinel2,chip_mean,treatment_0005,P10,1.3736824689292884,H0_own_mean,1.3736824689292884,,0,False,False,,,
histfill,sentinel2,chip_mean,treatment_0005,P10,1.3736824689292884,L_last_period,1.7552424870626586,,0,False,False,,,
histfill,sentinel2,chip_mean,treatment_0005,P10,1.3736824689292884,H1_m2,1.4411243755814782,0.79315095535204,7,False,False,,,
histfill,sentinel2,chip_mean,treatment_0005,P10,1.3736824689292884,H1_m2_diff,1.3409438880697409,0.48354161624200226,7,False,True,,,
histfill,sentinel2,chip_mean,treatment_0005,P10,1.3736824689292884,H1_m3,1.4587718133490832,0.702594754846539,6,False,False,,,
histfill,sentinel2,chip_mean,treatment_0005,P10,1.3736824689292884,H1_m3_diff,1.3409438880697608,0.45649052396912226,6,False,True,,,
histfill,sentinel2,chip_mean,treatment_0005,P10,1.3736824689292884,H1_m4,0.7868110920300307,0.7225075769194159,5,True,True,,,
histfill,sentinel2,chip_mean,treatment_0005,P10,1.3736824689292884,H1_m4_diff,1.5697479030610961,1.0370883211815842,5,False,False,,,
histfill,sentinel2,chip_mean,treatment_0006,P10,1.5093687229906647,H0_own_mean,1.5093687229906647,,0,False,False,,,
histfill,sentinel2,chip_mean,treatment_0006,P10,1.5093687229906647,L_last_period,0.8771908768025275,,0,False,True,,,
histfill,sentinel2,chip_mean,treatment_0006,P10,1.5093687229906647,H1_m2,1.0372837645552428,0.5760039062633783,7,False,True,,,
histfill,sentinel2,chip_mean,treatment_0006,P10,1.5093687229906647,H1_m2_diff,0.6704696154304218,0.22470282206305334,7,False,True,,,
histfill,sentinel2,chip_mean,treatment_0006,P10,1.5093687229906647,H1_m3,1.017254621704179,0.4722509179781884,6,False,True,,,
histfill,sentinel2,chip_mean,treatment_0006,P10,1.5093687229906647,H1_m3_diff,0.5112591343351676,0.453804672128517,6,True,True,,,
histfill,sentinel2,chip_mean,treatment_0006,P10,1.5093687229906647,H1_m4,0.9525349709453516,0.45922570538562413,5,False,True,,,
histfill,sentinel2,chip_mean,treatment_0006,P10,1.5093687229906647,H1_m4_diff,0.46445727032794276,0.40489673693304307,5,True,True,,,
histfill,sentinel2,chip_mean,treatment_0007,P10,1.8675636004399336,H0_own_mean,1.8675636004399336,,0,False,False,,,
histfill,sentinel2,chip_mean,treatment_0007,P10,1.8675636004399336,L_last_period,1.0510465186224394,,0,False,True,,,
histfill,sentinel2,chip_mean,treatment_0007,P10,1.8675636004399336,H1_m2,0.5440392466045242,1.5507735587109783,7,True,True,,,
histfill,sentinel2,chip_mean,treatment_0007,P10,1.8675636004399336,H1_m2_diff,0.7971267869514261,0.48645543285707793,7,False,True,,,
histfill,sentinel2,chip_mean,treatment_0007,P10,1.8675636004399336,H1_m3,0.6240126814013676,1.2817511935432244,6,True,True,,,
histfill,sentinel2,chip_mean,treatment_0007,P10,1.8675636004399336,H1_m3_diff,0.8297788859206243,1.0355715191499346,6,True,True,,,
histfill,sentinel2,chip_mean,treatment_0007,P10,1.8675636004399336,H1_m4,1.0332448028118537,1.136180288227039,5,True,True,,,
histfill,sentinel2,chip_mean,treatment_0007,P10,1.8675636004399336,H1_m4_diff,0.8334218214508125,0.9789208155805637,5,True,True,,,
histfill,sentinel2,chip_mean,treatment_0008,P10,1.072360941630614,H0_own_mean,1.072360941630614,,0,False,False,,,
histfill,sentinel2,chip_mean,treatment_0008,P10,1.072360941630614,L_last_period,0.763994224919555,,0,False,True,,,
histfill,sentinel2,chip_mean,treatment_0008,P10,1.072360941630614,H1_m2,0.9518536614852406,0.7395350447921099,7,True,True,,,
histfill,sentinel2,chip_mean,treatment_0008,P10,1.072360941630614,H1_m2_diff,0.6496704905466486,0.3267169600187914,7,False,True,,,
histfill,sentinel2,chip_mean,treatment_0008,P10,1.072360941630614,H1_m3,0.948848247550088,0.6369583004050376,6,True,True,,,
histfill,sentinel2,chip_mean,treatment_0008,P10,1.072360941630614,H1_m3_diff,0.596843754665722,0.6083434657913183,6,True,True,,,
histfill,sentinel2,chip_mean,treatment_0008,P10,1.072360941630614,H1_m4,0.9292336965462703,0.6349023554848936,5,True,True,,,
histfill,sentinel2,chip_mean,treatment_0008,P10,1.072360941630614,H1_m4_diff,0.6001751457920838,0.5400959726314023,5,True,True,,,
histfill,sentinel2,chip_mean,treatment_0009,P10,1.1931647204923281,H0_own_mean,1.1931647204923281,,0,False,False,,,
histfill,sentinel2,chip_mean,treatment_0009,P10,1.1931647204923281,L_last_period,0.8945250954362717,,0,False,True,,,
histfill,sentinel2,chip_mean,treatment_0009,P10,1.1931647204923281,H1_m2,1.0080838562498626,0.5556518909555263,7,False,True,,,
histfill,sentinel2,chip_mean,treatment_0009,P10,1.1931647204923281,H1_m2_diff,0.9083066477483143,0.43587454884366184,7,False,True,,,
histfill,sentinel2,chip_mean,treatment_0009,P10,1.1931647204923281,H1_m3,0.9972598743878993,0.5511999289530872,6,False,True,,,
histfill,sentinel2,chip_mean,treatment_0009,P10,1.1931647204923281,H1_m3_diff,0.8293552809365399,0.48818060920315254,6,False,True,,,
histfill,sentinel2,chip_mean,treatment_0009,P10,1.1931647204923281,H1_m4,0.9849099332821197,0.5062527949685066,5,False,True,,,
histfill,sentinel2,chip_mean,treatment_0009,P10,1.1931647204923281,H1_m4_diff,0.8052900162985159,0.46498013739087996,5,False,True,,,
histfill,sentinel2,chip_mean,treatment_0010,P10,0.8873000263545486,H0_own_mean,0.8873000263545486,,0,False,False,,,
histfill,sentinel2,chip_mean,treatment_0010,P10,0.8873000263545486,L_last_period,0.8015987095119809,,0,False,True,,,
histfill,sentinel2,chip_mean,treatment_0010,P10,0.8873000263545486,H1_m2,1.1926818202066347,0.6393978198877004,7,False,False,,,
histfill,sentinel2,chip_mean,treatment_0010,P10,0.8873000263545486,H1_m2_diff,0.7431172076945957,0.6034586087487396,7,True,True,,,
histfill,sentinel2,chip_mean,treatment_0010,P10,0.8873000263545486,H1_m3,1.1571555276466394,0.5282474400079532,6,False,False,,,
histfill,sentinel2,chip_mean,treatment_0010,P10,0.8873000263545486,H1_m3_diff,0.46822031092401445,0.6907258982567855,6,True,True,,,
histfill,sentinel2,chip_mean,treatment_0010,P10,0.8873000263545486,H1_m4,0.9693130488046148,0.5428931053888417,5,False,False,,,
histfill,sentinel2,chip_mean,treatment_0010,P10,0.8873000263545486,H1_m4_diff,0.4724552016694681,0.6128503279974938,5,True,True,,,
histfill,sentinel2,gram,treatment_0001,P09,0.27548312643907324,H0_own_mean,0.27548312643907324,,0,False,False,,,
histfill,sentinel2,gram,treatment_0001,P09,0.27548312643907324,L_last_period,0.29880751195933886,,0,False,False,,,
histfill,sentinel2,gram,treatment_0001,P09,0.27548312643907324,H1_m2,0.23385012358937896,0.4676692467305355,6,True,True,,,
histfill,sentinel2,gram,treatment_0001,P09,0.27548312643907324,H1_m2_diff,0.6220027464307696,0.325570375483489,6,False,False,,,
histfill,sentinel2,gram,treatment_0001,P09,0.27548312643907324,H1_m3,0.16880633247161952,0.49776653384765424,5,True,True,,,
histfill,sentinel2,gram,treatment_0001,P09,0.27548312643907324,H1_m3_diff,0.4289405793169374,0.6667307375514048,5,True,False,,,
histfill,sentinel2,gram,treatment_0001,P09,0.27548312643907324,H1_m4,0.22598193904993635,0.5835094269654646,4,True,True,,,
histfill,sentinel2,gram,treatment_0001,P09,0.27548312643907324,H1_m4_diff,0.49973864036008964,0.7565356275812519,4,True,False,,,
histfill,sentinel2,gram,treatment_0002,P09,0.8875510952063406,H0_own_mean,0.8875510952063406,,0,False,False,,,
histfill,sentinel2,gram,treatment_0002,P09,0.8875510952063406,L_last_period,1.8771197690363226,,0,False,False,,,
histfill,sentinel2,gram,treatment_0002,P09,0.8875510952063406,H1_m2,0.7316550712754458,0.9633058937303609,6,True,True,,,
histfill,sentinel2,gram,treatment_0002,P09,0.8875510952063406,H1_m2_diff,1.9066538165784448,1.2040017877688158,6,False,False,,,
histfill,sentinel2,gram,treatment_0002,P09,0.8875510952063406,H1_m3,0.7378580241972749,0.8066556289946796,5,True,True,,,
histfill,sentinel2,gram,treatment_0002,P09,0.8875510952063406,H1_m3_diff,1.906653816578445,0.8592734119687871,5,False,False,,,
histfill,sentinel2,gram,treatment_0002,P09,0.8875510952063406,H1_m4,0.7599914883241377,0.7040192567961688,4,True,True,,,
histfill,sentinel2,gram,treatment_0002,P09,0.8875510952063406,H1_m4_diff,1.906653816578445,0.7209486233561554,4,False,False,,,
histfill,sentinel2,gram,treatment_0003,P09,1.24855399800929,H0_own_mean,1.24855399800929,,0,False,False,,,
histfill,sentinel2,gram,treatment_0003,P09,1.24855399800929,L_last_period,1.8381386107826538,,0,False,False,,,
histfill,sentinel2,gram,treatment_0003,P09,1.24855399800929,H1_m2,1.7752609651163616,0.7480509980241056,6,False,False,,,
histfill,sentinel2,gram,treatment_0003,P09,1.24855399800929,H1_m2_diff,1.9915210565997998,0.147551071486758,6,False,False,,,
histfill,sentinel2,gram,treatment_0003,P09,1.24855399800929,H1_m3,1.1775325729104371,0.7851989770857064,5,True,True,,,
histfill,sentinel2,gram,treatment_0003,P09,1.24855399800929,H1_m3_diff,2.3526578067612833,0.5457697699415968,5,False,False,,,
histfill,sentinel2,gram,treatment_0003,P09,1.24855399800929,H1_m4,0.8493752432089837,0.8138969397843827,4,True,True,,,
histfill,sentinel2,gram,treatment_0003,P09,1.24855399800929,H1_m4_diff,1.424837724165325,0.8415933178233292,4,False,False,,,
histfill,sentinel2,gram,treatment_0004,P09,1.569958147832136,H0_own_mean,1.569958147832136,,0,False,False,,,
histfill,sentinel2,gram,treatment_0004,P09,1.569958147832136,L_last_period,2.052437776618605,,0,False,False,,,
histfill,sentinel2,gram,treatment_0004,P09,1.569958147832136,H1_m2,1.5472971467963337,0.5341327469854101,6,False,True,,,
histfill,sentinel2,gram,treatment_0004,P09,1.569958147832136,H1_m2_diff,1.6840996052561594,0.3486723467904221,6,False,False,,,
histfill,sentinel2,gram,treatment_0004,P09,1.569958147832136,H1_m3,1.2894741737224054,0.6777211837340325,5,False,True,,,
histfill,sentinel2,gram,treatment_0004,P09,1.569958147832136,H1_m3_diff,1.7901186053819482,0.8568612403545068,5,False,False,,,
histfill,sentinel2,gram,treatment_0004,P09,1.569958147832136,H1_m4,1.2730656280721693,0.7518416557787322,4,False,True,,,
histfill,sentinel2,gram,treatment_0004,P09,1.569958147832136,H1_m4_diff,1.5101972621424773,1.1032675326487154,4,True,True,,,
histfill,sentinel2,gram,treatment_0005,P09,0.7044018625312344,H0_own_mean,0.7044018625312344,,0,False,False,,,
histfill,sentinel2,gram,treatment_0005,P09,0.7044018625312344,L_last_period,1.9079287762575374,,0,False,False,,,
histfill,sentinel2,gram,treatment_0005,P09,0.7044018625312344,H1_m2,0.7874395412886606,0.8505359911510554,6,True,False,,,
histfill,sentinel2,gram,treatment_0005,P09,0.7044018625312344,H1_m2_diff,0.6468564867018521,0.5114718582076604,6,True,True,,,
histfill,sentinel2,gram,treatment_0005,P09,0.7044018625312344,H1_m3,1.1931812637133097,0.7426883081086161,5,False,False,,,
histfill,sentinel2,gram,treatment_0005,P09,0.7044018625312344,H1_m3_diff,1.8260953630293324,0.6043571852570351,5,False,False,,,
histfill,sentinel2,gram,treatment_0005,P09,0.7044018625312344,H1_m4,1.4207408756751216,0.6743144940914989,4,False,False,,,
histfill,sentinel2,gram,treatment_0005,P09,0.7044018625312344,H1_m4_diff,1.8315642904619505,0.5502057160550233,4,False,False,,,
histfill,sentinel2,gram,treatment_0006,P09,0.7240237413922317,H0_own_mean,0.7240237413922317,,0,False,False,,,
histfill,sentinel2,gram,treatment_0006,P09,0.7240237413922317,L_last_period,0.4121691667556069,,0,False,True,,,
histfill,sentinel2,gram,treatment_0006,P09,0.7240237413922317,H1_m2,0.5431464016631579,0.45707785995778016,6,True,True,,,
histfill,sentinel2,gram,treatment_0006,P09,0.7240237413922317,H1_m2_diff,0.685897793494208,0.3857506458119698,6,False,True,,,
histfill,sentinel2,gram,treatment_0006,P09,0.7240237413922317,H1_m3,0.49602860578696495,0.47404109286773993,5,True,True,,,
histfill,sentinel2,gram,treatment_0006,P09,0.7240237413922317,H1_m3_diff,0.6468349461904046,0.3497079175683431,5,False,True,,,
histfill,sentinel2,gram,treatment_0006,P09,0.7240237413922317,H1_m4,0.4504526776426353,0.5513085215060032,4,True,True,,,
histfill,sentinel2,gram,treatment_0006,P09,0.7240237413922317,H1_m4_diff,0.6319279822266586,0.6122676633683085,4,True,True,,,
histfill,sentinel2,gram,treatment_0007,P09,1.0677906584819266,H0_own_mean,1.0677906584819266,,0,False,False,,,
histfill,sentinel2,gram,treatment_0007,P09,1.0677906584819266,L_last_period,1.392402102807591,,0,False,False,,,
histfill,sentinel2,gram,treatment_0007,P09,1.0677906584819266,H1_m2,1.5237994138106101,1.4225859111427606,6,True,False,,,
histfill,sentinel2,gram,treatment_0007,P09,1.0677906584819266,H1_m2_diff,0.5827721697679663,1.4516816395901058,6,True,True,,,
histfill,sentinel2,gram,treatment_0007,P09,1.0677906584819266,H1_m3,1.330106751557334,1.2214456721435747,5,True,False,,,
histfill,sentinel2,gram,treatment_0007,P09,1.0677906584819266,H1_m3_diff,0.8765157996037862,1.1722769756836517,5,True,True,,,
histfill,sentinel2,gram,treatment_0007,P09,1.0677906584819266,H1_m4,1.1647712946017974,1.0889603513271868,4,True,False,,,
histfill,sentinel2,gram,treatment_0007,P09,1.0677906584819266,H1_m4_diff,1.4726861305120251,1.0917237490491585,4,True,False,,,
histfill,sentinel2,gram,treatment_0008,P09,0.38509819238147813,H0_own_mean,0.38509819238147813,,0,False,False,,,
histfill,sentinel2,gram,treatment_0008,P09,0.38509819238147813,L_last_period,1.1168438163751382,,0,False,False,,,
histfill,sentinel2,gram,treatment_0008,P09,0.38509819238147813,H1_m2,1.1168438163751377,0.6851229616797605,6,False,False,,,
histfill,sentinel2,gram,treatment_0008,P09,0.38509819238147813,H1_m2_diff,1.5685524567878548,0.39501027181997966,6,False,False,,,
histfill,sentinel2,gram,treatment_0008,P09,0.38509819238147813,H1_m3,1.1168438163751375,0.6383140142975979,5,False,False,,,
histfill,sentinel2,gram,treatment_0008,P09,0.38509819238147813,H1_m3_diff,1.548362273139152,0.45304034954128214,5,False,False,,,
histfill,sentinel2,gram,treatment_0008,P09,0.38509819238147813,H1_m4,1.0290153454175812,0.6458361787327682,4,False,False,,,
histfill,sentinel2,gram,treatment_0008,P09,0.38509819238147813,H1_m4_diff,1.8097549672605802,0.434915461785134,4,False,False,,,
histfill,sentinel2,gram,treatment_0009,P09,0.3830504434021061,H0_own_mean,0.3830504434021061,,0,False,False,,,
histfill,sentinel2,gram,treatment_0009,P09,0.3830504434021061,L_last_period,0.7161417866350754,,0,False,False,,,
histfill,sentinel2,gram,treatment_0009,P09,0.3830504434021061,H1_m2,0.7161417866350753,0.5519440263599434,6,True,False,,,
histfill,sentinel2,gram,treatment_0009,P09,0.3830504434021061,H1_m2_diff,1.2688769638017063,0.3407467603827792,6,False,False,,,
histfill,sentinel2,gram,treatment_0009,P09,0.3830504434021061,H1_m3,0.7161417866350742,0.47404895641520656,5,False,False,,,
histfill,sentinel2,gram,treatment_0009,P09,0.3830504434021061,H1_m3_diff,1.2737527789944636,0.3594916862479045,5,False,False,,,
histfill,sentinel2,gram,treatment_0009,P09,0.3830504434021061,H1_m4,0.5917678687894072,0.5771218495318254,4,True,False,,,
histfill,sentinel2,gram,treatment_0009,P09,0.3830504434021061,H1_m4_diff,1.2298243364718418,0.31000774762428,4,False,False,,,
histfill,sentinel2,gram,treatment_0010,P09,0.22870099001611788,H0_own_mean,0.22870099001611788,,0,False,False,,,
histfill,sentinel2,gram,treatment_0010,P09,0.22870099001611788,L_last_period,0.7318891596269789,,0,False,False,,,
histfill,sentinel2,gram,treatment_0010,P09,0.22870099001611788,H1_m2,0.3801117914863088,0.5929346194300328,6,True,False,,,
histfill,sentinel2,gram,treatment_0010,P09,0.22870099001611788,H1_m2_diff,0.7091355815245411,0.6559834406649213,6,True,False,,,
histfill,sentinel2,gram,treatment_0010,P09,0.22870099001611788,H1_m3,0.4441898492071866,0.5565811654447438,5,True,False,,,
histfill,sentinel2,gram,treatment_0010,P09,0.22870099001611788,H1_m3_diff,0.780288787180125,0.5997543607577476,5,True,False,,,
histfill,sentinel2,gram,treatment_0010,P09,0.22870099001611788,H1_m4,0.5431348547162699,0.5794372104287441,4,True,False,,,
histfill,sentinel2,gram,treatment_0010,P09,0.22870099001611788,H1_m4_diff,1.157648640227398,0.6873778995065092,4,False,False,,,
histfill,sentinel2,gram,treatment_0001,P10,0.9866999544509523,H0_own_mean,0.9866999544509523,,0,False,False,,,
histfill,sentinel2,gram,treatment_0001,P10,0.9866999544509523,L_last_period,0.8562975259635758,,0,False,True,,,
histfill,sentinel2,gram,treatment_0001,P10,0.9866999544509523,H1_m2,0.8467951827106448,0.20238323447665754,7,False,True,,,
histfill,sentinel2,gram,treatment_0001,P10,0.9866999544509523,H1_m2_diff,0.8225921280891766,0.18013909968428918,7,False,True,,,
histfill,sentinel2,gram,treatment_0001,P10,0.9866999544509523,H1_m3,0.9450216539761419,0.3923186670400473,6,False,True,,,
histfill,sentinel2,gram,treatment_0001,P10,0.9866999544509523,H1_m3_diff,0.9063449027687001,0.344035095518321,6,False,True,,,
histfill,sentinel2,gram,treatment_0001,P10,0.9866999544509523,H1_m4,0.8199453535777347,0.43136611437429423,5,False,True,,,
histfill,sentinel2,gram,treatment_0001,P10,0.9866999544509523,H1_m4_diff,0.7800556767677904,0.578691115333133,5,True,True,,,
histfill,sentinel2,gram,treatment_0002,P10,1.733416297889059,H0_own_mean,1.733416297889059,,0,False,False,,,
histfill,sentinel2,gram,treatment_0002,P10,1.733416297889059,L_last_period,2.1539905059311937,,0,False,False,,,
histfill,sentinel2,gram,treatment_0002,P10,1.733416297889059,H1_m2,0.7248684535065983,1.0541048132325261,7,True,True,,,
histfill,sentinel2,gram,treatment_0002,P10,1.733416297889059,H1_m2_diff,2.2495588053405564,1.6119027025924806,7,True,False,,,
histfill,sentinel2,gram,treatment_0002,P10,1.733416297889059,H1_m3,0.7248684535065983,0.8685178475095593,6,True,True,,,
histfill,sentinel2,gram,treatment_0002,P10,1.733416297889059,H1_m3_diff,2.2495588053405515,1.5239602958746121,6,True,False,,,
histfill,sentinel2,gram,treatment_0002,P10,1.733416297889059,H1_m4,0.7248684535065986,0.7687057077676107,5,True,True,,,
histfill,sentinel2,gram,treatment_0002,P10,1.733416297889059,H1_m4_diff,1.997593205580767,1.2786787588869886,5,False,False,,,
histfill,sentinel2,gram,treatment_0003,P10,1.7518412568790767,H0_own_mean,1.7518412568790767,,0,False,False,,,
histfill,sentinel2,gram,treatment_0003,P10,1.7518412568790767,L_last_period,0.781396167869195,,0,False,True,,,
histfill,sentinel2,gram,treatment_0003,P10,1.7518412568790767,H1_m2,1.5781504648187936,0.6527413540977299,7,False,True,,,
histfill,sentinel2,gram,treatment_0003,P10,1.7518412568790767,H1_m2_diff,1.7182131135349354,0.5499045381362504,7,False,True,,,
histfill,sentinel2,gram,treatment_0003,P10,1.7518412568790767,H1_m3,1.445681684518829,0.921059842870381,6,False,True,,,
histfill,sentinel2,gram,treatment_0003,P10,1.7518412568790767,H1_m3_diff,1.7029400828188268,0.6627692238727656,6,False,True,,,
histfill,sentinel2,gram,treatment_0003,P10,1.7518412568790767,H1_m4,1.494510827104019,0.8070428759787891,5,False,True,,,
histfill,sentinel2,gram,treatment_0003,P10,1.7518412568790767,H1_m4_diff,0.90781447388096,0.9506104277306485,5,True,True,,,
histfill,sentinel2,gram,treatment_0004,P10,0.7588368568206341,H0_own_mean,0.7588368568206341,,0,False,False,,,
histfill,sentinel2,gram,treatment_0004,P10,0.7588368568206341,L_last_period,1.7371187715979761,,0,False,False,,,
histfill,sentinel2,gram,treatment_0004,P10,0.7588368568206341,H1_m2,1.2196127638405436,1.0324092561100315,7,True,False,,,
histfill,sentinel2,gram,treatment_0004,P10,0.7588368568206341,H1_m2_diff,1.4920068514898723,1.2731570023691148,7,True,False,,,
histfill,sentinel2,gram,treatment_0004,P10,0.7588368568206341,H1_m3,0.4915899956316686,0.9110766686109154,6,True,True,,,
histfill,sentinel2,gram,treatment_0004,P10,0.7588368568206341,H1_m3_diff,1.546163679886479,1.0865638754396283,6,True,False,,,
histfill,sentinel2,gram,treatment_0004,P10,0.7588368568206341,H1_m4,0.560397644180178,0.8443515087833172,5,True,True,,,
histfill,sentinel2,gram,treatment_0004,P10,0.7588368568206341,H1_m4_diff,1.4469115184996366,1.0457766574333718,5,True,False,,,
histfill,sentinel2,gram,treatment_0005,P10,1.4541864929801982,H0_own_mean,1.4541864929801982,,0,False,False,,,
histfill,sentinel2,gram,treatment_0005,P10,1.4541864929801982,L_last_period,1.905565506329457,,0,False,False,,,
histfill,sentinel2,gram,treatment_0005,P10,1.4541864929801982,H1_m2,1.4323144769882306,0.840165525697801,7,False,True,,,
histfill,sentinel2,gram,treatment_0005,P10,1.4541864929801982,H1_m2_diff,1.2709018067382771,0.589763350546439,7,False,True,,,
histfill,sentinel2,gram,treatment_0005,P10,1.4541864929801982,H1_m3,1.4864709280464714,0.7419150238552713,6,False,False,,,
histfill,sentinel2,gram,treatment_0005,P10,1.4541864929801982,H1_m3_diff,1.2709018067382543,0.5511022449725074,6,False,True,,,
histfill,sentinel2,gram,treatment_0005,P10,1.4541864929801982,H1_m4,0.6647390859554055,0.7611270699051934,5,True,True,,,
histfill,sentinel2,gram,treatment_0005,P10,1.4541864929801982,H1_m4_diff,1.6639342248336475,1.1165418132960248,5,True,False,,,
histfill,sentinel2,gram,treatment_0006,P10,1.4593961534101845,H0_own_mean,1.4593961534101845,,0,False,False,,,
histfill,sentinel2,gram,treatment_0006,P10,1.4593961534101845,L_last_period,0.8907269903145983,,0,False,True,,,
histfill,sentinel2,gram,treatment_0006,P10,1.4593961534101845,H1_m2,1.1028471175007337,0.554782118138699,7,False,True,,,
histfill,sentinel2,gram,treatment_0006,P10,1.4593961534101845,H1_m2_diff,0.6256400391664697,0.20214370152141206,7,False,True,,,
histfill,sentinel2,gram,treatment_0006,P10,1.4593961534101845,H1_m3,1.0575454947891991,0.4585049123115357,6,False,True,,,
histfill,sentinel2,gram,treatment_0006,P10,1.4593961534101845,H1_m3_diff,0.58022355222844,0.4898841784331924,6,True,True,,,
histfill,sentinel2,gram,treatment_0006,P10,1.4593961534101845,H1_m4,0.9862179112420169,0.45630499453120177,5,False,True,,,
histfill,sentinel2,gram,treatment_0006,P10,1.4593961534101845,H1_m4_diff,0.4974350592490494,0.42533210528841786,5,True,True,,,
histfill,sentinel2,gram,treatment_0007,P10,1.9109129808463459,H0_own_mean,1.9109129808463459,,0,False,False,,,
histfill,sentinel2,gram,treatment_0007,P10,1.9109129808463459,L_last_period,1.1822961424351268,,0,False,True,,,
histfill,sentinel2,gram,treatment_0007,P10,1.9109129808463459,H1_m2,0.5262810544362354,1.5401381653526536,7,True,True,,,
histfill,sentinel2,gram,treatment_0007,P10,1.9109129808463459,H1_m2_diff,0.8208544855794995,0.5726592526024621,7,True,True,,,
histfill,sentinel2,gram,treatment_0007,P10,1.9109129808463459,H1_m3,0.7957329628756795,1.268143090550852,6,True,True,,,
histfill,sentinel2,gram,treatment_0007,P10,1.9109129808463459,H1_m3_diff,0.8208544855795608,1.0880062302628892,6,True,True,,,
histfill,sentinel2,gram,treatment_0007,P10,1.9109129808463459,H1_m4,1.0499055651776024,1.131066578953416,5,True,True,,,
histfill,sentinel2,gram,treatment_0007,P10,1.9109129808463459,H1_m4_diff,0.8208544855795636,1.0148582949723834,5,True,True,,,
histfill,sentinel2,gram,treatment_0008,P10,1.027027728806615,H0_own_mean,1.027027728806615,,0,False,False,,,
histfill,sentinel2,gram,treatment_0008,P10,1.027027728806615,L_last_period,0.821074886662934,,0,False,True,,,
histfill,sentinel2,gram,treatment_0008,P10,1.027027728806615,H1_m2,0.9704052426918061,0.768345845554908,7,True,True,,,
histfill,sentinel2,gram,treatment_0008,P10,1.027027728806615,H1_m2_diff,0.5721315104848415,0.3649691032829133,7,False,True,,,
histfill,sentinel2,gram,treatment_0008,P10,1.027027728806615,H1_m3,0.9681269277375131,0.6527699859380554,6,True,True,,,
histfill,sentinel2,gram,treatment_0008,P10,1.027027728806615,H1_m3_diff,0.5446320101463271,0.6563417201399206,6,True,True,,,
histfill,sentinel2,gram,treatment_0008,P10,1.027027728806615,H1_m4,0.9538874407994019,0.6466014136623804,5,True,True,,,
histfill,sentinel2,gram,treatment_0008,P10,1.027027728806615,H1_m4_diff,0.5430013786426676,0.5718434604769688,5,True,True,,,
histfill,sentinel2,gram,treatment_0009,P10,1.1256038173267109,H0_own_mean,1.1256038173267109,,0,False,False,,,
histfill,sentinel2,gram,treatment_0009,P10,1.1256038173267109,L_last_period,0.8673567348688833,,0,False,True,,,
histfill,sentinel2,gram,treatment_0009,P10,1.1256038173267109,H1_m2,0.9702844028334752,0.54759497225603,7,False,True,,,
histfill,sentinel2,gram,treatment_0009,P10,1.1256038173267109,H1_m2_diff,0.7584528622295706,0.4152129586699424,7,False,True,,,
histfill,sentinel2,gram,treatment_0009,P10,1.1256038173267109,H1_m3,0.9629697429897437,0.5276736104193812,6,False,True,,,
histfill,sentinel2,gram,treatment_0009,P10,1.1256038173267109,H1_m3_diff,0.7605518894001843,0.4400623625512631,6,False,True,,,
histfill,sentinel2,gram,treatment_0009,P10,1.1256038173267109,H1_m4,0.9525535058461604,0.48479473823667907,5,False,True,,,
histfill,sentinel2,gram,treatment_0009,P10,1.1256038173267109,H1_m4_diff,0.7624699548379947,0.43941592393972684,5,False,True,,,
histfill,sentinel2,gram,treatment_0010,P10,0.8579863544252038,H0_own_mean,0.8579863544252038,,0,False,False,,,
histfill,sentinel2,gram,treatment_0010,P10,0.8579863544252038,L_last_period,0.7516789860957115,,0,False,True,,,
histfill,sentinel2,gram,treatment_0010,P10,0.8579863544252038,H1_m2,1.1782182515301058,0.5907902026384132,7,False,False,,,
histfill,sentinel2,gram,treatment_0010,P10,0.8579863544252038,H1_m2_diff,0.48716193584089346,0.5222086611624551,7,True,True,,,
histfill,sentinel2,gram,treatment_0010,P10,0.8579863544252038,H1_m3,1.120606440104756,0.49157493608139946,6,False,False,,,
histfill,sentinel2,gram,treatment_0010,P10,0.8579863544252038,H1_m3_diff,0.3782012444808161,0.6497773545094656,6,True,True,,,
histfill,sentinel2,gram,treatment_0010,P10,0.8579863544252038,H1_m4,0.9168609526631,0.4923327360993192,5,False,False,,,
histfill,sentinel2,gram,treatment_0010,P10,0.8579863544252038,H1_m4_diff,0.38232557811674617,0.5939009939120388,5,True,True,,,
chipmean,sentinel1,latent980,treatment_0001,P09,0.7405479122306758,P1_m3,0.83983327448021,0.6739012127657926,5,True,False,,,
chipmean,sentinel1,latent980,treatment_0002,P09,0.7285589298227204,P1_m3,0.8277672629011332,0.623928784822777,5,True,False,,,
chipmean,sentinel1,latent980,treatment_0003,P09,0.7488356084802665,P1_m3,0.8687820870959576,0.66622417678747,5,True,False,,,
chipmean,sentinel1,latent980,treatment_0004,P09,0.6522762410655776,P1_m3,0.7393333717671752,0.6149821234279923,5,True,False,,,
chipmean,sentinel1,latent980,treatment_0005,P09,0.6694594003706416,P1_m3,0.7759719263504383,0.5928531066231121,5,True,False,,,
chipmean,sentinel1,latent980,treatment_0006,P09,0.7844007357186885,P1_m3,0.889876259236674,0.6807730969743074,5,True,False,,,
chipmean,sentinel1,latent980,treatment_0007,P09,0.589883929959075,P1_m3,0.7015074168420081,0.5545658612295207,5,True,False,,,
chipmean,sentinel1,latent980,treatment_0008,P09,0.6469887267094593,P1_m3,0.7533537258023871,0.6014254874386203,5,True,False,,,
chipmean,sentinel1,latent980,treatment_0009,P09,0.66845976442502,P1_m3,0.7844646816805019,0.6284667171567235,5,True,False,,,
chipmean,sentinel1,latent980,treatment_0010,P09,0.6599268884028048,P1_m3,0.7703947844736434,0.603820796705712,5,True,False,,,
chipmean,sentinel1,latent980,treatment_0001,P10,0.7269207557699362,P1_m3,0.8211879622616853,0.6311256897760363,6,True,False,,,
chipmean,sentinel1,latent980,treatment_0002,P10,0.7331579190230583,P1_m3,0.8263414189725306,0.5934604917020758,6,True,False,,,
chipmean,sentinel1,latent980,treatment_0003,P10,0.753285993593817,P1_m3,0.8745956475935113,0.6200504749240218,6,True,False,,,
chipmean,sentinel1,latent980,treatment_0004,P10,0.6462562086575866,P1_m3,0.712260269661118,0.5416574990935178,6,True,False,,,
chipmean,sentinel1,latent980,treatment_0005,P10,0.63521889860006,P1_m3,0.703567207437496,0.5382610107060466,6,True,False,,,
chipmean,sentinel1,latent980,treatment_0006,P10,0.7767372266469,P1_m3,0.8600705332612575,0.664211101751626,6,True,False,,,
chipmean,sentinel1,latent980,treatment_0007,P10,0.5994797237897904,P1_m3,0.6759907933558501,0.4901323211028869,6,True,False,,,
chipmean,sentinel1,latent980,treatment_0008,P10,0.6687783827794316,P1_m3,0.7713843002821963,0.5327870360666948,6,True,False,,,
chipmean,sentinel1,latent980,treatment_0009,P10,0.6844538380922334,P1_m3,0.7592545982272768,0.5716927587436008,6,True,False,,,
chipmean,sentinel1,latent980,treatment_0010,P10,0.6710055631733204,P1_m3,0.7636453324840335,0.5578757090157237,6,True,False,,,
chipmean,sentinel1,latent980,treatment_0001,P09,0.7405479122306758,P1_m3_diff,1.149636308089225,0.8371039648877142,5,True,False,,,
chipmean,sentinel1,latent980,treatment_0002,P09,0.7285589298227204,P1_m3_diff,1.0784042390391533,0.7662653394942751,5,True,False,,,
chipmean,sentinel1,latent980,treatment_0003,P09,0.7488356084802665,P1_m3_diff,1.0808472915088538,0.8204426688531745,5,True,False,,,
chipmean,sentinel1,latent980,treatment_0004,P09,0.6522762410655776,P1_m3_diff,0.8875042718579275,0.744564938298526,5,True,False,,,
chipmean,sentinel1,latent980,treatment_0005,P09,0.6694594003706416,P1_m3_diff,0.9864091912626708,0.7118043433191952,5,True,False,,,
chipmean,sentinel1,latent980,treatment_0006,P09,0.7844007357186885,P1_m3_diff,1.1109669447076371,0.864221025862516,5,True,False,,,
chipmean,sentinel1,latent980,treatment_0007,P09,0.589883929959075,P1_m3_diff,0.8236986182211299,0.6779926510784912,5,True,False,,,
chipmean,sentinel1,latent980,treatment_0008,P09,0.6469887267094593,P1_m3_diff,0.958252443690432,0.7359280243780669,5,True,False,,,
chipmean,sentinel1,latent980,treatment_0009,P09,0.66845976442502,P1_m3_diff,0.9602758874212359,0.7567206713833817,5,True,False,,,
chipmean,sentinel1,latent980,treatment_0010,P09,0.6599268884028048,P1_m3_diff,0.9474772334692511,0.7379595871701035,5,True,False,,,
chipmean,sentinel1,latent980,treatment_0001,P10,0.7269207557699362,P1_m3_diff,1.0868496789836022,0.7885064159078694,6,True,False,,,
chipmean,sentinel1,latent980,treatment_0002,P10,0.7331579190230583,P1_m3_diff,1.0533124429081424,0.749889581069848,6,True,False,,,
chipmean,sentinel1,latent980,treatment_0003,P10,0.753285993593817,P1_m3_diff,1.1102223880773476,0.7255446072446076,6,False,False,,,
chipmean,sentinel1,latent980,treatment_0004,P10,0.6462562086575866,P1_m3_diff,0.9211476797289373,0.6246714698885713,6,True,False,,,
chipmean,sentinel1,latent980,treatment_0005,P10,0.63521889860006,P1_m3_diff,0.9260838317247624,0.6281348984695043,6,True,False,,,
chipmean,sentinel1,latent980,treatment_0006,P10,0.7767372266469,P1_m3_diff,1.1166394459632252,0.8204111671938207,6,True,False,,,
chipmean,sentinel1,latent980,treatment_0007,P10,0.5994797237897904,P1_m3_diff,0.8527913509639395,0.5587008389729747,6,False,False,,,
chipmean,sentinel1,latent980,treatment_0008,P10,0.6687783827794316,P1_m3_diff,0.9796240308878468,0.6307914552658823,6,False,False,,,
chipmean,sentinel1,latent980,treatment_0009,P10,0.6844538380922334,P1_m3_diff,0.986383224707799,0.6773015631755844,6,True,False,,,
chipmean,sentinel1,latent980,treatment_0010,P10,0.6710055631733204,P1_m3_diff,0.9946089581851995,0.6458207952945119,6,False,False,,,
chipmean,sentinel2,latent980,treatment_0001,P09,1.0143449344806668,P1_m3,1.4483190903316088,0.8229107275553573,5,False,False,,,
chipmean,sentinel2,latent980,treatment_0002,P09,1.0690688891447713,P1_m3,1.1662983293288705,0.6577506484196984,5,False,False,,,
chipmean,sentinel2,latent980,treatment_0003,P09,0.752510328546121,P1_m3,0.8614997606997571,0.7172418952814773,5,True,False,,,
chipmean,sentinel2,latent980,treatment_0004,P09,1.2282074153056863,P1_m3,1.4451887899283908,1.1132489797585192,5,True,False,,,
chipmean,sentinel2,latent980,treatment_0005,P09,1.0402817014960961,P1_m3,1.3616166167286687,1.0307622789356983,5,True,False,,,
chipmean,sentinel2,latent980,treatment_0006,P09,0.893519107215024,P1_m3,0.9972798326268126,0.9966691347572251,5,True,False,,,
chipmean,sentinel2,latent980,treatment_0007,P09,0.9569624282222805,P1_m3,0.9742652704604493,0.7379949170747159,5,True,False,,,
chipmean,sentinel2,latent980,treatment_0008,P09,0.8475702666374225,P1_m3,0.8635431000058078,0.862515369197529,5,True,False,,,
chipmean,sentinel2,latent980,treatment_0009,P09,0.8506248839550861,P1_m3,0.7933840518177462,0.7908137217027561,5,True,True,,,
chipmean,sentinel2,latent980,treatment_0010,P09,1.262177925723428,P1_m3,1.2823474399909036,0.9247613707421598,5,True,False,,,
chipmean,sentinel2,latent980,treatment_0001,P10,1.058933619658939,P1_m3,1.187136794981529,0.9569872049833402,6,True,False,,,
chipmean,sentinel2,latent980,treatment_0002,P10,1.0538362766314358,P1_m3,1.1256801196659059,0.7753190457273091,6,True,False,,,
chipmean,sentinel2,latent980,treatment_0003,P10,0.8528252156254349,P1_m3,0.9291772002125659,0.7082889572790205,6,True,False,,,
chipmean,sentinel2,latent980,treatment_0004,P10,0.9454189577083011,P1_m3,1.155887191153904,0.8789944000991984,6,True,False,,,
chipmean,sentinel2,latent980,treatment_0005,P10,0.9513326902735654,P1_m3,1.1179009916311478,0.8254170423615222,6,True,False,,,
chipmean,sentinel2,latent980,treatment_0006,P10,0.8730197251872288,P1_m3,1.0379920897029131,0.6809732439472349,6,False,False,,,
chipmean,sentinel2,latent980,treatment_0007,P10,0.9789663210753872,P1_m3,1.0394014350921073,0.7417527622067245,6,True,False,,,
chipmean,sentinel2,latent980,treatment_0008,P10,1.0025338879059151,P1_m3,0.9711555746313235,0.6804353118007687,6,True,True,,,
chipmean,sentinel2,latent980,treatment_0009,P10,1.0608564739773978,P1_m3,0.9733041720614247,0.7112571290714079,6,True,True,,,
chipmean,sentinel2,latent980,treatment_0010,P10,1.1072973687554368,P1_m3,1.0722963150795664,0.8648358009769275,6,True,True,,,
chipmean,sentinel2,latent980,treatment_0001,P09,1.0143449344806668,P1_m3_diff,1.4769005434971931,1.1326431931702605,5,True,False,,,
chipmean,sentinel2,latent980,treatment_0002,P09,1.0690688891447713,P1_m3_diff,1.3712269993399444,0.8456399938316206,5,False,False,,,
chipmean,sentinel2,latent980,treatment_0003,P09,0.752510328546121,P1_m3_diff,1.1921449194878249,0.9016033633175249,5,True,False,,,
chipmean,sentinel2,latent980,treatment_0004,P09,1.2282074153056863,P1_m3_diff,1.6984010715300093,1.3192481568220795,5,True,False,,,
chipmean,sentinel2,latent980,treatment_0005,P09,1.0402817014960961,P1_m3_diff,1.624255262267764,1.3292760704117241,5,True,False,,,
chipmean,sentinel2,latent980,treatment_0006,P09,0.893519107215024,P1_m3_diff,1.2202993382655463,1.1534920562064532,5,True,False,,,
chipmean,sentinel2,latent980,treatment_0007,P09,0.9569624282222805,P1_m3_diff,1.1114865539922543,0.9692980954374335,5,True,False,,,
chipmean,sentinel2,latent980,treatment_0008,P09,0.8475702666374225,P1_m3_diff,1.1272513411152707,0.9365986336876406,5,True,False,,,
chipmean,sentinel2,latent980,treatment_0009,P09,0.8506248839550861,P1_m3_diff,0.8900482987920386,0.8229746314925475,5,True,False,,,
chipmean,sentinel2,latent980,treatment_0010,P09,1.262177925723428,P1_m3_diff,1.6373606577518662,1.0405429353150295,5,False,False,,,
chipmean,sentinel2,latent980,treatment_0001,P10,1.058933619658939,P1_m3_diff,1.5522222349001484,1.0304540233400208,6,False,False,,,
chipmean,sentinel2,latent980,treatment_0002,P10,1.0538362766314358,P1_m3_diff,1.4945022597731268,0.9936673626238912,6,False,False,,,
chipmean,sentinel2,latent980,treatment_0003,P10,0.8528252156254349,P1_m3_diff,0.8881223731920003,0.9282457103261748,6,True,False,,,
chipmean,sentinel2,latent980,treatment_0004,P10,0.9454189577083011,P1_m3_diff,1.4961706240279022,0.9813788713375078,6,False,False,,,
chipmean,sentinel2,latent980,treatment_0005,P10,0.9513326902735654,P1_m3_diff,1.6202996635492013,0.9962294532098767,6,False,False,,,
chipmean,sentinel2,latent980,treatment_0006,P10,0.8730197251872288,P1_m3_diff,1.006154029513167,0.8515954661848879,6,True,False,,,
chipmean,sentinel2,latent980,treatment_0007,P10,0.9789663210753872,P1_m3_diff,1.2207667567067728,0.9149985346009403,6,True,False,,,
chipmean,sentinel2,latent980,treatment_0008,P10,1.0025338879059151,P1_m3_diff,1.1896649907368888,0.6403843811653259,6,False,False,,,
chipmean,sentinel2,latent980,treatment_0009,P10,1.0608564739773978,P1_m3_diff,1.19830340973618,0.5820312819920495,6,False,False,,,
chipmean,sentinel2,latent980,treatment_0010,P10,1.1072973687554368,P1_m3_diff,1.5854408507450362,0.9999380355730737,6,False,False,,,
histfill,sentinel1,latent980,treatment_0001,P09,0.7405479122306758,P1_m3,0.83983327448021,0.6739012127657926,5,True,False,,,
histfill,sentinel1,latent980,treatment_0002,P09,0.7285589298227204,P1_m3,0.8277672629011332,0.623928784822777,5,True,False,,,
histfill,sentinel1,latent980,treatment_0003,P09,0.7488356084802665,P1_m3,0.8687820870959576,0.66622417678747,5,True,False,,,
histfill,sentinel1,latent980,treatment_0004,P09,0.6522762410655776,P1_m3,0.7393333717671752,0.6149821234279923,5,True,False,,,
histfill,sentinel1,latent980,treatment_0005,P09,0.6694594003706416,P1_m3,0.7759719263504383,0.5928531066231121,5,True,False,,,
histfill,sentinel1,latent980,treatment_0006,P09,0.7844007357186885,P1_m3,0.889876259236674,0.6807730969743074,5,True,False,,,
histfill,sentinel1,latent980,treatment_0007,P09,0.589883929959075,P1_m3,0.7015074168420081,0.5545658612295207,5,True,False,,,
histfill,sentinel1,latent980,treatment_0008,P09,0.6469887267094593,P1_m3,0.7533537258023871,0.6014254874386203,5,True,False,,,
histfill,sentinel1,latent980,treatment_0009,P09,0.66845976442502,P1_m3,0.7844646816805019,0.6284667171567235,5,True,False,,,
histfill,sentinel1,latent980,treatment_0010,P09,0.6599268884028048,P1_m3,0.7703947844736434,0.603820796705712,5,True,False,,,
histfill,sentinel1,latent980,treatment_0001,P10,0.7269207557699362,P1_m3,0.8211879622616853,0.6311256897760363,6,True,False,,,
histfill,sentinel1,latent980,treatment_0002,P10,0.7331579190230583,P1_m3,0.8263414189725306,0.5934604917020758,6,True,False,,,
histfill,sentinel1,latent980,treatment_0003,P10,0.753285993593817,P1_m3,0.8745956475935113,0.6200504749240218,6,True,False,,,
histfill,sentinel1,latent980,treatment_0004,P10,0.6462562086575866,P1_m3,0.712260269661118,0.5416574990935178,6,True,False,,,
histfill,sentinel1,latent980,treatment_0005,P10,0.63521889860006,P1_m3,0.703567207437496,0.5382610107060466,6,True,False,,,
histfill,sentinel1,latent980,treatment_0006,P10,0.7767372266469,P1_m3,0.8600705332612575,0.664211101751626,6,True,False,,,
histfill,sentinel1,latent980,treatment_0007,P10,0.5994797237897904,P1_m3,0.6759907933558501,0.4901323211028869,6,True,False,,,
histfill,sentinel1,latent980,treatment_0008,P10,0.6687783827794316,P1_m3,0.7713843002821963,0.5327870360666948,6,True,False,,,
histfill,sentinel1,latent980,treatment_0009,P10,0.6844538380922334,P1_m3,0.7592545982272768,0.5716927587436008,6,True,False,,,
histfill,sentinel1,latent980,treatment_0010,P10,0.6710055631733204,P1_m3,0.7636453324840335,0.5578757090157237,6,True,False,,,
histfill,sentinel1,latent980,treatment_0001,P09,0.7405479122306758,P1_m3_diff,1.149636308089225,0.8371039648877142,5,True,False,,,
histfill,sentinel1,latent980,treatment_0002,P09,0.7285589298227204,P1_m3_diff,1.0784042390391533,0.7662653394942751,5,True,False,,,
histfill,sentinel1,latent980,treatment_0003,P09,0.7488356084802665,P1_m3_diff,1.0808472915088538,0.8204426688531745,5,True,False,,,
histfill,sentinel1,latent980,treatment_0004,P09,0.6522762410655776,P1_m3_diff,0.8875042718579275,0.744564938298526,5,True,False,,,
histfill,sentinel1,latent980,treatment_0005,P09,0.6694594003706416,P1_m3_diff,0.9864091912626708,0.7118043433191952,5,True,False,,,
histfill,sentinel1,latent980,treatment_0006,P09,0.7844007357186885,P1_m3_diff,1.1109669447076371,0.864221025862516,5,True,False,,,
histfill,sentinel1,latent980,treatment_0007,P09,0.589883929959075,P1_m3_diff,0.8236986182211299,0.6779926510784912,5,True,False,,,
histfill,sentinel1,latent980,treatment_0008,P09,0.6469887267094593,P1_m3_diff,0.958252443690432,0.7359280243780669,5,True,False,,,
histfill,sentinel1,latent980,treatment_0009,P09,0.66845976442502,P1_m3_diff,0.9602758874212359,0.7567206713833817,5,True,False,,,
histfill,sentinel1,latent980,treatment_0010,P09,0.6599268884028048,P1_m3_diff,0.9474772334692511,0.7379595871701035,5,True,False,,,
histfill,sentinel1,latent980,treatment_0001,P10,0.7269207557699362,P1_m3_diff,1.0868496789836022,0.7885064159078694,6,True,False,,,
histfill,sentinel1,latent980,treatment_0002,P10,0.7331579190230583,P1_m3_diff,1.0533124429081424,0.749889581069848,6,True,False,,,
histfill,sentinel1,latent980,treatment_0003,P10,0.753285993593817,P1_m3_diff,1.1102223880773476,0.7255446072446076,6,False,False,,,
histfill,sentinel1,latent980,treatment_0004,P10,0.6462562086575866,P1_m3_diff,0.9211476797289373,0.6246714698885713,6,True,False,,,
histfill,sentinel1,latent980,treatment_0005,P10,0.63521889860006,P1_m3_diff,0.9260838317247624,0.6281348984695043,6,True,False,,,
histfill,sentinel1,latent980,treatment_0006,P10,0.7767372266469,P1_m3_diff,1.1166394459632252,0.8204111671938207,6,True,False,,,
histfill,sentinel1,latent980,treatment_0007,P10,0.5994797237897904,P1_m3_diff,0.8527913509639395,0.5587008389729747,6,False,False,,,
histfill,sentinel1,latent980,treatment_0008,P10,0.6687783827794316,P1_m3_diff,0.9796240308878468,0.6307914552658823,6,False,False,,,
histfill,sentinel1,latent980,treatment_0009,P10,0.6844538380922334,P1_m3_diff,0.986383224707799,0.6773015631755844,6,True,False,,,
histfill,sentinel1,latent980,treatment_0010,P10,0.6710055631733204,P1_m3_diff,0.9946089581851995,0.6458207952945119,6,False,False,,,
histfill,sentinel2,latent980,treatment_0001,P09,0.8046947300160893,P1_m3,0.9239345369475978,0.6174847270719249,5,True,False,,,
histfill,sentinel2,latent980,treatment_0002,P09,1.1475991249787725,P1_m3,1.1844681136042727,0.5196200403297357,5,False,False,,,
histfill,sentinel2,latent980,treatment_0003,P09,0.6908694824253842,P1_m3,0.815047630070835,0.7179907940837755,5,True,False,,,
histfill,sentinel2,latent980,treatment_0004,P09,1.3426299868141185,P1_m3,1.454439994949936,0.6021693432047774,5,False,False,,,
histfill,sentinel2,latent980,treatment_0005,P09,0.9455585127925324,P1_m3,1.0165938069406357,0.5053729805195121,5,False,False,,,
histfill,sentinel2,latent980,treatment_0006,P09,0.8178131500724658,P1_m3,0.8738634840049382,0.5098796951720991,5,False,False,,,
histfill,sentinel2,latent980,treatment_0007,P09,0.9582402887558875,P1_m3,1.1272268904163447,0.5884139295004235,5,False,False,,,
histfill,sentinel2,latent980,treatment_0008,P09,0.6562949501346637,P1_m3,0.7477542391706737,0.4334446955585582,5,False,False,,,
histfill,sentinel2,latent980,treatment_0009,P09,0.6039863334836955,P1_m3,0.6954740343689321,0.4682407183582152,5,True,False,,,
histfill,sentinel2,latent980,treatment_0010,P09,0.6764375314137488,P1_m3,0.7696196564962879,0.5787883869028818,5,True,False,,,
histfill,sentinel2,latent980,treatment_0001,P10,1.0307738047300938,P1_m3,1.1148739829609666,0.7096667990798262,6,False,False,,,
histfill,sentinel2,latent980,treatment_0002,P10,0.9861411976110965,P1_m3,1.0373804865546081,0.7483053216401587,6,True,False,,,
histfill,sentinel2,latent980,treatment_0003,P10,0.8195996914442678,P1_m3,0.8863026034915438,0.7209439951732572,6,True,False,,,
histfill,sentinel2,latent980,treatment_0004,P10,0.8012677020236122,P1_m3,0.9653866442673131,0.8792852570753091,6,True,False,,,
histfill,sentinel2,latent980,treatment_0005,P10,0.8683039580321215,P1_m3,0.9141536064947914,0.6417380305512792,6,True,False,,,
histfill,sentinel2,latent980,treatment_0006,P10,0.8121948740607444,P1_m3,0.8169992909165282,0.5931613974095254,6,True,False,,,
histfill,sentinel2,latent980,treatment_0007,P10,0.9739431586679118,P1_m3,0.9879302469823377,0.70004807901855,6,True,False,,,
histfill,sentinel2,latent980,treatment_0008,P10,0.9511073817317788,P1_m3,0.9927485660847466,0.5019813808318914,6,False,False,,,
histfill,sentinel2,latent980,treatment_0009,P10,1.0004253409769228,P1_m3,1.0094414706767423,0.5104717851196348,6,False,False,,,
histfill,sentinel2,latent980,treatment_0010,P10,1.0106754675293836,P1_m3,1.1191919004630702,0.585287258724009,6,False,False,,,
histfill,sentinel2,latent980,treatment_0001,P09,0.8046947300160893,P1_m3_diff,1.0869554415913407,0.9137297507518063,5,True,False,,,
histfill,sentinel2,latent980,treatment_0002,P09,1.1475991249787725,P1_m3_diff,1.2426357407354067,0.6668620550168507,5,False,False,,,
histfill,sentinel2,latent980,treatment_0003,P09,0.6908694824253842,P1_m3_diff,1.190814430942119,0.9384576347058307,5,True,False,,,
histfill,sentinel2,latent980,treatment_0004,P09,1.3426299868141185,P1_m3_diff,1.5384660579016898,0.7791823370787256,5,False,False,,,
histfill,sentinel2,latent980,treatment_0005,P09,0.9455585127925324,P1_m3_diff,1.2782573740346561,0.5774555075230821,5,False,False,,,
histfill,sentinel2,latent980,treatment_0006,P09,0.8178131500724658,P1_m3_diff,1.0528798334258798,0.5529618095807741,5,False,False,,,
histfill,sentinel2,latent980,treatment_0007,P09,0.9582402887558875,P1_m3_diff,1.1257627541673105,0.8014743045478473,5,True,False,,,
histfill,sentinel2,latent980,treatment_0008,P09,0.6562949501346637,P1_m3_diff,0.8888918815475527,0.5109711797512975,5,False,False,,,
histfill,sentinel2,latent980,treatment_0009,P09,0.6039863334836955,P1_m3_diff,0.8327727565337908,0.5647237048798159,5,True,False,,,
histfill,sentinel2,latent980,treatment_0010,P09,0.6764375314137488,P1_m3_diff,1.0922459550777759,0.7041879698316866,5,False,False,,,
histfill,sentinel2,latent980,treatment_0001,P10,1.0307738047300938,P1_m3_diff,1.3369988935136812,0.9111905766075475,6,True,False,,,
histfill,sentinel2,latent980,treatment_0002,P10,0.9861411976110965,P1_m3_diff,1.3958620793914491,0.9293671191650457,6,False,False,,,
histfill,sentinel2,latent980,treatment_0003,P10,0.8195996914442678,P1_m3_diff,0.8625929019678644,0.9563484188005462,6,True,False,,,
histfill,sentinel2,latent980,treatment_0004,P10,0.8012677020236122,P1_m3_diff,1.55297421797878,1.0352870036027475,6,False,False,,,
histfill,sentinel2,latent980,treatment_0005,P10,0.8683039580321215,P1_m3_diff,1.2472043589017696,0.8292166961415136,6,False,False,,,
histfill,sentinel2,latent980,treatment_0006,P10,0.8121948740607444,P1_m3_diff,0.8946557451979716,0.759316406641813,6,True,False,,,
histfill,sentinel2,latent980,treatment_0007,P10,0.9739431586679118,P1_m3_diff,1.1939418269098174,0.8498702300355699,6,True,False,,,
histfill,sentinel2,latent980,treatment_0008,P10,0.9511073817317788,P1_m3_diff,1.04911687644344,0.6009777608701232,6,False,False,,,
histfill,sentinel2,latent980,treatment_0009,P10,1.0004253409769228,P1_m3_diff,1.0740405657702061,0.5950518006302242,6,False,False,,,
histfill,sentinel2,latent980,treatment_0010,P10,1.0106754675293836,P1_m3_diff,1.2086142716619461,0.7698257332645797,6,False,False,,,
chipmean,sentinel1,latent980,treatment_0001,P09,0.7330067786741923,X_donors_m3,1.0471604390935558,1.040445641615913,0,True,False,5.0,,True
chipmean,sentinel1,latent980,treatment_0001,P09,0.7330067786741923,X_hybrid_m3,0.8415890172070732,0.8579608087927907,5,True,False,5.0,0.7530184185852211,False
chipmean,sentinel1,latent980,treatment_0001,P09,0.7330067786741923,X_blocks_m3,0.7840040335168823,0.7784034919959554,5,True,False,0.0,,True
chipmean,sentinel1,latent980,treatment_0002,P09,0.7213942690743355,X_donors_m3,1.0817539346573173,1.0173936584195755,0,True,False,5.0,,False
chipmean,sentinel1,latent980,treatment_0002,P09,0.7213942690743355,X_hybrid_m3,0.7183857341866167,0.7052728578184928,5,True,True,5.0,0.8771256973893378,True
chipmean,sentinel1,latent980,treatment_0002,P09,0.7213942690743355,X_blocks_m3,0.7711643148359887,0.7284218446652583,5,True,False,0.0,,True
chipmean,sentinel1,latent980,treatment_0003,P09,0.743235322796114,X_donors_m3,0.9991698570216881,0.9916367043886554,0,True,False,5.0,,True
chipmean,sentinel1,latent980,treatment_0003,P09,0.743235322796114,X_hybrid_m3,0.7745288146588812,0.7750820710930875,5,True,False,5.0,0.8213509259462944,True
chipmean,sentinel1,latent980,treatment_0003,P09,0.743235322796114,X_blocks_m3,0.7695433885769155,0.7737588385383549,5,True,False,0.0,,True
chipmean,sentinel1,latent980,treatment_0004,P09,0.6488096654148676,X_donors_m3,0.9476424087582427,0.9789263832923504,0,True,False,3.0,,True
chipmean,sentinel1,latent980,treatment_0004,P09,0.6488096654148676,X_hybrid_m3,0.5542800169126909,0.6144752022998278,5,True,True,3.0,0.8674488313011502,True
chipmean,sentinel1,latent980,treatment_0004,P09,0.6488096654148676,X_blocks_m3,0.6578882734319863,0.71332709142438,5,True,False,0.0,,True
chipmean,sentinel1,latent980,treatment_0005,P09,0.6642415369921404,X_donors_m3,0.9600168141728256,0.9014670305261538,0,True,False,4.0,,True
chipmean,sentinel1,latent980,treatment_0005,P09,0.6642415369921404,X_hybrid_m3,0.7525091902758725,0.6950878249232594,5,True,False,4.0,0.8108216161555382,False
chipmean,sentinel1,latent980,treatment_0005,P09,0.6642415369921404,X_blocks_m3,0.6946425044199125,0.689389079456135,5,True,False,0.0,,True
chipmean,sentinel1,latent980,treatment_0006,P09,0.7774994322144978,X_donors_m3,1.0277470433383311,1.0347457387856043,0,True,False,5.0,,True
chipmean,sentinel1,latent980,treatment_0006,P09,0.7774994322144978,X_hybrid_m3,0.8094250247319466,0.7857364212288563,5,True,False,5.0,0.8441347578367394,True
chipmean,sentinel1,latent980,treatment_0006,P09,0.7774994322144978,X_blocks_m3,0.8184058266649813,0.7880262912061667,5,True,False,0.0,,False
chipmean,sentinel1,latent980,treatment_0007,P09,0.5847053290131708,X_donors_m3,0.936257191608054,0.9199545248857431,0,True,False,5.0,,True
chipmean,sentinel1,latent980,treatment_0007,P09,0.5847053290131708,X_hybrid_m3,0.6392860978937749,0.6701908224546371,5,True,False,5.0,0.8311221785108227,True
chipmean,sentinel1,latent980,treatment_0007,P09,0.5847053290131708,X_blocks_m3,0.6100715045749826,0.6572939488680003,5,True,False,0.0,,True
chipmean,sentinel1,latent980,treatment_0008,P09,0.6428506730655584,X_donors_m3,1.052508431847205,0.9373219842368363,0,True,False,5.0,,False
chipmean,sentinel1,latent980,treatment_0008,P09,0.6428506730655584,X_hybrid_m3,0.779865675308966,0.7204440870954434,5,True,False,5.0,0.8256129920096524,False
chipmean,sentinel1,latent980,treatment_0008,P09,0.6428506730655584,X_blocks_m3,0.6742474479868208,0.6974386890942006,5,True,False,0.0,,True
chipmean,sentinel1,latent980,treatment_0009,P09,0.663050711366829,X_donors_m3,1.0108818559888777,0.9986324304688465,0,True,False,5.0,,True
chipmean,sentinel1,latent980,treatment_0009,P09,0.663050711366829,X_hybrid_m3,0.7034936837472349,0.7168840106098835,5,True,False,5.0,0.8619534051411334,True
chipmean,sentinel1,latent980,treatment_0009,P09,0.663050711366829,X_blocks_m3,0.6985902794789149,0.7260202778427484,5,True,False,0.0,,False
chipmean,sentinel1,latent980,treatment_0010,P09,0.6567508396324037,X_donors_m3,0.9913653524303729,1.0129354611838588,0,True,False,5.0,,False
chipmean,sentinel1,latent980,treatment_0010,P09,0.6567508396324037,X_hybrid_m3,0.646700315360551,0.6666162978642811,5,True,True,5.0,0.8942917248557094,True
chipmean,sentinel1,latent980,treatment_0010,P09,0.6567508396324037,X_blocks_m3,0.6796758024009175,0.7052337831554761,5,True,False,0.0,,False
chipmean,sentinel1,latent980,treatment_0001,P10,0.7227511443444575,X_donors_m3,1.0040697563455727,1.0476892762569625,0,True,False,5.0,,True
chipmean,sentinel1,latent980,treatment_0001,P10,0.7227511443444575,X_hybrid_m3,0.7713616598306543,0.8269790431420146,6,True,False,5.0,0.8395927190505398,False
chipmean,sentinel1,latent980,treatment_0001,P10,0.7227511443444575,X_blocks_m3,0.7456262927014726,0.7558721650732749,6,True,False,0.0,,False
chipmean,sentinel1,latent980,treatment_0002,P10,0.7263415509992999,X_donors_m3,1.0828865825630773,1.049755339617691,0,True,False,5.0,,False
chipmean,sentinel1,latent980,treatment_0002,P10,0.7263415509992999,X_hybrid_m3,0.8326915227992631,0.6826959649528818,6,True,False,5.0,0.9379474306605396,False
chipmean,sentinel1,latent980,treatment_0002,P10,0.7263415509992999,X_blocks_m3,0.7515780736054483,0.7137513196282212,6,True,False,0.0,,False
chipmean,sentinel1,latent980,treatment_0003,P10,0.7499124797055267,X_donors_m3,1.0046908940488237,0.986184962928202,0,True,False,5.0,,True
chipmean,sentinel1,latent980,treatment_0003,P10,0.7499124797055267,X_hybrid_m3,0.7389906196917203,0.7469415478677444,6,True,True,5.0,0.8541692165323909,True
chipmean,sentinel1,latent980,treatment_0003,P10,0.7499124797055267,X_blocks_m3,0.7607518090975626,0.7414665740748622,6,True,False,0.0,,True
chipmean,sentinel1,latent980,treatment_0004,P10,0.6435291050464366,X_donors_m3,1.0020491065030583,0.9605273561027846,0,True,False,3.0,,True
chipmean,sentinel1,latent980,treatment_0004,P10,0.6435291050464366,X_hybrid_m3,0.5988061505976435,0.5581674691463198,6,True,True,3.0,0.8905533138644037,True
chipmean,sentinel1,latent980,treatment_0004,P10,0.6435291050464366,X_blocks_m3,0.6629035216286274,0.6561209904968548,6,True,False,0.0,,False
chipmean,sentinel1,latent980,treatment_0005,P10,0.6310361403163858,X_donors_m3,0.9348635877339669,0.8960203636898334,0,True,False,4.0,,True
chipmean,sentinel1,latent980,treatment_0005,P10,0.6310361403163858,X_hybrid_m3,0.7308264101280435,0.6700442597878985,6,True,False,4.0,0.8299925390259579,False
chipmean,sentinel1,latent980,treatment_0005,P10,0.6310361403163858,X_blocks_m3,0.6358140333941871,0.6561093534231836,6,True,False,0.0,,False
chipmean,sentinel1,latent980,treatment_0006,P10,0.7707126846653085,X_donors_m3,1.0775114591703177,1.0401300861626104,0,True,False,5.0,,False
chipmean,sentinel1,latent980,treatment_0006,P10,0.7707126846653085,X_hybrid_m3,0.775404721478113,0.7906759527649702,6,True,False,5.0,0.8501951938626149,True
chipmean,sentinel1,latent980,treatment_0006,P10,0.7707126846653085,X_blocks_m3,0.7762250890621334,0.784473788004905,6,True,False,0.0,,True
chipmean,sentinel1,latent980,treatment_0007,P10,0.5941330248592782,X_donors_m3,0.9190914311095659,0.9255178278598065,0,True,False,5.0,,True
chipmean,sentinel1,latent980,treatment_0007,P10,0.5941330248592782,X_hybrid_m3,0.6123597032326362,0.6469069477117794,6,True,False,5.0,0.8832931802724789,True
chipmean,sentinel1,latent980,treatment_0007,P10,0.5941330248592782,X_blocks_m3,0.6123448282766454,0.5968230910617989,6,True,False,0.0,,True
chipmean,sentinel1,latent980,treatment_0008,P10,0.6646255426320433,X_donors_m3,0.9024982824067471,0.9376596913806484,0,True,False,5.0,,True
chipmean,sentinel1,latent980,treatment_0008,P10,0.6646255426320433,X_hybrid_m3,0.6956766458192316,0.6829171403480218,6,True,False,5.0,0.8607431396253563,False
chipmean,sentinel1,latent980,treatment_0008,P10,0.6646255426320433,X_blocks_m3,0.6807890602471074,0.6478229190317638,6,True,False,0.0,,False
chipmean,sentinel1,latent980,treatment_0009,P10,0.6793752218779436,X_donors_m3,1.0222044766906335,0.9940970189035744,0,True,False,5.0,,False
chipmean,sentinel1,latent980,treatment_0009,P10,0.6793752218779436,X_hybrid_m3,0.6793727396779093,0.6833819033767363,6,True,True,5.0,0.8923837427945345,True
chipmean,sentinel1,latent980,treatment_0009,P10,0.6793752218779436,X_blocks_m3,0.6903541046939735,0.6842163382234272,6,True,False,0.0,,False
chipmean,sentinel1,latent980,treatment_0010,P10,0.6669206069308439,X_donors_m3,0.9529646120568052,0.9996063870377723,0,True,False,5.0,,True
chipmean,sentinel1,latent980,treatment_0010,P10,0.6669206069308439,X_hybrid_m3,0.6036622941823457,0.6203703052624737,6,True,True,5.0,0.918103573538943,True
chipmean,sentinel1,latent980,treatment_0010,P10,0.6669206069308439,X_blocks_m3,0.6757064216016031,0.665239468281206,6,True,False,0.0,,False
chipmean,sentinel2,latent980,treatment_0001,P09,1.0021065123427781,X_donors_m3,1.0559292005300727,1.183244121211971,0,True,False,5.0,,True
chipmean,sentinel2,latent980,treatment_0001,P09,1.0021065123427781,X_hybrid_m3,1.216142445873888,0.9034810403940232,5,True,False,5.0,0.6521431800219696,False
chipmean,sentinel2,latent980,treatment_0001,P09,1.0021065123427781,X_blocks_m3,1.4733569807124773,0.8976329408048792,5,False,False,0.0,,False
chipmean,sentinel2,latent980,treatment_0002,P09,1.0425412588431828,X_donors_m3,1.1343841081023154,0.9051420787787392,0,True,False,4.0,,True
chipmean,sentinel2,latent980,treatment_0002,P09,1.0425412588431828,X_hybrid_m3,1.040428117129526,0.7262127051537056,5,True,True,4.0,0.6921029073394322,True
chipmean,sentinel2,latent980,treatment_0002,P09,1.0425412588431828,X_blocks_m3,1.1068630853527428,0.7434172298982464,5,True,False,0.0,,False
chipmean,sentinel2,latent980,treatment_0003,P09,0.7433654977690758,X_donors_m3,0.7260917097941967,0.9445417979762435,0,True,True,5.0,,True
chipmean,sentinel2,latent980,treatment_0003,P09,0.7433654977690758,X_hybrid_m3,0.658758344339505,0.7352381399873555,5,True,True,5.0,0.7751988761842585,True
chipmean,sentinel2,latent980,treatment_0003,P09,0.7433654977690758,X_blocks_m3,0.8110655571323818,0.823558037606726,5,True,False,0.0,,False
chipmean,sentinel2,latent980,treatment_0004,P09,1.2042782676632835,X_donors_m3,1.3335431944866076,1.251815143050519,0,True,False,3.0,,True
chipmean,sentinel2,latent980,treatment_0004,P09,1.2042782676632835,X_hybrid_m3,1.119978908622972,1.077069947664594,5,True,True,3.0,0.6914713804652284,True
chipmean,sentinel2,latent980,treatment_0004,P09,1.2042782676632835,X_blocks_m3,1.2944173727067436,1.2252820904277688,5,True,False,0.0,,False
chipmean,sentinel2,latent980,treatment_0005,P09,1.029364792559264,X_donors_m3,1.2441273710192902,1.0585277803513296,0,True,False,4.0,,False
chipmean,sentinel2,latent980,treatment_0005,P09,1.029364792559264,X_hybrid_m3,1.1794327913567242,0.9914588037118787,5,True,False,4.0,0.3827633827696935,False
chipmean,sentinel2,latent980,treatment_0005,P09,1.029364792559264,X_blocks_m3,1.3231562740930731,1.1274284761499802,5,True,False,0.0,,False
chipmean,sentinel2,latent980,treatment_0006,P09,0.8762522616813598,X_donors_m3,1.0851265293783963,1.0717453771297907,0,True,False,5.0,,True
chipmean,sentinel2,latent980,treatment_0006,P09,0.8762522616813598,X_hybrid_m3,0.8006524469915406,0.9925596545641086,5,True,True,5.0,0.5298001798489825,True
chipmean,sentinel2,latent980,treatment_0006,P09,0.8762522616813598,X_blocks_m3,0.8332203429039242,1.0815627062313748,5,True,True,0.0,,True
chipmean,sentinel2,latent980,treatment_0007,P09,0.9443426383339529,X_donors_m3,1.0478368356984455,0.8353722917999554,0,True,False,5.0,,False
chipmean,sentinel2,latent980,treatment_0007,P09,0.9443426383339529,X_hybrid_m3,0.9084213433901113,0.7225304669674457,5,True,True,5.0,0.488687913100958,False
chipmean,sentinel2,latent980,treatment_0007,P09,0.9443426383339529,X_blocks_m3,0.8984396518782036,0.8202503678672194,5,True,True,0.0,,True
chipmean,sentinel2,latent980,treatment_0008,P09,0.8392384043775168,X_donors_m3,0.81285849166582,0.9024624994188482,0,True,True,5.0,,True
chipmean,sentinel2,latent980,treatment_0008,P09,0.8392384043775168,X_hybrid_m3,0.751669660639733,0.8331463919379414,5,True,True,5.0,0.3771071590470564,True
chipmean,sentinel2,latent980,treatment_0008,P09,0.8392384043775168,X_blocks_m3,0.8141740055283526,0.9517828586007243,5,True,True,0.0,,True
chipmean,sentinel2,latent980,treatment_0009,P09,0.8436253654515877,X_donors_m3,0.8372975416632085,0.8189259168284767,0,True,True,5.0,,True
chipmean,sentinel2,latent980,treatment_0009,P09,0.8436253654515877,X_hybrid_m3,0.7334890013686882,0.6838133513255582,5,True,True,5.0,0.46972968032811574,True
chipmean,sentinel2,latent980,treatment_0009,P09,0.8436253654515877,X_blocks_m3,0.7398144670697502,0.8627560318305991,5,True,True,0.0,,True
chipmean,sentinel2,latent980,treatment_0010,P09,1.2331285658638205,X_donors_m3,0.844529378041637,1.0317688646496703,0,True,True,5.0,,True
chipmean,sentinel2,latent980,treatment_0010,P09,1.2331285658638205,X_hybrid_m3,0.9103416642977771,0.9118566920098284,5,True,True,5.0,0.48776196685248796,True
chipmean,sentinel2,latent980,treatment_0010,P09,1.2331285658638205,X_blocks_m3,1.2639127933515553,1.0240890993742486,5,True,False,0.0,,True
chipmean,sentinel2,latent980,treatment_0001,P10,1.0457790758149537,X_donors_m3,1.22872739891783,1.0608574094851735,0,True,False,5.0,,False
chipmean,sentinel2,latent980,treatment_0001,P10,1.0457790758149537,X_hybrid_m3,1.0949902027317975,0.9337407910801119,6,True,False,5.0,0.4947971537482674,False
chipmean,sentinel2,latent980,treatment_0001,P10,1.0457790758149537,X_blocks_m3,1.0457188177112668,1.085450759176583,6,True,True,0.0,,False
chipmean,sentinel2,latent980,treatment_0002,P10,1.0340431038528994,X_donors_m3,1.1687419184505607,1.0331636870895717,0,True,False,4.0,,False
chipmean,sentinel2,latent980,treatment_0002,P10,1.0340431038528994,X_hybrid_m3,1.0748948258452666,0.8587273749133294,6,True,False,4.0,0.8219325237414855,False
chipmean,sentinel2,latent980,treatment_0002,P10,1.0340431038528994,X_blocks_m3,1.1044870575730723,0.8986766505792356,6,True,False,0.0,,False
chipmean,sentinel2,latent980,treatment_0003,P10,0.8391738164959586,X_donors_m3,0.7885547080345993,0.922184091174362,0,True,True,5.0,,True
chipmean,sentinel2,latent980,treatment_0003,P10,0.8391738164959586,X_hybrid_m3,0.7686689177384839,0.742418291586984,6,True,True,5.0,0.6780957855422984,False
chipmean,sentinel2,latent980,treatment_0003,P10,0.8391738164959586,X_blocks_m3,0.8345802764663229,0.836969389613431,6,True,True,0.0,,True
chipmean,sentinel2,latent980,treatment_0004,P10,0.9322832631966691,X_donors_m3,1.3417607503316638,1.2198523928383083,0,True,False,3.0,,False
chipmean,sentinel2,latent980,treatment_0004,P10,0.9322832631966691,X_hybrid_m3,1.229422205788174,0.9301556259221171,6,True,False,3.0,0.8689665667857559,False
chipmean,sentinel2,latent980,treatment_0004,P10,0.9322832631966691,X_blocks_m3,1.0389675565370429,1.0128848642332413,6,True,False,0.0,,False
chipmean,sentinel2,latent980,treatment_0005,P10,0.936247180489791,X_donors_m3,0.9313936779470197,0.9936625647351093,0,True,True,4.0,,True
chipmean,sentinel2,latent980,treatment_0005,P10,0.936247180489791,X_hybrid_m3,0.9342574384510842,0.9180543673442061,6,True,True,4.0,0.45046333725478976,True
chipmean,sentinel2,latent980,treatment_0005,P10,0.936247180489791,X_blocks_m3,1.00833259824355,0.9700798482485966,6,True,False,0.0,,False
chipmean,sentinel2,latent980,treatment_0006,P10,0.8605805519421318,X_donors_m3,0.9959099758407655,0.9614618590710045,0,True,False,5.0,,True
chipmean,sentinel2,latent980,treatment_0006,P10,0.8605805519421318,X_hybrid_m3,0.8379564762992339,0.7379954550350941,6,True,True,5.0,0.7404651537904725,False
chipmean,sentinel2,latent980,treatment_0006,P10,0.8605805519421318,X_blocks_m3,0.9194457893887713,0.7930767802474685,6,True,False,0.0,,False
chipmean,sentinel2,latent980,treatment_0007,P10,0.9633754687188856,X_donors_m3,0.8910528589808895,0.9545542173949245,0,True,True,5.0,,True
chipmean,sentinel2,latent980,treatment_0007,P10,0.9633754687188856,X_hybrid_m3,0.9283267513881186,0.8072352136715869,6,True,True,5.0,0.6556911057489715,False
chipmean,sentinel2,latent980,treatment_0007,P10,0.9633754687188856,X_blocks_m3,0.9963199940608226,0.8485479455986419,6,True,False,0.0,,False
chipmean,sentinel2,latent980,treatment_0008,P10,0.9888173840273378,X_donors_m3,1.022327007778521,0.7629841169725752,0,True,False,5.0,,True
chipmean,sentinel2,latent980,treatment_0008,P10,0.9888173840273378,X_hybrid_m3,0.9795530005302981,0.6879503257874163,6,True,True,5.0,0.4072588182848753,False
chipmean,sentinel2,latent980,treatment_0008,P10,0.9888173840273378,X_blocks_m3,0.9222329473281278,0.7847545012172273,6,True,True,0.0,,True
chipmean,sentinel2,latent980,treatment_0009,P10,1.043998861193923,X_donors_m3,1.1654289704963736,0.7573581402974319,0,False,False,5.0,,True
chipmean,sentinel2,latent980,treatment_0009,P10,1.043998861193923,X_hybrid_m3,1.0186465208090911,0.6170662659683375,6,False,True,5.0,0.5769279190009294,False
chipmean,sentinel2,latent980,treatment_0009,P10,1.043998861193923,X_blocks_m3,0.9459394574855429,0.7834283289329318,6,True,True,0.0,,True
chipmean,sentinel2,latent980,treatment_0010,P10,1.0863344264162793,X_donors_m3,1.0672891321217228,0.9183036215046241,0,True,True,5.0,,True
chipmean,sentinel2,latent980,treatment_0010,P10,1.0863344264162793,X_hybrid_m3,0.9529905211413131,0.8013029595591697,6,True,True,5.0,0.47021007534738174,True
chipmean,sentinel2,latent980,treatment_0010,P10,1.0863344264162793,X_blocks_m3,0.9925812894461974,1.0009233646391225,6,True,True,0.0,,True
histfill,sentinel1,latent980,treatment_0001,P09,0.7330067786741923,X_donors_m3,1.0471604390935558,1.040445641615913,0,True,False,5.0,,True
histfill,sentinel1,latent980,treatment_0001,P09,0.7330067786741923,X_hybrid_m3,0.8415890172070732,0.8579608087927907,5,True,False,5.0,0.7530184185852211,False
histfill,sentinel1,latent980,treatment_0001,P09,0.7330067786741923,X_blocks_m3,0.7840040335168823,0.7784034919959554,5,True,False,0.0,,True
histfill,sentinel1,latent980,treatment_0002,P09,0.7213942690743355,X_donors_m3,1.0817539346573173,1.0173936584195755,0,True,False,5.0,,False
histfill,sentinel1,latent980,treatment_0002,P09,0.7213942690743355,X_hybrid_m3,0.7183857341866167,0.7052728578184928,5,True,True,5.0,0.8771256973893378,True
histfill,sentinel1,latent980,treatment_0002,P09,0.7213942690743355,X_blocks_m3,0.7711643148359887,0.7284218446652583,5,True,False,0.0,,True
histfill,sentinel1,latent980,treatment_0003,P09,0.743235322796114,X_donors_m3,0.9991698570216881,0.9916367043886554,0,True,False,5.0,,True
histfill,sentinel1,latent980,treatment_0003,P09,0.743235322796114,X_hybrid_m3,0.7745288146588812,0.7750820710930875,5,True,False,5.0,0.8213509259462944,True
histfill,sentinel1,latent980,treatment_0003,P09,0.743235322796114,X_blocks_m3,0.7695433885769155,0.7737588385383549,5,True,False,0.0,,True
histfill,sentinel1,latent980,treatment_0004,P09,0.6488096654148676,X_donors_m3,0.9476424087582427,0.9789263832923504,0,True,False,3.0,,True
histfill,sentinel1,latent980,treatment_0004,P09,0.6488096654148676,X_hybrid_m3,0.5542800169126909,0.6144752022998278,5,True,True,3.0,0.8674488313011502,True
histfill,sentinel1,latent980,treatment_0004,P09,0.6488096654148676,X_blocks_m3,0.6578882734319863,0.71332709142438,5,True,False,0.0,,True
histfill,sentinel1,latent980,treatment_0005,P09,0.6642415369921404,X_donors_m3,0.9600168141728256,0.9014670305261538,0,True,False,4.0,,True
histfill,sentinel1,latent980,treatment_0005,P09,0.6642415369921404,X_hybrid_m3,0.7525091902758725,0.6950878249232594,5,True,False,4.0,0.8108216161555382,False
histfill,sentinel1,latent980,treatment_0005,P09,0.6642415369921404,X_blocks_m3,0.6946425044199125,0.689389079456135,5,True,False,0.0,,True
histfill,sentinel1,latent980,treatment_0006,P09,0.7774994322144978,X_donors_m3,1.0277470433383311,1.0347457387856043,0,True,False,5.0,,True
histfill,sentinel1,latent980,treatment_0006,P09,0.7774994322144978,X_hybrid_m3,0.8094250247319466,0.7857364212288563,5,True,False,5.0,0.8441347578367394,True
histfill,sentinel1,latent980,treatment_0006,P09,0.7774994322144978,X_blocks_m3,0.8184058266649813,0.7880262912061667,5,True,False,0.0,,False
histfill,sentinel1,latent980,treatment_0007,P09,0.5847053290131708,X_donors_m3,0.936257191608054,0.9199545248857431,0,True,False,5.0,,True
histfill,sentinel1,latent980,treatment_0007,P09,0.5847053290131708,X_hybrid_m3,0.6392860978937749,0.6701908224546371,5,True,False,5.0,0.8311221785108227,True
histfill,sentinel1,latent980,treatment_0007,P09,0.5847053290131708,X_blocks_m3,0.6100715045749826,0.6572939488680003,5,True,False,0.0,,True
histfill,sentinel1,latent980,treatment_0008,P09,0.6428506730655584,X_donors_m3,1.052508431847205,0.9373219842368363,0,True,False,5.0,,False
histfill,sentinel1,latent980,treatment_0008,P09,0.6428506730655584,X_hybrid_m3,0.779865675308966,0.7204440870954434,5,True,False,5.0,0.8256129920096524,False
histfill,sentinel1,latent980,treatment_0008,P09,0.6428506730655584,X_blocks_m3,0.6742474479868208,0.6974386890942006,5,True,False,0.0,,True
histfill,sentinel1,latent980,treatment_0009,P09,0.663050711366829,X_donors_m3,1.0108818559888777,0.9986324304688465,0,True,False,5.0,,True
histfill,sentinel1,latent980,treatment_0009,P09,0.663050711366829,X_hybrid_m3,0.7034936837472349,0.7168840106098835,5,True,False,5.0,0.8619534051411334,True
histfill,sentinel1,latent980,treatment_0009,P09,0.663050711366829,X_blocks_m3,0.6985902794789149,0.7260202778427484,5,True,False,0.0,,False
histfill,sentinel1,latent980,treatment_0010,P09,0.6567508396324037,X_donors_m3,0.9913653524303729,1.0129354611838588,0,True,False,5.0,,False
histfill,sentinel1,latent980,treatment_0010,P09,0.6567508396324037,X_hybrid_m3,0.646700315360551,0.6666162978642811,5,True,True,5.0,0.8942917248557094,True
histfill,sentinel1,latent980,treatment_0010,P09,0.6567508396324037,X_blocks_m3,0.6796758024009175,0.7052337831554761,5,True,False,0.0,,False
histfill,sentinel1,latent980,treatment_0001,P10,0.7227511443444575,X_donors_m3,1.0040697563455727,1.0476892762569625,0,True,False,5.0,,True
histfill,sentinel1,latent980,treatment_0001,P10,0.7227511443444575,X_hybrid_m3,0.7713616598306543,0.8269790431420146,6,True,False,5.0,0.8395927190505398,False
histfill,sentinel1,latent980,treatment_0001,P10,0.7227511443444575,X_blocks_m3,0.7456262927014726,0.7558721650732749,6,True,False,0.0,,False
histfill,sentinel1,latent980,treatment_0002,P10,0.7263415509992999,X_donors_m3,1.0828865825630773,1.049755339617691,0,True,False,5.0,,False
histfill,sentinel1,latent980,treatment_0002,P10,0.7263415509992999,X_hybrid_m3,0.8326915227992631,0.6826959649528818,6,True,False,5.0,0.9379474306605396,False
histfill,sentinel1,latent980,treatment_0002,P10,0.7263415509992999,X_blocks_m3,0.7515780736054483,0.7137513196282212,6,True,False,0.0,,False
histfill,sentinel1,latent980,treatment_0003,P10,0.7499124797055267,X_donors_m3,1.0046908940488237,0.986184962928202,0,True,False,5.0,,True
histfill,sentinel1,latent980,treatment_0003,P10,0.7499124797055267,X_hybrid_m3,0.7389906196917203,0.7469415478677444,6,True,True,5.0,0.8541692165323909,True
histfill,sentinel1,latent980,treatment_0003,P10,0.7499124797055267,X_blocks_m3,0.7607518090975626,0.7414665740748622,6,True,False,0.0,,True
histfill,sentinel1,latent980,treatment_0004,P10,0.6435291050464366,X_donors_m3,1.0020491065030583,0.9605273561027846,0,True,False,3.0,,True
histfill,sentinel1,latent980,treatment_0004,P10,0.6435291050464366,X_hybrid_m3,0.5988061505976435,0.5581674691463198,6,True,True,3.0,0.8905533138644037,True
histfill,sentinel1,latent980,treatment_0004,P10,0.6435291050464366,X_blocks_m3,0.6629035216286274,0.6561209904968548,6,True,False,0.0,,False
histfill,sentinel1,latent980,treatment_0005,P10,0.6310361403163858,X_donors_m3,0.9348635877339669,0.8960203636898334,0,True,False,4.0,,True
histfill,sentinel1,latent980,treatment_0005,P10,0.6310361403163858,X_hybrid_m3,0.7308264101280435,0.6700442597878985,6,True,False,4.0,0.8299925390259579,False
histfill,sentinel1,latent980,treatment_0005,P10,0.6310361403163858,X_blocks_m3,0.6358140333941871,0.6561093534231836,6,True,False,0.0,,False
histfill,sentinel1,latent980,treatment_0006,P10,0.7707126846653085,X_donors_m3,1.0775114591703177,1.0401300861626104,0,True,False,5.0,,False
histfill,sentinel1,latent980,treatment_0006,P10,0.7707126846653085,X_hybrid_m3,0.775404721478113,0.7906759527649702,6,True,False,5.0,0.8501951938626149,True
histfill,sentinel1,latent980,treatment_0006,P10,0.7707126846653085,X_blocks_m3,0.7762250890621334,0.784473788004905,6,True,False,0.0,,True
histfill,sentinel1,latent980,treatment_0007,P10,0.5941330248592782,X_donors_m3,0.9190914311095659,0.9255178278598065,0,True,False,5.0,,True
histfill,sentinel1,latent980,treatment_0007,P10,0.5941330248592782,X_hybrid_m3,0.6123597032326362,0.6469069477117794,6,True,False,5.0,0.8832931802724789,True
histfill,sentinel1,latent980,treatment_0007,P10,0.5941330248592782,X_blocks_m3,0.6123448282766454,0.5968230910617989,6,True,False,0.0,,True
histfill,sentinel1,latent980,treatment_0008,P10,0.6646255426320433,X_donors_m3,0.9024982824067471,0.9376596913806484,0,True,False,5.0,,True
histfill,sentinel1,latent980,treatment_0008,P10,0.6646255426320433,X_hybrid_m3,0.6956766458192316,0.6829171403480218,6,True,False,5.0,0.8607431396253563,False
histfill,sentinel1,latent980,treatment_0008,P10,0.6646255426320433,X_blocks_m3,0.6807890602471074,0.6478229190317638,6,True,False,0.0,,False
histfill,sentinel1,latent980,treatment_0009,P10,0.6793752218779436,X_donors_m3,1.0222044766906335,0.9940970189035744,0,True,False,5.0,,False
histfill,sentinel1,latent980,treatment_0009,P10,0.6793752218779436,X_hybrid_m3,0.6793727396779093,0.6833819033767363,6,True,True,5.0,0.8923837427945345,True
histfill,sentinel1,latent980,treatment_0009,P10,0.6793752218779436,X_blocks_m3,0.6903541046939735,0.6842163382234272,6,True,False,0.0,,False
histfill,sentinel1,latent980,treatment_0010,P10,0.6669206069308439,X_donors_m3,0.9529646120568052,0.9996063870377723,0,True,False,5.0,,True
histfill,sentinel1,latent980,treatment_0010,P10,0.6669206069308439,X_hybrid_m3,0.6036622941823457,0.6203703052624737,6,True,True,5.0,0.918103573538943,True
histfill,sentinel1,latent980,treatment_0010,P10,0.6669206069308439,X_blocks_m3,0.6757064216016031,0.665239468281206,6,True,False,0.0,,False
histfill,sentinel2,latent980,treatment_0001,P09,0.7841205351884597,X_donors_m3,1.12910165716669,1.106462849877693,0,True,False,5.0,,True
histfill,sentinel2,latent980,treatment_0001,P09,0.7841205351884597,X_hybrid_m3,0.7343442999738343,0.710278725711865,5,True,True,5.0,0.890437693616889,True
histfill,sentinel2,latent980,treatment_0001,P09,0.7841205351884597,X_blocks_m3,0.7999440899702075,0.6856906013284146,5,True,False,0.0,,False
histfill,sentinel2,latent980,treatment_0002,P09,1.1161477858284423,X_donors_m3,1.3338288582872107,1.079560688323495,0,True,False,4.0,,True
histfill,sentinel2,latent980,treatment_0002,P09,1.1161477858284423,X_hybrid_m3,0.9665395352625553,0.5798957605250098,5,False,True,4.0,0.861378640885851,True
histfill,sentinel2,latent980,treatment_0002,P09,1.1161477858284423,X_blocks_m3,1.1018098810709853,0.5684856304697913,5,False,True,0.0,,False
histfill,sentinel2,latent980,treatment_0003,P09,0.6775665815296859,X_donors_m3,0.7628425811842469,1.037017853371508,0,True,False,5.0,,True
histfill,sentinel2,latent980,treatment_0003,P09,0.6775665815296859,X_hybrid_m3,0.7163751377829717,0.7295032233915717,5,True,False,5.0,0.9999999999999999,False
histfill,sentinel2,latent980,treatment_0003,P09,0.6775665815296859,X_blocks_m3,0.7423180268070109,0.7853773634885373,5,True,False,0.0,,False
histfill,sentinel2,latent980,treatment_0004,P09,1.309317888740252,X_donors_m3,1.4770977987669707,1.2486091554411907,0,True,False,3.0,,False
histfill,sentinel2,latent980,treatment_0004,P09,1.309317888740252,X_hybrid_m3,1.2888951105503073,0.6053518206820228,5,False,True,3.0,0.9977390404577788,True
histfill,sentinel2,latent980,treatment_0004,P09,1.309317888740252,X_blocks_m3,1.3369498493398069,0.6810896124499102,5,False,False,0.0,,True
histfill,sentinel2,latent980,treatment_0005,P09,0.9144985751545193,X_donors_m3,1.310233144613483,1.0065627769195296,0,True,False,4.0,,True
histfill,sentinel2,latent980,treatment_0005,P09,0.9144985751545193,X_hybrid_m3,1.0312511503402406,0.5650390762077481,5,False,False,4.0,0.8242873715910372,False
histfill,sentinel2,latent980,treatment_0005,P09,0.9144985751545193,X_blocks_m3,0.9622155614151426,0.5536613501143087,5,False,False,0.0,,False
histfill,sentinel2,latent980,treatment_0006,P09,0.7933396303982723,X_donors_m3,1.1450407719242826,1.0438176395407806,0,True,False,5.0,,True
histfill,sentinel2,latent980,treatment_0006,P09,0.7933396303982723,X_hybrid_m3,0.7374137525304015,0.5478576755376239,5,True,True,5.0,0.9237546454139445,True
histfill,sentinel2,latent980,treatment_0006,P09,0.7933396303982723,X_blocks_m3,0.7636383058632137,0.5694908859799707,5,True,True,0.0,,True
histfill,sentinel2,latent980,treatment_0007,P09,0.9331107532976112,X_donors_m3,1.072146939603736,0.888896000931691,0,True,False,5.0,,False
histfill,sentinel2,latent980,treatment_0007,P09,0.9331107532976112,X_hybrid_m3,0.8903615252003226,0.6020305648906097,5,True,True,5.0,0.7463228895595575,True
histfill,sentinel2,latent980,treatment_0007,P09,0.9331107532976112,X_blocks_m3,0.9304340787887412,0.6655342062656854,5,True,True,0.0,,False
histfill,sentinel2,latent980,treatment_0008,P09,0.6356287527119355,X_donors_m3,0.9655874090504006,0.8735112657751154,0,True,False,5.0,,True
histfill,sentinel2,latent980,treatment_0008,P09,0.6356287527119355,X_hybrid_m3,0.4811589899390162,0.4520540405017281,5,True,True,5.0,0.8744177400074673,True
histfill,sentinel2,latent980,treatment_0008,P09,0.6356287527119355,X_blocks_m3,0.628279541216194,0.49647218424020356,5,True,True,0.0,,True
histfill,sentinel2,latent980,treatment_0009,P09,0.5878065235850274,X_donors_m3,0.8811190781590206,0.8324302474882668,0,True,False,5.0,,True
histfill,sentinel2,latent980,treatment_0009,P09,0.5878065235850274,X_hybrid_m3,0.5042304078994835,0.45392977409995283,5,True,True,5.0,0.8035804667161013,True
histfill,sentinel2,latent980,treatment_0009,P09,0.5878065235850274,X_blocks_m3,0.5431949944090615,0.5245624481194566,5,True,True,0.0,,True
histfill,sentinel2,latent980,treatment_0010,P09,0.6544927822320654,X_donors_m3,0.9797580517087342,1.063058045122736,0,True,False,5.0,,True
histfill,sentinel2,latent980,treatment_0010,P09,0.6544927822320654,X_hybrid_m3,0.511524343310775,0.570594584030384,5,True,True,5.0,0.9360523842141827,True
histfill,sentinel2,latent980,treatment_0010,P09,0.6544927822320654,X_blocks_m3,0.707478447485433,0.6532687150076362,5,True,False,0.0,,False
histfill,sentinel2,latent980,treatment_0001,P10,1.0088744974639026,X_donors_m3,1.2306878436915252,1.1475464890236267,0,True,False,5.0,,True
histfill,sentinel2,latent980,treatment_0001,P10,1.0088744974639026,X_hybrid_m3,0.9647959278484206,0.7771906450016943,6,True,True,5.0,0.8988477717235097,True
histfill,sentinel2,latent980,treatment_0001,P10,1.0088744974639026,X_blocks_m3,0.9817556631516887,0.789768931247185,6,True,True,0.0,,True
histfill,sentinel2,latent980,treatment_0002,P10,0.9686486059906773,X_donors_m3,1.2554835432149631,1.1632915301737987,0,True,False,4.0,,False
histfill,sentinel2,latent980,treatment_0002,P10,0.9686486059906773,X_hybrid_m3,0.8842616204295024,0.7627105518005791,6,True,True,4.0,0.8482452259315245,True
histfill,sentinel2,latent980,treatment_0002,P10,0.9686486059906773,X_blocks_m3,0.9151944864675696,0.8168264751519277,6,True,True,0.0,,True
histfill,sentinel2,latent980,treatment_0003,P10,0.8021291934008853,X_donors_m3,0.8363662091061571,0.9958741232616704,0,True,False,5.0,,True
histfill,sentinel2,latent980,treatment_0003,P10,0.8021291934008853,X_hybrid_m3,0.8073564500449549,0.7489349881776906,6,True,False,5.0,0.8775641976997113,False
histfill,sentinel2,latent980,treatment_0003,P10,0.8021291934008853,X_blocks_m3,0.8049421804450201,0.8052084457844528,6,True,False,0.0,,True
histfill,sentinel2,latent980,treatment_0004,P10,0.7846021128667356,X_donors_m3,1.521400785608941,1.3454095208053423,0,True,False,3.0,,False
histfill,sentinel2,latent980,treatment_0004,P10,0.7846021128667356,X_hybrid_m3,0.9993904662515233,0.8992781873328798,6,True,False,3.0,0.9056558641451325,False
histfill,sentinel2,latent980,treatment_0004,P10,0.7846021128667356,X_blocks_m3,0.849790613968022,0.9763030464202487,6,True,False,0.0,,False
histfill,sentinel2,latent980,treatment_0005,P10,0.8506273524439109,X_donors_m3,1.0838439074375732,1.1103700255232658,0,True,False,4.0,,True
histfill,sentinel2,latent980,treatment_0005,P10,0.8506273524439109,X_hybrid_m3,0.7903771094451483,0.7652061733519563,6,True,True,4.0,0.8467343400111692,True
histfill,sentinel2,latent980,treatment_0005,P10,0.8506273524439109,X_blocks_m3,0.8449242685009035,0.7221643898295238,6,True,True,0.0,,False
histfill,sentinel2,latent980,treatment_0006,P10,0.7979191915846665,X_donors_m3,1.100926098752778,1.0813040385640846,0,True,False,5.0,,True
histfill,sentinel2,latent980,treatment_0006,P10,0.7979191915846665,X_hybrid_m3,0.6470477021300264,0.6478950348331529,6,True,True,5.0,0.9104846661281221,True
histfill,sentinel2,latent980,treatment_0006,P10,0.7979191915846665,X_blocks_m3,0.6548580907396293,0.6696397153748391,6,True,True,0.0,,True
histfill,sentinel2,latent980,treatment_0007,P10,0.952838629831964,X_donors_m3,0.9675641996001465,0.941158608294352,0,True,False,5.0,,False
histfill,sentinel2,latent980,treatment_0007,P10,0.952838629831964,X_hybrid_m3,0.8889552414676122,0.7314814961106673,6,True,True,5.0,0.7198551491402919,False
histfill,sentinel2,latent980,treatment_0007,P10,0.952838629831964,X_blocks_m3,0.907754041503297,0.7945033563871419,6,True,True,0.0,,True
histfill,sentinel2,latent980,treatment_0008,P10,0.9268125350860931,X_donors_m3,1.1603153921736329,0.89404670852164,0,True,False,5.0,,True
histfill,sentinel2,latent980,treatment_0008,P10,0.9268125350860931,X_hybrid_m3,0.8196172674365079,0.49052020886346337,6,False,True,5.0,0.9071941969501237,True
histfill,sentinel2,latent980,treatment_0008,P10,0.9268125350860931,X_blocks_m3,0.912849052083721,0.5757359888019309,6,False,True,0.0,,True
histfill,sentinel2,latent980,treatment_0009,P10,0.9800583958519721,X_donors_m3,1.228835054006554,0.8200497988290262,0,True,False,5.0,,True
histfill,sentinel2,latent980,treatment_0009,P10,0.9800583958519721,X_hybrid_m3,0.9752221297682058,0.49673451432208887,6,False,True,5.0,0.7925438082108318,False
histfill,sentinel2,latent980,treatment_0009,P10,0.9800583958519721,X_blocks_m3,0.9252477289019898,0.5724099649615756,6,False,True,0.0,,True
histfill,sentinel2,latent980,treatment_0010,P10,0.9869110333455311,X_donors_m3,1.1896703498182442,1.0273574407796964,0,True,False,5.0,,True
histfill,sentinel2,latent980,treatment_0010,P10,0.9869110333455311,X_hybrid_m3,0.8837417823234105,0.5713986918791102,6,False,True,5.0,0.909618479418336,True
histfill,sentinel2,latent980,treatment_0010,P10,0.9869110333455311,X_blocks_m3,1.0042653691928956,0.6595065277260214,6,False,False,0.0,,False
