sensor,treatment_site_id,period,method,band,observed,synthetic_decoded,effect
sentinel1,treatment_0001,P11,scm,VV,-9.967316627502441,-9.572689056396484,-0.39462757110595703
sentinel1,treatment_0001,P11,scm,VH,-15.811805725097656,-15.834118843078613,0.02231311798095703
sentinel1,treatment_0001,P11,scm,VV_minus_VH,5.844489574432373,6.261429786682129,-0.41694021224975586
sentinel1,treatment_0001,P11,ascm,VV,-9.967316627502441,-9.439319610595703,-0.5279970169067383
sentinel1,treatment_0001,P11,ascm,VH,-15.811805725097656,-15.78994083404541,-0.021864891052246094
sentinel1,treatment_0001,P11,ascm,VV_minus_VH,5.844489574432373,6.350622177124023,-0.5061326026916504
sentinel1,treatment_0001,P12,scm,VV,,-9.944548606872559,
sentinel1,treatment_0001,P12,scm,VH,,-16.493793487548828,
sentinel1,treatment_0001,P12,scm,VV_minus_VH,,6.549246788024902,
sentinel1,treatment_0001,P12,ascm,VV,,-9.856112480163574,
sentinel1,treatment_0001,P12,ascm,VH,,-16.292877197265625,
sentinel1,treatment_0001,P12,ascm,VV_minus_VH,,6.436763763427734,
sentinel1,treatment_0001,P13,scm,VV,-10.488144874572754,-9.879016876220703,-0.6091279983520508
sentinel1,treatment_0001,P13,scm,VH,-15.913108825683594,-15.672858238220215,-0.2402505874633789
sentinel1,treatment_0001,P13,scm,VV_minus_VH,5.424965858459473,5.7938408851623535,-0.36887502670288086
sentinel1,treatment_0001,P13,ascm,VV,-10.488144874572754,-9.8508939743042,-0.6372509002685547
sentinel1,treatment_0001,P13,ascm,VH,-15.913108825683594,-15.693830490112305,-0.21927833557128906
sentinel1,treatment_0001,P13,ascm,VV_minus_VH,5.424965858459473,5.842935562133789,-0.4179697036743164
sentinel1,treatment_0001,P14,scm,VV,-9.73957633972168,-9.526766777038574,-0.21280956268310547
sentinel1,treatment_0001,P14,scm,VH,-15.444389343261719,-15.308850288391113,-0.13553905487060547
sentinel1,treatment_0001,P14,scm,VV_minus_VH,5.7048139572143555,5.782083511352539,-0.0772695541381836
sentinel1,treatment_0001,P14,ascm,VV,-9.73957633972168,-9.625969886779785,-0.11360645294189453
sentinel1,treatment_0001,P14,ascm,VH,-15.444389343261719,-15.339683532714844,-0.104705810546875
sentinel1,treatment_0001,P14,ascm,VV_minus_VH,5.7048139572143555,5.713712692260742,-0.008898735046386719
sentinel1,treatment_0001,P15,scm,VV,,,
sentinel1,treatment_0001,P15,scm,VH,,,
sentinel1,treatment_0001,P15,scm,VV_minus_VH,,,
sentinel1,treatment_0001,P15,ascm,VV,,,
sentinel1,treatment_0001,P15,ascm,VH,,,
sentinel1,treatment_0001,P15,ascm,VV_minus_VH,,,
sentinel1,treatment_0001,P16,scm,VV,-9.812834739685059,-9.344088554382324,-0.4687461853027344
sentinel1,treatment_0001,P16,scm,VH,-15.267170906066895,-15.354546546936035,0.08737564086914062
sentinel1,treatment_0001,P16,scm,VV_minus_VH,5.454336643218994,6.010457992553711,-0.5561213493347168
sentinel1,treatment_0001,P16,ascm,VV,-9.812834739685059,-9.424357414245605,-0.3884773254394531
sentinel1,treatment_0001,P16,ascm,VH,-15.267170906066895,-15.386942863464355,0.11977195739746094
sentinel1,treatment_0001,P16,ascm,VV_minus_VH,5.454336643218994,5.962584972381592,-0.5082483291625977
sentinel1,treatment_0001,P17,scm,VV,-10.895059585571289,-10.218198776245117,-0.6768608093261719
sentinel1,treatment_0001,P17,scm,VH,-17.256847381591797,-16.223896026611328,-1.0329513549804688
sentinel1,treatment_0001,P17,scm,VV_minus_VH,6.36178731918335,6.0056986808776855,0.35608863830566406
sentinel1,treatment_0001,P17,ascm,VV,-10.895059585571289,-10.33909797668457,-0.5559616088867188
sentinel1,treatment_0001,P17,ascm,VH,-17.256847381591797,-16.28664779663086,-0.9701995849609375
sentinel1,treatment_0001,P17,ascm,VV_minus_VH,6.36178731918335,5.947550296783447,0.41423702239990234
sentinel1,treatment_0001,P18,scm,VV,-10.68575382232666,-10.622110366821289,-0.0636434555053711
sentinel1,treatment_0001,P18,scm,VH,-17.195091247558594,-16.794086456298828,-0.4010047912597656
sentinel1,treatment_0001,P18,scm,VV_minus_VH,6.509337425231934,6.171976089477539,0.33736133575439453
sentinel1,treatment_0001,P18,ascm,VV,-10.68575382232666,-10.615520477294922,-0.07023334503173828
sentinel1,treatment_0001,P18,ascm,VH,-17.195091247558594,-16.80276870727539,-0.3923225402832031
sentinel1,treatment_0001,P18,ascm,VV_minus_VH,6.509337425231934,6.187247276306152,0.32209014892578125
sentinel1,treatment_0001,P19,scm,VV,-10.247611045837402,-10.237687110900879,-0.009923934936523438
sentinel1,treatment_0001,P19,scm,VH,-16.396305084228516,-16.150144577026367,-0.24616050720214844
sentinel1,treatment_0001,P19,scm,VV_minus_VH,6.1486945152282715,5.9124579429626465,0.236236572265625
sentinel1,treatment_0001,P19,ascm,VV,-10.247611045837402,-10.208924293518066,-0.03868675231933594
sentinel1,treatment_0001,P19,ascm,VH,-16.396305084228516,-16.237211227416992,-0.15909385681152344
sentinel1,treatment_0001,P19,ascm,VV_minus_VH,6.1486945152282715,6.028285980224609,0.12040853500366211
sentinel1,treatment_0001,P20,scm,VV,-9.483613967895508,-9.407913208007812,-0.07570075988769531
sentinel1,treatment_0001,P20,scm,VH,-15.438048362731934,-15.286967277526855,-0.15108108520507812
sentinel1,treatment_0001,P20,scm,VV_minus_VH,5.954434394836426,5.879053115844727,0.07538127899169922
sentinel1,treatment_0001,P20,ascm,VV,-9.483613967895508,-9.429524421691895,-0.05408954620361328
sentinel1,treatment_0001,P20,ascm,VH,-15.438048362731934,-15.2849702835083,-0.1530780792236328
sentinel1,treatment_0001,P20,ascm,VV_minus_VH,5.954434394836426,5.855447769165039,0.09898662567138672
sentinel1,treatment_0002,P11,scm,VV,-9.713419914245605,-9.454109191894531,-0.2593107223510742
sentinel1,treatment_0002,P11,scm,VH,-15.571233749389648,-15.65807819366455,0.08684444427490234
sentinel1,treatment_0002,P11,scm,VV_minus_VH,5.857814788818359,6.203969478607178,-0.34615468978881836
sentinel1,treatment_0002,P11,ascm,VV,-9.713419914245605,-9.465959548950195,-0.24746036529541016
sentinel1,treatment_0002,P11,ascm,VH,-15.571233749389648,-15.641822814941406,0.07058906555175781
sentinel1,treatment_0002,P11,ascm,VV_minus_VH,5.857814788818359,6.1758646965026855,-0.31804990768432617
sentinel1,treatment_0002,P12,scm,VV,,-9.786417007446289,
sentinel1,treatment_0002,P12,scm,VH,,-16.077865600585938,
sentinel1,treatment_0002,P12,scm,VV_minus_VH,,6.291450500488281,
sentinel1,treatment_0002,P12,ascm,VV,,-9.683229446411133,
sentinel1,treatment_0002,P12,ascm,VH,,-16.133644104003906,
sentinel1,treatment_0002,P12,ascm,VV_minus_VH,,6.450413227081299,
sentinel1,treatment_0002,P13,scm,VV,-10.180279731750488,-10.073336601257324,-0.10694313049316406
sentinel1,treatment_0002,P13,scm,VH,-15.437196731567383,-15.885319709777832,0.4481229782104492
sentinel1,treatment_0002,P13,scm,VV_minus_VH,5.256918907165527,5.811983108520508,-0.5550642013549805
sentinel1,treatment_0002,P13,ascm,VV,-10.180279731750488,-10.006516456604004,-0.17376327514648438
sentinel1,treatment_0002,P13,ascm,VH,-15.437196731567383,-15.903243064880371,0.4660463333129883
sentinel1,treatment_0002,P13,ascm,VV_minus_VH,5.256918907165527,5.896726608276367,-0.6398077011108398
sentinel1,treatment_0002,P14,scm,VV,-9.520941734313965,-9.542644500732422,0.02170276641845703
sentinel1,treatment_0002,P14,scm,VH,-15.028618812561035,-15.468802452087402,0.4401836395263672
sentinel1,treatment_0002,P14,scm,VV_minus_VH,5.50767707824707,5.926157474517822,-0.41848039627075195
sentinel1,treatment_0002,P14,ascm,VV,-9.520941734313965,-9.673872947692871,0.15293121337890625
sentinel1,treatment_0002,P14,ascm,VH,-15.028618812561035,-15.503594398498535,0.4749755859375
sentinel1,treatment_0002,P14,ascm,VV_minus_VH,5.50767707824707,5.829721927642822,-0.32204484939575195
sentinel1,treatment_0002,P15,scm,VV,,,
sentinel1,treatment_0002,P15,scm,VH,,,
sentinel1,treatment_0002,P15,scm,VV_minus_VH,,,
sentinel1,treatment_0002,P15,ascm,VV,,,
sentinel1,treatment_0002,P15,ascm,VH,,,
sentinel1,treatment_0002,P15,ascm,VV_minus_VH,,,
sentinel1,treatment_0002,P16,scm,VV,-9.501124382019043,-9.396687507629395,-0.10443687438964844
sentinel1,treatment_0002,P16,scm,VH,-14.931614875793457,-15.397709846496582,0.466094970703125
sentinel1,treatment_0002,P16,scm,VV_minus_VH,5.4304914474487305,6.001021385192871,-0.5705299377441406
sentinel1,treatment_0002,P16,ascm,VV,-9.501124382019043,-9.403624534606934,-0.09749984741210938
sentinel1,treatment_0002,P16,ascm,VH,-14.931614875793457,-15.438148498535156,0.5065336227416992
sentinel1,treatment_0002,P16,ascm,VV_minus_VH,5.4304914474487305,6.034524917602539,-0.6040334701538086
sentinel1,treatment_0002,P17,scm,VV,-10.936967849731445,-10.2006254196167,-0.7363424301147461
sentinel1,treatment_0002,P17,scm,VH,-17.19536781311035,-16.88968276977539,-0.30568504333496094
sentinel1,treatment_0002,P17,scm,VV_minus_VH,6.258400917053223,6.689056396484375,-0.43065547943115234
sentinel1,treatment_0002,P17,ascm,VV,-10.936967849731445,-10.18371295928955,-0.7532548904418945
sentinel1,treatment_0002,P17,ascm,VH,-17.19536781311035,-16.7381591796875,-0.45720863342285156
sentinel1,treatment_0002,P17,ascm,VV_minus_VH,6.258400917053223,6.554444789886475,-0.29604387283325195
sentinel1,treatment_0002,P18,scm,VV,-10.304560661315918,-10.481731414794922,0.1771707534790039
sentinel1,treatment_0002,P18,scm,VH,-16.05803680419922,-16.966594696044922,0.9085578918457031
sentinel1,treatment_0002,P18,scm,VV_minus_VH,5.753476142883301,6.48486328125,-0.7313871383666992
sentinel1,treatment_0002,P18,ascm,VV,-10.304560661315918,-10.447477340698242,0.14291667938232422
sentinel1,treatment_0002,P18,ascm,VH,-16.05803680419922,-16.914892196655273,0.8568553924560547
sentinel1,treatment_0002,P18,ascm,VV_minus_VH,5.753476142883301,6.467413425445557,-0.7139372825622559
sentinel1,treatment_0002,P19,scm,VV,-10.301629066467285,-10.092273712158203,-0.20935535430908203
sentinel1,treatment_0002,P19,scm,VH,-16.069658279418945,-16.496654510498047,0.42699623107910156
sentinel1,treatment_0002,P19,scm,VV_minus_VH,5.768028259277344,6.4043803215026855,-0.6363520622253418
sentinel1,treatment_0002,P19,ascm,VV,-10.301629066467285,-10.081355094909668,-0.2202739715576172
sentinel1,treatment_0002,P19,ascm,VH,-16.069658279418945,-16.396709442138672,0.32705116271972656
sentinel1,treatment_0002,P19,ascm,VV_minus_VH,5.768028259277344,6.315353870391846,-0.547325611114502
sentinel1,treatment_0002,P20,scm,VV,-9.523370742797852,-9.216634750366211,-0.3067359924316406
sentinel1,treatment_0002,P20,scm,VH,-15.086434364318848,-15.494001388549805,0.40756702423095703
sentinel1,treatment_0002,P20,scm,VV_minus_VH,5.56306266784668,6.2773661613464355,-0.7143034934997559
sentinel1,treatment_0002,P20,ascm,VV,-9.523370742797852,-9.096214294433594,-0.4271564483642578
sentinel1,treatment_0002,P20,ascm,VH,-15.086434364318848,-15.450678825378418,0.3642444610595703
sentinel1,treatment_0002,P20,ascm,VV_minus_VH,5.56306266784668,6.354463577270508,-0.7914009094238281
sentinel1,treatment_0003,P11,scm,VV,-8.848710060119629,-9.093801498413086,0.24509143829345703
sentinel1,treatment_0003,P11,scm,VH,-15.013702392578125,-15.63987922668457,0.6261768341064453
sentinel1,treatment_0003,P11,scm,VV_minus_VH,6.1849284172058105,6.546077728271484,-0.36114931106567383
sentinel1,treatment_0003,P11,ascm,VV,-8.848710060119629,-9.006157875061035,0.15744781494140625
sentinel1,treatment_0003,P11,ascm,VH,-15.013702392578125,-15.626266479492188,0.6125640869140625
sentinel1,treatment_0003,P11,ascm,VV_minus_VH,6.1849284172058105,6.620108604431152,-0.4351801872253418
sentinel1,treatment_0003,P12,scm,VV,-9.987375259399414,-9.538432121276855,-0.4489431381225586
sentinel1,treatment_0003,P12,scm,VH,-16.304336547851562,-16.029850006103516,-0.2744865417480469
sentinel1,treatment_0003,P12,scm,VV_minus_VH,6.316960334777832,6.49141788482666,-0.17445755004882812
sentinel1,treatment_0003,P12,ascm,VV,-9.987375259399414,-9.467493057250977,-0.5198822021484375
sentinel1,treatment_0003,P12,ascm,VH,-16.304336547851562,-15.882495880126953,-0.4218406677246094
sentinel1,treatment_0003,P12,ascm,VV_minus_VH,6.316960334777832,6.415002346038818,-0.09804201126098633
sentinel1,treatment_0003,P13,scm,VV,-9.378443717956543,-9.337203979492188,-0.04123973846435547
sentinel1,treatment_0003,P13,scm,VH,-14.826680183410645,-15.539100646972656,0.7124204635620117
sentinel1,treatment_0003,P13,scm,VV_minus_VH,5.448237895965576,6.201896667480469,-0.7536587715148926
sentinel1,treatment_0003,P13,ascm,VV,-9.378443717956543,-9.30782413482666,-0.07061958312988281
sentinel1,treatment_0003,P13,ascm,VH,-14.826680183410645,-15.553625106811523,0.7269449234008789
sentinel1,treatment_0003,P13,ascm,VV_minus_VH,5.448237895965576,6.2458014488220215,-0.7975635528564453
sentinel1,treatment_0003,P14,scm,VV,-9.044501304626465,-9.094578742980957,0.05007743835449219
sentinel1,treatment_0003,P14,scm,VH,-14.142470359802246,-15.417078971862793,1.2746086120605469
sentinel1,treatment_0003,P14,scm,VV_minus_VH,5.142885208129883,6.322499752044678,-1.179614543914795
sentinel1,treatment_0003,P14,ascm,VV,-9.044501304626465,-9.177042961120605,0.13254165649414062
sentinel1,treatment_0003,P14,ascm,VH,-14.142470359802246,-15.433431625366211,1.2909612655639648
sentinel1,treatment_0003,P14,ascm,VV_minus_VH,5.142885208129883,6.256388187408447,-1.1135029792785645
sentinel1,treatment_0003,P15,scm,VV,-11.248649597167969,,
sentinel1,treatment_0003,P15,scm,VH,-17.308074951171875,,
sentinel1,treatment_0003,P15,scm,VV_minus_VH,6.05942440032959,,
sentinel1,treatment_0003,P15,ascm,VV,-11.248649597167969,,
sentinel1,treatment_0003,P15,ascm,VH,-17.308074951171875,,
sentinel1,treatment_0003,P15,ascm,VV_minus_VH,6.05942440032959,,
sentinel1,treatment_0003,P16,scm,VV,-7.7669267654418945,-8.831446647644043,1.0645198822021484
sentinel1,treatment_0003,P16,scm,VH,-13.08377742767334,-15.458487510681152,2.3747100830078125
sentinel1,treatment_0003,P16,scm,VV_minus_VH,5.316849231719971,6.627040863037109,-1.3101916313171387
sentinel1,treatment_0003,P16,ascm,VV,-7.7669267654418945,-8.890387535095215,1.1234607696533203
sentinel1,treatment_0003,P16,ascm,VH,-13.08377742767334,-15.478105545043945,2.3943281173706055
sentinel1,treatment_0003,P16,ascm,VV_minus_VH,5.316849231719971,6.587718963623047,-1.2708697319030762
sentinel1,treatment_0003,P17,scm,VV,-9.27944564819336,-9.539429664611816,0.25998401641845703
sentinel1,treatment_0003,P17,scm,VH,-14.79538631439209,-15.84936809539795,1.0539817810058594
sentinel1,treatment_0003,P17,scm,VV_minus_VH,5.541227340698242,6.309938430786133,-0.7687110900878906
sentinel1,treatment_0003,P17,ascm,VV,-9.27944564819336,-9.631560325622559,0.3521146774291992
sentinel1,treatment_0003,P17,ascm,VH,-14.79538631439209,-15.885029792785645,1.0896434783935547
sentinel1,treatment_0003,P17,ascm,VV_minus_VH,5.541227340698242,6.253469467163086,-0.7122421264648438
sentinel1,treatment_0003,P18,scm,VV,-10.114521026611328,-9.719058990478516,-0.3954620361328125
sentinel1,treatment_0003,P18,scm,VH,-16.163782119750977,-16.01833724975586,-0.1454448699951172
sentinel1,treatment_0003,P18,scm,VV_minus_VH,6.049261569976807,6.29927921295166,-0.2500176429748535
sentinel1,treatment_0003,P18,ascm,VV,-10.114521026611328,-9.708084106445312,-0.4064369201660156
sentinel1,treatment_0003,P18,ascm,VH,-16.163782119750977,-16.004831314086914,-0.1589508056640625
sentinel1,treatment_0003,P18,ascm,VV_minus_VH,6.049261569976807,6.2967448234558105,-0.2474832534790039
sentinel1,treatment_0003,P19,scm,VV,-9.738429069519043,-9.492874145507812,-0.24555492401123047
sentinel1,treatment_0003,P19,scm,VH,-15.332254409790039,-15.50985050201416,0.1775960922241211
sentinel1,treatment_0003,P19,scm,VV_minus_VH,5.593824863433838,6.016976356506348,-0.42315149307250977
sentinel1,treatment_0003,P19,ascm,VV,-9.738429069519043,-9.459303855895996,-0.2791252136230469
sentinel1,treatment_0003,P19,ascm,VH,-15.332254409790039,-15.546916961669922,0.2146625518798828
sentinel1,treatment_0003,P19,ascm,VV_minus_VH,5.593824863433838,6.087613582611084,-0.4937887191772461
sentinel1,treatment_0003,P20,scm,VV,-8.604266166687012,-9.021098136901855,0.41683197021484375
sentinel1,treatment_0003,P20,scm,VH,-13.659055709838867,-15.42658805847168,1.7675323486328125
sentinel1,treatment_0003,P20,scm,VV_minus_VH,5.070911407470703,6.405490398406982,-1.3345789909362793
sentinel1,treatment_0003,P20,ascm,VV,-8.604266166687012,-9.05229377746582,0.4480276107788086
sentinel1,treatment_0003,P20,ascm,VH,-13.659055709838867,-15.448646545410156,1.789590835571289
sentinel1,treatment_0003,P20,ascm,VV_minus_VH,5.070911407470703,6.396354675292969,-1.3254432678222656
sentinel1,treatment_0004,P11,scm,VV,-10.296319961547852,-9.924256324768066,-0.37206363677978516
sentinel1,treatment_0004,P11,scm,VH,-16.383464813232422,-16.067216873168945,-0.31624794006347656
sentinel1,treatment_0004,P11,scm,VV_minus_VH,6.081578731536865,6.1429619789123535,-0.06138324737548828
sentinel1,treatment_0004,P11,ascm,VV,-10.296319961547852,-9.935399055480957,-0.36092090606689453
sentinel1,treatment_0004,P11,ascm,VH,-16.383464813232422,-16.05470085144043,-0.3287639617919922
sentinel1,treatment_0004,P11,ascm,VV_minus_VH,6.081578731536865,6.1193013191223145,-0.03772258758544922
sentinel1,treatment_0004,P12,scm,VV,-10.79990005493164,-10.01159381866455,-0.7883062362670898
sentinel1,treatment_0004,P12,scm,VH,-16.948850631713867,-16.368408203125,-0.5804424285888672
sentinel1,treatment_0004,P12,scm,VV_minus_VH,6.148952007293701,6.356814861297607,-0.20786285400390625
sentinel1,treatment_0004,P12,ascm,VV,-10.79990005493164,-9.911341667175293,-0.8885583877563477
sentinel1,treatment_0004,P12,ascm,VH,-16.948850631713867,-16.434146881103516,-0.5147037506103516
sentinel1,treatment_0004,P12,ascm,VV_minus_VH,6.148952007293701,6.52280330657959,-0.37385129928588867
sentinel1,treatment_0004,P13,scm,VV,-11.086036682128906,-10.385509490966797,-0.7005271911621094
sentinel1,treatment_0004,P13,scm,VH,-16.99587631225586,-16.146711349487305,-0.8491649627685547
sentinel1,treatment_0004,P13,scm,VV_minus_VH,5.909839153289795,5.761201858520508,0.1486372947692871
sentinel1,treatment_0004,P13,ascm,VV,-11.086036682128906,-10.304325103759766,-0.7817115783691406
sentinel1,treatment_0004,P13,ascm,VH,-16.99587631225586,-16.1286563873291,-0.8672199249267578
sentinel1,treatment_0004,P13,ascm,VV_minus_VH,5.909839153289795,5.824330806732178,0.08550834655761719
sentinel1,treatment_0004,P14,scm,VV,-10.900208473205566,-9.858405113220215,-1.0418033599853516
sentinel1,treatment_0004,P14,scm,VH,-16.632266998291016,-15.696074485778809,-0.936192512512207
sentinel1,treatment_0004,P14,scm,VV_minus_VH,5.746747016906738,5.837667465209961,-0.09092044830322266
sentinel1,treatment_0004,P14,ascm,VV,-10.900208473205566,-10.000717163085938,-0.8994913101196289
sentinel1,treatment_0004,P14,ascm,VH,-16.632266998291016,-15.743897438049316,-0.8883695602416992
sentinel1,treatment_0004,P14,ascm,VV_minus_VH,5.746747016906738,5.743180274963379,0.003566741943359375
sentinel1,treatment_0004,P15,scm,VV,-12.4175386428833,,
sentinel1,treatment_0004,P15,scm,VH,-18.54231071472168,,
sentinel1,treatment_0004,P15,scm,VV_minus_VH,6.124771595001221,,
sentinel1,treatment_0004,P15,ascm,VV,-12.4175386428833,,
sentinel1,treatment_0004,P15,ascm,VH,-18.54231071472168,,
sentinel1,treatment_0004,P15,ascm,VV_minus_VH,6.124771595001221,,
sentinel1,treatment_0004,P16,scm,VV,-9.981199264526367,-9.585356712341309,-0.3958425521850586
sentinel1,treatment_0004,P16,scm,VH,-16.045217514038086,-15.519746780395508,-0.5254707336425781
sentinel1,treatment_0004,P16,scm,VV_minus_VH,6.0640177726745605,5.934391021728516,0.12962675094604492
sentinel1,treatment_0004,P16,ascm,VV,-9.981199264526367,-9.596712112426758,-0.3844871520996094
sentinel1,treatment_0004,P16,ascm,VH,-16.045217514038086,-15.556229591369629,-0.48898792266845703
sentinel1,treatment_0004,P16,ascm,VV_minus_VH,6.0640177726745605,5.9595160484313965,0.10450172424316406
sentinel1,treatment_0004,P17,scm,VV,-10.832297325134277,-10.391875267028809,-0.44042205810546875
sentinel1,treatment_0004,P17,scm,VH,-17.22791862487793,-16.727807998657227,-0.5001106262207031
sentinel1,treatment_0004,P17,scm,VV_minus_VH,6.378448009490967,6.335932731628418,0.04251527786254883
sentinel1,treatment_0004,P17,ascm,VV,-10.832297325134277,-10.407784461975098,-0.4245128631591797
sentinel1,treatment_0004,P17,ascm,VH,-17.22791862487793,-16.663867950439453,-0.5640506744384766
sentinel1,treatment_0004,P17,ascm,VV_minus_VH,6.378448009490967,6.2560834884643555,0.12236452102661133
sentinel1,treatment_0004,P18,scm,VV,-11.738046646118164,-10.922527313232422,-0.8155193328857422
sentinel1,treatment_0004,P18,scm,VH,-18.693309783935547,-17.19795036315918,-1.4953594207763672
sentinel1,treatment_0004,P18,scm,VV_minus_VH,6.955264568328857,6.275423049926758,0.6798415184020996
sentinel1,treatment_0004,P18,ascm,VV,-11.738046646118164,-10.878410339355469,-0.8596363067626953
sentinel1,treatment_0004,P18,ascm,VH,-18.693309783935547,-17.12911033630371,-1.564199447631836
sentinel1,treatment_0004,P18,ascm,VV_minus_VH,6.955264568328857,6.250698566436768,0.7045660018920898
sentinel1,treatment_0004,P19,scm,VV,-11.29218578338623,-10.451515197753906,-0.8406705856323242
sentinel1,treatment_0004,P19,scm,VH,-17.93613624572754,-16.71868896484375,-1.217447280883789
sentinel1,treatment_0004,P19,scm,VV_minus_VH,6.643949508666992,6.267172813415527,0.37677669525146484
sentinel1,treatment_0004,P19,ascm,VV,-11.29218578338623,-10.444998741149902,-0.8471870422363281
sentinel1,treatment_0004,P19,ascm,VH,-17.93613624572754,-16.616531372070312,-1.3196048736572266
sentinel1,treatment_0004,P19,ascm,VV_minus_VH,6.643949508666992,6.171534538269043,0.4724149703979492
sentinel1,treatment_0004,P20,scm,VV,-10.145087242126465,-9.700552940368652,-0.4445343017578125
sentinel1,treatment_0004,P20,scm,VH,-15.902402877807617,-15.60368537902832,-0.2987174987792969
sentinel1,treatment_0004,P20,scm,VV_minus_VH,5.768429756164551,5.903132438659668,-0.1347026824951172
sentinel1,treatment_0004,P20,ascm,VV,-10.145087242126465,-9.561849594116211,-0.5832376480102539
sentinel1,treatment_0004,P20,ascm,VH,-15.902402877807617,-15.57908821105957,-0.3233146667480469
sentinel1,treatment_0004,P20,ascm,VV_minus_VH,5.768429756164551,6.017240524291992,-0.2488107681274414
sentinel1,treatment_0005,P11,scm,VV,-9.751911163330078,-9.84250545501709,0.09059429168701172
sentinel1,treatment_0005,P11,scm,VH,-15.890498161315918,-16.136157989501953,0.24565982818603516
sentinel1,treatment_0005,P11,scm,VV_minus_VH,6.149209976196289,6.293652057647705,-0.14444208145141602
sentinel1,treatment_0005,P11,ascm,VV,-9.751911163330078,-9.693607330322266,-0.0583038330078125
sentinel1,treatment_0005,P11,ascm,VH,-15.890498161315918,-16.056276321411133,0.16577816009521484
sentinel1,treatment_0005,P11,ascm,VV_minus_VH,6.149209976196289,6.3626708984375,-0.21346092224121094
sentinel1,treatment_0005,P12,scm,VV,-10.387749671936035,-9.999210357666016,-0.38853931427001953
sentinel1,treatment_0005,P12,scm,VH,-16.728374481201172,-16.351879119873047,-0.376495361328125
sentinel1,treatment_0005,P12,scm,VV_minus_VH,6.340626239776611,6.352668762207031,-0.012042522430419922
sentinel1,treatment_0005,P12,ascm,VV,-10.387749671936035,-9.914533615112305,-0.47321605682373047
sentinel1,treatment_0005,P12,ascm,VH,-16.728374481201172,-16.174663543701172,-0.5537109375
sentinel1,treatment_0005,P12,ascm,VV_minus_VH,6.340626239776611,6.260128021240234,0.08049821853637695
sentinel1,treatment_0005,P13,scm,VV,-10.283590316772461,-10.330253601074219,0.04666328430175781
sentinel1,treatment_0005,P13,scm,VH,-15.840259552001953,-16.386232376098633,0.5459728240966797
sentinel1,treatment_0005,P13,scm,VV_minus_VH,5.556668758392334,6.055979251861572,-0.4993104934692383
sentinel1,treatment_0005,P13,ascm,VV,-10.283590316772461,-10.312883377075195,0.029293060302734375
sentinel1,treatment_0005,P13,ascm,VH,-15.840259552001953,-16.457592010498047,0.6173324584960938
sentinel1,treatment_0005,P13,ascm,VV_minus_VH,5.556668758392334,6.144708156585693,-0.5880393981933594
sentinel1,treatment_0005,P14,scm,VV,-9.97500991821289,-9.934077262878418,-0.040932655334472656
sentinel1,treatment_0005,P14,scm,VH,-15.307291984558105,-15.877106666564941,0.5698146820068359
sentinel1,treatment_0005,P14,scm,VV_minus_VH,5.345837593078613,5.943029403686523,-0.5971918106079102
sentinel1,treatment_0005,P14,ascm,VV,-9.97500991821289,-10.037311553955078,0.0623016357421875
sentinel1,treatment_0005,P14,ascm,VH,-15.307291984558105,-15.896899223327637,0.5896072387695312
sentinel1,treatment_0005,P14,ascm,VV_minus_VH,5.345837593078613,5.859588623046875,-0.5137510299682617
sentinel1,treatment_0005,P15,scm,VV,-11.08664608001709,,
sentinel1,treatment_0005,P15,scm,VH,-16.677385330200195,,
sentinel1,treatment_0005,P15,scm,VV_minus_VH,5.590739727020264,,
sentinel1,treatment_0005,P15,ascm,VV,-11.08664608001709,,
sentinel1,treatment_0005,P15,ascm,VH,-16.677385330200195,,
sentinel1,treatment_0005,P15,ascm,VV_minus_VH,5.590739727020264,,
sentinel1,treatment_0005,P16,scm,VV,-9.152990341186523,-9.537410736083984,0.38442039489746094
sentinel1,treatment_0005,P16,scm,VH,-15.005399703979492,-15.818164825439453,0.8127651214599609
sentinel1,treatment_0005,P16,scm,VV_minus_VH,5.852409362792969,6.280754089355469,-0.4283447265625
sentinel1,treatment_0005,P16,ascm,VV,-9.152990341186523,-9.619250297546387,0.4662599563598633
sentinel1,treatment_0005,P16,ascm,VH,-15.005399703979492,-15.866479873657227,0.8610801696777344
sentinel1,treatment_0005,P16,ascm,VV_minus_VH,5.852409362792969,6.247230529785156,-0.3948211669921875
sentinel1,treatment_0005,P17,scm,VV,-9.943075180053711,-10.371512413024902,0.4284372329711914
sentinel1,treatment_0005,P17,scm,VH,-15.593164443969727,-16.785430908203125,1.1922664642333984
sentinel1,treatment_0005,P17,scm,VV_minus_VH,5.658040523529053,6.413919925689697,-0.7558794021606445
sentinel1,treatment_0005,P17,ascm,VV,-9.943075180053711,-10.499404907226562,0.5563297271728516
sentinel1,treatment_0005,P17,ascm,VH,-15.593164443969727,-16.846525192260742,1.2533607482910156
sentinel1,treatment_0005,P17,ascm,VV_minus_VH,5.658040523529053,6.347120761871338,-0.6890802383422852
sentinel1,treatment_0005,P18,scm,VV,-10.730158805847168,-10.904043197631836,0.17388439178466797
sentinel1,treatment_0005,P18,scm,VH,-16.999570846557617,-17.51680564880371,0.5172348022460938
sentinel1,treatment_0005,P18,scm,VV_minus_VH,6.269411563873291,6.612762928009033,-0.3433513641357422
sentinel1,treatment_0005,P18,ascm,VV,-10.730158805847168,-10.901283264160156,0.17112445831298828
sentinel1,treatment_0005,P18,ascm,VH,-16.999570846557617,-17.515151977539062,0.5155811309814453
sentinel1,treatment_0005,P18,ascm,VV_minus_VH,6.269411563873291,6.6138691902160645,-0.34445762634277344
sentinel1,treatment_0005,P19,scm,VV,-10.344152450561523,-10.438542366027832,0.0943899154663086
sentinel1,treatment_0005,P19,scm,VH,-16.349302291870117,-16.562171936035156,0.21286964416503906
sentinel1,treatment_0005,P19,scm,VV_minus_VH,6.005150318145752,6.123631000518799,-0.11848068237304688
sentinel1,treatment_0005,P19,ascm,VV,-10.344152450561523,-10.406274795532227,0.062122344970703125
sentinel1,treatment_0005,P19,ascm,VH,-16.349302291870117,-16.637720108032227,0.2884178161621094
sentinel1,treatment_0005,P19,ascm,VV_minus_VH,6.005150318145752,6.231445789337158,-0.22629547119140625
sentinel1,treatment_0005,P20,scm,VV,-9.307412147521973,-9.50196647644043,0.19455432891845703
sentinel1,treatment_0005,P20,scm,VH,-14.811568260192871,-15.659717559814453,0.848149299621582
sentinel1,treatment_0005,P20,scm,VV_minus_VH,5.531808853149414,6.157751560211182,-0.6259427070617676
sentinel1,treatment_0005,P20,ascm,VV,-9.307412147521973,-9.541091918945312,0.23367977142333984
sentinel1,treatment_0005,P20,ascm,VH,-14.811568260192871,-15.669767379760742,0.8581991195678711
sentinel1,treatment_0005,P20,ascm,VV_minus_VH,5.531808853149414,6.128675937652588,-0.5968670845031738
sentinel1,treatment_0006,P11,scm,VV,-10.372305870056152,-9.4462308883667,-0.9260749816894531
sentinel1,treatment_0006,P11,scm,VH,-16.10063934326172,-15.826056480407715,-0.2745828628540039
sentinel1,treatment_0006,P11,scm,VV_minus_VH,5.728333473205566,6.379825592041016,-0.6514921188354492
sentinel1,treatment_0006,P11,ascm,VV,-10.372305870056152,-9.460836410522461,-0.9114694595336914
sentinel1,treatment_0006,P11,ascm,VH,-16.10063934326172,-15.806778907775879,-0.29386043548583984
sentinel1,treatment_0006,P11,ascm,VV_minus_VH,5.728333473205566,6.345942974090576,-0.6176095008850098
sentinel1,treatment_0006,P12,scm,VV,,-10.333250999450684,
sentinel1,treatment_0006,P12,scm,VH,,-16.699342727661133,
sentinel1,treatment_0006,P12,scm,VV_minus_VH,,6.366092205047607,
sentinel1,treatment_0006,P12,ascm,VV,,-10.225872993469238,
sentinel1,treatment_0006,P12,ascm,VH,,-16.778026580810547,
sentinel1,treatment_0006,P12,ascm,VV_minus_VH,,6.552151203155518,
sentinel1,treatment_0006,P13,scm,VV,-10.831887245178223,-10.11013412475586,-0.7217531204223633
sentinel1,treatment_0006,P13,scm,VH,-15.989441871643066,-15.98132038116455,-0.008121490478515625
sentinel1,treatment_0006,P13,scm,VV_minus_VH,5.157555103302002,5.871185779571533,-0.7136306762695312
sentinel1,treatment_0006,P13,ascm,VV,-10.831887245178223,-10.033818244934082,-0.7980690002441406
sentinel1,treatment_0006,P13,ascm,VH,-15.989441871643066,-15.962898254394531,-0.026543617248535156
sentinel1,treatment_0006,P13,ascm,VV_minus_VH,5.157555103302002,5.929081916809082,-0.7715268135070801
sentinel1,treatment_0006,P14,scm,VV,-10.069058418273926,-9.622291564941406,-0.44676685333251953
sentinel1,treatment_0006,P14,scm,VH,-15.599077224731445,-15.479395866394043,-0.11968135833740234
sentinel1,treatment_0006,P14,scm,VV_minus_VH,5.5300188064575195,5.857104301452637,-0.3270854949951172
sentinel1,treatment_0006,P14,ascm,VV,-10.069058418273926,-9.74970817565918,-0.3193502426147461
sentinel1,treatment_0006,P14,ascm,VH,-15.599077224731445,-15.522093772888184,-0.07698345184326172
sentinel1,treatment_0006,P14,ascm,VV_minus_VH,5.5300188064575195,5.772386074066162,-0.24236726760864258
sentinel1,treatment_0006,P15,scm,VV,,,
sentinel1,treatment_0006,P15,scm,VH,,,
sentinel1,treatment_0006,P15,scm,VV_minus_VH,,,
sentinel1,treatment_0006,P15,ascm,VV,,,
sentinel1,treatment_0006,P15,ascm,VH,,,
sentinel1,treatment_0006,P15,ascm,VV_minus_VH,,,
sentinel1,treatment_0006,P16,scm,VV,-10.088631629943848,-9.271677017211914,-0.8169546127319336
sentinel1,treatment_0006,P16,scm,VH,-15.612102508544922,-15.358067512512207,-0.25403499603271484
sentinel1,treatment_0006,P16,scm,VV_minus_VH,5.523470878601074,6.086390972137451,-0.562920093536377
sentinel1,treatment_0006,P16,ascm,VV,-10.088631629943848,-9.282215118408203,-0.8064165115356445
sentinel1,treatment_0006,P16,ascm,VH,-15.612102508544922,-15.392020225524902,-0.22008228302001953
sentinel1,treatment_0006,P16,ascm,VV_minus_VH,5.523470878601074,6.109803676605225,-0.5863327980041504
sentinel1,treatment_0006,P17,scm,VV,-11.958154678344727,-9.932178497314453,-2.0259761810302734
sentinel1,treatment_0006,P17,scm,VH,-18.510923385620117,-16.46192741394043,-2.0489959716796875
sentinel1,treatment_0006,P17,scm,VV_minus_VH,6.552768230438232,6.529750347137451,0.02301788330078125
sentinel1,treatment_0006,P17,ascm,VV,-11.958154678344727,-9.923288345336914,-2.0348663330078125
sentinel1,treatment_0006,P17,ascm,VH,-18.510923385620117,-16.340463638305664,-2.170459747314453
sentinel1,treatment_0006,P17,ascm,VV_minus_VH,6.552768230438232,6.41717529296875,0.13559293746948242
sentinel1,treatment_0006,P18,scm,VV,-11.302124977111816,-10.61538028717041,-0.6867446899414062
sentinel1,treatment_0006,P18,scm,VH,-17.583757400512695,-17.319683074951172,-0.26407432556152344
sentinel1,treatment_0006,P18,scm,VV_minus_VH,6.281632900238037,6.704302787780762,-0.4226698875427246
sentinel1,treatment_0006,P18,ascm,VV,-11.302124977111816,-10.589163780212402,-0.7129611968994141
sentinel1,treatment_0006,P18,ascm,VH,-17.583757400512695,-17.26146125793457,-0.322296142578125
sentinel1,treatment_0006,P18,ascm,VV_minus_VH,6.281632900238037,6.672301769256592,-0.3906688690185547
sentinel1,treatment_0006,P19,scm,VV,-11.038774490356445,-10.363822937011719,-0.6749515533447266
sentinel1,treatment_0006,P19,scm,VH,-16.820249557495117,-16.76848793029785,-0.051761627197265625
sentinel1,treatment_0006,P19,scm,VV_minus_VH,5.781474590301514,6.4046630859375,-0.6231884956359863
sentinel1,treatment_0006,P19,ascm,VV,-11.038774490356445,-10.3579683303833,-0.6808061599731445
sentinel1,treatment_0006,P19,ascm,VH,-16.820249557495117,-16.683229446411133,-0.13702011108398438
sentinel1,treatment_0006,P19,ascm,VV_minus_VH,5.781474590301514,6.325261116027832,-0.5437865257263184
sentinel1,treatment_0006,P20,scm,VV,-10.079792022705078,-9.310444831848145,-0.7693471908569336
sentinel1,treatment_0006,P20,scm,VH,-15.75142765045166,-15.327066421508789,-0.4243612289428711
sentinel1,treatment_0006,P20,scm,VV_minus_VH,5.671636581420898,6.01662015914917,-0.3449835777282715
sentinel1,treatment_0006,P20,ascm,VV,-10.079792022705078,-9.200927734375,-0.8788642883300781
sentinel1,treatment_0006,P20,ascm,VH,-15.75142765045166,-15.329517364501953,-0.42191028594970703
sentinel1,treatment_0006,P20,ascm,VV_minus_VH,5.671636581420898,6.128591060638428,-0.4569544792175293
sentinel1,treatment_0007,P11,scm,VV,-8.17188549041748,-8.968574523925781,0.7966890335083008
sentinel1,treatment_0007,P11,scm,VH,-14.59365177154541,-15.488017082214355,0.8943653106689453
sentinel1,treatment_0007,P11,scm,VV_minus_VH,6.373039245605469,6.519443511962891,-0.14640426635742188
sentinel1,treatment_0007,P11,ascm,VV,-8.17188549041748,-8.892731666564941,0.7208461761474609
sentinel1,treatment_0007,P11,ascm,VH,-14.59365177154541,-15.478209495544434,0.8845577239990234
sentinel1,treatment_0007,P11,ascm,VV_minus_VH,6.373039245605469,6.585477352142334,-0.21243810653686523
sentinel1,treatment_0007,P12,scm,VV,-9.558777809143066,-9.761850357055664,0.20307254791259766
sentinel1,treatment_0007,P12,scm,VH,-16.348905563354492,-16.328269958496094,-0.020635604858398438
sentinel1,treatment_0007,P12,scm,VV_minus_VH,6.790127277374268,6.566418647766113,0.2237086296081543
sentinel1,treatment_0007,P12,ascm,VV,-9.558777809143066,-9.67729663848877,0.11851882934570312
sentinel1,treatment_0007,P12,ascm,VH,-16.348905563354492,-16.130084991455078,-0.21882057189941406
sentinel1,treatment_0007,P12,ascm,VV_minus_VH,6.790127277374268,6.452787399291992,0.3373398780822754
sentinel1,treatment_0007,P13,scm,VV,-8.714957237243652,-9.283866882324219,0.5689096450805664
sentinel1,treatment_0007,P13,scm,VH,-14.351644515991211,-15.410094261169434,1.0584497451782227
sentinel1,treatment_0007,P13,scm,VV_minus_VH,5.6366868019104,6.126228332519531,-0.48954153060913086
sentinel1,treatment_0007,P13,ascm,VV,-8.714957237243652,-9.261283874511719,0.5463266372680664
sentinel1,treatment_0007,P13,ascm,VH,-14.351644515991211,-15.442512512207031,1.0908679962158203
sentinel1,treatment_0007,P13,ascm,VV_minus_VH,5.6366868019104,6.181227207183838,-0.5445404052734375
sentinel1,treatment_0007,P14,scm,VV,-8.61794376373291,-9.1522798538208,0.5343360900878906
sentinel1,treatment_0007,P14,scm,VH,-13.894440650939941,-15.346532821655273,1.452092170715332
sentinel1,treatment_0007,P14,scm,VV_minus_VH,5.319668292999268,6.1942548751831055,-0.8745865821838379
sentinel1,treatment_0007,P14,ascm,VV,-8.61794376373291,-9.242057800292969,0.6241140365600586
sentinel1,treatment_0007,P14,ascm,VH,-13.894440650939941,-15.365450859069824,1.4710102081298828
sentinel1,treatment_0007,P14,ascm,VV_minus_VH,5.319668292999268,6.1233930587768555,-0.8037247657775879
sentinel1,treatment_0007,P15,scm,VV,-9.519037246704102,,
sentinel1,treatment_0007,P15,scm,VH,-15.142274856567383,,
sentinel1,treatment_0007,P15,scm,VV_minus_VH,5.623237133026123,,
sentinel1,treatment_0007,P15,ascm,VV,-9.519037246704102,,
sentinel1,treatment_0007,P15,ascm,VH,-15.142274856567383,,
sentinel1,treatment_0007,P15,ascm,VV_minus_VH,5.623237133026123,,
sentinel1,treatment_0007,P16,scm,VV,-7.244772434234619,-8.850001335144043,1.6052289009094238
sentinel1,treatment_0007,P16,scm,VH,-12.699703216552734,-15.362849235534668,2.6631460189819336
sentinel1,treatment_0007,P16,scm,VV_minus_VH,5.454931735992432,6.512847900390625,-1.0579161643981934
sentinel1,treatment_0007,P16,ascm,VV,-7.244772434234619,-8.897611618041992,1.652839183807373
sentinel1,treatment_0007,P16,ascm,VH,-12.699703216552734,-15.377543449401855,2.677840232849121
sentinel1,treatment_0007,P16,ascm,VV_minus_VH,5.454931735992432,6.479931831359863,-1.0250000953674316
sentinel1,treatment_0007,P17,scm,VV,-8.002420425415039,-9.319731712341309,1.3173112869262695
sentinel1,treatment_0007,P17,scm,VH,-13.653609275817871,-15.498602867126465,1.8449935913085938
sentinel1,treatment_0007,P17,scm,VV_minus_VH,5.603917121887207,6.178869247436523,-0.5749521255493164
sentinel1,treatment_0007,P17,ascm,VV,-8.002420425415039,-9.391980171203613,1.3895597457885742
sentinel1,treatment_0007,P17,ascm,VH,-13.653609275817871,-15.498686790466309,1.8450775146484375
sentinel1,treatment_0007,P17,ascm,VV_minus_VH,5.603917121887207,6.1067070960998535,-0.5027899742126465
sentinel1,treatment_0007,P18,scm,VV,-9.105817794799805,-9.913894653320312,0.8080768585205078
sentinel1,treatment_0007,P18,scm,VH,-15.364737510681152,-16.193449020385742,0.8287115097045898
sentinel1,treatment_0007,P18,scm,VV_minus_VH,6.258919715881348,6.279555320739746,-0.020635604858398438
sentinel1,treatment_0007,P18,ascm,VV,-9.105817794799805,-9.90234088897705,0.7965230941772461
sentinel1,treatment_0007,P18,ascm,VH,-15.364737510681152,-16.20128059387207,0.836543083190918
sentinel1,treatment_0007,P18,ascm,VV_minus_VH,6.258919715881348,6.298940181732178,-0.04002046585083008
sentinel1,treatment_0007,P19,scm,VV,-8.585325241088867,-9.505715370178223,0.9203901290893555
sentinel1,treatment_0007,P19,scm,VH,-14.5928955078125,-15.60361385345459,1.0107183456420898
sentinel1,treatment_0007,P19,scm,VV_minus_VH,6.007570266723633,6.097898006439209,-0.09032773971557617
sentinel1,treatment_0007,P19,ascm,VV,-8.585325241088867,-9.479548454284668,0.8942232131958008
sentinel1,treatment_0007,P19,ascm,VH,-14.5928955078125,-15.633350372314453,1.0404548645019531
sentinel1,treatment_0007,P19,ascm,VV_minus_VH,6.007570266723633,6.153802394866943,-0.14623212814331055
sentinel1,treatment_0007,P20,scm,VV,-8.02392864227295,-8.9742431640625,0.9503145217895508
sentinel1,treatment_0007,P20,scm,VH,-13.245037078857422,-15.363931655883789,2.118894577026367
sentinel1,treatment_0007,P20,scm,VV_minus_VH,5.257229328155518,6.3896894454956055,-1.132460117340088
sentinel1,treatment_0007,P20,ascm,VV,-8.02392864227295,-8.999540328979492,0.975611686706543
sentinel1,treatment_0007,P20,ascm,VH,-13.245037078857422,-15.381194114685059,2.1361570358276367
sentinel1,treatment_0007,P20,ascm,VV_minus_VH,5.257229328155518,6.38165283203125,-1.1244235038757324
sentinel1,treatment_0008,P11,scm,VV,-8.974847793579102,-9.119889259338379,0.14504146575927734
sentinel1,treatment_0008,P11,scm,VH,-15.159001350402832,-15.605456352233887,0.4464550018310547
sentinel1,treatment_0008,P11,scm,VV_minus_VH,6.218620300292969,6.485567092895508,-0.26694679260253906
sentinel1,treatment_0008,P11,ascm,VV,-8.974847793579102,-9.137216567993164,0.1623687744140625
sentinel1,treatment_0008,P11,ascm,VH,-15.159001350402832,-15.601547241210938,0.44254589080810547
sentinel1,treatment_0008,P11,ascm,VV_minus_VH,6.218620300292969,6.46433162689209,-0.2457113265991211
sentinel1,treatment_0008,P12,scm,VV,-9.816849708557129,-9.832674980163574,0.015825271606445312
sentinel1,treatment_0008,P12,scm,VH,-16.199851989746094,-16.182212829589844,-0.01763916015625
sentinel1,treatment_0008,P12,scm,VV_minus_VH,6.383001804351807,6.349536895751953,0.033464908599853516
sentinel1,treatment_0008,P12,ascm,VV,-9.816849708557129,-9.723689079284668,-0.09316062927246094
sentinel1,treatment_0008,P12,ascm,VH,-16.199851989746094,-16.246601104736328,0.046749114990234375
sentinel1,treatment_0008,P12,ascm,VV_minus_VH,6.383001804351807,6.522913932800293,-0.13991212844848633
sentinel1,treatment_0008,P13,scm,VV,-9.658476829528809,-9.56379508972168,-0.0946817398071289
sentinel1,treatment_0008,P13,scm,VH,-15.419848442077637,-15.535550117492676,0.11570167541503906
sentinel1,treatment_0008,P13,scm,VV_minus_VH,5.761371612548828,5.971753120422363,-0.21038150787353516
sentinel1,treatment_0008,P13,ascm,VV,-9.658476829528809,-9.497164726257324,-0.16131210327148438
sentinel1,treatment_0008,P13,ascm,VH,-15.419848442077637,-15.519608497619629,0.09976005554199219
sentinel1,treatment_0008,P13,ascm,VV_minus_VH,5.761371612548828,6.0224432945251465,-0.26107168197631836
sentinel1,treatment_0008,P14,scm,VV,-9.53518009185791,-9.343171119689941,-0.19200897216796875
sentinel1,treatment_0008,P14,scm,VH,-14.926525115966797,-15.45422649383545,0.5277013778686523
sentinel1,treatment_0008,P14,scm,VV_minus_VH,5.404646396636963,6.111053943634033,-0.7064075469970703
sentinel1,treatment_0008,P14,ascm,VV,-9.53518009185791,-9.449719429016113,-0.08546066284179688
sentinel1,treatment_0008,P14,ascm,VH,-14.926525115966797,-15.426838874816895,0.5003137588500977
sentinel1,treatment_0008,P14,ascm,VV_minus_VH,5.404646396636963,5.977119445800781,-0.5724730491638184
sentinel1,treatment_0008,P15,scm,VV,-10.633049011230469,,
sentinel1,treatment_0008,P15,scm,VH,-16.50019645690918,,
sentinel1,treatment_0008,P15,scm,VV_minus_VH,5.867146968841553,,
sentinel1,treatment_0008,P15,ascm,VV,-10.633049011230469,,
sentinel1,treatment_0008,P15,ascm,VH,-16.50019645690918,,
sentinel1,treatment_0008,P15,ascm,VV_minus_VH,5.867146968841553,,
sentinel1,treatment_0008,P16,scm,VV,-8.373316764831543,-9.103200912475586,0.729884147644043
sentinel1,treatment_0008,P16,scm,VH,-14.163372039794922,-15.31848430633545,1.1551122665405273
sentinel1,treatment_0008,P16,scm,VV_minus_VH,5.790056228637695,6.215285778045654,-0.425229549407959
sentinel1,treatment_0008,P16,ascm,VV,-8.373316764831543,-9.112422943115234,0.7391061782836914
sentinel1,treatment_0008,P16,ascm,VH,-14.163372039794922,-15.340965270996094,1.1775932312011719
sentinel1,treatment_0008,P16,ascm,VV_minus_VH,5.790056228637695,6.228544235229492,-0.4384880065917969
sentinel1,treatment_0008,P17,scm,VV,-9.10905647277832,-9.582657814025879,0.4736013412475586
sentinel1,treatment_0008,P17,scm,VH,-15.201148986816406,-15.806464195251465,0.6053152084350586
sentinel1,treatment_0008,P17,scm,VV_minus_VH,6.083961486816406,6.2238078117370605,-0.1398463249206543
sentinel1,treatment_0008,P17,ascm,VV,-9.10905647277832,-9.568807601928711,0.4597511291503906
sentinel1,treatment_0008,P17,ascm,VH,-15.201148986816406,-15.693324089050293,0.4921751022338867
sentinel1,treatment_0008,P17,ascm,VV_minus_VH,6.083961486816406,6.124517440795898,-0.04055595397949219
sentinel1,treatment_0008,P18,scm,VV,-10.344245910644531,-10.127043724060059,-0.21720218658447266
sentinel1,treatment_0008,P18,scm,VH,-16.841434478759766,-16.3400936126709,-0.5013408660888672
sentinel1,treatment_0008,P18,scm,VV_minus_VH,6.497189521789551,6.213048934936523,0.28414058685302734
sentinel1,treatment_0008,P18,ascm,VV,-10.344245910644531,-10.092803001403809,-0.25144290924072266
sentinel1,treatment_0008,P18,ascm,VH,-16.841434478759766,-16.312467575073242,-0.5289669036865234
sentinel1,treatment_0008,P18,ascm,VV_minus_VH,6.497189521789551,6.21966552734375,0.2775239944458008
sentinel1,treatment_0008,P19,scm,VV,-9.879642486572266,-9.818647384643555,-0.06099510192871094
sentinel1,treatment_0008,P19,scm,VH,-15.921989440917969,-15.909627914428711,-0.012361526489257812
sentinel1,treatment_0008,P19,scm,VV_minus_VH,6.0423479080200195,6.0909810066223145,-0.04863309860229492
sentinel1,treatment_0008,P19,ascm,VV,-9.879642486572266,-9.824671745300293,-0.054970741271972656
sentinel1,treatment_0008,P19,ascm,VH,-15.921989440917969,-15.87279987335205,-0.04918956756591797
sentinel1,treatment_0008,P19,ascm,VV_minus_VH,6.0423479080200195,6.0481276512146,-0.005779743194580078
sentinel1,treatment_0008,P20,scm,VV,-8.796562194824219,-9.16458797454834,0.3680257797241211
sentinel1,treatment_0008,P20,scm,VH,-14.36418342590332,-15.371517181396484,1.007333755493164
sentinel1,treatment_0008,P20,scm,VV_minus_VH,5.602156639099121,6.206929683685303,-0.6047730445861816
sentinel1,treatment_0008,P20,ascm,VV,-8.796562194824219,-9.073716163635254,0.27715396881103516
sentinel1,treatment_0008,P20,ascm,VH,-14.36418342590332,-15.386504173278809,1.0223207473754883
sentinel1,treatment_0008,P20,ascm,VV_minus_VH,5.602156639099121,6.3127875328063965,-0.7106308937072754
sentinel1,treatment_0009,P11,scm,VV,-8.782313346862793,-9.995656967163086,1.213343620300293
sentinel1,treatment_0009,P11,scm,VH,-15.040847778320312,-16.308713912963867,1.2678661346435547
sentinel1,treatment_0009,P11,scm,VV_minus_VH,6.280346870422363,6.313055992126465,-0.03270912170410156
sentinel1,treatment_0009,P11,ascm,VV,-8.782313346862793,-9.84760570526123,1.0652923583984375
sentinel1,treatment_0009,P11,ascm,VH,-15.040847778320312,-16.245304107666016,1.2044563293457031
sentinel1,treatment_0009,P11,ascm,VV_minus_VH,6.280346870422363,6.397697448730469,-0.11735057830810547
sentinel1,treatment_0009,P12,scm,VV,-9.637344360351562,-10.14151668548584,0.5041723251342773
sentinel1,treatment_0009,P12,scm,VH,-16.126985549926758,-16.561222076416016,0.4342365264892578
sentinel1,treatment_0009,P12,scm,VV_minus_VH,6.48964262008667,6.419705867767334,0.06993675231933594
sentinel1,treatment_0009,P12,ascm,VV,-9.637344360351562,-10.049178123474121,0.4118337631225586
sentinel1,treatment_0009,P12,ascm,VH,-16.126985549926758,-16.3675594329834,0.24057388305664062
sentinel1,treatment_0009,P12,ascm,VV_minus_VH,6.48964262008667,6.3183817863464355,0.17126083374023438
sentinel1,treatment_0009,P13,scm,VV,-9.48261547088623,-10.523242950439453,1.0406274795532227
sentinel1,treatment_0009,P13,scm,VH,-15.296293258666992,-16.44186019897461,1.1455669403076172
sentinel1,treatment_0009,P13,scm,VV_minus_VH,5.81367826461792,5.91861629486084,-0.10493803024291992
sentinel1,treatment_0009,P13,ascm,VV,-9.48261547088623,-10.505406379699707,1.0227909088134766
sentinel1,treatment_0009,P13,ascm,VH,-15.296293258666992,-16.50994873046875,1.2136554718017578
sentinel1,treatment_0009,P13,ascm,VV_minus_VH,5.81367826461792,6.004544734954834,-0.19086647033691406
sentinel1,treatment_0009,P14,scm,VV,-9.358985900878906,-10.096521377563477,0.7375354766845703
sentinel1,treatment_0009,P14,scm,VH,-14.787333488464355,-15.898547172546387,1.1112136840820312
sentinel1,treatment_0009,P14,scm,VV_minus_VH,5.45502233505249,5.802026748657227,-0.34700441360473633
sentinel1,treatment_0009,P14,ascm,VV,-9.358985900878906,-10.209556579589844,0.8505706787109375
sentinel1,treatment_0009,P14,ascm,VH,-14.787333488464355,-15.944306373596191,1.156972885131836
sentinel1,treatment_0009,P14,ascm,VV_minus_VH,5.45502233505249,5.734749794006348,-0.2797274589538574
sentinel1,treatment_0009,P15,scm,VV,-10.480040550231934,,
sentinel1,treatment_0009,P15,scm,VH,-16.3455753326416,,
sentinel1,treatment_0009,P15,scm,VV_minus_VH,5.865535736083984,,
sentinel1,treatment_0009,P15,ascm,VV,-10.480040550231934,,
sentinel1,treatment_0009,P15,ascm,VH,-16.3455753326416,,
sentinel1,treatment_0009,P15,ascm,VV_minus_VH,5.865535736083984,,
sentinel1,treatment_0009,P16,scm,VV,-8.163009643554688,-9.561235427856445,1.3982257843017578
sentinel1,treatment_0009,P16,scm,VH,-14.091803550720215,-15.809774398803711,1.717970848083496
sentinel1,treatment_0009,P16,scm,VV_minus_VH,5.928793907165527,6.248538970947266,-0.3197450637817383
sentinel1,treatment_0009,P16,ascm,VV,-8.163009643554688,-9.650659561157227,1.487649917602539
sentinel1,treatment_0009,P16,ascm,VH,-14.091803550720215,-15.85302448272705,1.761220932006836
sentinel1,treatment_0009,P16,ascm,VV_minus_VH,5.928793907165527,6.202365398406982,-0.2735714912414551
sentinel1,treatment_0009,P17,scm,VV,-8.91753101348877,-10.344456672668457,1.4269256591796875
sentinel1,treatment_0009,P17,scm,VH,-15.09603214263916,-16.888755798339844,1.7927236557006836
sentinel1,treatment_0009,P17,scm,VV_minus_VH,6.160424709320068,6.544300079345703,-0.38387537002563477
sentinel1,treatment_0009,P17,ascm,VV,-8.91753101348877,-10.4736328125,1.5561017990112305
sentinel1,treatment_0009,P17,ascm,VH,-15.09603214263916,-16.940113067626953,1.844080924987793
sentinel1,treatment_0009,P17,ascm,VV_minus_VH,6.160424709320068,6.466481685638428,-0.3060569763183594
sentinel1,treatment_0009,P18,scm,VV,-10.10310173034668,-10.945576667785645,0.8424749374389648
sentinel1,treatment_0009,P18,scm,VH,-16.67035675048828,-17.6680965423584,0.9977397918701172
sentinel1,treatment_0009,P18,scm,VV_minus_VH,6.567255973815918,6.722517967224121,-0.15526199340820312
sentinel1,treatment_0009,P18,ascm,VV,-10.10310173034668,-10.960050582885742,0.8569488525390625
sentinel1,treatment_0009,P18,ascm,VH,-16.67035675048828,-17.657917022705078,0.9875602722167969
sentinel1,treatment_0009,P18,ascm,VV_minus_VH,6.567255973815918,6.697866439819336,-0.13061046600341797
sentinel1,treatment_0009,P19,scm,VV,-9.630974769592285,-10.436189651489258,0.8052148818969727
sentinel1,treatment_0009,P19,scm,VH,-15.689056396484375,-16.846208572387695,1.1571521759033203
sentinel1,treatment_0009,P19,scm,VV_minus_VH,6.058081150054932,6.410019874572754,-0.35193872451782227
sentinel1,treatment_0009,P19,ascm,VV,-9.630974769592285,-10.412323951721191,0.7813491821289062
sentinel1,treatment_0009,P19,ascm,VH,-15.689056396484375,-16.927488327026367,1.2384319305419922
sentinel1,treatment_0009,P19,ascm,VV_minus_VH,6.058081150054932,6.515163898468018,-0.45708274841308594
sentinel1,treatment_0009,P20,scm,VV,-8.5480375289917,-9.422608375549316,0.8745708465576172
sentinel1,treatment_0009,P20,scm,VH,-14.131426811218262,-15.683642387390137,1.552215576171875
sentinel1,treatment_0009,P20,scm,VV_minus_VH,5.592113018035889,6.261033058166504,-0.6689200401306152
sentinel1,treatment_0009,P20,ascm,VV,-8.5480375289917,-9.44094181060791,0.8929042816162109
sentinel1,treatment_0009,P20,ascm,VH,-14.131426811218262,-15.682311058044434,1.5508842468261719
sentinel1,treatment_0009,P20,ascm,VV_minus_VH,5.592113018035889,6.241369247436523,-0.6492562294006348
sentinel1,treatment_0010,P11,scm,VV,-9.989921569824219,-9.330371856689453,-0.6595497131347656
sentinel1,treatment_0010,P11,scm,VH,-16.10213851928711,-15.819657325744629,-0.28248119354248047
sentinel1,treatment_0010,P11,scm,VV_minus_VH,6.109992980957031,6.489284038543701,-0.3792910575866699
sentinel1,treatment_0010,P11,ascm,VV,-9.989921569824219,-9.343453407287598,-0.6464681625366211
sentinel1,treatment_0010,P11,ascm,VH,-16.10213851928711,-15.79559326171875,-0.3065452575683594
sentinel1,treatment_0010,P11,ascm,VV_minus_VH,6.109992980957031,6.452138900756836,-0.3421459197998047
sentinel1,treatment_0010,P12,scm,VV,-10.68600082397461,-10.124885559082031,-0.5611152648925781
sentinel1,treatment_0010,P12,scm,VH,-16.730743408203125,-16.67072105407715,-0.06002235412597656
sentinel1,treatment_0010,P12,scm,VV_minus_VH,6.044742107391357,6.545835494995117,-0.5010933876037598
sentinel1,treatment_0010,P12,ascm,VV,-10.68600082397461,-10.013935089111328,-0.6720657348632812
sentinel1,treatment_0010,P12,ascm,VH,-16.730743408203125,-16.755067825317383,0.024324417114257812
sentinel1,treatment_0010,P12,ascm,VV_minus_VH,6.044742107391357,6.74113130569458,-0.6963891983032227
sentinel1,treatment_0010,P13,scm,VV,-10.80102252960205,-9.842267990112305,-0.9587545394897461
sentinel1,treatment_0010,P13,scm,VH,-16.770723342895508,-15.839075088500977,-0.9316482543945312
sentinel1,treatment_0010,P13,scm,VV_minus_VH,5.969701766967773,5.99680757522583,-0.02710580825805664
sentinel1,treatment_0010,P13,ascm,VV,-10.80102252960205,-9.769827842712402,-1.0311946868896484
sentinel1,treatment_0010,P13,ascm,VH,-16.770723342895508,-15.847012519836426,-0.923710823059082
sentinel1,treatment_0010,P13,ascm,VV_minus_VH,5.969701766967773,6.07718563079834,-0.1074838638305664
sentinel1,treatment_0010,P14,scm,VV,-10.708497047424316,-9.47878360748291,-1.2297134399414062
sentinel1,treatment_0010,P14,scm,VH,-16.271928787231445,-15.41849422454834,-0.8534345626831055
sentinel1,treatment_0010,P14,scm,VV_minus_VH,5.596279621124268,5.939712047576904,-0.3434324264526367
sentinel1,treatment_0010,P14,ascm,VV,-10.708497047424316,-9.598613739013672,-1.1098833084106445
sentinel1,treatment_0010,P14,ascm,VH,-16.271928787231445,-15.420844078063965,-0.8510847091674805
sentinel1,treatment_0010,P14,ascm,VV_minus_VH,5.596279621124268,5.822231769561768,-0.2259521484375
sentinel1,treatment_0010,P15,scm,VV,-11.85340404510498,,
sentinel1,treatment_0010,P15,scm,VH,-18.220706939697266,,
sentinel1,treatment_0010,P15,scm,VV_minus_VH,6.367303371429443,,
sentinel1,treatment_0010,P15,ascm,VV,-11.85340404510498,,
sentinel1,treatment_0010,P15,ascm,VH,-18.220706939697266,,
sentinel1,treatment_0010,P15,ascm,VV_minus_VH,6.367303371429443,,
sentinel1,treatment_0010,P16,scm,VV,-9.604247093200684,-9.159493446350098,-0.44475364685058594
sentinel1,treatment_0010,P16,scm,VH,-15.66085147857666,-15.346418380737305,-0.31443309783935547
sentinel1,treatment_0010,P16,scm,VV_minus_VH,6.05660343170166,6.186925888061523,-0.13032245635986328
sentinel1,treatment_0010,P16,ascm,VV,-9.604247093200684,-9.166844367980957,-0.43740272521972656
sentinel1,treatment_0010,P16,ascm,VH,-15.66085147857666,-15.379562377929688,-0.28128910064697266
sentinel1,treatment_0010,P16,ascm,VV_minus_VH,6.05660343170166,6.2127180099487305,-0.1561145782470703
sentinel1,treatment_0010,P17,scm,VV,-10.173310279846191,-9.576762199401855,-0.5965480804443359
sentinel1,treatment_0010,P17,scm,VH,-16.876739501953125,-15.799222946166992,-1.0775165557861328
sentinel1,treatment_0010,P17,scm,VV_minus_VH,6.6790618896484375,6.222461223602295,0.4566006660461426
sentinel1,treatment_0010,P17,ascm,VV,-10.173310279846191,-9.568697929382324,-0.6046123504638672
sentinel1,treatment_0010,P17,ascm,VH,-16.876739501953125,-15.707601547241211,-1.169137954711914
sentinel1,treatment_0010,P17,ascm,VV_minus_VH,6.6790618896484375,6.138903617858887,0.5401582717895508
sentinel1,treatment_0010,P18,scm,VV,-11.353075981140137,-10.401103019714355,-0.9519729614257812
sentinel1,treatment_0010,P18,scm,VH,-18.52161979675293,-16.784894943237305,-1.736724853515625
sentinel1,treatment_0010,P18,scm,VV_minus_VH,7.168545246124268,6.383791446685791,0.7847537994384766
sentinel1,treatment_0010,P18,ascm,VV,-11.353075981140137,-10.349226951599121,-1.0038490295410156
sentinel1,treatment_0010,P18,ascm,VH,-18.52161979675293,-16.714982986450195,-1.8066368103027344
sentinel1,treatment_0010,P18,ascm,VV_minus_VH,7.168545246124268,6.365755081176758,0.8027901649475098
sentinel1,treatment_0010,P19,scm,VV,-10.925714492797852,-9.994457244873047,-0.9312572479248047
sentinel1,treatment_0010,P19,scm,VH,-17.5032901763916,-16.317577362060547,-1.1857128143310547
sentinel1,treatment_0010,P19,scm,VV_minus_VH,6.577575206756592,6.3231201171875,0.2544550895690918
sentinel1,treatment_0010,P19,ascm,VV,-10.925714492797852,-9.991429328918457,-0.9342851638793945
sentinel1,treatment_0010,P19,ascm,VH,-17.5032901763916,-16.23863983154297,-1.2646503448486328
sentinel1,treatment_0010,P19,ascm,VV_minus_VH,6.577575206756592,6.2472100257873535,0.3303651809692383
sentinel1,treatment_0010,P20,scm,VV,-9.714961051940918,-9.251681327819824,-0.46327972412109375
sentinel1,treatment_0010,P20,scm,VH,-15.559782981872559,-15.313135147094727,-0.24664783477783203
sentinel1,treatment_0010,P20,scm,VV_minus_VH,5.876433372497559,6.061454772949219,-0.18502140045166016
sentinel1,treatment_0010,P20,ascm,VV,-9.714961051940918,-9.149455070495605,-0.5655059814453125
sentinel1,treatment_0010,P20,ascm,VH,-15.559782981872559,-15.336385726928711,-0.22339725494384766
sentinel1,treatment_0010,P20,ascm,VV_minus_VH,5.876433372497559,6.186929702758789,-0.31049633026123047
sentinel2,treatment_0001,P11,scm,B2,0.021791286766529083,0.06122686341404915,-0.039435576647520065
sentinel2,treatment_0001,P11,scm,B3,0.0445517897605896,0.08504938334226608,-0.04049759358167648
sentinel2,treatment_0001,P11,scm,B4,0.03209034353494644,0.06752252578735352,-0.035432182252407074
sentinel2,treatment_0001,P11,scm,B8,0.31175491213798523,0.30133068561553955,0.010424226522445679
sentinel2,treatment_0001,P11,scm,B11,0.19253595173358917,0.18122774362564087,0.011308208107948303
sentinel2,treatment_0001,P11,scm,B12,0.09545335918664932,0.10798247903585434,-0.012529119849205017
sentinel2,treatment_0001,P11,scm,NDVI,0.8128089308738708,0.6340779662132263,0.17873096466064453
sentinel2,treatment_0001,P11,scm,NDWI,-0.7527085542678833,-0.5597755908966064,-0.19293296337127686
sentinel2,treatment_0001,P11,ascm,B2,0.021791286766529083,0.0674080103635788,-0.04561672359704971
sentinel2,treatment_0001,P11,ascm,B3,0.0445517897605896,0.08770152181386948,-0.04314973205327988
sentinel2,treatment_0001,P11,ascm,B4,0.03209034353494644,0.07146672904491425,-0.039376385509967804
sentinel2,treatment_0001,P11,ascm,B8,0.31175491213798523,0.30979838967323303,0.0019565224647521973
sentinel2,treatment_0001,P11,ascm,B11,0.19253595173358917,0.18960945308208466,0.0029264986515045166
sentinel2,treatment_0001,P11,ascm,B12,0.09545335918664932,0.11433029174804688,-0.018876932561397552
sentinel2,treatment_0001,P11,ascm,NDVI,0.8128089308738708,0.6252753138542175,0.18753361701965332
sentinel2,treatment_0001,P11,ascm,NDWI,-0.7527085542678833,-0.5587528347969055,-0.19395571947097778
sentinel2,treatment_0001,P12,scm,B2,0.020785972476005554,0.04814606159925461,-0.027360089123249054
sentinel2,treatment_0001,P12,scm,B3,0.0466572530567646,0.0736302062869072,-0.026972953230142593
sentinel2,treatment_0001,P12,scm,B4,0.03553779050707817,0.0641913115978241,-0.028653521090745926
sentinel2,treatment_0001,P12,scm,B8,0.30732211470603943,0.29963505268096924,0.00768706202507019
sentinel2,treatment_0001,P12,scm,B11,0.1920507252216339,0.1894584596157074,0.0025922656059265137
sentinel2,treatment_0001,P12,scm,B12,0.09629853069782257,0.10949508845806122,-0.013196557760238647
sentinel2,treatment_0001,P12,scm,NDVI,0.7920465469360352,0.6475365161895752,0.14451003074645996
sentinel2,treatment_0001,P12,scm,NDWI,-0.7388333082199097,-0.6055746078491211,-0.13325870037078857
sentinel2,treatment_0001,P12,ascm,B2,0.020785972476005554,0.05518662557005882,-0.03440065309405327
sentinel2,treatment_0001,P12,ascm,B3,0.0466572530567646,0.0796271562576294,-0.03296990320086479
sentinel2,treatment_0001,P12,ascm,B4,0.03553779050707817,0.06689377129077911,-0.03135598078370094
sentinel2,treatment_0001,P12,ascm,B8,0.30732211470603943,0.3035936653614044,0.0037284493446350098
sentinel2,treatment_0001,P12,ascm,B11,0.1920507252216339,0.18910476565361023,0.0029459595680236816
sentinel2,treatment_0001,P12,ascm,B12,0.09629853069782257,0.11054550856351852,-0.014246977865695953
sentinel2,treatment_0001,P12,ascm,NDVI,0.7920465469360352,0.6393981575965881,0.15264838933944702
sentinel2,treatment_0001,P12,ascm,NDWI,-0.7388333082199097,-0.5845425128936768,-0.1542907953262329
sentinel2,treatment_0001,P13,scm,B2,,0.052559804171323776,
sentinel2,treatment_0001,P13,scm,B3,,0.06960423290729523,
sentinel2,treatment_0001,P13,scm,B4,,0.05436035990715027,
sentinel2,treatment_0001,P13,scm,B8,,0.2901535928249359,
sentinel2,treatment_0001,P13,scm,B11,,0.14918279647827148,
sentinel2,treatment_0001,P13,scm,B12,,0.08061336725950241,
sentinel2,treatment_0001,P13,scm,NDVI,,0.687536358833313,
sentinel2,treatment_0001,P13,scm,NDWI,,-0.6146538853645325,
sentinel2,treatment_0001,P13,ascm,B2,,0.052686657756567,
sentinel2,treatment_0001,P13,ascm,B3,,0.07075073570013046,
sentinel2,treatment_0001,P13,ascm,B4,,0.058043383061885834,
sentinel2,treatment_0001,P13,ascm,B8,,0.2866246700286865,
sentinel2,treatment_0001,P13,ascm,B11,,0.14853014051914215,
sentinel2,treatment_0001,P13,ascm,B12,,0.08227965235710144,
sentinel2,treatment_0001,P13,ascm,NDVI,,0.6661087870597839,
sentinel2,treatment_0001,P13,ascm,NDWI,,-0.6056457757949829,
sentinel2,treatment_0001,P14,scm,B2,0.059486668556928635,0.062253933399915695,-0.0027672648429870605
sentinel2,treatment_0001,P14,scm,B3,0.07469313591718674,0.08131825923919678,-0.00662512332201004
sentinel2,treatment_0001,P14,scm,B4,0.06746126711368561,0.06588023900985718,0.0015810281038284302
sentinel2,treatment_0001,P14,scm,B8,0.261395663022995,0.29366013407707214,-0.03226447105407715
sentinel2,treatment_0001,P14,scm,B11,0.17935198545455933,0.17607693374156952,0.003275051712989807
sentinel2,treatment_0001,P14,scm,B12,0.10548640042543411,0.10298389196395874,0.0025025084614753723
sentinel2,treatment_0001,P14,scm,NDVI,0.568951427936554,0.634541928768158,-0.065590500831604
sentinel2,treatment_0001,P14,scm,NDWI,-0.539360761642456,-0.5666202902793884,0.027259528636932373
sentinel2,treatment_0001,P14,ascm,B2,0.059486668556928635,0.0565328486263752,0.0029538199305534363
sentinel2,treatment_0001,P14,ascm,B3,0.07469313591718674,0.07386942207813263,0.0008237138390541077
sentinel2,treatment_0001,P14,ascm,B4,0.06746126711368561,0.05790656805038452,0.009554699063301086
sentinel2,treatment_0001,P14,ascm,B8,0.261395663022995,0.28952494263648987,-0.028129279613494873
sentinel2,treatment_0001,P14,ascm,B11,0.17935198545455933,0.1719941645860672,0.0073578208684921265
sentinel2,treatment_0001,P14,ascm,B12,0.10548640042543411,0.10173511505126953,0.0037512853741645813
sentinel2,treatment_0001,P14,ascm,NDVI,0.568951427936554,0.6682325005531311,-0.09928107261657715
sentinel2,treatment_0001,P14,ascm,NDWI,-0.539360761642456,-0.5940422415733337,0.054681479930877686
sentinel2,treatment_0001,P15,scm,B2,,,
sentinel2,treatment_0001,P15,scm,B3,,,
sentinel2,treatment_0001,P15,scm,B4,,,
sentinel2,treatment_0001,P15,scm,B8,,,
sentinel2,treatment_0001,P15,scm,B11,,,
sentinel2,treatment_0001,P15,scm,B12,,,
sentinel2,treatment_0001,P15,scm,NDVI,,,
sentinel2,treatment_0001,P15,scm,NDWI,,,
sentinel2,treatment_0001,P15,ascm,B2,,,
sentinel2,treatment_0001,P15,ascm,B3,,,
sentinel2,treatment_0001,P15,ascm,B4,,,
sentinel2,treatment_0001,P15,ascm,B8,,,
sentinel2,treatment_0001,P15,ascm,B11,,,
sentinel2,treatment_0001,P15,ascm,B12,,,
sentinel2,treatment_0001,P15,ascm,NDVI,,,
sentinel2,treatment_0001,P15,ascm,NDWI,,,
sentinel2,treatment_0001,P16,scm,B2,0.0352875292301178,0.06563375890254974,-0.030346229672431946
sentinel2,treatment_0001,P16,scm,B3,0.049144092947244644,0.08228130638599396,-0.03313721343874931
sentinel2,treatment_0001,P16,scm,B4,0.05768003687262535,0.07088552415370941,-0.01320548728108406
sentinel2,treatment_0001,P16,scm,B8,0.21447719633579254,0.28048989176750183,-0.06601269543170929
sentinel2,treatment_0001,P16,scm,B11,0.20784859359264374,0.14913102984428406,0.05871756374835968
sentinel2,treatment_0001,P16,scm,B12,0.13433559238910675,0.09637266397476196,0.03796292841434479
sentinel2,treatment_0001,P16,scm,NDVI,0.5630125403404236,0.5981051325798035,-0.03509259223937988
sentinel2,treatment_0001,P16,scm,NDWI,-0.6275411248207092,-0.5469714403152466,-0.08056968450546265
sentinel2,treatment_0001,P16,ascm,B2,0.0352875292301178,0.06155738979578018,-0.026269860565662384
sentinel2,treatment_0001,P16,ascm,B3,0.049144092947244644,0.07815252989530563,-0.02900843694806099
sentinel2,treatment_0001,P16,ascm,B4,0.05768003687262535,0.06458214670419693,-0.006902109831571579
sentinel2,treatment_0001,P16,ascm,B8,0.21447719633579254,0.2780502736568451,-0.06357307732105255
sentinel2,treatment_0001,P16,ascm,B11,0.20784859359264374,0.14563924074172974,0.062209352850914
sentinel2,treatment_0001,P16,ascm,B12,0.13433559238910675,0.09435116499662399,0.03998442739248276
sentinel2,treatment_0001,P16,ascm,NDVI,0.5630125403404236,0.624786913394928,-0.061774373054504395
sentinel2,treatment_0001,P16,ascm,NDWI,-0.6275411248207092,-0.5619857907295227,-0.06555533409118652
sentinel2,treatment_0001,P17,scm,B2,,0.05954640358686447,
sentinel2,treatment_0001,P17,scm,B3,,0.07793696224689484,
sentinel2,treatment_0001,P17,scm,B4,,0.06625773757696152,
sentinel2,treatment_0001,P17,scm,B8,,0.2968122661113739,
sentinel2,treatment_0001,P17,scm,B11,,0.15854881703853607,
sentinel2,treatment_0001,P17,scm,B12,,0.09396299719810486,
sentinel2,treatment_0001,P17,scm,NDVI,,0.6380874514579773,
sentinel2,treatment_0001,P17,scm,NDWI,,-0.5855421423912048,
sentinel2,treatment_0001,P17,ascm,B2,,0.05731421709060669,
sentinel2,treatment_0001,P17,ascm,B3,,0.07706750929355621,
sentinel2,treatment_0001,P17,ascm,B4,,0.06255486607551575,
sentinel2,treatment_0001,P17,ascm,B8,,0.29078710079193115,
sentinel2,treatment_0001,P17,ascm,B11,,0.15806953608989716,
sentinel2,treatment_0001,P17,ascm,B12,,0.09560921788215637,
sentinel2,treatment_0001,P17,ascm,NDVI,,0.6481199860572815,
sentinel2,treatment_0001,P17,ascm,NDWI,,-0.5817369818687439,
sentinel2,treatment_0001,P18,scm,B2,0.06486926972866058,0.05427751690149307,0.010591752827167511
sentinel2,treatment_0001,P18,scm,B3,0.07130523025989532,0.0737273246049881,-0.0024220943450927734
sentinel2,treatment_0001,P18,scm,B4,0.07982999831438065,0.058234602212905884,0.021595396101474762
sentinel2,treatment_0001,P18,scm,B8,0.18365797400474548,0.2887932062149048,-0.1051352322101593
sentinel2,treatment_0001,P18,scm,B11,0.09641101211309433,0.14580999314785004,-0.04939898103475571
sentinel2,treatment_0001,P18,scm,B12,0.06975431740283966,0.08508201688528061,-0.015327699482440948
sentinel2,treatment_0001,P18,scm,NDVI,0.44766587018966675,0.6658453941345215,-0.21817952394485474
sentinel2,treatment_0001,P18,scm,NDWI,-0.4891369044780731,-0.5939905643463135,0.10485365986824036
sentinel2,treatment_0001,P18,ascm,B2,0.06486926972866058,0.050161849707365036,0.014707420021295547
sentinel2,treatment_0001,P18,ascm,B3,0.07130523025989532,0.06965529918670654,0.0016499310731887817
sentinel2,treatment_0001,P18,ascm,B4,0.07982999831438065,0.054276660084724426,0.02555333822965622
sentinel2,treatment_0001,P18,ascm,B8,0.18365797400474548,0.2839204967021942,-0.10026252269744873
sentinel2,treatment_0001,P18,ascm,B11,0.09641101211309433,0.14737865328788757,-0.05096764117479324
sentinel2,treatment_0001,P18,ascm,B12,0.06975431740283966,0.08061932772397995,-0.01086501032114029
sentinel2,treatment_0001,P18,ascm,NDVI,0.44766587018966675,0.6803291440010071,-0.23266327381134033
sentinel2,treatment_0001,P18,ascm,NDWI,-0.4891369044780731,-0.6066145896911621,0.11747768521308899
sentinel2,treatment_0001,P19,scm,B2,0.05668694153428078,0.07565131783485413,-0.01896437630057335
sentinel2,treatment_0001,P19,scm,B3,0.07688669115304947,0.09589458256959915,-0.019007891416549683
sentinel2,treatment_0001,P19,scm,B4,0.09617255628108978,0.08795730769634247,0.008215248584747314
sentinel2,treatment_0001,P19,scm,B8,0.21389435231685638,0.28832700848579407,-0.07443265616893768
sentinel2,treatment_0001,P19,scm,B11,0.22960716485977173,0.19931933283805847,0.030287832021713257
sentinel2,treatment_0001,P19,scm,B12,0.15240570902824402,0.13720735907554626,0.015198349952697754
sentinel2,treatment_0001,P19,scm,NDVI,0.39997008442878723,0.5335274338722229,-0.13355734944343567
sentinel2,treatment_0001,P19,scm,NDWI,-0.4938229024410248,-0.5011825561523438,0.00735965371131897
sentinel2,treatment_0001,P19,ascm,B2,0.05668694153428078,0.06932935118675232,-0.012642409652471542
sentinel2,treatment_0001,P19,ascm,B3,0.07688669115304947,0.08865763247013092,-0.011770941317081451
sentinel2,treatment_0001,P19,ascm,B4,0.09617255628108978,0.08016364276409149,0.01600891351699829
sentinel2,treatment_0001,P19,ascm,B8,0.21389435231685638,0.2807372212409973,-0.06684286892414093
sentinel2,treatment_0001,P19,ascm,B11,0.22960716485977173,0.19264735281467438,0.03695981204509735
sentinel2,treatment_0001,P19,ascm,B12,0.15240570902824402,0.1297425925731659,0.022663116455078125
sentinel2,treatment_0001,P19,ascm,NDVI,0.39997008442878723,0.557367205619812,-0.15739712119102478
sentinel2,treatment_0001,P19,ascm,NDWI,-0.4938229024410248,-0.5205839276313782,0.026761025190353394
sentinel2,treatment_0001,P20,scm,B2,0.05325097218155861,0.06645842641592026,-0.013207454234361649
sentinel2,treatment_0001,P20,scm,B3,0.07102587074041367,0.08995316922664642,-0.018927298486232758
sentinel2,treatment_0001,P20,scm,B4,0.08677069842815399,0.08867849409580231,-0.0019077956676483154
sentinel2,treatment_0001,P20,scm,B8,0.2054322510957718,0.26784566044807434,-0.06241340935230255
sentinel2,treatment_0001,P20,scm,B11,0.23019307851791382,0.2347908765077591,-0.004597797989845276
sentinel2,treatment_0001,P20,scm,B12,0.1480541080236435,0.1750699281692505,-0.027015820145606995
sentinel2,treatment_0001,P20,scm,NDVI,0.4154581129550934,0.5036887526512146,-0.08823063969612122
sentinel2,treatment_0001,P20,scm,NDWI,-0.4919118881225586,-0.4976269006729126,0.005715012550354004
sentinel2,treatment_0001,P20,ascm,B2,0.05325097218155861,0.07318878918886185,-0.019937817007303238
sentinel2,treatment_0001,P20,ascm,B3,0.07102587074041367,0.09559765458106995,-0.02457178384065628
sentinel2,treatment_0001,P20,ascm,B4,0.08677069842815399,0.09296681731939316,-0.006196118891239166
sentinel2,treatment_0001,P20,ascm,B8,0.2054322510957718,0.2701447904109955,-0.0647125393152237
sentinel2,treatment_0001,P20,ascm,B11,0.23019307851791382,0.2335338145494461,-0.0033407360315322876
sentinel2,treatment_0001,P20,ascm,B12,0.1480541080236435,0.17091961205005646,-0.022865504026412964
sentinel2,treatment_0001,P20,ascm,NDVI,0.4154581129550934,0.48960214853286743,-0.07414403557777405
sentinel2,treatment_0001,P20,ascm,NDWI,-0.4919118881225586,-0.47789183259010315,-0.014020055532455444
sentinel2,treatment_0002,P11,scm,B2,0.022626394405961037,0.047113750129938126,-0.02448735572397709
sentinel2,treatment_0002,P11,scm,B3,0.04201751574873924,0.0723813995718956,-0.030363883823156357
sentinel2,treatment_0002,P11,scm,B4,0.03198329359292984,0.055103495717048645,-0.023120202124118805
sentinel2,treatment_0002,P11,scm,B8,0.2637401223182678,0.2958916127681732,-0.032151490449905396
sentinel2,treatment_0002,P11,scm,B11,0.17486786842346191,0.1743643581867218,0.0005035102367401123
sentinel2,treatment_0002,P11,scm,B12,0.08688618242740631,0.09314247220754623,-0.006256289780139923
sentinel2,treatment_0002,P11,scm,NDVI,0.778185248374939,0.6869769096374512,0.09120833873748779
sentinel2,treatment_0002,P11,scm,NDWI,-0.7194394469261169,-0.6071972250938416,-0.11224222183227539
sentinel2,treatment_0002,P11,ascm,B2,0.022626394405961037,0.05345112830400467,-0.030824733898043633
sentinel2,treatment_0002,P11,ascm,B3,0.04201751574873924,0.07698548585176468,-0.034967970103025436
sentinel2,treatment_0002,P11,ascm,B4,0.03198329359292984,0.060117945075035095,-0.028134651482105255
sentinel2,treatment_0002,P11,ascm,B8,0.2637401223182678,0.2971348762512207,-0.03339475393295288
sentinel2,treatment_0002,P11,ascm,B11,0.17486786842346191,0.17175604403018951,0.0031118243932724
sentinel2,treatment_0002,P11,ascm,B12,0.08688618242740631,0.09219471365213394,-0.005308531224727631
sentinel2,treatment_0002,P11,ascm,NDVI,0.778185248374939,0.6645985841751099,0.1135866641998291
sentinel2,treatment_0002,P11,ascm,NDWI,-0.7194394469261169,-0.5888617038726807,-0.13057774305343628
sentinel2,treatment_0002,P12,scm,B2,0.016712872311472893,0.044162437319755554,-0.02744956500828266
sentinel2,treatment_0002,P12,scm,B3,0.040896330028772354,0.06706558167934418,-0.026169251650571823
sentinel2,treatment_0002,P12,scm,B4,0.03793814033269882,0.04831567034125328,-0.010377530008554459
sentinel2,treatment_0002,P12,scm,B8,0.26245012879371643,0.2842555642127991,-0.02180543541908264
sentinel2,treatment_0002,P12,scm,B11,0.18583716452121735,0.15673813223838806,0.029099032282829285
sentinel2,treatment_0002,P12,scm,B12,0.09648216515779495,0.08498057723045349,0.011501587927341461
sentinel2,treatment_0002,P12,scm,NDVI,0.7456540465354919,0.7097857594490051,0.035868287086486816
sentinel2,treatment_0002,P12,scm,NDWI,-0.7294597625732422,-0.6182886958122253,-0.11117106676101685
sentinel2,treatment_0002,P12,ascm,B2,0.016712872311472893,0.054318662732839584,-0.03760579042136669
sentinel2,treatment_0002,P12,ascm,B3,0.040896330028772354,0.0743364617228508,-0.033440131694078445
sentinel2,treatment_0002,P12,ascm,B4,0.03793814033269882,0.05821067839860916,-0.02027253806591034
sentinel2,treatment_0002,P12,ascm,B8,0.26245012879371643,0.29270023107528687,-0.030250102281570435
sentinel2,treatment_0002,P12,ascm,B11,0.18583716452121735,0.15097638964653015,0.034860774874687195
sentinel2,treatment_0002,P12,ascm,B12,0.09648216515779495,0.08754594624042511,0.008936218917369843
sentinel2,treatment_0002,P12,ascm,NDVI,0.7456540465354919,0.6685853004455566,0.0770687460899353
sentinel2,treatment_0002,P12,ascm,NDWI,-0.7294597625732422,-0.595036506652832,-0.13442325592041016
sentinel2,treatment_0002,P13,scm,B2,,0.05963294208049774,
sentinel2,treatment_0002,P13,scm,B3,,0.07806546241044998,
sentinel2,treatment_0002,P13,scm,B4,,0.064053975045681,
sentinel2,treatment_0002,P13,scm,B8,,0.29560309648513794,
sentinel2,treatment_0002,P13,scm,B11,,0.14542192220687866,
sentinel2,treatment_0002,P13,scm,B12,,0.08509349822998047,
sentinel2,treatment_0002,P13,scm,NDVI,,0.6452291011810303,
sentinel2,treatment_0002,P13,scm,NDWI,,-0.5827719569206238,
sentinel2,treatment_0002,P13,ascm,B2,,0.06017311289906502,
sentinel2,treatment_0002,P13,ascm,B3,,0.07947850227355957,
sentinel2,treatment_0002,P13,ascm,B4,,0.0649251714348793,
sentinel2,treatment_0002,P13,ascm,B8,,0.30218732357025146,
sentinel2,treatment_0002,P13,ascm,B11,,0.1518077552318573,
sentinel2,treatment_0002,P13,ascm,B12,,0.08604606240987778,
sentinel2,treatment_0002,P13,ascm,NDVI,,0.6472519636154175,
sentinel2,treatment_0002,P13,ascm,NDWI,,-0.5838879942893982,
sentinel2,treatment_0002,P14,scm,B2,0.03864719346165657,0.05654284358024597,-0.0178956501185894
sentinel2,treatment_0002,P14,scm,B3,0.048237498849630356,0.07312919944524765,-0.024891700595617294
sentinel2,treatment_0002,P14,scm,B4,0.05740255489945412,0.05377849191427231,0.0036240629851818085
sentinel2,treatment_0002,P14,scm,B8,0.1727999597787857,0.296085000038147,-0.12328504025936127
sentinel2,treatment_0002,P14,scm,B11,0.19376158714294434,0.1570032685995102,0.03675831854343414
sentinel2,treatment_0002,P14,scm,B12,0.12909504771232605,0.08652912825345993,0.04256591945886612
sentinel2,treatment_0002,P14,scm,NDVI,0.5145795345306396,0.6931496262550354,-0.17857009172439575
sentinel2,treatment_0002,P14,scm,NDWI,-0.5915984511375427,-0.6039632558822632,0.012364804744720459
sentinel2,treatment_0002,P14,ascm,B2,0.03864719346165657,0.05037219077348709,-0.01172499731183052
sentinel2,treatment_0002,P14,ascm,B3,0.048237498849630356,0.06961570680141449,-0.021378207951784134
sentinel2,treatment_0002,P14,ascm,B4,0.05740255489945412,0.05628995597362518,0.0011125989258289337
sentinel2,treatment_0002,P14,ascm,B8,0.1727999597787857,0.29407739639282227,-0.12127743661403656
sentinel2,treatment_0002,P14,ascm,B11,0.19376158714294434,0.15059083700180054,0.0431707501411438
sentinel2,treatment_0002,P14,ascm,B12,0.12909504771232605,0.08576876670122147,0.043326281011104584
sentinel2,treatment_0002,P14,ascm,NDVI,0.5145795345306396,0.6797375679016113,-0.16515803337097168
sentinel2,treatment_0002,P14,ascm,NDWI,-0.5915984511375427,-0.6175493001937866,0.025950849056243896
sentinel2,treatment_0002,P15,scm,B2,,,
sentinel2,treatment_0002,P15,scm,B3,,,
sentinel2,treatment_0002,P15,scm,B4,,,
sentinel2,treatment_0002,P15,scm,B8,,,
sentinel2,treatment_0002,P15,scm,B11,,,
sentinel2,treatment_0002,P15,scm,B12,,,
sentinel2,treatment_0002,P15,scm,NDVI,,,
sentinel2,treatment_0002,P15,scm,NDWI,,,
sentinel2,treatment_0002,P15,ascm,B2,,,
sentinel2,treatment_0002,P15,ascm,B3,,,
sentinel2,treatment_0002,P15,ascm,B4,,,
sentinel2,treatment_0002,P15,ascm,B8,,,
sentinel2,treatment_0002,P15,ascm,B11,,,
sentinel2,treatment_0002,P15,ascm,B12,,,
sentinel2,treatment_0002,P15,ascm,NDVI,,,
sentinel2,treatment_0002,P15,ascm,NDWI,,,
sentinel2,treatment_0002,P16,scm,B2,0.02615632861852646,0.05604524910449982,-0.029888920485973358
sentinel2,treatment_0002,P16,scm,B3,0.03525518625974655,0.07494248449802399,-0.039687298238277435
sentinel2,treatment_0002,P16,scm,B4,0.04750887677073479,0.05845282971858978,-0.010943952947854996
sentinel2,treatment_0002,P16,scm,B8,0.15678825974464417,0.2804407477378845,-0.12365248799324036
sentinel2,treatment_0002,P16,scm,B11,0.18215948343276978,0.15372470021247864,0.028434783220291138
sentinel2,treatment_0002,P16,scm,B12,0.12300266325473785,0.09376642853021622,0.029236234724521637
sentinel2,treatment_0002,P16,scm,NDVI,0.5280178785324097,0.6558001637458801,-0.12778228521347046
sentinel2,treatment_0002,P16,scm,NDWI,-0.6352157592773438,-0.5785734057426453,-0.056642353534698486
sentinel2,treatment_0002,P16,ascm,B2,0.02615632861852646,0.06308653205633163,-0.036930203437805176
sentinel2,treatment_0002,P16,ascm,B3,0.03525518625974655,0.08091916143894196,-0.045663975179195404
sentinel2,treatment_0002,P16,ascm,B4,0.04750887677073479,0.06512673199176788,-0.017617855221033096
sentinel2,treatment_0002,P16,ascm,B8,0.15678825974464417,0.28056490421295166,-0.1237766444683075
sentinel2,treatment_0002,P16,ascm,B11,0.18215948343276978,0.16003619134426117,0.022123292088508606
sentinel2,treatment_0002,P16,ascm,B12,0.12300266325473785,0.10080455988645554,0.022198103368282318
sentinel2,treatment_0002,P16,ascm,NDVI,0.5280178785324097,0.6238764524459839,-0.09585857391357422
sentinel2,treatment_0002,P16,ascm,NDWI,-0.6352157592773438,-0.5525978803634644,-0.0826178789138794
sentinel2,treatment_0002,P17,scm,B2,0.12929926812648773,0.05501140281558037,0.07428786531090736
sentinel2,treatment_0002,P17,scm,B3,0.1296779215335846,0.07423225790262222,0.05544566363096237
sentinel2,treatment_0002,P17,scm,B4,0.13436006009578705,0.062265485525131226,0.07209457457065582
sentinel2,treatment_0002,P17,scm,B8,0.23441484570503235,0.2881217300891876,-0.05370688438415527
sentinel2,treatment_0002,P17,scm,B11,0.26648813486099243,0.1592501550912857,0.10723797976970673
sentinel2,treatment_0002,P17,scm,B12,0.20592311024665833,0.09131482243537903,0.1146082878112793
sentinel2,treatment_0002,P17,scm,NDVI,0.2851562201976776,0.6465047597885132,-0.36134853959083557
sentinel2,treatment_0002,P17,scm,NDWI,-0.3029364347457886,-0.5912691354751587,0.2883327007293701
sentinel2,treatment_0002,P17,ascm,B2,0.12929926812648773,0.05092284083366394,0.07837642729282379
sentinel2,treatment_0002,P17,ascm,B3,0.1296779215335846,0.07201565057039261,0.057662270963191986
sentinel2,treatment_0002,P17,ascm,B4,0.13436006009578705,0.05710971727967262,0.07725034281611443
sentinel2,treatment_0002,P17,ascm,B8,0.23441484570503235,0.2889305055141449,-0.05451565980911255
sentinel2,treatment_0002,P17,ascm,B11,0.26648813486099243,0.16570651531219482,0.10078161954879761
sentinel2,treatment_0002,P17,ascm,B12,0.20592311024665833,0.0929553285241127,0.11296778172254562
sentinel2,treatment_0002,P17,ascm,NDVI,0.2851562201976776,0.6717921495437622,-0.3866359293460846
sentinel2,treatment_0002,P17,ascm,NDWI,-0.3029364347457886,-0.6018968820571899,0.29896044731140137
sentinel2,treatment_0002,P18,scm,B2,0.0860268846154213,0.05878213420510292,0.027244750410318375
sentinel2,treatment_0002,P18,scm,B3,0.08737427741289139,0.07799282670021057,0.009381450712680817
sentinel2,treatment_0002,P18,scm,B4,0.09298264235258102,0.06178441271185875,0.031198229640722275
sentinel2,treatment_0002,P18,scm,B8,0.20428618788719177,0.2812344431877136,-0.07694825530052185
sentinel2,treatment_0002,P18,scm,B11,0.11571604013442993,0.15897852182388306,-0.043262481689453125
sentinel2,treatment_0002,P18,scm,B12,0.08499781787395477,0.09612888842821121,-0.01113107055425644
sentinel2,treatment_0002,P18,scm,NDVI,0.40174600481987,0.6409162282943726,-0.23917022347450256
sentinel2,treatment_0002,P18,scm,NDWI,-0.42596104741096497,-0.5662475228309631,0.14028647541999817
sentinel2,treatment_0002,P18,ascm,B2,0.0860268846154213,0.054965998977422714,0.03106088563799858
sentinel2,treatment_0002,P18,ascm,B3,0.08737427741289139,0.07760358601808548,0.009770691394805908
sentinel2,treatment_0002,P18,ascm,B4,0.09298264235258102,0.06387895345687866,0.029103688895702362
sentinel2,treatment_0002,P18,ascm,B8,0.20428618788719177,0.2775273621082306,-0.07324117422103882
sentinel2,treatment_0002,P18,ascm,B11,0.11571604013442993,0.1616903841495514,-0.04597434401512146
sentinel2,treatment_0002,P18,ascm,B12,0.08499781787395477,0.09759404510259628,-0.01259622722864151
sentinel2,treatment_0002,P18,ascm,NDVI,0.40174600481987,0.6269385814666748,-0.2251925766468048
sentinel2,treatment_0002,P18,ascm,NDWI,-0.42596104741096497,-0.5634908080101013,0.13752976059913635
sentinel2,treatment_0002,P19,scm,B2,0.046867575496435165,0.05444502830505371,-0.0075774528086185455
sentinel2,treatment_0002,P19,scm,B3,0.057814713567495346,0.07388795167207718,-0.016073238104581833
sentinel2,treatment_0002,P19,scm,B4,0.07329811155796051,0.06036238372325897,0.012935727834701538
sentinel2,treatment_0002,P19,scm,B8,0.16915850341320038,0.2837733328342438,-0.1146148294210434
sentinel2,treatment_0002,P19,scm,B11,0.20723143219947815,0.1439579427242279,0.06327348947525024
sentinel2,treatment_0002,P19,scm,B12,0.14061792194843292,0.08676610887050629,0.053851813077926636
sentinel2,treatment_0002,P19,scm,NDVI,0.4110702872276306,0.6509570479393005,-0.23988676071166992
sentinel2,treatment_0002,P19,scm,NDWI,-0.5083893537521362,-0.5876548290252686,0.07926547527313232
sentinel2,treatment_0002,P19,ascm,B2,0.046867575496435165,0.055976200848817825,-0.00910862535238266
sentinel2,treatment_0002,P19,ascm,B3,0.057814713567495346,0.07574274390935898,-0.017928030341863632
sentinel2,treatment_0002,P19,ascm,B4,0.07329811155796051,0.05846564471721649,0.014832466840744019
sentinel2,treatment_0002,P19,ascm,B8,0.16915850341320038,0.28118962049484253,-0.11203111708164215
sentinel2,treatment_0002,P19,ascm,B11,0.20723143219947815,0.1388637274503708,0.06836770474910736
sentinel2,treatment_0002,P19,ascm,B12,0.14061792194843292,0.08081319183111191,0.059804730117321014
sentinel2,treatment_0002,P19,ascm,NDVI,0.4110702872276306,0.6567589044570923,-0.24568861722946167
sentinel2,treatment_0002,P19,ascm,NDWI,-0.5083893537521362,-0.5759602785110474,0.06757092475891113
sentinel2,treatment_0002,P20,scm,B2,0.0341675840318203,0.05267256125807762,-0.018504977226257324
sentinel2,treatment_0002,P20,scm,B3,0.04685672000050545,0.07199224829673767,-0.025135528296232224
sentinel2,treatment_0002,P20,scm,B4,0.0625784620642662,0.05576865375041962,0.006809808313846588
sentinel2,treatment_0002,P20,scm,B8,0.15697693824768066,0.28130385279655457,-0.1243269145488739
sentinel2,treatment_0002,P20,scm,B11,0.20500335097312927,0.1562081128358841,0.04879523813724518
sentinel2,treatment_0002,P20,scm,B12,0.132708340883255,0.09167709946632385,0.04103124141693115
sentinel2,treatment_0002,P20,scm,NDVI,0.4384704828262329,0.6713080406188965,-0.23283755779266357
sentinel2,treatment_0002,P20,scm,NDWI,-0.5458062291145325,-0.593192994594574,0.047386765480041504
sentinel2,treatment_0002,P20,ascm,B2,0.0341675840318203,0.05630828067660332,-0.02214069664478302
sentinel2,treatment_0002,P20,ascm,B3,0.04685672000050545,0.07253199815750122,-0.025675278156995773
sentinel2,treatment_0002,P20,ascm,B4,0.0625784620642662,0.056480079889297485,0.0060983821749687195
sentinel2,treatment_0002,P20,ascm,B8,0.15697693824768066,0.2909473180770874,-0.13397037982940674
sentinel2,treatment_0002,P20,ascm,B11,0.20500335097312927,0.1639108806848526,0.04109247028827667
sentinel2,treatment_0002,P20,ascm,B12,0.132708340883255,0.09595668315887451,0.03675165772438049
sentinel2,treatment_0002,P20,ascm,NDVI,0.4384704828262329,0.6766471266746521,-0.2381766438484192
sentinel2,treatment_0002,P20,ascm,NDWI,-0.5458062291145325,-0.6015945672988892,0.05578833818435669
sentinel2,treatment_0003,P11,scm,B2,0.019966140389442444,0.0566575787961483,-0.036691438406705856
sentinel2,treatment_0003,P11,scm,B3,0.04098006710410118,0.08016013354063034,-0.03918006643652916
sentinel2,treatment_0003,P11,scm,B4,0.023525360971689224,0.06357412040233612,-0.040048759430646896
sentinel2,treatment_0003,P11,scm,B8,0.31698378920555115,0.30000993609428406,0.01697385311126709
sentinel2,treatment_0003,P11,scm,B11,0.1531398892402649,0.16364188492298126,-0.01050199568271637
sentinel2,treatment_0003,P11,scm,B12,0.06477244198322296,0.0994870737195015,-0.034714631736278534
sentinel2,treatment_0003,P11,scm,NDVI,0.8593513369560242,0.6505419015884399,0.20880943536758423
sentinel2,treatment_0003,P11,scm,NDWI,-0.7700917720794678,-0.5783586502075195,-0.19173312187194824
sentinel2,treatment_0003,P11,ascm,B2,0.019966140389442444,0.061982158571481705,-0.04201601818203926
sentinel2,treatment_0003,P11,ascm,B3,0.04098006710410118,0.08225183933973312,-0.04127177223563194
sentinel2,treatment_0003,P11,ascm,B4,0.023525360971689224,0.0666063204407692,-0.04308095946907997
sentinel2,treatment_0003,P11,ascm,B8,0.31698378920555115,0.3091038763523102,0.007879912853240967
sentinel2,treatment_0003,P11,ascm,B11,0.1531398892402649,0.170872300863266,-0.0177324116230011
sentinel2,treatment_0003,P11,ascm,B12,0.06477244198322296,0.10422547906637192,-0.039453037083148956
sentinel2,treatment_0003,P11,ascm,NDVI,0.8593513369560242,0.6456382870674133,0.21371304988861084
sentinel2,treatment_0003,P11,ascm,NDWI,-0.7700917720794678,-0.5797261595726013,-0.19036561250686646
sentinel2,treatment_0003,P12,scm,B2,0.010510008782148361,0.042760685086250305,-0.032250676304101944
sentinel2,treatment_0003,P12,scm,B3,0.03940184414386749,0.06603669375181198,-0.02663484960794449
sentinel2,treatment_0003,P12,scm,B4,0.025584116578102112,0.0516771525144577,-0.02609303593635559
sentinel2,treatment_0003,P12,scm,B8,0.30752986669540405,0.2951973080635071,0.012332558631896973
sentinel2,treatment_0003,P12,scm,B11,0.14960162341594696,0.15828566253185272,-0.008684039115905762
sentinel2,treatment_0003,P12,scm,B12,0.06429937481880188,0.08489957451820374,-0.020600199699401855
sentinel2,treatment_0003,P12,scm,NDVI,0.8473801612854004,0.7022790908813477,0.14510107040405273
sentinel2,treatment_0003,P12,scm,NDWI,-0.7703432440757751,-0.6344351768493652,-0.1359080672264099
sentinel2,treatment_0003,P12,ascm,B2,0.010510008782148361,0.04920952767133713,-0.038699518889188766
sentinel2,treatment_0003,P12,ascm,B3,0.03940184414386749,0.07193993031978607,-0.03253808617591858
sentinel2,treatment_0003,P12,ascm,B4,0.025584116578102112,0.05437949299812317,-0.028795376420021057
sentinel2,treatment_0003,P12,ascm,B8,0.30752986669540405,0.29928749799728394,0.008242368698120117
sentinel2,treatment_0003,P12,ascm,B11,0.14960162341594696,0.15704821050167084,-0.007446587085723877
sentinel2,treatment_0003,P12,ascm,B12,0.06429937481880188,0.0865187719464302,-0.022219397127628326
sentinel2,treatment_0003,P12,ascm,NDVI,0.8473801612854004,0.6926683783531189,0.1547117829322815
sentinel2,treatment_0003,P12,ascm,NDWI,-0.7703432440757751,-0.6124481558799744,-0.15789508819580078
sentinel2,treatment_0003,P13,scm,B2,0.06604543328285217,0.05804309993982315,0.008002333343029022
sentinel2,treatment_0003,P13,scm,B3,0.07410676032304764,0.07395502179861069,0.00015173852443695068
sentinel2,treatment_0003,P13,scm,B4,0.0822221115231514,0.06167487055063248,0.02054724097251892
sentinel2,treatment_0003,P13,scm,B8,0.22836989164352417,0.2975447177886963,-0.06917482614517212
sentinel2,treatment_0003,P13,scm,B11,0.2162492275238037,0.15331712365150452,0.0629321038722992
sentinel2,treatment_0003,P13,scm,B12,0.128237783908844,0.0894404947757721,0.0387972891330719
sentinel2,treatment_0003,P13,scm,NDVI,0.48172032833099365,0.6584410667419434,-0.1767207384109497
sentinel2,treatment_0003,P13,scm,NDWI,-0.517861545085907,-0.6026378273963928,0.08477628231048584
sentinel2,treatment_0003,P13,ascm,B2,0.06604543328285217,0.05826060101389885,0.007784832268953323
sentinel2,treatment_0003,P13,ascm,B3,0.07410676032304764,0.07514599710702896,-0.0010392367839813232
sentinel2,treatment_0003,P13,ascm,B4,0.0822221115231514,0.06580471247434616,0.016417399048805237
sentinel2,treatment_0003,P13,ascm,B8,0.22836989164352417,0.2944912016391754,-0.06612130999565125
sentinel2,treatment_0003,P13,ascm,B11,0.2162492275238037,0.15345197916030884,0.06279724836349487
sentinel2,treatment_0003,P13,ascm,B12,0.128237783908844,0.09205900132656097,0.03617878258228302
sentinel2,treatment_0003,P13,ascm,NDVI,0.48172032833099365,0.6370801329612732,-0.15535980463027954
sentinel2,treatment_0003,P13,ascm,NDWI,-0.517861545085907,-0.5944948196411133,0.0766332745552063
sentinel2,treatment_0003,P14,scm,B2,0.06807499378919601,0.05890383943915367,0.009171154350042343
sentinel2,treatment_0003,P14,scm,B3,0.0663178563117981,0.07855229824781418,-0.012234441936016083
sentinel2,treatment_0003,P14,scm,B4,0.07057499885559082,0.061413489282131195,0.009161509573459625
sentinel2,treatment_0003,P14,scm,B8,0.15277142822742462,0.2944274842739105,-0.1416560560464859
sentinel2,treatment_0003,P14,scm,B11,0.127528578042984,0.15855422616004944,-0.03102564811706543
sentinel2,treatment_0003,P14,scm,B12,0.07268571108579636,0.08739043027162552,-0.014704719185829163
sentinel2,treatment_0003,P14,scm,NDVI,0.3699813783168793,0.6554723978042603,-0.285491019487381
sentinel2,treatment_0003,P14,scm,NDWI,-0.3978195786476135,-0.5790181756019592,0.1811985969543457
sentinel2,treatment_0003,P14,ascm,B2,0.06807499378919601,0.05341099575161934,0.014663998037576675
sentinel2,treatment_0003,P14,ascm,B3,0.0663178563117981,0.07135958224534988,-0.005041725933551788
sentinel2,treatment_0003,P14,ascm,B4,0.07057499885559082,0.05453279986977577,0.016042198985815048
sentinel2,treatment_0003,P14,ascm,B8,0.15277142822742462,0.29107466340065,-0.1383032351732254
sentinel2,treatment_0003,P14,ascm,B11,0.127528578042984,0.1543128788471222,-0.026784300804138184
sentinel2,treatment_0003,P14,ascm,B12,0.07268571108579636,0.08608509600162506,-0.013399384915828705
sentinel2,treatment_0003,P14,ascm,NDVI,0.3699813783168793,0.6855784058570862,-0.3155970275402069
sentinel2,treatment_0003,P14,ascm,NDWI,-0.3978195786476135,-0.6068404912948608,0.20902091264724731
sentinel2,treatment_0003,P15,scm,B2,,,
sentinel2,treatment_0003,P15,scm,B3,,,
sentinel2,treatment_0003,P15,scm,B4,,,
sentinel2,treatment_0003,P15,scm,B8,,,
sentinel2,treatment_0003,P15,scm,B11,,,
sentinel2,treatment_0003,P15,scm,B12,,,
sentinel2,treatment_0003,P15,scm,NDVI,,,
sentinel2,treatment_0003,P15,scm,NDWI,,,
sentinel2,treatment_0003,P15,ascm,B2,,,
sentinel2,treatment_0003,P15,ascm,B3,,,
sentinel2,treatment_0003,P15,ascm,B4,,,
sentinel2,treatment_0003,P15,ascm,B8,,,
sentinel2,treatment_0003,P15,ascm,B11,,,
sentinel2,treatment_0003,P15,ascm,B12,,,
sentinel2,treatment_0003,P15,ascm,NDVI,,,
sentinel2,treatment_0003,P15,ascm,NDWI,,,
sentinel2,treatment_0003,P16,scm,B2,0.026805516332387924,0.05974143370985985,-0.032935917377471924
sentinel2,treatment_0003,P16,scm,B3,0.03113921359181404,0.07746948301792145,-0.04633026942610741
sentinel2,treatment_0003,P16,scm,B4,0.03796956315636635,0.0638919249176979,-0.025922361761331558
sentinel2,treatment_0003,P16,scm,B8,0.13341495394706726,0.2807842493057251,-0.14736929535865784
sentinel2,treatment_0003,P16,scm,B11,0.12943477928638458,0.15364782512187958,-0.024213045835494995
sentinel2,treatment_0003,P16,scm,B12,0.08957564830780029,0.09137401729822159,-0.0017983689904212952
sentinel2,treatment_0003,P16,scm,NDVI,0.5478124618530273,0.6320177912712097,-0.08420532941818237
sentinel2,treatment_0003,P16,scm,NDWI,-0.6157021522521973,-0.5685880184173584,-0.04711413383483887
sentinel2,treatment_0003,P16,ascm,B2,0.026805516332387924,0.05566134676337242,-0.028855830430984497
sentinel2,treatment_0003,P16,ascm,B3,0.03113921359181404,0.07321515679359436,-0.04207594320178032
sentinel2,treatment_0003,P16,ascm,B4,0.03796956315636635,0.05871766805648804,-0.02074810490012169
sentinel2,treatment_0003,P16,ascm,B8,0.13341495394706726,0.279124915599823,-0.14570996165275574
sentinel2,treatment_0003,P16,ascm,B11,0.12943477928638458,0.14993007481098175,-0.020495295524597168
sentinel2,treatment_0003,P16,ascm,B12,0.08957564830780029,0.09002730995416641,-0.0004516616463661194
sentinel2,treatment_0003,P16,ascm,NDVI,0.5478124618530273,0.6560015082359314,-0.10818904638290405
sentinel2,treatment_0003,P16,ascm,NDWI,-0.6157021522521973,-0.5862100124359131,-0.02949213981628418
sentinel2,treatment_0003,P17,scm,B2,,0.06883812695741653,
sentinel2,treatment_0003,P17,scm,B3,,0.08828411996364594,
sentinel2,treatment_0003,P17,scm,B4,,0.07984614372253418,
sentinel2,treatment_0003,P17,scm,B8,,0.3032561242580414,
sentinel2,treatment_0003,P17,scm,B11,,0.16569028794765472,
sentinel2,treatment_0003,P17,scm,B12,,0.10128387063741684,
sentinel2,treatment_0003,P17,scm,NDVI,,0.5885666608810425,
sentinel2,treatment_0003,P17,scm,NDWI,,-0.5517781972885132,
sentinel2,treatment_0003,P17,ascm,B2,,0.06629356741905212,
sentinel2,treatment_0003,P17,ascm,B3,,0.08660785853862762,
sentinel2,treatment_0003,P17,ascm,B4,,0.0756840780377388,
sentinel2,treatment_0003,P17,ascm,B8,,0.29602137207984924,
sentinel2,treatment_0003,P17,ascm,B11,,0.16479575634002686,
sentinel2,treatment_0003,P17,ascm,B12,,0.10238538682460785,
sentinel2,treatment_0003,P17,ascm,NDVI,,0.5968437790870667,
sentinel2,treatment_0003,P17,ascm,NDWI,,-0.5490055680274963,
sentinel2,treatment_0003,P18,scm,B2,0.09089111536741257,0.05734914541244507,0.0335419699549675
sentinel2,treatment_0003,P18,scm,B3,0.09020308405160904,0.0774872824549675,0.01271580159664154
sentinel2,treatment_0003,P18,scm,B4,0.08583579212427139,0.06736166775226593,0.018474124372005463
sentinel2,treatment_0003,P18,scm,B8,0.20124991238117218,0.28867024183273315,-0.08742032945156097
sentinel2,treatment_0003,P18,scm,B11,0.1027747094631195,0.15017752349376678,-0.04740281403064728
sentinel2,treatment_0003,P18,scm,B12,0.07652771472930908,0.0944100022315979,-0.01788228750228882
sentinel2,treatment_0003,P18,scm,NDVI,0.4189063310623169,0.6239519119262695,-0.20504558086395264
sentinel2,treatment_0003,P18,scm,NDWI,-0.39364853501319885,-0.5779546499252319,0.18430611491203308
sentinel2,treatment_0003,P18,ascm,B2,0.09089111536741257,0.052786413580179214,0.03810470178723335
sentinel2,treatment_0003,P18,ascm,B3,0.09020308405160904,0.07324501872062683,0.016958065330982208
sentinel2,treatment_0003,P18,ascm,B4,0.08583579212427139,0.06167365238070488,0.024162139743566513
sentinel2,treatment_0003,P18,ascm,B8,0.20124991238117218,0.2821046710014343,-0.08085475862026215
sentinel2,treatment_0003,P18,ascm,B11,0.1027747094631195,0.1523563265800476,-0.0495816171169281
sentinel2,treatment_0003,P18,ascm,B12,0.07652771472930908,0.08954576402902603,-0.01301804929971695
sentinel2,treatment_0003,P18,ascm,NDVI,0.4189063310623169,0.6438390612602234,-0.2249327301979065
sentinel2,treatment_0003,P18,ascm,NDWI,-0.39364853501319885,-0.5890905261039734,0.19544199109077454
sentinel2,treatment_0003,P19,scm,B2,0.0786132737994194,0.06699445098638535,0.011618822813034058
sentinel2,treatment_0003,P19,scm,B3,0.08368361741304398,0.0841154009103775,-0.0004317834973335266
sentinel2,treatment_0003,P19,scm,B4,0.08456724882125854,0.07279914617538452,0.011768102645874023
sentinel2,treatment_0003,P19,scm,B8,0.18945413827896118,0.2955625355243683,-0.1061083972454071
sentinel2,treatment_0003,P19,scm,B11,0.1306242048740387,0.15981000661849976,-0.02918580174446106
sentinel2,treatment_0003,P19,scm,B12,0.09307119250297546,0.10126794874668121,-0.00819675624370575
sentinel2,treatment_0003,P19,scm,NDVI,0.41114360094070435,0.6057347059249878,-0.19459110498428345
sentinel2,treatment_0003,P19,scm,NDWI,-0.41658979654312134,-0.557340681552887,0.14075088500976562
sentinel2,treatment_0003,P19,ascm,B2,0.0786132737994194,0.06113166734576225,0.01748160645365715
sentinel2,treatment_0003,P19,ascm,B3,0.08368361741304398,0.07693129032850266,0.006752327084541321
sentinel2,treatment_0003,P19,ascm,B4,0.08456724882125854,0.06497668474912643,0.01959056407213211
sentinel2,treatment_0003,P19,ascm,B8,0.18945413827896118,0.29116755723953247,-0.10171341896057129
sentinel2,treatment_0003,P19,ascm,B11,0.1306242048740387,0.15557967126369476,-0.024955466389656067
sentinel2,treatment_0003,P19,ascm,B12,0.09307119250297546,0.09433402866125107,-0.0012628361582756042
sentinel2,treatment_0003,P19,ascm,NDVI,0.41114360094070435,0.6379480361938477,-0.2268044352531433
sentinel2,treatment_0003,P19,ascm,NDWI,-0.41658979654312134,-0.5833864808082581,0.16679668426513672
sentinel2,treatment_0003,P20,scm,B2,0.08308559656143188,0.05941138043999672,0.023674216121435165
sentinel2,treatment_0003,P20,scm,B3,0.08001061528921127,0.0786198228597641,0.001390792429447174
sentinel2,treatment_0003,P20,scm,B4,0.08256348967552185,0.07110247015953064,0.011461019515991211
sentinel2,treatment_0003,P20,scm,B8,0.15949076414108276,0.26985153555870056,-0.1103607714176178
sentinel2,treatment_0003,P20,scm,B11,0.19929726421833038,0.2006886899471283,-0.0013914257287979126
sentinel2,treatment_0003,P20,scm,B12,0.1435845047235489,0.14210183918476105,0.0014826655387878418
sentinel2,treatment_0003,P20,scm,NDVI,0.3350941240787506,0.5836413502693176,-0.24854722619056702
sentinel2,treatment_0003,P20,scm,NDWI,-0.3429727256298065,-0.5490129590034485,0.20604023337364197
sentinel2,treatment_0003,P20,ascm,B2,0.08308559656143188,0.06485423445701599,0.018231362104415894
sentinel2,treatment_0003,P20,ascm,B3,0.08001061528921127,0.08324126899242401,-0.003230653703212738
sentinel2,treatment_0003,P20,ascm,B4,0.08256348967552185,0.07447614520788193,0.008087344467639923
sentinel2,treatment_0003,P20,ascm,B8,0.15949076414108276,0.27141499519348145,-0.11192423105239868
sentinel2,treatment_0003,P20,ascm,B11,0.19929726421833038,0.19887550175189972,0.00042176246643066406
sentinel2,treatment_0003,P20,ascm,B12,0.1435845047235489,0.13837102055549622,0.005213484168052673
sentinel2,treatment_0003,P20,ascm,NDVI,0.3350941240787506,0.5702298283576965,-0.23513570427894592
sentinel2,treatment_0003,P20,ascm,NDWI,-0.3429727256298065,-0.5308579206466675,0.18788519501686096
sentinel2,treatment_0004,P11,scm,B2,0.03371543809771538,0.06298285722732544,-0.02926741912961006
sentinel2,treatment_0004,P11,scm,B3,0.05505077540874481,0.09014430642127991,-0.035093531012535095
sentinel2,treatment_0004,P11,scm,B4,0.04067966341972351,0.07569172233343124,-0.03501205891370773
sentinel2,treatment_0004,P11,scm,B8,0.31056708097457886,0.2921188771724701,0.018448203802108765
sentinel2,treatment_0004,P11,scm,B11,0.20206530392169952,0.20799103379249573,-0.005925729870796204
sentinel2,treatment_0004,P11,scm,B12,0.10404220968484879,0.12382520735263824,-0.01978299766778946
sentinel2,treatment_0004,P11,scm,NDVI,0.7673945426940918,0.5896986126899719,0.17769593000411987
sentinel2,treatment_0004,P11,scm,NDWI,-0.6989548802375793,-0.5287379622459412,-0.17021691799163818
sentinel2,treatment_0004,P11,ascm,B2,0.03371543809771538,0.07015928626060486,-0.03644384816288948
sentinel2,treatment_0004,P11,ascm,B3,0.05505077540874481,0.09591814130544662,-0.04086736589670181
sentinel2,treatment_0004,P11,ascm,B4,0.04067966341972351,0.08016917109489441,-0.0394895076751709
sentinel2,treatment_0004,P11,ascm,B8,0.31056708097457886,0.2935898005962372,0.016977280378341675
sentinel2,treatment_0004,P11,ascm,B11,0.20206530392169952,0.205922931432724,-0.003857627511024475
sentinel2,treatment_0004,P11,ascm,B12,0.10404220968484879,0.12191867083311081,-0.017876461148262024
sentinel2,treatment_0004,P11,ascm,NDVI,0.7673945426940918,0.5720853805541992,0.19530916213989258
sentinel2,treatment_0004,P11,ascm,NDWI,-0.6989548802375793,-0.5078465938568115,-0.19110828638076782
sentinel2,treatment_0004,P12,scm,B2,0.028575196862220764,0.052137549966573715,-0.02356235310435295
sentinel2,treatment_0004,P12,scm,B3,0.05351830646395683,0.0813959538936615,-0.027877647429704666
sentinel2,treatment_0004,P12,scm,B4,0.04260927811264992,0.06784811615943909,-0.02523883804678917
sentinel2,treatment_0004,P12,scm,B8,0.3054848611354828,0.28255152702331543,0.02293333411216736
sentinel2,treatment_0004,P12,scm,B11,0.20480088889598846,0.2030424177646637,0.001758471131324768
sentinel2,treatment_0004,P12,scm,B12,0.10688737779855728,0.11944299191236496,-0.012555614113807678
sentinel2,treatment_0004,P12,scm,NDVI,0.7563959956169128,0.61553955078125,0.14085644483566284
sentinel2,treatment_0004,P12,scm,NDWI,-0.7008527517318726,-0.5536028742790222,-0.14724987745285034
sentinel2,treatment_0004,P12,ascm,B2,0.028575196862220764,0.0631551742553711,-0.03457997739315033
sentinel2,treatment_0004,P12,ascm,B3,0.05351830646395683,0.08896744251251221,-0.035449136048555374
sentinel2,treatment_0004,P12,ascm,B4,0.04260927811264992,0.07807320356369019,-0.03546392545104027
sentinel2,treatment_0004,P12,ascm,B8,0.3054848611354828,0.2924790382385254,0.013005822896957397
sentinel2,treatment_0004,P12,ascm,B11,0.20480088889598846,0.19886499643325806,0.005935892462730408
sentinel2,treatment_0004,P12,ascm,B12,0.10688737779855728,0.12174193561077118,-0.014854557812213898
sentinel2,treatment_0004,P12,ascm,NDVI,0.7563959956169128,0.5801666378974915,0.1762293577194214
sentinel2,treatment_0004,P12,ascm,NDWI,-0.7008527517318726,-0.5338828563690186,-0.166969895362854
sentinel2,treatment_0004,P13,scm,B2,,0.05357953533530235,
sentinel2,treatment_0004,P13,scm,B3,,0.07072803378105164,
sentinel2,treatment_0004,P13,scm,B4,,0.05165960267186165,
sentinel2,treatment_0004,P13,scm,B8,,0.2813994288444519,
sentinel2,treatment_0004,P13,scm,B11,,0.13660436868667603,
sentinel2,treatment_0004,P13,scm,B12,,0.0745471715927124,
sentinel2,treatment_0004,P13,scm,NDVI,,0.6923683285713196,
sentinel2,treatment_0004,P13,scm,NDWI,,-0.5995879173278809,
sentinel2,treatment_0004,P13,ascm,B2,,0.05351928621530533,
sentinel2,treatment_0004,P13,ascm,B3,,0.07129821181297302,
sentinel2,treatment_0004,P13,ascm,B4,,0.05178211256861687,
sentinel2,treatment_0004,P13,ascm,B8,,0.28759512305259705,
sentinel2,treatment_0004,P13,ascm,B11,,0.14194141328334808,
sentinel2,treatment_0004,P13,ascm,B12,,0.07504373788833618,
sentinel2,treatment_0004,P13,ascm,NDVI,,0.697033166885376,
sentinel2,treatment_0004,P13,ascm,NDWI,,-0.6036816239356995,
sentinel2,treatment_0004,P14,scm,B2,0.07160552591085434,0.05767230689525604,0.013933219015598297
sentinel2,treatment_0004,P14,scm,B3,0.08486007153987885,0.0770288035273552,0.007831268012523651
sentinel2,treatment_0004,P14,scm,B4,0.08567541092634201,0.06189730763435364,0.023778103291988373
sentinel2,treatment_0004,P14,scm,B8,0.24915331602096558,0.3016594350337982,-0.05250611901283264
sentinel2,treatment_0004,P14,scm,B11,0.22193598747253418,0.1706630289554596,0.051272958517074585
sentinel2,treatment_0004,P14,scm,B12,0.13789863884449005,0.09612388908863068,0.041774749755859375
sentinel2,treatment_0004,P14,scm,NDVI,0.49373188614845276,0.6623542904853821,-0.16862240433692932
sentinel2,treatment_0004,P14,scm,NDWI,-0.4979734420776367,-0.594576895236969,0.09660345315933228
sentinel2,treatment_0004,P14,ascm,B2,0.07160552591085434,0.0522710457444191,0.01933448016643524
sentinel2,treatment_0004,P14,ascm,B3,0.08486007153987885,0.07421058416366577,0.010649487376213074
sentinel2,treatment_0004,P14,ascm,B4,0.08567541092634201,0.06269726157188416,0.022978149354457855
sentinel2,treatment_0004,P14,ascm,B8,0.24915331602096558,0.3001302480697632,-0.05097693204879761
sentinel2,treatment_0004,P14,ascm,B11,0.22193598747253418,0.16491590440273285,0.05702008306980133
sentinel2,treatment_0004,P14,ascm,B12,0.13789863884449005,0.0957617461681366,0.042136892676353455
sentinel2,treatment_0004,P14,ascm,NDVI,0.49373188614845276,0.6575129628181458,-0.163781076669693
sentinel2,treatment_0004,P14,ascm,NDWI,-0.4979734420776367,-0.6048298478126526,0.10685640573501587
sentinel2,treatment_0004,P15,scm,B2,,,
sentinel2,treatment_0004,P15,scm,B3,,,
sentinel2,treatment_0004,P15,scm,B4,,,
sentinel2,treatment_0004,P15,scm,B8,,,
sentinel2,treatment_0004,P15,scm,B11,,,
sentinel2,treatment_0004,P15,scm,B12,,,
sentinel2,treatment_0004,P15,scm,NDVI,,,
sentinel2,treatment_0004,P15,scm,NDWI,,,
sentinel2,treatment_0004,P15,ascm,B2,,,
sentinel2,treatment_0004,P15,ascm,B3,,,
sentinel2,treatment_0004,P15,ascm,B4,,,
sentinel2,treatment_0004,P15,ascm,B8,,,
sentinel2,treatment_0004,P15,ascm,B11,,,
sentinel2,treatment_0004,P15,ascm,B12,,,
sentinel2,treatment_0004,P15,ascm,NDVI,,,
sentinel2,treatment_0004,P15,ascm,NDWI,,,
sentinel2,treatment_0004,P16,scm,B2,0.07825815677642822,0.05821084976196289,0.020047307014465332
sentinel2,treatment_0004,P16,scm,B3,0.08990277349948883,0.07654950022697449,0.013353273272514343
sentinel2,treatment_0004,P16,scm,B4,0.09763484448194504,0.06260368973016739,0.03503115475177765
sentinel2,treatment_0004,P16,scm,B8,0.25491923093795776,0.275966614484787,-0.021047383546829224
sentinel2,treatment_0004,P16,scm,B11,0.2624533772468567,0.1427091509103775,0.11974422633647919
sentinel2,treatment_0004,P16,scm,B12,0.193674236536026,0.08722291886806488,0.10645131766796112
sentinel2,treatment_0004,P16,scm,NDVI,0.4462032616138458,0.6343210339546204,-0.18811777234077454
sentinel2,treatment_0004,P16,scm,NDWI,-0.48088181018829346,-0.5677704215049744,0.08688861131668091
sentinel2,treatment_0004,P16,ascm,B2,0.07825815677642822,0.06557951122522354,0.012678645551204681
sentinel2,treatment_0004,P16,ascm,B3,0.08990277349948883,0.08248872309923172,0.007414050400257111
sentinel2,treatment_0004,P16,ascm,B4,0.09763484448194504,0.06901837140321732,0.028616473078727722
sentinel2,treatment_0004,P16,ascm,B8,0.25491923093795776,0.2773255705833435,-0.022406339645385742
sentinel2,treatment_0004,P16,ascm,B11,0.2624533772468567,0.1495063155889511,0.11294706165790558
sentinel2,treatment_0004,P16,ascm,B12,0.193674236536026,0.09414851665496826,0.09952571988105774
sentinel2,treatment_0004,P16,ascm,NDVI,0.4462032616138458,0.6040385365486145,-0.15783527493476868
sentinel2,treatment_0004,P16,ascm,NDWI,-0.48088181018829346,-0.5423221588134766,0.061440348625183105
sentinel2,treatment_0004,P17,scm,B2,0.2094678431749344,0.055619511753320694,0.1538483314216137
sentinel2,treatment_0004,P17,scm,B3,0.16188129782676697,0.0769817978143692,0.08489950001239777
sentinel2,treatment_0004,P17,scm,B4,0.13121257722377777,0.06477803736925125,0.06643453985452652
sentinel2,treatment_0004,P17,scm,B8,0.12102778255939484,0.2881910800933838,-0.16716329753398895
sentinel2,treatment_0004,P17,scm,B11,0.03711754456162453,0.1675838679075241,-0.13046632334589958
sentinel2,treatment_0004,P17,scm,B12,0.0294292401522398,0.09365265816450119,-0.06422341801226139
sentinel2,treatment_0004,P17,scm,NDVI,-0.039934191852808,0.6352199912071228,-0.6751541830599308
sentinel2,treatment_0004,P17,scm,NDWI,0.14213678240776062,-0.5792558193206787,0.7213926017284393
sentinel2,treatment_0004,P17,ascm,B2,0.2094678431749344,0.05152709782123566,0.15794074535369873
sentinel2,treatment_0004,P17,ascm,B3,0.16188129782676697,0.07509442418813705,0.08678687363862991
sentinel2,treatment_0004,P17,ascm,B4,0.13121257722377777,0.06022093817591667,0.0709916390478611
sentinel2,treatment_0004,P17,ascm,B8,0.12102778255939484,0.2888301610946655,-0.1678023785352707
sentinel2,treatment_0004,P17,ascm,B11,0.03711754456162453,0.17416338622570038,-0.13704584166407585
sentinel2,treatment_0004,P17,ascm,B12,0.0294292401522398,0.09637267887592316,-0.06694343872368336
sentinel2,treatment_0004,P17,ascm,NDVI,-0.039934191852808,0.657496988773346,-0.697431180626154
sentinel2,treatment_0004,P17,ascm,NDWI,0.14213678240776062,-0.5883696675300598,0.7305064499378204
sentinel2,treatment_0004,P18,scm,B2,,0.04893731698393822,
sentinel2,treatment_0004,P18,scm,B3,,0.06963818520307541,
sentinel2,treatment_0004,P18,scm,B4,,0.05122232064604759,
sentinel2,treatment_0004,P18,scm,B8,,0.2821783423423767,
sentinel2,treatment_0004,P18,scm,B11,,0.16257266700267792,
sentinel2,treatment_0004,P18,scm,B12,,0.08763515949249268,
sentinel2,treatment_0004,P18,scm,NDVI,,0.695971667766571,
sentinel2,treatment_0004,P18,scm,NDWI,,-0.6053957343101501,
sentinel2,treatment_0004,P18,ascm,B2,,0.04504282772541046,
sentinel2,treatment_0004,P18,ascm,B3,,0.06913509964942932,
sentinel2,treatment_0004,P18,ascm,B4,,0.05304940044879913,
sentinel2,treatment_0004,P18,ascm,B8,,0.27906331419944763,
sentinel2,treatment_0004,P18,ascm,B11,,0.16546931862831116,
sentinel2,treatment_0004,P18,ascm,B12,,0.0894157811999321,
sentinel2,treatment_0004,P18,ascm,NDVI,,0.6841697096824646,
sentinel2,treatment_0004,P18,ascm,NDWI,,-0.6045557856559753,
sentinel2,treatment_0004,P19,scm,B2,0.09215329587459564,0.06074924021959305,0.031404055655002594
sentinel2,treatment_0004,P19,scm,B3,0.10703910887241364,0.08124394714832306,0.025795161724090576
sentinel2,treatment_0004,P19,scm,B4,0.12325068563222885,0.07040300965309143,0.05284767597913742
sentinel2,treatment_0004,P19,scm,B8,0.2581905126571655,0.2891318202018738,-0.030941307544708252
sentinel2,treatment_0004,P19,scm,B11,0.2319556325674057,0.17003759741783142,0.06191803514957428
sentinel2,treatment_0004,P19,scm,B12,0.16022107005119324,0.10386421531438828,0.05635685473680496
sentinel2,treatment_0004,P19,scm,NDVI,0.36813825368881226,0.612501323223114,-0.24436306953430176
sentinel2,treatment_0004,P19,scm,NDWI,-0.4375491440296173,-0.5632520318031311,0.1257028877735138
sentinel2,treatment_0004,P19,ascm,B2,0.09215329587459564,0.061293214559555054,0.03086008131504059
sentinel2,treatment_0004,P19,ascm,B3,0.10703910887241364,0.0814191922545433,0.02561991661787033
sentinel2,treatment_0004,P19,ascm,B4,0.12325068563222885,0.0684022530913353,0.054848432540893555
sentinel2,treatment_0004,P19,ascm,B8,0.2581905126571655,0.2857315242290497,-0.027541011571884155
sentinel2,treatment_0004,P19,ascm,B11,0.2319556325674057,0.163411945104599,0.0685436874628067
sentinel2,treatment_0004,P19,ascm,B12,0.16022107005119324,0.09839842468500137,0.061822645366191864
sentinel2,treatment_0004,P19,ascm,NDVI,0.36813825368881226,0.617338240146637,-0.2491999864578247
sentinel2,treatment_0004,P19,ascm,NDWI,-0.4375491440296173,-0.5581591725349426,0.12061002850532532
sentinel2,treatment_0004,P20,scm,B2,0.06676750630140305,0.06833270937204361,-0.001565203070640564
sentinel2,treatment_0004,P20,scm,B3,0.08434838801622391,0.0930347740650177,-0.008686386048793793
sentinel2,treatment_0004,P20,scm,B4,0.09889766573905945,0.0899730920791626,0.00892457365989685
sentinel2,treatment_0004,P20,scm,B8,0.23666852712631226,0.26120755076408386,-0.024539023637771606
sentinel2,treatment_0004,P20,scm,B11,0.27688348293304443,0.23498666286468506,0.041896820068359375
sentinel2,treatment_0004,P20,scm,B12,0.18402864038944244,0.16902616620063782,0.015002474188804626
sentinel2,treatment_0004,P20,scm,NDVI,0.40417248010635376,0.49159660935401917,-0.0874241292476654
sentinel2,treatment_0004,P20,scm,NDWI,-0.47003689408302307,-0.4763181209564209,0.006281226873397827
sentinel2,treatment_0004,P20,ascm,B2,0.06676750630140305,0.07264053821563721,-0.005873031914234161
sentinel2,treatment_0004,P20,ascm,B3,0.08434838801622391,0.09503471851348877,-0.010686330497264862
sentinel2,treatment_0004,P20,ascm,B4,0.09889766573905945,0.09212709963321686,0.00677056610584259
sentinel2,treatment_0004,P20,ascm,B8,0.23666852712631226,0.26885274052619934,-0.032184213399887085
sentinel2,treatment_0004,P20,ascm,B11,0.27688348293304443,0.2431696653366089,0.03371381759643555
sentinel2,treatment_0004,P20,ascm,B12,0.18402864038944244,0.1755451261997223,0.008483514189720154
sentinel2,treatment_0004,P20,ascm,NDVI,0.40417248010635376,0.4929337799549103,-0.08876129984855652
sentinel2,treatment_0004,P20,ascm,NDWI,-0.47003689408302307,-0.47879984974861145,0.008762955665588379
sentinel2,treatment_0005,P11,scm,B2,0.025714971125125885,0.0501934252679348,-0.024478454142808914
sentinel2,treatment_0005,P11,scm,B3,0.042716268450021744,0.07573474943637848,-0.033018480986356735
sentinel2,treatment_0005,P11,scm,B4,0.03440399840474129,0.05509089305996895,-0.02068689465522766
sentinel2,treatment_0005,P11,scm,B8,0.26520106196403503,0.2937126159667969,-0.02851155400276184
sentinel2,treatment_0005,P11,scm,B11,0.17986567318439484,0.16517335176467896,0.014692321419715881
sentinel2,treatment_0005,P11,scm,B12,0.09024938195943832,0.09300483018159866,-0.0027554482221603394
sentinel2,treatment_0005,P11,scm,NDVI,0.7953517436981201,0.6843451857566833,0.11100655794143677
sentinel2,treatment_0005,P11,scm,NDWI,-0.7424599528312683,-0.59006667137146,-0.15239328145980835
sentinel2,treatment_0005,P11,ascm,B2,0.025714971125125885,0.05513735115528107,-0.029422380030155182
sentinel2,treatment_0005,P11,ascm,B3,0.042716268450021744,0.07666218280792236,-0.03394591435790062
sentinel2,treatment_0005,P11,ascm,B4,0.03440399840474129,0.05703933909535408,-0.022635340690612793
sentinel2,treatment_0005,P11,ascm,B8,0.26520106196403503,0.3011842370033264,-0.03598317503929138
sentinel2,treatment_0005,P11,ascm,B11,0.17986567318439484,0.17172043025493622,0.008145242929458618
sentinel2,treatment_0005,P11,ascm,B12,0.09024938195943832,0.09796220064163208,-0.007712818682193756
sentinel2,treatment_0005,P11,ascm,NDVI,0.7953517436981201,0.6818168759346008,0.11353486776351929
sentinel2,treatment_0005,P11,ascm,NDWI,-0.7424599528312683,-0.5942723155021667,-0.14818763732910156
sentinel2,treatment_0005,P12,scm,B2,0.026502618566155434,0.04056696966290474,-0.014064351096749306
sentinel2,treatment_0005,P12,scm,B3,0.04619922861456871,0.06671833246946335,-0.020519103854894638
sentinel2,treatment_0005,P12,scm,B4,0.03927898406982422,0.05271698907017708,-0.01343800500035286
sentinel2,treatment_0005,P12,scm,B8,0.262834370136261,0.2905680537223816,-0.027733683586120605
sentinel2,treatment_0005,P12,scm,B11,0.18177542090415955,0.16578854620456696,0.01598687469959259
sentinel2,treatment_0005,P12,scm,B12,0.09221445769071579,0.09365395456552505,-0.0014394968748092651
sentinel2,treatment_0005,P12,scm,NDVI,0.7671321034431458,0.6931630969047546,0.07396900653839111
sentinel2,treatment_0005,P12,scm,NDWI,-0.7201945781707764,-0.626585066318512,-0.0936095118522644
sentinel2,treatment_0005,P12,ascm,B2,0.026502618566155434,0.046624910086393356,-0.020122291520237923
sentinel2,treatment_0005,P12,ascm,B3,0.04619922861456871,0.07187028974294662,-0.025671061128377914
sentinel2,treatment_0005,P12,ascm,B4,0.03927898406982422,0.05418935418128967,-0.014910370111465454
sentinel2,treatment_0005,P12,ascm,B8,0.262834370136261,0.29404670000076294,-0.031212329864501953
sentinel2,treatment_0005,P12,ascm,B11,0.18177542090415955,0.1644134521484375,0.017361968755722046
sentinel2,treatment_0005,P12,ascm,B12,0.09221445769071579,0.09438960254192352,-0.002175144851207733
sentinel2,treatment_0005,P12,ascm,NDVI,0.7671321034431458,0.6890078186988831,0.0781242847442627
sentinel2,treatment_0005,P12,ascm,NDWI,-0.7201945781707764,-0.6072437763214111,-0.11295080184936523
sentinel2,treatment_0005,P13,scm,B2,,0.05348782613873482,
sentinel2,treatment_0005,P13,scm,B3,,0.07116861641407013,
sentinel2,treatment_0005,P13,scm,B4,,0.05404558777809143,
sentinel2,treatment_0005,P13,scm,B8,,0.2900772988796234,
sentinel2,treatment_0005,P13,scm,B11,,0.15373560786247253,
sentinel2,treatment_0005,P13,scm,B12,,0.08270052820444107,
sentinel2,treatment_0005,P13,scm,NDVI,,0.6866546869277954,
sentinel2,treatment_0005,P13,scm,NDWI,,-0.6061357855796814,
sentinel2,treatment_0005,P13,ascm,B2,,0.053482670336961746,
sentinel2,treatment_0005,P13,ascm,B3,,0.07269678264856339,
sentinel2,treatment_0005,P13,ascm,B4,,0.05900661647319794,
sentinel2,treatment_0005,P13,ascm,B8,,0.28396743535995483,
sentinel2,treatment_0005,P13,ascm,B11,,0.15245062112808228,
sentinel2,treatment_0005,P13,ascm,B12,,0.08523530513048172,
sentinel2,treatment_0005,P13,ascm,NDVI,,0.6566388607025146,
sentinel2,treatment_0005,P13,ascm,NDWI,,-0.5925676822662354,
sentinel2,treatment_0005,P14,scm,B2,0.049333032220602036,0.0581752248108387,-0.008842192590236664
sentinel2,treatment_0005,P14,scm,B3,0.0559050515294075,0.07708125561475754,-0.021176204085350037
sentinel2,treatment_0005,P14,scm,B4,0.06518803536891937,0.06134809926152229,0.0038399361073970795
sentinel2,treatment_0005,P14,scm,B8,0.17467811703681946,0.2816888093948364,-0.10701069235801697
sentinel2,treatment_0005,P14,scm,B11,0.18785351514816284,0.1646844893693924,0.023169025778770447
sentinel2,treatment_0005,P14,scm,B12,0.11659824848175049,0.09930264204740524,0.017295606434345245
sentinel2,treatment_0005,P14,scm,NDVI,0.46360236406326294,0.6429107189178467,-0.17930835485458374
sentinel2,treatment_0005,P14,scm,NDWI,-0.5322803854942322,-0.5705366134643555,0.03825622797012329
sentinel2,treatment_0005,P14,ascm,B2,0.049333032220602036,0.05362376943230629,-0.004290737211704254
sentinel2,treatment_0005,P14,ascm,B3,0.0559050515294075,0.07031179964542389,-0.014406748116016388
sentinel2,treatment_0005,P14,ascm,B4,0.06518803536891937,0.05511747673153877,0.0100705586373806
sentinel2,treatment_0005,P14,ascm,B8,0.17467811703681946,0.28116926550865173,-0.10649114847183228
sentinel2,treatment_0005,P14,ascm,B11,0.18785351514816284,0.16202862560749054,0.025824889540672302
sentinel2,treatment_0005,P14,ascm,B12,0.11659824848175049,0.09818930178880692,0.018408946692943573
sentinel2,treatment_0005,P14,ascm,NDVI,0.46360236406326294,0.673125147819519,-0.2095227837562561
sentinel2,treatment_0005,P14,ascm,NDWI,-0.5322803854942322,-0.6003279685974121,0.06804758310317993
sentinel2,treatment_0005,P15,scm,B2,,,
sentinel2,treatment_0005,P15,scm,B3,,,
sentinel2,treatment_0005,P15,scm,B4,,,
sentinel2,treatment_0005,P15,scm,B8,,,
sentinel2,treatment_0005,P15,scm,B11,,,
sentinel2,treatment_0005,P15,scm,B12,,,
sentinel2,treatment_0005,P15,scm,NDVI,,,
sentinel2,treatment_0005,P15,scm,NDWI,,,
sentinel2,treatment_0005,P15,ascm,B2,,,
sentinel2,treatment_0005,P15,ascm,B3,,,
sentinel2,treatment_0005,P15,ascm,B4,,,
sentinel2,treatment_0005,P15,ascm,B8,,,
sentinel2,treatment_0005,P15,ascm,B11,,,
sentinel2,treatment_0005,P15,ascm,B12,,,
sentinel2,treatment_0005,P15,ascm,NDVI,,,
sentinel2,treatment_0005,P15,ascm,NDWI,,,
sentinel2,treatment_0005,P16,scm,B2,0.06207485869526863,0.059062909334897995,0.003011949360370636
sentinel2,treatment_0005,P16,scm,B3,0.06833832710981369,0.07537049055099487,-0.007032163441181183
sentinel2,treatment_0005,P16,scm,B4,0.08294399082660675,0.06234848126769066,0.020595509558916092
sentinel2,treatment_0005,P16,scm,B8,0.19050171971321106,0.27652400732040405,-0.086022287607193
sentinel2,treatment_0005,P16,scm,B11,0.2477758526802063,0.14887171983718872,0.09890413284301758
sentinel2,treatment_0005,P16,scm,B12,0.18720753490924835,0.0929192304611206,0.09428830444812775
sentinel2,treatment_0005,P16,scm,NDVI,0.39268216490745544,0.6328018307685852,-0.24011966586112976
sentinel2,treatment_0005,P16,scm,NDWI,-0.4742071032524109,-0.5719069242477417,0.09769982099533081
sentinel2,treatment_0005,P16,ascm,B2,0.06207485869526863,0.05495746433734894,0.007117394357919693
sentinel2,treatment_0005,P16,ascm,B3,0.06833832710981369,0.07153577357530594,-0.0031974464654922485
sentinel2,treatment_0005,P16,ascm,B4,0.08294399082660675,0.05699095502495766,0.025953035801649094
sentinel2,treatment_0005,P16,ascm,B8,0.19050171971321106,0.27481526136398315,-0.0843135416507721
sentinel2,treatment_0005,P16,ascm,B11,0.2477758526802063,0.14570577442646027,0.10207007825374603
sentinel2,treatment_0005,P16,ascm,B12,0.18720753490924835,0.09002815932035446,0.09717937558889389
sentinel2,treatment_0005,P16,ascm,NDVI,0.39268216490745544,0.6572107076644897,-0.2645285427570343
sentinel2,treatment_0005,P16,ascm,NDWI,-0.4742071032524109,-0.5872150659561157,0.11300796270370483
sentinel2,treatment_0005,P17,scm,B2,0.172929584980011,0.060005225241184235,0.11292435973882675
sentinel2,treatment_0005,P17,scm,B3,0.14988723397254944,0.08064217120409012,0.06924506276845932
sentinel2,treatment_0005,P17,scm,B4,0.13667352497577667,0.0671732947230339,0.06950023025274277
sentinel2,treatment_0005,P17,scm,B8,0.13769298791885376,0.2929428517818451,-0.15524986386299133
sentinel2,treatment_0005,P17,scm,B11,0.07283239811658859,0.16008101403713226,-0.08724861592054367
sentinel2,treatment_0005,P17,scm,B12,0.06137477234005928,0.09622965008020401,-0.03485487774014473
sentinel2,treatment_0005,P17,scm,NDVI,0.00471107242628932,0.6279466152191162,-0.6232355427928269
sentinel2,treatment_0005,P17,scm,NDWI,0.040632106363773346,-0.5687476992607117,0.609379805624485
sentinel2,treatment_0005,P17,ascm,B2,0.172929584980011,0.057485226541757584,0.1154443584382534
sentinel2,treatment_0005,P17,ascm,B3,0.14988723397254944,0.07963386923074722,0.07025336474180222
sentinel2,treatment_0005,P17,ascm,B4,0.13667352497577667,0.06387671828269958,0.07279680669307709
sentinel2,treatment_0005,P17,ascm,B8,0.13769298791885376,0.28737667202949524,-0.14968368411064148
sentinel2,treatment_0005,P17,ascm,B11,0.07283239811658859,0.15950042009353638,-0.08666802197694778
sentinel2,treatment_0005,P17,ascm,B12,0.06137477234005928,0.09746144711971283,-0.03608667477965355
sentinel2,treatment_0005,P17,ascm,NDVI,0.00471107242628932,0.6370835304260254,-0.6323724579997361
sentinel2,treatment_0005,P17,ascm,NDWI,0.040632106363773346,-0.5663193464279175,0.6069514527916908
sentinel2,treatment_0005,P18,scm,B2,0.05417269840836525,0.049589723348617554,0.004582975059747696
sentinel2,treatment_0005,P18,scm,B3,0.06557253748178482,0.07038003206253052,-0.004807494580745697
sentinel2,treatment_0005,P18,scm,B4,0.06562619656324387,0.0572480782866478,0.00837811827659607
sentinel2,treatment_0005,P18,scm,B8,0.2275734841823578,0.2932977080345154,-0.06572422385215759
sentinel2,treatment_0005,P18,scm,B11,0.09088952094316483,0.14827661216259003,-0.0573870912194252
sentinel2,treatment_0005,P18,scm,B12,0.061062224209308624,0.08767898380756378,-0.026616759598255157
sentinel2,treatment_0005,P18,scm,NDVI,0.594601571559906,0.6742728352546692,-0.07967126369476318
sentinel2,treatment_0005,P18,scm,NDWI,-0.5821671485900879,-0.6133138537406921,0.031146705150604248
sentinel2,treatment_0005,P18,ascm,B2,0.05417269840836525,0.045066844671964645,0.009105853736400604
sentinel2,treatment_0005,P18,ascm,B3,0.06557253748178482,0.06621307879686356,-0.0006405413150787354
sentinel2,treatment_0005,P18,ascm,B4,0.06562619656324387,0.05399945750832558,0.01162673905491829
sentinel2,treatment_0005,P18,ascm,B8,0.2275734841823578,0.28851455450057983,-0.060941070318222046
sentinel2,treatment_0005,P18,ascm,B11,0.09088952094316483,0.15077917277812958,-0.05988965183496475
sentinel2,treatment_0005,P18,ascm,B12,0.061062224209308624,0.0843682810664177,-0.02330605685710907
sentinel2,treatment_0005,P18,ascm,NDVI,0.594601571559906,0.686342179775238,-0.09174060821533203
sentinel2,treatment_0005,P18,ascm,NDWI,-0.5821671485900879,-0.6274928450584412,0.04532569646835327
sentinel2,treatment_0005,P19,scm,B2,0.08995037525892258,0.06713844835758209,0.022811926901340485
sentinel2,treatment_0005,P19,scm,B3,0.09817895293235779,0.08302083611488342,0.015158116817474365
sentinel2,treatment_0005,P19,scm,B4,0.11087929457426071,0.07108540087938309,0.039793893694877625
sentinel2,treatment_0005,P19,scm,B8,0.20474526286125183,0.28054457902908325,-0.07579931616783142
sentinel2,treatment_0005,P19,scm,B11,0.18278084695339203,0.1753714382648468,0.007409408688545227
sentinel2,treatment_0005,P19,scm,B12,0.13262149691581726,0.11892999708652496,0.013691499829292297
sentinel2,treatment_0005,P19,scm,NDVI,0.3213157057762146,0.5964016318321228,-0.2750859260559082
sentinel2,treatment_0005,P19,scm,NDWI,-0.38628149032592773,-0.543573260307312,0.15729176998138428
sentinel2,treatment_0005,P19,ascm,B2,0.08995037525892258,0.06159157678484917,0.02835879847407341
sentinel2,treatment_0005,P19,ascm,B3,0.09817895293235779,0.07686188817024231,0.02131706476211548
sentinel2,treatment_0005,P19,ascm,B4,0.11087929457426071,0.06537021696567535,0.04550907760858536
sentinel2,treatment_0005,P19,ascm,B8,0.20474526286125183,0.274320125579834,-0.06957486271858215
sentinel2,treatment_0005,P19,ascm,B11,0.18278084695339203,0.17144717276096344,0.011333674192428589
sentinel2,treatment_0005,P19,ascm,B12,0.13262149691581726,0.11305324733257294,0.019568249583244324
sentinel2,treatment_0005,P19,ascm,NDVI,0.3213157057762146,0.6158249974250793,-0.29450929164886475
sentinel2,treatment_0005,P19,ascm,NDWI,-0.38628149032592773,-0.5624364614486694,0.1761549711227417
sentinel2,treatment_0005,P20,scm,B2,0.0555410273373127,0.054970696568489075,0.0005703307688236237
sentinel2,treatment_0005,P20,scm,B3,0.06524092704057693,0.07411687076091766,-0.008875943720340729
sentinel2,treatment_0005,P20,scm,B4,0.07705221325159073,0.06364911049604416,0.01340310275554657
sentinel2,treatment_0005,P20,scm,B8,0.17035013437271118,0.27148640155792236,-0.10113626718521118
sentinel2,treatment_0005,P20,scm,B11,0.2305765002965927,0.17836064100265503,0.05221585929393768
sentinel2,treatment_0005,P20,scm,B12,0.15788154304027557,0.11834771931171417,0.0395338237285614
sentinel2,treatment_0005,P20,scm,NDVI,0.3859388828277588,0.6211717128753662,-0.23523283004760742
sentinel2,treatment_0005,P20,scm,NDWI,-0.4587770104408264,-0.5714619159698486,0.11268490552902222
sentinel2,treatment_0005,P20,ascm,B2,0.0555410273373127,0.06142124906182289,-0.005880221724510193
sentinel2,treatment_0005,P20,ascm,B3,0.06524092704057693,0.07941774278879166,-0.014176815748214722
sentinel2,treatment_0005,P20,ascm,B4,0.07705221325159073,0.06808498501777649,0.00896722823381424
sentinel2,treatment_0005,P20,ascm,B8,0.17035013437271118,0.2728215157985687,-0.10247138142585754
sentinel2,treatment_0005,P20,ascm,B11,0.2305765002965927,0.17551562190055847,0.05506087839603424
sentinel2,treatment_0005,P20,ascm,B12,0.15788154304027557,0.11659035086631775,0.041291192173957825
sentinel2,treatment_0005,P20,ascm,NDVI,0.3859388828277588,0.6017848253250122,-0.21584594249725342
sentinel2,treatment_0005,P20,ascm,NDWI,-0.4587770104408264,-0.5495715141296387,0.09079450368881226
sentinel2,treatment_0006,P11,scm,B2,0.02490706741809845,0.05988594889640808,-0.03497888147830963
sentinel2,treatment_0006,P11,scm,B3,0.044779349118471146,0.08531923592090607,-0.04053988680243492
sentinel2,treatment_0006,P11,scm,B4,0.03764278069138527,0.07296667993068695,-0.03532389923930168
sentinel2,treatment_0006,P11,scm,B8,0.27947473526000977,0.2967481315135956,-0.017273396253585815
sentinel2,treatment_0006,P11,scm,B11,0.1914740949869156,0.20137937366962433,-0.00990527868270874
sentinel2,treatment_0006,P11,scm,B12,0.10203719884157181,0.1242644265294075,-0.022227227687835693
sentinel2,treatment_0006,P11,scm,NDVI,0.7627147436141968,0.6055989861488342,0.15711575746536255
sentinel2,treatment_0006,P11,scm,NDWI,-0.726313591003418,-0.5535082817077637,-0.1728053092956543
sentinel2,treatment_0006,P11,ascm,B2,0.02490706741809845,0.06774961203336716,-0.04284254461526871
sentinel2,treatment_0006,P11,ascm,B3,0.044779349118471146,0.09176924079656601,-0.046989891678094864
sentinel2,treatment_0006,P11,ascm,B4,0.03764278069138527,0.07839664816856384,-0.040753867477178574
sentinel2,treatment_0006,P11,ascm,B8,0.27947473526000977,0.3001929819583893,-0.020718246698379517
sentinel2,treatment_0006,P11,ascm,B11,0.1914740949869156,0.19998721778392792,-0.008513122797012329
sentinel2,treatment_0006,P11,ascm,B12,0.10203719884157181,0.12205047905445099,-0.02001328021287918
sentinel2,treatment_0006,P11,ascm,NDVI,0.7627147436141968,0.5860748887062073,0.1766398549079895
sentinel2,treatment_0006,P11,ascm,NDWI,-0.726313591003418,-0.5318087935447693,-0.19450479745864868
sentinel2,treatment_0006,P12,scm,B2,0.021039657294750214,0.050758346915245056,-0.029718689620494843
sentinel2,treatment_0006,P12,scm,B3,0.04309959337115288,0.07721102237701416,-0.03411142900586128
sentinel2,treatment_0006,P12,scm,B4,0.04290936142206192,0.06615850329399109,-0.02324914187192917
sentinel2,treatment_0006,P12,scm,B8,0.26245835423469543,0.2908742427825928,-0.02841588854789734
sentinel2,treatment_0006,P12,scm,B11,0.19524137675762177,0.19824518263339996,-0.0030038058757781982
sentinel2,treatment_0006,P12,scm,B12,0.1027941182255745,0.12185793370008469,-0.019063815474510193
sentinel2,treatment_0006,P12,scm,NDVI,0.7223643660545349,0.6296970844268799,0.09266728162765503
sentinel2,treatment_0006,P12,scm,NDWI,-0.7208009362220764,-0.5805781483650208,-0.14022278785705566
sentinel2,treatment_0006,P12,ascm,B2,0.021039657294750214,0.06159147992730141,-0.04055182263255119
sentinel2,treatment_0006,P12,ascm,B3,0.04309959337115288,0.08468669652938843,-0.04158710315823555
sentinel2,treatment_0006,P12,ascm,B4,0.04290936142206192,0.07799624651670456,-0.03508688509464264
sentinel2,treatment_0006,P12,ascm,B8,0.26245835423469543,0.30379971861839294,-0.04134136438369751
sentinel2,treatment_0006,P12,ascm,B11,0.19524137675762177,0.19467467069625854,0.0005667060613632202
sentinel2,treatment_0006,P12,ascm,B12,0.1027941182255745,0.12458668649196625,-0.021792568266391754
sentinel2,treatment_0006,P12,ascm,NDVI,0.7223643660545349,0.5917523503303528,0.13061201572418213
sentinel2,treatment_0006,P12,ascm,NDWI,-0.7208009362220764,-0.5641153454780579,-0.15668559074401855
sentinel2,treatment_0006,P13,scm,B2,,0.06597063690423965,
sentinel2,treatment_0006,P13,scm,B3,,0.08519090712070465,
sentinel2,treatment_0006,P13,scm,B4,,0.07028353959321976,
sentinel2,treatment_0006,P13,scm,B8,,0.2850712835788727,
sentinel2,treatment_0006,P13,scm,B11,,0.16472530364990234,
sentinel2,treatment_0006,P13,scm,B12,,0.11138168722391129,
sentinel2,treatment_0006,P13,scm,NDVI,,0.6048316359519958,
sentinel2,treatment_0006,P13,scm,NDWI,,-0.5400197505950928,
sentinel2,treatment_0006,P13,ascm,B2,,0.06667255610227585,
sentinel2,treatment_0006,P13,ascm,B3,,0.08641786128282547,
sentinel2,treatment_0006,P13,ascm,B4,,0.0717448964715004,
sentinel2,treatment_0006,P13,ascm,B8,,0.2900323271751404,
sentinel2,treatment_0006,P13,ascm,B11,,0.17017364501953125,
sentinel2,treatment_0006,P13,ascm,B12,,0.11253009736537933,
sentinel2,treatment_0006,P13,ascm,NDVI,,0.6037665009498596,
sentinel2,treatment_0006,P13,ascm,NDWI,,-0.5410245060920715,
sentinel2,treatment_0006,P14,scm,B2,0.03449485823512077,0.06343021243810654,-0.028935354202985764
sentinel2,treatment_0006,P14,scm,B3,0.045859355479478836,0.08294133096933365,-0.03708197548985481
sentinel2,treatment_0006,P14,scm,B4,0.05654306337237358,0.06937556713819504,-0.012832503765821457
sentinel2,treatment_0006,P14,scm,B8,0.1866152137517929,0.293653279542923,-0.10703806579113007
sentinel2,treatment_0006,P14,scm,B11,0.19356055557727814,0.18240606784820557,0.01115448772907257
sentinel2,treatment_0006,P14,scm,B12,0.12204726785421371,0.11692901700735092,0.005118250846862793
sentinel2,treatment_0006,P14,scm,NDVI,0.5219277143478394,0.6182258725166321,-0.09629815816879272
sentinel2,treatment_0006,P14,scm,NDWI,-0.600744366645813,-0.5596423745155334,-0.04110199213027954
sentinel2,treatment_0006,P14,ascm,B2,0.03449485823512077,0.05688048526644707,-0.022385627031326294
sentinel2,treatment_0006,P14,ascm,B3,0.045859355479478836,0.0788639485836029,-0.03300459310412407
sentinel2,treatment_0006,P14,ascm,B4,0.05654306337237358,0.07110513746738434,-0.014562074095010757
sentinel2,treatment_0006,P14,ascm,B8,0.1866152137517929,0.29171955585479736,-0.10510434210300446
sentinel2,treatment_0006,P14,ascm,B11,0.19356055557727814,0.17483144998550415,0.018729105591773987
sentinel2,treatment_0006,P14,ascm,B12,0.12204726785421371,0.11589205265045166,0.0061552152037620544
sentinel2,treatment_0006,P14,ascm,NDVI,0.5219277143478394,0.6086373925209045,-0.08670967817306519
sentinel2,treatment_0006,P14,ascm,NDWI,-0.600744366645813,-0.57457035779953,-0.02617400884628296
sentinel2,treatment_0006,P15,scm,B2,,,
sentinel2,treatment_0006,P15,scm,B3,,,
sentinel2,treatment_0006,P15,scm,B4,,,
sentinel2,treatment_0006,P15,scm,B8,,,
sentinel2,treatment_0006,P15,scm,B11,,,
sentinel2,treatment_0006,P15,scm,B12,,,
sentinel2,treatment_0006,P15,scm,NDVI,,,
sentinel2,treatment_0006,P15,scm,NDWI,,,
sentinel2,treatment_0006,P15,ascm,B2,,,
sentinel2,treatment_0006,P15,ascm,B3,,,
sentinel2,treatment_0006,P15,ascm,B4,,,
sentinel2,treatment_0006,P15,ascm,B8,,,
sentinel2,treatment_0006,P15,ascm,B11,,,
sentinel2,treatment_0006,P15,ascm,B12,,,
sentinel2,treatment_0006,P15,ascm,NDVI,,,
sentinel2,treatment_0006,P15,ascm,NDWI,,,
sentinel2,treatment_0006,P16,scm,B2,0.06728799641132355,0.06809797883033752,-0.000809982419013977
sentinel2,treatment_0006,P16,scm,B3,0.07153826206922531,0.08406035602092743,-0.012522093951702118
sentinel2,treatment_0006,P16,scm,B4,0.08197590708732605,0.0769747644662857,0.005001142621040344
sentinel2,treatment_0006,P16,scm,B8,0.19788554310798645,0.285803884267807,-0.08791834115982056
sentinel2,treatment_0006,P16,scm,B11,0.14984926581382751,0.18330219388008118,-0.03345292806625366
sentinel2,treatment_0006,P16,scm,B12,0.10508804023265839,0.1338687241077423,-0.028780683875083923
sentinel2,treatment_0006,P16,scm,NDVI,0.4350971579551697,0.5762028694152832,-0.14110571146011353
sentinel2,treatment_0006,P16,scm,NDWI,-0.4959014654159546,-0.5456276535987854,0.04972618818283081
sentinel2,treatment_0006,P16,ascm,B2,0.06728799641132355,0.07624471187591553,-0.00895671546459198
sentinel2,treatment_0006,P16,ascm,B3,0.07153826206922531,0.09162180125713348,-0.020083539187908173
sentinel2,treatment_0006,P16,ascm,B4,0.08197590708732605,0.08578403294086456,-0.003808125853538513
sentinel2,treatment_0006,P16,ascm,B8,0.19788554310798645,0.286795437335968,-0.08890989422798157
sentinel2,treatment_0006,P16,ascm,B11,0.14984926581382751,0.19352304935455322,-0.04367378354072571
sentinel2,treatment_0006,P16,ascm,B12,0.10508804023265839,0.14343683421611786,-0.03834879398345947
sentinel2,treatment_0006,P16,ascm,NDVI,0.4350971579551697,0.5401090383529663,-0.10501188039779663
sentinel2,treatment_0006,P16,ascm,NDWI,-0.4959014654159546,-0.515886664390564,0.019985198974609375
sentinel2,treatment_0006,P17,scm,B2,0.12263233214616776,0.06620670109987259,0.056425631046295166
sentinel2,treatment_0006,P17,scm,B3,0.10936706513166428,0.08286567777395248,0.026501387357711792
sentinel2,treatment_0006,P17,scm,B4,0.10777073353528976,0.07739172875881195,0.030379004776477814
sentinel2,treatment_0006,P17,scm,B8,0.16179268062114716,0.28435760736465454,-0.12256492674350739
sentinel2,treatment_0006,P17,scm,B11,0.08183658123016357,0.17489376664161682,-0.09305718541145325
sentinel2,treatment_0006,P17,scm,B12,0.06427560746669769,0.11781632155179977,-0.05354071408510208
sentinel2,treatment_0006,P17,scm,NDVI,0.1977260857820511,0.5735606551170349,-0.3758345693349838
sentinel2,treatment_0006,P17,scm,NDWI,-0.18946783244609833,-0.5492445230484009,0.35977669060230255
sentinel2,treatment_0006,P17,ascm,B2,0.12263233214616776,0.06036211922764778,0.062270212918519974
sentinel2,treatment_0006,P17,ascm,B3,0.10936706513166428,0.0795794203877449,0.029787644743919373
sentinel2,treatment_0006,P17,ascm,B4,0.10777073353528976,0.07269458472728729,0.03507614880800247
sentinel2,treatment_0006,P17,ascm,B8,0.16179268062114716,0.28803154826164246,-0.1262388676404953
sentinel2,treatment_0006,P17,ascm,B11,0.08183658123016357,0.18147262930870056,-0.09963604807853699
sentinel2,treatment_0006,P17,ascm,B12,0.06427560746669769,0.11968863755464554,-0.055413030087947845
sentinel2,treatment_0006,P17,ascm,NDVI,0.1977260857820511,0.5980680584907532,-0.4003419727087021
sentinel2,treatment_0006,P17,ascm,NDWI,-0.18946783244609833,-0.5675669312477112,0.37809909880161285
sentinel2,treatment_0006,P18,scm,B2,0.1202201247215271,0.05621454492211342,0.06400557979941368
sentinel2,treatment_0006,P18,scm,B3,0.11033978313207626,0.07119543850421906,0.03914434462785721
sentinel2,treatment_0006,P18,scm,B4,0.10693018138408661,0.05524174124002457,0.05168844014406204
sentinel2,treatment_0006,P18,scm,B8,0.22739969193935394,0.27948838472366333,-0.05208869278430939
sentinel2,treatment_0006,P18,scm,B11,0.12603752315044403,0.14878717064857483,-0.0227496474981308
sentinel2,treatment_0006,P18,scm,B12,0.09144113957881927,0.09021273255348206,0.0012284070253372192
sentinel2,treatment_0006,P18,scm,NDVI,0.3635845482349396,0.6713053584098816,-0.307720810174942
sentinel2,treatment_0006,P18,scm,NDWI,-0.34418830275535583,-0.5944675803184509,0.2502792775630951
sentinel2,treatment_0006,P18,ascm,B2,0.1202201247215271,0.0523536317050457,0.0678664930164814
sentinel2,treatment_0006,P18,ascm,B3,0.11033978313207626,0.07076241821050644,0.039577364921569824
sentinel2,treatment_0006,P18,ascm,B4,0.10693018138408661,0.05741840973496437,0.04951177164912224
sentinel2,treatment_0006,P18,ascm,B8,0.22739969193935394,0.2756821811199188,-0.04828248918056488
sentinel2,treatment_0006,P18,ascm,B11,0.12603752315044403,0.152785062789917,-0.02674753963947296
sentinel2,treatment_0006,P18,ascm,B12,0.09144113957881927,0.09258732199668884,-0.0011461824178695679
sentinel2,treatment_0006,P18,ascm,NDVI,0.3635845482349396,0.6566541790962219,-0.29306963086128235
sentinel2,treatment_0006,P18,ascm,NDWI,-0.34418830275535583,-0.592097818851471,0.2479095160961151
sentinel2,treatment_0006,P19,scm,B2,0.07790657877922058,0.07627449184656143,0.0016320869326591492
sentinel2,treatment_0006,P19,scm,B3,0.09054642170667648,0.09591273963451385,-0.005366317927837372
sentinel2,treatment_0006,P19,scm,B4,0.10893760621547699,0.09620174020528793,0.012735866010189056
sentinel2,treatment_0006,P19,scm,B8,0.20539490878582,0.27812787890434265,-0.07273297011852264
sentinel2,treatment_0006,P19,scm,B11,0.19988130033016205,0.19582460820674896,0.004056692123413086
sentinel2,treatment_0006,P19,scm,B12,0.1345246434211731,0.14982275664806366,-0.015298113226890564
sentinel2,treatment_0006,P19,scm,NDVI,0.32611578702926636,0.4897761344909668,-0.16366034746170044
sentinel2,treatment_0006,P19,scm,NDWI,-0.4153490960597992,-0.4889349937438965,0.07358589768409729
sentinel2,treatment_0006,P19,ascm,B2,0.07790657877922058,0.07759669423103333,0.00030988454818725586
sentinel2,treatment_0006,P19,ascm,B3,0.09054642170667648,0.09607342630624771,-0.005527004599571228
sentinel2,treatment_0006,P19,ascm,B4,0.10893760621547699,0.09489815682172775,0.014039449393749237
sentinel2,treatment_0006,P19,ascm,B8,0.20539490878582,0.2755946218967438,-0.07019971311092377
sentinel2,treatment_0006,P19,ascm,B11,0.19988130033016205,0.1881854385137558,0.01169586181640625
sentinel2,treatment_0006,P19,ascm,B12,0.1345246434211731,0.14233966171741486,-0.00781501829624176
sentinel2,treatment_0006,P19,ascm,NDVI,0.32611578702926636,0.49145084619522095,-0.1653350591659546
sentinel2,treatment_0006,P19,ascm,NDWI,-0.4153490960597992,-0.48481911420822144,0.06947001814842224
sentinel2,treatment_0006,P20,scm,B2,0.04850983992218971,0.06583190709352493,-0.01732206717133522
sentinel2,treatment_0006,P20,scm,B3,0.06346123665571213,0.08854933828115463,-0.025088101625442505
sentinel2,treatment_0006,P20,scm,B4,0.0841313973069191,0.07919333875179291,0.00493805855512619
sentinel2,treatment_0006,P20,scm,B8,0.1918904036283493,0.273331880569458,-0.0814414769411087
sentinel2,treatment_0006,P20,scm,B11,0.24466148018836975,0.19506143033504486,0.04960004985332489
sentinel2,treatment_0006,P20,scm,B12,0.15914015471935272,0.13741205632686615,0.021728098392486572
sentinel2,treatment_0006,P20,scm,NDVI,0.4066232740879059,0.5520437359809875,-0.14542046189308167
sentinel2,treatment_0006,P20,scm,NDWI,-0.5227429866790771,-0.5110450387001038,-0.011697947978973389
sentinel2,treatment_0006,P20,ascm,B2,0.04850983992218971,0.07183252274990082,-0.023322682827711105
sentinel2,treatment_0006,P20,ascm,B3,0.06346123665571213,0.0907278060913086,-0.027266569435596466
sentinel2,treatment_0006,P20,ascm,B4,0.0841313973069191,0.08118139207363129,0.0029500052332878113
sentinel2,treatment_0006,P20,ascm,B8,0.1918904036283493,0.28295984864234924,-0.09106944501399994
sentinel2,treatment_0006,P20,ascm,B11,0.24466148018836975,0.20292572677135468,0.041735753417015076
sentinel2,treatment_0006,P20,ascm,B12,0.15914015471935272,0.14408530294895172,0.015054851770401001
sentinel2,treatment_0006,P20,ascm,NDVI,0.4066232740879059,0.5551037192344666,-0.14848044514656067
sentinel2,treatment_0006,P20,ascm,NDWI,-0.5227429866790771,-0.5147621631622314,-0.007980823516845703
sentinel2,treatment_0007,P11,scm,B2,0.019511179998517036,0.04926148056983948,-0.02975030057132244
sentinel2,treatment_0007,P11,scm,B3,0.03824714571237564,0.07407975941896439,-0.035832613706588745
sentinel2,treatment_0007,P11,scm,B4,0.023425299674272537,0.054839011281728745,-0.03141371160745621
sentinel2,treatment_0007,P11,scm,B8,0.29504653811454773,0.2931084632873535,0.0019380748271942139
sentinel2,treatment_0007,P11,scm,B11,0.18194980919361115,0.16531303524971008,0.016636773943901062
sentinel2,treatment_0007,P11,scm,B12,0.08037281036376953,0.08974185585975647,-0.009369045495986938
sentinel2,treatment_0007,P11,scm,NDVI,0.8505871891975403,0.6862285137176514,0.16435867547988892
sentinel2,treatment_0007,P11,scm,NDWI,-0.7700491547584534,-0.5970343351364136,-0.1730148196220398
sentinel2,treatment_0007,P11,ascm,B2,0.019511179998517036,0.0541226826608181,-0.034611502662301064
sentinel2,treatment_0007,P11,ascm,B3,0.03824714571237564,0.07602765411138535,-0.037780508399009705
sentinel2,treatment_0007,P11,ascm,B4,0.023425299674272537,0.056296173483133316,-0.03287087380886078
sentinel2,treatment_0007,P11,ascm,B8,0.29504653811454773,0.29979658126831055,-0.004750043153762817
sentinel2,treatment_0007,P11,ascm,B11,0.18194980919361115,0.1723785251379013,0.009571284055709839
sentinel2,treatment_0007,P11,ascm,B12,0.08037281036376953,0.09386033564805984,-0.013487525284290314
sentinel2,treatment_0007,P11,ascm,NDVI,0.8505871891975403,0.6844845414161682,0.16610264778137207
sentinel2,treatment_0007,P11,ascm,NDWI,-0.7700491547584534,-0.5956276655197144,-0.174421489238739
sentinel2,treatment_0007,P12,scm,B2,0.011729232966899872,0.04314753785729408,-0.03141830489039421
sentinel2,treatment_0007,P12,scm,B3,0.03612600266933441,0.06512265652418137,-0.028996653854846954
sentinel2,treatment_0007,P12,scm,B4,0.02890791930258274,0.05065852776169777,-0.02175060845911503
sentinel2,treatment_0007,P12,scm,B8,0.27380597591400146,0.28576892614364624,-0.011962950229644775
sentinel2,treatment_0007,P12,scm,B11,0.18044255673885345,0.1539311707019806,0.026511386036872864
sentinel2,treatment_0007,P12,scm,B12,0.08046552538871765,0.08418768644332886,-0.003722161054611206
sentinel2,treatment_0007,P12,scm,NDVI,0.8050844073295593,0.700195848941803,0.10488855838775635
sentinel2,treatment_0007,P12,scm,NDWI,-0.7669461965560913,-0.6295378804206848,-0.1374083161354065
sentinel2,treatment_0007,P12,ascm,B2,0.011729232966899872,0.049567222595214844,-0.03783798962831497
sentinel2,treatment_0007,P12,ascm,B3,0.03612600266933441,0.0704592689871788,-0.03433326631784439
sentinel2,treatment_0007,P12,ascm,B4,0.02890791930258274,0.05194494500756264,-0.023037025704979897
sentinel2,treatment_0007,P12,ascm,B8,0.27380597591400146,0.28926217555999756,-0.015456199645996094
sentinel2,treatment_0007,P12,ascm,B11,0.18044255673885345,0.15225182473659515,0.0281907320022583
sentinel2,treatment_0007,P12,ascm,B12,0.08046552538871765,0.08565269410610199,-0.005187168717384338
sentinel2,treatment_0007,P12,ascm,NDVI,0.8050844073295593,0.6960451006889343,0.109039306640625
sentinel2,treatment_0007,P12,ascm,NDWI,-0.7669461965560913,-0.6084942817687988,-0.15845191478729248
sentinel2,treatment_0007,P13,scm,B2,,0.04875044524669647,
sentinel2,treatment_0007,P13,scm,B3,,0.06531861424446106,
sentinel2,treatment_0007,P13,scm,B4,,0.049746230244636536,
sentinel2,treatment_0007,P13,scm,B8,,0.28769731521606445,
sentinel2,treatment_0007,P13,scm,B11,,0.14735127985477448,
sentinel2,treatment_0007,P13,scm,B12,,0.07946658879518509,
sentinel2,treatment_0007,P13,scm,NDVI,,0.707099199295044,
sentinel2,treatment_0007,P13,scm,NDWI,,-0.6307095885276794,
sentinel2,treatment_0007,P13,ascm,B2,,0.049443136900663376,
sentinel2,treatment_0007,P13,ascm,B3,,0.0671759694814682,
sentinel2,treatment_0007,P13,ascm,B4,,0.0532703697681427,
sentinel2,treatment_0007,P13,ascm,B8,,0.2832927703857422,
sentinel2,treatment_0007,P13,ascm,B11,,0.14685839414596558,
sentinel2,treatment_0007,P13,ascm,B12,,0.08159129321575165,
sentinel2,treatment_0007,P13,ascm,NDVI,,0.6849421262741089,
sentinel2,treatment_0007,P13,ascm,NDWI,,-0.6172162890434265,
sentinel2,treatment_0007,P14,scm,B2,0.03661785647273064,0.05173257365822792,-0.015114717185497284
sentinel2,treatment_0007,P14,scm,B3,0.04810714349150658,0.07065295428037643,-0.022545810788869858
sentinel2,treatment_0007,P14,scm,B4,0.068985715508461,0.05112206190824509,0.017863653600215912
sentinel2,treatment_0007,P14,scm,B8,0.20109643042087555,0.29009324312210083,-0.08899681270122528
sentinel2,treatment_0007,P14,scm,B11,0.18077144026756287,0.1491515040397644,0.03161993622779846
sentinel2,treatment_0007,P14,scm,B12,0.09624285995960236,0.07848595827817917,0.017756901681423187
sentinel2,treatment_0007,P14,scm,NDVI,0.48826757073402405,0.7010841369628906,-0.21281656622886658
sentinel2,treatment_0007,P14,scm,NDWI,-0.6120534539222717,-0.6086503267288208,-0.0034031271934509277
sentinel2,treatment_0007,P14,ascm,B2,0.03661785647273064,0.04769507050514221,-0.011077214032411575
sentinel2,treatment_0007,P14,ascm,B3,0.04810714349150658,0.06506036967039108,-0.016953226178884506
sentinel2,treatment_0007,P14,ascm,B4,0.068985715508461,0.04495115205645561,0.024034563452005386
sentinel2,treatment_0007,P14,ascm,B8,0.20109643042087555,0.2876027226448059,-0.08650629222393036
sentinel2,treatment_0007,P14,ascm,B11,0.18077144026756287,0.14694887399673462,0.03382256627082825
sentinel2,treatment_0007,P14,ascm,B12,0.09624285995960236,0.07758449763059616,0.018658362329006195
sentinel2,treatment_0007,P14,ascm,NDVI,0.48826757073402405,0.7303422689437866,-0.24207469820976257
sentinel2,treatment_0007,P14,ascm,NDWI,-0.6120534539222717,-0.631345272064209,0.019291818141937256
sentinel2,treatment_0007,P15,scm,B2,,,
sentinel2,treatment_0007,P15,scm,B3,,,
sentinel2,treatment_0007,P15,scm,B4,,,
sentinel2,treatment_0007,P15,scm,B8,,,
sentinel2,treatment_0007,P15,scm,B11,,,
sentinel2,treatment_0007,P15,scm,B12,,,
sentinel2,treatment_0007,P15,scm,NDVI,,,
sentinel2,treatment_0007,P15,scm,NDWI,,,
sentinel2,treatment_0007,P15,ascm,B2,,,
sentinel2,treatment_0007,P15,ascm,B3,,,
sentinel2,treatment_0007,P15,ascm,B4,,,
sentinel2,treatment_0007,P15,ascm,B8,,,
sentinel2,treatment_0007,P15,ascm,B11,,,
sentinel2,treatment_0007,P15,ascm,B12,,,
sentinel2,treatment_0007,P15,ascm,NDVI,,,
sentinel2,treatment_0007,P15,ascm,NDWI,,,
sentinel2,treatment_0007,P16,scm,B2,0.02916693314909935,0.05795805901288986,-0.028791125863790512
sentinel2,treatment_0007,P16,scm,B3,0.03633803501725197,0.07370653003454208,-0.037368495017290115
sentinel2,treatment_0007,P16,scm,B4,0.054990433156490326,0.06143590435385704,-0.0064454711973667145
sentinel2,treatment_0007,P16,scm,B8,0.14551123976707458,0.27468976378440857,-0.12917852401733398
sentinel2,treatment_0007,P16,scm,B11,0.2145763486623764,0.15189754962921143,0.06267879903316498
sentinel2,treatment_0007,P16,scm,B12,0.1436840146780014,0.09498052299022675,0.04870349168777466
sentinel2,treatment_0007,P16,scm,NDVI,0.45467692613601685,0.6355822086334229,-0.180905282497406
sentinel2,treatment_0007,P16,scm,NDWI,-0.6012639403343201,-0.5771727561950684,-0.02409118413925171
sentinel2,treatment_0007,P16,ascm,B2,0.02916693314909935,0.05500096082687378,-0.02583402767777443
sentinel2,treatment_0007,P16,ascm,B3,0.03633803501725197,0.06983049213886261,-0.03349245712161064
sentinel2,treatment_0007,P16,ascm,B4,0.054990433156490326,0.055948253720998764,-0.0009578205645084381
sentinel2,treatment_0007,P16,ascm,B8,0.14551123976707458,0.2719832956790924,-0.12647205591201782
sentinel2,treatment_0007,P16,ascm,B11,0.2145763486623764,0.14813338220119476,0.06644296646118164
sentinel2,treatment_0007,P16,ascm,B12,0.1436840146780014,0.09309718012809753,0.05058683454990387
sentinel2,treatment_0007,P16,ascm,NDVI,0.45467692613601685,0.6601852178573608,-0.205508291721344
sentinel2,treatment_0007,P16,ascm,NDWI,-0.6012639403343201,-0.591955304145813,-0.00930863618850708
sentinel2,treatment_0007,P17,scm,B2,0.034813642501831055,0.06476455926895142,-0.02995091676712036
sentinel2,treatment_0007,P17,scm,B3,0.04403195530176163,0.08647986501455307,-0.04244790971279144
sentinel2,treatment_0007,P17,scm,B4,0.05769211798906326,0.0717179998755455,-0.014025881886482239
sentinel2,treatment_0007,P17,scm,B8,0.13168087601661682,0.28970760107040405,-0.15802672505378723
sentinel2,treatment_0007,P17,scm,B11,0.20428526401519775,0.1650979369878769,0.03918732702732086
sentinel2,treatment_0007,P17,scm,B12,0.1344909965991974,0.0952029749751091,0.03928802162408829
sentinel2,treatment_0007,P17,scm,NDVI,0.3894229829311371,0.6052187085151672,-0.21579572558403015
sentinel2,treatment_0007,P17,scm,NDWI,-0.4955727458000183,-0.5409873723983765,0.045414626598358154
sentinel2,treatment_0007,P17,ascm,B2,0.034813642501831055,0.0617762990295887,-0.026962656527757645
sentinel2,treatment_0007,P17,ascm,B3,0.04403195530176163,0.08509530872106552,-0.041063353419303894
sentinel2,treatment_0007,P17,ascm,B4,0.05769211798906326,0.06713768094778061,-0.009445562958717346
sentinel2,treatment_0007,P17,ascm,B8,0.13168087601661682,0.28344449400901794,-0.15176361799240112
sentinel2,treatment_0007,P17,ascm,B11,0.20428526401519775,0.16393716633319855,0.04034809768199921
sentinel2,treatment_0007,P17,ascm,B12,0.1344909965991974,0.0963919535279274,0.03809904307126999
sentinel2,treatment_0007,P17,ascm,NDVI,0.3894229829311371,0.6188340187072754,-0.2294110357761383
sentinel2,treatment_0007,P17,ascm,NDWI,-0.4955727458000183,-0.5387064218521118,0.043133676052093506
sentinel2,treatment_0007,P18,scm,B2,0.10279116034507751,0.04914958029985428,0.053641580045223236
sentinel2,treatment_0007,P18,scm,B3,0.10769052058458328,0.06970475614070892,0.03798576444387436
sentinel2,treatment_0007,P18,scm,B4,0.1204647496342659,0.05374041944742203,0.06672433018684387
sentinel2,treatment_0007,P18,scm,B8,0.2052813470363617,0.2826310396194458,-0.0773496925830841
sentinel2,treatment_0007,P18,scm,B11,0.14590339362621307,0.14966590702533722,-0.0037625133991241455
sentinel2,treatment_0007,P18,scm,B12,0.10757029801607132,0.08748222887516022,0.020088069140911102
sentinel2,treatment_0007,P18,scm,NDVI,0.28353482484817505,0.6821752786636353,-0.3986404538154602
sentinel2,treatment_0007,P18,scm,NDWI,-0.3387501835823059,-0.6049889326095581,0.2662387490272522
sentinel2,treatment_0007,P18,ascm,B2,0.10279116034507751,0.04416414722800255,0.058627013117074966
sentinel2,treatment_0007,P18,ascm,B3,0.10769052058458328,0.06545139849185944,0.042239122092723846
sentinel2,treatment_0007,P18,ascm,B4,0.1204647496342659,0.049535613507032394,0.0709291361272335
sentinel2,treatment_0007,P18,ascm,B8,0.2052813470363617,0.2765408158302307,-0.07125946879386902
sentinel2,treatment_0007,P18,ascm,B11,0.14590339362621307,0.1501450538635254,-0.004241660237312317
sentinel2,treatment_0007,P18,ascm,B12,0.10757029801607132,0.08221694082021713,0.025353357195854187
sentinel2,treatment_0007,P18,ascm,NDVI,0.28353482484817505,0.6981168985366821,-0.4145820736885071
sentinel2,treatment_0007,P18,ascm,NDWI,-0.3387501835823059,-0.6181146502494812,0.2793644666671753
sentinel2,treatment_0007,P19,scm,B2,0.06140260025858879,0.056194618344306946,0.005207981914281845
sentinel2,treatment_0007,P19,scm,B3,0.06944482028484344,0.0743175521492958,-0.004872731864452362
sentinel2,treatment_0007,P19,scm,B4,0.08482515066862106,0.057040806859731674,0.02778434380888939
sentinel2,treatment_0007,P19,scm,B8,0.1660866141319275,0.28668656945228577,-0.12059995532035828
sentinel2,treatment_0007,P19,scm,B11,0.20404575765132904,0.15405412018299103,0.04999163746833801
sentinel2,treatment_0007,P19,scm,B12,0.14271698892116547,0.08638245612382889,0.05633453279733658
sentinel2,treatment_0007,P19,scm,NDVI,0.3309475779533386,0.6695393323898315,-0.3385917544364929
sentinel2,treatment_0007,P19,scm,NDWI,-0.4208945035934448,-0.5889555215835571,0.1680610179901123
sentinel2,treatment_0007,P19,ascm,B2,0.06140260025858879,0.0512552373111248,0.01014736294746399
sentinel2,treatment_0007,P19,ascm,B3,0.06944482028484344,0.06870602816343307,0.0007387921214103699
sentinel2,treatment_0007,P19,ascm,B4,0.08482515066862106,0.05076398700475693,0.034061163663864136
sentinel2,treatment_0007,P19,ascm,B8,0.1660866141319275,0.2816883325576782,-0.11560171842575073
sentinel2,treatment_0007,P19,ascm,B11,0.20404575765132904,0.14887933433055878,0.055166423320770264
sentinel2,treatment_0007,P19,ascm,B12,0.14271698892116547,0.0798756331205368,0.06284135580062866
sentinel2,treatment_0007,P19,ascm,NDVI,0.3309475779533386,0.6964943408966064,-0.3655467629432678
sentinel2,treatment_0007,P19,ascm,NDWI,-0.4208945035934448,-0.6087868213653564,0.18789231777191162
sentinel2,treatment_0007,P20,scm,B2,0.0374145433306694,0.05470088869333267,-0.01728634536266327
sentinel2,treatment_0007,P20,scm,B3,0.044365037232637405,0.07763110846281052,-0.03326607123017311
sentinel2,treatment_0007,P20,scm,B4,0.06147117540240288,0.0659225732088089,-0.004451397806406021
sentinel2,treatment_0007,P20,scm,B8,0.14238913357257843,0.279763400554657,-0.13737426698207855
sentinel2,treatment_0007,P20,scm,B11,0.2446340024471283,0.179861918091774,0.06477208435535431
sentinel2,treatment_0007,P20,scm,B12,0.16801422834396362,0.10858000814914703,0.05943422019481659
sentinel2,treatment_0007,P20,scm,NDVI,0.3985063433647156,0.6207539439201355,-0.22224760055541992
sentinel2,treatment_0007,P20,scm,NDWI,-0.5234262347221375,-0.5664418339729309,0.04301559925079346
sentinel2,treatment_0007,P20,ascm,B2,0.0374145433306694,0.06203516572713852,-0.024620622396469116
sentinel2,treatment_0007,P20,ascm,B3,0.044365037232637405,0.0830167680978775,-0.0386517308652401
sentinel2,treatment_0007,P20,ascm,B4,0.06147117540240288,0.07161785662174225,-0.01014668121933937
sentinel2,treatment_0007,P20,ascm,B8,0.14238913357257843,0.28121933341026306,-0.13883019983768463
sentinel2,treatment_0007,P20,ascm,B11,0.2446340024471283,0.1779596358537674,0.0666743665933609
sentinel2,treatment_0007,P20,ascm,B12,0.16801422834396362,0.1078793928027153,0.06013483554124832
sentinel2,treatment_0007,P20,ascm,NDVI,0.3985063433647156,0.5971452593803406,-0.198638916015625
sentinel2,treatment_0007,P20,ascm,NDWI,-0.5234262347221375,-0.5455222725868225,0.02209603786468506
sentinel2,treatment_0008,P11,scm,B2,0.03073147125542164,0.05615012347698212,-0.025418652221560478
sentinel2,treatment_0008,P11,scm,B3,0.05105407536029816,0.08258282393217087,-0.03152874857187271
sentinel2,treatment_0008,P11,scm,B4,0.03537799417972565,0.06975682824850082,-0.03437883406877518
sentinel2,treatment_0008,P11,scm,B8,0.3138222098350525,0.2976604402065277,0.01616176962852478
sentinel2,treatment_0008,P11,scm,B11,0.2104143500328064,0.18556177616119385,0.02485257387161255
sentinel2,treatment_0008,P11,scm,B12,0.10112898051738739,0.1148642972111702,-0.013735316693782806
sentinel2,treatment_0008,P11,scm,NDVI,0.7986686825752258,0.6206713914871216,0.17799729108810425
sentinel2,treatment_0008,P11,scm,NDWI,-0.7246260046958923,-0.565765380859375,-0.15886062383651733
sentinel2,treatment_0008,P11,ascm,B2,0.03073147125542164,0.06353157758712769,-0.03280010633170605
sentinel2,treatment_0008,P11,ascm,B3,0.05105407536029816,0.08868245035409927,-0.03762837499380112
sentinel2,treatment_0008,P11,ascm,B4,0.03537799417972565,0.0737733542919159,-0.03839536011219025
sentinel2,treatment_0008,P11,ascm,B8,0.3138222098350525,0.30054035782814026,0.013281852006912231
sentinel2,treatment_0008,P11,ascm,B11,0.2104143500328064,0.18502908945083618,0.025385260581970215
sentinel2,treatment_0008,P11,ascm,B12,0.10112898051738739,0.11362002044916153,-0.01249103993177414
sentinel2,treatment_0008,P11,ascm,NDVI,0.7986686825752258,0.6059461236000061,0.19272255897521973
sentinel2,treatment_0008,P11,ascm,NDWI,-0.7246260046958923,-0.5443212389945984,-0.18030476570129395
sentinel2,treatment_0008,P12,scm,B2,0.019591255113482475,0.045977719128131866,-0.02638646401464939
sentinel2,treatment_0008,P12,scm,B3,0.04378595948219299,0.07329457253217697,-0.02950861304998398
sentinel2,treatment_0008,P12,scm,B4,0.03570960462093353,0.05813620612025261,-0.022426601499319077
sentinel2,treatment_0008,P12,scm,B8,0.2847927212715149,0.2898769974708557,-0.00508427619934082
sentinel2,treatment_0008,P12,scm,B11,0.20394594967365265,0.17562749981880188,0.02831844985485077
sentinel2,treatment_0008,P12,scm,B12,0.10166994482278824,0.10351552814245224,-0.0018455833196640015
sentinel2,treatment_0008,P12,scm,NDVI,0.7811200022697449,0.6661040782928467,0.1150159239768982
sentinel2,treatment_0008,P12,scm,NDWI,-0.7338272929191589,-0.5963917374610901,-0.13743555545806885
sentinel2,treatment_0008,P12,ascm,B2,0.019591255113482475,0.05635150149464607,-0.0367602463811636
sentinel2,treatment_0008,P12,ascm,B3,0.04378595948219299,0.08092231303453445,-0.03713635355234146
sentinel2,treatment_0008,P12,ascm,B4,0.03570960462093353,0.06930913776159286,-0.03359953314065933
sentinel2,treatment_0008,P12,ascm,B8,0.2847927212715149,0.30147844552993774,-0.01668572425842285
sentinel2,treatment_0008,P12,ascm,B11,0.20394594967365265,0.17248375713825226,0.03146219253540039
sentinel2,treatment_0008,P12,ascm,B12,0.10166994482278824,0.10772780328989029,-0.006057858467102051
sentinel2,treatment_0008,P12,ascm,NDVI,0.7811200022697449,0.626312792301178,0.1548072099685669
sentinel2,treatment_0008,P12,ascm,NDWI,-0.7338272929191589,-0.5767858624458313,-0.15704143047332764
sentinel2,treatment_0008,P13,scm,B2,,0.06059274822473526,
sentinel2,treatment_0008,P13,scm,B3,,0.07864569127559662,
sentinel2,treatment_0008,P13,scm,B4,,0.06585165113210678,
sentinel2,treatment_0008,P13,scm,B8,,0.2973911166191101,
sentinel2,treatment_0008,P13,scm,B11,,0.15433983504772186,
sentinel2,treatment_0008,P13,scm,B12,,0.09333331882953644,
sentinel2,treatment_0008,P13,scm,NDVI,,0.6384466290473938,
sentinel2,treatment_0008,P13,scm,NDWI,,-0.5820596814155579,
sentinel2,treatment_0008,P13,ascm,B2,,0.06031744182109833,
sentinel2,treatment_0008,P13,ascm,B3,,0.07908732444047928,
sentinel2,treatment_0008,P13,ascm,B4,,0.06605591624975204,
sentinel2,treatment_0008,P13,ascm,B8,,0.3027539551258087,
sentinel2,treatment_0008,P13,ascm,B11,,0.1583804041147232,
sentinel2,treatment_0008,P13,ascm,B12,,0.09355191141366959,
sentinel2,treatment_0008,P13,ascm,NDVI,,0.6429833173751831,
sentinel2,treatment_0008,P13,ascm,NDWI,,-0.5862592458724976,
sentinel2,treatment_0008,P14,scm,B2,0.05715348571538925,0.056618500500917435,0.000534985214471817
sentinel2,treatment_0008,P14,scm,B3,0.06987238675355911,0.07329439371824265,-0.0034220069646835327
sentinel2,treatment_0008,P14,scm,B4,0.08521547168493271,0.05520781874656677,0.030007652938365936
sentinel2,treatment_0008,P14,scm,B8,0.22643046081066132,0.2986285984516144,-0.07219813764095306
sentinel2,treatment_0008,P14,scm,B11,0.25974205136299133,0.15600162744522095,0.10374042391777039
sentinel2,treatment_0008,P14,scm,B12,0.1609499752521515,0.08749543130397797,0.07345454394817352
sentinel2,treatment_0008,P14,scm,NDVI,0.4572593569755554,0.6883509159088135,-0.23109155893325806
sentinel2,treatment_0008,P14,scm,NDWI,-0.5442997217178345,-0.6060295701026917,0.06172984838485718
sentinel2,treatment_0008,P14,ascm,B2,0.05715348571538925,0.051073405891656876,0.006080079823732376
sentinel2,treatment_0008,P14,ascm,B3,0.06987238675355911,0.07070424407720566,-0.0008318573236465454
sentinel2,treatment_0008,P14,ascm,B4,0.08521547168493271,0.05760945752263069,0.027606014162302017
sentinel2,treatment_0008,P14,ascm,B8,0.22643046081066132,0.2951045632362366,-0.06867410242557526
sentinel2,treatment_0008,P14,ascm,B11,0.25974205136299133,0.1504923552274704,0.10924969613552094
sentinel2,treatment_0008,P14,ascm,B12,0.1609499752521515,0.08811349421739578,0.0728364810347557
sentinel2,treatment_0008,P14,ascm,NDVI,0.4572593569755554,0.6739379167556763,-0.21667855978012085
sentinel2,treatment_0008,P14,ascm,NDWI,-0.5442997217178345,-0.6137391924858093,0.06943947076797485
sentinel2,treatment_0008,P15,scm,B2,,,
sentinel2,treatment_0008,P15,scm,B3,,,
sentinel2,treatment_0008,P15,scm,B4,,,
sentinel2,treatment_0008,P15,scm,B8,,,
sentinel2,treatment_0008,P15,scm,B11,,,
sentinel2,treatment_0008,P15,scm,B12,,,
sentinel2,treatment_0008,P15,scm,NDVI,,,
sentinel2,treatment_0008,P15,scm,NDWI,,,
sentinel2,treatment_0008,P15,ascm,B2,,,
sentinel2,treatment_0008,P15,ascm,B3,,,
sentinel2,treatment_0008,P15,ascm,B4,,,
sentinel2,treatment_0008,P15,ascm,B8,,,
sentinel2,treatment_0008,P15,ascm,B11,,,
sentinel2,treatment_0008,P15,ascm,B12,,,
sentinel2,treatment_0008,P15,ascm,NDVI,,,
sentinel2,treatment_0008,P15,ascm,NDWI,,,
sentinel2,treatment_0008,P16,scm,B2,0.053557951003313065,0.05715331435203552,-0.003595363348722458
sentinel2,treatment_0008,P16,scm,B3,0.060079462826251984,0.07394614815711975,-0.013866685330867767
sentinel2,treatment_0008,P16,scm,B4,0.07023578882217407,0.058722466230392456,0.011513322591781616
sentinel2,treatment_0008,P16,scm,B8,0.17228789627552032,0.2843688428401947,-0.11208094656467438
sentinel2,treatment_0008,P16,scm,B11,0.20559264719486237,0.15734249353408813,0.04825015366077423
sentinel2,treatment_0008,P16,scm,B12,0.15751329064369202,0.09775722026824951,0.059756070375442505
sentinel2,treatment_0008,P16,scm,NDVI,0.4140731990337372,0.6581333875656128,-0.2440601885318756
sentinel2,treatment_0008,P16,scm,NDWI,-0.47541141510009766,-0.5874089002609253,0.11199748516082764
sentinel2,treatment_0008,P16,ascm,B2,0.053557951003313065,0.06396779417991638,-0.010409843176603317
sentinel2,treatment_0008,P16,ascm,B3,0.060079462826251984,0.07978298515081406,-0.019703522324562073
sentinel2,treatment_0008,P16,ascm,B4,0.07023578882217407,0.0647454783320427,0.005490310490131378
sentinel2,treatment_0008,P16,ascm,B8,0.17228789627552032,0.2852713465690613,-0.11298345029354095
sentinel2,treatment_0008,P16,ascm,B11,0.20559264719486237,0.1649305522441864,0.040662094950675964
sentinel2,treatment_0008,P16,ascm,B12,0.15751329064369202,0.1045704260468483,0.05294286459684372
sentinel2,treatment_0008,P16,ascm,NDVI,0.4140731990337372,0.6304659843444824,-0.21639278531074524
sentinel2,treatment_0008,P16,ascm,NDWI,-0.47541141510009766,-0.5630264282226562,0.0876150131225586
sentinel2,treatment_0008,P17,scm,B2,0.058596353977918625,0.06718674302101135,-0.008590389043092728
sentinel2,treatment_0008,P17,scm,B3,0.07557912170886993,0.0855770856142044,-0.009997963905334473
sentinel2,treatment_0008,P17,scm,B4,0.08908186852931976,0.07964198291301727,0.00943988561630249
sentinel2,treatment_0008,P17,scm,B8,0.21534670889377594,0.28612691164016724,-0.0707802027463913
sentinel2,treatment_0008,P17,scm,B11,0.2612580955028534,0.17341971397399902,0.08783838152885437
sentinel2,treatment_0008,P17,scm,B12,0.16923865675926208,0.1133875846862793,0.05585107207298279
sentinel2,treatment_0008,P17,scm,NDVI,0.4089924991130829,0.5665494799613953,-0.15755698084831238
sentinel2,treatment_0008,P17,scm,NDWI,-0.4837881028652191,-0.5404325127601624,0.05664440989494324
sentinel2,treatment_0008,P17,ascm,B2,0.058596353977918625,0.06125865504145622,-0.0026623010635375977
sentinel2,treatment_0008,P17,ascm,B3,0.07557912170886993,0.08218561857938766,-0.006606496870517731
sentinel2,treatment_0008,P17,ascm,B4,0.08908186852931976,0.07411057502031326,0.0149712935090065
sentinel2,treatment_0008,P17,ascm,B8,0.21534670889377594,0.2891899049282074,-0.07384319603443146
sentinel2,treatment_0008,P17,ascm,B11,0.2612580955028534,0.17916247248649597,0.08209562301635742
sentinel2,treatment_0008,P17,ascm,B12,0.16923865675926208,0.11471861600875854,0.05452004075050354
sentinel2,treatment_0008,P17,ascm,NDVI,0.4089924991130829,0.593757688999176,-0.18476518988609314
sentinel2,treatment_0008,P17,ascm,NDWI,-0.4837881028652191,-0.5582605600357056,0.07447245717048645
sentinel2,treatment_0008,P18,scm,B2,0.1373130828142166,0.05990254133939743,0.07741054147481918
sentinel2,treatment_0008,P18,scm,B3,0.13442187011241913,0.07965146005153656,0.05477041006088257
sentinel2,treatment_0008,P18,scm,B4,0.13649284839630127,0.0626387819647789,0.07385406643152237
sentinel2,treatment_0008,P18,scm,B8,0.22169704735279083,0.2769216299057007,-0.05522458255290985
sentinel2,treatment_0008,P18,scm,B11,0.12790516018867493,0.15962637960910797,-0.031721219420433044
sentinel2,treatment_0008,P18,scm,B12,0.10082687437534332,0.09875939786434174,0.002067476511001587
sentinel2,treatment_0008,P18,scm,NDVI,0.263317346572876,0.6324083209037781,-0.3690909743309021
sentinel2,treatment_0008,P18,scm,NDWI,-0.2732131779193878,-0.5538325309753418,0.280619353055954
sentinel2,treatment_0008,P18,ascm,B2,0.1373130828142166,0.054877810180187225,0.08243527263402939
sentinel2,treatment_0008,P18,ascm,B3,0.13442187011241913,0.0782792791724205,0.05614259093999863
sentinel2,treatment_0008,P18,ascm,B4,0.13649284839630127,0.06442875415086746,0.07206409424543381
sentinel2,treatment_0008,P18,ascm,B8,0.22169704735279083,0.27312636375427246,-0.05142931640148163
sentinel2,treatment_0008,P18,ascm,B11,0.12790516018867493,0.16253313422203064,-0.03462797403335571
sentinel2,treatment_0008,P18,ascm,B12,0.10082687437534332,0.10008885711431503,0.0007380172610282898
sentinel2,treatment_0008,P18,ascm,NDVI,0.263317346572876,0.6199068427085876,-0.35658949613571167
sentinel2,treatment_0008,P18,ascm,NDWI,-0.2732131779193878,-0.5552733540534973,0.2820601761341095
sentinel2,treatment_0008,P19,scm,B2,0.10727792233228683,0.06841520220041275,0.038862720131874084
sentinel2,treatment_0008,P19,scm,B3,0.11405759304761887,0.08641830831766129,0.02763928472995758
sentinel2,treatment_0008,P19,scm,B4,0.1303626447916031,0.07884950190782547,0.05151314288377762
sentinel2,treatment_0008,P19,scm,B8,0.22050142288208008,0.27964019775390625,-0.05913877487182617
sentinel2,treatment_0008,P19,scm,B11,0.19876764714717865,0.1716608703136444,0.02710677683353424
sentinel2,treatment_0008,P19,scm,B12,0.14822989702224731,0.12572073936462402,0.02250915765762329
sentinel2,treatment_0008,P19,scm,NDVI,0.27908432483673096,0.5610649585723877,-0.28198063373565674
sentinel2,treatment_0008,P19,scm,NDWI,-0.35462769865989685,-0.5282811522483826,0.17365345358848572
sentinel2,treatment_0008,P19,ascm,B2,0.10727792233228683,0.06945835798978806,0.03781956434249878
sentinel2,treatment_0008,P19,ascm,B3,0.11405759304761887,0.08741537481546402,0.026642218232154846
sentinel2,treatment_0008,P19,ascm,B4,0.1303626447916031,0.07731160521507263,0.05305103957653046
sentinel2,treatment_0008,P19,ascm,B8,0.22050142288208008,0.2758391201496124,-0.05533769726753235
sentinel2,treatment_0008,P19,ascm,B11,0.19876764714717865,0.16515807807445526,0.03360956907272339
sentinel2,treatment_0008,P19,ascm,B12,0.14822989702224731,0.11936993151903152,0.02885996550321579
sentinel2,treatment_0008,P19,ascm,NDVI,0.27908432483673096,0.5627331733703613,-0.28364884853363037
sentinel2,treatment_0008,P19,ascm,NDWI,-0.35462769865989685,-0.5189037919044495,0.1642760932445526
sentinel2,treatment_0008,P20,scm,B2,0.0582532063126564,0.06810899823904037,-0.009855791926383972
sentinel2,treatment_0008,P20,scm,B3,0.07121542096138,0.08983318507671356,-0.018617764115333557
sentinel2,treatment_0008,P20,scm,B4,0.08905088901519775,0.08392684161663055,0.0051240473985672
sentinel2,treatment_0008,P20,scm,B8,0.19567418098449707,0.2622256875038147,-0.06655150651931763
sentinel2,treatment_0008,P20,scm,B11,0.28128305077552795,0.22381609678268433,0.05746695399284363
sentinel2,treatment_0008,P20,scm,B12,0.19099807739257812,0.16886119544506073,0.022136881947517395
sentinel2,treatment_0008,P20,scm,NDVI,0.3749403953552246,0.516056478023529,-0.14111608266830444
sentinel2,treatment_0008,P20,scm,NDWI,-0.47044637799263,-0.49002206325531006,0.019575685262680054
sentinel2,treatment_0008,P20,ascm,B2,0.0582532063126564,0.07449626177549362,-0.01624305546283722
sentinel2,treatment_0008,P20,ascm,B3,0.07121542096138,0.09151390939950943,-0.020298488438129425
sentinel2,treatment_0008,P20,ascm,B4,0.08905088901519775,0.08536243438720703,0.0036884546279907227
sentinel2,treatment_0008,P20,ascm,B8,0.19567418098449707,0.2740086019039154,-0.07833442091941833
sentinel2,treatment_0008,P20,ascm,B11,0.28128305077552795,0.23432093858718872,0.04696211218833923
sentinel2,treatment_0008,P20,ascm,B12,0.19099807739257812,0.17643694579601288,0.014561131596565247
sentinel2,treatment_0008,P20,ascm,NDVI,0.3749403953552246,0.5257759094238281,-0.15083551406860352
sentinel2,treatment_0008,P20,ascm,NDWI,-0.47044637799263,-0.49958357214927673,0.02913719415664673
sentinel2,treatment_0009,P11,scm,B2,0.03009299375116825,0.05562811344861984,-0.02553511969745159
sentinel2,treatment_0009,P11,scm,B3,0.050004225224256516,0.07851887494325638,-0.028514649718999863
sentinel2,treatment_0009,P11,scm,B4,0.03483397886157036,0.060541264712810516,-0.025707285851240158
sentinel2,treatment_0009,P11,scm,B8,0.3115372061729431,0.29786989092826843,0.013667315244674683
sentinel2,treatment_0009,P11,scm,B11,0.2094627022743225,0.16805687546730042,0.041405826807022095
sentinel2,treatment_0009,P11,scm,B12,0.1002703309059143,0.09826511144638062,0.0020052194595336914
sentinel2,treatment_0009,P11,scm,NDVI,0.7995687127113342,0.6625171303749084,0.13705158233642578
sentinel2,treatment_0009,P11,scm,NDWI,-0.727332592010498,-0.5828744769096375,-0.1444581151008606
sentinel2,treatment_0009,P11,ascm,B2,0.03009299375116825,0.05593820661306381,-0.02584521286189556
sentinel2,treatment_0009,P11,ascm,B3,0.050004225224256516,0.07768791168928146,-0.027683686465024948
sentinel2,treatment_0009,P11,ascm,B4,0.03483397886157036,0.06212630122900009,-0.027292322367429733
sentinel2,treatment_0009,P11,ascm,B8,0.3115372061729431,0.30346474051475525,0.008072465658187866
sentinel2,treatment_0009,P11,ascm,B11,0.2094627022743225,0.16994598507881165,0.039516717195510864
sentinel2,treatment_0009,P11,ascm,B12,0.1002703309059143,0.0984053686261177,0.0018649622797966003
sentinel2,treatment_0009,P11,ascm,NDVI,0.7995687127113342,0.6604345440864563,0.13913416862487793
sentinel2,treatment_0009,P11,ascm,NDWI,-0.727332592010498,-0.5924338102340698,-0.13489878177642822
sentinel2,treatment_0009,P12,scm,B2,0.019900891929864883,0.04548637568950653,-0.025585483759641647
sentinel2,treatment_0009,P12,scm,B3,0.043296992778778076,0.06800925731658936,-0.02471226453781128
sentinel2,treatment_0009,P12,scm,B4,0.03572269156575203,0.053951602429151535,-0.018228910863399506
sentinel2,treatment_0009,P12,scm,B8,0.28383147716522217,0.2977031469345093,-0.01387166976928711
sentinel2,treatment_0009,P12,scm,B11,0.20489197969436646,0.1696256846189499,0.035266295075416565
sentinel2,treatment_0009,P12,scm,B12,0.10169418156147003,0.09188546985387802,0.00980871170759201
sentinel2,treatment_0009,P12,scm,NDVI,0.7801024317741394,0.6934497356414795,0.08665269613265991
sentinel2,treatment_0009,P12,scm,NDWI,-0.7343816161155701,-0.6281272172927856,-0.10625439882278442
sentinel2,treatment_0009,P12,ascm,B2,0.019900891929864883,0.05324293300509453,-0.033342041075229645
sentinel2,treatment_0009,P12,ascm,B3,0.043296992778778076,0.07483570277690887,-0.0315387099981308
sentinel2,treatment_0009,P12,ascm,B4,0.03572269156575203,0.060904569923877716,-0.025181878358125687
sentinel2,treatment_0009,P12,ascm,B8,0.28383147716522217,0.2932403087615967,-0.009408831596374512
sentinel2,treatment_0009,P12,ascm,B11,0.20489197969436646,0.17107613384723663,0.03381584584712982
sentinel2,treatment_0009,P12,ascm,B12,0.10169418156147003,0.096872478723526,0.004821702837944031
sentinel2,treatment_0009,P12,ascm,NDVI,0.7801024317741394,0.6563924551010132,0.12370997667312622
sentinel2,treatment_0009,P12,ascm,NDWI,-0.7343816161155701,-0.5934574604034424,-0.14092415571212769
sentinel2,treatment_0009,P13,scm,B2,,0.05253069847822189,
sentinel2,treatment_0009,P13,scm,B3,,0.07127654552459717,
sentinel2,treatment_0009,P13,scm,B4,,0.05549689382314682,
sentinel2,treatment_0009,P13,scm,B8,,0.29154425859451294,
sentinel2,treatment_0009,P13,scm,B11,,0.1504812091588974,
sentinel2,treatment_0009,P13,scm,B12,,0.08126029372215271,
sentinel2,treatment_0009,P13,scm,NDVI,,0.6829954385757446,
sentinel2,treatment_0009,P13,scm,NDWI,,-0.6085520386695862,
sentinel2,treatment_0009,P13,ascm,B2,,0.050220176577568054,
sentinel2,treatment_0009,P13,ascm,B3,,0.06882407516241074,
sentinel2,treatment_0009,P13,ascm,B4,,0.05136072263121605,
sentinel2,treatment_0009,P13,ascm,B8,,0.28858432173728943,
sentinel2,treatment_0009,P13,ascm,B11,,0.15126967430114746,
sentinel2,treatment_0009,P13,ascm,B12,,0.08267103135585785,
sentinel2,treatment_0009,P13,ascm,NDVI,,0.7002568244934082,
sentinel2,treatment_0009,P13,ascm,NDWI,,-0.6160469055175781,
sentinel2,treatment_0009,P14,scm,B2,0.0576900877058506,0.05950125306844711,-0.0018111653625965118
sentinel2,treatment_0009,P14,scm,B3,0.07139459997415543,0.0785924568772316,-0.007197856903076172
sentinel2,treatment_0009,P14,scm,B4,0.08544186502695084,0.062132395803928375,0.02330946922302246
sentinel2,treatment_0009,P14,scm,B8,0.23558102548122406,0.29855653643608093,-0.06297551095485687
sentinel2,treatment_0009,P14,scm,B11,0.26139000058174133,0.15865741670131683,0.1027325838804245
sentinel2,treatment_0009,P14,scm,B12,0.1604142040014267,0.086741603910923,0.07367260009050369
sentinel2,treatment_0009,P14,scm,NDVI,0.47167786955833435,0.656916618347168,-0.18523874878883362
sentinel2,treatment_0009,P14,scm,NDWI,-0.5502117872238159,-0.583791196346283,0.03357940912246704
sentinel2,treatment_0009,P14,ascm,B2,0.0576900877058506,0.05668066069483757,0.001009427011013031
sentinel2,treatment_0009,P14,ascm,B3,0.07139459997415543,0.0744936391711235,-0.0030990391969680786
sentinel2,treatment_0009,P14,ascm,B4,0.08544186502695084,0.06175721436738968,0.023684650659561157
sentinel2,treatment_0009,P14,ascm,B8,0.23558102548122406,0.2997223734855652,-0.06414134800434113
sentinel2,treatment_0009,P14,ascm,B11,0.26139000058174133,0.15039445459842682,0.11099554598331451
sentinel2,treatment_0009,P14,ascm,B12,0.1604142040014267,0.08771758526563644,0.07269661873579025
sentinel2,treatment_0009,P14,ascm,NDVI,0.47167786955833435,0.6614700555801392,-0.1897921860218048
sentinel2,treatment_0009,P14,ascm,NDWI,-0.5502117872238159,-0.6035829782485962,0.05337119102478027
sentinel2,treatment_0009,P15,scm,B2,,0.056600019335746765,
sentinel2,treatment_0009,P15,scm,B3,,0.07566103339195251,
sentinel2,treatment_0009,P15,scm,B4,,0.060123901814222336,
sentinel2,treatment_0009,P15,scm,B8,,0.29578232765197754,
sentinel2,treatment_0009,P15,scm,B11,,0.15314891934394836,
sentinel2,treatment_0009,P15,scm,B12,,0.08465249091386795,
sentinel2,treatment_0009,P15,scm,NDVI,,0.6630798578262329,
sentinel2,treatment_0009,P15,scm,NDWI,,-0.5929172039031982,
sentinel2,treatment_0009,P15,ascm,B2,,0.051199376583099365,
sentinel2,treatment_0009,P15,ascm,B3,,0.07235672324895859,
sentinel2,treatment_0009,P15,ascm,B4,,0.05328242480754852,
sentinel2,treatment_0009,P15,ascm,B8,,0.28809624910354614,
sentinel2,treatment_0009,P15,ascm,B11,,0.1474275141954422,
sentinel2,treatment_0009,P15,ascm,B12,,0.08061940968036652,
sentinel2,treatment_0009,P15,ascm,NDVI,,0.689253032207489,
sentinel2,treatment_0009,P15,ascm,NDWI,,-0.5990954637527466,
sentinel2,treatment_0009,P16,scm,B2,0.060228131711483,0.06043965369462967,-0.00021152198314666748
sentinel2,treatment_0009,P16,scm,B3,0.06744403392076492,0.07773175835609436,-0.010287724435329437
sentinel2,treatment_0009,P16,scm,B4,0.07918638736009598,0.0625448152422905,0.01664157211780548
sentinel2,treatment_0009,P16,scm,B8,0.1892140954732895,0.27944982051849365,-0.09023572504520416
sentinel2,treatment_0009,P16,scm,B11,0.23179277777671814,0.1434875726699829,0.08830520510673523
sentinel2,treatment_0009,P16,scm,B12,0.17977769672870636,0.08648473024368286,0.0932929664850235
sentinel2,treatment_0009,P16,scm,NDVI,0.4106566905975342,0.638004720211029,-0.22734802961349487
sentinel2,treatment_0009,P16,scm,NDWI,-0.47422856092453003,-0.5666800141334534,0.09245145320892334
sentinel2,treatment_0009,P16,ascm,B2,0.060228131711483,0.050530530512332916,0.009697601199150085
sentinel2,treatment_0009,P16,ascm,B3,0.06744403392076492,0.06985601037740707,-0.002411976456642151
sentinel2,treatment_0009,P16,ascm,B4,0.07918638736009598,0.05878958851099014,0.020396798849105835
sentinel2,treatment_0009,P16,ascm,B8,0.1892140954732895,0.2750892639160156,-0.08587516844272614
sentinel2,treatment_0009,P16,ascm,B11,0.23179277777671814,0.14699435234069824,0.0847984254360199
sentinel2,treatment_0009,P16,ascm,B12,0.17977769672870636,0.08744024485349655,0.09233745187520981
sentinel2,treatment_0009,P16,ascm,NDVI,0.4106566905975342,0.6513749957084656,-0.2407183051109314
sentinel2,treatment_0009,P16,ascm,NDWI,-0.47422856092453003,-0.5966103076934814,0.12238174676895142
sentinel2,treatment_0009,P17,scm,B2,0.06060732156038284,0.057154811918735504,0.003452509641647339
sentinel2,treatment_0009,P17,scm,B3,0.07725152373313904,0.07784704118967056,-0.0005955174565315247
sentinel2,treatment_0009,P17,scm,B4,0.09283343702554703,0.07028509676456451,0.022548340260982513
sentinel2,treatment_0009,P17,scm,B8,0.2161097228527069,0.2990027070045471,-0.08289298415184021
sentinel2,treatment_0009,P17,scm,B11,0.2668575346469879,0.1623670756816864,0.10449045896530151
sentinel2,treatment_0009,P17,scm,B12,0.1707824468612671,0.09806366264820099,0.0727187842130661
sentinel2,treatment_0009,P17,scm,NDVI,0.4007890522480011,0.6227961182594299,-0.22200706601142883
sentinel2,treatment_0009,P17,scm,NDWI,-0.48120930790901184,-0.5883944034576416,0.10718509554862976
sentinel2,treatment_0009,P17,ascm,B2,0.06060732156038284,0.06001194193959236,0.0005953796207904816
sentinel2,treatment_0009,P17,ascm,B3,0.07725152373313904,0.07882249355316162,-0.001570969820022583
sentinel2,treatment_0009,P17,ascm,B4,0.09283343702554703,0.06756860017776489,0.025264836847782135
sentinel2,treatment_0009,P17,ascm,B8,0.2161097228527069,0.2960934042930603,-0.0799836814403534
sentinel2,treatment_0009,P17,ascm,B11,0.2668575346469879,0.16637428104877472,0.1004832535982132
sentinel2,treatment_0009,P17,ascm,B12,0.1707824468612671,0.09391280263662338,0.07686964422464371
sentinel2,treatment_0009,P17,ascm,NDVI,0.4007890522480011,0.6311233639717102,-0.2303343117237091
sentinel2,treatment_0009,P17,ascm,NDWI,-0.48120930790901184,-0.5807430744171143,0.09953376650810242
sentinel2,treatment_0009,P18,scm,B2,0.15589430928230286,0.06146462261676788,0.09442968666553497
sentinel2,treatment_0009,P18,scm,B3,0.14482887089252472,0.08121304214000702,0.0636158287525177
sentinel2,treatment_0009,P18,scm,B4,0.1415984183549881,0.06496349722146988,0.07663492113351822
sentinel2,treatment_0009,P18,scm,B8,0.2187061607837677,0.292878657579422,-0.0741724967956543
sentinel2,treatment_0009,P18,scm,B11,0.127288356423378,0.161111980676651,-0.03382362425327301
sentinel2,treatment_0009,P18,scm,B12,0.10145164281129837,0.09245307743549347,0.008998565375804901
sentinel2,treatment_0009,P18,scm,NDVI,0.2302560955286026,0.6383672952651978,-0.40811119973659515
sentinel2,treatment_0009,P18,scm,NDWI,-0.21943242847919464,-0.5664783120155334,0.3470458835363388
sentinel2,treatment_0009,P18,ascm,B2,0.15589430928230286,0.05856690928339958,0.09732739999890327
sentinel2,treatment_0009,P18,ascm,B3,0.14482887089252472,0.08012133091688156,0.06470753997564316
sentinel2,treatment_0009,P18,ascm,B4,0.1415984183549881,0.06112271919846535,0.08047569915652275
sentinel2,treatment_0009,P18,ascm,B8,0.2187061607837677,0.2879793643951416,-0.0692732036113739
sentinel2,treatment_0009,P18,ascm,B11,0.127288356423378,0.16296115517616272,-0.03567279875278473
sentinel2,treatment_0009,P18,ascm,B12,0.10145164281129837,0.08961775153875351,0.01183389127254486
sentinel2,treatment_0009,P18,ascm,NDVI,0.2302560955286026,0.6509566307067871,-0.4207005351781845
sentinel2,treatment_0009,P18,ascm,NDWI,-0.21943242847919464,-0.565044641494751,0.34561221301555634
sentinel2,treatment_0009,P19,scm,B2,0.11398618668317795,0.0544445663690567,0.059541620314121246
sentinel2,treatment_0009,P19,scm,B3,0.12015610188245773,0.07566651701927185,0.04448958486318588
sentinel2,treatment_0009,P19,scm,B4,0.13635224103927612,0.061374325305223465,0.07497791573405266
sentinel2,treatment_0009,P19,scm,B8,0.23000220954418182,0.2896789014339447,-0.05967669188976288
sentinel2,treatment_0009,P19,scm,B11,0.20332610607147217,0.1708841472864151,0.03244195878505707
sentinel2,treatment_0009,P19,scm,B12,0.15070314705371857,0.09914014488458633,0.05156300216913223
sentinel2,treatment_0009,P19,scm,NDVI,0.2756606638431549,0.6522440910339355,-0.37658342719078064
sentinel2,treatment_0009,P19,scm,NDWI,-0.3477844297885895,-0.5867553353309631,0.23897090554237366
sentinel2,treatment_0009,P19,ascm,B2,0.11398618668317795,0.06344271451234818,0.05054347217082977
sentinel2,treatment_0009,P19,ascm,B3,0.12015610188245773,0.0814332440495491,0.03872285783290863
sentinel2,treatment_0009,P19,ascm,B4,0.13635224103927612,0.07015446573495865,0.06619777530431747
sentinel2,treatment_0009,P19,ascm,B8,0.23000220954418182,0.29892095923423767,-0.06891874969005585
sentinel2,treatment_0009,P19,ascm,B11,0.20332610607147217,0.16574306786060333,0.037583038210868835
sentinel2,treatment_0009,P19,ascm,B12,0.15070314705371857,0.10036052763462067,0.0503426194190979
sentinel2,treatment_0009,P19,ascm,NDVI,0.2756606638431549,0.6216031312942505,-0.3459424674510956
sentinel2,treatment_0009,P19,ascm,NDWI,-0.3477844297885895,-0.572681188583374,0.22489675879478455
sentinel2,treatment_0009,P20,scm,B2,0.0611438974738121,0.058316707611083984,0.002827189862728119
sentinel2,treatment_0009,P20,scm,B3,0.07425689697265625,0.07902934402227402,-0.004772447049617767
sentinel2,treatment_0009,P20,scm,B4,0.09394793212413788,0.07343447208404541,0.020513460040092468
sentinel2,treatment_0009,P20,scm,B8,0.1996341496706009,0.2598819434642792,-0.060247793793678284
sentinel2,treatment_0009,P20,scm,B11,0.2923949360847473,0.20403103530406952,0.0883639007806778
sentinel2,treatment_0009,P20,scm,B12,0.19953683018684387,0.14867529273033142,0.05086153745651245
sentinel2,treatment_0009,P20,scm,NDVI,0.3652191460132599,0.5603991150856018,-0.19517996907234192
sentinel2,treatment_0009,P20,scm,NDWI,-0.46523013710975647,-0.533973753452301,0.06874361634254456
sentinel2,treatment_0009,P20,ascm,B2,0.0611438974738121,0.06784481555223465,-0.006700918078422546
sentinel2,treatment_0009,P20,ascm,B3,0.07425689697265625,0.0863720253109932,-0.012115128338336945
sentinel2,treatment_0009,P20,ascm,B4,0.09394793212413788,0.0780102089047432,0.015937723219394684
sentinel2,treatment_0009,P20,ascm,B8,0.1996341496706009,0.27279284596443176,-0.07315869629383087
sentinel2,treatment_0009,P20,ascm,B11,0.2923949360847473,0.19512702524662018,0.09726791083812714
sentinel2,treatment_0009,P20,ascm,B12,0.19953683018684387,0.14159439504146576,0.05794243514537811
sentinel2,treatment_0009,P20,ascm,NDVI,0.3652191460132599,0.5562344789505005,-0.1910153329372406
sentinel2,treatment_0009,P20,ascm,NDWI,-0.46523013710975647,-0.519355058670044,0.054124921560287476
sentinel2,treatment_0010,P11,scm,B2,0.0337924100458622,0.06958920508623123,-0.035796795040369034
sentinel2,treatment_0010,P11,scm,B3,0.05785734951496124,0.0927620679140091,-0.03490471839904785
sentinel2,treatment_0010,P11,scm,B4,0.04315207898616791,0.07669050991535187,-0.03353843092918396
sentinel2,treatment_0010,P11,scm,B8,0.3218514919281006,0.2933352291584015,0.028516262769699097
sentinel2,treatment_0010,P11,scm,B11,0.22250312566757202,0.1879456341266632,0.034557491540908813
sentinel2,treatment_0010,P11,scm,B12,0.11650273948907852,0.1182292252779007,-0.001726485788822174
sentinel2,treatment_0010,P11,scm,NDVI,0.7726532816886902,0.585830807685852,0.18682247400283813
sentinel2,treatment_0010,P11,scm,NDWI,-0.7062252759933472,-0.5194951891899109,-0.18673008680343628
sentinel2,treatment_0010,P11,ascm,B2,0.0337924100458622,0.06923182308673859,-0.03543941304087639
sentinel2,treatment_0010,P11,ascm,B3,0.05785734951496124,0.09331046044826508,-0.03545311093330383
sentinel2,treatment_0010,P11,ascm,B4,0.04315207898616791,0.07686151564121246,-0.033709436655044556
sentinel2,treatment_0010,P11,ascm,B8,0.3218514919281006,0.29797986149787903,0.023871630430221558
sentinel2,treatment_0010,P11,ascm,B11,0.22250312566757202,0.1915522813796997,0.030950844287872314
sentinel2,treatment_0010,P11,ascm,B12,0.11650273948907852,0.1168307289481163,-0.00032798945903778076
sentinel2,treatment_0010,P11,ascm,NDVI,0.7726532816886902,0.5903934836387634,0.18225979804992676
sentinel2,treatment_0010,P11,ascm,NDWI,-0.7062252759933472,-0.5231764912605286,-0.1830487847328186
sentinel2,treatment_0010,P12,scm,B2,0.025287844240665436,0.06227694824337959,-0.03698910400271416
sentinel2,treatment_0010,P12,scm,B3,0.05286576598882675,0.08575406670570374,-0.032888300716876984
sentinel2,treatment_0010,P12,scm,B4,0.04305562004446983,0.07013504207134247,-0.027079422026872635
sentinel2,treatment_0010,P12,scm,B8,0.3083153963088989,0.29449713230133057,0.01381826400756836
sentinel2,treatment_0010,P12,scm,B11,0.2197847217321396,0.19474667310714722,0.02503804862499237
sentinel2,treatment_0010,P12,scm,B12,0.1144506186246872,0.12014597654342651,-0.005695357918739319
sentinel2,treatment_0010,P12,scm,NDVI,0.7575321197509766,0.6160832643508911,0.14144885540008545
sentinel2,treatment_0010,P12,scm,NDWI,-0.7079001069068909,-0.5491881370544434,-0.1587119698524475
sentinel2,treatment_0010,P12,ascm,B2,0.025287844240665436,0.05611163750290871,-0.03082379326224327
sentinel2,treatment_0010,P12,ascm,B3,0.05286576598882675,0.08145580440759659,-0.028590038418769836
sentinel2,treatment_0010,P12,ascm,B4,0.04305562004446983,0.07148262113332748,-0.02842700108885765
sentinel2,treatment_0010,P12,ascm,B8,0.3083153963088989,0.2926996648311615,0.015615731477737427
sentinel2,treatment_0010,P12,ascm,B11,0.2197847217321396,0.18779915571212769,0.0319855660200119
sentinel2,treatment_0010,P12,ascm,B12,0.1144506186246872,0.1187388151884079,-0.004288196563720703
sentinel2,treatment_0010,P12,ascm,NDVI,0.7575321197509766,0.6087566018104553,0.14877551794052124
sentinel2,treatment_0010,P12,ascm,NDWI,-0.7079001069068909,-0.5650185942649841,-0.14288151264190674
sentinel2,treatment_0010,P13,scm,B2,,0.05106038600206375,
sentinel2,treatment_0010,P13,scm,B3,,0.06780841946601868,
sentinel2,treatment_0010,P13,scm,B4,,0.049742523580789566,
sentinel2,treatment_0010,P13,scm,B8,,0.28870850801467896,
sentinel2,treatment_0010,P13,scm,B11,,0.13916338980197906,
sentinel2,treatment_0010,P13,scm,B12,,0.075519859790802,
sentinel2,treatment_0010,P13,scm,NDVI,,0.7076706290245056,
sentinel2,treatment_0010,P13,scm,NDWI,,-0.620492696762085,
sentinel2,treatment_0010,P13,ascm,B2,,0.05680219829082489,
sentinel2,treatment_0010,P13,ascm,B3,,0.07225371152162552,
sentinel2,treatment_0010,P13,ascm,B4,,0.054215021431446075,
sentinel2,treatment_0010,P13,ascm,B8,,0.28995999693870544,
sentinel2,treatment_0010,P13,ascm,B11,,0.14514197409152985,
sentinel2,treatment_0010,P13,ascm,B12,,0.08025038987398148,
sentinel2,treatment_0010,P13,ascm,NDVI,,0.6861369609832764,
sentinel2,treatment_0010,P13,ascm,NDWI,,-0.60150545835495,
sentinel2,treatment_0010,P14,scm,B2,0.05638799071311951,0.05497399717569351,0.0014139935374259949
sentinel2,treatment_0010,P14,scm,B3,0.07283220440149307,0.07515598833560944,-0.0023237839341163635
sentinel2,treatment_0010,P14,scm,B4,0.076058529317379,0.0642925277352333,0.011766001582145691
sentinel2,treatment_0010,P14,scm,B8,0.2534085810184479,0.2903476357460022,-0.03693905472755432
sentinel2,treatment_0010,P14,scm,B11,0.25039857625961304,0.16655246913433075,0.08384610712528229
sentinel2,treatment_0010,P14,scm,B12,0.14848944544792175,0.09478101879358292,0.05370842665433884
sentinel2,treatment_0010,P14,scm,NDVI,0.5127149820327759,0.6389050483703613,-0.12619006633758545
sentinel2,treatment_0010,P14,scm,NDWI,-0.5368221998214722,-0.5893603563308716,0.052538156509399414
sentinel2,treatment_0010,P14,ascm,B2,0.05638799071311951,0.05066666379570961,0.005721326917409897
sentinel2,treatment_0010,P14,ascm,B3,0.07283220440149307,0.07269047200679779,0.00014173239469528198
sentinel2,treatment_0010,P14,ascm,B4,0.076058529317379,0.05931966006755829,0.01673886924982071
sentinel2,treatment_0010,P14,ascm,B8,0.2534085810184479,0.29127755761146545,-0.03786897659301758
sentinel2,treatment_0010,P14,ascm,B11,0.25039857625961304,0.1725863367319107,0.07781223952770233
sentinel2,treatment_0010,P14,ascm,B12,0.14848944544792175,0.09734991937875748,0.051139526069164276
sentinel2,treatment_0010,P14,ascm,NDVI,0.5127149820327759,0.6634736061096191,-0.15075862407684326
sentinel2,treatment_0010,P14,ascm,NDWI,-0.5368221998214722,-0.601413369178772,0.0645911693572998
sentinel2,treatment_0010,P15,scm,B2,,,
sentinel2,treatment_0010,P15,scm,B3,,,
sentinel2,treatment_0010,P15,scm,B4,,,
sentinel2,treatment_0010,P15,scm,B8,,,
sentinel2,treatment_0010,P15,scm,B11,,,
sentinel2,treatment_0010,P15,scm,B12,,,
sentinel2,treatment_0010,P15,scm,NDVI,,,
sentinel2,treatment_0010,P15,scm,NDWI,,,
sentinel2,treatment_0010,P15,ascm,B2,,,
sentinel2,treatment_0010,P15,ascm,B3,,,
sentinel2,treatment_0010,P15,ascm,B4,,,
sentinel2,treatment_0010,P15,ascm,B8,,,
sentinel2,treatment_0010,P15,ascm,B11,,,
sentinel2,treatment_0010,P15,ascm,B12,,,
sentinel2,treatment_0010,P15,ascm,NDVI,,,
sentinel2,treatment_0010,P15,ascm,NDWI,,,
sentinel2,treatment_0010,P16,scm,B2,0.05994615703821182,0.057197581976652145,0.002748575061559677
sentinel2,treatment_0010,P16,scm,B3,0.07107479870319366,0.07291726768016815,-0.0018424689769744873
sentinel2,treatment_0010,P16,scm,B4,0.07887042313814163,0.05758165940642357,0.021288763731718063
sentinel2,treatment_0010,P16,scm,B8,0.22249455749988556,0.2709817588329315,-0.04848720133304596
sentinel2,treatment_0010,P16,scm,B11,0.23762750625610352,0.1459820568561554,0.09164544939994812
sentinel2,treatment_0010,P16,scm,B12,0.17089171707630157,0.09084164351224899,0.08005007356405258
sentinel2,treatment_0010,P16,scm,NDVI,0.4656246602535248,0.6518222093582153,-0.18619754910469055
sentinel2,treatment_0010,P16,scm,NDWI,-0.5046676993370056,-0.5769083499908447,0.07224065065383911
sentinel2,treatment_0010,P16,ascm,B2,0.05994615703821182,0.05268530920147896,0.007260847836732864
sentinel2,treatment_0010,P16,ascm,B3,0.07107479870319366,0.07161072641611099,-0.0005359277129173279
sentinel2,treatment_0010,P16,ascm,B4,0.07887042313814163,0.0592348612844944,0.019635561853647232
sentinel2,treatment_0010,P16,ascm,B8,0.22249455749988556,0.26837870478630066,-0.0458841472864151
sentinel2,treatment_0010,P16,ascm,B11,0.23762750625610352,0.14943534135818481,0.0881921648979187
sentinel2,treatment_0010,P16,ascm,B12,0.17089171707630157,0.09242746978998184,0.07846424728631973
sentinel2,treatment_0010,P16,ascm,NDVI,0.4656246602535248,0.6407093405723572,-0.1750846803188324
sentinel2,treatment_0010,P16,ascm,NDWI,-0.5046676993370056,-0.5797524452209473,0.07508474588394165
sentinel2,treatment_0010,P17,scm,B2,0.07624989002943039,0.054373759776353836,0.021876130253076553
sentinel2,treatment_0010,P17,scm,B3,0.0949719250202179,0.07481871545314789,0.020153209567070007
sentinel2,treatment_0010,P17,scm,B4,0.10920904576778412,0.06063113361597061,0.04857791215181351
sentinel2,treatment_0010,P17,scm,B8,0.24476675689220428,0.29106831550598145,-0.04630155861377716
sentinel2,treatment_0010,P17,scm,B11,0.285739541053772,0.1587560772895813,0.12698346376419067
sentinel2,treatment_0010,P17,scm,B12,0.19103199243545532,0.09232679754495621,0.09870519489049911
sentinel2,treatment_0010,P17,scm,NDVI,0.38927125930786133,0.6566696166992188,-0.2673983573913574
sentinel2,treatment_0010,P17,scm,NDWI,-0.4553811848163605,-0.5916141271591187,0.13623294234275818
sentinel2,treatment_0010,P17,ascm,B2,0.07624989002943039,0.055967092514038086,0.020282797515392303
sentinel2,treatment_0010,P17,ascm,B3,0.0949719250202179,0.07605499774217606,0.01891692727804184
sentinel2,treatment_0010,P17,ascm,B4,0.10920904576778412,0.06023634597659111,0.04897269979119301
sentinel2,treatment_0010,P17,ascm,B8,0.24476675689220428,0.2892090082168579,-0.044442251324653625
sentinel2,treatment_0010,P17,ascm,B11,0.285739541053772,0.15408074855804443,0.13165879249572754
sentinel2,treatment_0010,P17,ascm,B12,0.19103199243545532,0.08742056787014008,0.10361142456531525
sentinel2,treatment_0010,P17,ascm,NDVI,0.38927125930786133,0.6565108895301819,-0.26723963022232056
sentinel2,treatment_0010,P17,ascm,NDWI,-0.4553811848163605,-0.5841227173805237,0.1287415325641632
sentinel2,treatment_0010,P18,scm,B2,0.17410102486610413,0.05096450075507164,0.12313652411103249
sentinel2,treatment_0010,P18,scm,B3,0.16387519240379333,0.07247720658779144,0.09139798581600189
sentinel2,treatment_0010,P18,scm,B4,0.15953665971755981,0.05330268666148186,0.10623397305607796
sentinel2,treatment_0010,P18,scm,B8,0.24982161819934845,0.28329136967658997,-0.033469751477241516
sentinel2,treatment_0010,P18,scm,B11,0.13568274676799774,0.14990872144699097,-0.014225974678993225
sentinel2,treatment_0010,P18,scm,B12,0.1037326529622078,0.08365247398614883,0.02008017897605896
sentinel2,treatment_0010,P18,scm,NDVI,0.24370215833187103,0.6852653622627258,-0.4415632039308548
sentinel2,treatment_0010,P18,scm,NDWI,-0.25608909130096436,-0.5933833122253418,0.33729422092437744
sentinel2,treatment_0010,P18,ascm,B2,0.17410102486610413,0.05551069974899292,0.1185903251171112
sentinel2,treatment_0010,P18,ascm,B3,0.16387519240379333,0.07341992855072021,0.09045526385307312
sentinel2,treatment_0010,P18,ascm,B4,0.15953665971755981,0.0550670325756073,0.10446962714195251
sentinel2,treatment_0010,P18,ascm,B8,0.24982161819934845,0.29182469844818115,-0.0420030802488327
sentinel2,treatment_0010,P18,ascm,B11,0.13568274676799774,0.15668028593063354,-0.020997539162635803
sentinel2,treatment_0010,P18,ascm,B12,0.1037326529622078,0.08641772717237473,0.01731492578983307
sentinel2,treatment_0010,P18,ascm,NDVI,0.24370215833187103,0.6836572885513306,-0.43995513021945953
sentinel2,treatment_0010,P18,ascm,NDWI,-0.25608909130096436,-0.5983585715293884,0.3422694802284241
sentinel2,treatment_0010,P19,scm,B2,0.10188809782266617,0.05332991108298302,0.04855818673968315
sentinel2,treatment_0010,P19,scm,B3,0.11501368880271912,0.07419666647911072,0.0408170223236084
sentinel2,treatment_0010,P19,scm,B4,0.1321442574262619,0.0657263994216919,0.06641785800457001
sentinel2,treatment_0010,P19,scm,B8,0.2501634359359741,0.281924843788147,-0.03176140785217285
sentinel2,treatment_0010,P19,scm,B11,0.223336324095726,0.16712595522403717,0.05621036887168884
sentinel2,treatment_0010,P19,scm,B12,0.1592518836259842,0.10240011662244797,0.056851767003536224
sentinel2,treatment_0010,P19,scm,NDVI,0.3229389786720276,0.6247429847717285,-0.3018040060997009
sentinel2,treatment_0010,P19,scm,NDWI,-0.3994242250919342,-0.5845262408256531,0.18510201573371887
sentinel2,treatment_0010,P19,ascm,B2,0.10188809782266617,0.0595661960542202,0.04232190176844597
sentinel2,treatment_0010,P19,ascm,B3,0.11501368880271912,0.07882773876190186,0.03618595004081726
sentinel2,treatment_0010,P19,ascm,B4,0.1321442574262619,0.06735853105783463,0.06478572636842728
sentinel2,treatment_0010,P19,ascm,B8,0.2501634359359741,0.29196101427078247,-0.04179757833480835
sentinel2,treatment_0010,P19,ascm,B11,0.223336324095726,0.16645820438861847,0.056878119707107544
sentinel2,treatment_0010,P19,ascm,B12,0.1592518836259842,0.10260054469108582,0.056651338934898376
sentinel2,treatment_0010,P19,ascm,NDVI,0.3229389786720276,0.6266278028488159,-0.30368882417678833
sentinel2,treatment_0010,P19,ascm,NDWI,-0.3994242250919342,-0.5754181742668152,0.17599394917488098
sentinel2,treatment_0010,P20,scm,B2,0.07082104682922363,0.06905394047498703,0.0017671063542366028
sentinel2,treatment_0010,P20,scm,B3,0.08913207799196243,0.08992321789264679,-0.0007911399006843567
sentinel2,treatment_0010,P20,scm,B4,0.10716088861227036,0.08779066801071167,0.019370220601558685
sentinel2,treatment_0010,P20,scm,B8,0.24404345452785492,0.2644065320491791,-0.020363077521324158
sentinel2,treatment_0010,P20,scm,B11,0.303669273853302,0.22823449969291687,0.07543477416038513
sentinel2,treatment_0010,P20,scm,B12,0.20231391489505768,0.1656872034072876,0.03662671148777008
sentinel2,treatment_0010,P20,scm,NDVI,0.39341649413108826,0.50368732213974,-0.11027082800865173
sentinel2,treatment_0010,P20,scm,NDWI,-0.4729604721069336,-0.4931256175041199,0.02016514539718628
sentinel2,treatment_0010,P20,ascm,B2,0.07082104682922363,0.06843162328004837,0.0023894235491752625
sentinel2,treatment_0010,P20,ascm,B3,0.08913207799196243,0.09096904844045639,-0.0018369704484939575
sentinel2,treatment_0010,P20,ascm,B4,0.10716088861227036,0.09291382879018784,0.01424705982208252
sentinel2,treatment_0010,P20,ascm,B8,0.24404345452785492,0.2607188820838928,-0.016675427556037903
sentinel2,treatment_0010,P20,ascm,B11,0.303669273853302,0.2299891859292984,0.0736800879240036
sentinel2,treatment_0010,P20,ascm,B12,0.20231391489505768,0.16815535724163055,0.034158557653427124
sentinel2,treatment_0010,P20,ascm,NDVI,0.39341649413108826,0.47693049907684326,-0.083514004945755
sentinel2,treatment_0010,P20,ascm,NDWI,-0.4729604721069336,-0.4835922122001648,0.010631740093231201
