label,estimator,treatment_site_id,period,period_index,is_post,gap_norm,gap_rmse,sensor,method,repr
genfill,fsc,treatment_0001,P01,1,False,0.5905153855658173,0.05905153855658173,sentinel1,covmat,quantile
genfill,fsc,treatment_0001,P02,2,False,0.6049022891104378,0.060490228911043775,sentinel1,covmat,quantile
genfill,fsc,treatment_0001,P03,3,False,0.579132593033147,0.05791325930331471,sentinel1,covmat,quantile
genfill,fsc,treatment_0001,P04,4,False,0.5720220954381404,0.05720220954381404,sentinel1,covmat,quantile
genfill,fsc,treatment_0001,P05,5,False,0.620424383761313,0.0620424383761313,sentinel1,covmat,quantile
genfill,fsc,treatment_0001,P06,6,False,0.49283768617154355,0.04928376861715436,sentinel1,covmat,quantile
genfill,fsc,treatment_0001,P07,7,False,0.5581375614109143,0.055813756141091436,sentinel1,covmat,quantile
genfill,fsc,treatment_0001,P08,8,False,0.6070223472813626,0.06070223472813626,sentinel1,covmat,quantile
genfill,fsc,treatment_0001,P09,9,False,0.5749469874457152,0.05749469874457152,sentinel1,covmat,quantile
genfill,fsc,treatment_0001,P10,10,False,0.6076453218379622,0.060764532183796224,sentinel1,covmat,quantile
genfill,fsc,treatment_0001,P11,11,True,0.6360201428706853,0.06360201428706853,sentinel1,covmat,quantile
genfill,fsc,treatment_0001,P12,12,True,0.6566170209986696,0.06566170209986696,sentinel1,covmat,quantile
genfill,fsc,treatment_0001,P13,13,True,0.6311638780692556,0.06311638780692556,sentinel1,covmat,quantile
genfill,fsc,treatment_0001,P14,14,True,0.5054560342348462,0.050545603423484624,sentinel1,covmat,quantile
genfill,fsc,treatment_0001,P16,15,True,0.6930304119096868,0.06930304119096868,sentinel1,covmat,quantile
genfill,fsc,treatment_0001,P17,16,True,0.735963247909966,0.0735963247909966,sentinel1,covmat,quantile
genfill,fsc,treatment_0001,P18,17,True,0.5666448988616049,0.05666448988616048,sentinel1,covmat,quantile
genfill,fsc,treatment_0001,P19,18,True,0.6000940644769398,0.06000940644769398,sentinel1,covmat,quantile
genfill,fsc,treatment_0001,P20,19,True,0.6872606127953347,0.06872606127953347,sentinel1,covmat,quantile
genfill,fsc,treatment_0002,P01,1,False,0.5156356094175036,0.05156356094175036,sentinel1,covmat,quantile
genfill,fsc,treatment_0002,P02,2,False,0.5941223376593278,0.05941223376593278,sentinel1,covmat,quantile
genfill,fsc,treatment_0002,P03,3,False,0.5782591744767083,0.05782591744767083,sentinel1,covmat,quantile
genfill,fsc,treatment_0002,P04,4,False,0.6221802052412818,0.06221802052412818,sentinel1,covmat,quantile
genfill,fsc,treatment_0002,P05,5,False,0.4599345417676894,0.045993454176768936,sentinel1,covmat,quantile
genfill,fsc,treatment_0002,P06,6,False,0.6020568495013698,0.06020568495013698,sentinel1,covmat,quantile
genfill,fsc,treatment_0002,P07,7,False,0.7201152660242156,0.07201152660242156,sentinel1,covmat,quantile
genfill,fsc,treatment_0002,P08,8,False,0.5180420146603982,0.05180420146603982,sentinel1,covmat,quantile
genfill,fsc,treatment_0002,P09,9,False,0.6000862820416963,0.060008628204169634,sentinel1,covmat,quantile
genfill,fsc,treatment_0002,P10,10,False,0.538229642563631,0.053822964256363105,sentinel1,covmat,quantile
genfill,fsc,treatment_0002,P11,11,True,0.5720825638697867,0.05720825638697866,sentinel1,covmat,quantile
genfill,fsc,treatment_0002,P12,12,True,0.6498735783434734,0.06498735783434734,sentinel1,covmat,quantile
genfill,fsc,treatment_0002,P13,13,True,0.7188274303374373,0.07188274303374372,sentinel1,covmat,quantile
genfill,fsc,treatment_0002,P14,14,True,0.6679070858316362,0.06679070858316362,sentinel1,covmat,quantile
genfill,fsc,treatment_0002,P16,15,True,0.6154524077976119,0.061545240779761194,sentinel1,covmat,quantile
genfill,fsc,treatment_0002,P17,16,True,0.7270628147847519,0.07270628147847519,sentinel1,covmat,quantile
genfill,fsc,treatment_0002,P18,17,True,0.7372871481940657,0.07372871481940657,sentinel1,covmat,quantile
genfill,fsc,treatment_0002,P19,18,True,0.6670581315477873,0.06670581315477872,sentinel1,covmat,quantile
genfill,fsc,treatment_0002,P20,19,True,0.818634220889141,0.0818634220889141,sentinel1,covmat,quantile
genfill,fsc,treatment_0003,P01,1,False,0.47560755457920745,0.04756075545792074,sentinel1,covmat,quantile
genfill,fsc,treatment_0003,P02,2,False,0.3964202115538264,0.03964202115538264,sentinel1,covmat,quantile
genfill,fsc,treatment_0003,P03,3,False,0.4561622449762456,0.04561622449762456,sentinel1,covmat,quantile
genfill,fsc,treatment_0003,P04,4,False,0.49708293133862835,0.04970829313386283,sentinel1,covmat,quantile
genfill,fsc,treatment_0003,P05,5,False,0.5132696310766471,0.05132696310766472,sentinel1,covmat,quantile
genfill,fsc,treatment_0003,P06,6,False,0.5002265297965337,0.05002265297965337,sentinel1,covmat,quantile
genfill,fsc,treatment_0003,P07,7,False,0.44045564001119386,0.044045564001119385,sentinel1,covmat,quantile
genfill,fsc,treatment_0003,P08,8,False,0.5281247312184275,0.05281247312184275,sentinel1,covmat,quantile
genfill,fsc,treatment_0003,P09,9,False,0.5294656327565456,0.05294656327565456,sentinel1,covmat,quantile
genfill,fsc,treatment_0003,P10,10,False,0.47834884786920223,0.047834884786920225,sentinel1,covmat,quantile
genfill,fsc,treatment_0003,P11,11,True,0.41640131386026835,0.04164013138602683,sentinel1,covmat,quantile
genfill,fsc,treatment_0003,P12,12,True,0.5534940222784184,0.05534940222784184,sentinel1,covmat,quantile
genfill,fsc,treatment_0003,P13,13,True,0.46772958885403015,0.04677295888540302,sentinel1,covmat,quantile
genfill,fsc,treatment_0003,P14,14,True,0.45508487792786173,0.04550848779278618,sentinel1,covmat,quantile
genfill,fsc,treatment_0003,P16,15,True,0.48152090800297975,0.048152090800297975,sentinel1,covmat,quantile
genfill,fsc,treatment_0003,P17,16,True,0.40494838180609505,0.040494838180609505,sentinel1,covmat,quantile
genfill,fsc,treatment_0003,P18,17,True,0.44712914478521576,0.044712914478521576,sentinel1,covmat,quantile
genfill,fsc,treatment_0003,P19,18,True,0.5524207708739814,0.05524207708739815,sentinel1,covmat,quantile
genfill,fsc,treatment_0003,P20,19,True,0.5329917215035425,0.05329917215035425,sentinel1,covmat,quantile
genfill,fsc,treatment_0004,P01,1,False,0.5338916353247224,0.053389163532472236,sentinel1,covmat,quantile
genfill,fsc,treatment_0004,P02,2,False,0.5966536755483103,0.05966536755483103,sentinel1,covmat,quantile
genfill,fsc,treatment_0004,P03,3,False,0.5824321509649746,0.05824321509649746,sentinel1,covmat,quantile
genfill,fsc,treatment_0004,P04,4,False,0.6215578478581094,0.06215578478581094,sentinel1,covmat,quantile
genfill,fsc,treatment_0004,P05,5,False,0.6336106372615428,0.06336106372615427,sentinel1,covmat,quantile
genfill,fsc,treatment_0004,P06,6,False,0.4678561929700762,0.04678561929700762,sentinel1,covmat,quantile
genfill,fsc,treatment_0004,P07,7,False,0.450857262514803,0.0450857262514803,sentinel1,covmat,quantile
genfill,fsc,treatment_0004,P08,8,False,0.552118730626912,0.0552118730626912,sentinel1,covmat,quantile
genfill,fsc,treatment_0004,P09,9,False,0.47915268068289013,0.04791526806828901,sentinel1,covmat,quantile
genfill,fsc,treatment_0004,P10,10,False,0.6442830078166855,0.06442830078166854,sentinel1,covmat,quantile
genfill,fsc,treatment_0004,P11,11,True,0.6472107405159883,0.06472107405159883,sentinel1,covmat,quantile
genfill,fsc,treatment_0004,P12,12,True,0.5671383431068695,0.056713834310686946,sentinel1,covmat,quantile
genfill,fsc,treatment_0004,P13,13,True,0.5300400247854674,0.053004002478546745,sentinel1,covmat,quantile
genfill,fsc,treatment_0004,P14,14,True,0.5501024080336427,0.05501024080336428,sentinel1,covmat,quantile
genfill,fsc,treatment_0004,P16,15,True,0.5573490571380897,0.055734905713808965,sentinel1,covmat,quantile
genfill,fsc,treatment_0004,P17,16,True,0.6352992236120049,0.06352992236120049,sentinel1,covmat,quantile
genfill,fsc,treatment_0004,P18,17,True,0.5615772369141614,0.05615772369141613,sentinel1,covmat,quantile
genfill,fsc,treatment_0004,P19,18,True,0.5487744283814783,0.05487744283814783,sentinel1,covmat,quantile
genfill,fsc,treatment_0004,P20,19,True,0.7059504974853902,0.07059504974853902,sentinel1,covmat,quantile
genfill,fsc,treatment_0005,P01,1,False,0.6441490236191438,0.06441490236191438,sentinel1,covmat,quantile
genfill,fsc,treatment_0005,P02,2,False,0.4803172608141035,0.04803172608141034,sentinel1,covmat,quantile
genfill,fsc,treatment_0005,P03,3,False,0.5111135756146014,0.05111135756146013,sentinel1,covmat,quantile
genfill,fsc,treatment_0005,P04,4,False,0.5860465493311225,0.05860465493311226,sentinel1,covmat,quantile
genfill,fsc,treatment_0005,P05,5,False,0.5299637123586366,0.052996371235863655,sentinel1,covmat,quantile
genfill,fsc,treatment_0005,P06,6,False,0.6323461052119945,0.06323461052119946,sentinel1,covmat,quantile
genfill,fsc,treatment_0005,P07,7,False,0.5236360613455111,0.05236360613455111,sentinel1,covmat,quantile
genfill,fsc,treatment_0005,P08,8,False,0.49703561847068634,0.04970356184706864,sentinel1,covmat,quantile
genfill,fsc,treatment_0005,P09,9,False,0.5272997959237902,0.05272997959237901,sentinel1,covmat,quantile
genfill,fsc,treatment_0005,P10,10,False,0.5531653788674814,0.05531653788674814,sentinel1,covmat,quantile
genfill,fsc,treatment_0005,P11,11,True,0.5486502206886847,0.05486502206886847,sentinel1,covmat,quantile
genfill,fsc,treatment_0005,P12,12,True,0.49430066748702606,0.0494300667487026,sentinel1,covmat,quantile
genfill,fsc,treatment_0005,P13,13,True,0.5453167298453528,0.05453167298453529,sentinel1,covmat,quantile
genfill,fsc,treatment_0005,P14,14,True,0.493877733317277,0.049387773331727704,sentinel1,covmat,quantile
genfill,fsc,treatment_0005,P16,15,True,0.5651343520499852,0.05651343520499852,sentinel1,covmat,quantile
genfill,fsc,treatment_0005,P17,16,True,0.5436516266079172,0.054365162660791715,sentinel1,covmat,quantile
genfill,fsc,treatment_0005,P18,17,True,0.5437720418230654,0.05437720418230654,sentinel1,covmat,quantile
genfill,fsc,treatment_0005,P19,18,True,0.6734890453616175,0.06734890453616174,sentinel1,covmat,quantile
genfill,fsc,treatment_0005,P20,19,True,0.638132081916964,0.0638132081916964,sentinel1,covmat,quantile
genfill,fsc,treatment_0006,P01,1,False,0.5533197645199404,0.055331976451994044,sentinel1,covmat,quantile
genfill,fsc,treatment_0006,P02,2,False,0.481995421023896,0.048199542102389595,sentinel1,covmat,quantile
genfill,fsc,treatment_0006,P03,3,False,0.6022696620766539,0.06022696620766539,sentinel1,covmat,quantile
genfill,fsc,treatment_0006,P04,4,False,0.5430425117856867,0.05430425117856868,sentinel1,covmat,quantile
genfill,fsc,treatment_0006,P05,5,False,0.6503046281364102,0.06503046281364103,sentinel1,covmat,quantile
genfill,fsc,treatment_0006,P06,6,False,0.5517292242255308,0.05517292242255308,sentinel1,covmat,quantile
genfill,fsc,treatment_0006,P07,7,False,0.5517102280008247,0.05517102280008247,sentinel1,covmat,quantile
genfill,fsc,treatment_0006,P08,8,False,0.4276791538738765,0.04276791538738765,sentinel1,covmat,quantile
genfill,fsc,treatment_0006,P09,9,False,0.5356338810788961,0.053563388107889603,sentinel1,covmat,quantile
genfill,fsc,treatment_0006,P10,10,False,0.6600275324302112,0.06600275324302111,sentinel1,covmat,quantile
genfill,fsc,treatment_0006,P11,11,True,0.6300668111469797,0.06300668111469798,sentinel1,covmat,quantile
genfill,fsc,treatment_0006,P12,12,True,0.9205851840367932,0.09205851840367932,sentinel1,covmat,quantile
genfill,fsc,treatment_0006,P13,13,True,0.5255729285809488,0.052557292858094885,sentinel1,covmat,quantile
genfill,fsc,treatment_0006,P14,14,True,0.6218038723193016,0.06218038723193015,sentinel1,covmat,quantile
genfill,fsc,treatment_0006,P16,15,True,0.6413913478412848,0.06413913478412847,sentinel1,covmat,quantile
genfill,fsc,treatment_0006,P17,16,True,0.6939939941485804,0.06939939941485805,sentinel1,covmat,quantile
genfill,fsc,treatment_0006,P18,17,True,0.5818732971869175,0.05818732971869174,sentinel1,covmat,quantile
genfill,fsc,treatment_0006,P19,18,True,0.6373992145394937,0.06373992145394936,sentinel1,covmat,quantile
genfill,fsc,treatment_0006,P20,19,True,0.5103999744657134,0.051039997446571346,sentinel1,covmat,quantile
genfill,fsc,treatment_0007,P01,1,False,0.6589395683729369,0.06589395683729368,sentinel1,covmat,quantile
genfill,fsc,treatment_0007,P02,2,False,0.6344518049319839,0.06344518049319839,sentinel1,covmat,quantile
genfill,fsc,treatment_0007,P03,3,False,0.8517531045874015,0.08517531045874016,sentinel1,covmat,quantile
genfill,fsc,treatment_0007,P04,4,False,0.6755272835983918,0.06755272835983918,sentinel1,covmat,quantile
genfill,fsc,treatment_0007,P05,5,False,0.6305534640420006,0.06305534640420006,sentinel1,covmat,quantile
genfill,fsc,treatment_0007,P06,6,False,0.8360823306353843,0.08360823306353843,sentinel1,covmat,quantile
genfill,fsc,treatment_0007,P07,7,False,0.5514873868300219,0.055148738683002185,sentinel1,covmat,quantile
genfill,fsc,treatment_0007,P08,8,False,0.5885606583686691,0.05885606583686692,sentinel1,covmat,quantile
genfill,fsc,treatment_0007,P09,9,False,0.6983433388225948,0.06983433388225949,sentinel1,covmat,quantile
genfill,fsc,treatment_0007,P10,10,False,0.6865760361774693,0.06865760361774692,sentinel1,covmat,quantile
genfill,fsc,treatment_0007,P11,11,True,0.6800051038676872,0.06800051038676871,sentinel1,covmat,quantile
genfill,fsc,treatment_0007,P12,12,True,0.502345785387234,0.0502345785387234,sentinel1,covmat,quantile
genfill,fsc,treatment_0007,P13,13,True,0.7489790993754488,0.07489790993754487,sentinel1,covmat,quantile
genfill,fsc,treatment_0007,P14,14,True,0.6190432856795046,0.06190432856795046,sentinel1,covmat,quantile
genfill,fsc,treatment_0007,P16,15,True,0.6933785543050449,0.0693378554305045,sentinel1,covmat,quantile
genfill,fsc,treatment_0007,P17,16,True,0.7164904751879689,0.07164904751879689,sentinel1,covmat,quantile
genfill,fsc,treatment_0007,P18,17,True,0.6953710736790935,0.06953710736790934,sentinel1,covmat,quantile
genfill,fsc,treatment_0007,P19,18,True,0.8005214988377696,0.08005214988377696,sentinel1,covmat,quantile
genfill,fsc,treatment_0007,P20,19,True,0.782844442992032,0.0782844442992032,sentinel1,covmat,quantile
genfill,fsc,treatment_0008,P01,1,False,0.6883129908109354,0.06883129908109355,sentinel1,covmat,quantile
genfill,fsc,treatment_0008,P02,2,False,0.5637239672605824,0.05637239672605824,sentinel1,covmat,quantile
genfill,fsc,treatment_0008,P03,3,False,0.5920279424425552,0.059202794244255515,sentinel1,covmat,quantile
genfill,fsc,treatment_0008,P04,4,False,0.5415818328468409,0.05415818328468408,sentinel1,covmat,quantile
genfill,fsc,treatment_0008,P05,5,False,0.44203787153930424,0.044203787153930425,sentinel1,covmat,quantile
genfill,fsc,treatment_0008,P06,6,False,0.6136865536068039,0.061368655360680396,sentinel1,covmat,quantile
genfill,fsc,treatment_0008,P07,7,False,0.5928286202865689,0.05928286202865689,sentinel1,covmat,quantile
genfill,fsc,treatment_0008,P08,8,False,0.5246577770914184,0.052465777709141834,sentinel1,covmat,quantile
genfill,fsc,treatment_0008,P09,9,False,0.576012619337778,0.05760126193377781,sentinel1,covmat,quantile
genfill,fsc,treatment_0008,P10,10,False,0.585080489242285,0.0585080489242285,sentinel1,covmat,quantile
genfill,fsc,treatment_0008,P11,11,True,0.5874488670959175,0.05874488670959174,sentinel1,covmat,quantile
genfill,fsc,treatment_0008,P12,12,True,0.5446623062713343,0.05446623062713343,sentinel1,covmat,quantile
genfill,fsc,treatment_0008,P13,13,True,0.502319696982179,0.0502319696982179,sentinel1,covmat,quantile
genfill,fsc,treatment_0008,P14,14,True,0.6041261229744497,0.06041261229744497,sentinel1,covmat,quantile
genfill,fsc,treatment_0008,P16,15,True,0.45091021553211463,0.045091021553211465,sentinel1,covmat,quantile
genfill,fsc,treatment_0008,P17,16,True,0.4613719725466056,0.04613719725466056,sentinel1,covmat,quantile
genfill,fsc,treatment_0008,P18,17,True,0.600667567991697,0.06006675679916969,sentinel1,covmat,quantile
genfill,fsc,treatment_0008,P19,18,True,0.49391234447381116,0.04939123444738112,sentinel1,covmat,quantile
genfill,fsc,treatment_0008,P20,19,True,0.5268827093050159,0.052688270930501595,sentinel1,covmat,quantile
genfill,fsc,treatment_0009,P01,1,False,0.5055258645155947,0.050552586451559474,sentinel1,covmat,quantile
genfill,fsc,treatment_0009,P02,2,False,0.5981848939168747,0.05981848939168747,sentinel1,covmat,quantile
genfill,fsc,treatment_0009,P03,3,False,0.61762675755881,0.061762675755881014,sentinel1,covmat,quantile
genfill,fsc,treatment_0009,P04,4,False,0.5499623722422252,0.05499623722422252,sentinel1,covmat,quantile
genfill,fsc,treatment_0009,P05,5,False,0.5674052424166368,0.056740524241663676,sentinel1,covmat,quantile
genfill,fsc,treatment_0009,P06,6,False,0.47641813979171316,0.04764181397917132,sentinel1,covmat,quantile
genfill,fsc,treatment_0009,P07,7,False,0.49853075650895023,0.049853075650895015,sentinel1,covmat,quantile
genfill,fsc,treatment_0009,P08,8,False,0.5934427719391794,0.05934427719391794,sentinel1,covmat,quantile
genfill,fsc,treatment_0009,P09,9,False,0.42036201676874774,0.042036201676874774,sentinel1,covmat,quantile
genfill,fsc,treatment_0009,P10,10,False,0.5244182523775922,0.05244182523775922,sentinel1,covmat,quantile
genfill,fsc,treatment_0009,P11,11,True,0.4767877904654736,0.04767877904654736,sentinel1,covmat,quantile
genfill,fsc,treatment_0009,P12,12,True,0.5948302473509556,0.059483024735095556,sentinel1,covmat,quantile
genfill,fsc,treatment_0009,P13,13,True,0.4857935735607905,0.04857935735607905,sentinel1,covmat,quantile
genfill,fsc,treatment_0009,P14,14,True,0.4269379003633287,0.04269379003633287,sentinel1,covmat,quantile
genfill,fsc,treatment_0009,P16,15,True,0.5691020893707937,0.056910208937079376,sentinel1,covmat,quantile
genfill,fsc,treatment_0009,P17,16,True,0.509052922728745,0.0509052922728745,sentinel1,covmat,quantile
genfill,fsc,treatment_0009,P18,17,True,0.4969250699160107,0.04969250699160107,sentinel1,covmat,quantile
genfill,fsc,treatment_0009,P19,18,True,0.46186564906863714,0.04618656490686371,sentinel1,covmat,quantile
genfill,fsc,treatment_0009,P20,19,True,0.483052859311294,0.0483052859311294,sentinel1,covmat,quantile
genfill,fsc,treatment_0010,P01,1,False,0.536045159371837,0.05360451593718371,sentinel1,covmat,quantile
genfill,fsc,treatment_0010,P02,2,False,0.4847905116925996,0.04847905116925996,sentinel1,covmat,quantile
genfill,fsc,treatment_0010,P03,3,False,0.379347031848108,0.0379347031848108,sentinel1,covmat,quantile
genfill,fsc,treatment_0010,P04,4,False,0.4788657362138134,0.04788657362138134,sentinel1,covmat,quantile
genfill,fsc,treatment_0010,P05,5,False,0.6207123473272534,0.062071234732725335,sentinel1,covmat,quantile
genfill,fsc,treatment_0010,P06,6,False,0.5598126693059844,0.055981266930598426,sentinel1,covmat,quantile
genfill,fsc,treatment_0010,P07,7,False,0.4945054541120132,0.049450545411201315,sentinel1,covmat,quantile
genfill,fsc,treatment_0010,P08,8,False,0.5477002543565834,0.054770025435658336,sentinel1,covmat,quantile
genfill,fsc,treatment_0010,P09,9,False,0.4496611707898138,0.04496611707898138,sentinel1,covmat,quantile
genfill,fsc,treatment_0010,P10,10,False,0.49525543366985175,0.04952554336698518,sentinel1,covmat,quantile
genfill,fsc,treatment_0010,P11,11,True,0.4573996221840029,0.045739962218400286,sentinel1,covmat,quantile
genfill,fsc,treatment_0010,P12,12,True,0.4956326642235504,0.04956326642235504,sentinel1,covmat,quantile
genfill,fsc,treatment_0010,P13,13,True,0.5490793121021377,0.05490793121021377,sentinel1,covmat,quantile
genfill,fsc,treatment_0010,P14,14,True,0.5694547548138525,0.05694547548138526,sentinel1,covmat,quantile
genfill,fsc,treatment_0010,P16,15,True,0.4685227861267211,0.04685227861267211,sentinel1,covmat,quantile
genfill,fsc,treatment_0010,P17,16,True,0.5918229601104996,0.05918229601104996,sentinel1,covmat,quantile
genfill,fsc,treatment_0010,P18,17,True,0.5581870632245645,0.055818706322456446,sentinel1,covmat,quantile
genfill,fsc,treatment_0010,P19,18,True,0.4404464728691871,0.04404464728691871,sentinel1,covmat,quantile
genfill,fsc,treatment_0010,P20,19,True,0.5046204953565884,0.050462049535658846,sentinel1,covmat,quantile
genfill,fsc,treatment_0001,P01,1,False,0.05613871264319245,0.02510599552790104,sentinel1,covmat,chip_mean
genfill,fsc,treatment_0001,P02,2,False,0.040329197603112106,0.01803576546371605,sentinel1,covmat,chip_mean
genfill,fsc,treatment_0001,P03,3,False,0.053908477008557894,0.024108603830923992,sentinel1,covmat,chip_mean
genfill,fsc,treatment_0001,P04,4,False,0.036252614937089485,0.016212662272291272,sentinel1,covmat,chip_mean
genfill,fsc,treatment_0001,P05,5,False,0.031418859643762,0.014050941187795332,sentinel1,covmat,chip_mean
genfill,fsc,treatment_0001,P06,6,False,0.03526478383740874,0.015770890774456366,sentinel1,covmat,chip_mean
genfill,fsc,treatment_0001,P07,7,False,0.024997213158304166,0.011179093574004064,sentinel1,covmat,chip_mean
genfill,fsc,treatment_0001,P08,8,False,0.04533859673017135,0.020276036858622563,sentinel1,covmat,chip_mean
genfill,fsc,treatment_0001,P09,9,False,0.05236922910975505,0.02342023124373462,sentinel1,covmat,chip_mean
genfill,fsc,treatment_0001,P10,10,False,0.059799890989948846,0.026743324260120563,sentinel1,covmat,chip_mean
genfill,fsc,treatment_0001,P11,11,True,0.048727993889293116,0.021791821348730752,sentinel1,covmat,chip_mean
genfill,fsc,treatment_0001,P12,12,True,0.04707198780369142,0.02105123291301901,sentinel1,covmat,chip_mean
genfill,fsc,treatment_0001,P13,13,True,0.07303774026977686,0.03266347043323897,sentinel1,covmat,chip_mean
genfill,fsc,treatment_0001,P14,14,True,0.035951708439022984,0.016078092795381648,sentinel1,covmat,chip_mean
genfill,fsc,treatment_0001,P16,15,True,0.07036715145717805,0.031469146808254696,sentinel1,covmat,chip_mean
genfill,fsc,treatment_0001,P17,16,True,0.08344331849713119,0.03731698648555019,sentinel1,covmat,chip_mean
genfill,fsc,treatment_0001,P18,17,True,0.057245949179775144,0.02560116676049511,sentinel1,covmat,chip_mean
genfill,fsc,treatment_0001,P19,18,True,0.05646493311490304,0.02525188575798043,sentinel1,covmat,chip_mean
genfill,fsc,treatment_0001,P20,19,True,0.06508186757454407,0.02910549599986398,sentinel1,covmat,chip_mean
genfill,fsc,treatment_0002,P01,1,False,0.037216438452575266,0.016643697252079075,sentinel1,covmat,chip_mean
genfill,fsc,treatment_0002,P02,2,False,0.03794368231683092,0.01696893059541813,sentinel1,covmat,chip_mean
genfill,fsc,treatment_0002,P03,3,False,0.03624235567695767,0.016208074191680553,sentinel1,covmat,chip_mean
genfill,fsc,treatment_0002,P04,4,False,0.06368364687998104,0.028480192695746,sentinel1,covmat,chip_mean
genfill,fsc,treatment_0002,P05,5,False,0.023465825615395283,0.010494236244835937,sentinel1,covmat,chip_mean
genfill,fsc,treatment_0002,P06,6,False,0.042959083163978035,0.019211886041144325,sentinel1,covmat,chip_mean
genfill,fsc,treatment_0002,P07,7,False,0.057573332269949484,0.025747576929357866,sentinel1,covmat,chip_mean
genfill,fsc,treatment_0002,P08,8,False,0.027671500112869053,0.01237507105835366,sentinel1,covmat,chip_mean
genfill,fsc,treatment_0002,P09,9,False,0.04398159943477186,0.019669169219063243,sentinel1,covmat,chip_mean
genfill,fsc,treatment_0002,P10,10,False,0.043038940983512006,0.0192475995437469,sentinel1,covmat,chip_mean
genfill,fsc,treatment_0002,P11,11,True,0.047448236782245815,0.021219496571521505,sentinel1,covmat,chip_mean
genfill,fsc,treatment_0002,P12,12,True,0.06322757541714843,0.028276231337047708,sentinel1,covmat,chip_mean
genfill,fsc,treatment_0002,P13,13,True,0.09609593202574658,0.042975407274153686,sentinel1,covmat,chip_mean
genfill,fsc,treatment_0002,P14,14,True,0.06593613337480546,0.029487535279911527,sentinel1,covmat,chip_mean
genfill,fsc,treatment_0002,P16,15,True,0.06265514231982673,0.02802023147341129,sentinel1,covmat,chip_mean
genfill,fsc,treatment_0002,P17,16,True,0.09426002288112073,0.042154363744574305,sentinel1,covmat,chip_mean
genfill,fsc,treatment_0002,P18,17,True,0.06308517962086725,0.02821255000100872,sentinel1,covmat,chip_mean
genfill,fsc,treatment_0002,P19,18,True,0.07067515799367677,0.031606891518879784,sentinel1,covmat,chip_mean
genfill,fsc,treatment_0002,P20,19,True,0.09157039819834119,0.04095152701964303,sentinel1,covmat,chip_mean
genfill,fsc,treatment_0003,P01,1,False,0.033365863344432756,0.014921667713224023,sentinel1,covmat,chip_mean
genfill,fsc,treatment_0003,P02,2,False,0.019827843308772998,0.008867281097126156,sentinel1,covmat,chip_mean
genfill,fsc,treatment_0003,P03,3,False,0.023136746234062092,0.010347067471505019,sentinel1,covmat,chip_mean
genfill,fsc,treatment_0003,P04,4,False,0.018009140352177266,0.008053932408760574,sentinel1,covmat,chip_mean
genfill,fsc,treatment_0003,P05,5,False,0.02625780194689558,0.011742846018596969,sentinel1,covmat,chip_mean
genfill,fsc,treatment_0003,P06,6,False,0.02358163152833484,0.010546026223541793,sentinel1,covmat,chip_mean
genfill,fsc,treatment_0003,P07,7,False,0.026293890670932525,0.011758985386630536,sentinel1,covmat,chip_mean
genfill,fsc,treatment_0003,P08,8,False,0.017862029499956668,0.007988142435601937,sentinel1,covmat,chip_mean
genfill,fsc,treatment_0003,P09,9,False,0.040550940581897184,0.018134931938535395,sentinel1,covmat,chip_mean
genfill,fsc,treatment_0003,P10,10,False,0.015758724054438296,0.007047515644877024,sentinel1,covmat,chip_mean
genfill,fsc,treatment_0003,P11,11,True,0.024833552019728065,0.01110590208777783,sentinel1,covmat,chip_mean
genfill,fsc,treatment_0003,P12,12,True,0.02154776926161212,0.009636455366489029,sentinel1,covmat,chip_mean
genfill,fsc,treatment_0003,P13,13,True,0.016416560871698817,0.007341709213176351,sentinel1,covmat,chip_mean
genfill,fsc,treatment_0003,P14,14,True,0.02677111174432101,0.011972405138708949,sentinel1,covmat,chip_mean
genfill,fsc,treatment_0003,P16,15,True,0.008460666804561555,0.0037837252219951128,sentinel1,covmat,chip_mean
genfill,fsc,treatment_0003,P17,16,True,0.03441492019320432,0.015390820198447014,sentinel1,covmat,chip_mean
genfill,fsc,treatment_0003,P18,17,True,0.03244897362860542,0.014511622166731946,sentinel1,covmat,chip_mean
genfill,fsc,treatment_0003,P19,18,True,0.018631260702291715,0.008332153087368949,sentinel1,covmat,chip_mean
genfill,fsc,treatment_0003,P20,19,True,0.05822877772307727,0.026040701047105243,sentinel1,covmat,chip_mean
genfill,fsc,treatment_0004,P01,1,False,0.0375739755508574,0.01680359270332645,sentinel1,covmat,chip_mean
genfill,fsc,treatment_0004,P02,2,False,0.04096526537184627,0.018320223617553293,sentinel1,covmat,chip_mean
genfill,fsc,treatment_0004,P03,3,False,0.020561342931348484,0.009195312100636,sentinel1,covmat,chip_mean
genfill,fsc,treatment_0004,P04,4,False,0.023044147408135977,0.010305656017623527,sentinel1,covmat,chip_mean
genfill,fsc,treatment_0004,P05,5,False,0.04737790581600277,0.02118804360723297,sentinel1,covmat,chip_mean
genfill,fsc,treatment_0004,P06,6,False,0.018353745651310843,0.00820804458361444,sentinel1,covmat,chip_mean
genfill,fsc,treatment_0004,P07,7,False,0.02293082390227403,0.010254976205112344,sentinel1,covmat,chip_mean
genfill,fsc,treatment_0004,P08,8,False,0.036580309623318256,0.01635921179114587,sentinel1,covmat,chip_mean
genfill,fsc,treatment_0004,P09,9,False,0.021229026354344815,0.009493909204889909,sentinel1,covmat,chip_mean
genfill,fsc,treatment_0004,P10,10,False,0.05873679786597715,0.0262678945617979,sentinel1,covmat,chip_mean
genfill,fsc,treatment_0004,P11,11,True,0.038963699159964865,0.017425095995306575,sentinel1,covmat,chip_mean
genfill,fsc,treatment_0004,P12,12,True,0.03902240146176775,0.01745134846275997,sentinel1,covmat,chip_mean
genfill,fsc,treatment_0004,P13,13,True,0.04542528721261435,0.020314806020971524,sentinel1,covmat,chip_mean
genfill,fsc,treatment_0004,P14,14,True,0.0554946819108179,0.024817976228463347,sentinel1,covmat,chip_mean
genfill,fsc,treatment_0004,P16,15,True,0.030749629420181186,0.013751652333290515,sentinel1,covmat,chip_mean
genfill,fsc,treatment_0004,P17,16,True,0.02756661524162246,0.012328165117969922,sentinel1,covmat,chip_mean
genfill,fsc,treatment_0004,P18,17,True,0.032341416930798596,0.014463521349185656,sentinel1,covmat,chip_mean
genfill,fsc,treatment_0004,P19,18,True,0.04339817469493795,0.019408253743458493,sentinel1,covmat,chip_mean
genfill,fsc,treatment_0004,P20,19,True,0.04614962203712858,0.020638738402188366,sentinel1,covmat,chip_mean
genfill,fsc,treatment_0005,P01,1,False,0.05758065334488728,0.025750851013603717,sentinel1,covmat,chip_mean
genfill,fsc,treatment_0005,P02,2,False,0.035037641638826555,0.015669309695138665,sentinel1,covmat,chip_mean
genfill,fsc,treatment_0005,P03,3,False,0.027684624503294543,0.012380940464184588,sentinel1,covmat,chip_mean
genfill,fsc,treatment_0005,P04,4,False,0.01988283358584489,0.008891873496653014,sentinel1,covmat,chip_mean
genfill,fsc,treatment_0005,P05,5,False,0.020220608704076146,0.009042931121747639,sentinel1,covmat,chip_mean
genfill,fsc,treatment_0005,P06,6,False,0.032973481981832836,0.014746189433248543,sentinel1,covmat,chip_mean
genfill,fsc,treatment_0005,P07,7,False,0.017711022818946473,0.007920610194842853,sentinel1,covmat,chip_mean
genfill,fsc,treatment_0005,P08,8,False,0.016750038399086304,0.0074908448972177445,sentinel1,covmat,chip_mean
genfill,fsc,treatment_0005,P09,9,False,0.03160736934008287,0.014135245286873592,sentinel1,covmat,chip_mean
genfill,fsc,treatment_0005,P10,10,False,0.0381208251462795,0.017048151277092864,sentinel1,covmat,chip_mean
genfill,fsc,treatment_0005,P11,11,True,0.0196771984701944,0.00879991067722191,sentinel1,covmat,chip_mean
genfill,fsc,treatment_0005,P12,12,True,0.02283808023645595,0.010213499976861993,sentinel1,covmat,chip_mean
genfill,fsc,treatment_0005,P13,13,True,0.017876284467231142,0.007994517450770488,sentinel1,covmat,chip_mean
genfill,fsc,treatment_0005,P14,14,True,0.021652447891352233,0.009683269072867115,sentinel1,covmat,chip_mean
genfill,fsc,treatment_0005,P16,15,True,0.03944917909662711,0.017642209223324393,sentinel1,covmat,chip_mean
genfill,fsc,treatment_0005,P17,16,True,0.034235455906193334,0.015310561329388992,sentinel1,covmat,chip_mean
genfill,fsc,treatment_0005,P18,17,True,0.03265093724197916,0.014601943040428979,sentinel1,covmat,chip_mean
genfill,fsc,treatment_0005,P19,18,True,0.05804897454376508,0.02596029062080271,sentinel1,covmat,chip_mean
genfill,fsc,treatment_0005,P20,19,True,0.05804038387291324,0.025956448756003305,sentinel1,covmat,chip_mean
genfill,fsc,treatment_0006,P01,1,False,0.05460869212297588,0.024421749549866274,sentinel1,covmat,chip_mean
genfill,fsc,treatment_0006,P02,2,False,0.04064279028903373,0.01817600837630955,sentinel1,covmat,chip_mean
genfill,fsc,treatment_0006,P03,3,False,0.05514570419575383,0.024661908649760186,sentinel1,covmat,chip_mean
genfill,fsc,treatment_0006,P04,4,False,0.03999232434444451,0.01788511116247953,sentinel1,covmat,chip_mean
genfill,fsc,treatment_0006,P05,5,False,0.05308556662872352,0.023740587121184025,sentinel1,covmat,chip_mean
genfill,fsc,treatment_0006,P06,6,False,0.03680827572323047,0.016461161330339712,sentinel1,covmat,chip_mean
genfill,fsc,treatment_0006,P07,7,False,0.0415325585475043,0.018573924838341912,sentinel1,covmat,chip_mean
genfill,fsc,treatment_0006,P08,8,False,0.0407016201733704,0.0182023179004066,sentinel1,covmat,chip_mean
genfill,fsc,treatment_0006,P09,9,False,0.050758554504197494,0.022699915662202745,sentinel1,covmat,chip_mean
genfill,fsc,treatment_0006,P10,10,False,0.06468417858288715,0.02892764407601434,sentinel1,covmat,chip_mean
genfill,fsc,treatment_0006,P11,11,True,0.05954757976930304,0.02663048725195057,sentinel1,covmat,chip_mean
genfill,fsc,treatment_0006,P12,12,True,0.12868583074499354,0.05755005305736759,sentinel1,covmat,chip_mean
genfill,fsc,treatment_0006,P13,13,True,0.05445254672535812,0.024351919205176865,sentinel1,covmat,chip_mean
genfill,fsc,treatment_0006,P14,14,True,0.07000899904793716,0.03130897618158111,sentinel1,covmat,chip_mean
genfill,fsc,treatment_0006,P16,15,True,0.07172569359154803,0.032076705320804484,sentinel1,covmat,chip_mean
genfill,fsc,treatment_0006,P17,16,True,0.06766954848132317,0.030262742082191256,sentinel1,covmat,chip_mean
genfill,fsc,treatment_0006,P18,17,True,0.048550819268387196,0.021712586449484074,sentinel1,covmat,chip_mean
genfill,fsc,treatment_0006,P19,18,True,0.06732424894231917,0.0301083194338288,sentinel1,covmat,chip_mean
genfill,fsc,treatment_0006,P20,19,True,0.04385449445121802,0.019612326142362167,sentinel1,covmat,chip_mean
genfill,fsc,treatment_0007,P01,1,False,0.09994229632161045,0.044695553680509634,sentinel1,covmat,chip_mean
genfill,fsc,treatment_0007,P02,2,False,0.07692958039283888,0.03440395424778454,sentinel1,covmat,chip_mean
genfill,fsc,treatment_0007,P03,3,False,0.1025764333867858,0.04587357558846641,sentinel1,covmat,chip_mean
genfill,fsc,treatment_0007,P04,4,False,0.08730430703460423,0.03904367305157763,sentinel1,covmat,chip_mean
genfill,fsc,treatment_0007,P05,5,False,0.08595949288305807,0.03844225387958544,sentinel1,covmat,chip_mean
genfill,fsc,treatment_0007,P06,6,False,0.10520425026099302,0.04704877102109607,sentinel1,covmat,chip_mean
genfill,fsc,treatment_0007,P07,7,False,0.06491678814512807,0.02903167023469177,sentinel1,covmat,chip_mean
genfill,fsc,treatment_0007,P08,8,False,0.0797938544735765,0.035684896557928544,sentinel1,covmat,chip_mean
genfill,fsc,treatment_0007,P09,9,False,0.08515481144038316,0.0380823893983747,sentinel1,covmat,chip_mean
genfill,fsc,treatment_0007,P10,10,False,0.08947840236974645,0.040015958043366266,sentinel1,covmat,chip_mean
genfill,fsc,treatment_0007,P11,11,True,0.07666523799261686,0.034285736732538166,sentinel1,covmat,chip_mean
genfill,fsc,treatment_0007,P12,12,True,0.04693856489502793,0.020991564374313543,sentinel1,covmat,chip_mean
genfill,fsc,treatment_0007,P13,13,True,0.07652756752790447,0.03422416862901999,sentinel1,covmat,chip_mean
genfill,fsc,treatment_0007,P14,14,True,0.06062853162099885,0.02711390361610979,sentinel1,covmat,chip_mean
genfill,fsc,treatment_0007,P16,15,True,0.06642021591270274,0.02970402357220331,sentinel1,covmat,chip_mean
genfill,fsc,treatment_0007,P17,16,True,0.08533600387450345,0.03816342111831503,sentinel1,covmat,chip_mean
genfill,fsc,treatment_0007,P18,17,True,0.051888134819750395,0.023205079336527136,sentinel1,covmat,chip_mean
genfill,fsc,treatment_0007,P19,18,True,0.10859623587476637,0.04856571310331579,sentinel1,covmat,chip_mean
genfill,fsc,treatment_0007,P20,19,True,0.10045445978806469,0.04492460014582635,sentinel1,covmat,chip_mean
genfill,fsc,treatment_0008,P01,1,False,0.05412455490998078,0.024205236806127406,sentinel1,covmat,chip_mean
genfill,fsc,treatment_0008,P02,2,False,0.05447790889959931,0.024363261514308964,sentinel1,covmat,chip_mean
genfill,fsc,treatment_0008,P03,3,False,0.05824517750248115,0.026048035251417856,sentinel1,covmat,chip_mean
genfill,fsc,treatment_0008,P04,4,False,0.03714417074914292,0.01661137815258857,sentinel1,covmat,chip_mean
genfill,fsc,treatment_0008,P05,5,False,0.012888467090849206,0.0057638977081815555,sentinel1,covmat,chip_mean
genfill,fsc,treatment_0008,P06,6,False,0.04757860377511505,0.021277798463137074,sentinel1,covmat,chip_mean
genfill,fsc,treatment_0008,P07,7,False,0.05267339861025452,0.02355625997969441,sentinel1,covmat,chip_mean
genfill,fsc,treatment_0008,P08,8,False,0.014190759530363662,0.006346300592449228,sentinel1,covmat,chip_mean
genfill,fsc,treatment_0008,P09,9,False,0.03926028649174734,0.017557733882332758,sentinel1,covmat,chip_mean
genfill,fsc,treatment_0008,P10,10,False,0.051265588344695245,0.0229266680890519,sentinel1,covmat,chip_mean
genfill,fsc,treatment_0008,P11,11,True,0.045062895447997735,0.020152739496937754,sentinel1,covmat,chip_mean
genfill,fsc,treatment_0008,P12,12,True,0.04064928050460817,0.018178910888952165,sentinel1,covmat,chip_mean
genfill,fsc,treatment_0008,P13,13,True,0.046702762064831184,0.020886110142792194,sentinel1,covmat,chip_mean
genfill,fsc,treatment_0008,P14,14,True,0.046232977078224984,0.020676015909820135,sentinel1,covmat,chip_mean
genfill,fsc,treatment_0008,P16,15,True,0.03308838949021773,0.01479757763322329,sentinel1,covmat,chip_mean
genfill,fsc,treatment_0008,P17,16,True,0.02211682200794167,0.009890943491204193,sentinel1,covmat,chip_mean
genfill,fsc,treatment_0008,P18,17,True,0.03764762874393369,0.01683653141262215,sentinel1,covmat,chip_mean
genfill,fsc,treatment_0008,P19,18,True,0.03811523326087681,0.017045650509916306,sentinel1,covmat,chip_mean
genfill,fsc,treatment_0008,P20,19,True,0.05563973120128968,0.02488284424317995,sentinel1,covmat,chip_mean
genfill,fsc,treatment_0009,P01,1,False,0.031265643863345766,0.013982421007748056,sentinel1,covmat,chip_mean
genfill,fsc,treatment_0009,P02,2,False,0.050575985756563656,0.022618268436147494,sentinel1,covmat,chip_mean
genfill,fsc,treatment_0009,P03,3,False,0.05203024239461173,0.023268631776028656,sentinel1,covmat,chip_mean
genfill,fsc,treatment_0009,P04,4,False,0.04374830089784786,0.019564834941540578,sentinel1,covmat,chip_mean
genfill,fsc,treatment_0009,P05,5,False,0.03142853068324354,0.014055266208134094,sentinel1,covmat,chip_mean
genfill,fsc,treatment_0009,P06,6,False,0.012904427655913146,0.005771035489870012,sentinel1,covmat,chip_mean
genfill,fsc,treatment_0009,P07,7,False,0.022501968935173183,0.010063186433327159,sentinel1,covmat,chip_mean
genfill,fsc,treatment_0009,P08,8,False,0.039242160003456546,0.017549627470330443,sentinel1,covmat,chip_mean
genfill,fsc,treatment_0009,P09,9,False,0.024628977630434083,0.011014413639594461,sentinel1,covmat,chip_mean
genfill,fsc,treatment_0009,P10,10,False,0.03787312748459284,0.016937377515213042,sentinel1,covmat,chip_mean
genfill,fsc,treatment_0009,P11,11,True,0.03578701620182268,0.01600444018783237,sentinel1,covmat,chip_mean
genfill,fsc,treatment_0009,P12,12,True,0.031920212842388065,0.014275153154368298,sentinel1,covmat,chip_mean
genfill,fsc,treatment_0009,P13,13,True,0.022503650384074553,0.01006393840013599,sentinel1,covmat,chip_mean
genfill,fsc,treatment_0009,P14,14,True,0.03778977251495161,0.016900100039536996,sentinel1,covmat,chip_mean
genfill,fsc,treatment_0009,P16,15,True,0.053326400069851586,0.023848291110307538,sentinel1,covmat,chip_mean
genfill,fsc,treatment_0009,P17,16,True,0.03931089675067585,0.01758036747819736,sentinel1,covmat,chip_mean
genfill,fsc,treatment_0009,P18,17,True,0.026002766307523413,0.011628790613332711,sentinel1,covmat,chip_mean
genfill,fsc,treatment_0009,P19,18,True,0.03040091448347858,0.013595702272643203,sentinel1,covmat,chip_mean
genfill,fsc,treatment_0009,P20,19,True,0.0243084205392052,0.010871056150262983,sentinel1,covmat,chip_mean
genfill,fsc,treatment_0010,P01,1,False,0.0356081327417307,0.01592444107246916,sentinel1,covmat,chip_mean
genfill,fsc,treatment_0010,P02,2,False,0.03544802488860223,0.015852838663803798,sentinel1,covmat,chip_mean
genfill,fsc,treatment_0010,P03,3,False,0.035112232973404885,0.015702667954068578,sentinel1,covmat,chip_mean
genfill,fsc,treatment_0010,P04,4,False,0.009716344726939566,0.0043452814604517,sentinel1,covmat,chip_mean
genfill,fsc,treatment_0010,P05,5,False,0.021756370881566213,0.009729744846975814,sentinel1,covmat,chip_mean
genfill,fsc,treatment_0010,P06,6,False,0.02981285920173023,0.013332715955739783,sentinel1,covmat,chip_mean
genfill,fsc,treatment_0010,P07,7,False,0.02623772991551677,0.011733869533275062,sentinel1,covmat,chip_mean
genfill,fsc,treatment_0010,P08,8,False,0.02964583184138344,0.013258019049372226,sentinel1,covmat,chip_mean
genfill,fsc,treatment_0010,P09,9,False,0.023557034163003355,0.010535025947352073,sentinel1,covmat,chip_mean
genfill,fsc,treatment_0010,P10,10,False,0.02966649023019572,0.013267257761710203,sentinel1,covmat,chip_mean
genfill,fsc,treatment_0010,P11,11,True,0.02719025728288789,0.012159852722049209,sentinel1,covmat,chip_mean
genfill,fsc,treatment_0010,P12,12,True,0.03410070824355676,0.015250300342696074,sentinel1,covmat,chip_mean
genfill,fsc,treatment_0010,P13,13,True,0.034414942651488735,0.015390830242097133,sentinel1,covmat,chip_mean
genfill,fsc,treatment_0010,P14,14,True,0.0634132980550895,0.028359289025727066,sentinel1,covmat,chip_mean
genfill,fsc,treatment_0010,P16,15,True,0.04599503317104576,0.020569604159563205,sentinel1,covmat,chip_mean
genfill,fsc,treatment_0010,P17,16,True,0.02493080100470308,0.011149393156007228,sentinel1,covmat,chip_mean
genfill,fsc,treatment_0010,P18,17,True,0.06207757610451449,0.027761936009622196,sentinel1,covmat,chip_mean
genfill,fsc,treatment_0010,P19,18,True,0.02967249965741401,0.01326994525926339,sentinel1,covmat,chip_mean
genfill,fsc,treatment_0010,P20,19,True,0.03459069063495472,0.015469427129684823,sentinel1,covmat,chip_mean
genfill,fsc,treatment_0001,P01,1,False,0.5905153855658173,0.05905153855658173,sentinel1,bspline,quantile
genfill,fsc,treatment_0001,P02,2,False,0.6049022891104378,0.060490228911043775,sentinel1,bspline,quantile
genfill,fsc,treatment_0001,P03,3,False,0.579132593033147,0.05791325930331471,sentinel1,bspline,quantile
genfill,fsc,treatment_0001,P04,4,False,0.5720220954381404,0.05720220954381404,sentinel1,bspline,quantile
genfill,fsc,treatment_0001,P05,5,False,0.620424383761313,0.0620424383761313,sentinel1,bspline,quantile
genfill,fsc,treatment_0001,P06,6,False,0.49283768617154355,0.04928376861715436,sentinel1,bspline,quantile
genfill,fsc,treatment_0001,P07,7,False,0.5581375614109143,0.055813756141091436,sentinel1,bspline,quantile
genfill,fsc,treatment_0001,P08,8,False,0.6070223472813626,0.06070223472813626,sentinel1,bspline,quantile
genfill,fsc,treatment_0001,P09,9,False,0.5749469874457152,0.05749469874457152,sentinel1,bspline,quantile
genfill,fsc,treatment_0001,P10,10,False,0.6076453218379622,0.060764532183796224,sentinel1,bspline,quantile
genfill,fsc,treatment_0001,P11,11,True,0.6360201428706853,0.06360201428706853,sentinel1,bspline,quantile
genfill,fsc,treatment_0001,P12,12,True,0.6566170209986696,0.06566170209986696,sentinel1,bspline,quantile
genfill,fsc,treatment_0001,P13,13,True,0.6311638780692556,0.06311638780692556,sentinel1,bspline,quantile
genfill,fsc,treatment_0001,P14,14,True,0.5054560342348462,0.050545603423484624,sentinel1,bspline,quantile
genfill,fsc,treatment_0001,P16,15,True,0.6930304119096868,0.06930304119096868,sentinel1,bspline,quantile
genfill,fsc,treatment_0001,P17,16,True,0.735963247909966,0.0735963247909966,sentinel1,bspline,quantile
genfill,fsc,treatment_0001,P18,17,True,0.5666448988616049,0.05666448988616048,sentinel1,bspline,quantile
genfill,fsc,treatment_0001,P19,18,True,0.6000940644769398,0.06000940644769398,sentinel1,bspline,quantile
genfill,fsc,treatment_0001,P20,19,True,0.6872606127953347,0.06872606127953347,sentinel1,bspline,quantile
genfill,fsc,treatment_0002,P01,1,False,0.5156356094175036,0.05156356094175036,sentinel1,bspline,quantile
genfill,fsc,treatment_0002,P02,2,False,0.5941223376593278,0.05941223376593278,sentinel1,bspline,quantile
genfill,fsc,treatment_0002,P03,3,False,0.5782591744767083,0.05782591744767083,sentinel1,bspline,quantile
genfill,fsc,treatment_0002,P04,4,False,0.6221802052412818,0.06221802052412818,sentinel1,bspline,quantile
genfill,fsc,treatment_0002,P05,5,False,0.4599345417676894,0.045993454176768936,sentinel1,bspline,quantile
genfill,fsc,treatment_0002,P06,6,False,0.6020568495013698,0.06020568495013698,sentinel1,bspline,quantile
genfill,fsc,treatment_0002,P07,7,False,0.7201152660242156,0.07201152660242156,sentinel1,bspline,quantile
genfill,fsc,treatment_0002,P08,8,False,0.5180420146603982,0.05180420146603982,sentinel1,bspline,quantile
genfill,fsc,treatment_0002,P09,9,False,0.6000862820416963,0.060008628204169634,sentinel1,bspline,quantile
genfill,fsc,treatment_0002,P10,10,False,0.538229642563631,0.053822964256363105,sentinel1,bspline,quantile
genfill,fsc,treatment_0002,P11,11,True,0.5720825638697867,0.05720825638697866,sentinel1,bspline,quantile
genfill,fsc,treatment_0002,P12,12,True,0.6498735783434734,0.06498735783434734,sentinel1,bspline,quantile
genfill,fsc,treatment_0002,P13,13,True,0.7188274303374373,0.07188274303374372,sentinel1,bspline,quantile
genfill,fsc,treatment_0002,P14,14,True,0.6679070858316362,0.06679070858316362,sentinel1,bspline,quantile
genfill,fsc,treatment_0002,P16,15,True,0.6154524077976119,0.061545240779761194,sentinel1,bspline,quantile
genfill,fsc,treatment_0002,P17,16,True,0.7270628147847519,0.07270628147847519,sentinel1,bspline,quantile
genfill,fsc,treatment_0002,P18,17,True,0.7372871481940657,0.07372871481940657,sentinel1,bspline,quantile
genfill,fsc,treatment_0002,P19,18,True,0.6670581315477873,0.06670581315477872,sentinel1,bspline,quantile
genfill,fsc,treatment_0002,P20,19,True,0.818634220889141,0.0818634220889141,sentinel1,bspline,quantile
genfill,fsc,treatment_0003,P01,1,False,0.47560755457920745,0.04756075545792074,sentinel1,bspline,quantile
genfill,fsc,treatment_0003,P02,2,False,0.3964202115538264,0.03964202115538264,sentinel1,bspline,quantile
genfill,fsc,treatment_0003,P03,3,False,0.4561622449762456,0.04561622449762456,sentinel1,bspline,quantile
genfill,fsc,treatment_0003,P04,4,False,0.49708293133862835,0.04970829313386283,sentinel1,bspline,quantile
genfill,fsc,treatment_0003,P05,5,False,0.5132696310766471,0.05132696310766472,sentinel1,bspline,quantile
genfill,fsc,treatment_0003,P06,6,False,0.5002265297965337,0.05002265297965337,sentinel1,bspline,quantile
genfill,fsc,treatment_0003,P07,7,False,0.44045564001119386,0.044045564001119385,sentinel1,bspline,quantile
genfill,fsc,treatment_0003,P08,8,False,0.5281247312184275,0.05281247312184275,sentinel1,bspline,quantile
genfill,fsc,treatment_0003,P09,9,False,0.5294656327565456,0.05294656327565456,sentinel1,bspline,quantile
genfill,fsc,treatment_0003,P10,10,False,0.47834884786920223,0.047834884786920225,sentinel1,bspline,quantile
genfill,fsc,treatment_0003,P11,11,True,0.41640131386026835,0.04164013138602683,sentinel1,bspline,quantile
genfill,fsc,treatment_0003,P12,12,True,0.5534940222784184,0.05534940222784184,sentinel1,bspline,quantile
genfill,fsc,treatment_0003,P13,13,True,0.46772958885403015,0.04677295888540302,sentinel1,bspline,quantile
genfill,fsc,treatment_0003,P14,14,True,0.45508487792786173,0.04550848779278618,sentinel1,bspline,quantile
genfill,fsc,treatment_0003,P16,15,True,0.48152090800297975,0.048152090800297975,sentinel1,bspline,quantile
genfill,fsc,treatment_0003,P17,16,True,0.40494838180609505,0.040494838180609505,sentinel1,bspline,quantile
genfill,fsc,treatment_0003,P18,17,True,0.44712914478521576,0.044712914478521576,sentinel1,bspline,quantile
genfill,fsc,treatment_0003,P19,18,True,0.5524207708739814,0.05524207708739815,sentinel1,bspline,quantile
genfill,fsc,treatment_0003,P20,19,True,0.5329917215035425,0.05329917215035425,sentinel1,bspline,quantile
genfill,fsc,treatment_0004,P01,1,False,0.5338916353247224,0.053389163532472236,sentinel1,bspline,quantile
genfill,fsc,treatment_0004,P02,2,False,0.5966536755483103,0.05966536755483103,sentinel1,bspline,quantile
genfill,fsc,treatment_0004,P03,3,False,0.5824321509649746,0.05824321509649746,sentinel1,bspline,quantile
genfill,fsc,treatment_0004,P04,4,False,0.6215578478581094,0.06215578478581094,sentinel1,bspline,quantile
genfill,fsc,treatment_0004,P05,5,False,0.6336106372615428,0.06336106372615427,sentinel1,bspline,quantile
genfill,fsc,treatment_0004,P06,6,False,0.4678561929700762,0.04678561929700762,sentinel1,bspline,quantile
genfill,fsc,treatment_0004,P07,7,False,0.450857262514803,0.0450857262514803,sentinel1,bspline,quantile
genfill,fsc,treatment_0004,P08,8,False,0.552118730626912,0.0552118730626912,sentinel1,bspline,quantile
genfill,fsc,treatment_0004,P09,9,False,0.47915268068289013,0.04791526806828901,sentinel1,bspline,quantile
genfill,fsc,treatment_0004,P10,10,False,0.6442830078166855,0.06442830078166854,sentinel1,bspline,quantile
genfill,fsc,treatment_0004,P11,11,True,0.6472107405159883,0.06472107405159883,sentinel1,bspline,quantile
genfill,fsc,treatment_0004,P12,12,True,0.5671383431068695,0.056713834310686946,sentinel1,bspline,quantile
genfill,fsc,treatment_0004,P13,13,True,0.5300400247854674,0.053004002478546745,sentinel1,bspline,quantile
genfill,fsc,treatment_0004,P14,14,True,0.5501024080336427,0.05501024080336428,sentinel1,bspline,quantile
genfill,fsc,treatment_0004,P16,15,True,0.5573490571380897,0.055734905713808965,sentinel1,bspline,quantile
genfill,fsc,treatment_0004,P17,16,True,0.6352992236120049,0.06352992236120049,sentinel1,bspline,quantile
genfill,fsc,treatment_0004,P18,17,True,0.5615772369141614,0.05615772369141613,sentinel1,bspline,quantile
genfill,fsc,treatment_0004,P19,18,True,0.5487744283814783,0.05487744283814783,sentinel1,bspline,quantile
genfill,fsc,treatment_0004,P20,19,True,0.7059504974853902,0.07059504974853902,sentinel1,bspline,quantile
genfill,fsc,treatment_0005,P01,1,False,0.6441490236191438,0.06441490236191438,sentinel1,bspline,quantile
genfill,fsc,treatment_0005,P02,2,False,0.4803172608141035,0.04803172608141034,sentinel1,bspline,quantile
genfill,fsc,treatment_0005,P03,3,False,0.5111135756146014,0.05111135756146013,sentinel1,bspline,quantile
genfill,fsc,treatment_0005,P04,4,False,0.5860465493311225,0.05860465493311226,sentinel1,bspline,quantile
genfill,fsc,treatment_0005,P05,5,False,0.5299637123586366,0.052996371235863655,sentinel1,bspline,quantile
genfill,fsc,treatment_0005,P06,6,False,0.6323461052119945,0.06323461052119946,sentinel1,bspline,quantile
genfill,fsc,treatment_0005,P07,7,False,0.5236360613455111,0.05236360613455111,sentinel1,bspline,quantile
genfill,fsc,treatment_0005,P08,8,False,0.49703561847068634,0.04970356184706864,sentinel1,bspline,quantile
genfill,fsc,treatment_0005,P09,9,False,0.5272997959237902,0.05272997959237901,sentinel1,bspline,quantile
genfill,fsc,treatment_0005,P10,10,False,0.5531653788674814,0.05531653788674814,sentinel1,bspline,quantile
genfill,fsc,treatment_0005,P11,11,True,0.5486502206886847,0.05486502206886847,sentinel1,bspline,quantile
genfill,fsc,treatment_0005,P12,12,True,0.49430066748702606,0.0494300667487026,sentinel1,bspline,quantile
genfill,fsc,treatment_0005,P13,13,True,0.5453167298453528,0.05453167298453529,sentinel1,bspline,quantile
genfill,fsc,treatment_0005,P14,14,True,0.493877733317277,0.049387773331727704,sentinel1,bspline,quantile
genfill,fsc,treatment_0005,P16,15,True,0.5651343520499852,0.05651343520499852,sentinel1,bspline,quantile
genfill,fsc,treatment_0005,P17,16,True,0.5436516266079172,0.054365162660791715,sentinel1,bspline,quantile
genfill,fsc,treatment_0005,P18,17,True,0.5437720418230654,0.05437720418230654,sentinel1,bspline,quantile
genfill,fsc,treatment_0005,P19,18,True,0.6734890453616175,0.06734890453616174,sentinel1,bspline,quantile
genfill,fsc,treatment_0005,P20,19,True,0.638132081916964,0.0638132081916964,sentinel1,bspline,quantile
genfill,fsc,treatment_0006,P01,1,False,0.5533197645199404,0.055331976451994044,sentinel1,bspline,quantile
genfill,fsc,treatment_0006,P02,2,False,0.481995421023896,0.048199542102389595,sentinel1,bspline,quantile
genfill,fsc,treatment_0006,P03,3,False,0.6022696620766539,0.06022696620766539,sentinel1,bspline,quantile
genfill,fsc,treatment_0006,P04,4,False,0.5430425117856867,0.05430425117856868,sentinel1,bspline,quantile
genfill,fsc,treatment_0006,P05,5,False,0.6503046281364102,0.06503046281364103,sentinel1,bspline,quantile
genfill,fsc,treatment_0006,P06,6,False,0.5517292242255308,0.05517292242255308,sentinel1,bspline,quantile
genfill,fsc,treatment_0006,P07,7,False,0.5517102280008247,0.05517102280008247,sentinel1,bspline,quantile
genfill,fsc,treatment_0006,P08,8,False,0.4276791538738765,0.04276791538738765,sentinel1,bspline,quantile
genfill,fsc,treatment_0006,P09,9,False,0.5356338810788961,0.053563388107889603,sentinel1,bspline,quantile
genfill,fsc,treatment_0006,P10,10,False,0.6600275324302112,0.06600275324302111,sentinel1,bspline,quantile
genfill,fsc,treatment_0006,P11,11,True,0.6300668111469797,0.06300668111469798,sentinel1,bspline,quantile
genfill,fsc,treatment_0006,P12,12,True,0.9205851840367932,0.09205851840367932,sentinel1,bspline,quantile
genfill,fsc,treatment_0006,P13,13,True,0.5255729285809488,0.052557292858094885,sentinel1,bspline,quantile
genfill,fsc,treatment_0006,P14,14,True,0.6218038723193016,0.06218038723193015,sentinel1,bspline,quantile
genfill,fsc,treatment_0006,P16,15,True,0.6413913478412848,0.06413913478412847,sentinel1,bspline,quantile
genfill,fsc,treatment_0006,P17,16,True,0.6939939941485804,0.06939939941485805,sentinel1,bspline,quantile
genfill,fsc,treatment_0006,P18,17,True,0.5818732971869175,0.05818732971869174,sentinel1,bspline,quantile
genfill,fsc,treatment_0006,P19,18,True,0.6373992145394937,0.06373992145394936,sentinel1,bspline,quantile
genfill,fsc,treatment_0006,P20,19,True,0.5103999744657134,0.051039997446571346,sentinel1,bspline,quantile
genfill,fsc,treatment_0007,P01,1,False,0.6589395683729369,0.06589395683729368,sentinel1,bspline,quantile
genfill,fsc,treatment_0007,P02,2,False,0.6344518049319839,0.06344518049319839,sentinel1,bspline,quantile
genfill,fsc,treatment_0007,P03,3,False,0.8517531045874015,0.08517531045874016,sentinel1,bspline,quantile
genfill,fsc,treatment_0007,P04,4,False,0.6755272835983918,0.06755272835983918,sentinel1,bspline,quantile
genfill,fsc,treatment_0007,P05,5,False,0.6305534640420006,0.06305534640420006,sentinel1,bspline,quantile
genfill,fsc,treatment_0007,P06,6,False,0.8360823306353843,0.08360823306353843,sentinel1,bspline,quantile
genfill,fsc,treatment_0007,P07,7,False,0.5514873868300219,0.055148738683002185,sentinel1,bspline,quantile
genfill,fsc,treatment_0007,P08,8,False,0.5885606583686691,0.05885606583686692,sentinel1,bspline,quantile
genfill,fsc,treatment_0007,P09,9,False,0.6983433388225948,0.06983433388225949,sentinel1,bspline,quantile
genfill,fsc,treatment_0007,P10,10,False,0.6865760361774693,0.06865760361774692,sentinel1,bspline,quantile
genfill,fsc,treatment_0007,P11,11,True,0.6800051038676872,0.06800051038676871,sentinel1,bspline,quantile
genfill,fsc,treatment_0007,P12,12,True,0.502345785387234,0.0502345785387234,sentinel1,bspline,quantile
genfill,fsc,treatment_0007,P13,13,True,0.7489790993754488,0.07489790993754487,sentinel1,bspline,quantile
genfill,fsc,treatment_0007,P14,14,True,0.6190432856795046,0.06190432856795046,sentinel1,bspline,quantile
genfill,fsc,treatment_0007,P16,15,True,0.6933785543050449,0.0693378554305045,sentinel1,bspline,quantile
genfill,fsc,treatment_0007,P17,16,True,0.7164904751879689,0.07164904751879689,sentinel1,bspline,quantile
genfill,fsc,treatment_0007,P18,17,True,0.6953710736790935,0.06953710736790934,sentinel1,bspline,quantile
genfill,fsc,treatment_0007,P19,18,True,0.8005214988377696,0.08005214988377696,sentinel1,bspline,quantile
genfill,fsc,treatment_0007,P20,19,True,0.782844442992032,0.0782844442992032,sentinel1,bspline,quantile
genfill,fsc,treatment_0008,P01,1,False,0.6883129908109354,0.06883129908109355,sentinel1,bspline,quantile
genfill,fsc,treatment_0008,P02,2,False,0.5637239672605824,0.05637239672605824,sentinel1,bspline,quantile
genfill,fsc,treatment_0008,P03,3,False,0.5920279424425552,0.059202794244255515,sentinel1,bspline,quantile
genfill,fsc,treatment_0008,P04,4,False,0.5415818328468409,0.05415818328468408,sentinel1,bspline,quantile
genfill,fsc,treatment_0008,P05,5,False,0.44203787153930424,0.044203787153930425,sentinel1,bspline,quantile
genfill,fsc,treatment_0008,P06,6,False,0.6136865536068039,0.061368655360680396,sentinel1,bspline,quantile
genfill,fsc,treatment_0008,P07,7,False,0.5928286202865689,0.05928286202865689,sentinel1,bspline,quantile
genfill,fsc,treatment_0008,P08,8,False,0.5246577770914184,0.052465777709141834,sentinel1,bspline,quantile
genfill,fsc,treatment_0008,P09,9,False,0.576012619337778,0.05760126193377781,sentinel1,bspline,quantile
genfill,fsc,treatment_0008,P10,10,False,0.585080489242285,0.0585080489242285,sentinel1,bspline,quantile
genfill,fsc,treatment_0008,P11,11,True,0.5874488670959175,0.05874488670959174,sentinel1,bspline,quantile
genfill,fsc,treatment_0008,P12,12,True,0.5446623062713343,0.05446623062713343,sentinel1,bspline,quantile
genfill,fsc,treatment_0008,P13,13,True,0.502319696982179,0.0502319696982179,sentinel1,bspline,quantile
genfill,fsc,treatment_0008,P14,14,True,0.6041261229744497,0.06041261229744497,sentinel1,bspline,quantile
genfill,fsc,treatment_0008,P16,15,True,0.45091021553211463,0.045091021553211465,sentinel1,bspline,quantile
genfill,fsc,treatment_0008,P17,16,True,0.4613719725466056,0.04613719725466056,sentinel1,bspline,quantile
genfill,fsc,treatment_0008,P18,17,True,0.600667567991697,0.06006675679916969,sentinel1,bspline,quantile
genfill,fsc,treatment_0008,P19,18,True,0.49391234447381116,0.04939123444738112,sentinel1,bspline,quantile
genfill,fsc,treatment_0008,P20,19,True,0.5268827093050159,0.052688270930501595,sentinel1,bspline,quantile
genfill,fsc,treatment_0009,P01,1,False,0.5055258645155947,0.050552586451559474,sentinel1,bspline,quantile
genfill,fsc,treatment_0009,P02,2,False,0.5981848939168747,0.05981848939168747,sentinel1,bspline,quantile
genfill,fsc,treatment_0009,P03,3,False,0.61762675755881,0.061762675755881014,sentinel1,bspline,quantile
genfill,fsc,treatment_0009,P04,4,False,0.5499623722422252,0.05499623722422252,sentinel1,bspline,quantile
genfill,fsc,treatment_0009,P05,5,False,0.5674052424166368,0.056740524241663676,sentinel1,bspline,quantile
genfill,fsc,treatment_0009,P06,6,False,0.47641813979171316,0.04764181397917132,sentinel1,bspline,quantile
genfill,fsc,treatment_0009,P07,7,False,0.49853075650895023,0.049853075650895015,sentinel1,bspline,quantile
genfill,fsc,treatment_0009,P08,8,False,0.5934427719391794,0.05934427719391794,sentinel1,bspline,quantile
genfill,fsc,treatment_0009,P09,9,False,0.42036201676874774,0.042036201676874774,sentinel1,bspline,quantile
genfill,fsc,treatment_0009,P10,10,False,0.5244182523775922,0.05244182523775922,sentinel1,bspline,quantile
genfill,fsc,treatment_0009,P11,11,True,0.4767877904654736,0.04767877904654736,sentinel1,bspline,quantile
genfill,fsc,treatment_0009,P12,12,True,0.5948302473509556,0.059483024735095556,sentinel1,bspline,quantile
genfill,fsc,treatment_0009,P13,13,True,0.4857935735607905,0.04857935735607905,sentinel1,bspline,quantile
genfill,fsc,treatment_0009,P14,14,True,0.4269379003633287,0.04269379003633287,sentinel1,bspline,quantile
genfill,fsc,treatment_0009,P16,15,True,0.5691020893707937,0.056910208937079376,sentinel1,bspline,quantile
genfill,fsc,treatment_0009,P17,16,True,0.509052922728745,0.0509052922728745,sentinel1,bspline,quantile
genfill,fsc,treatment_0009,P18,17,True,0.4969250699160107,0.04969250699160107,sentinel1,bspline,quantile
genfill,fsc,treatment_0009,P19,18,True,0.46186564906863714,0.04618656490686371,sentinel1,bspline,quantile
genfill,fsc,treatment_0009,P20,19,True,0.483052859311294,0.0483052859311294,sentinel1,bspline,quantile
genfill,fsc,treatment_0010,P01,1,False,0.536045159371837,0.05360451593718371,sentinel1,bspline,quantile
genfill,fsc,treatment_0010,P02,2,False,0.4847905116925996,0.04847905116925996,sentinel1,bspline,quantile
genfill,fsc,treatment_0010,P03,3,False,0.379347031848108,0.0379347031848108,sentinel1,bspline,quantile
genfill,fsc,treatment_0010,P04,4,False,0.4788657362138134,0.04788657362138134,sentinel1,bspline,quantile
genfill,fsc,treatment_0010,P05,5,False,0.6207123473272534,0.062071234732725335,sentinel1,bspline,quantile
genfill,fsc,treatment_0010,P06,6,False,0.5598126693059844,0.055981266930598426,sentinel1,bspline,quantile
genfill,fsc,treatment_0010,P07,7,False,0.4945054541120132,0.049450545411201315,sentinel1,bspline,quantile
genfill,fsc,treatment_0010,P08,8,False,0.5477002543565834,0.054770025435658336,sentinel1,bspline,quantile
genfill,fsc,treatment_0010,P09,9,False,0.4496611707898138,0.04496611707898138,sentinel1,bspline,quantile
genfill,fsc,treatment_0010,P10,10,False,0.49525543366985175,0.04952554336698518,sentinel1,bspline,quantile
genfill,fsc,treatment_0010,P11,11,True,0.4573996221840029,0.045739962218400286,sentinel1,bspline,quantile
genfill,fsc,treatment_0010,P12,12,True,0.4956326642235504,0.04956326642235504,sentinel1,bspline,quantile
genfill,fsc,treatment_0010,P13,13,True,0.5490793121021377,0.05490793121021377,sentinel1,bspline,quantile
genfill,fsc,treatment_0010,P14,14,True,0.5694547548138525,0.05694547548138526,sentinel1,bspline,quantile
genfill,fsc,treatment_0010,P16,15,True,0.4685227861267211,0.04685227861267211,sentinel1,bspline,quantile
genfill,fsc,treatment_0010,P17,16,True,0.5918229601104996,0.05918229601104996,sentinel1,bspline,quantile
genfill,fsc,treatment_0010,P18,17,True,0.5581870632245645,0.055818706322456446,sentinel1,bspline,quantile
genfill,fsc,treatment_0010,P19,18,True,0.4404464728691871,0.04404464728691871,sentinel1,bspline,quantile
genfill,fsc,treatment_0010,P20,19,True,0.5046204953565884,0.050462049535658846,sentinel1,bspline,quantile
genfill,fsc,treatment_0001,P01,1,False,0.9132671124267158,0.09132671124267157,sentinel2,covmat,quantile
genfill,fsc,treatment_0001,P02,2,False,0.8632898896445933,0.08632898896445933,sentinel2,covmat,quantile
genfill,fsc,treatment_0001,P03,3,False,0.6678374538508695,0.06678374538508694,sentinel2,covmat,quantile
genfill,fsc,treatment_0001,P04,4,False,0.7535460827335793,0.07535460827335792,sentinel2,covmat,quantile
genfill,fsc,treatment_0001,P05,5,False,0.9546838861618824,0.09546838861618824,sentinel2,covmat,quantile
genfill,fsc,treatment_0001,P06,6,False,0.6225485547256321,0.06225485547256321,sentinel2,covmat,quantile
genfill,fsc,treatment_0001,P07,7,False,0.8280253921383155,0.08280253921383154,sentinel2,covmat,quantile
genfill,fsc,treatment_0001,P08,8,False,0.8531043629403574,0.08531043629403574,sentinel2,covmat,quantile
genfill,fsc,treatment_0001,P09,9,False,0.6480781761535602,0.06480781761535602,sentinel2,covmat,quantile
genfill,fsc,treatment_0001,P10,10,False,1.0091169967233002,0.10091169967233003,sentinel2,covmat,quantile
genfill,fsc,treatment_0001,P11,11,True,0.9246234330723506,0.09246234330723506,sentinel2,covmat,quantile
genfill,fsc,treatment_0001,P12,12,True,1.0335212374947575,0.10335212374947576,sentinel2,covmat,quantile
genfill,fsc,treatment_0001,P13,13,True,0.8806880590474744,0.08806880590474743,sentinel2,covmat,quantile
genfill,fsc,treatment_0001,P14,14,True,0.8489923000898606,0.08489923000898605,sentinel2,covmat,quantile
genfill,fsc,treatment_0001,P16,15,True,1.043120713792058,0.1043120713792058,sentinel2,covmat,quantile
genfill,fsc,treatment_0001,P17,16,True,0.498188369792698,0.0498188369792698,sentinel2,covmat,quantile
genfill,fsc,treatment_0001,P18,17,True,0.6286877353115427,0.06286877353115428,sentinel2,covmat,quantile
genfill,fsc,treatment_0001,P19,18,True,1.3050886700359157,0.13050886700359157,sentinel2,covmat,quantile
genfill,fsc,treatment_0001,P20,19,True,1.0025299516305455,0.10025299516305454,sentinel2,covmat,quantile
genfill,fsc,treatment_0002,P01,1,False,0.8169118268051033,0.08169118268051033,sentinel2,covmat,quantile
genfill,fsc,treatment_0002,P02,2,False,0.7365788860694188,0.07365788860694188,sentinel2,covmat,quantile
genfill,fsc,treatment_0002,P03,3,False,0.6719789441307316,0.06719789441307315,sentinel2,covmat,quantile
genfill,fsc,treatment_0002,P04,4,False,1.8359644319878634,0.18359644319878635,sentinel2,covmat,quantile
genfill,fsc,treatment_0002,P05,5,False,0.9796630558481516,0.09796630558481517,sentinel2,covmat,quantile
genfill,fsc,treatment_0002,P06,6,False,0.47949687619123615,0.04794968761912362,sentinel2,covmat,quantile
genfill,fsc,treatment_0002,P07,7,False,0.977218895144047,0.0977218895144047,sentinel2,covmat,quantile
genfill,fsc,treatment_0002,P08,8,False,0.8609597997965109,0.0860959799796511,sentinel2,covmat,quantile
genfill,fsc,treatment_0002,P09,9,False,0.9092266921132522,0.09092266921132522,sentinel2,covmat,quantile
genfill,fsc,treatment_0002,P10,10,False,0.7769750312413083,0.07769750312413083,sentinel2,covmat,quantile
genfill,fsc,treatment_0002,P11,11,True,0.7210475947662515,0.07210475947662515,sentinel2,covmat,quantile
genfill,fsc,treatment_0002,P12,12,True,0.7603999146856774,0.07603999146856773,sentinel2,covmat,quantile
genfill,fsc,treatment_0002,P13,13,True,0.574978285066615,0.0574978285066615,sentinel2,covmat,quantile
genfill,fsc,treatment_0002,P14,14,True,0.8877910900754022,0.08877910900754023,sentinel2,covmat,quantile
genfill,fsc,treatment_0002,P16,15,True,0.7524072729640204,0.07524072729640205,sentinel2,covmat,quantile
genfill,fsc,treatment_0002,P17,16,True,0.5277963317085442,0.05277963317085442,sentinel2,covmat,quantile
genfill,fsc,treatment_0002,P18,17,True,0.5193128239960031,0.05193128239960031,sentinel2,covmat,quantile
genfill,fsc,treatment_0002,P19,18,True,0.8532227071423897,0.08532227071423898,sentinel2,covmat,quantile
genfill,fsc,treatment_0002,P20,19,True,1.019275490441521,0.10192754904415212,sentinel2,covmat,quantile
genfill,fsc,treatment_0003,P01,1,False,1.858263413480921,0.18582634134809212,sentinel2,covmat,quantile
genfill,fsc,treatment_0003,P02,2,False,0.7209787171198258,0.07209787171198258,sentinel2,covmat,quantile
genfill,fsc,treatment_0003,P03,3,False,0.6341205537403567,0.06341205537403567,sentinel2,covmat,quantile
genfill,fsc,treatment_0003,P04,4,False,1.1537068563197157,0.11537068563197156,sentinel2,covmat,quantile
genfill,fsc,treatment_0003,P05,5,False,1.3755257418127516,0.13755257418127514,sentinel2,covmat,quantile
genfill,fsc,treatment_0003,P06,6,False,0.5498614977638948,0.054986149776389485,sentinel2,covmat,quantile
genfill,fsc,treatment_0003,P07,7,False,0.7284749871087591,0.07284749871087591,sentinel2,covmat,quantile
genfill,fsc,treatment_0003,P08,8,False,0.7668943103608666,0.07668943103608666,sentinel2,covmat,quantile
genfill,fsc,treatment_0003,P09,9,False,0.9501969371450232,0.09501969371450232,sentinel2,covmat,quantile
genfill,fsc,treatment_0003,P10,10,False,0.7424111270553987,0.07424111270553987,sentinel2,covmat,quantile
genfill,fsc,treatment_0003,P11,11,True,0.781078854813248,0.0781078854813248,sentinel2,covmat,quantile
genfill,fsc,treatment_0003,P12,12,True,0.7577532302361906,0.07577532302361906,sentinel2,covmat,quantile
genfill,fsc,treatment_0003,P13,13,True,0.8084538791001452,0.08084538791001453,sentinel2,covmat,quantile
genfill,fsc,treatment_0003,P14,14,True,0.7568011228910793,0.07568011228910793,sentinel2,covmat,quantile
genfill,fsc,treatment_0003,P16,15,True,0.6407631307642851,0.06407631307642851,sentinel2,covmat,quantile
genfill,fsc,treatment_0003,P17,16,True,0.6248466128310388,0.06248466128310388,sentinel2,covmat,quantile
genfill,fsc,treatment_0003,P18,17,True,0.8577968835550239,0.0857796883555024,sentinel2,covmat,quantile
genfill,fsc,treatment_0003,P19,18,True,0.7144611228616361,0.0714461122861636,sentinel2,covmat,quantile
genfill,fsc,treatment_0003,P20,19,True,0.6446954829913835,0.06446954829913835,sentinel2,covmat,quantile
genfill,fsc,treatment_0004,P01,1,False,0.4314687240436626,0.04314687240436626,sentinel2,covmat,quantile
genfill,fsc,treatment_0004,P02,2,False,0.7664128481613224,0.07664128481613224,sentinel2,covmat,quantile
genfill,fsc,treatment_0004,P03,3,False,0.5436702953534203,0.05436702953534203,sentinel2,covmat,quantile
genfill,fsc,treatment_0004,P04,4,False,0.48802680522785524,0.048802680522785524,sentinel2,covmat,quantile
genfill,fsc,treatment_0004,P05,5,False,0.43082638734499956,0.04308263873449995,sentinel2,covmat,quantile
genfill,fsc,treatment_0004,P06,6,False,0.6923176939994817,0.06923176939994817,sentinel2,covmat,quantile
genfill,fsc,treatment_0004,P07,7,False,0.5782485621392454,0.057824856213924546,sentinel2,covmat,quantile
genfill,fsc,treatment_0004,P08,8,False,0.5919007837773711,0.05919007837773711,sentinel2,covmat,quantile
genfill,fsc,treatment_0004,P09,9,False,0.6489150537255859,0.0648915053725586,sentinel2,covmat,quantile
genfill,fsc,treatment_0004,P10,10,False,0.4964745752436094,0.049647457524360936,sentinel2,covmat,quantile
genfill,fsc,treatment_0004,P11,11,True,1.053450513650738,0.10534505136507379,sentinel2,covmat,quantile
genfill,fsc,treatment_0004,P12,12,True,0.7976015560260393,0.07976015560260392,sentinel2,covmat,quantile
genfill,fsc,treatment_0004,P13,13,True,0.6385319465148099,0.063853194651481,sentinel2,covmat,quantile
genfill,fsc,treatment_0004,P14,14,True,0.7346075554724277,0.07346075554724278,sentinel2,covmat,quantile
genfill,fsc,treatment_0004,P16,15,True,0.8008901193132184,0.08008901193132183,sentinel2,covmat,quantile
genfill,fsc,treatment_0004,P17,16,True,0.5601652288824832,0.05601652288824833,sentinel2,covmat,quantile
genfill,fsc,treatment_0004,P18,17,True,0.6448495370302509,0.0644849537030251,sentinel2,covmat,quantile
genfill,fsc,treatment_0004,P19,18,True,0.7851325335348313,0.07851325335348312,sentinel2,covmat,quantile
genfill,fsc,treatment_0004,P20,19,True,1.3011646782570119,0.1301164678257012,sentinel2,covmat,quantile
genfill,fsc,treatment_0005,P01,1,False,0.644690882082156,0.06446908820821559,sentinel2,covmat,quantile
genfill,fsc,treatment_0005,P02,2,False,1.8305080456666016,0.18305080456666015,sentinel2,covmat,quantile
genfill,fsc,treatment_0005,P03,3,False,0.6635311346126154,0.06635311346126153,sentinel2,covmat,quantile
genfill,fsc,treatment_0005,P04,4,False,0.5336229087574053,0.05336229087574053,sentinel2,covmat,quantile
genfill,fsc,treatment_0005,P05,5,False,0.6609948469637498,0.06609948469637497,sentinel2,covmat,quantile
genfill,fsc,treatment_0005,P06,6,False,0.5152622349185263,0.05152622349185263,sentinel2,covmat,quantile
genfill,fsc,treatment_0005,P07,7,False,0.7375202327865993,0.07375202327865993,sentinel2,covmat,quantile
genfill,fsc,treatment_0005,P08,8,False,0.8534663024232579,0.08534663024232579,sentinel2,covmat,quantile
genfill,fsc,treatment_0005,P09,9,False,0.9981733234719843,0.09981733234719843,sentinel2,covmat,quantile
genfill,fsc,treatment_0005,P10,10,False,0.8220419873481172,0.08220419873481172,sentinel2,covmat,quantile
genfill,fsc,treatment_0005,P11,11,True,0.8699883336920459,0.08699883336920458,sentinel2,covmat,quantile
genfill,fsc,treatment_0005,P12,12,True,0.8321382020321004,0.08321382020321004,sentinel2,covmat,quantile
genfill,fsc,treatment_0005,P13,13,True,0.6239395980333363,0.06239395980333363,sentinel2,covmat,quantile
genfill,fsc,treatment_0005,P14,14,True,0.6529785000523595,0.06529785000523594,sentinel2,covmat,quantile
genfill,fsc,treatment_0005,P16,15,True,0.6444646520828818,0.06444646520828819,sentinel2,covmat,quantile
genfill,fsc,treatment_0005,P17,16,True,0.6775058498996303,0.06775058498996303,sentinel2,covmat,quantile
genfill,fsc,treatment_0005,P18,17,True,0.5700740283610609,0.05700740283610609,sentinel2,covmat,quantile
genfill,fsc,treatment_0005,P19,18,True,0.8413669660930998,0.08413669660930999,sentinel2,covmat,quantile
genfill,fsc,treatment_0005,P20,19,True,0.8877839595187281,0.08877839595187281,sentinel2,covmat,quantile
genfill,fsc,treatment_0006,P01,1,False,0.8848170530132875,0.08848170530132875,sentinel2,covmat,quantile
genfill,fsc,treatment_0006,P02,2,False,0.7694283244321726,0.07694283244321726,sentinel2,covmat,quantile
genfill,fsc,treatment_0006,P03,3,False,0.5567811125911589,0.0556781112591159,sentinel2,covmat,quantile
genfill,fsc,treatment_0006,P04,4,False,1.0113750563423525,0.10113750563423522,sentinel2,covmat,quantile
genfill,fsc,treatment_0006,P05,5,False,0.8375125088015848,0.08375125088015849,sentinel2,covmat,quantile
genfill,fsc,treatment_0006,P06,6,False,0.5370148935486881,0.05370148935486882,sentinel2,covmat,quantile
genfill,fsc,treatment_0006,P07,7,False,0.7746605681603224,0.07746605681603223,sentinel2,covmat,quantile
genfill,fsc,treatment_0006,P08,8,False,0.793736516791435,0.0793736516791435,sentinel2,covmat,quantile
genfill,fsc,treatment_0006,P09,9,False,0.5943041988997486,0.05943041988997486,sentinel2,covmat,quantile
genfill,fsc,treatment_0006,P10,10,False,0.6538642556236041,0.0653864255623604,sentinel2,covmat,quantile
genfill,fsc,treatment_0006,P11,11,True,0.7784380303106255,0.07784380303106256,sentinel2,covmat,quantile
genfill,fsc,treatment_0006,P12,12,True,0.738653731127469,0.0738653731127469,sentinel2,covmat,quantile
genfill,fsc,treatment_0006,P13,13,True,0.6745815348485706,0.06745815348485706,sentinel2,covmat,quantile
genfill,fsc,treatment_0006,P14,14,True,0.7349012200248859,0.07349012200248858,sentinel2,covmat,quantile
genfill,fsc,treatment_0006,P16,15,True,0.6209556149130371,0.06209556149130371,sentinel2,covmat,quantile
genfill,fsc,treatment_0006,P17,16,True,0.7662449860762809,0.07662449860762809,sentinel2,covmat,quantile
genfill,fsc,treatment_0006,P18,17,True,0.6224721520108641,0.06224721520108642,sentinel2,covmat,quantile
genfill,fsc,treatment_0006,P19,18,True,0.6473583492586673,0.06473583492586672,sentinel2,covmat,quantile
genfill,fsc,treatment_0006,P20,19,True,1.3605285230573407,0.13605285230573405,sentinel2,covmat,quantile
genfill,fsc,treatment_0007,P01,1,False,1.1292131795138598,0.11292131795138598,sentinel2,covmat,quantile
genfill,fsc,treatment_0007,P02,2,False,0.8192343851995887,0.08192343851995885,sentinel2,covmat,quantile
genfill,fsc,treatment_0007,P03,3,False,1.400928366782437,0.1400928366782437,sentinel2,covmat,quantile
genfill,fsc,treatment_0007,P04,4,False,0.6363487379596188,0.06363487379596187,sentinel2,covmat,quantile
genfill,fsc,treatment_0007,P05,5,False,1.5370456154882435,0.15370456154882434,sentinel2,covmat,quantile
genfill,fsc,treatment_0007,P06,6,False,0.9444632628343841,0.09444632628343841,sentinel2,covmat,quantile
genfill,fsc,treatment_0007,P07,7,False,0.6236986865960142,0.06236986865960142,sentinel2,covmat,quantile
genfill,fsc,treatment_0007,P08,8,False,1.2082138890470115,0.12082138890470116,sentinel2,covmat,quantile
genfill,fsc,treatment_0007,P09,9,False,0.9171156666628236,0.09171156666628236,sentinel2,covmat,quantile
genfill,fsc,treatment_0007,P10,10,False,1.1196258621580242,0.11196258621580242,sentinel2,covmat,quantile
genfill,fsc,treatment_0007,P11,11,True,1.0110970262121897,0.10110970262121896,sentinel2,covmat,quantile
genfill,fsc,treatment_0007,P12,12,True,1.0063984563893558,0.10063984563893556,sentinel2,covmat,quantile
genfill,fsc,treatment_0007,P13,13,True,0.7323131704823848,0.07323131704823847,sentinel2,covmat,quantile
genfill,fsc,treatment_0007,P14,14,True,0.8003878313076314,0.08003878313076312,sentinel2,covmat,quantile
genfill,fsc,treatment_0007,P16,15,True,0.7988939361708284,0.07988939361708283,sentinel2,covmat,quantile
genfill,fsc,treatment_0007,P17,16,True,0.9752684705721839,0.0975268470572184,sentinel2,covmat,quantile
genfill,fsc,treatment_0007,P18,17,True,0.9077944107595421,0.0907794410759542,sentinel2,covmat,quantile
genfill,fsc,treatment_0007,P19,18,True,0.8668280233477584,0.08668280233477585,sentinel2,covmat,quantile
genfill,fsc,treatment_0007,P20,19,True,0.899128896492213,0.0899128896492213,sentinel2,covmat,quantile
genfill,fsc,treatment_0008,P01,1,False,0.8448978997915244,0.08448978997915245,sentinel2,covmat,quantile
genfill,fsc,treatment_0008,P02,2,False,0.6981807091214509,0.06981807091214509,sentinel2,covmat,quantile
genfill,fsc,treatment_0008,P03,3,False,0.5459454033418613,0.05459454033418613,sentinel2,covmat,quantile
genfill,fsc,treatment_0008,P04,4,False,0.6582155658343684,0.06582155658343684,sentinel2,covmat,quantile
genfill,fsc,treatment_0008,P05,5,False,0.8894777808747908,0.08894777808747908,sentinel2,covmat,quantile
genfill,fsc,treatment_0008,P06,6,False,0.6556324493419095,0.06556324493419095,sentinel2,covmat,quantile
genfill,fsc,treatment_0008,P07,7,False,0.5469620017261317,0.05469620017261318,sentinel2,covmat,quantile
genfill,fsc,treatment_0008,P08,8,False,0.7169001897994633,0.07169001897994634,sentinel2,covmat,quantile
genfill,fsc,treatment_0008,P09,9,False,0.6163022403036881,0.0616302240303688,sentinel2,covmat,quantile
genfill,fsc,treatment_0008,P10,10,False,0.7865558175595334,0.07865558175595334,sentinel2,covmat,quantile
genfill,fsc,treatment_0008,P11,11,True,0.911178313532132,0.09111783135321319,sentinel2,covmat,quantile
genfill,fsc,treatment_0008,P12,12,True,0.897823340549103,0.0897823340549103,sentinel2,covmat,quantile
genfill,fsc,treatment_0008,P13,13,True,0.7261965357430054,0.07261965357430053,sentinel2,covmat,quantile
genfill,fsc,treatment_0008,P14,14,True,0.6670293805797801,0.06670293805797801,sentinel2,covmat,quantile
genfill,fsc,treatment_0008,P16,15,True,0.5701385116096123,0.05701385116096123,sentinel2,covmat,quantile
genfill,fsc,treatment_0008,P17,16,True,0.6182749029035329,0.061827490290353296,sentinel2,covmat,quantile
genfill,fsc,treatment_0008,P18,17,True,0.6072713671408728,0.06072713671408728,sentinel2,covmat,quantile
genfill,fsc,treatment_0008,P19,18,True,0.5659339926556372,0.05659339926556372,sentinel2,covmat,quantile
genfill,fsc,treatment_0008,P20,19,True,1.2917224019016715,0.12917224019016715,sentinel2,covmat,quantile
genfill,fsc,treatment_0009,P01,1,False,0.7000484005744744,0.07000484005744743,sentinel2,covmat,quantile
genfill,fsc,treatment_0009,P02,2,False,1.112699467359363,0.1112699467359363,sentinel2,covmat,quantile
genfill,fsc,treatment_0009,P03,3,False,0.836674698268552,0.08366746982685519,sentinel2,covmat,quantile
genfill,fsc,treatment_0009,P04,4,False,0.8491323731932915,0.08491323731932916,sentinel2,covmat,quantile
genfill,fsc,treatment_0009,P05,5,False,0.9896930023272695,0.09896930023272694,sentinel2,covmat,quantile
genfill,fsc,treatment_0009,P06,6,False,0.6610746256195178,0.06610746256195178,sentinel2,covmat,quantile
genfill,fsc,treatment_0009,P07,7,False,0.7689650762196351,0.0768965076219635,sentinel2,covmat,quantile
genfill,fsc,treatment_0009,P08,8,False,0.840507788450788,0.08405077884507879,sentinel2,covmat,quantile
genfill,fsc,treatment_0009,P09,9,False,0.5156918675872997,0.05156918675872997,sentinel2,covmat,quantile
genfill,fsc,treatment_0009,P10,10,False,0.5655648689157176,0.05655648689157176,sentinel2,covmat,quantile
genfill,fsc,treatment_0009,P11,11,True,0.8027466232134822,0.08027466232134822,sentinel2,covmat,quantile
genfill,fsc,treatment_0009,P12,12,True,0.6631743212234077,0.06631743212234077,sentinel2,covmat,quantile
genfill,fsc,treatment_0009,P13,13,True,0.5322883127584881,0.053228831275848806,sentinel2,covmat,quantile
genfill,fsc,treatment_0009,P14,14,True,0.6440685509409445,0.06440685509409444,sentinel2,covmat,quantile
genfill,fsc,treatment_0009,P16,15,True,0.8337469042740934,0.08337469042740933,sentinel2,covmat,quantile
genfill,fsc,treatment_0009,P17,16,True,0.5153047858325381,0.05153047858325381,sentinel2,covmat,quantile
genfill,fsc,treatment_0009,P18,17,True,0.6598554232257358,0.06598554232257359,sentinel2,covmat,quantile
genfill,fsc,treatment_0009,P19,18,True,0.8011856172994329,0.08011856172994329,sentinel2,covmat,quantile
genfill,fsc,treatment_0009,P20,19,True,1.3254250968420835,0.13254250968420836,sentinel2,covmat,quantile
genfill,fsc,treatment_0010,P01,1,False,0.5221347432867838,0.05221347432867838,sentinel2,covmat,quantile
genfill,fsc,treatment_0010,P02,2,False,0.6285106514745628,0.06285106514745628,sentinel2,covmat,quantile
genfill,fsc,treatment_0010,P03,3,False,0.6614115064433103,0.06614115064433101,sentinel2,covmat,quantile
genfill,fsc,treatment_0010,P04,4,False,0.7359033913843721,0.07359033913843721,sentinel2,covmat,quantile
genfill,fsc,treatment_0010,P05,5,False,0.6490413535356769,0.06490413535356768,sentinel2,covmat,quantile
genfill,fsc,treatment_0010,P06,6,False,0.670891941174,0.0670891941174,sentinel2,covmat,quantile
genfill,fsc,treatment_0010,P07,7,False,0.7535076025753752,0.07535076025753752,sentinel2,covmat,quantile
genfill,fsc,treatment_0010,P08,8,False,1.0197158015533778,0.1019715801553378,sentinel2,covmat,quantile
genfill,fsc,treatment_0010,P09,9,False,0.8736683164962811,0.08736683164962811,sentinel2,covmat,quantile
genfill,fsc,treatment_0010,P10,10,False,1.0369154394132618,0.10369154394132617,sentinel2,covmat,quantile
genfill,fsc,treatment_0010,P11,11,True,1.0025317493284753,0.10025317493284754,sentinel2,covmat,quantile
genfill,fsc,treatment_0010,P12,12,True,1.0074890736646642,0.10074890736646641,sentinel2,covmat,quantile
genfill,fsc,treatment_0010,P13,13,True,0.559620188702091,0.05596201887020909,sentinel2,covmat,quantile
genfill,fsc,treatment_0010,P14,14,True,0.7384878537612312,0.07384878537612312,sentinel2,covmat,quantile
genfill,fsc,treatment_0010,P16,15,True,0.5785806728237405,0.057858067282374054,sentinel2,covmat,quantile
genfill,fsc,treatment_0010,P17,16,True,0.634556045714599,0.0634556045714599,sentinel2,covmat,quantile
genfill,fsc,treatment_0010,P18,17,True,0.6935388512612102,0.06935388512612102,sentinel2,covmat,quantile
genfill,fsc,treatment_0010,P19,18,True,0.7337142928147775,0.07337142928147775,sentinel2,covmat,quantile
genfill,fsc,treatment_0010,P20,19,True,2.1948891183219508,0.2194889118321951,sentinel2,covmat,quantile
genfill,fsc,treatment_0001,P01,1,False,0.10712410402714653,0.047907355726691726,sentinel2,covmat,chip_mean
genfill,fsc,treatment_0001,P02,2,False,0.12679297847432366,0.05670354378765105,sentinel2,covmat,chip_mean
genfill,fsc,treatment_0001,P03,3,False,0.07792728223290397,0.03485014007491698,sentinel2,covmat,chip_mean
genfill,fsc,treatment_0001,P04,4,False,0.045986516560495516,0.02056579541553756,sentinel2,covmat,chip_mean
genfill,fsc,treatment_0001,P05,5,False,0.10190680998544295,0.04557411089952096,sentinel2,covmat,chip_mean
genfill,fsc,treatment_0001,P06,6,False,0.04790122351193004,0.021422078395617355,sentinel2,covmat,chip_mean
genfill,fsc,treatment_0001,P07,7,False,0.060599768771570556,0.02710104047880014,sentinel2,covmat,chip_mean
genfill,fsc,treatment_0001,P08,8,False,0.12240133966409901,0.05473954320519333,sentinel2,covmat,chip_mean
genfill,fsc,treatment_0001,P09,9,False,0.09263324701852509,0.04142684746199036,sentinel2,covmat,chip_mean
genfill,fsc,treatment_0001,P10,10,False,0.15702878495628336,0.07022540751728919,sentinel2,covmat,chip_mean
genfill,fsc,treatment_0001,P11,11,True,0.16361728371277556,0.07317187373512707,sentinel2,covmat,chip_mean
genfill,fsc,treatment_0001,P12,12,True,0.15376687486653257,0.06876663697785414,sentinel2,covmat,chip_mean
genfill,fsc,treatment_0001,P13,13,True,0.09584433619277907,0.042862890197079485,sentinel2,covmat,chip_mean
genfill,fsc,treatment_0001,P14,14,True,0.10538444690570849,0.047129357410476316,sentinel2,covmat,chip_mean
genfill,fsc,treatment_0001,P16,15,True,0.153538602179083,0.06866455032854539,sentinel2,covmat,chip_mean
genfill,fsc,treatment_0001,P17,16,True,0.04454869226054343,0.019922780840658776,sentinel2,covmat,chip_mean
genfill,fsc,treatment_0001,P18,17,True,0.06875757208216343,0.030749321028711835,sentinel2,covmat,chip_mean
genfill,fsc,treatment_0001,P19,18,True,0.24838026646361366,0.11107903201643028,sentinel2,covmat,chip_mean
genfill,fsc,treatment_0001,P20,19,True,0.13406577792222463,0.059956038578096955,sentinel2,covmat,chip_mean
genfill,fsc,treatment_0002,P01,1,False,0.11353049003218858,0.050772378646167196,sentinel2,covmat,chip_mean
genfill,fsc,treatment_0002,P02,2,False,0.09252232210982507,0.04137724033474012,sentinel2,covmat,chip_mean
genfill,fsc,treatment_0002,P03,3,False,0.05298026284943681,0.023693493839429484,sentinel2,covmat,chip_mean
genfill,fsc,treatment_0002,P04,4,False,0.347962502082743,0.1556135616555851,sentinel2,covmat,chip_mean
genfill,fsc,treatment_0002,P05,5,False,0.12413438083957294,0.0555145827804265,sentinel2,covmat,chip_mean
genfill,fsc,treatment_0002,P06,6,False,0.036431522839989766,0.016292672318810663,sentinel2,covmat,chip_mean
genfill,fsc,treatment_0002,P07,7,False,0.10695224642188593,0.04783049866912912,sentinel2,covmat,chip_mean
genfill,fsc,treatment_0002,P08,8,False,0.058532422460254384,0.02617649510177286,sentinel2,covmat,chip_mean
genfill,fsc,treatment_0002,P09,9,False,0.10314696562788583,0.0461287253633574,sentinel2,covmat,chip_mean
genfill,fsc,treatment_0002,P10,10,False,0.08644543691681478,0.038659574658133536,sentinel2,covmat,chip_mean
genfill,fsc,treatment_0002,P11,11,True,0.08736232067156818,0.0390696175387523,sentinel2,covmat,chip_mean
genfill,fsc,treatment_0002,P12,12,True,0.09040326870261765,0.04042957084144646,sentinel2,covmat,chip_mean
genfill,fsc,treatment_0002,P13,13,True,0.02975916173777564,0.01330870171981542,sentinel2,covmat,chip_mean
genfill,fsc,treatment_0002,P14,14,True,0.10711273109236379,0.04790226959563615,sentinel2,covmat,chip_mean
genfill,fsc,treatment_0002,P16,15,True,0.07514619902331167,0.03360640185337064,sentinel2,covmat,chip_mean
genfill,fsc,treatment_0002,P17,16,True,0.014904823097215988,0.006665639527596781,sentinel2,covmat,chip_mean
genfill,fsc,treatment_0002,P18,17,True,0.056374492888914975,0.025211439659338475,sentinel2,covmat,chip_mean
genfill,fsc,treatment_0002,P19,18,True,0.09120309005421552,0.04078726182385218,sentinel2,covmat,chip_mean
genfill,fsc,treatment_0002,P20,19,True,0.1274976827310439,0.05701869711206304,sentinel2,covmat,chip_mean
genfill,fsc,treatment_0003,P01,1,False,0.20438167298528293,0.091402262830045,sentinel2,covmat,chip_mean
genfill,fsc,treatment_0003,P02,2,False,0.04425276061061853,0.019790436183473627,sentinel2,covmat,chip_mean
genfill,fsc,treatment_0003,P03,3,False,0.06343142505710146,0.02836739566747247,sentinel2,covmat,chip_mean
genfill,fsc,treatment_0003,P04,4,False,0.08808764576259852,0.03939399278061832,sentinel2,covmat,chip_mean
genfill,fsc,treatment_0003,P05,5,False,0.149189026868287,0.06671936111490646,sentinel2,covmat,chip_mean
genfill,fsc,treatment_0003,P06,6,False,0.02376118087959124,0.01062632313448685,sentinel2,covmat,chip_mean
genfill,fsc,treatment_0003,P07,7,False,0.07857660137090199,0.035140524421247994,sentinel2,covmat,chip_mean
genfill,fsc,treatment_0003,P08,8,False,0.09734515518295866,0.04353407685387231,sentinel2,covmat,chip_mean
genfill,fsc,treatment_0003,P09,9,False,0.05428820167227594,0.02427842186308535,sentinel2,covmat,chip_mean
genfill,fsc,treatment_0003,P10,10,False,0.06963546273838402,0.03114192566553606,sentinel2,covmat,chip_mean
genfill,fsc,treatment_0003,P11,11,True,0.05662170544967453,0.02532199647748851,sentinel2,covmat,chip_mean
genfill,fsc,treatment_0003,P12,12,True,0.061233350067317345,0.027384386648112585,sentinel2,covmat,chip_mean
genfill,fsc,treatment_0003,P13,13,True,0.12810095948350853,0.05728849067761429,sentinel2,covmat,chip_mean
genfill,fsc,treatment_0003,P14,14,True,0.09082707605374357,0.04061910325074279,sentinel2,covmat,chip_mean
genfill,fsc,treatment_0003,P16,15,True,0.06890863101714303,0.03081687663815646,sentinel2,covmat,chip_mean
genfill,fsc,treatment_0003,P17,16,True,0.07420313092509709,0.03318464897836679,sentinel2,covmat,chip_mean
genfill,fsc,treatment_0003,P18,17,True,0.10640477871185108,0.047585663666104304,sentinel2,covmat,chip_mean
genfill,fsc,treatment_0003,P19,18,True,0.10195754022727474,0.045596798153371136,sentinel2,covmat,chip_mean
genfill,fsc,treatment_0003,P20,19,True,0.04537023540576764,0.020290186104492836,sentinel2,covmat,chip_mean
genfill,fsc,treatment_0004,P01,1,False,0.01275215313333131,0.005702936253123149,sentinel2,covmat,chip_mean
genfill,fsc,treatment_0004,P02,2,False,0.08810957487625902,0.03940379977838456,sentinel2,covmat,chip_mean
genfill,fsc,treatment_0004,P03,3,False,0.0348887559620787,0.015602725996321811,sentinel2,covmat,chip_mean
genfill,fsc,treatment_0004,P04,4,False,0.03858600399686548,0.01725618558341396,sentinel2,covmat,chip_mean
genfill,fsc,treatment_0004,P05,5,False,0.02431637022625457,0.010874611358391432,sentinel2,covmat,chip_mean
genfill,fsc,treatment_0004,P06,6,False,0.07100442432167484,0.031754143897300864,sentinel2,covmat,chip_mean
genfill,fsc,treatment_0004,P07,7,False,0.032199167331781214,0.014399905394550666,sentinel2,covmat,chip_mean
genfill,fsc,treatment_0004,P08,8,False,0.05405101037661372,0.02417234669093096,sentinel2,covmat,chip_mean
genfill,fsc,treatment_0004,P09,9,False,0.030848925068153538,0.013796058697037728,sentinel2,covmat,chip_mean
genfill,fsc,treatment_0004,P10,10,False,0.04104728446359124,0.0183569036704722,sentinel2,covmat,chip_mean
genfill,fsc,treatment_0004,P11,11,True,0.18561743262544933,0.08301063943189839,sentinel2,covmat,chip_mean
genfill,fsc,treatment_0004,P12,12,True,0.11441757914835146,0.051169096959335275,sentinel2,covmat,chip_mean
genfill,fsc,treatment_0004,P13,13,True,0.07022237119182,0.03140439910522649,sentinel2,covmat,chip_mean
genfill,fsc,treatment_0004,P14,14,True,0.06909806779862826,0.030901595342324412,sentinel2,covmat,chip_mean
genfill,fsc,treatment_0004,P16,15,True,0.09992238592530839,0.044686649480591555,sentinel2,covmat,chip_mean
genfill,fsc,treatment_0004,P17,16,True,0.04553709219672505,0.020364806729910485,sentinel2,covmat,chip_mean
genfill,fsc,treatment_0004,P18,17,True,0.059648113286888245,0.026675447207818108,sentinel2,covmat,chip_mean
genfill,fsc,treatment_0004,P19,18,True,0.08581747069976658,0.03837873962835491,sentinel2,covmat,chip_mean
genfill,fsc,treatment_0004,P20,19,True,0.27138021107042165,0.12136491994034075,sentinel2,covmat,chip_mean
genfill,fsc,treatment_0005,P01,1,False,0.07231671113428347,0.03234101640109475,sentinel2,covmat,chip_mean
genfill,fsc,treatment_0005,P02,2,False,0.26888929763167263,0.12025094958531864,sentinel2,covmat,chip_mean
genfill,fsc,treatment_0005,P03,3,False,0.09730154568568698,0.043514574093799496,sentinel2,covmat,chip_mean
genfill,fsc,treatment_0005,P04,4,False,0.04672298966391124,0.020895156200105115,sentinel2,covmat,chip_mean
genfill,fsc,treatment_0005,P05,5,False,0.057242161362286124,0.02559947279701675,sentinel2,covmat,chip_mean
genfill,fsc,treatment_0005,P06,6,False,0.06093603738346368,0.02725142437377864,sentinel2,covmat,chip_mean
genfill,fsc,treatment_0005,P07,7,False,0.060325602471857726,0.026978429582140643,sentinel2,covmat,chip_mean
genfill,fsc,treatment_0005,P08,8,False,0.07927154458218078,0.03545131247343228,sentinel2,covmat,chip_mean
genfill,fsc,treatment_0005,P09,9,False,0.10617858912971385,0.047484508609812084,sentinel2,covmat,chip_mean
genfill,fsc,treatment_0005,P10,10,False,0.053297374609406076,0.02383531052978066,sentinel2,covmat,chip_mean
genfill,fsc,treatment_0005,P11,11,True,0.09359612445798778,0.04185745934371826,sentinel2,covmat,chip_mean
genfill,fsc,treatment_0005,P12,12,True,0.06262217676388532,0.02800548882861107,sentinel2,covmat,chip_mean
genfill,fsc,treatment_0005,P13,13,True,0.04925724565631282,0.022028509934384342,sentinel2,covmat,chip_mean
genfill,fsc,treatment_0005,P14,14,True,0.05862315893777447,0.026217073688127618,sentinel2,covmat,chip_mean
genfill,fsc,treatment_0005,P16,15,True,0.030576626996657568,0.013674283297436312,sentinel2,covmat,chip_mean
genfill,fsc,treatment_0005,P17,16,True,0.06222635514856572,0.027828472020847393,sentinel2,covmat,chip_mean
genfill,fsc,treatment_0005,P18,17,True,0.043508751979033776,0.019457705408259605,sentinel2,covmat,chip_mean
genfill,fsc,treatment_0005,P19,18,True,0.07628727740504564,0.03411670761921316,sentinel2,covmat,chip_mean
genfill,fsc,treatment_0005,P20,19,True,0.09619225616753554,0.04301848473993657,sentinel2,covmat,chip_mean
genfill,fsc,treatment_0006,P01,1,False,0.0760930274775409,0.03402983641070816,sentinel2,covmat,chip_mean
genfill,fsc,treatment_0006,P02,2,False,0.05563249732437154,0.024879609155073985,sentinel2,covmat,chip_mean
genfill,fsc,treatment_0006,P03,3,False,0.04841939578537459,0.02165381208111288,sentinel2,covmat,chip_mean
genfill,fsc,treatment_0006,P04,4,False,0.10288114817770405,0.04600984818571498,sentinel2,covmat,chip_mean
genfill,fsc,treatment_0006,P05,5,False,0.06446013076087236,0.028827446843967167,sentinel2,covmat,chip_mean
genfill,fsc,treatment_0006,P06,6,False,0.06051197007928164,0.027061775709941418,sentinel2,covmat,chip_mean
genfill,fsc,treatment_0006,P07,7,False,0.07106510591289392,0.03178128152989061,sentinel2,covmat,chip_mean
genfill,fsc,treatment_0006,P08,8,False,0.07751038623686482,0.03466369851757877,sentinel2,covmat,chip_mean
genfill,fsc,treatment_0006,P09,9,False,0.05753122609783082,0.025728746476731935,sentinel2,covmat,chip_mean
genfill,fsc,treatment_0006,P10,10,False,0.07982456156844715,0.035698629188233015,sentinel2,covmat,chip_mean
genfill,fsc,treatment_0006,P11,11,True,0.11419514642423512,0.05106962202102635,sentinel2,covmat,chip_mean
genfill,fsc,treatment_0006,P12,12,True,0.09381289096910767,0.04195440027454017,sentinel2,covmat,chip_mean
genfill,fsc,treatment_0006,P13,13,True,0.0545174844117602,0.02438096022139619,sentinel2,covmat,chip_mean
genfill,fsc,treatment_0006,P14,14,True,0.061529352522588454,0.02751676297041119,sentinel2,covmat,chip_mean
genfill,fsc,treatment_0006,P16,15,True,0.04697707575025471,0.021008786952345294,sentinel2,covmat,chip_mean
genfill,fsc,treatment_0006,P17,16,True,0.09862887943109064,0.04410817579050989,sentinel2,covmat,chip_mean
genfill,fsc,treatment_0006,P18,17,True,0.06196645068325232,0.027712239210428095,sentinel2,covmat,chip_mean
genfill,fsc,treatment_0006,P19,18,True,0.07809772306839544,0.03492636353377713,sentinel2,covmat,chip_mean
genfill,fsc,treatment_0006,P20,19,True,0.2109958293110171,0.09436020346167537,sentinel2,covmat,chip_mean
genfill,fsc,treatment_0007,P01,1,False,0.2040087447940292,0.09123548427277113,sentinel2,covmat,chip_mean
genfill,fsc,treatment_0007,P02,2,False,0.09831885041821543,0.04396952660095267,sentinel2,covmat,chip_mean
genfill,fsc,treatment_0007,P03,3,False,0.20203884560722632,0.09035451857466857,sentinel2,covmat,chip_mean
genfill,fsc,treatment_0007,P04,4,False,0.0482566776020081,0.02158104229727633,sentinel2,covmat,chip_mean
genfill,fsc,treatment_0007,P05,5,False,0.2727207076017225,0.12196440821385904,sentinel2,covmat,chip_mean
genfill,fsc,treatment_0007,P06,6,False,0.11405581387693814,0.0510073106115795,sentinel2,covmat,chip_mean
genfill,fsc,treatment_0007,P07,7,False,0.046252398335906615,0.020684701360297066,sentinel2,covmat,chip_mean
genfill,fsc,treatment_0007,P08,8,False,0.1446009606551402,0.0646675155273332,sentinel2,covmat,chip_mean
genfill,fsc,treatment_0007,P09,9,False,0.12401668299659552,0.05546194670488598,sentinel2,covmat,chip_mean
genfill,fsc,treatment_0007,P10,10,False,0.1495420753862195,0.06687724921199698,sentinel2,covmat,chip_mean
genfill,fsc,treatment_0007,P11,11,True,0.12354300908801641,0.0552501132931358,sentinel2,covmat,chip_mean
genfill,fsc,treatment_0007,P12,12,True,0.10680374417062719,0.04776408644340386,sentinel2,covmat,chip_mean
genfill,fsc,treatment_0007,P13,13,True,0.071627419863581,0.032032755973577166,sentinel2,covmat,chip_mean
genfill,fsc,treatment_0007,P14,14,True,0.09657101777122447,0.04318787207855963,sentinel2,covmat,chip_mean
genfill,fsc,treatment_0007,P16,15,True,0.05244601006218564,0.023454568729537013,sentinel2,covmat,chip_mean
genfill,fsc,treatment_0007,P17,16,True,0.12517325973883464,0.05597918354825436,sentinel2,covmat,chip_mean
genfill,fsc,treatment_0007,P18,17,True,0.13707049800354246,0.061299790249134026,sentinel2,covmat,chip_mean
genfill,fsc,treatment_0007,P19,18,True,0.09344716317155137,0.04179084183122074,sentinel2,covmat,chip_mean
genfill,fsc,treatment_0007,P20,19,True,0.07989455123434616,0.03572992951836755,sentinel2,covmat,chip_mean
genfill,fsc,treatment_0008,P01,1,False,0.12782092910572257,0.05716325728551541,sentinel2,covmat,chip_mean
genfill,fsc,treatment_0008,P02,2,False,0.07102917732272572,0.03176521377590025,sentinel2,covmat,chip_mean
genfill,fsc,treatment_0008,P03,3,False,0.019770459039284864,0.008841618071643229,sentinel2,covmat,chip_mean
genfill,fsc,treatment_0008,P04,4,False,0.08258090150180757,0.03693130188025124,sentinel2,covmat,chip_mean
genfill,fsc,treatment_0008,P05,5,False,0.06351933936508075,0.02840671214123978,sentinel2,covmat,chip_mean
genfill,fsc,treatment_0008,P06,6,False,0.053449148644030366,0.02390318594150852,sentinel2,covmat,chip_mean
genfill,fsc,treatment_0008,P07,7,False,0.04869298345750519,0.02177616420765087,sentinel2,covmat,chip_mean
genfill,fsc,treatment_0008,P08,8,False,0.09098387298180288,0.04068922496870355,sentinel2,covmat,chip_mean
genfill,fsc,treatment_0008,P09,9,False,0.07027371294813882,0.03142735983666911,sentinel2,covmat,chip_mean
genfill,fsc,treatment_0008,P10,10,False,0.10177072051846353,0.04551324983968342,sentinel2,covmat,chip_mean
genfill,fsc,treatment_0008,P11,11,True,0.14409693908353138,0.06444211022808449,sentinel2,covmat,chip_mean
genfill,fsc,treatment_0008,P12,12,True,0.11633669234300716,0.05202735047128866,sentinel2,covmat,chip_mean
genfill,fsc,treatment_0008,P13,13,True,0.08019001686187364,0.035862065764000764,sentinel2,covmat,chip_mean
genfill,fsc,treatment_0008,P14,14,True,0.07702383545428339,0.03444610639270721,sentinel2,covmat,chip_mean
genfill,fsc,treatment_0008,P16,15,True,0.059416400965933674,0.026571822307642375,sentinel2,covmat,chip_mean
genfill,fsc,treatment_0008,P17,16,True,0.06522702199066648,0.029170411028200782,sentinel2,covmat,chip_mean
genfill,fsc,treatment_0008,P18,17,True,0.017070817428991556,0.007634301640542661,sentinel2,covmat,chip_mean
genfill,fsc,treatment_0008,P19,18,True,0.05413950025995164,0.024211920569823877,sentinel2,covmat,chip_mean
genfill,fsc,treatment_0008,P20,19,True,0.21288194975715977,0.09520370216794083,sentinel2,covmat,chip_mean
genfill,fsc,treatment_0009,P01,1,False,0.06787893616685928,0.03035638310189327,sentinel2,covmat,chip_mean
genfill,fsc,treatment_0009,P02,2,False,0.17029988069076438,0.07616042195693061,sentinel2,covmat,chip_mean
genfill,fsc,treatment_0009,P03,3,False,0.07545318592756789,0.03374369057059446,sentinel2,covmat,chip_mean
genfill,fsc,treatment_0009,P04,4,False,0.12889120644279206,0.05764189986160838,sentinel2,covmat,chip_mean
genfill,fsc,treatment_0009,P05,5,False,0.12507546068783235,0.055935446483019145,sentinel2,covmat,chip_mean
genfill,fsc,treatment_0009,P06,6,False,0.08280818352156984,0.03703294548950161,sentinel2,covmat,chip_mean
genfill,fsc,treatment_0009,P07,7,False,0.06690497652387818,0.029920815108083837,sentinel2,covmat,chip_mean
genfill,fsc,treatment_0009,P08,8,False,0.1092308927399751,0.048849540281914516,sentinel2,covmat,chip_mean
genfill,fsc,treatment_0009,P09,9,False,0.03379445042238937,0.01511333768134182,sentinel2,covmat,chip_mean
genfill,fsc,treatment_0009,P10,10,False,0.04605390556773035,0.02059593269576022,sentinel2,covmat,chip_mean
genfill,fsc,treatment_0009,P11,11,True,0.1275908991710524,0.057060384771358955,sentinel2,covmat,chip_mean
genfill,fsc,treatment_0009,P12,12,True,0.0907112667684092,0.040567311763856126,sentinel2,covmat,chip_mean
genfill,fsc,treatment_0009,P13,13,True,0.03830937417599384,0.017132472966599442,sentinel2,covmat,chip_mean
genfill,fsc,treatment_0009,P14,14,True,0.0756268937294577,0.033821375061244004,sentinel2,covmat,chip_mean
genfill,fsc,treatment_0009,P16,15,True,0.10631781983910345,0.047546774475962214,sentinel2,covmat,chip_mean
genfill,fsc,treatment_0009,P17,16,True,0.06017186464865361,0.026909675937461193,sentinel2,covmat,chip_mean
genfill,fsc,treatment_0009,P18,17,True,0.03443683682158136,0.015400621612624742,sentinel2,covmat,chip_mean
genfill,fsc,treatment_0009,P19,18,True,0.14402945403479092,0.06441192999679478,sentinel2,covmat,chip_mean
genfill,fsc,treatment_0009,P20,19,True,0.20031681040405447,0.08958440101988058,sentinel2,covmat,chip_mean
genfill,fsc,treatment_0010,P01,1,False,0.032591269974861295,0.014575259027367544,sentinel2,covmat,chip_mean
genfill,fsc,treatment_0010,P02,2,False,0.06311208108042625,0.028224580699462293,sentinel2,covmat,chip_mean
genfill,fsc,treatment_0010,P03,3,False,0.0531857383108498,0.023785385259315,sentinel2,covmat,chip_mean
genfill,fsc,treatment_0010,P04,4,False,0.05452235670812094,0.024383139178570015,sentinel2,covmat,chip_mean
genfill,fsc,treatment_0010,P05,5,False,0.07378807085965622,0.03299902847415253,sentinel2,covmat,chip_mean
genfill,fsc,treatment_0010,P06,6,False,0.06224653762511935,0.027837497898753037,sentinel2,covmat,chip_mean
genfill,fsc,treatment_0010,P07,7,False,0.0744660838035899,0.03330224508060462,sentinel2,covmat,chip_mean
genfill,fsc,treatment_0010,P08,8,False,0.1322093246561619,0.059125807438103396,sentinel2,covmat,chip_mean
genfill,fsc,treatment_0010,P09,9,False,0.09274384517157588,0.041476308459671866,sentinel2,covmat,chip_mean
genfill,fsc,treatment_0010,P10,10,False,0.11724635164910355,0.05243416248024802,sentinel2,covmat,chip_mean
genfill,fsc,treatment_0010,P11,11,True,0.11929450466900475,0.05335012435641213,sentinel2,covmat,chip_mean
genfill,fsc,treatment_0010,P12,12,True,0.1231370022586476,0.055068541519176235,sentinel2,covmat,chip_mean
genfill,fsc,treatment_0010,P13,13,True,0.04456782786661932,0.019931338543854045,sentinel2,covmat,chip_mean
genfill,fsc,treatment_0010,P14,14,True,0.09091063701437355,0.04065647284838955,sentinel2,covmat,chip_mean
genfill,fsc,treatment_0010,P16,15,True,0.054446341031057256,0.024349143934316003,sentinel2,covmat,chip_mean
genfill,fsc,treatment_0010,P17,16,True,0.07444803339638349,0.033294172693097604,sentinel2,covmat,chip_mean
genfill,fsc,treatment_0010,P18,17,True,0.09977285002985568,0.04461977499512984,sentinel2,covmat,chip_mean
genfill,fsc,treatment_0010,P19,18,True,0.08705216536717579,0.03893091186991161,sentinel2,covmat,chip_mean
genfill,fsc,treatment_0010,P20,19,True,0.4645410980266993,0.2077490947060186,sentinel2,covmat,chip_mean
genfill,fsc,treatment_0001,P01,1,False,0.9132671124267158,0.09132671124267157,sentinel2,bspline,quantile
genfill,fsc,treatment_0001,P02,2,False,0.8632898896445933,0.08632898896445933,sentinel2,bspline,quantile
genfill,fsc,treatment_0001,P03,3,False,0.6678374538508695,0.06678374538508694,sentinel2,bspline,quantile
genfill,fsc,treatment_0001,P04,4,False,0.7535460827335793,0.07535460827335792,sentinel2,bspline,quantile
genfill,fsc,treatment_0001,P05,5,False,0.9546838861618824,0.09546838861618824,sentinel2,bspline,quantile
genfill,fsc,treatment_0001,P06,6,False,0.6225485547256321,0.06225485547256321,sentinel2,bspline,quantile
genfill,fsc,treatment_0001,P07,7,False,0.8280253921383155,0.08280253921383154,sentinel2,bspline,quantile
genfill,fsc,treatment_0001,P08,8,False,0.8531043629403574,0.08531043629403574,sentinel2,bspline,quantile
genfill,fsc,treatment_0001,P09,9,False,0.6480781761535602,0.06480781761535602,sentinel2,bspline,quantile
genfill,fsc,treatment_0001,P10,10,False,1.0091169967233002,0.10091169967233003,sentinel2,bspline,quantile
genfill,fsc,treatment_0001,P11,11,True,0.9246234330723506,0.09246234330723506,sentinel2,bspline,quantile
genfill,fsc,treatment_0001,P12,12,True,1.0335212374947575,0.10335212374947576,sentinel2,bspline,quantile
genfill,fsc,treatment_0001,P13,13,True,0.8806880590474744,0.08806880590474743,sentinel2,bspline,quantile
genfill,fsc,treatment_0001,P14,14,True,0.8489923000898606,0.08489923000898605,sentinel2,bspline,quantile
genfill,fsc,treatment_0001,P16,15,True,1.043120713792058,0.1043120713792058,sentinel2,bspline,quantile
genfill,fsc,treatment_0001,P17,16,True,0.498188369792698,0.0498188369792698,sentinel2,bspline,quantile
genfill,fsc,treatment_0001,P18,17,True,0.6286877353115427,0.06286877353115428,sentinel2,bspline,quantile
genfill,fsc,treatment_0001,P19,18,True,1.3050886700359157,0.13050886700359157,sentinel2,bspline,quantile
genfill,fsc,treatment_0001,P20,19,True,1.0025299516305455,0.10025299516305454,sentinel2,bspline,quantile
genfill,fsc,treatment_0002,P01,1,False,0.8169118268051033,0.08169118268051033,sentinel2,bspline,quantile
genfill,fsc,treatment_0002,P02,2,False,0.7365788860694188,0.07365788860694188,sentinel2,bspline,quantile
genfill,fsc,treatment_0002,P03,3,False,0.6719789441307316,0.06719789441307315,sentinel2,bspline,quantile
genfill,fsc,treatment_0002,P04,4,False,1.8359644319878634,0.18359644319878635,sentinel2,bspline,quantile
genfill,fsc,treatment_0002,P05,5,False,0.9796630558481516,0.09796630558481517,sentinel2,bspline,quantile
genfill,fsc,treatment_0002,P06,6,False,0.47949687619123615,0.04794968761912362,sentinel2,bspline,quantile
genfill,fsc,treatment_0002,P07,7,False,0.977218895144047,0.0977218895144047,sentinel2,bspline,quantile
genfill,fsc,treatment_0002,P08,8,False,0.8609597997965109,0.0860959799796511,sentinel2,bspline,quantile
genfill,fsc,treatment_0002,P09,9,False,0.9092266921132522,0.09092266921132522,sentinel2,bspline,quantile
genfill,fsc,treatment_0002,P10,10,False,0.7769750312413083,0.07769750312413083,sentinel2,bspline,quantile
genfill,fsc,treatment_0002,P11,11,True,0.7210475947662515,0.07210475947662515,sentinel2,bspline,quantile
genfill,fsc,treatment_0002,P12,12,True,0.7603999146856774,0.07603999146856773,sentinel2,bspline,quantile
genfill,fsc,treatment_0002,P13,13,True,0.574978285066615,0.0574978285066615,sentinel2,bspline,quantile
genfill,fsc,treatment_0002,P14,14,True,0.8877910900754022,0.08877910900754023,sentinel2,bspline,quantile
genfill,fsc,treatment_0002,P16,15,True,0.7524072729640204,0.07524072729640205,sentinel2,bspline,quantile
genfill,fsc,treatment_0002,P17,16,True,0.5277963317085442,0.05277963317085442,sentinel2,bspline,quantile
genfill,fsc,treatment_0002,P18,17,True,0.5193128239960031,0.05193128239960031,sentinel2,bspline,quantile
genfill,fsc,treatment_0002,P19,18,True,0.8532227071423897,0.08532227071423898,sentinel2,bspline,quantile
genfill,fsc,treatment_0002,P20,19,True,1.019275490441521,0.10192754904415212,sentinel2,bspline,quantile
genfill,fsc,treatment_0003,P01,1,False,1.858263413480921,0.18582634134809212,sentinel2,bspline,quantile
genfill,fsc,treatment_0003,P02,2,False,0.7209787171198258,0.07209787171198258,sentinel2,bspline,quantile
genfill,fsc,treatment_0003,P03,3,False,0.6341205537403567,0.06341205537403567,sentinel2,bspline,quantile
genfill,fsc,treatment_0003,P04,4,False,1.1537068563197157,0.11537068563197156,sentinel2,bspline,quantile
genfill,fsc,treatment_0003,P05,5,False,1.3755257418127516,0.13755257418127514,sentinel2,bspline,quantile
genfill,fsc,treatment_0003,P06,6,False,0.5498614977638948,0.054986149776389485,sentinel2,bspline,quantile
genfill,fsc,treatment_0003,P07,7,False,0.7284749871087591,0.07284749871087591,sentinel2,bspline,quantile
genfill,fsc,treatment_0003,P08,8,False,0.7668943103608666,0.07668943103608666,sentinel2,bspline,quantile
genfill,fsc,treatment_0003,P09,9,False,0.9501969371450232,0.09501969371450232,sentinel2,bspline,quantile
genfill,fsc,treatment_0003,P10,10,False,0.7424111270553987,0.07424111270553987,sentinel2,bspline,quantile
genfill,fsc,treatment_0003,P11,11,True,0.781078854813248,0.0781078854813248,sentinel2,bspline,quantile
genfill,fsc,treatment_0003,P12,12,True,0.7577532302361906,0.07577532302361906,sentinel2,bspline,quantile
genfill,fsc,treatment_0003,P13,13,True,0.8084538791001452,0.08084538791001453,sentinel2,bspline,quantile
genfill,fsc,treatment_0003,P14,14,True,0.7568011228910793,0.07568011228910793,sentinel2,bspline,quantile
genfill,fsc,treatment_0003,P16,15,True,0.6407631307642851,0.06407631307642851,sentinel2,bspline,quantile
genfill,fsc,treatment_0003,P17,16,True,0.6248466128310388,0.06248466128310388,sentinel2,bspline,quantile
genfill,fsc,treatment_0003,P18,17,True,0.8577968835550239,0.0857796883555024,sentinel2,bspline,quantile
genfill,fsc,treatment_0003,P19,18,True,0.7144611228616361,0.0714461122861636,sentinel2,bspline,quantile
genfill,fsc,treatment_0003,P20,19,True,0.6446954829913835,0.06446954829913835,sentinel2,bspline,quantile
genfill,fsc,treatment_0004,P01,1,False,0.4314687240436626,0.04314687240436626,sentinel2,bspline,quantile
genfill,fsc,treatment_0004,P02,2,False,0.7664128481613224,0.07664128481613224,sentinel2,bspline,quantile
genfill,fsc,treatment_0004,P03,3,False,0.5436702953534203,0.05436702953534203,sentinel2,bspline,quantile
genfill,fsc,treatment_0004,P04,4,False,0.48802680522785524,0.048802680522785524,sentinel2,bspline,quantile
genfill,fsc,treatment_0004,P05,5,False,0.43082638734499956,0.04308263873449995,sentinel2,bspline,quantile
genfill,fsc,treatment_0004,P06,6,False,0.6923176939994817,0.06923176939994817,sentinel2,bspline,quantile
genfill,fsc,treatment_0004,P07,7,False,0.5782485621392454,0.057824856213924546,sentinel2,bspline,quantile
genfill,fsc,treatment_0004,P08,8,False,0.5919007837773711,0.05919007837773711,sentinel2,bspline,quantile
genfill,fsc,treatment_0004,P09,9,False,0.6489150537255859,0.0648915053725586,sentinel2,bspline,quantile
genfill,fsc,treatment_0004,P10,10,False,0.4964745752436094,0.049647457524360936,sentinel2,bspline,quantile
genfill,fsc,treatment_0004,P11,11,True,1.053450513650738,0.10534505136507379,sentinel2,bspline,quantile
genfill,fsc,treatment_0004,P12,12,True,0.7976015560260393,0.07976015560260392,sentinel2,bspline,quantile
genfill,fsc,treatment_0004,P13,13,True,0.6385319465148099,0.063853194651481,sentinel2,bspline,quantile
genfill,fsc,treatment_0004,P14,14,True,0.7346075554724277,0.07346075554724278,sentinel2,bspline,quantile
genfill,fsc,treatment_0004,P16,15,True,0.8008901193132184,0.08008901193132183,sentinel2,bspline,quantile
genfill,fsc,treatment_0004,P17,16,True,0.5601652288824832,0.05601652288824833,sentinel2,bspline,quantile
genfill,fsc,treatment_0004,P18,17,True,0.6448495370302509,0.0644849537030251,sentinel2,bspline,quantile
genfill,fsc,treatment_0004,P19,18,True,0.7851325335348313,0.07851325335348312,sentinel2,bspline,quantile
genfill,fsc,treatment_0004,P20,19,True,1.3011646782570119,0.1301164678257012,sentinel2,bspline,quantile
genfill,fsc,treatment_0005,P01,1,False,0.644690882082156,0.06446908820821559,sentinel2,bspline,quantile
genfill,fsc,treatment_0005,P02,2,False,1.8305080456666016,0.18305080456666015,sentinel2,bspline,quantile
genfill,fsc,treatment_0005,P03,3,False,0.6635311346126154,0.06635311346126153,sentinel2,bspline,quantile
genfill,fsc,treatment_0005,P04,4,False,0.5336229087574053,0.05336229087574053,sentinel2,bspline,quantile
genfill,fsc,treatment_0005,P05,5,False,0.6609948469637498,0.06609948469637497,sentinel2,bspline,quantile
genfill,fsc,treatment_0005,P06,6,False,0.5152622349185263,0.05152622349185263,sentinel2,bspline,quantile
genfill,fsc,treatment_0005,P07,7,False,0.7375202327865993,0.07375202327865993,sentinel2,bspline,quantile
genfill,fsc,treatment_0005,P08,8,False,0.8534663024232579,0.08534663024232579,sentinel2,bspline,quantile
genfill,fsc,treatment_0005,P09,9,False,0.9981733234719843,0.09981733234719843,sentinel2,bspline,quantile
genfill,fsc,treatment_0005,P10,10,False,0.8220419873481172,0.08220419873481172,sentinel2,bspline,quantile
genfill,fsc,treatment_0005,P11,11,True,0.8699883336920459,0.08699883336920458,sentinel2,bspline,quantile
genfill,fsc,treatment_0005,P12,12,True,0.8321382020321004,0.08321382020321004,sentinel2,bspline,quantile
genfill,fsc,treatment_0005,P13,13,True,0.6239395980333363,0.06239395980333363,sentinel2,bspline,quantile
genfill,fsc,treatment_0005,P14,14,True,0.6529785000523595,0.06529785000523594,sentinel2,bspline,quantile
genfill,fsc,treatment_0005,P16,15,True,0.6444646520828818,0.06444646520828819,sentinel2,bspline,quantile
genfill,fsc,treatment_0005,P17,16,True,0.6775058498996303,0.06775058498996303,sentinel2,bspline,quantile
genfill,fsc,treatment_0005,P18,17,True,0.5700740283610609,0.05700740283610609,sentinel2,bspline,quantile
genfill,fsc,treatment_0005,P19,18,True,0.8413669660930998,0.08413669660930999,sentinel2,bspline,quantile
genfill,fsc,treatment_0005,P20,19,True,0.8877839595187281,0.08877839595187281,sentinel2,bspline,quantile
genfill,fsc,treatment_0006,P01,1,False,0.8848170530132875,0.08848170530132875,sentinel2,bspline,quantile
genfill,fsc,treatment_0006,P02,2,False,0.7694283244321726,0.07694283244321726,sentinel2,bspline,quantile
genfill,fsc,treatment_0006,P03,3,False,0.5567811125911589,0.0556781112591159,sentinel2,bspline,quantile
genfill,fsc,treatment_0006,P04,4,False,1.0113750563423525,0.10113750563423522,sentinel2,bspline,quantile
genfill,fsc,treatment_0006,P05,5,False,0.8375125088015848,0.08375125088015849,sentinel2,bspline,quantile
genfill,fsc,treatment_0006,P06,6,False,0.5370148935486881,0.05370148935486882,sentinel2,bspline,quantile
genfill,fsc,treatment_0006,P07,7,False,0.7746605681603224,0.07746605681603223,sentinel2,bspline,quantile
genfill,fsc,treatment_0006,P08,8,False,0.793736516791435,0.0793736516791435,sentinel2,bspline,quantile
genfill,fsc,treatment_0006,P09,9,False,0.5943041988997486,0.05943041988997486,sentinel2,bspline,quantile
genfill,fsc,treatment_0006,P10,10,False,0.6538642556236041,0.0653864255623604,sentinel2,bspline,quantile
genfill,fsc,treatment_0006,P11,11,True,0.7784380303106255,0.07784380303106256,sentinel2,bspline,quantile
genfill,fsc,treatment_0006,P12,12,True,0.738653731127469,0.0738653731127469,sentinel2,bspline,quantile
genfill,fsc,treatment_0006,P13,13,True,0.6745815348485706,0.06745815348485706,sentinel2,bspline,quantile
genfill,fsc,treatment_0006,P14,14,True,0.7349012200248859,0.07349012200248858,sentinel2,bspline,quantile
genfill,fsc,treatment_0006,P16,15,True,0.6209556149130371,0.06209556149130371,sentinel2,bspline,quantile
genfill,fsc,treatment_0006,P17,16,True,0.7662449860762809,0.07662449860762809,sentinel2,bspline,quantile
genfill,fsc,treatment_0006,P18,17,True,0.6224721520108641,0.06224721520108642,sentinel2,bspline,quantile
genfill,fsc,treatment_0006,P19,18,True,0.6473583492586673,0.06473583492586672,sentinel2,bspline,quantile
genfill,fsc,treatment_0006,P20,19,True,1.3605285230573407,0.13605285230573405,sentinel2,bspline,quantile
genfill,fsc,treatment_0007,P01,1,False,1.1292131795138598,0.11292131795138598,sentinel2,bspline,quantile
genfill,fsc,treatment_0007,P02,2,False,0.8192343851995887,0.08192343851995885,sentinel2,bspline,quantile
genfill,fsc,treatment_0007,P03,3,False,1.400928366782437,0.1400928366782437,sentinel2,bspline,quantile
genfill,fsc,treatment_0007,P04,4,False,0.6363487379596188,0.06363487379596187,sentinel2,bspline,quantile
genfill,fsc,treatment_0007,P05,5,False,1.5370456154882435,0.15370456154882434,sentinel2,bspline,quantile
genfill,fsc,treatment_0007,P06,6,False,0.9444632628343841,0.09444632628343841,sentinel2,bspline,quantile
genfill,fsc,treatment_0007,P07,7,False,0.6236986865960142,0.06236986865960142,sentinel2,bspline,quantile
genfill,fsc,treatment_0007,P08,8,False,1.2082138890470115,0.12082138890470116,sentinel2,bspline,quantile
genfill,fsc,treatment_0007,P09,9,False,0.9171156666628236,0.09171156666628236,sentinel2,bspline,quantile
genfill,fsc,treatment_0007,P10,10,False,1.1196258621580242,0.11196258621580242,sentinel2,bspline,quantile
genfill,fsc,treatment_0007,P11,11,True,1.0110970262121897,0.10110970262121896,sentinel2,bspline,quantile
genfill,fsc,treatment_0007,P12,12,True,1.0063984563893558,0.10063984563893556,sentinel2,bspline,quantile
genfill,fsc,treatment_0007,P13,13,True,0.7323131704823848,0.07323131704823847,sentinel2,bspline,quantile
genfill,fsc,treatment_0007,P14,14,True,0.8003878313076314,0.08003878313076312,sentinel2,bspline,quantile
genfill,fsc,treatment_0007,P16,15,True,0.7988939361708284,0.07988939361708283,sentinel2,bspline,quantile
genfill,fsc,treatment_0007,P17,16,True,0.9752684705721839,0.0975268470572184,sentinel2,bspline,quantile
genfill,fsc,treatment_0007,P18,17,True,0.9077944107595421,0.0907794410759542,sentinel2,bspline,quantile
genfill,fsc,treatment_0007,P19,18,True,0.8668280233477584,0.08668280233477585,sentinel2,bspline,quantile
genfill,fsc,treatment_0007,P20,19,True,0.899128896492213,0.0899128896492213,sentinel2,bspline,quantile
genfill,fsc,treatment_0008,P01,1,False,0.8448978997915244,0.08448978997915245,sentinel2,bspline,quantile
genfill,fsc,treatment_0008,P02,2,False,0.6981807091214509,0.06981807091214509,sentinel2,bspline,quantile
genfill,fsc,treatment_0008,P03,3,False,0.5459454033418613,0.05459454033418613,sentinel2,bspline,quantile
genfill,fsc,treatment_0008,P04,4,False,0.6582155658343684,0.06582155658343684,sentinel2,bspline,quantile
genfill,fsc,treatment_0008,P05,5,False,0.8894777808747908,0.08894777808747908,sentinel2,bspline,quantile
genfill,fsc,treatment_0008,P06,6,False,0.6556324493419095,0.06556324493419095,sentinel2,bspline,quantile
genfill,fsc,treatment_0008,P07,7,False,0.5469620017261317,0.05469620017261318,sentinel2,bspline,quantile
genfill,fsc,treatment_0008,P08,8,False,0.7169001897994633,0.07169001897994634,sentinel2,bspline,quantile
genfill,fsc,treatment_0008,P09,9,False,0.6163022403036881,0.0616302240303688,sentinel2,bspline,quantile
genfill,fsc,treatment_0008,P10,10,False,0.7865558175595334,0.07865558175595334,sentinel2,bspline,quantile
genfill,fsc,treatment_0008,P11,11,True,0.911178313532132,0.09111783135321319,sentinel2,bspline,quantile
genfill,fsc,treatment_0008,P12,12,True,0.897823340549103,0.0897823340549103,sentinel2,bspline,quantile
genfill,fsc,treatment_0008,P13,13,True,0.7261965357430054,0.07261965357430053,sentinel2,bspline,quantile
genfill,fsc,treatment_0008,P14,14,True,0.6670293805797801,0.06670293805797801,sentinel2,bspline,quantile
genfill,fsc,treatment_0008,P16,15,True,0.5701385116096123,0.05701385116096123,sentinel2,bspline,quantile
genfill,fsc,treatment_0008,P17,16,True,0.6182749029035329,0.061827490290353296,sentinel2,bspline,quantile
genfill,fsc,treatment_0008,P18,17,True,0.6072713671408728,0.06072713671408728,sentinel2,bspline,quantile
genfill,fsc,treatment_0008,P19,18,True,0.5659339926556372,0.05659339926556372,sentinel2,bspline,quantile
genfill,fsc,treatment_0008,P20,19,True,1.2917224019016715,0.12917224019016715,sentinel2,bspline,quantile
genfill,fsc,treatment_0009,P01,1,False,0.7000484005744744,0.07000484005744743,sentinel2,bspline,quantile
genfill,fsc,treatment_0009,P02,2,False,1.112699467359363,0.1112699467359363,sentinel2,bspline,quantile
genfill,fsc,treatment_0009,P03,3,False,0.836674698268552,0.08366746982685519,sentinel2,bspline,quantile
genfill,fsc,treatment_0009,P04,4,False,0.8491323731932915,0.08491323731932916,sentinel2,bspline,quantile
genfill,fsc,treatment_0009,P05,5,False,0.9896930023272695,0.09896930023272694,sentinel2,bspline,quantile
genfill,fsc,treatment_0009,P06,6,False,0.6610746256195178,0.06610746256195178,sentinel2,bspline,quantile
genfill,fsc,treatment_0009,P07,7,False,0.7689650762196351,0.0768965076219635,sentinel2,bspline,quantile
genfill,fsc,treatment_0009,P08,8,False,0.840507788450788,0.08405077884507879,sentinel2,bspline,quantile
genfill,fsc,treatment_0009,P09,9,False,0.5156918675872997,0.05156918675872997,sentinel2,bspline,quantile
genfill,fsc,treatment_0009,P10,10,False,0.5655648689157176,0.05655648689157176,sentinel2,bspline,quantile
genfill,fsc,treatment_0009,P11,11,True,0.8027466232134822,0.08027466232134822,sentinel2,bspline,quantile
genfill,fsc,treatment_0009,P12,12,True,0.6631743212234077,0.06631743212234077,sentinel2,bspline,quantile
genfill,fsc,treatment_0009,P13,13,True,0.5322883127584881,0.053228831275848806,sentinel2,bspline,quantile
genfill,fsc,treatment_0009,P14,14,True,0.6440685509409445,0.06440685509409444,sentinel2,bspline,quantile
genfill,fsc,treatment_0009,P16,15,True,0.8337469042740934,0.08337469042740933,sentinel2,bspline,quantile
genfill,fsc,treatment_0009,P17,16,True,0.5153047858325381,0.05153047858325381,sentinel2,bspline,quantile
genfill,fsc,treatment_0009,P18,17,True,0.6598554232257358,0.06598554232257359,sentinel2,bspline,quantile
genfill,fsc,treatment_0009,P19,18,True,0.8011856172994329,0.08011856172994329,sentinel2,bspline,quantile
genfill,fsc,treatment_0009,P20,19,True,1.3254250968420835,0.13254250968420836,sentinel2,bspline,quantile
genfill,fsc,treatment_0010,P01,1,False,0.5221347432867838,0.05221347432867838,sentinel2,bspline,quantile
genfill,fsc,treatment_0010,P02,2,False,0.6285106514745628,0.06285106514745628,sentinel2,bspline,quantile
genfill,fsc,treatment_0010,P03,3,False,0.6614115064433103,0.06614115064433101,sentinel2,bspline,quantile
genfill,fsc,treatment_0010,P04,4,False,0.7359033913843721,0.07359033913843721,sentinel2,bspline,quantile
genfill,fsc,treatment_0010,P05,5,False,0.6490413535356769,0.06490413535356768,sentinel2,bspline,quantile
genfill,fsc,treatment_0010,P06,6,False,0.670891941174,0.0670891941174,sentinel2,bspline,quantile
genfill,fsc,treatment_0010,P07,7,False,0.7535076025753752,0.07535076025753752,sentinel2,bspline,quantile
genfill,fsc,treatment_0010,P08,8,False,1.0197158015533778,0.1019715801553378,sentinel2,bspline,quantile
genfill,fsc,treatment_0010,P09,9,False,0.8736683164962811,0.08736683164962811,sentinel2,bspline,quantile
genfill,fsc,treatment_0010,P10,10,False,1.0369154394132618,0.10369154394132617,sentinel2,bspline,quantile
genfill,fsc,treatment_0010,P11,11,True,1.0025317493284753,0.10025317493284754,sentinel2,bspline,quantile
genfill,fsc,treatment_0010,P12,12,True,1.0074890736646642,0.10074890736646641,sentinel2,bspline,quantile
genfill,fsc,treatment_0010,P13,13,True,0.559620188702091,0.05596201887020909,sentinel2,bspline,quantile
genfill,fsc,treatment_0010,P14,14,True,0.7384878537612312,0.07384878537612312,sentinel2,bspline,quantile
genfill,fsc,treatment_0010,P16,15,True,0.5785806728237405,0.057858067282374054,sentinel2,bspline,quantile
genfill,fsc,treatment_0010,P17,16,True,0.634556045714599,0.0634556045714599,sentinel2,bspline,quantile
genfill,fsc,treatment_0010,P18,17,True,0.6935388512612102,0.06935388512612102,sentinel2,bspline,quantile
genfill,fsc,treatment_0010,P19,18,True,0.7337142928147775,0.07337142928147775,sentinel2,bspline,quantile
genfill,fsc,treatment_0010,P20,19,True,2.1948891183219508,0.2194889118321951,sentinel2,bspline,quantile
