variant,sensor,treatment_site_id,fit_window,donor,weight,lambda,lambda_at_boundary,intercept,sum_weights,weight_l2_norm,largest_donor_weight,n_negative_weights,sum_negative_weight,effective_donors,n_train_periods
paper,sentinel1,treatment_0001,P01-08,counterfactual_0003_03,0.0590902654682568,1.0,False,0.0,0.1514116483052794,0.07538175414743647,0.0590902654682568,0,-0.0,175.98170510583915,8
paper,sentinel1,treatment_0001,P01-08,counterfactual_0007_04,0.02319478297448461,1.0,False,0.0,0.1514116483052794,0.07538175414743647,0.0590902654682568,0,-0.0,175.98170510583915,8
paper,sentinel1,treatment_0001,P01-08,counterfactual_0006_04,0.019592532952746978,1.0,False,0.0,0.1514116483052794,0.07538175414743647,0.0590902654682568,0,-0.0,175.98170510583915,8
paper,sentinel1,treatment_0001,P01-08,counterfactual_0010_03,0.029353545647496298,1.0,False,0.0,0.1514116483052794,0.07538175414743647,0.0590902654682568,0,-0.0,175.98170510583915,8
paper,sentinel1,treatment_0001,P01-08,counterfactual_0006_02,0.02018052126229473,1.0,False,0.0,0.1514116483052794,0.07538175414743647,0.0590902654682568,0,-0.0,175.98170510583915,8
paper,sentinel1,treatment_0001,P01-09,counterfactual_0003_03,0.05884696903149073,1.0,False,0.0,0.15078576186945952,0.07559945446887469,0.05884696903149073,0,-0.0,174.96963134370654,9
paper,sentinel1,treatment_0001,P01-09,counterfactual_0007_04,0.023836245068014125,1.0,False,0.0,0.15078576186945952,0.07559945446887469,0.05884696903149073,0,-0.0,174.96963134370654,9
paper,sentinel1,treatment_0001,P01-09,counterfactual_0006_04,0.017158208261054984,1.0,False,0.0,0.15078576186945952,0.07559945446887469,0.05884696903149073,0,-0.0,174.96963134370654,9
paper,sentinel1,treatment_0001,P01-09,counterfactual_0010_03,0.0322573815465403,1.0,False,0.0,0.15078576186945952,0.07559945446887469,0.05884696903149073,0,-0.0,174.96963134370654,9
paper,sentinel1,treatment_0001,P01-09,counterfactual_0006_02,0.01868695796235937,1.0,False,0.0,0.15078576186945952,0.07559945446887469,0.05884696903149073,0,-0.0,174.96963134370654,9
paper,sentinel1,treatment_0002,P01-08,counterfactual_0002_01,0.03759176578170236,1.0,False,0.0,0.14069634457791375,0.06442364723230662,0.03759176578170236,0,-0.0,240.94026518020632,8
paper,sentinel1,treatment_0002,P01-08,counterfactual_0006_03,0.030977929223196695,1.0,False,0.0,0.14069634457791375,0.06442364723230662,0.03759176578170236,0,-0.0,240.94026518020632,8
paper,sentinel1,treatment_0002,P01-08,counterfactual_0001_05,0.028149276691412945,1.0,False,0.0,0.14069634457791375,0.06442364723230662,0.03759176578170236,0,-0.0,240.94026518020632,8
paper,sentinel1,treatment_0002,P01-08,counterfactual_0007_01,0.025009193694184955,1.0,False,0.0,0.14069634457791375,0.06442364723230662,0.03759176578170236,0,-0.0,240.94026518020632,8
paper,sentinel1,treatment_0002,P01-08,counterfactual_0010_04,0.018968179187416778,1.0,False,0.0,0.14069634457791375,0.06442364723230662,0.03759176578170236,0,-0.0,240.94026518020632,8
paper,sentinel1,treatment_0002,P01-09,counterfactual_0002_01,0.03851085648626944,1.0,False,0.0,0.136535268330982,0.06275336152986949,0.03851085648626944,0,-0.0,253.93701514945772,9
paper,sentinel1,treatment_0002,P01-09,counterfactual_0006_03,0.02905640754224843,1.0,False,0.0,0.136535268330982,0.06275336152986949,0.03851085648626944,0,-0.0,253.93701514945772,9
paper,sentinel1,treatment_0002,P01-09,counterfactual_0001_05,0.024384244267544396,1.0,False,0.0,0.136535268330982,0.06275336152986949,0.03851085648626944,0,-0.0,253.93701514945772,9
paper,sentinel1,treatment_0002,P01-09,counterfactual_0007_01,0.025621767313323354,1.0,False,0.0,0.136535268330982,0.06275336152986949,0.03851085648626944,0,-0.0,253.93701514945772,9
paper,sentinel1,treatment_0002,P01-09,counterfactual_0010_04,0.018961992721596387,1.0,False,0.0,0.136535268330982,0.06275336152986949,0.03851085648626944,0,-0.0,253.93701514945772,9
paper,sentinel1,treatment_0003,P01-08,counterfactual_0006_01,0.08672527955144693,1.0,False,0.0,0.24301396526145222,0.11723175526258701,0.08672527955144693,0,-0.0,72.76281039107444,8
paper,sentinel1,treatment_0003,P01-08,counterfactual_0008_03,0.041384523299880134,1.0,False,0.0,0.24301396526145222,0.11723175526258701,0.08672527955144693,0,-0.0,72.76281039107444,8
paper,sentinel1,treatment_0003,P01-08,counterfactual_0006_05,0.031181480055440084,1.0,False,0.0,0.24301396526145222,0.11723175526258701,0.08672527955144693,0,-0.0,72.76281039107444,8
paper,sentinel1,treatment_0003,P01-08,counterfactual_0004_01,0.04588023972872454,1.0,False,0.0,0.24301396526145222,0.11723175526258701,0.08672527955144693,0,-0.0,72.76281039107444,8
paper,sentinel1,treatment_0003,P01-08,counterfactual_0003_05,0.037842442625960544,1.0,False,0.0,0.24301396526145222,0.11723175526258701,0.08672527955144693,0,-0.0,72.76281039107444,8
paper,sentinel1,treatment_0003,P01-09,counterfactual_0006_01,0.08433263171215032,1.0,False,0.0,0.23640649774482056,0.1140326380917659,0.08433263171215032,0,-0.0,76.90271219655648,9
paper,sentinel1,treatment_0003,P01-09,counterfactual_0008_03,0.03784139875134828,1.0,False,0.0,0.23640649774482056,0.1140326380917659,0.08433263171215032,0,-0.0,76.90271219655648,9
paper,sentinel1,treatment_0003,P01-09,counterfactual_0006_05,0.03329571900472733,1.0,False,0.0,0.23640649774482056,0.1140326380917659,0.08433263171215032,0,-0.0,76.90271219655648,9
paper,sentinel1,treatment_0003,P01-09,counterfactual_0004_01,0.04661226559142998,1.0,False,0.0,0.23640649774482056,0.1140326380917659,0.08433263171215032,0,-0.0,76.90271219655648,9
paper,sentinel1,treatment_0003,P01-09,counterfactual_0003_05,0.03432448268516466,1.0,False,0.0,0.23640649774482056,0.1140326380917659,0.08433263171215032,0,-0.0,76.90271219655648,9
paper,sentinel1,treatment_0004,P01-08,counterfactual_0005_05,0.06553460355171702,1.0,False,0.0,0.16124373907477144,0.08234455885684162,0.06553460355171702,0,-0.0,147.47900045541243,8
paper,sentinel1,treatment_0004,P01-08,counterfactual_0001_01,0.0223122447465368,1.0,False,0.0,0.16124373907477144,0.08234455885684162,0.06553460355171702,0,-0.0,147.47900045541243,8
paper,sentinel1,treatment_0004,P01-08,counterfactual_0002_03,0.03487802901783055,1.0,False,0.0,0.16124373907477144,0.08234455885684162,0.06553460355171702,0,-0.0,147.47900045541243,8
paper,sentinel1,treatment_0004,P01-08,counterfactual_0006_02,0.015407315794307664,1.0,False,0.0,0.16124373907477144,0.08234455885684162,0.06553460355171702,0,-0.0,147.47900045541243,8
paper,sentinel1,treatment_0004,P01-08,counterfactual_0010_03,0.02311154596437941,1.0,False,0.0,0.16124373907477144,0.08234455885684162,0.06553460355171702,0,-0.0,147.47900045541243,8
paper,sentinel1,treatment_0004,P01-09,counterfactual_0005_05,0.0626035965422373,1.0,False,0.0,0.15106285289635948,0.0779719394306707,0.0626035965422373,0,-0.0,164.4838741331527,9
paper,sentinel1,treatment_0004,P01-09,counterfactual_0001_01,0.02158552293159951,1.0,False,0.0,0.15106285289635948,0.0779719394306707,0.0626035965422373,0,-0.0,164.4838741331527,9
paper,sentinel1,treatment_0004,P01-09,counterfactual_0002_03,0.03267057833841375,1.0,False,0.0,0.15106285289635948,0.0779719394306707,0.0626035965422373,0,-0.0,164.4838741331527,9
paper,sentinel1,treatment_0004,P01-09,counterfactual_0006_02,0.012508994363378635,1.0,False,0.0,0.15106285289635948,0.0779719394306707,0.0626035965422373,0,-0.0,164.4838741331527,9
paper,sentinel1,treatment_0004,P01-09,counterfactual_0010_03,0.0216941607207303,1.0,False,0.0,0.15106285289635948,0.0779719394306707,0.0626035965422373,0,-0.0,164.4838741331527,9
paper,sentinel1,treatment_0005,P01-08,counterfactual_0006_01,0.035776076900141875,1.0,False,0.0,0.09612239950922391,0.05185316709371458,0.035776076900141875,1,0.0038596172841346833,371.9199074922502,8
paper,sentinel1,treatment_0005,P01-08,counterfactual_0005_03,0.01954037913834043,1.0,False,0.0,0.09612239950922391,0.05185316709371458,0.035776076900141875,1,0.0038596172841346833,371.9199074922502,8
paper,sentinel1,treatment_0005,P01-08,counterfactual_0004_05,0.025034079885079445,1.0,False,0.0,0.09612239950922391,0.05185316709371458,0.035776076900141875,1,0.0038596172841346833,371.9199074922502,8
paper,sentinel1,treatment_0005,P01-08,counterfactual_0010_04,0.01963148086979685,1.0,False,0.0,0.09612239950922391,0.05185316709371458,0.035776076900141875,1,0.0038596172841346833,371.9199074922502,8
paper,sentinel1,treatment_0005,P01-08,counterfactual_0001_04,-0.0038596172841346833,1.0,False,0.0,0.09612239950922391,0.05185316709371458,0.035776076900141875,1,0.0038596172841346833,371.9199074922502,8
paper,sentinel1,treatment_0005,P01-09,counterfactual_0006_01,0.034112241047730654,1.0,False,0.0,0.08642928227248495,0.05189597942235642,0.034112241047730654,1,0.01201240743644694,371.30651934032585,9
paper,sentinel1,treatment_0005,P01-09,counterfactual_0005_03,0.021670918868991272,1.0,False,0.0,0.08642928227248495,0.05189597942235642,0.034112241047730654,1,0.01201240743644694,371.30651934032585,9
paper,sentinel1,treatment_0005,P01-09,counterfactual_0004_05,0.02302425041892241,1.0,False,0.0,0.08642928227248495,0.05189597942235642,0.034112241047730654,1,0.01201240743644694,371.30651934032585,9
paper,sentinel1,treatment_0005,P01-09,counterfactual_0010_04,0.01963427937328754,1.0,False,0.0,0.08642928227248495,0.05189597942235642,0.034112241047730654,1,0.01201240743644694,371.30651934032585,9
paper,sentinel1,treatment_0005,P01-09,counterfactual_0001_04,-0.01201240743644694,1.0,False,0.0,0.08642928227248495,0.05189597942235642,0.034112241047730654,1,0.01201240743644694,371.30651934032585,9
paper,sentinel1,treatment_0006,P01-08,counterfactual_0006_04,0.02396698329740173,1.0,False,0.0,0.13654739340580183,0.06720888555307328,0.05083925778976431,0,-0.0,221.38419462540145,8
paper,sentinel1,treatment_0006,P01-08,counterfactual_0009_01,0.05083925778976431,1.0,False,0.0,0.13654739340580183,0.06720888555307328,0.05083925778976431,0,-0.0,221.38419462540145,8
paper,sentinel1,treatment_0006,P01-08,counterfactual_0003_03,0.02457400360936899,1.0,False,0.0,0.13654739340580183,0.06720888555307328,0.05083925778976431,0,-0.0,221.38419462540145,8
paper,sentinel1,treatment_0006,P01-08,counterfactual_0007_02,0.012952954881058508,1.0,False,0.0,0.13654739340580183,0.06720888555307328,0.05083925778976431,0,-0.0,221.38419462540145,8
paper,sentinel1,treatment_0006,P01-08,counterfactual_0010_01,0.0242141938282083,1.0,False,0.0,0.13654739340580183,0.06720888555307328,0.05083925778976431,0,-0.0,221.38419462540145,8
paper,sentinel1,treatment_0006,P01-09,counterfactual_0006_04,0.025117874479696812,1.0,False,0.0,0.1365527831061783,0.06762727690776942,0.05010919032926099,0,-0.0,218.6533820330856,9
paper,sentinel1,treatment_0006,P01-09,counterfactual_0009_01,0.05010919032926099,1.0,False,0.0,0.1365527831061783,0.06762727690776942,0.05010919032926099,0,-0.0,218.6533820330856,9
paper,sentinel1,treatment_0006,P01-09,counterfactual_0003_03,0.02260068761249245,1.0,False,0.0,0.1365527831061783,0.06762727690776942,0.05010919032926099,0,-0.0,218.6533820330856,9
paper,sentinel1,treatment_0006,P01-09,counterfactual_0007_02,0.010115761133340747,1.0,False,0.0,0.1365527831061783,0.06762727690776942,0.05010919032926099,0,-0.0,218.6533820330856,9
paper,sentinel1,treatment_0006,P01-09,counterfactual_0010_01,0.028609269551387307,1.0,False,0.0,0.1365527831061783,0.06762727690776942,0.05010919032926099,0,-0.0,218.6533820330856,9
paper,sentinel1,treatment_0007,P01-08,counterfactual_0006_05,0.08612500830989872,1.0,False,0.0,0.2247397213114444,0.11294149888320651,0.08612500830989872,0,-0.0,78.39581976815377,8
paper,sentinel1,treatment_0007,P01-08,counterfactual_0003_02,0.03952404458558941,1.0,False,0.0,0.2247397213114444,0.11294149888320651,0.08612500830989872,0,-0.0,78.39581976815377,8
paper,sentinel1,treatment_0007,P01-08,counterfactual_0008_03,0.035754376271334896,1.0,False,0.0,0.2247397213114444,0.11294149888320651,0.08612500830989872,0,-0.0,78.39581976815377,8
paper,sentinel1,treatment_0007,P01-08,counterfactual_0008_01,0.047352479646532844,1.0,False,0.0,0.2247397213114444,0.11294149888320651,0.08612500830989872,0,-0.0,78.39581976815377,8
paper,sentinel1,treatment_0007,P01-08,counterfactual_0007_04,0.015983812498088525,1.0,False,0.0,0.2247397213114444,0.11294149888320651,0.08612500830989872,0,-0.0,78.39581976815377,8
paper,sentinel1,treatment_0007,P01-09,counterfactual_0006_05,0.08589793105915038,1.0,False,0.0,0.22836944004588755,0.11395208647803444,0.08589793105915038,0,-0.0,77.01147417228849,9
paper,sentinel1,treatment_0007,P01-09,counterfactual_0003_02,0.038637937328699946,1.0,False,0.0,0.22836944004588755,0.11395208647803444,0.08589793105915038,0,-0.0,77.01147417228849,9
paper,sentinel1,treatment_0007,P01-09,counterfactual_0008_03,0.0357530616628563,1.0,False,0.0,0.22836944004588755,0.11395208647803444,0.08589793105915038,0,-0.0,77.01147417228849,9
paper,sentinel1,treatment_0007,P01-09,counterfactual_0008_01,0.05013332668338706,1.0,False,0.0,0.22836944004588755,0.11395208647803444,0.08589793105915038,0,-0.0,77.01147417228849,9
paper,sentinel1,treatment_0007,P01-09,counterfactual_0007_04,0.017947183311793857,1.0,False,0.0,0.22836944004588755,0.11395208647803444,0.08589793105915038,0,-0.0,77.01147417228849,9
paper,sentinel1,treatment_0008,P01-08,counterfactual_0006_05,0.049477319649767024,1.0,False,0.0,0.1333380175704543,0.07085032106092447,0.049477319649767024,0,-0.0,199.21239410036526,8
paper,sentinel1,treatment_0008,P01-08,counterfactual_0005_03,0.0376586387721565,1.0,False,0.0,0.1333380175704543,0.07085032106092447,0.049477319649767024,0,-0.0,199.21239410036526,8
paper,sentinel1,treatment_0008,P01-08,counterfactual_0008_03,0.030923930588083424,1.0,False,0.0,0.1333380175704543,0.07085032106092447,0.049477319649767024,0,-0.0,199.21239410036526,8
paper,sentinel1,treatment_0008,P01-08,counterfactual_0003_01,0.013986885613866662,1.0,False,0.0,0.1333380175704543,0.07085032106092447,0.049477319649767024,0,-0.0,199.21239410036526,8
paper,sentinel1,treatment_0008,P01-08,counterfactual_0007_03,0.0012912429465807074,1.0,False,0.0,0.1333380175704543,0.07085032106092447,0.049477319649767024,0,-0.0,199.21239410036526,8
paper,sentinel1,treatment_0008,P01-09,counterfactual_0006_05,0.04594628816045631,1.0,False,0.0,0.13074855282431525,0.07010451276259753,0.04594628816045631,0,-0.0,203.47359087368272,9
paper,sentinel1,treatment_0008,P01-09,counterfactual_0005_03,0.039919297893652124,1.0,False,0.0,0.13074855282431525,0.07010451276259753,0.04594628816045631,0,-0.0,203.47359087368272,9
paper,sentinel1,treatment_0008,P01-09,counterfactual_0008_03,0.03255367632420852,1.0,False,0.0,0.13074855282431525,0.07010451276259753,0.04594628816045631,0,-0.0,203.47359087368272,9
paper,sentinel1,treatment_0008,P01-09,counterfactual_0003_01,0.012259045356037142,1.0,False,0.0,0.13074855282431525,0.07010451276259753,0.04594628816045631,0,-0.0,203.47359087368272,9
paper,sentinel1,treatment_0008,P01-09,counterfactual_0007_03,7.024508996114066e-05,1.0,False,0.0,0.13074855282431525,0.07010451276259753,0.04594628816045631,0,-0.0,203.47359087368272,9
paper,sentinel1,treatment_0009,P01-08,counterfactual_0003_02,0.06817881227975629,1.0,False,0.0,0.2172976311607926,0.10248820600100274,0.06817881227975629,0,-0.0,95.2033472013857,8
paper,sentinel1,treatment_0009,P01-08,counterfactual_0001_04,0.03541524261171516,1.0,False,0.0,0.2172976311607926,0.10248820600100274,0.06817881227975629,0,-0.0,95.2033472013857,8
paper,sentinel1,treatment_0009,P01-08,counterfactual_0001_05,0.051846036654112665,1.0,False,0.0,0.2172976311607926,0.10248820600100274,0.06817881227975629,0,-0.0,95.2033472013857,8
paper,sentinel1,treatment_0009,P01-08,counterfactual_0005_03,0.030765374862843937,1.0,False,0.0,0.2172976311607926,0.10248820600100274,0.06817881227975629,0,-0.0,95.2033472013857,8
paper,sentinel1,treatment_0009,P01-08,counterfactual_0009_05,0.031092164752364534,1.0,False,0.0,0.2172976311607926,0.10248820600100274,0.06817881227975629,0,-0.0,95.2033472013857,8
paper,sentinel1,treatment_0009,P01-09,counterfactual_0003_02,0.0682047360525035,1.0,False,0.0,0.21316292808265683,0.10029387534427438,0.0682047360525035,0,-0.0,99.41483007820254,9
paper,sentinel1,treatment_0009,P01-09,counterfactual_0001_04,0.03467414285488289,1.0,False,0.0,0.21316292808265683,0.10029387534427438,0.0682047360525035,0,-0.0,99.41483007820254,9
paper,sentinel1,treatment_0009,P01-09,counterfactual_0001_05,0.0465451390788751,1.0,False,0.0,0.21316292808265683,0.10029387534427438,0.0682047360525035,0,-0.0,99.41483007820254,9
paper,sentinel1,treatment_0009,P01-09,counterfactual_0005_03,0.03001137447266559,1.0,False,0.0,0.21316292808265683,0.10029387534427438,0.0682047360525035,0,-0.0,99.41483007820254,9
paper,sentinel1,treatment_0009,P01-09,counterfactual_0009_05,0.03372753562372977,1.0,False,0.0,0.21316292808265683,0.10029387534427438,0.0682047360525035,0,-0.0,99.41483007820254,9
paper,sentinel1,treatment_0010,P01-08,counterfactual_0007_04,0.033414383739234145,1.0,False,0.0,0.18107715054528456,0.0893761665062412,0.06592535554067745,0,-0.0,125.18622798179268,8
paper,sentinel1,treatment_0010,P01-08,counterfactual_0009_02,0.06592535554067745,1.0,False,0.0,0.18107715054528456,0.0893761665062412,0.06592535554067745,0,-0.0,125.18622798179268,8
paper,sentinel1,treatment_0010,P01-08,counterfactual_0008_03,0.032086300950342726,1.0,False,0.0,0.18107715054528456,0.0893761665062412,0.06592535554067745,0,-0.0,125.18622798179268,8
paper,sentinel1,treatment_0010,P01-08,counterfactual_0001_01,0.03629897027857234,1.0,False,0.0,0.18107715054528456,0.0893761665062412,0.06592535554067745,0,-0.0,125.18622798179268,8
paper,sentinel1,treatment_0010,P01-08,counterfactual_0003_02,0.013352140036457889,1.0,False,0.0,0.18107715054528456,0.0893761665062412,0.06592535554067745,0,-0.0,125.18622798179268,8
paper,sentinel1,treatment_0010,P01-09,counterfactual_0007_04,0.03381638060469725,1.0,False,0.0,0.18487436214528502,0.09095031688440838,0.06572903875739045,0,-0.0,120.89033105929116,9
paper,sentinel1,treatment_0010,P01-09,counterfactual_0009_02,0.06572903875739045,1.0,False,0.0,0.18487436214528502,0.09095031688440838,0.06572903875739045,0,-0.0,120.89033105929116,9
paper,sentinel1,treatment_0010,P01-09,counterfactual_0008_03,0.03381180886799188,1.0,False,0.0,0.18487436214528502,0.09095031688440838,0.06572903875739045,0,-0.0,120.89033105929116,9
paper,sentinel1,treatment_0010,P01-09,counterfactual_0001_01,0.03875587525312682,1.0,False,0.0,0.18487436214528502,0.09095031688440838,0.06572903875739045,0,-0.0,120.89033105929116,9
paper,sentinel1,treatment_0010,P01-09,counterfactual_0003_02,0.01276125866207864,1.0,False,0.0,0.18487436214528502,0.09095031688440838,0.06572903875739045,0,-0.0,120.89033105929116,9
paper,sentinel2,treatment_0001,P01-08,counterfactual_0002_02,0.22542916350265133,1.0,False,0.0,0.5289592150473608,0.30231790195449293,0.22542916350265133,1,0.00909598978586033,10.941384244486784,8
paper,sentinel2,treatment_0001,P01-08,counterfactual_0005_02,0.10160597449134866,1.0,False,0.0,0.5289592150473608,0.30231790195449293,0.22542916350265133,1,0.00909598978586033,10.941384244486784,8
paper,sentinel2,treatment_0001,P01-08,counterfactual_0009_03,0.16838515050787356,1.0,False,0.0,0.5289592150473608,0.30231790195449293,0.22542916350265133,1,0.00909598978586033,10.941384244486784,8
paper,sentinel2,treatment_0001,P01-08,counterfactual_0005_03,0.042634916331347535,1.0,False,0.0,0.5289592150473608,0.30231790195449293,0.22542916350265133,1,0.00909598978586033,10.941384244486784,8
paper,sentinel2,treatment_0001,P01-08,counterfactual_0008_03,-0.00909598978586033,1.0,False,0.0,0.5289592150473608,0.30231790195449293,0.22542916350265133,1,0.00909598978586033,10.941384244486784,8
paper,sentinel2,treatment_0001,P01-09,counterfactual_0002_02,0.18615988523962285,1.0,False,0.0,0.5406677321809833,0.31094648134877667,0.18615988523962285,1,0.01256758484107912,10.34257565835084,9
paper,sentinel2,treatment_0001,P01-09,counterfactual_0005_02,0.17557709901797508,1.0,False,0.0,0.5406677321809833,0.31094648134877667,0.18615988523962285,1,0.01256758484107912,10.34257565835084,9
paper,sentinel2,treatment_0001,P01-09,counterfactual_0009_03,0.17547100710566652,1.0,False,0.0,0.5406677321809833,0.31094648134877667,0.18615988523962285,1,0.01256758484107912,10.34257565835084,9
paper,sentinel2,treatment_0001,P01-09,counterfactual_0005_03,-0.01256758484107912,1.0,False,0.0,0.5406677321809833,0.31094648134877667,0.18615988523962285,1,0.01256758484107912,10.34257565835084,9
paper,sentinel2,treatment_0001,P01-09,counterfactual_0008_03,0.016027325658797907,1.0,False,0.0,0.5406677321809833,0.31094648134877667,0.18615988523962285,1,0.01256758484107912,10.34257565835084,9
paper,sentinel2,treatment_0002,P01-08,counterfactual_0004_01,0.3214567359980751,1.0,False,0.0,0.8617402331519406,0.4485937300469687,0.3214567359980751,0,-0.0,4.969281525633033,8
paper,sentinel2,treatment_0002,P01-08,counterfactual_0008_01,0.19728293345424538,1.0,False,0.0,0.8617402331519406,0.4485937300469687,0.3214567359980751,0,-0.0,4.969281525633033,8
paper,sentinel2,treatment_0002,P01-08,counterfactual_0001_01,0.2175215515378485,1.0,False,0.0,0.8617402331519406,0.4485937300469687,0.3214567359980751,0,-0.0,4.969281525633033,8
paper,sentinel2,treatment_0002,P01-08,counterfactual_0009_05,0.019189367983376036,1.0,False,0.0,0.8617402331519406,0.4485937300469687,0.3214567359980751,0,-0.0,4.969281525633033,8
paper,sentinel2,treatment_0002,P01-08,counterfactual_0003_04,0.10628964417839565,1.0,False,0.0,0.8617402331519406,0.4485937300469687,0.3214567359980751,0,-0.0,4.969281525633033,8
paper,sentinel2,treatment_0002,P01-09,counterfactual_0004_01,0.2855184238458491,1.0,False,0.0,0.815435700191895,0.4517089598643568,0.2942893001788415,1,0.026032350295952193,4.900976158461708,9
paper,sentinel2,treatment_0002,P01-09,counterfactual_0008_01,0.15322743295619976,1.0,False,0.0,0.815435700191895,0.4517089598643568,0.2942893001788415,1,0.026032350295952193,4.900976158461708,9
paper,sentinel2,treatment_0002,P01-09,counterfactual_0001_01,0.2942893001788415,1.0,False,0.0,0.815435700191895,0.4517089598643568,0.2942893001788415,1,0.026032350295952193,4.900976158461708,9
paper,sentinel2,treatment_0002,P01-09,counterfactual_0009_05,-0.026032350295952193,1.0,False,0.0,0.815435700191895,0.4517089598643568,0.2942893001788415,1,0.026032350295952193,4.900976158461708,9
paper,sentinel2,treatment_0002,P01-09,counterfactual_0003_04,0.10843289350695692,1.0,False,0.0,0.815435700191895,0.4517089598643568,0.2942893001788415,1,0.026032350295952193,4.900976158461708,9
paper,sentinel2,treatment_0003,P01-08,counterfactual_0004_05,0.25988773413021726,1.0,False,0.0,0.7334732720875582,0.36917131037807127,0.25988773413021726,0,-0.0,7.337432412114865,8
paper,sentinel2,treatment_0003,P01-08,counterfactual_0008_03,0.0813016665074156,1.0,False,0.0,0.7334732720875582,0.36917131037807127,0.25988773413021726,0,-0.0,7.337432412114865,8
paper,sentinel2,treatment_0003,P01-08,counterfactual_0003_05,0.16987441927575886,1.0,False,0.0,0.7334732720875582,0.36917131037807127,0.25988773413021726,0,-0.0,7.337432412114865,8
paper,sentinel2,treatment_0003,P01-08,counterfactual_0009_03,0.045838218816318166,1.0,False,0.0,0.7334732720875582,0.36917131037807127,0.25988773413021726,0,-0.0,7.337432412114865,8
paper,sentinel2,treatment_0003,P01-08,counterfactual_0005_05,0.17657123335784827,1.0,False,0.0,0.7334732720875582,0.36917131037807127,0.25988773413021726,0,-0.0,7.337432412114865,8
paper,sentinel2,treatment_0003,P01-09,counterfactual_0004_05,0.2465732632863963,1.0,False,0.0,0.6175858469140488,0.3240864337692035,0.2465732632863963,0,-0.0,9.520906413265937,9
paper,sentinel2,treatment_0003,P01-09,counterfactual_0008_03,0.062157798292555244,1.0,False,0.0,0.6175858469140488,0.3240864337692035,0.2465732632863963,0,-0.0,9.520906413265937,9
paper,sentinel2,treatment_0003,P01-09,counterfactual_0003_05,0.12884593269483588,1.0,False,0.0,0.6175858469140488,0.3240864337692035,0.2465732632863963,0,-0.0,9.520906413265937,9
paper,sentinel2,treatment_0003,P01-09,counterfactual_0009_03,0.028493522365929152,1.0,False,0.0,0.6175858469140488,0.3240864337692035,0.2465732632863963,0,-0.0,9.520906413265937,9
paper,sentinel2,treatment_0003,P01-09,counterfactual_0005_05,0.15151533027433214,1.0,False,0.0,0.6175858469140488,0.3240864337692035,0.2465732632863963,0,-0.0,9.520906413265937,9
paper,sentinel2,treatment_0004,P01-08,counterfactual_0004_04,0.6917894541066236,1.0,False,0.0,0.835724953019527,0.6992972883550908,0.6917894541066236,1,0.012644017633980606,2.044919948768005,8
paper,sentinel2,treatment_0004,P01-08,counterfactual_0006_03,0.07509726809659584,1.0,False,0.0,0.835724953019527,0.6992972883550908,0.6917894541066236,1,0.012644017633980606,2.044919948768005,8
paper,sentinel2,treatment_0004,P01-08,counterfactual_0002_02,0.0664792226774866,1.0,False,0.0,0.835724953019527,0.6992972883550908,0.6917894541066236,1,0.012644017633980606,2.044919948768005,8
paper,sentinel2,treatment_0004,P01-08,counterfactual_0006_01,0.015003025772801595,1.0,False,0.0,0.835724953019527,0.6992972883550908,0.6917894541066236,1,0.012644017633980606,2.044919948768005,8
paper,sentinel2,treatment_0004,P01-08,counterfactual_0003_03,-0.012644017633980606,1.0,False,0.0,0.835724953019527,0.6992972883550908,0.6917894541066236,1,0.012644017633980606,2.044919948768005,8
paper,sentinel2,treatment_0004,P01-09,counterfactual_0004_04,0.6973873168051897,1.0,False,0.0,0.8160400172440896,0.702113200252972,0.6973873168051897,1,0.0033892370753290865,2.0285500323627406,9
paper,sentinel2,treatment_0004,P01-09,counterfactual_0006_03,0.05995044131046293,1.0,False,0.0,0.8160400172440896,0.702113200252972,0.6973873168051897,1,0.0033892370753290865,2.0285500323627406,9
paper,sentinel2,treatment_0004,P01-09,counterfactual_0002_02,0.05429071569752262,1.0,False,0.0,0.8160400172440896,0.702113200252972,0.6973873168051897,1,0.0033892370753290865,2.0285500323627406,9
paper,sentinel2,treatment_0004,P01-09,counterfactual_0006_01,0.007800780506243419,1.0,False,0.0,0.8160400172440896,0.702113200252972,0.6973873168051897,1,0.0033892370753290865,2.0285500323627406,9
paper,sentinel2,treatment_0004,P01-09,counterfactual_0003_03,-0.0033892370753290865,1.0,False,0.0,0.8160400172440896,0.702113200252972,0.6973873168051897,1,0.0033892370753290865,2.0285500323627406,9
paper,sentinel2,treatment_0005,P01-08,counterfactual_0004_02,0.32219516312338853,1.0,False,0.0,0.773925815642364,0.4431418547399347,0.32219516312338853,0,-0.0,5.0923055901414545,8
paper,sentinel2,treatment_0005,P01-08,counterfactual_0006_02,0.2848474473898142,1.0,False,0.0,0.773925815642364,0.4431418547399347,0.32219516312338853,0,-0.0,5.0923055901414545,8
paper,sentinel2,treatment_0005,P01-08,counterfactual_0004_03,0.0734853245980243,1.0,False,0.0,0.773925815642364,0.4431418547399347,0.32219516312338853,0,-0.0,5.0923055901414545,8
paper,sentinel2,treatment_0005,P01-08,counterfactual_0006_04,0.017843810542950582,1.0,False,0.0,0.773925815642364,0.4431418547399347,0.32219516312338853,0,-0.0,5.0923055901414545,8
paper,sentinel2,treatment_0005,P01-08,counterfactual_0007_01,0.07555406998818633,1.0,False,0.0,0.773925815642364,0.4431418547399347,0.32219516312338853,0,-0.0,5.0923055901414545,8
paper,sentinel2,treatment_0005,P01-09,counterfactual_0004_02,0.26730086022297816,1.0,False,0.0,0.8164303326585025,0.43931342565810344,0.323312230742442,0,-0.0,5.181446860533578,9
paper,sentinel2,treatment_0005,P01-09,counterfactual_0006_02,0.323312230742442,1.0,False,0.0,0.8164303326585025,0.43931342565810344,0.323312230742442,0,-0.0,5.181446860533578,9
paper,sentinel2,treatment_0005,P01-09,counterfactual_0004_03,0.07872625804212623,1.0,False,0.0,0.8164303326585025,0.43931342565810344,0.323312230742442,0,-0.0,5.181446860533578,9
paper,sentinel2,treatment_0005,P01-09,counterfactual_0006_04,0.07367796605211593,1.0,False,0.0,0.8164303326585025,0.43931342565810344,0.323312230742442,0,-0.0,5.181446860533578,9
paper,sentinel2,treatment_0005,P01-09,counterfactual_0007_01,0.07341301759884027,1.0,False,0.0,0.8164303326585025,0.43931342565810344,0.323312230742442,0,-0.0,5.181446860533578,9
paper,sentinel2,treatment_0006,P01-08,counterfactual_0009_01,0.16684981636827628,1.0,False,0.0,0.6622655315025658,0.310092176336283,0.17064133672591988,0,-0.0,10.399641821987128,8
paper,sentinel2,treatment_0006,P01-08,counterfactual_0007_02,0.05638705650848335,1.0,False,0.0,0.6622655315025658,0.310092176336283,0.17064133672591988,0,-0.0,10.399641821987128,8
paper,sentinel2,treatment_0006,P01-08,counterfactual_0007_05,0.17064133672591988,1.0,False,0.0,0.6622655315025658,0.310092176336283,0.17064133672591988,0,-0.0,10.399641821987128,8
paper,sentinel2,treatment_0006,P01-08,counterfactual_0002_04,0.1356858712649861,1.0,False,0.0,0.6622655315025658,0.310092176336283,0.17064133672591988,0,-0.0,10.399641821987128,8
paper,sentinel2,treatment_0006,P01-08,counterfactual_0002_02,0.1327014506349002,1.0,False,0.0,0.6622655315025658,0.310092176336283,0.17064133672591988,0,-0.0,10.399641821987128,8
paper,sentinel2,treatment_0006,P01-09,counterfactual_0009_01,0.19635553943583167,1.0,False,0.0,0.6563213955978594,0.3214443594341921,0.20061535341603656,0,-0.0,9.678061583632145,9
paper,sentinel2,treatment_0006,P01-09,counterfactual_0007_02,0.0490379908332969,1.0,False,0.0,0.6563213955978594,0.3214443594341921,0.20061535341603656,0,-0.0,9.678061583632145,9
paper,sentinel2,treatment_0006,P01-09,counterfactual_0007_05,0.20061535341603656,1.0,False,0.0,0.6563213955978594,0.3214443594341921,0.20061535341603656,0,-0.0,9.678061583632145,9
paper,sentinel2,treatment_0006,P01-09,counterfactual_0002_04,0.1065805874136066,1.0,False,0.0,0.6563213955978594,0.3214443594341921,0.20061535341603656,0,-0.0,9.678061583632145,9
paper,sentinel2,treatment_0006,P01-09,counterfactual_0002_02,0.10373192449908765,1.0,False,0.0,0.6563213955978594,0.3214443594341921,0.20061535341603656,0,-0.0,9.678061583632145,9
paper,sentinel2,treatment_0007,P01-08,counterfactual_0005_01,0.4742115906614673,1.0,False,0.0,0.6200735794462451,0.48136190033084053,0.4742115906614673,0,-0.0,4.315752929389905,8
paper,sentinel2,treatment_0007,P01-08,counterfactual_0003_04,0.015120335731825982,1.0,False,0.0,0.6200735794462451,0.48136190033084053,0.4742115906614673,0,-0.0,4.315752929389905,8
paper,sentinel2,treatment_0007,P01-08,counterfactual_0005_04,0.046377160020513404,1.0,False,0.0,0.6200735794462451,0.48136190033084053,0.4742115906614673,0,-0.0,4.315752929389905,8
paper,sentinel2,treatment_0007,P01-08,counterfactual_0007_04,0.021033995927607706,1.0,False,0.0,0.6200735794462451,0.48136190033084053,0.4742115906614673,0,-0.0,4.315752929389905,8
paper,sentinel2,treatment_0007,P01-08,counterfactual_0001_05,0.06333049710483069,1.0,False,0.0,0.6200735794462451,0.48136190033084053,0.4742115906614673,0,-0.0,4.315752929389905,8
paper,sentinel2,treatment_0007,P01-09,counterfactual_0005_01,0.4078821308850113,1.0,False,0.0,0.6308587337723237,0.4264631802437735,0.4078821308850113,0,-0.0,5.49840742714199,9
paper,sentinel2,treatment_0007,P01-09,counterfactual_0003_04,0.026625641579620617,1.0,False,0.0,0.6308587337723237,0.4264631802437735,0.4078821308850113,0,-0.0,5.49840742714199,9
paper,sentinel2,treatment_0007,P01-09,counterfactual_0005_04,0.03459515933421527,1.0,False,0.0,0.6308587337723237,0.4264631802437735,0.4078821308850113,0,-0.0,5.49840742714199,9
paper,sentinel2,treatment_0007,P01-09,counterfactual_0007_04,0.0969214640792736,1.0,False,0.0,0.6308587337723237,0.4264631802437735,0.4078821308850113,0,-0.0,5.49840742714199,9
paper,sentinel2,treatment_0007,P01-09,counterfactual_0001_05,0.06483433789420288,1.0,False,0.0,0.6308587337723237,0.4264631802437735,0.4078821308850113,0,-0.0,5.49840742714199,9
paper,sentinel2,treatment_0008,P01-08,counterfactual_0005_05,0.18596508780910878,1.0,False,0.0,0.665453921712384,0.3123620259472555,0.18596508780910878,0,-0.0,10.249048259519782,8
paper,sentinel2,treatment_0008,P01-08,counterfactual_0010_05,0.1570997464383682,1.0,False,0.0,0.665453921712384,0.3123620259472555,0.18596508780910878,0,-0.0,10.249048259519782,8
paper,sentinel2,treatment_0008,P01-08,counterfactual_0003_05,0.1271833563244397,1.0,False,0.0,0.665453921712384,0.3123620259472555,0.18596508780910878,0,-0.0,10.249048259519782,8
paper,sentinel2,treatment_0008,P01-08,counterfactual_0007_01,0.13683579929964754,1.0,False,0.0,0.665453921712384,0.3123620259472555,0.18596508780910878,0,-0.0,10.249048259519782,8
paper,sentinel2,treatment_0008,P01-08,counterfactual_0002_04,0.05836993184081986,1.0,False,0.0,0.665453921712384,0.3123620259472555,0.18596508780910878,0,-0.0,10.249048259519782,8
paper,sentinel2,treatment_0008,P01-09,counterfactual_0005_05,0.16361272454943795,1.0,False,0.0,0.5713056773960876,0.268012930460525,0.16361272454943795,0,-0.0,13.921579291171314,9
paper,sentinel2,treatment_0008,P01-09,counterfactual_0010_05,0.13255193783674662,1.0,False,0.0,0.5713056773960876,0.268012930460525,0.16361272454943795,0,-0.0,13.921579291171314,9
paper,sentinel2,treatment_0008,P01-09,counterfactual_0003_05,0.09741306716059703,1.0,False,0.0,0.5713056773960876,0.268012930460525,0.16361272454943795,0,-0.0,13.921579291171314,9
paper,sentinel2,treatment_0008,P01-09,counterfactual_0007_01,0.1220970422322394,1.0,False,0.0,0.5713056773960876,0.268012930460525,0.16361272454943795,0,-0.0,13.921579291171314,9
paper,sentinel2,treatment_0008,P01-09,counterfactual_0002_04,0.05563090561706657,1.0,False,0.0,0.5713056773960876,0.268012930460525,0.16361272454943795,0,-0.0,13.921579291171314,9
paper,sentinel2,treatment_0009,P01-08,counterfactual_0008_03,0.35817648531402063,1.0,False,0.0,0.9406569580066233,0.480159277067549,0.35817648531402063,0,-0.0,4.33739876620534,8
paper,sentinel2,treatment_0009,P01-08,counterfactual_0005_02,0.2584602056054425,1.0,False,0.0,0.9406569580066233,0.480159277067549,0.35817648531402063,0,-0.0,4.33739876620534,8
paper,sentinel2,treatment_0009,P01-08,counterfactual_0004_05,0.10241683240913892,1.0,False,0.0,0.9406569580066233,0.480159277067549,0.35817648531402063,0,-0.0,4.33739876620534,8
paper,sentinel2,treatment_0009,P01-08,counterfactual_0005_03,0.09635162825192807,1.0,False,0.0,0.9406569580066233,0.480159277067549,0.35817648531402063,0,-0.0,4.33739876620534,8
paper,sentinel2,treatment_0009,P01-08,counterfactual_0009_03,0.12525180642609318,1.0,False,0.0,0.9406569580066233,0.480159277067549,0.35817648531402063,0,-0.0,4.33739876620534,8
paper,sentinel2,treatment_0009,P01-09,counterfactual_0008_03,0.34862015560916215,1.0,False,0.0,0.9470970693514853,0.4908064845890033,0.34862015560916215,0,-0.0,4.15125504040282,9
paper,sentinel2,treatment_0009,P01-09,counterfactual_0005_02,0.29345987811058,1.0,False,0.0,0.9470970693514853,0.4908064845890033,0.34862015560916215,0,-0.0,4.15125504040282,9
paper,sentinel2,treatment_0009,P01-09,counterfactual_0004_05,0.08270251892241252,1.0,False,0.0,0.9470970693514853,0.4908064845890033,0.34862015560916215,0,-0.0,4.15125504040282,9
paper,sentinel2,treatment_0009,P01-09,counterfactual_0005_03,0.08213387510064957,1.0,False,0.0,0.9470970693514853,0.4908064845890033,0.34862015560916215,0,-0.0,4.15125504040282,9
paper,sentinel2,treatment_0009,P01-09,counterfactual_0009_03,0.14018064160868104,1.0,False,0.0,0.9470970693514853,0.4908064845890033,0.34862015560916215,0,-0.0,4.15125504040282,9
paper,sentinel2,treatment_0010,P01-08,counterfactual_0004_04,0.5764397613632014,1.0,False,0.0,0.9161277685926381,0.6089881105254382,0.5764397613632014,0,-0.0,2.6963879169785905,8
paper,sentinel2,treatment_0010,P01-08,counterfactual_0006_03,0.12773395838304835,1.0,False,0.0,0.9161277685926381,0.6089881105254382,0.5764397613632014,0,-0.0,2.6963879169785905,8
paper,sentinel2,treatment_0010,P01-08,counterfactual_0002_02,0.13862544229353427,1.0,False,0.0,0.9161277685926381,0.6089881105254382,0.5764397613632014,0,-0.0,2.6963879169785905,8
paper,sentinel2,treatment_0010,P01-08,counterfactual_0003_03,0.05012165509814081,1.0,False,0.0,0.9161277685926381,0.6089881105254382,0.5764397613632014,0,-0.0,2.6963879169785905,8
paper,sentinel2,treatment_0010,P01-08,counterfactual_0006_01,0.023206951454713267,1.0,False,0.0,0.9161277685926381,0.6089881105254382,0.5764397613632014,0,-0.0,2.6963879169785905,8
paper,sentinel2,treatment_0010,P01-09,counterfactual_0004_04,0.50140694684275,1.0,False,0.0,0.883542416870427,0.545462550464063,0.50140694684275,0,-0.0,3.3610124589525654,9
paper,sentinel2,treatment_0010,P01-09,counterfactual_0006_03,0.10769211637316947,1.0,False,0.0,0.883542416870427,0.545462550464063,0.50140694684275,0,-0.0,3.3610124589525654,9
paper,sentinel2,treatment_0010,P01-09,counterfactual_0002_02,0.12569411021602045,1.0,False,0.0,0.883542416870427,0.545462550464063,0.50140694684275,0,-0.0,3.3610124589525654,9
paper,sentinel2,treatment_0010,P01-09,counterfactual_0003_03,0.13626443361466617,1.0,False,0.0,0.883542416870427,0.545462550464063,0.50140694684275,0,-0.0,3.3610124589525654,9
paper,sentinel2,treatment_0010,P01-09,counterfactual_0006_01,0.01248480982382098,1.0,False,0.0,0.883542416870427,0.545462550464063,0.50140694684275,0,-0.0,3.3610124589525654,9
unitnorm,sentinel1,treatment_0001,P01-08,counterfactual_0003_03,0.028243439072720672,1.0,False,0.0,0.07359113110245337,0.03644531941292556,0.028243439072720672,0,-0.0,752.8639091171373,8
unitnorm,sentinel1,treatment_0001,P01-08,counterfactual_0007_04,0.011369385811653155,1.0,False,0.0,0.07359113110245337,0.03644531941292556,0.028243439072720672,0,-0.0,752.8639091171373,8
unitnorm,sentinel1,treatment_0001,P01-08,counterfactual_0006_04,0.010117512538940932,1.0,False,0.0,0.07359113110245337,0.03644531941292556,0.028243439072720672,0,-0.0,752.8639091171373,8
unitnorm,sentinel1,treatment_0001,P01-08,counterfactual_0010_03,0.014601887551384193,1.0,False,0.0,0.07359113110245337,0.03644531941292556,0.028243439072720672,0,-0.0,752.8639091171373,8
unitnorm,sentinel1,treatment_0001,P01-08,counterfactual_0006_02,0.009258906127754415,1.0,False,0.0,0.07359113110245337,0.03644531941292556,0.028243439072720672,0,-0.0,752.8639091171373,8
unitnorm,sentinel1,treatment_0001,P01-09,counterfactual_0003_03,0.028200125037913845,1.0,False,0.0,0.07338866667477292,0.03661722651211219,0.028200125037913845,0,-0.0,745.8115535798896,9
unitnorm,sentinel1,treatment_0001,P01-09,counterfactual_0007_04,0.011652140769862257,1.0,False,0.0,0.07338866667477292,0.03661722651211219,0.028200125037913845,0,-0.0,745.8115535798896,9
unitnorm,sentinel1,treatment_0001,P01-09,counterfactual_0006_04,0.008926625594985967,1.0,False,0.0,0.07338866667477292,0.03661722651211219,0.028200125037913845,0,-0.0,745.8115535798896,9
unitnorm,sentinel1,treatment_0001,P01-09,counterfactual_0010_03,0.015999253399040618,1.0,False,0.0,0.07338866667477292,0.03661722651211219,0.028200125037913845,0,-0.0,745.8115535798896,9
unitnorm,sentinel1,treatment_0001,P01-09,counterfactual_0006_02,0.008610521872970229,1.0,False,0.0,0.07338866667477292,0.03661722651211219,0.028200125037913845,0,-0.0,745.8115535798896,9
unitnorm,sentinel1,treatment_0002,P01-08,counterfactual_0002_01,0.018927919722412354,1.0,False,0.0,0.06993503175712774,0.03213201958857393,0.018927919722412354,0,-0.0,968.5542561517072,8
unitnorm,sentinel1,treatment_0002,P01-08,counterfactual_0006_03,0.01571861754775774,1.0,False,0.0,0.06993503175712774,0.03213201958857393,0.018927919722412354,0,-0.0,968.5542561517072,8
unitnorm,sentinel1,treatment_0002,P01-08,counterfactual_0001_05,0.013831854706277088,1.0,False,0.0,0.06993503175712774,0.03213201958857393,0.018927919722412354,0,-0.0,968.5542561517072,8
unitnorm,sentinel1,treatment_0002,P01-08,counterfactual_0007_01,0.012403387091265886,1.0,False,0.0,0.06993503175712774,0.03213201958857393,0.018927919722412354,0,-0.0,968.5542561517072,8
unitnorm,sentinel1,treatment_0002,P01-08,counterfactual_0010_04,0.009053252689414674,1.0,False,0.0,0.06993503175712774,0.03213201958857393,0.018927919722412354,0,-0.0,968.5542561517072,8
unitnorm,sentinel1,treatment_0002,P01-09,counterfactual_0002_01,0.019370334098025202,1.0,False,0.0,0.06789710892231919,0.031320011170229665,0.019370334098025202,0,-0.0,1019.4271210047277,9
unitnorm,sentinel1,treatment_0002,P01-09,counterfactual_0006_03,0.014783881584238823,1.0,False,0.0,0.06789710892231919,0.031320011170229665,0.019370334098025202,0,-0.0,1019.4271210047277,9
unitnorm,sentinel1,treatment_0002,P01-09,counterfactual_0001_05,0.012071359253498039,1.0,False,0.0,0.06789710892231919,0.031320011170229665,0.019370334098025202,0,-0.0,1019.4271210047277,9
unitnorm,sentinel1,treatment_0002,P01-09,counterfactual_0007_01,0.012655752576344293,1.0,False,0.0,0.06789710892231919,0.031320011170229665,0.019370334098025202,0,-0.0,1019.4271210047277,9
unitnorm,sentinel1,treatment_0002,P01-09,counterfactual_0010_04,0.009015781410212838,1.0,False,0.0,0.06789710892231919,0.031320011170229665,0.019370334098025202,0,-0.0,1019.4271210047277,9
unitnorm,sentinel1,treatment_0003,P01-08,counterfactual_0006_01,0.044356797579552326,1.0,False,0.0,0.12583051117191973,0.06036528496672309,0.044356797579552326,0,-0.0,274.4261480289901,8
unitnorm,sentinel1,treatment_0003,P01-08,counterfactual_0008_03,0.02080267596076216,1.0,False,0.0,0.12583051117191973,0.06036528496672309,0.044356797579552326,0,-0.0,274.4261480289901,8
unitnorm,sentinel1,treatment_0003,P01-08,counterfactual_0006_05,0.017525739680089247,1.0,False,0.0,0.12583051117191973,0.06036528496672309,0.044356797579552326,0,-0.0,274.4261480289901,8
unitnorm,sentinel1,treatment_0003,P01-08,counterfactual_0004_01,0.02327278006997304,1.0,False,0.0,0.12583051117191973,0.06036528496672309,0.044356797579552326,0,-0.0,274.4261480289901,8
unitnorm,sentinel1,treatment_0003,P01-08,counterfactual_0003_05,0.019872517881542956,1.0,False,0.0,0.12583051117191973,0.06036528496672309,0.044356797579552326,0,-0.0,274.4261480289901,8
unitnorm,sentinel1,treatment_0003,P01-09,counterfactual_0006_01,0.04320364655044752,1.0,False,0.0,0.1223364943634183,0.058754193099620246,0.04320364655044752,0,-0.0,289.6825050867642,9
unitnorm,sentinel1,treatment_0003,P01-09,counterfactual_0008_03,0.019084006377176863,1.0,False,0.0,0.1223364943634183,0.058754193099620246,0.04320364655044752,0,-0.0,289.6825050867642,9
unitnorm,sentinel1,treatment_0003,P01-09,counterfactual_0006_05,0.01844191853343685,1.0,False,0.0,0.1223364943634183,0.058754193099620246,0.04320364655044752,0,-0.0,289.6825050867642,9
unitnorm,sentinel1,treatment_0003,P01-09,counterfactual_0004_01,0.02359885554075477,1.0,False,0.0,0.1223364943634183,0.058754193099620246,0.04320364655044752,0,-0.0,289.6825050867642,9
unitnorm,sentinel1,treatment_0003,P01-09,counterfactual_0003_05,0.018008067361602303,1.0,False,0.0,0.1223364943634183,0.058754193099620246,0.04320364655044752,0,-0.0,289.6825050867642,9
unitnorm,sentinel1,treatment_0004,P01-08,counterfactual_0005_05,0.033775427794485294,1.0,False,0.0,0.08112822077670984,0.04189187376296045,0.033775427794485294,0,-0.0,569.8235941245936,8
unitnorm,sentinel1,treatment_0004,P01-08,counterfactual_0001_01,0.011250545988411239,1.0,False,0.0,0.08112822077670984,0.04189187376296045,0.033775427794485294,0,-0.0,569.8235941245936,8
unitnorm,sentinel1,treatment_0004,P01-08,counterfactual_0002_03,0.01768266006074638,1.0,False,0.0,0.08112822077670984,0.04189187376296045,0.033775427794485294,0,-0.0,569.8235941245936,8
unitnorm,sentinel1,treatment_0004,P01-08,counterfactual_0006_02,0.007588417289076767,1.0,False,0.0,0.08112822077670984,0.04189187376296045,0.033775427794485294,0,-0.0,569.8235941245936,8
unitnorm,sentinel1,treatment_0004,P01-08,counterfactual_0010_03,0.010831169643990156,1.0,False,0.0,0.08112822077670984,0.04189187376296045,0.033775427794485294,0,-0.0,569.8235941245936,8
unitnorm,sentinel1,treatment_0004,P01-09,counterfactual_0005_05,0.03219592511585565,1.0,False,0.0,0.07636019031977866,0.03975588501470905,0.03219592511585565,0,-0.0,632.6990004351275,9
unitnorm,sentinel1,treatment_0004,P01-09,counterfactual_0001_01,0.0110097404199154,1.0,False,0.0,0.07636019031977866,0.03975588501470905,0.03219592511585565,0,-0.0,632.6990004351275,9
unitnorm,sentinel1,treatment_0004,P01-09,counterfactual_0002_03,0.016742739798452047,1.0,False,0.0,0.07636019031977866,0.03975588501470905,0.03219592511585565,0,-0.0,632.6990004351275,9
unitnorm,sentinel1,treatment_0004,P01-09,counterfactual_0006_02,0.006237932132615489,1.0,False,0.0,0.07636019031977866,0.03975588501470905,0.03219592511585565,0,-0.0,632.6990004351275,9
unitnorm,sentinel1,treatment_0004,P01-09,counterfactual_0010_03,0.010173852852940073,1.0,False,0.0,0.07636019031977866,0.03975588501470905,0.03219592511585565,0,-0.0,632.6990004351275,9
unitnorm,sentinel1,treatment_0005,P01-08,counterfactual_0006_01,0.018628316849513393,1.0,False,0.0,0.050111780205748996,0.026685363790816846,0.018628316849513393,1,0.0013186327319034158,1404.2801096890091,8
unitnorm,sentinel1,treatment_0005,P01-08,counterfactual_0005_03,0.01003904899996229,1.0,False,0.0,0.050111780205748996,0.026685363790816846,0.018628316849513393,1,0.0013186327319034158,1404.2801096890091,8
unitnorm,sentinel1,treatment_0005,P01-08,counterfactual_0004_05,0.01270345367231148,1.0,False,0.0,0.050111780205748996,0.026685363790816846,0.018628316849513393,1,0.0013186327319034158,1404.2801096890091,8
unitnorm,sentinel1,treatment_0005,P01-08,counterfactual_0010_04,0.01005959341586524,1.0,False,0.0,0.050111780205748996,0.026685363790816846,0.018628316849513393,1,0.0013186327319034158,1404.2801096890091,8
unitnorm,sentinel1,treatment_0005,P01-08,counterfactual_0001_04,-0.0013186327319034158,1.0,False,0.0,0.050111780205748996,0.026685363790816846,0.018628316849513393,1,0.0013186327319034158,1404.2801096890091,8
unitnorm,sentinel1,treatment_0005,P01-09,counterfactual_0006_01,0.0177370698545411,1.0,False,0.0,0.045006198805733214,0.02650011424806547,0.0177370698545411,1,0.005447360765572879,1423.9820257176975,9
unitnorm,sentinel1,treatment_0005,P01-09,counterfactual_0005_03,0.011096345202035025,1.0,False,0.0,0.045006198805733214,0.02650011424806547,0.0177370698545411,1,0.005447360765572879,1423.9820257176975,9
unitnorm,sentinel1,treatment_0005,P01-09,counterfactual_0004_05,0.011563221500118105,1.0,False,0.0,0.045006198805733214,0.02650011424806547,0.0177370698545411,1,0.005447360765572879,1423.9820257176975,9
unitnorm,sentinel1,treatment_0005,P01-09,counterfactual_0010_04,0.010056923014611863,1.0,False,0.0,0.045006198805733214,0.02650011424806547,0.0177370698545411,1,0.005447360765572879,1423.9820257176975,9
unitnorm,sentinel1,treatment_0005,P01-09,counterfactual_0001_04,-0.005447360765572879,1.0,False,0.0,0.045006198805733214,0.02650011424806547,0.0177370698545411,1,0.005447360765572879,1423.9820257176975,9
unitnorm,sentinel1,treatment_0006,P01-08,counterfactual_0006_04,0.012239312465683765,1.0,False,0.0,0.0695958066073456,0.034156921247609724,0.025869462542612173,0,-0.0,857.1218436140562,8
unitnorm,sentinel1,treatment_0006,P01-08,counterfactual_0009_01,0.025869462542612173,1.0,False,0.0,0.0695958066073456,0.034156921247609724,0.025869462542612173,0,-0.0,857.1218436140562,8
unitnorm,sentinel1,treatment_0006,P01-08,counterfactual_0003_03,0.012312352980745667,1.0,False,0.0,0.0695958066073456,0.034156921247609724,0.025869462542612173,0,-0.0,857.1218436140562,8
unitnorm,sentinel1,treatment_0006,P01-08,counterfactual_0007_02,0.007113756759583689,1.0,False,0.0,0.0695958066073456,0.034156921247609724,0.025869462542612173,0,-0.0,857.1218436140562,8
unitnorm,sentinel1,treatment_0006,P01-08,counterfactual_0010_01,0.012060921858720307,1.0,False,0.0,0.0695958066073456,0.034156921247609724,0.025869462542612173,0,-0.0,857.1218436140562,8
unitnorm,sentinel1,treatment_0006,P01-09,counterfactual_0006_04,0.012665620600456512,1.0,False,0.0,0.06950617713485324,0.03431845508991308,0.025531530409525407,0,-0.0,849.0720442427938,9
unitnorm,sentinel1,treatment_0006,P01-09,counterfactual_0009_01,0.025531530409525407,1.0,False,0.0,0.06950617713485324,0.03431845508991308,0.025531530409525407,0,-0.0,849.0720442427938,9
unitnorm,sentinel1,treatment_0006,P01-09,counterfactual_0003_03,0.011397057254980088,1.0,False,0.0,0.06950617713485324,0.03431845508991308,0.025531530409525407,0,-0.0,849.0720442427938,9
unitnorm,sentinel1,treatment_0006,P01-09,counterfactual_0007_02,0.005634919560397971,1.0,False,0.0,0.06950617713485324,0.03431845508991308,0.025531530409525407,0,-0.0,849.0720442427938,9
unitnorm,sentinel1,treatment_0006,P01-09,counterfactual_0010_01,0.014277049309493271,1.0,False,0.0,0.06950617713485324,0.03431845508991308,0.025531530409525407,0,-0.0,849.0720442427938,9
unitnorm,sentinel1,treatment_0007,P01-08,counterfactual_0006_05,0.04321802981850397,1.0,False,0.0,0.11282505317637248,0.05675694132695247,0.04321802981850397,0,-0.0,310.42882000031966,8
unitnorm,sentinel1,treatment_0007,P01-08,counterfactual_0003_02,0.020091799463231735,1.0,False,0.0,0.11282505317637248,0.05675694132695247,0.04321802981850397,0,-0.0,310.42882000031966,8
unitnorm,sentinel1,treatment_0007,P01-08,counterfactual_0008_03,0.0178068711948118,1.0,False,0.0,0.11282505317637248,0.05675694132695247,0.04321802981850397,0,-0.0,310.42882000031966,8
unitnorm,sentinel1,treatment_0007,P01-08,counterfactual_0008_01,0.023918833953011365,1.0,False,0.0,0.11282505317637248,0.05675694132695247,0.04321802981850397,0,-0.0,310.42882000031966,8
unitnorm,sentinel1,treatment_0007,P01-08,counterfactual_0007_04,0.0077895187468136,1.0,False,0.0,0.11282505317637248,0.05675694132695247,0.04321802981850397,0,-0.0,310.42882000031966,8
unitnorm,sentinel1,treatment_0007,P01-09,counterfactual_0006_05,0.04318162406684565,1.0,False,0.0,0.11490931687070355,0.05737832213115125,0.04318162406684565,0,-0.0,303.74162444148055,9
unitnorm,sentinel1,treatment_0007,P01-09,counterfactual_0003_02,0.01968766610644584,1.0,False,0.0,0.11490931687070355,0.05737832213115125,0.04318162406684565,0,-0.0,303.74162444148055,9
unitnorm,sentinel1,treatment_0007,P01-09,counterfactual_0008_03,0.017802993880417662,1.0,False,0.0,0.11490931687070355,0.05737832213115125,0.04318162406684565,0,-0.0,303.74162444148055,9
unitnorm,sentinel1,treatment_0007,P01-09,counterfactual_0008_01,0.02539442112202302,1.0,False,0.0,0.11490931687070355,0.05737832213115125,0.04318162406684565,0,-0.0,303.74162444148055,9
unitnorm,sentinel1,treatment_0007,P01-09,counterfactual_0007_04,0.008842611694971388,1.0,False,0.0,0.11490931687070355,0.05737832213115125,0.04318162406684565,0,-0.0,303.74162444148055,9
unitnorm,sentinel1,treatment_0008,P01-08,counterfactual_0006_05,0.024915814194311263,1.0,False,0.0,0.0666362315858863,0.0355199035223226,0.024915814194311263,0,-0.0,792.604338124908,8
unitnorm,sentinel1,treatment_0008,P01-08,counterfactual_0005_03,0.018752718598244244,1.0,False,0.0,0.0666362315858863,0.0355199035223226,0.024915814194311263,0,-0.0,792.604338124908,8
unitnorm,sentinel1,treatment_0008,P01-08,counterfactual_0008_03,0.015747308583244923,1.0,False,0.0,0.0666362315858863,0.0355199035223226,0.024915814194311263,0,-0.0,792.604338124908,8
unitnorm,sentinel1,treatment_0008,P01-08,counterfactual_0003_01,0.006363061741463613,1.0,False,0.0,0.0666362315858863,0.0355199035223226,0.024915814194311263,0,-0.0,792.604338124908,8
unitnorm,sentinel1,treatment_0008,P01-08,counterfactual_0007_03,0.0008573284686222513,1.0,False,0.0,0.0666362315858863,0.0355199035223226,0.024915814194311263,0,-0.0,792.604338124908,8
unitnorm,sentinel1,treatment_0008,P01-09,counterfactual_0006_05,0.023149676484064737,1.0,False,0.0,0.06531760426632195,0.0351002567972626,0.023149676484064737,0,-0.0,811.6698467041028,9
unitnorm,sentinel1,treatment_0008,P01-09,counterfactual_0005_03,0.019793448302553526,1.0,False,0.0,0.06531760426632195,0.0351002567972626,0.023149676484064737,0,-0.0,811.6698467041028,9
unitnorm,sentinel1,treatment_0008,P01-09,counterfactual_0008_03,0.016551455102118057,1.0,False,0.0,0.06531760426632195,0.0351002567972626,0.023149676484064737,0,-0.0,811.6698467041028,9
unitnorm,sentinel1,treatment_0008,P01-09,counterfactual_0003_01,0.005503368450495269,1.0,False,0.0,0.06531760426632195,0.0351002567972626,0.023149676484064737,0,-0.0,811.6698467041028,9
unitnorm,sentinel1,treatment_0008,P01-09,counterfactual_0007_03,0.00031965592709036776,1.0,False,0.0,0.06531760426632195,0.0351002567972626,0.023149676484064737,0,-0.0,811.6698467041028,9
unitnorm,sentinel1,treatment_0009,P01-08,counterfactual_0003_02,0.03420357382564645,1.0,False,0.0,0.10818982285987033,0.05117100760721321,0.03420357382564645,0,-0.0,381.9021141102896,8
unitnorm,sentinel1,treatment_0009,P01-08,counterfactual_0001_04,0.018606204318222446,1.0,False,0.0,0.10818982285987033,0.05117100760721321,0.03420357382564645,0,-0.0,381.9021141102896,8
unitnorm,sentinel1,treatment_0009,P01-08,counterfactual_0001_05,0.025711745609033717,1.0,False,0.0,0.10818982285987033,0.05117100760721321,0.03420357382564645,0,-0.0,381.9021141102896,8
unitnorm,sentinel1,treatment_0009,P01-08,counterfactual_0005_03,0.014059917758195657,1.0,False,0.0,0.10818982285987033,0.05117100760721321,0.03420357382564645,0,-0.0,381.9021141102896,8
unitnorm,sentinel1,treatment_0009,P01-08,counterfactual_0009_05,0.015608381348772064,1.0,False,0.0,0.10818982285987033,0.05117100760721321,0.03420357382564645,0,-0.0,381.9021141102896,8
unitnorm,sentinel1,treatment_0009,P01-09,counterfactual_0003_02,0.03421347440693465,1.0,False,0.0,0.10623567993553264,0.05012892996762924,0.03421347440693465,0,-0.0,397.94507218273594,9
unitnorm,sentinel1,treatment_0009,P01-09,counterfactual_0001_04,0.018158560841052683,1.0,False,0.0,0.10623567993553264,0.05012892996762924,0.03421347440693465,0,-0.0,397.94507218273594,9
unitnorm,sentinel1,treatment_0009,P01-09,counterfactual_0001_05,0.02313419444733517,1.0,False,0.0,0.10623567993553264,0.05012892996762924,0.03421347440693465,0,-0.0,397.94507218273594,9
unitnorm,sentinel1,treatment_0009,P01-09,counterfactual_0005_03,0.013740848873680534,1.0,False,0.0,0.10623567993553264,0.05012892996762924,0.03421347440693465,0,-0.0,397.94507218273594,9
unitnorm,sentinel1,treatment_0009,P01-09,counterfactual_0009_05,0.016988601366529608,1.0,False,0.0,0.10623567993553264,0.05012892996762924,0.03421347440693465,0,-0.0,397.94507218273594,9
unitnorm,sentinel1,treatment_0010,P01-08,counterfactual_0007_04,0.016126672249033743,1.0,False,0.0,0.08798131443199794,0.0440225796435582,0.03350830616393111,0,-0.0,515.9991952825949,8
unitnorm,sentinel1,treatment_0010,P01-08,counterfactual_0009_02,0.03350830616393111,1.0,False,0.0,0.08798131443199794,0.0440225796435582,0.03350830616393111,0,-0.0,515.9991952825949,8
unitnorm,sentinel1,treatment_0010,P01-08,counterfactual_0008_03,0.015044556737759035,1.0,False,0.0,0.08798131443199794,0.0440225796435582,0.03350830616393111,0,-0.0,515.9991952825949,8
unitnorm,sentinel1,treatment_0010,P01-08,counterfactual_0001_01,0.017002816041367348,1.0,False,0.0,0.08798131443199794,0.0440225796435582,0.03350830616393111,0,-0.0,515.9991952825949,8
unitnorm,sentinel1,treatment_0010,P01-08,counterfactual_0003_02,0.006298963239906716,1.0,False,0.0,0.08798131443199794,0.0440225796435582,0.03350830616393111,0,-0.0,515.9991952825949,8
unitnorm,sentinel1,treatment_0010,P01-09,counterfactual_0007_04,0.016483986649001758,1.0,False,0.0,0.09011434705195731,0.04486107348066568,0.03348573281069801,0,-0.0,496.8904807779088,9
unitnorm,sentinel1,treatment_0010,P01-09,counterfactual_0009_02,0.03348573281069801,1.0,False,0.0,0.09011434705195731,0.04486107348066568,0.03348573281069801,0,-0.0,496.8904807779088,9
unitnorm,sentinel1,treatment_0010,P01-09,counterfactual_0008_03,0.01584697384915344,1.0,False,0.0,0.09011434705195731,0.04486107348066568,0.03348573281069801,0,-0.0,496.8904807779088,9
unitnorm,sentinel1,treatment_0010,P01-09,counterfactual_0001_01,0.018198009760096442,1.0,False,0.0,0.09011434705195731,0.04486107348066568,0.03348573281069801,0,-0.0,496.8904807779088,9
unitnorm,sentinel1,treatment_0010,P01-09,counterfactual_0003_02,0.006099643983007655,1.0,False,0.0,0.09011434705195731,0.04486107348066568,0.03348573281069801,0,-0.0,496.8904807779088,9
unitnorm,sentinel2,treatment_0001,P01-08,counterfactual_0002_02,0.12717370940594652,1.0,False,0.0,0.3636987486233489,0.17732405849252966,0.12717370940594652,0,-0.0,31.802749961389395,8
unitnorm,sentinel2,treatment_0001,P01-08,counterfactual_0005_02,0.07261329853422109,1.0,False,0.0,0.3636987486233489,0.17732405849252966,0.12717370940594652,0,-0.0,31.802749961389395,8
unitnorm,sentinel2,treatment_0001,P01-08,counterfactual_0009_03,0.07974405968890663,1.0,False,0.0,0.3636987486233489,0.17732405849252966,0.12717370940594652,0,-0.0,31.802749961389395,8
unitnorm,sentinel2,treatment_0001,P01-08,counterfactual_0005_03,0.04903955449819967,1.0,False,0.0,0.3636987486233489,0.17732405849252966,0.12717370940594652,0,-0.0,31.802749961389395,8
unitnorm,sentinel2,treatment_0001,P01-08,counterfactual_0008_03,0.035128126496074955,1.0,False,0.0,0.3636987486233489,0.17732405849252966,0.12717370940594652,0,-0.0,31.802749961389395,8
unitnorm,sentinel2,treatment_0001,P01-09,counterfactual_0002_02,0.1093660515708042,1.0,False,0.0,0.3801486344376073,0.18241314437651904,0.1093660515708042,0,-0.0,30.05299372891231,9
unitnorm,sentinel2,treatment_0001,P01-09,counterfactual_0005_02,0.09939456249498141,1.0,False,0.0,0.3801486344376073,0.18241314437651904,0.1093660515708042,0,-0.0,30.05299372891231,9
unitnorm,sentinel2,treatment_0001,P01-09,counterfactual_0009_03,0.08849832343064662,1.0,False,0.0,0.3801486344376073,0.18241314437651904,0.1093660515708042,0,-0.0,30.05299372891231,9
unitnorm,sentinel2,treatment_0001,P01-09,counterfactual_0005_03,0.03230595433516431,1.0,False,0.0,0.3801486344376073,0.18241314437651904,0.1093660515708042,0,-0.0,30.05299372891231,9
unitnorm,sentinel2,treatment_0001,P01-09,counterfactual_0008_03,0.05058374260601079,1.0,False,0.0,0.3801486344376073,0.18241314437651904,0.1093660515708042,0,-0.0,30.05299372891231,9
unitnorm,sentinel2,treatment_0002,P01-08,counterfactual_0004_01,0.1871403765762935,1.0,False,0.0,0.6093287088609546,0.3009147483752465,0.1871403765762935,0,-0.0,11.043660629834354,8
unitnorm,sentinel2,treatment_0002,P01-08,counterfactual_0008_01,0.16448947408226597,1.0,False,0.0,0.6093287088609546,0.3009147483752465,0.1871403765762935,0,-0.0,11.043660629834354,8
unitnorm,sentinel2,treatment_0002,P01-08,counterfactual_0001_01,0.1497244770834815,1.0,False,0.0,0.6093287088609546,0.3009147483752465,0.1871403765762935,0,-0.0,11.043660629834354,8
unitnorm,sentinel2,treatment_0002,P01-08,counterfactual_0009_05,0.04338705768688541,1.0,False,0.0,0.6093287088609546,0.3009147483752465,0.1871403765762935,0,-0.0,11.043660629834354,8
unitnorm,sentinel2,treatment_0002,P01-08,counterfactual_0003_04,0.06458732343202825,1.0,False,0.0,0.6093287088609546,0.3009147483752465,0.1871403765762935,0,-0.0,11.043660629834354,8
unitnorm,sentinel2,treatment_0002,P01-09,counterfactual_0004_01,0.1622317177451292,1.0,False,0.0,0.566321283479599,0.2862881779734227,0.17848363857024363,0,-0.0,12.200936612981309,9
unitnorm,sentinel2,treatment_0002,P01-09,counterfactual_0008_01,0.1395529335073074,1.0,False,0.0,0.566321283479599,0.2862881779734227,0.17848363857024363,0,-0.0,12.200936612981309,9
unitnorm,sentinel2,treatment_0002,P01-09,counterfactual_0001_01,0.17848363857024363,1.0,False,0.0,0.566321283479599,0.2862881779734227,0.17848363857024363,0,-0.0,12.200936612981309,9
unitnorm,sentinel2,treatment_0002,P01-09,counterfactual_0009_05,0.02559375094062363,1.0,False,0.0,0.566321283479599,0.2862881779734227,0.17848363857024363,0,-0.0,12.200936612981309,9
unitnorm,sentinel2,treatment_0002,P01-09,counterfactual_0003_04,0.06045924271629506,1.0,False,0.0,0.566321283479599,0.2862881779734227,0.17848363857024363,0,-0.0,12.200936612981309,9
unitnorm,sentinel2,treatment_0003,P01-08,counterfactual_0004_05,0.12563130732765,1.0,False,0.0,0.46371165074921883,0.21518926519940013,0.12563130732765,0,-0.0,21.59527778409295,8
unitnorm,sentinel2,treatment_0003,P01-08,counterfactual_0008_03,0.08000500117820943,1.0,False,0.0,0.46371165074921883,0.21518926519940013,0.12563130732765,0,-0.0,21.59527778409295,8
unitnorm,sentinel2,treatment_0003,P01-08,counterfactual_0003_05,0.08976470847602967,1.0,False,0.0,0.46371165074921883,0.21518926519940013,0.12563130732765,0,-0.0,21.59527778409295,8
unitnorm,sentinel2,treatment_0003,P01-08,counterfactual_0009_03,0.05332954312767188,1.0,False,0.0,0.46371165074921883,0.21518926519940013,0.12563130732765,0,-0.0,21.59527778409295,8
unitnorm,sentinel2,treatment_0003,P01-08,counterfactual_0005_05,0.11498109063965786,1.0,False,0.0,0.46371165074921883,0.21518926519940013,0.12563130732765,0,-0.0,21.59527778409295,8
unitnorm,sentinel2,treatment_0003,P01-09,counterfactual_0004_05,0.1164391438764063,1.0,False,0.0,0.39483497362297665,0.1855562386574124,0.1164391438764063,0,-0.0,29.043495148107993,9
unitnorm,sentinel2,treatment_0003,P01-09,counterfactual_0008_03,0.06609300522804129,1.0,False,0.0,0.39483497362297665,0.1855562386574124,0.1164391438764063,0,-0.0,29.043495148107993,9
unitnorm,sentinel2,treatment_0003,P01-09,counterfactual_0003_05,0.07131880958127322,1.0,False,0.0,0.39483497362297665,0.1855562386574124,0.1164391438764063,0,-0.0,29.043495148107993,9
unitnorm,sentinel2,treatment_0003,P01-09,counterfactual_0009_03,0.04328778625262776,1.0,False,0.0,0.39483497362297665,0.1855562386574124,0.1164391438764063,0,-0.0,29.043495148107993,9
unitnorm,sentinel2,treatment_0003,P01-09,counterfactual_0005_05,0.09769622868462809,1.0,False,0.0,0.39483497362297665,0.1855562386574124,0.1164391438764063,0,-0.0,29.043495148107993,9
unitnorm,sentinel2,treatment_0004,P01-08,counterfactual_0004_04,0.34000375182023596,1.0,False,0.0,0.5592154843429109,0.36282783780588823,0.34000375182023596,0,-0.0,7.596242115170317,8
unitnorm,sentinel2,treatment_0004,P01-08,counterfactual_0006_03,0.08774305910525475,1.0,False,0.0,0.5592154843429109,0.36282783780588823,0.34000375182023596,0,-0.0,7.596242115170317,8
unitnorm,sentinel2,treatment_0004,P01-08,counterfactual_0002_02,0.08130239459698435,1.0,False,0.0,0.5592154843429109,0.36282783780588823,0.34000375182023596,0,-0.0,7.596242115170317,8
unitnorm,sentinel2,treatment_0004,P01-08,counterfactual_0006_01,0.04048179326960609,1.0,False,0.0,0.5592154843429109,0.36282783780588823,0.34000375182023596,0,-0.0,7.596242115170317,8
unitnorm,sentinel2,treatment_0004,P01-08,counterfactual_0003_03,0.00968448555082968,1.0,False,0.0,0.5592154843429109,0.36282783780588823,0.34000375182023596,0,-0.0,7.596242115170317,8
unitnorm,sentinel2,treatment_0004,P01-09,counterfactual_0004_04,0.3450733026416064,1.0,False,0.0,0.5346420862798407,0.36181910140309015,0.3450733026416064,0,-0.0,7.6386571641683965,9
unitnorm,sentinel2,treatment_0004,P01-09,counterfactual_0006_03,0.07432951815029884,1.0,False,0.0,0.5346420862798407,0.36181910140309015,0.3450733026416064,0,-0.0,7.6386571641683965,9
unitnorm,sentinel2,treatment_0004,P01-09,counterfactual_0002_02,0.07159857069143603,1.0,False,0.0,0.5346420862798407,0.36181910140309015,0.3450733026416064,0,-0.0,7.6386571641683965,9
unitnorm,sentinel2,treatment_0004,P01-09,counterfactual_0006_01,0.0326367754010883,1.0,False,0.0,0.5346420862798407,0.36181910140309015,0.3450733026416064,0,-0.0,7.6386571641683965,9
unitnorm,sentinel2,treatment_0004,P01-09,counterfactual_0003_03,0.011003919395410988,1.0,False,0.0,0.5346420862798407,0.36181910140309015,0.3450733026416064,0,-0.0,7.6386571641683965,9
unitnorm,sentinel2,treatment_0005,P01-08,counterfactual_0004_02,0.17072132988095326,1.0,False,0.0,0.5015554231400836,0.24952270059711032,0.17072132988095326,0,-0.0,16.06126973172214,8
unitnorm,sentinel2,treatment_0005,P01-08,counterfactual_0006_02,0.14312714872213161,1.0,False,0.0,0.5015554231400836,0.24952270059711032,0.17072132988095326,0,-0.0,16.06126973172214,8
unitnorm,sentinel2,treatment_0005,P01-08,counterfactual_0004_03,0.08631213893662126,1.0,False,0.0,0.5015554231400836,0.24952270059711032,0.17072132988095326,0,-0.0,16.06126973172214,8
unitnorm,sentinel2,treatment_0005,P01-08,counterfactual_0006_04,0.046214864097459125,1.0,False,0.0,0.5015554231400836,0.24952270059711032,0.17072132988095326,0,-0.0,16.06126973172214,8
unitnorm,sentinel2,treatment_0005,P01-08,counterfactual_0007_01,0.05517994150291835,1.0,False,0.0,0.5015554231400836,0.24952270059711032,0.17072132988095326,0,-0.0,16.06126973172214,8
unitnorm,sentinel2,treatment_0005,P01-09,counterfactual_0004_02,0.1479764838920046,1.0,False,0.0,0.5138002610744107,0.2497768999047874,0.16162068820124464,0,-0.0,16.02859508388717,9
unitnorm,sentinel2,treatment_0005,P01-09,counterfactual_0006_02,0.16162068820124464,1.0,False,0.0,0.5138002610744107,0.2497768999047874,0.16162068820124464,0,-0.0,16.02859508388717,9
unitnorm,sentinel2,treatment_0005,P01-09,counterfactual_0004_03,0.07713229732163705,1.0,False,0.0,0.5138002610744107,0.2497768999047874,0.16162068820124464,0,-0.0,16.02859508388717,9
unitnorm,sentinel2,treatment_0005,P01-09,counterfactual_0006_04,0.07671357381002586,1.0,False,0.0,0.5138002610744107,0.2497768999047874,0.16162068820124464,0,-0.0,16.02859508388717,9
unitnorm,sentinel2,treatment_0005,P01-09,counterfactual_0007_01,0.05035721784949855,1.0,False,0.0,0.5138002610744107,0.2497768999047874,0.16162068820124464,0,-0.0,16.02859508388717,9
unitnorm,sentinel2,treatment_0006,P01-08,counterfactual_0009_01,0.10186390406612963,1.0,False,0.0,0.4390653145596295,0.20702910087751736,0.1263973216781387,0,-0.0,23.331207061581605,8
unitnorm,sentinel2,treatment_0006,P01-08,counterfactual_0007_02,0.03810975069495672,1.0,False,0.0,0.4390653145596295,0.20702910087751736,0.1263973216781387,0,-0.0,23.331207061581605,8
unitnorm,sentinel2,treatment_0006,P01-08,counterfactual_0007_05,0.1263973216781387,1.0,False,0.0,0.4390653145596295,0.20702910087751736,0.1263973216781387,0,-0.0,23.331207061581605,8
unitnorm,sentinel2,treatment_0006,P01-08,counterfactual_0002_04,0.09484688739961422,1.0,False,0.0,0.4390653145596295,0.20702910087751736,0.1263973216781387,0,-0.0,23.331207061581605,8
unitnorm,sentinel2,treatment_0006,P01-08,counterfactual_0002_02,0.07784745072079025,1.0,False,0.0,0.4390653145596295,0.20702910087751736,0.1263973216781387,0,-0.0,23.331207061581605,8
unitnorm,sentinel2,treatment_0006,P01-09,counterfactual_0009_01,0.11878198413654588,1.0,False,0.0,0.4354407960198723,0.21325888190068099,0.14197698952590057,0,-0.0,21.988000804736316,9
unitnorm,sentinel2,treatment_0006,P01-09,counterfactual_0007_02,0.03318439265592227,1.0,False,0.0,0.4354407960198723,0.21325888190068099,0.14197698952590057,0,-0.0,21.988000804736316,9
unitnorm,sentinel2,treatment_0006,P01-09,counterfactual_0007_05,0.14197698952590057,1.0,False,0.0,0.4354407960198723,0.21325888190068099,0.14197698952590057,0,-0.0,21.988000804736316,9
unitnorm,sentinel2,treatment_0006,P01-09,counterfactual_0002_04,0.07784660810395987,1.0,False,0.0,0.4354407960198723,0.21325888190068099,0.14197698952590057,0,-0.0,21.988000804736316,9
unitnorm,sentinel2,treatment_0006,P01-09,counterfactual_0002_02,0.0636508215975437,1.0,False,0.0,0.4354407960198723,0.21325888190068099,0.14197698952590057,0,-0.0,21.988000804736316,9
unitnorm,sentinel2,treatment_0007,P01-08,counterfactual_0005_01,0.2311208104766067,1.0,False,0.0,0.3694131439963728,0.24258184757491336,0.2311208104766067,0,-0.0,16.99352211799398,8
unitnorm,sentinel2,treatment_0007,P01-08,counterfactual_0003_04,0.036403104736132036,1.0,False,0.0,0.3694131439963728,0.24258184757491336,0.2311208104766067,0,-0.0,16.99352211799398,8
unitnorm,sentinel2,treatment_0007,P01-08,counterfactual_0005_04,0.023599271466906845,1.0,False,0.0,0.3694131439963728,0.24258184757491336,0.2311208104766067,0,-0.0,16.99352211799398,8
unitnorm,sentinel2,treatment_0007,P01-08,counterfactual_0007_04,0.023615114187466067,1.0,False,0.0,0.3694131439963728,0.24258184757491336,0.2311208104766067,0,-0.0,16.99352211799398,8
unitnorm,sentinel2,treatment_0007,P01-08,counterfactual_0001_05,0.05467484312926112,1.0,False,0.0,0.3694131439963728,0.24258184757491336,0.2311208104766067,0,-0.0,16.99352211799398,8
unitnorm,sentinel2,treatment_0007,P01-09,counterfactual_0005_01,0.20186496778728433,1.0,False,0.0,0.36245363223209554,0.21938039223865566,0.20186496778728433,0,-0.0,20.778030657323825,9
unitnorm,sentinel2,treatment_0007,P01-09,counterfactual_0003_04,0.03419436783835323,1.0,False,0.0,0.36245363223209554,0.21938039223865566,0.20186496778728433,0,-0.0,20.778030657323825,9
unitnorm,sentinel2,treatment_0007,P01-09,counterfactual_0005_04,0.018273183937907844,1.0,False,0.0,0.36245363223209554,0.21938039223865566,0.20186496778728433,0,-0.0,20.778030657323825,9
unitnorm,sentinel2,treatment_0007,P01-09,counterfactual_0007_04,0.05793610362396145,1.0,False,0.0,0.36245363223209554,0.21938039223865566,0.20186496778728433,0,-0.0,20.778030657323825,9
unitnorm,sentinel2,treatment_0007,P01-09,counterfactual_0001_05,0.05018500904458869,1.0,False,0.0,0.36245363223209554,0.21938039223865566,0.20186496778728433,0,-0.0,20.778030657323825,9
unitnorm,sentinel2,treatment_0008,P01-08,counterfactual_0005_05,0.10960906331364373,1.0,False,0.0,0.38065374557338566,0.17524012772410474,0.10960906331364373,0,-0.0,32.56363498099263,8
unitnorm,sentinel2,treatment_0008,P01-08,counterfactual_0010_05,0.06725470148381237,1.0,False,0.0,0.38065374557338566,0.17524012772410474,0.10960906331364373,0,-0.0,32.56363498099263,8
unitnorm,sentinel2,treatment_0008,P01-08,counterfactual_0003_05,0.059195370364880824,1.0,False,0.0,0.38065374557338566,0.17524012772410474,0.10960906331364373,0,-0.0,32.56363498099263,8
unitnorm,sentinel2,treatment_0008,P01-08,counterfactual_0007_01,0.08263819926727195,1.0,False,0.0,0.38065374557338566,0.17524012772410474,0.10960906331364373,0,-0.0,32.56363498099263,8
unitnorm,sentinel2,treatment_0008,P01-08,counterfactual_0002_04,0.06195641114377682,1.0,False,0.0,0.38065374557338566,0.17524012772410474,0.10960906331364373,0,-0.0,32.56363498099263,8
unitnorm,sentinel2,treatment_0008,P01-09,counterfactual_0005_05,0.09628951090866048,1.0,False,0.0,0.33033700946941197,0.15256145624678297,0.09628951090866048,0,-0.0,42.96455805992399,9
unitnorm,sentinel2,treatment_0008,P01-09,counterfactual_0010_05,0.057365090332080516,1.0,False,0.0,0.33033700946941197,0.15256145624678297,0.09628951090866048,0,-0.0,42.96455805992399,9
unitnorm,sentinel2,treatment_0008,P01-09,counterfactual_0003_05,0.048568821437517375,1.0,False,0.0,0.33033700946941197,0.15256145624678297,0.09628951090866048,0,-0.0,42.96455805992399,9
unitnorm,sentinel2,treatment_0008,P01-09,counterfactual_0007_01,0.07263287805658611,1.0,False,0.0,0.33033700946941197,0.15256145624678297,0.09628951090866048,0,-0.0,42.96455805992399,9
unitnorm,sentinel2,treatment_0008,P01-09,counterfactual_0002_04,0.055480708734567515,1.0,False,0.0,0.33033700946941197,0.15256145624678297,0.09628951090866048,0,-0.0,42.96455805992399,9
unitnorm,sentinel2,treatment_0009,P01-08,counterfactual_0008_03,0.19826812648822154,1.0,False,0.0,0.7137023482360002,0.3301446981954383,0.19826812648822154,0,-0.0,9.174688867724864,8
unitnorm,sentinel2,treatment_0009,P01-08,counterfactual_0005_02,0.17378564204996633,1.0,False,0.0,0.7137023482360002,0.3301446981954383,0.19826812648822154,0,-0.0,9.174688867724864,8
unitnorm,sentinel2,treatment_0009,P01-08,counterfactual_0004_05,0.12998119490406443,1.0,False,0.0,0.7137023482360002,0.3301446981954383,0.19826812648822154,0,-0.0,9.174688867724864,8
unitnorm,sentinel2,treatment_0009,P01-08,counterfactual_0005_03,0.1155076383675706,1.0,False,0.0,0.7137023482360002,0.3301446981954383,0.19826812648822154,0,-0.0,9.174688867724864,8
unitnorm,sentinel2,treatment_0009,P01-08,counterfactual_0009_03,0.09615974642617729,1.0,False,0.0,0.7137023482360002,0.3301446981954383,0.19826812648822154,0,-0.0,9.174688867724864,8
unitnorm,sentinel2,treatment_0009,P01-09,counterfactual_0008_03,0.2029958095947641,1.0,False,0.0,0.7172090924215608,0.33514331496716365,0.2029958095947641,0,-0.0,8.903051343250747,9
unitnorm,sentinel2,treatment_0009,P01-09,counterfactual_0005_02,0.18967887374640016,1.0,False,0.0,0.7172090924215608,0.33514331496716365,0.2029958095947641,0,-0.0,8.903051343250747,9
unitnorm,sentinel2,treatment_0009,P01-09,counterfactual_0004_05,0.10993025516668546,1.0,False,0.0,0.7172090924215608,0.33514331496716365,0.2029958095947641,0,-0.0,8.903051343250747,9
unitnorm,sentinel2,treatment_0009,P01-09,counterfactual_0005_03,0.10387167837065313,1.0,False,0.0,0.7172090924215608,0.33514331496716365,0.2029958095947641,0,-0.0,8.903051343250747,9
unitnorm,sentinel2,treatment_0009,P01-09,counterfactual_0009_03,0.11073247554305801,1.0,False,0.0,0.7172090924215608,0.33514331496716365,0.2029958095947641,0,-0.0,8.903051343250747,9
unitnorm,sentinel2,treatment_0010,P01-08,counterfactual_0004_04,0.2907618231198366,1.0,False,0.0,0.5840264522416682,0.331360289655157,0.2907618231198366,0,-0.0,9.107497855085132,8
unitnorm,sentinel2,treatment_0010,P01-08,counterfactual_0006_03,0.10322231830696633,1.0,False,0.0,0.5840264522416682,0.331360289655157,0.2907618231198366,0,-0.0,9.107497855085132,8
unitnorm,sentinel2,treatment_0010,P01-08,counterfactual_0002_02,0.10405151844027173,1.0,False,0.0,0.5840264522416682,0.331360289655157,0.2907618231198366,0,-0.0,9.107497855085132,8
unitnorm,sentinel2,treatment_0010,P01-08,counterfactual_0003_03,0.03673320394406829,1.0,False,0.0,0.5840264522416682,0.331360289655157,0.2907618231198366,0,-0.0,9.107497855085132,8
unitnorm,sentinel2,treatment_0010,P01-08,counterfactual_0006_01,0.049257588430525225,1.0,False,0.0,0.5840264522416682,0.331360289655157,0.2907618231198366,0,-0.0,9.107497855085132,8
unitnorm,sentinel2,treatment_0010,P01-09,counterfactual_0004_04,0.2571664889690627,1.0,False,0.0,0.5482861977924197,0.2982777600322253,0.2571664889690627,0,-0.0,11.239791471077684,9
unitnorm,sentinel2,treatment_0010,P01-09,counterfactual_0006_03,0.08788973090959815,1.0,False,0.0,0.5482861977924197,0.2982777600322253,0.2571664889690627,0,-0.0,11.239791471077684,9
unitnorm,sentinel2,treatment_0010,P01-09,counterfactual_0002_02,0.09147182668469235,1.0,False,0.0,0.5482861977924197,0.2982777600322253,0.2571664889690627,0,-0.0,11.239791471077684,9
unitnorm,sentinel2,treatment_0010,P01-09,counterfactual_0003_03,0.07166478151736388,1.0,False,0.0,0.5482861977924197,0.2982777600322253,0.2571664889690627,0,-0.0,11.239791471077684,9
unitnorm,sentinel2,treatment_0010,P01-09,counterfactual_0006_01,0.040093369711702666,1.0,False,0.0,0.5482861977924197,0.2982777600322253,0.2571664889690627,0,-0.0,11.239791471077684,9
cv,sentinel1,treatment_0001,P01-08,counterfactual_0003_03,0.05451867867935131,630.9573444801943,False,0.0,0.14003180839075358,0.06966164081202861,0.05451867867935131,0,-0.0,206.06897018626995,8
cv,sentinel1,treatment_0001,P01-08,counterfactual_0007_04,0.021460869528778462,630.9573444801943,False,0.0,0.14003180839075358,0.06966164081202861,0.05451867867935131,0,-0.0,206.06897018626995,8
cv,sentinel1,treatment_0001,P01-08,counterfactual_0006_04,0.01830057157412963,630.9573444801943,False,0.0,0.14003180839075358,0.06966164081202861,0.05451867867935131,0,-0.0,206.06897018626995,8
cv,sentinel1,treatment_0001,P01-08,counterfactual_0010_03,0.027255885944821583,630.9573444801943,False,0.0,0.14003180839075358,0.06966164081202861,0.05451867867935131,0,-0.0,206.06897018626995,8
cv,sentinel1,treatment_0001,P01-08,counterfactual_0006_02,0.01849580266367259,630.9573444801943,False,0.0,0.14003180839075358,0.06966164081202861,0.05451867867935131,0,-0.0,206.06897018626995,8
cv,sentinel1,treatment_0001,P01-09,counterfactual_0003_03,0.05477100499177411,630.9573444801943,False,0.0,0.1406200001836636,0.07045699485482222,0.05477100499177411,0,-0.0,201.4428089803695,9
cv,sentinel1,treatment_0001,P01-09,counterfactual_0007_04,0.022227813788627402,630.9573444801943,False,0.0,0.1406200001836636,0.07045699485482222,0.05477100499177411,0,-0.0,201.4428089803695,9
cv,sentinel1,treatment_0001,P01-09,counterfactual_0006_04,0.016159730070077274,630.9573444801943,False,0.0,0.1406200001836636,0.07045699485482222,0.05477100499177411,0,-0.0,201.4428089803695,9
cv,sentinel1,treatment_0001,P01-09,counterfactual_0010_03,0.030165703253099977,630.9573444801943,False,0.0,0.1406200001836636,0.07045699485482222,0.05477100499177411,0,-0.0,201.4428089803695,9
cv,sentinel1,treatment_0001,P01-09,counterfactual_0006_02,0.01729574808008485,630.9573444801943,False,0.0,0.1406200001836636,0.07045699485482222,0.05477100499177411,0,-0.0,201.4428089803695,9
cv,sentinel1,treatment_0002,P01-08,counterfactual_0002_01,0.03327693822416784,1000.0,False,0.0,0.12411924005451071,0.05687798286666789,0.03327693822416784,0,-0.0,309.10898412817124,8
cv,sentinel1,treatment_0002,P01-08,counterfactual_0006_03,0.027464988692917646,1000.0,False,0.0,0.12411924005451071,0.05687798286666789,0.03327693822416784,0,-0.0,309.10898412817124,8
cv,sentinel1,treatment_0002,P01-08,counterfactual_0001_05,0.024776334645032164,1000.0,False,0.0,0.12411924005451071,0.05687798286666789,0.03327693822416784,0,-0.0,309.10898412817124,8
cv,sentinel1,treatment_0002,P01-08,counterfactual_0007_01,0.021996800131097685,1000.0,False,0.0,0.12411924005451071,0.05687798286666789,0.03327693822416784,0,-0.0,309.10898412817124,8
cv,sentinel1,treatment_0002,P01-08,counterfactual_0010_04,0.016604178361295366,1000.0,False,0.0,0.12411924005451071,0.05687798286666789,0.03327693822416784,0,-0.0,309.10898412817124,8
cv,sentinel1,treatment_0002,P01-09,counterfactual_0002_01,0.03452978095639036,1000.0,False,0.0,0.12205470805528482,0.05614119495341077,0.03452978095639036,0,-0.0,317.27561563222,9
cv,sentinel1,treatment_0002,P01-09,counterfactual_0006_03,0.026103489504959408,1000.0,False,0.0,0.12205470805528482,0.05614119495341077,0.03452978095639036,0,-0.0,317.27561563222,9
cv,sentinel1,treatment_0002,P01-09,counterfactual_0001_05,0.021769901703997827,1000.0,False,0.0,0.12205470805528482,0.05614119495341077,0.03452978095639036,0,-0.0,317.27561563222,9
cv,sentinel1,treatment_0002,P01-09,counterfactual_0007_01,0.022832848268790493,1000.0,False,0.0,0.12205470805528482,0.05614119495341077,0.03452978095639036,0,-0.0,317.27561563222,9
cv,sentinel1,treatment_0002,P01-09,counterfactual_0010_04,0.016818687621146737,1000.0,False,0.0,0.12205470805528482,0.05614119495341077,0.03452978095639036,0,-0.0,317.27561563222,9
cv,sentinel1,treatment_0003,P01-08,counterfactual_0006_01,0.08338196915470439,316.22776601683796,False,0.0,0.23384704763407846,0.11276320349624759,0.08338196915470439,0,-0.0,78.64392664929554,8
cv,sentinel1,treatment_0003,P01-08,counterfactual_0008_03,0.039723732734970034,316.22776601683796,False,0.0,0.23384704763407846,0.11276320349624759,0.08338196915470439,0,-0.0,78.64392664929554,8
cv,sentinel1,treatment_0003,P01-08,counterfactual_0006_05,0.030180563917563196,316.22776601683796,False,0.0,0.23384704763407846,0.11276320349624759,0.08338196915470439,0,-0.0,78.64392664929554,8
cv,sentinel1,treatment_0003,P01-08,counterfactual_0004_01,0.044096548507303136,316.22776601683796,False,0.0,0.23384704763407846,0.11276320349624759,0.08338196915470439,0,-0.0,78.64392664929554,8
cv,sentinel1,treatment_0003,P01-08,counterfactual_0003_05,0.03646423331953771,316.22776601683796,False,0.0,0.23384704763407846,0.11276320349624759,0.08338196915470439,0,-0.0,78.64392664929554,8
cv,sentinel1,treatment_0003,P01-09,counterfactual_0006_01,0.08143920972103028,316.22776601683796,False,0.0,0.2284368213503283,0.11015716845189402,0.08143920972103028,0,-0.0,82.40896732070901,9
cv,sentinel1,treatment_0003,P01-09,counterfactual_0008_03,0.03649527154979143,316.22776601683796,False,0.0,0.2284368213503283,0.11015716845189402,0.08143920972103028,0,-0.0,82.40896732070901,9
cv,sentinel1,treatment_0003,P01-09,counterfactual_0006_05,0.03231107423691592,316.22776601683796,False,0.0,0.2284368213503283,0.11015716845189402,0.08143920972103028,0,-0.0,82.40896732070901,9
cv,sentinel1,treatment_0003,P01-09,counterfactual_0004_01,0.04498670627354405,316.22776601683796,False,0.0,0.2284368213503283,0.11015716845189402,0.08143920972103028,0,-0.0,82.40896732070901,9
cv,sentinel1,treatment_0003,P01-09,counterfactual_0003_05,0.033204559569046645,316.22776601683796,False,0.0,0.2284368213503283,0.11015716845189402,0.08143920972103028,0,-0.0,82.40896732070901,9
cv,sentinel1,treatment_0004,P01-08,counterfactual_0005_05,0.05982052321993634,794.3282347242822,False,0.0,0.14652891991969264,0.07497678144977717,0.05982052321993634,0,-0.0,177.88790204063568,8
cv,sentinel1,treatment_0004,P01-08,counterfactual_0001_01,0.02032790458256805,794.3282347242822,False,0.0,0.14652891991969264,0.07497678144977717,0.05982052321993634,0,-0.0,177.88790204063568,8
cv,sentinel1,treatment_0004,P01-08,counterfactual_0002_03,0.031722384573059835,794.3282347242822,False,0.0,0.14652891991969264,0.07497678144977717,0.05982052321993634,0,-0.0,177.88790204063568,8
cv,sentinel1,treatment_0004,P01-08,counterfactual_0006_02,0.013945478645705648,794.3282347242822,False,0.0,0.14652891991969264,0.07497678144977717,0.05982052321993634,0,-0.0,177.88790204063568,8
cv,sentinel1,treatment_0004,P01-08,counterfactual_0010_03,0.020712628898422757,794.3282347242822,False,0.0,0.14652891991969264,0.07497678144977717,0.05982052321993634,0,-0.0,177.88790204063568,8
cv,sentinel1,treatment_0004,P01-09,counterfactual_0005_05,0.05653134104308596,1000.0,False,0.0,0.135917409221678,0.07027481402241334,0.05653134104308596,0,-0.0,202.48860578559973,9
cv,sentinel1,treatment_0004,P01-09,counterfactual_0001_01,0.01949701470992081,1000.0,False,0.0,0.135917409221678,0.07027481402241334,0.05653134104308596,0,-0.0,202.48860578559973,9
cv,sentinel1,treatment_0004,P01-09,counterfactual_0002_03,0.029457976889211868,1000.0,False,0.0,0.135917409221678,0.07027481402241334,0.05653134104308596,0,-0.0,202.48860578559973,9
cv,sentinel1,treatment_0004,P01-09,counterfactual_0006_02,0.011226442536402977,1000.0,False,0.0,0.135917409221678,0.07027481402241334,0.05653134104308596,0,-0.0,202.48860578559973,9
cv,sentinel1,treatment_0004,P01-09,counterfactual_0010_03,0.019204634043056397,1000.0,False,0.0,0.135917409221678,0.07027481402241334,0.05653134104308596,0,-0.0,202.48860578559973,9
cv,sentinel1,treatment_0005,P01-08,counterfactual_0006_01,0.03256266377858423,794.3282347242822,False,0.0,0.0875393914104128,0.047104983340412854,0.03256266377858423,1,0.0032908910137353876,450.6779300340148,8
cv,sentinel1,treatment_0005,P01-08,counterfactual_0005_03,0.01775751969919099,794.3282347242822,False,0.0,0.0875393914104128,0.047104983340412854,0.03256266377858423,1,0.0032908910137353876,450.6779300340148,8
cv,sentinel1,treatment_0005,P01-08,counterfactual_0004_05,0.022690091083667367,794.3282347242822,False,0.0,0.0875393914104128,0.047104983340412854,0.03256266377858423,1,0.0032908910137353876,450.6779300340148,8
cv,sentinel1,treatment_0005,P01-08,counterfactual_0010_04,0.017820007862705604,794.3282347242822,False,0.0,0.0875393914104128,0.047104983340412854,0.03256266377858423,1,0.0032908910137353876,450.6779300340148,8
cv,sentinel1,treatment_0005,P01-08,counterfactual_0001_04,-0.0032908910137353876,794.3282347242822,False,0.0,0.0875393914104128,0.047104983340412854,0.03256266377858423,1,0.0032908910137353876,450.6779300340148,8
cv,sentinel1,treatment_0005,P01-09,counterfactual_0006_01,0.030707376007152207,1000.0,False,0.0,0.07785543664524353,0.04654818939336688,0.030707376007152207,1,0.010521517774773755,461.5241324636536,9
cv,sentinel1,treatment_0005,P01-09,counterfactual_0005_03,0.019452506278829773,1000.0,False,0.0,0.07785543664524353,0.04654818939336688,0.030707376007152207,1,0.010521517774773755,461.5241324636536,9
cv,sentinel1,treatment_0005,P01-09,counterfactual_0004_05,0.0205945300936384,1000.0,False,0.0,0.07785543664524353,0.04654818939336688,0.030707376007152207,1,0.010521517774773755,461.5241324636536,9
cv,sentinel1,treatment_0005,P01-09,counterfactual_0010_04,0.0176225420403969,1000.0,False,0.0,0.07785543664524353,0.04654818939336688,0.030707376007152207,1,0.010521517774773755,461.5241324636536,9
cv,sentinel1,treatment_0005,P01-09,counterfactual_0001_04,-0.010521517774773755,1000.0,False,0.0,0.07785543664524353,0.04654818939336688,0.030707376007152207,1,0.010521517774773755,461.5241324636536,9
cv,sentinel1,treatment_0006,P01-08,counterfactual_0006_04,0.021373336380959236,1000.0,False,0.0,0.12143446748190172,0.05979567037664939,0.04527136339350974,0,-0.0,279.67942729502226,8
cv,sentinel1,treatment_0006,P01-08,counterfactual_0009_01,0.04527136339350974,1000.0,False,0.0,0.12143446748190172,0.05979567037664939,0.04527136339350974,0,-0.0,279.67942729502226,8
cv,sentinel1,treatment_0006,P01-08,counterfactual_0003_03,0.021807499493073916,1000.0,False,0.0,0.12143446748190172,0.05979567037664939,0.04527136339350974,0,-0.0,279.67942729502226,8
cv,sentinel1,treatment_0006,P01-08,counterfactual_0007_02,0.01150493807163872,1000.0,False,0.0,0.12143446748190172,0.05979567037664939,0.04527136339350974,0,-0.0,279.67942729502226,8
cv,sentinel1,treatment_0006,P01-08,counterfactual_0010_01,0.02147733014272012,1000.0,False,0.0,0.12143446748190172,0.05979567037664939,0.04527136339350974,0,-0.0,279.67942729502226,8
cv,sentinel1,treatment_0006,P01-09,counterfactual_0006_04,0.023085098130060138,794.3282347242822,False,0.0,0.12550209840327317,0.06217660615344749,0.04611453234371876,0,-0.0,258.66994714114077,9
cv,sentinel1,treatment_0006,P01-09,counterfactual_0009_01,0.04611453234371876,794.3282347242822,False,0.0,0.12550209840327317,0.06217660615344749,0.04611453234371876,0,-0.0,258.66994714114077,9
cv,sentinel1,treatment_0006,P01-09,counterfactual_0003_03,0.02076301398968112,794.3282347242822,False,0.0,0.12550209840327317,0.06217660615344749,0.04611453234371876,0,-0.0,258.66994714114077,9
cv,sentinel1,treatment_0006,P01-09,counterfactual_0007_02,0.009289474594511403,794.3282347242822,False,0.0,0.12550209840327317,0.06217660615344749,0.04611453234371876,0,-0.0,258.66994714114077,9
cv,sentinel1,treatment_0006,P01-09,counterfactual_0010_01,0.02624997934530175,794.3282347242822,False,0.0,0.12550209840327317,0.06217660615344749,0.04611453234371876,0,-0.0,258.66994714114077,9
cv,sentinel1,treatment_0007,P01-08,counterfactual_0006_05,0.08353540117080786,251.18864315095823,False,0.0,0.217943774296687,0.109542832725452,0.08353540117080786,0,-0.0,83.3358875677567,8
cv,sentinel1,treatment_0007,P01-08,counterfactual_0003_02,0.038364720548062024,251.18864315095823,False,0.0,0.217943774296687,0.109542832725452,0.08353540117080786,0,-0.0,83.3358875677567,8
cv,sentinel1,treatment_0007,P01-08,counterfactual_0008_03,0.03464006201735986,251.18864315095823,False,0.0,0.217943774296687,0.109542832725452,0.08353540117080786,0,-0.0,83.3358875677567,8
cv,sentinel1,treatment_0007,P01-08,counterfactual_0008_01,0.045941263883053696,251.18864315095823,False,0.0,0.217943774296687,0.109542832725452,0.08353540117080786,0,-0.0,83.3358875677567,8
cv,sentinel1,treatment_0007,P01-08,counterfactual_0007_04,0.015462326677403541,251.18864315095823,False,0.0,0.217943774296687,0.109542832725452,0.08353540117080786,0,-0.0,83.3358875677567,8
cv,sentinel1,treatment_0007,P01-09,counterfactual_0006_05,0.08406414621479923,199.5262314968883,False,0.0,0.22347566323384288,0.11151916463815742,0.08406414621479923,0,-0.0,80.40831935348554,9
cv,sentinel1,treatment_0007,P01-09,counterfactual_0003_02,0.037834353465593946,199.5262314968883,False,0.0,0.22347566323384288,0.11151916463815742,0.08406414621479923,0,-0.0,80.40831935348554,9
cv,sentinel1,treatment_0007,P01-09,counterfactual_0008_03,0.03496034654498532,199.5262314968883,False,0.0,0.22347566323384288,0.11151916463815742,0.08406414621479923,0,-0.0,80.40831935348554,9
cv,sentinel1,treatment_0007,P01-09,counterfactual_0008_01,0.04907513162437887,199.5262314968883,False,0.0,0.22347566323384288,0.11151916463815742,0.08406414621479923,0,-0.0,80.40831935348554,9
cv,sentinel1,treatment_0007,P01-09,counterfactual_0007_04,0.01754168538408552,199.5262314968883,False,0.0,0.22347566323384288,0.11151916463815742,0.08406414621479923,0,-0.0,80.40831935348554,9
cv,sentinel1,treatment_0008,P01-08,counterfactual_0006_05,0.04488445433472838,794.3282347242822,False,0.0,0.12085910946539667,0.06425078313636003,0.04488445433472838,0,-0.0,242.23848903939177,8
cv,sentinel1,treatment_0008,P01-08,counterfactual_0005_03,0.03413832092962112,794.3282347242822,False,0.0,0.12085910946539667,0.06425078313636003,0.04488445433472838,0,-0.0,242.23848903939177,8
cv,sentinel1,treatment_0008,P01-08,counterfactual_0008_03,0.028111438452961945,794.3282347242822,False,0.0,0.12085910946539667,0.06425078313636003,0.04488445433472838,0,-0.0,242.23848903939177,8
cv,sentinel1,treatment_0008,P01-08,counterfactual_0003_01,0.012505345324504952,794.3282347242822,False,0.0,0.12085910946539667,0.06425078313636003,0.04488445433472838,0,-0.0,242.23848903939177,8
cv,sentinel1,treatment_0008,P01-08,counterfactual_0007_03,0.001219550423580269,794.3282347242822,False,0.0,0.12085910946539667,0.06425078313636003,0.04488445433472838,0,-0.0,242.23848903939177,8
cv,sentinel1,treatment_0008,P01-09,counterfactual_0006_05,0.04285176693374624,630.9573444801943,False,0.0,0.12184890270347531,0.06534698246851128,0.04285176693374624,0,-0.0,234.17952681395963,9
cv,sentinel1,treatment_0008,P01-09,counterfactual_0005_03,0.03717836082569928,630.9573444801943,False,0.0,0.12184890270347531,0.06534698246851128,0.04285176693374624,0,-0.0,234.17952681395963,9
cv,sentinel1,treatment_0008,P01-09,counterfactual_0008_03,0.03039818720292751,630.9573444801943,False,0.0,0.12184890270347531,0.06534698246851128,0.04285176693374624,0,-0.0,234.17952681395963,9
cv,sentinel1,treatment_0008,P01-09,counterfactual_0003_01,0.011298628922674832,630.9573444801943,False,0.0,0.12184890270347531,0.06534698246851128,0.04285176693374624,0,-0.0,234.17952681395963,9
cv,sentinel1,treatment_0008,P01-09,counterfactual_0007_03,0.00012195881842745211,630.9573444801943,False,0.0,0.12184890270347531,0.06534698246851128,0.04285176693374624,0,-0.0,234.17952681395963,9
cv,sentinel1,treatment_0009,P01-08,counterfactual_0003_02,0.06553936245040932,316.22776601683796,False,0.0,0.20878271894421313,0.09849159389936804,0.06553936245040932,0,-0.0,103.08647005572344,8
cv,sentinel1,treatment_0009,P01-08,counterfactual_0001_04,0.03417518109914886,316.22776601683796,False,0.0,0.20878271894421313,0.09849159389936804,0.06553936245040932,0,-0.0,103.08647005572344,8
cv,sentinel1,treatment_0009,P01-08,counterfactual_0001_05,0.04981746009861648,316.22776601683796,False,0.0,0.20878271894421313,0.09849159389936804,0.06553936245040932,0,-0.0,103.08647005572344,8
cv,sentinel1,treatment_0009,P01-08,counterfactual_0005_03,0.02936071350115519,316.22776601683796,False,0.0,0.20878271894421313,0.09849159389936804,0.06553936245040932,0,-0.0,103.08647005572344,8
cv,sentinel1,treatment_0009,P01-08,counterfactual_0009_05,0.029890001794883266,316.22776601683796,False,0.0,0.20878271894421313,0.09849159389936804,0.06553936245040932,0,-0.0,103.08647005572344,8
cv,sentinel1,treatment_0009,P01-09,counterfactual_0003_02,0.06584751462519679,316.22776601683796,False,0.0,0.20571049812556919,0.0968044976720248,0.06584751462519679,0,-0.0,106.71093583176462,9
cv,sentinel1,treatment_0009,P01-09,counterfactual_0001_04,0.033583414085642325,316.22776601683796,False,0.0,0.20571049812556919,0.0968044976720248,0.06584751462519679,0,-0.0,106.71093583176462,9
cv,sentinel1,treatment_0009,P01-09,counterfactual_0001_05,0.044917362272564855,316.22776601683796,False,0.0,0.20571049812556919,0.0968044976720248,0.06584751462519679,0,-0.0,106.71093583176462,9
cv,sentinel1,treatment_0009,P01-09,counterfactual_0005_03,0.028791630183336598,316.22776601683796,False,0.0,0.20571049812556919,0.0968044976720248,0.06584751462519679,0,-0.0,106.71093583176462,9
cv,sentinel1,treatment_0009,P01-09,counterfactual_0009_05,0.032570576958828604,316.22776601683796,False,0.0,0.20571049812556919,0.0968044976720248,0.06584751462519679,0,-0.0,106.71093583176462,9
cv,sentinel1,treatment_0010,P01-08,counterfactual_0007_04,0.03206922823954304,316.22776601683796,False,0.0,0.17376881672951963,0.08584846668498114,0.06347108014036157,0,-0.0,135.68596087153713,8
cv,sentinel1,treatment_0010,P01-08,counterfactual_0009_02,0.06347108014036157,316.22776601683796,False,0.0,0.17376881672951963,0.08584846668498114,0.06347108014036157,0,-0.0,135.68596087153713,8
cv,sentinel1,treatment_0010,P01-08,counterfactual_0008_03,0.03070856313255214,316.22776601683796,False,0.0,0.17376881672951963,0.08584846668498114,0.06347108014036157,0,-0.0,135.68596087153713,8
cv,sentinel1,treatment_0010,P01-08,counterfactual_0001_01,0.03473397305768267,316.22776601683796,False,0.0,0.17376881672951963,0.08584846668498114,0.06347108014036157,0,-0.0,135.68596087153713,8
cv,sentinel1,treatment_0010,P01-08,counterfactual_0003_02,0.012785972159380212,316.22776601683796,False,0.0,0.17376881672951963,0.08584846668498114,0.06347108014036157,0,-0.0,135.68596087153713,8
cv,sentinel1,treatment_0010,P01-09,counterfactual_0007_04,0.03261392519937641,316.22776601683796,False,0.0,0.1782067754307833,0.08773332440341186,0.06354340158443501,0,-0.0,129.91844922624955,9
cv,sentinel1,treatment_0010,P01-09,counterfactual_0009_02,0.06354340158443501,316.22776601683796,False,0.0,0.1782067754307833,0.08773332440341186,0.06354340158443501,0,-0.0,129.91844922624955,9
cv,sentinel1,treatment_0010,P01-09,counterfactual_0008_03,0.0325040383051808,316.22776601683796,False,0.0,0.1782067754307833,0.08773332440341186,0.06354340158443501,0,-0.0,129.91844922624955,9
cv,sentinel1,treatment_0010,P01-09,counterfactual_0001_01,0.03725905491631985,316.22776601683796,False,0.0,0.1782067754307833,0.08773332440341186,0.06354340158443501,0,-0.0,129.91844922624955,9
cv,sentinel1,treatment_0010,P01-09,counterfactual_0003_02,0.012286355425471204,316.22776601683796,False,0.0,0.1782067754307833,0.08773332440341186,0.06354340158443501,0,-0.0,129.91844922624955,9
cv,sentinel2,treatment_0001,P01-08,counterfactual_0002_02,0.10134282556753348,10000.0,True,0.0,0.30773070668363395,0.14711295123872134,0.10134282556753348,0,-0.0,46.205979815997985,8
cv,sentinel2,treatment_0001,P01-08,counterfactual_0005_02,0.06046657373946906,10000.0,True,0.0,0.30773070668363395,0.14711295123872134,0.10134282556753348,0,-0.0,46.205979815997985,8
cv,sentinel2,treatment_0001,P01-08,counterfactual_0009_03,0.06796334849673145,10000.0,True,0.0,0.30773070668363395,0.14711295123872134,0.10134282556753348,0,-0.0,46.205979815997985,8
cv,sentinel2,treatment_0001,P01-08,counterfactual_0005_03,0.04435983314154682,10000.0,True,0.0,0.30773070668363395,0.14711295123872134,0.10134282556753348,0,-0.0,46.205979815997985,8
cv,sentinel2,treatment_0001,P01-08,counterfactual_0008_03,0.03359812573835314,10000.0,True,0.0,0.30773070668363395,0.14711295123872134,0.10134282556753348,0,-0.0,46.205979815997985,8
cv,sentinel2,treatment_0001,P01-09,counterfactual_0002_02,0.10206945848929089,7943.282347242822,False,0.0,0.36589784364652217,0.1758800401121386,0.10206945848929089,0,-0.0,32.327110521288375,9
cv,sentinel2,treatment_0001,P01-09,counterfactual_0005_02,0.0952357212954558,7943.282347242822,False,0.0,0.36589784364652217,0.1758800401121386,0.10206945848929089,0,-0.0,32.327110521288375,9
cv,sentinel2,treatment_0001,P01-09,counterfactual_0009_03,0.09032576678878666,7943.282347242822,False,0.0,0.36589784364652217,0.1758800401121386,0.10206945848929089,0,-0.0,32.327110521288375,9
cv,sentinel2,treatment_0001,P01-09,counterfactual_0005_03,0.028546338255934296,7943.282347242822,False,0.0,0.36589784364652217,0.1758800401121386,0.10206945848929089,0,-0.0,32.327110521288375,9
cv,sentinel2,treatment_0001,P01-09,counterfactual_0008_03,0.04972055881705454,7943.282347242822,False,0.0,0.36589784364652217,0.1758800401121386,0.10206945848929089,0,-0.0,32.327110521288375,9
cv,sentinel2,treatment_0002,P01-08,counterfactual_0004_01,0.306646647973523,316.22776601683796,False,0.0,0.8489024174685823,0.43712493143951164,0.306646647973523,0,-0.0,5.233459234190832,8
cv,sentinel2,treatment_0002,P01-08,counterfactual_0008_01,0.2008136923749267,316.22776601683796,False,0.0,0.8489024174685823,0.43712493143951164,0.306646647973523,0,-0.0,5.233459234190832,8
cv,sentinel2,treatment_0002,P01-08,counterfactual_0001_01,0.21237001892866902,316.22776601683796,False,0.0,0.8489024174685823,0.43712493143951164,0.306646647973523,0,-0.0,5.233459234190832,8
cv,sentinel2,treatment_0002,P01-08,counterfactual_0009_05,0.023983119923301557,316.22776601683796,False,0.0,0.8489024174685823,0.43712493143951164,0.306646647973523,0,-0.0,5.233459234190832,8
cv,sentinel2,treatment_0002,P01-08,counterfactual_0003_04,0.10508893826816201,316.22776601683796,False,0.0,0.8489024174685823,0.43712493143951164,0.306646647973523,0,-0.0,5.233459234190832,8
cv,sentinel2,treatment_0002,P01-09,counterfactual_0004_01,0.2503789581624173,1000.0,False,0.0,0.7781398945591749,0.41558670846958506,0.2692928734323116,1,0.00832547305567707,5.789975172785515,9
cv,sentinel2,treatment_0002,P01-09,counterfactual_0008_01,0.16377216061652988,1000.0,False,0.0,0.7781398945591749,0.41558670846958506,0.2692928734323116,1,0.00832547305567707,5.789975172785515,9
cv,sentinel2,treatment_0002,P01-09,counterfactual_0001_01,0.2692928734323116,1000.0,False,0.0,0.7781398945591749,0.41558670846958506,0.2692928734323116,1,0.00832547305567707,5.789975172785515,9
cv,sentinel2,treatment_0002,P01-09,counterfactual_0009_05,-0.00832547305567707,1000.0,False,0.0,0.7781398945591749,0.41558670846958506,0.2692928734323116,1,0.00832547305567707,5.789975172785515,9
cv,sentinel2,treatment_0002,P01-09,counterfactual_0003_04,0.1030213754035933,1000.0,False,0.0,0.7781398945591749,0.41558670846958506,0.2692928734323116,1,0.00832547305567707,5.789975172785515,9
cv,sentinel2,treatment_0003,P01-08,counterfactual_0004_05,0.14659912318223284,6309.573444801943,False,0.0,0.49900687776726893,0.23313210749175017,0.14659912318223284,0,-0.0,18.399067836964154,8
cv,sentinel2,treatment_0003,P01-08,counterfactual_0008_03,0.08829134412983675,6309.573444801943,False,0.0,0.49900687776726893,0.23313210749175017,0.14659912318223284,0,-0.0,18.399067836964154,8
cv,sentinel2,treatment_0003,P01-08,counterfactual_0003_05,0.10255286867123889,6309.573444801943,False,0.0,0.49900687776726893,0.23313210749175017,0.14659912318223284,0,-0.0,18.399067836964154,8
cv,sentinel2,treatment_0003,P01-08,counterfactual_0009_03,0.0534373446966559,6309.573444801943,False,0.0,0.49900687776726893,0.23313210749175017,0.14659912318223284,0,-0.0,18.399067836964154,8
cv,sentinel2,treatment_0003,P01-08,counterfactual_0005_05,0.10812619708730457,6309.573444801943,False,0.0,0.49900687776726893,0.23313210749175017,0.14659912318223284,0,-0.0,18.399067836964154,8
cv,sentinel2,treatment_0003,P01-09,counterfactual_0004_05,0.11754788539970489,10000.0,True,0.0,0.3752191699881979,0.1767941252606584,0.11754788539970489,0,-0.0,31.993690612135328,9
cv,sentinel2,treatment_0003,P01-09,counterfactual_0008_03,0.0680917048876628,10000.0,True,0.0,0.3752191699881979,0.1767941252606584,0.11754788539970489,0,-0.0,31.993690612135328,9
cv,sentinel2,treatment_0003,P01-09,counterfactual_0003_05,0.07029647473303352,10000.0,True,0.0,0.3752191699881979,0.1767941252606584,0.11754788539970489,0,-0.0,31.993690612135328,9
cv,sentinel2,treatment_0003,P01-09,counterfactual_0009_03,0.040323773561886635,10000.0,True,0.0,0.3752191699881979,0.1767941252606584,0.11754788539970489,0,-0.0,31.993690612135328,9
cv,sentinel2,treatment_0003,P01-09,counterfactual_0005_05,0.07895933140591001,10000.0,True,0.0,0.3752191699881979,0.1767941252606584,0.11754788539970489,0,-0.0,31.993690612135328,9
cv,sentinel2,treatment_0004,P01-08,counterfactual_0004_04,0.6918977513067508,0.0001,True,0.0,0.8357777283963348,0.6994002281377887,0.6918977513067508,1,0.012648388386419029,2.0443180384013164,8
cv,sentinel2,treatment_0004,P01-08,counterfactual_0006_03,0.07507509474919682,0.0001,True,0.0,0.8357777283963348,0.6994002281377887,0.6918977513067508,1,0.012648388386419029,2.0443180384013164,8
cv,sentinel2,treatment_0004,P01-08,counterfactual_0002_02,0.06646193815383852,0.0001,True,0.0,0.8357777283963348,0.6994002281377887,0.6918977513067508,1,0.012648388386419029,2.0443180384013164,8
cv,sentinel2,treatment_0004,P01-08,counterfactual_0006_01,0.014991332572967643,0.0001,True,0.0,0.8357777283963348,0.6994002281377887,0.6918977513067508,1,0.012648388386419029,2.0443180384013164,8
cv,sentinel2,treatment_0004,P01-08,counterfactual_0003_03,-0.012648388386419029,0.0001,True,0.0,0.8357777283963348,0.6994002281377887,0.6918977513067508,1,0.012648388386419029,2.0443180384013164,8
cv,sentinel2,treatment_0004,P01-09,counterfactual_0004_04,0.6974803436256437,0.0001,True,0.0,0.8160898132391112,0.7022030101272977,0.6974803436256437,1,0.0033922701787281575,2.0280311733705902,9
cv,sentinel2,treatment_0004,P01-09,counterfactual_0006_03,0.05993389650480556,0.0001,True,0.0,0.8160898132391112,0.7022030101272977,0.6974803436256437,1,0.0033922701787281575,2.0280311733705902,9
cv,sentinel2,treatment_0004,P01-09,counterfactual_0002_02,0.05427665873836077,0.0001,True,0.0,0.8160898132391112,0.7022030101272977,0.6974803436256437,1,0.0033922701787281575,2.0280311733705902,9
cv,sentinel2,treatment_0004,P01-09,counterfactual_0006_01,0.007791184549029358,0.0001,True,0.0,0.8160898132391112,0.7022030101272977,0.6974803436256437,1,0.0033922701787281575,2.0280311733705902,9
cv,sentinel2,treatment_0004,P01-09,counterfactual_0003_03,-0.0033922701787281575,0.0001,True,0.0,0.8160898132391112,0.7022030101272977,0.6974803436256437,1,0.0033922701787281575,2.0280311733705902,9
cv,sentinel2,treatment_0005,P01-08,counterfactual_0004_02,0.25841271660011195,1995.262314968883,False,0.0,0.6872955525088071,0.3643364103907395,0.25841271660011195,0,-0.0,7.533466297600079,8
cv,sentinel2,treatment_0005,P01-08,counterfactual_0006_02,0.22512529663461248,1995.262314968883,False,0.0,0.6872955525088071,0.3643364103907395,0.25841271660011195,0,-0.0,7.533466297600079,8
cv,sentinel2,treatment_0005,P01-08,counterfactual_0004_03,0.09521830755289758,1995.262314968883,False,0.0,0.6872955525088071,0.3643364103907395,0.25841271660011195,0,-0.0,7.533466297600079,8
cv,sentinel2,treatment_0005,P01-08,counterfactual_0006_04,0.04151069454281294,1995.262314968883,False,0.0,0.6872955525088071,0.3643364103907395,0.25841271660011195,0,-0.0,7.533466297600079,8
cv,sentinel2,treatment_0005,P01-08,counterfactual_0007_01,0.06702853717837208,1995.262314968883,False,0.0,0.6872955525088071,0.3643364103907395,0.25841271660011195,0,-0.0,7.533466297600079,8
cv,sentinel2,treatment_0005,P01-09,counterfactual_0004_02,0.225058060152306,1995.262314968883,False,0.0,0.7256709581195725,0.3715737898342973,0.26037260802704315,0,-0.0,7.242856085922259,9
cv,sentinel2,treatment_0005,P01-09,counterfactual_0006_02,0.26037260802704315,1995.262314968883,False,0.0,0.7256709581195725,0.3715737898342973,0.26037260802704315,0,-0.0,7.242856085922259,9
cv,sentinel2,treatment_0005,P01-09,counterfactual_0004_03,0.08887031128611932,1995.262314968883,False,0.0,0.7256709581195725,0.3715737898342973,0.26037260802704315,0,-0.0,7.242856085922259,9
cv,sentinel2,treatment_0005,P01-09,counterfactual_0006_04,0.0872540946195024,1995.262314968883,False,0.0,0.7256709581195725,0.3715737898342973,0.26037260802704315,0,-0.0,7.242856085922259,9
cv,sentinel2,treatment_0005,P01-09,counterfactual_0007_01,0.0641158840346017,1995.262314968883,False,0.0,0.7256709581195725,0.3715737898342973,0.26037260802704315,0,-0.0,7.242856085922259,9
cv,sentinel2,treatment_0006,P01-08,counterfactual_0009_01,0.1108583440029956,5011.872336272725,False,0.0,0.46882056717826615,0.21982166464730132,0.13120764354043998,0,-0.0,20.69469429551759,8
cv,sentinel2,treatment_0006,P01-08,counterfactual_0007_02,0.04261391330343791,5011.872336272725,False,0.0,0.46882056717826615,0.21982166464730132,0.13120764354043998,0,-0.0,20.69469429551759,8
cv,sentinel2,treatment_0006,P01-08,counterfactual_0007_05,0.13120764354043998,5011.872336272725,False,0.0,0.46882056717826615,0.21982166464730132,0.13120764354043998,0,-0.0,20.69469429551759,8
cv,sentinel2,treatment_0006,P01-08,counterfactual_0002_04,0.09690292999718132,5011.872336272725,False,0.0,0.46882056717826615,0.21982166464730132,0.13120764354043998,0,-0.0,20.69469429551759,8
cv,sentinel2,treatment_0006,P01-08,counterfactual_0002_02,0.08723773633421131,5011.872336272725,False,0.0,0.46882056717826615,0.21982166464730132,0.13120764354043998,0,-0.0,20.69469429551759,8
cv,sentinel2,treatment_0006,P01-09,counterfactual_0009_01,0.1450916596151591,3981.0717055349774,False,0.0,0.5090834117159322,0.24932056136005135,0.16250507425745836,0,-0.0,16.087323972131312,9
cv,sentinel2,treatment_0006,P01-09,counterfactual_0007_02,0.039624629641719644,3981.0717055349774,False,0.0,0.5090834117159322,0.24932056136005135,0.16250507425745836,0,-0.0,16.087323972131312,9
cv,sentinel2,treatment_0006,P01-09,counterfactual_0007_05,0.16250507425745836,3981.0717055349774,False,0.0,0.5090834117159322,0.24932056136005135,0.16250507425745836,0,-0.0,16.087323972131312,9
cv,sentinel2,treatment_0006,P01-09,counterfactual_0002_04,0.08489844576585175,3981.0717055349774,False,0.0,0.5090834117159322,0.24932056136005135,0.16250507425745836,0,-0.0,16.087323972131312,9
cv,sentinel2,treatment_0006,P01-09,counterfactual_0002_02,0.07696360243574339,3981.0717055349774,False,0.0,0.5090834117159322,0.24932056136005135,0.16250507425745836,0,-0.0,16.087323972131312,9
cv,sentinel2,treatment_0007,P01-08,counterfactual_0005_01,0.4275013938625592,794.3282347242822,False,0.0,0.5757434019970156,0.435132116128183,0.4275013938625592,0,-0.0,5.281505330386638,8
cv,sentinel2,treatment_0007,P01-08,counterfactual_0003_04,0.024210591367704228,794.3282347242822,False,0.0,0.5757434019970156,0.435132116128183,0.4275013938625592,0,-0.0,5.281505330386638,8
cv,sentinel2,treatment_0007,P01-08,counterfactual_0005_04,0.040490180779426094,794.3282347242822,False,0.0,0.5757434019970156,0.435132116128183,0.4275013938625592,0,-0.0,5.281505330386638,8
cv,sentinel2,treatment_0007,P01-08,counterfactual_0007_04,0.020945870663983755,794.3282347242822,False,0.0,0.5757434019970156,0.435132116128183,0.4275013938625592,0,-0.0,5.281505330386638,8
cv,sentinel2,treatment_0007,P01-08,counterfactual_0001_05,0.06259536532334226,794.3282347242822,False,0.0,0.5757434019970156,0.435132116128183,0.4275013938625592,0,-0.0,5.281505330386638,8
cv,sentinel2,treatment_0007,P01-09,counterfactual_0005_01,0.3434706088652594,1584.893192461114,False,0.0,0.5499969739432082,0.3613343728105196,0.3434706088652594,0,-0.0,7.659165365863068,9
cv,sentinel2,treatment_0007,P01-09,counterfactual_0003_04,0.03417009861657204,1584.893192461114,False,0.0,0.5499969739432082,0.3613343728105196,0.3434706088652594,0,-0.0,7.659165365863068,9
cv,sentinel2,treatment_0007,P01-09,counterfactual_0005_04,0.028384763944609648,1584.893192461114,False,0.0,0.5499969739432082,0.3613343728105196,0.3434706088652594,0,-0.0,7.659165365863068,9
cv,sentinel2,treatment_0007,P01-09,counterfactual_0007_04,0.0832392526684864,1584.893192461114,False,0.0,0.5499969739432082,0.3613343728105196,0.3434706088652594,0,-0.0,7.659165365863068,9
cv,sentinel2,treatment_0007,P01-09,counterfactual_0001_05,0.06073224984828071,1584.893192461114,False,0.0,0.5499969739432082,0.3613343728105196,0.3434706088652594,0,-0.0,7.659165365863068,9
cv,sentinel2,treatment_0008,P01-08,counterfactual_0005_05,0.09158546319978358,10000.0,True,0.0,0.3349779207552869,0.1541267941646908,0.09158546319978358,0,-0.0,42.096279050693994,8
cv,sentinel2,treatment_0008,P01-08,counterfactual_0010_05,0.06763671489784698,10000.0,True,0.0,0.3349779207552869,0.1541267941646908,0.09158546319978358,0,-0.0,42.096279050693994,8
cv,sentinel2,treatment_0008,P01-08,counterfactual_0003_05,0.06358989451849038,10000.0,True,0.0,0.3349779207552869,0.1541267941646908,0.09158546319978358,0,-0.0,42.096279050693994,8
cv,sentinel2,treatment_0008,P01-08,counterfactual_0007_01,0.07121869260856813,10000.0,True,0.0,0.3349779207552869,0.1541267941646908,0.09158546319978358,0,-0.0,42.096279050693994,8
cv,sentinel2,treatment_0008,P01-08,counterfactual_0002_04,0.040947155530597815,10000.0,True,0.0,0.3349779207552869,0.1541267941646908,0.09158546319978358,0,-0.0,42.096279050693994,8
cv,sentinel2,treatment_0008,P01-09,counterfactual_0005_05,0.08470461475360096,10000.0,True,0.0,0.30477649561269143,0.14040099765545347,0.08470461475360096,0,-0.0,50.72938676103126,9
cv,sentinel2,treatment_0008,P01-09,counterfactual_0010_05,0.06068553352970476,10000.0,True,0.0,0.30477649561269143,0.14040099765545347,0.08470461475360096,0,-0.0,50.72938676103126,9
cv,sentinel2,treatment_0008,P01-09,counterfactual_0003_05,0.05527395475623073,10000.0,True,0.0,0.30477649561269143,0.14040099765545347,0.08470461475360096,0,-0.0,50.72938676103126,9
cv,sentinel2,treatment_0008,P01-09,counterfactual_0007_01,0.0658389606003601,10000.0,True,0.0,0.30477649561269143,0.14040099765545347,0.08470461475360096,0,-0.0,50.72938676103126,9
cv,sentinel2,treatment_0008,P01-09,counterfactual_0002_04,0.03827343197279494,10000.0,True,0.0,0.30477649561269143,0.14040099765545347,0.08470461475360096,0,-0.0,50.72938676103126,9
cv,sentinel2,treatment_0009,P01-08,counterfactual_0008_03,0.3258699881506585,630.9573444801943,False,0.0,0.9157830778495488,0.45379086269599456,0.3258699881506585,0,-0.0,4.856109893017499,8
cv,sentinel2,treatment_0009,P01-08,counterfactual_0005_02,0.2444904454318652,630.9573444801943,False,0.0,0.9157830778495488,0.45379086269599456,0.3258699881506585,0,-0.0,4.856109893017499,8
cv,sentinel2,treatment_0009,P01-08,counterfactual_0004_05,0.11582167928604852,630.9573444801943,False,0.0,0.9157830778495488,0.45379086269599456,0.3258699881506585,0,-0.0,4.856109893017499,8
cv,sentinel2,treatment_0009,P01-08,counterfactual_0005_03,0.10514758062486504,630.9573444801943,False,0.0,0.9157830778495488,0.45379086269599456,0.3258699881506585,0,-0.0,4.856109893017499,8
cv,sentinel2,treatment_0009,P01-08,counterfactual_0009_03,0.12445338435611165,630.9573444801943,False,0.0,0.9157830778495488,0.45379086269599456,0.3258699881506585,0,-0.0,4.856109893017499,8
cv,sentinel2,treatment_0009,P01-09,counterfactual_0008_03,0.3328656716764659,398.1071705534977,False,0.0,0.9333897727569855,0.4759931054165419,0.3328656716764659,0,-0.0,4.413657975546689,9
cv,sentinel2,treatment_0009,P01-09,counterfactual_0005_02,0.28361771798009067,398.1071705534977,False,0.0,0.9333897727569855,0.4759931054165419,0.3328656716764659,0,-0.0,4.413657975546689,9
cv,sentinel2,treatment_0009,P01-09,counterfactual_0004_05,0.0891859165712629,398.1071705534977,False,0.0,0.9333897727569855,0.4759931054165419,0.3328656716764659,0,-0.0,4.413657975546689,9
cv,sentinel2,treatment_0009,P01-09,counterfactual_0005_03,0.086948916700382,398.1071705534977,False,0.0,0.9333897727569855,0.4759931054165419,0.3328656716764659,0,-0.0,4.413657975546689,9
cv,sentinel2,treatment_0009,P01-09,counterfactual_0009_03,0.14077154982878418,398.1071705534977,False,0.0,0.9333897727569855,0.4759931054165419,0.3328656716764659,0,-0.0,4.413657975546689,9
cv,sentinel2,treatment_0010,P01-08,counterfactual_0004_04,0.5662660907222792,125.89254117941688,False,0.0,0.9081448402059705,0.5996140525351854,0.5662660907222792,0,-0.0,2.7813548164173043,8
cv,sentinel2,treatment_0010,P01-08,counterfactual_0006_03,0.12849700208134435,125.89254117941688,False,0.0,0.9081448402059705,0.5996140525351854,0.5662660907222792,0,-0.0,2.7813548164173043,8
cv,sentinel2,treatment_0010,P01-08,counterfactual_0002_02,0.13883651219940163,125.89254117941688,False,0.0,0.9081448402059705,0.5996140525351854,0.5662660907222792,0,-0.0,2.7813548164173043,8
cv,sentinel2,treatment_0010,P01-08,counterfactual_0003_03,0.04980604862527212,125.89254117941688,False,0.0,0.9081448402059705,0.5996140525351854,0.5662660907222792,0,-0.0,2.7813548164173043,8
cv,sentinel2,treatment_0010,P01-08,counterfactual_0006_01,0.02473918657767327,125.89254117941688,False,0.0,0.9081448402059705,0.5996140525351854,0.5662660907222792,0,-0.0,2.7813548164173043,8
cv,sentinel2,treatment_0010,P01-09,counterfactual_0004_04,0.4575151299186941,794.3282347242822,False,0.0,0.8371684681092633,0.502932781889493,0.4575151299186941,0,-0.0,3.9534851424774278,9
cv,sentinel2,treatment_0010,P01-09,counterfactual_0006_03,0.10954864728789301,794.3282347242822,False,0.0,0.8371684681092633,0.502932781889493,0.4575151299186941,0,-0.0,3.9534851424774278,9
cv,sentinel2,treatment_0010,P01-09,counterfactual_0002_02,0.12416516032354956,794.3282347242822,False,0.0,0.8371684681092633,0.502932781889493,0.4575151299186941,0,-0.0,3.9534851424774278,9
cv,sentinel2,treatment_0010,P01-09,counterfactual_0003_03,0.12566806953636475,794.3282347242822,False,0.0,0.8371684681092633,0.502932781889493,0.4575151299186941,0,-0.0,3.9534851424774278,9
cv,sentinel2,treatment_0010,P01-09,counterfactual_0006_01,0.0202714610427619,794.3282347242822,False,0.0,0.8371684681092633,0.502932781889493,0.4575151299186941,0,-0.0,3.9534851424774278,9
cv_intercept,sentinel1,treatment_0001,P01-08,counterfactual_0003_03,0.054502303546022875,630.9573444801943,False,0.0015916050539731275,0.13993389389147792,0.06962048155733276,0.054502303546022875,0,-0.0,206.31269594600548,8
cv_intercept,sentinel1,treatment_0001,P01-08,counterfactual_0007_04,0.02142508427543664,630.9573444801943,False,0.0015916050539731275,0.13993389389147792,0.06962048155733276,0.054502303546022875,0,-0.0,206.31269594600548,8
cv_intercept,sentinel1,treatment_0001,P01-08,counterfactual_0006_04,0.01832374306660508,630.9573444801943,False,0.0015916050539731275,0.13993389389147792,0.06962048155733276,0.054502303546022875,0,-0.0,206.31269594600548,8
cv_intercept,sentinel1,treatment_0001,P01-08,counterfactual_0010_03,0.027215118259820783,630.9573444801943,False,0.0015916050539731275,0.13993389389147792,0.06962048155733276,0.054502303546022875,0,-0.0,206.31269594600548,8
cv_intercept,sentinel1,treatment_0001,P01-08,counterfactual_0006_02,0.018467644743592544,630.9573444801943,False,0.0015916050539731275,0.13993389389147792,0.06962048155733276,0.054502303546022875,0,-0.0,206.31269594600548,8
cv_intercept,sentinel1,treatment_0001,P01-09,counterfactual_0003_03,0.054762034989296715,630.9573444801943,False,0.0007093715438774659,0.14057424585642028,0.07043608759804712,0.054762034989296715,0,-0.0,201.56241362438016,9
cv_intercept,sentinel1,treatment_0001,P01-09,counterfactual_0007_04,0.022214199187745788,630.9573444801943,False,0.0007093715438774659,0.14057424585642028,0.07043608759804712,0.054762034989296715,0,-0.0,201.56241362438016,9
cv_intercept,sentinel1,treatment_0001,P01-09,counterfactual_0006_04,0.01617166771312297,630.9573444801943,False,0.0007093715438774659,0.14057424585642028,0.07043608759804712,0.054762034989296715,0,-0.0,201.56241362438016,9
cv_intercept,sentinel1,treatment_0001,P01-09,counterfactual_0010_03,0.03014510119494026,630.9573444801943,False,0.0007093715438774659,0.14057424585642028,0.07043608759804712,0.054762034989296715,0,-0.0,201.56241362438016,9
cv_intercept,sentinel1,treatment_0001,P01-09,counterfactual_0006_02,0.017281242771314535,630.9573444801943,False,0.0007093715438774659,0.14057424585642028,0.07043608759804712,0.054762034989296715,0,-0.0,201.56241362438016,9
cv_intercept,sentinel1,treatment_0002,P01-08,counterfactual_0002_01,0.0330756791872804,1000.0,False,0.007863599207517297,0.12418530605330058,0.056891586012864884,0.0330756791872804,0,-0.0,308.96118188560524,8
cv_intercept,sentinel1,treatment_0002,P01-08,counterfactual_0006_03,0.02786862310240351,1000.0,False,0.007863599207517297,0.12418530605330058,0.056891586012864884,0.0330756791872804,0,-0.0,308.96118188560524,8
cv_intercept,sentinel1,treatment_0002,P01-08,counterfactual_0001_05,0.02461784355538385,1000.0,False,0.007863599207517297,0.12418530605330058,0.056891586012864884,0.0330756791872804,0,-0.0,308.96118188560524,8
cv_intercept,sentinel1,treatment_0002,P01-08,counterfactual_0007_01,0.02196482134670319,1000.0,False,0.007863599207517297,0.12418530605330058,0.056891586012864884,0.0330756791872804,0,-0.0,308.96118188560524,8
cv_intercept,sentinel1,treatment_0002,P01-08,counterfactual_0010_04,0.016658338861529613,1000.0,False,0.007863599207517297,0.12418530605330058,0.056891586012864884,0.0330756791872804,0,-0.0,308.96118188560524,8
cv_intercept,sentinel1,treatment_0002,P01-09,counterfactual_0002_01,0.03441164756389034,1000.0,False,0.004589637040770037,0.12205450989399207,0.056132907112561026,0.03441164756389034,0,-0.0,317.36931197056737,9
cv_intercept,sentinel1,treatment_0002,P01-09,counterfactual_0006_03,0.026347439168989947,1000.0,False,0.004589637040770037,0.12205450989399207,0.056132907112561026,0.03441164756389034,0,-0.0,317.36931197056737,9
cv_intercept,sentinel1,treatment_0002,P01-09,counterfactual_0001_05,0.02167545817067356,1000.0,False,0.004589637040770037,0.12205450989399207,0.056132907112561026,0.03441164756389034,0,-0.0,317.36931197056737,9
cv_intercept,sentinel1,treatment_0002,P01-09,counterfactual_0007_01,0.022798119226694474,1000.0,False,0.004589637040770037,0.12205450989399207,0.056132907112561026,0.03441164756389034,0,-0.0,317.36931197056737,9
cv_intercept,sentinel1,treatment_0002,P01-09,counterfactual_0010_04,0.01682184576374375,1000.0,False,0.004589637040770037,0.12205450989399207,0.056132907112561026,0.03441164756389034,0,-0.0,317.36931197056737,9
cv_intercept,sentinel1,treatment_0003,P01-08,counterfactual_0006_01,0.08330102132301236,316.22776601683796,False,0.018380420086029022,0.23622008489990953,0.11347414533668039,0.08330102132301236,0,-0.0,77.66156878643949,8
cv_intercept,sentinel1,treatment_0003,P01-08,counterfactual_0008_03,0.04027803561077539,316.22776601683796,False,0.018380420086029022,0.23622008489990953,0.11347414533668039,0.08330102132301236,0,-0.0,77.66156878643949,8
cv_intercept,sentinel1,treatment_0003,P01-08,counterfactual_0006_05,0.031340372474772206,316.22776601683796,False,0.018380420086029022,0.23622008489990953,0.11347414533668039,0.08330102132301236,0,-0.0,77.66156878643949,8
cv_intercept,sentinel1,treatment_0003,P01-08,counterfactual_0004_01,0.04438423422891725,316.22776601683796,False,0.018380420086029022,0.23622008489990953,0.11347414533668039,0.08330102132301236,0,-0.0,77.66156878643949,8
cv_intercept,sentinel1,treatment_0003,P01-08,counterfactual_0003_05,0.03691642126243233,316.22776601683796,False,0.018380420086029022,0.23622008489990953,0.11347414533668039,0.08330102132301236,0,-0.0,77.66156878643949,8
cv_intercept,sentinel1,treatment_0003,P01-09,counterfactual_0006_01,0.08139628358244175,316.22776601683796,False,0.02547044164861433,0.2317406075390774,0.1111916140521429,0.08139628358244175,0,-0.0,80.88275414894056,9
cv_intercept,sentinel1,treatment_0003,P01-09,counterfactual_0008_03,0.03722102575302173,316.22776601683796,False,0.02547044164861433,0.2317406075390774,0.1111916140521429,0.08139628358244175,0,-0.0,80.88275414894056,9
cv_intercept,sentinel1,treatment_0003,P01-09,counterfactual_0006_05,0.033978398558120945,316.22776601683796,False,0.02547044164861433,0.2317406075390774,0.1111916140521429,0.08139628358244175,0,-0.0,80.88275414894056,9
cv_intercept,sentinel1,treatment_0003,P01-09,counterfactual_0004_01,0.04533118917516668,316.22776601683796,False,0.02547044164861433,0.2317406075390774,0.1111916140521429,0.08139628358244175,0,-0.0,80.88275414894056,9
cv_intercept,sentinel1,treatment_0003,P01-09,counterfactual_0003_05,0.0338137104703263,316.22776601683796,False,0.02547044164861433,0.2317406075390774,0.1111916140521429,0.08139628358244175,0,-0.0,80.88275414894056,9
cv_intercept,sentinel1,treatment_0004,P01-08,counterfactual_0005_05,0.059913286535440535,794.3282347242822,False,0.01894662698738891,0.14584264119315915,0.07479994347125218,0.059913286535440535,0,-0.0,178.73000219222004,8
cv_intercept,sentinel1,treatment_0004,P01-08,counterfactual_0001_01,0.02084859966425442,794.3282347242822,False,0.01894662698738891,0.14584264119315915,0.07479994347125218,0.059913286535440535,0,-0.0,178.73000219222004,8
cv_intercept,sentinel1,treatment_0004,P01-08,counterfactual_0002_03,0.03124519238485557,794.3282347242822,False,0.01894662698738891,0.14584264119315915,0.07479994347125218,0.059913286535440535,0,-0.0,178.73000219222004,8
cv_intercept,sentinel1,treatment_0004,P01-08,counterfactual_0006_02,0.01359506884479184,794.3282347242822,False,0.01894662698738891,0.14584264119315915,0.07479994347125218,0.059913286535440535,0,-0.0,178.73000219222004,8
cv_intercept,sentinel1,treatment_0004,P01-08,counterfactual_0010_03,0.020240493763816775,794.3282347242822,False,0.01894662698738891,0.14584264119315915,0.07479994347125218,0.059913286535440535,0,-0.0,178.73000219222004,8
cv_intercept,sentinel1,treatment_0004,P01-09,counterfactual_0005_05,0.05763111149879876,794.3282347242822,False,0.02232350053799745,0.13771252331160544,0.07139592784050172,0.05763111149879876,0,-0.0,196.179270894914,9
cv_intercept,sentinel1,treatment_0004,P01-09,counterfactual_0001_01,0.020529425325293758,794.3282347242822,False,0.02232350053799745,0.13771252331160544,0.07139592784050172,0.05763111149879876,0,-0.0,196.179270894914,9
cv_intercept,sentinel1,treatment_0004,P01-09,counterfactual_0002_03,0.029516385227362975,794.3282347242822,False,0.02232350053799745,0.13771252331160544,0.07139592784050172,0.05763111149879876,0,-0.0,196.179270894914,9
cv_intercept,sentinel1,treatment_0004,P01-09,counterfactual_0006_02,0.010999683719575057,794.3282347242822,False,0.02232350053799745,0.13771252331160544,0.07139592784050172,0.05763111149879876,0,-0.0,196.179270894914,9
cv_intercept,sentinel1,treatment_0004,P01-09,counterfactual_0010_03,0.019035917540574893,794.3282347242822,False,0.02232350053799745,0.13771252331160544,0.07139592784050172,0.05763111149879876,0,-0.0,196.179270894914,9
cv_intercept,sentinel1,treatment_0005,P01-08,counterfactual_0006_01,0.03259530063028184,794.3282347242822,False,-0.022866988397720146,0.08664992966166214,0.046636131453503656,0.03259530063028184,1,0.003024563202690146,459.78517540181264,8
cv_intercept,sentinel1,treatment_0005,P01-08,counterfactual_0005_03,0.017117488452097734,794.3282347242822,False,-0.022866988397720146,0.08664992966166214,0.046636131453503656,0.03259530063028184,1,0.003024563202690146,459.78517540181264,8
cv_intercept,sentinel1,treatment_0005,P01-08,counterfactual_0004_05,0.02241496936105516,794.3282347242822,False,-0.022866988397720146,0.08664992966166214,0.046636131453503656,0.03259530063028184,1,0.003024563202690146,459.78517540181264,8
cv_intercept,sentinel1,treatment_0005,P01-08,counterfactual_0010_04,0.017546734420917556,794.3282347242822,False,-0.022866988397720146,0.08664992966166214,0.046636131453503656,0.03259530063028184,1,0.003024563202690146,459.78517540181264,8
cv_intercept,sentinel1,treatment_0005,P01-08,counterfactual_0001_04,-0.003024563202690146,794.3282347242822,False,-0.022866988397720146,0.08664992966166214,0.046636131453503656,0.03259530063028184,1,0.003024563202690146,459.78517540181264,8
cv_intercept,sentinel1,treatment_0005,P01-09,counterfactual_0006_01,0.03068087683979084,1000.0,False,-0.01929324257849903,0.07737447398590012,0.04616288436084463,0.03068087683979084,1,0.010241963929747733,469.260637875128,9
cv_intercept,sentinel1,treatment_0005,P01-09,counterfactual_0005_03,0.01900840153455199,1000.0,False,-0.01929324257849903,0.07737447398590012,0.04616288436084463,0.03068087683979084,1,0.010241963929747733,469.260637875128,9
cv_intercept,sentinel1,treatment_0005,P01-09,counterfactual_0004_05,0.020420257391385005,1000.0,False,-0.01929324257849903,0.07737447398590012,0.04616288436084463,0.03068087683979084,1,0.010241963929747733,469.260637875128,9
cv_intercept,sentinel1,treatment_0005,P01-09,counterfactual_0010_04,0.017506902149920008,1000.0,False,-0.01929324257849903,0.07737447398590012,0.04616288436084463,0.03068087683979084,1,0.010241963929747733,469.260637875128,9
cv_intercept,sentinel1,treatment_0005,P01-09,counterfactual_0001_04,-0.010241963929747733,1000.0,False,-0.01929324257849903,0.07737447398590012,0.04616288436084463,0.03068087683979084,1,0.010241963929747733,469.260637875128,9
cv_intercept,sentinel1,treatment_0006,P01-08,counterfactual_0006_04,0.021663492579977215,1000.0,False,0.022052223236707143,0.12136457594310998,0.05995467570372573,0.04552400055954696,0,-0.0,278.1979231976517,8
cv_intercept,sentinel1,treatment_0006,P01-08,counterfactual_0009_01,0.04552400055954696,1000.0,False,0.022052223236707143,0.12136457594310998,0.05995467570372573,0.04552400055954696,0,-0.0,278.1979231976517,8
cv_intercept,sentinel1,treatment_0006,P01-08,counterfactual_0003_03,0.02161551444520278,1000.0,False,0.022052223236707143,0.12136457594310998,0.05995467570372573,0.04552400055954696,0,-0.0,278.1979231976517,8
cv_intercept,sentinel1,treatment_0006,P01-08,counterfactual_0007_02,0.011014700752157505,1000.0,False,0.022052223236707143,0.12136457594310998,0.05995467570372573,0.04552400055954696,0,-0.0,278.1979231976517,8
cv_intercept,sentinel1,treatment_0006,P01-08,counterfactual_0010_01,0.021546867606225532,1000.0,False,0.022052223236707143,0.12136457594310998,0.05995467570372573,0.04552400055954696,0,-0.0,278.1979231976517,8
cv_intercept,sentinel1,treatment_0006,P01-09,counterfactual_0006_04,0.02346317079057978,794.3282347242822,False,0.0243994966629829,0.12532639536390605,0.06225319996757383,0.04623846451483095,0,-0.0,258.0338246734691,9
cv_intercept,sentinel1,treatment_0006,P01-09,counterfactual_0009_01,0.04623846451483095,794.3282347242822,False,0.0243994966629829,0.12532639536390605,0.06225319996757383,0.04623846451483095,0,-0.0,258.0338246734691,9
cv_intercept,sentinel1,treatment_0006,P01-09,counterfactual_0003_03,0.020490432465692595,794.3282347242822,False,0.0243994966629829,0.12532639536390605,0.06225319996757383,0.04623846451483095,0,-0.0,258.0338246734691,9
cv_intercept,sentinel1,treatment_0006,P01-09,counterfactual_0007_02,0.008910472406637046,794.3282347242822,False,0.0243994966629829,0.12532639536390605,0.06225319996757383,0.04623846451483095,0,-0.0,258.0338246734691,9
cv_intercept,sentinel1,treatment_0006,P01-09,counterfactual_0010_01,0.02622385518616566,794.3282347242822,False,0.0243994966629829,0.12532639536390605,0.06225319996757383,0.04623846451483095,0,-0.0,258.0338246734691,9
cv_intercept,sentinel1,treatment_0007,P01-08,counterfactual_0006_05,0.08116231343005316,199.5262314968883,False,-0.04501451293161168,0.2155462754703997,0.10745503127901539,0.08116231343005316,0,-0.0,86.60570276855546,8
cv_intercept,sentinel1,treatment_0007,P01-08,counterfactual_0003_02,0.039663340393409435,199.5262314968883,False,-0.04501451293161168,0.2155462754703997,0.10745503127901539,0.08116231343005316,0,-0.0,86.60570276855546,8
cv_intercept,sentinel1,treatment_0007,P01-08,counterfactual_0008_03,0.033439048217732574,199.5262314968883,False,-0.04501451293161168,0.2155462754703997,0.10745503127901539,0.08116231343005316,0,-0.0,86.60570276855546,8
cv_intercept,sentinel1,treatment_0007,P01-08,counterfactual_0008_01,0.04460854401499208,199.5262314968883,False,-0.04501451293161168,0.2155462754703997,0.10745503127901539,0.08116231343005316,0,-0.0,86.60570276855546,8
cv_intercept,sentinel1,treatment_0007,P01-08,counterfactual_0007_04,0.01667302941421247,199.5262314968883,False,-0.04501451293161168,0.2155462754703997,0.10745503127901539,0.08116231343005316,0,-0.0,86.60570276855546,8
cv_intercept,sentinel1,treatment_0007,P01-09,counterfactual_0006_05,0.0814955541431287,199.5262314968883,False,-0.03845075242635114,0.2204590714736014,0.10921730691605588,0.0814955541431287,0,-0.0,83.83339864810242,9
cv_intercept,sentinel1,treatment_0007,P01-09,counterfactual_0003_02,0.038945997876130366,199.5262314968883,False,-0.03845075242635114,0.2204590714736014,0.10921730691605588,0.0814955541431287,0,-0.0,83.83339864810242,9
cv_intercept,sentinel1,treatment_0007,P01-09,counterfactual_0008_03,0.03382111870803328,199.5262314968883,False,-0.03845075242635114,0.2204590714736014,0.10921730691605588,0.0814955541431287,0,-0.0,83.83339864810242,9
cv_intercept,sentinel1,treatment_0007,P01-09,counterfactual_0008_01,0.04785039051202757,199.5262314968883,False,-0.03845075242635114,0.2204590714736014,0.10921730691605588,0.0814955541431287,0,-0.0,83.83339864810242,9
cv_intercept,sentinel1,treatment_0007,P01-09,counterfactual_0007_04,0.01834601023428144,199.5262314968883,False,-0.03845075242635114,0.2204590714736014,0.10921730691605588,0.0814955541431287,0,-0.0,83.83339864810242,9
cv_intercept,sentinel1,treatment_0008,P01-08,counterfactual_0006_05,0.04574817432738206,630.9573444801943,False,-0.00018023793949551066,0.12321927634819911,0.06549464238941709,0.04574817432738206,0,-0.0,233.12478555715344,8
cv_intercept,sentinel1,treatment_0008,P01-08,counterfactual_0005_03,0.03480316775643531,630.9573444801943,False,-0.00018023793949551066,0.12321927634819911,0.06549464238941709,0.04574817432738206,0,-0.0,233.12478555715344,8
cv_intercept,sentinel1,treatment_0008,P01-08,counterfactual_0008_03,0.028642582538822747,630.9573444801943,False,-0.00018023793949551066,0.12321927634819911,0.06549464238941709,0.04574817432738206,0,-0.0,233.12478555715344,8
cv_intercept,sentinel1,treatment_0008,P01-08,counterfactual_0003_01,0.012785000417948706,630.9573444801943,False,-0.00018023793949551066,0.12321927634819911,0.06549464238941709,0.04574817432738206,0,-0.0,233.12478555715344,8
cv_intercept,sentinel1,treatment_0008,P01-08,counterfactual_0007_03,0.001240351307610287,630.9573444801943,False,-0.00018023793949551066,0.12321927634819911,0.06549464238941709,0.04574817432738206,0,-0.0,233.12478555715344,8
cv_intercept,sentinel1,treatment_0008,P01-09,counterfactual_0006_05,0.04291290903591387,630.9573444801943,False,0.0009638097212342437,0.12192775445628723,0.06541259250659892,0.04291290903591387,0,-0.0,233.70998963059287,9
cv_intercept,sentinel1,treatment_0008,P01-09,counterfactual_0005_03,0.037202090857324815,630.9573444801943,False,0.0009638097212342437,0.12192775445628723,0.06541259250659892,0.04291290903591387,0,-0.0,233.70998963059287,9
cv_intercept,sentinel1,treatment_0008,P01-09,counterfactual_0008_03,0.030425287194512988,630.9573444801943,False,0.0009638097212342437,0.12192775445628723,0.06541259250659892,0.04291290903591387,0,-0.0,233.70998963059287,9
cv_intercept,sentinel1,treatment_0008,P01-09,counterfactual_0003_01,0.011295457746990114,630.9573444801943,False,0.0009638097212342437,0.12192775445628723,0.06541259250659892,0.04291290903591387,0,-0.0,233.70998963059287,9
cv_intercept,sentinel1,treatment_0008,P01-09,counterfactual_0007_03,9.200962154544834e-05,630.9573444801943,False,0.0009638097212342437,0.12192775445628723,0.06541259250659892,0.04291290903591387,0,-0.0,233.70998963059287,9
cv_intercept,sentinel1,treatment_0009,P01-08,counterfactual_0003_02,0.06568261677710079,316.22776601683796,False,-0.007533545828262562,0.20894606732428178,0.09862943605752872,0.06568261677710079,0,-0.0,102.79852900010215,8
cv_intercept,sentinel1,treatment_0009,P01-08,counterfactual_0001_04,0.034249740392501726,316.22776601683796,False,-0.007533545828262562,0.20894606732428178,0.09862943605752872,0.06568261677710079,0,-0.0,102.79852900010215,8
cv_intercept,sentinel1,treatment_0009,P01-08,counterfactual_0001_05,0.04997374392977979,316.22776601683796,False,-0.007533545828262562,0.20894606732428178,0.09862943605752872,0.06568261677710079,0,-0.0,102.79852900010215,8
cv_intercept,sentinel1,treatment_0009,P01-08,counterfactual_0005_03,0.029145213111608934,316.22776601683796,False,-0.007533545828262562,0.20894606732428178,0.09862943605752872,0.06568261677710079,0,-0.0,102.79852900010215,8
cv_intercept,sentinel1,treatment_0009,P01-08,counterfactual_0009_05,0.02989475311329055,316.22776601683796,False,-0.007533545828262562,0.20894606732428178,0.09862943605752872,0.06568261677710079,0,-0.0,102.79852900010215,8
cv_intercept,sentinel1,treatment_0009,P01-09,counterfactual_0003_02,0.06599459086513605,316.22776601683796,False,-0.00602662948041425,0.2059594289265878,0.09696117964580862,0.06599459086513605,0,-0.0,106.36634078375187,9
cv_intercept,sentinel1,treatment_0009,P01-09,counterfactual_0001_04,0.033663087178749926,316.22776601683796,False,-0.00602662948041425,0.2059594289265878,0.09696117964580862,0.06599459086513605,0,-0.0,106.36634078375187,9
cv_intercept,sentinel1,treatment_0009,P01-09,counterfactual_0001_05,0.04504163439533519,316.22776601683796,False,-0.00602662948041425,0.2059594289265878,0.09696117964580862,0.06599459086513605,0,-0.0,106.36634078375187,9
cv_intercept,sentinel1,treatment_0009,P01-09,counterfactual_0005_03,0.028651279400552024,316.22776601683796,False,-0.00602662948041425,0.2059594289265878,0.09696117964580862,0.06599459086513605,0,-0.0,106.36634078375187,9
cv_intercept,sentinel1,treatment_0009,P01-09,counterfactual_0009_05,0.03260883708681463,316.22776601683796,False,-0.00602662948041425,0.2059594289265878,0.09696117964580862,0.06599459086513605,0,-0.0,106.36634078375187,9
cv_intercept,sentinel1,treatment_0010,P01-08,counterfactual_0007_04,0.031896632378415134,316.22776601683796,False,0.007173768113781531,0.17397544322312725,0.085977591584964,0.063514918100566,0,-0.0,135.27870871836555,8
cv_intercept,sentinel1,treatment_0010,P01-08,counterfactual_0009_02,0.063514918100566,316.22776601683796,False,0.007173768113781531,0.17397544322312725,0.085977591584964,0.063514918100566,0,-0.0,135.27870871836555,8
cv_intercept,sentinel1,treatment_0010,P01-08,counterfactual_0008_03,0.03095454356244085,316.22776601683796,False,0.007173768113781531,0.17397544322312725,0.085977591584964,0.063514918100566,0,-0.0,135.27870871836555,8
cv_intercept,sentinel1,treatment_0010,P01-08,counterfactual_0001_01,0.034964814474243135,316.22776601683796,False,0.007173768113781531,0.17397544322312725,0.085977591584964,0.063514918100566,0,-0.0,135.27870871836555,8
cv_intercept,sentinel1,treatment_0010,P01-08,counterfactual_0003_02,0.012644534707462126,316.22776601683796,False,0.007173768113781531,0.17397544322312725,0.085977591584964,0.063514918100566,0,-0.0,135.27870871836555,8
cv_intercept,sentinel1,treatment_0010,P01-09,counterfactual_0007_04,0.03257595043724455,251.18864315095823,False,0.013762979756705446,0.1798235813687292,0.08859188060328486,0.06398874758955085,0,-0.0,127.41253551485808,9
cv_intercept,sentinel1,treatment_0010,P01-09,counterfactual_0009_02,0.06398874758955085,251.18864315095823,False,0.013762979756705446,0.1798235813687292,0.08859188060328486,0.06398874758955085,0,-0.0,127.41253551485808,9
cv_intercept,sentinel1,treatment_0010,P01-09,counterfactual_0008_03,0.03321996065524385,251.18864315095823,False,0.013762979756705446,0.1798235813687292,0.08859188060328486,0.06398874758955085,0,-0.0,127.41253551485808,9
cv_intercept,sentinel1,treatment_0010,P01-09,counterfactual_0001_01,0.03800515089183261,251.18864315095823,False,0.013762979756705446,0.1798235813687292,0.08859188060328486,0.06398874758955085,0,-0.0,127.41253551485808,9
cv_intercept,sentinel1,treatment_0010,P01-09,counterfactual_0003_02,0.012033771794857337,251.18864315095823,False,0.013762979756705446,0.1798235813687292,0.08859188060328486,0.06398874758955085,0,-0.0,127.41253551485808,9
cv_intercept,sentinel2,treatment_0001,P01-08,counterfactual_0002_02,0.10062425781690565,10000.0,True,-0.10322841041536894,0.31119324010293936,0.1477518823113226,0.10062425781690565,0,-0.0,45.807222073111724,8
cv_intercept,sentinel2,treatment_0001,P01-08,counterfactual_0005_02,0.06116458195909355,10000.0,True,-0.10322841041536894,0.31119324010293936,0.1477518823113226,0.10062425781690565,0,-0.0,45.807222073111724,8
cv_intercept,sentinel2,treatment_0001,P01-08,counterfactual_0009_03,0.06829202667720807,10000.0,True,-0.10322841041536894,0.31119324010293936,0.1477518823113226,0.10062425781690565,0,-0.0,45.807222073111724,8
cv_intercept,sentinel2,treatment_0001,P01-08,counterfactual_0005_03,0.04288662582618974,10000.0,True,-0.10322841041536894,0.31119324010293936,0.1477518823113226,0.10062425781690565,0,-0.0,45.807222073111724,8
cv_intercept,sentinel2,treatment_0001,P01-08,counterfactual_0008_03,0.038225747823542364,10000.0,True,-0.10322841041536894,0.31119324010293936,0.1477518823113226,0.10062425781690565,0,-0.0,45.807222073111724,8
cv_intercept,sentinel2,treatment_0001,P01-09,counterfactual_0002_02,0.10137029333384562,7943.282347242822,False,-0.09364714820106544,0.36970455804904123,0.1773646611871821,0.10137029333384562,0,-0.0,31.788190921993685,9
cv_intercept,sentinel2,treatment_0001,P01-09,counterfactual_0005_02,0.09610604855038911,7943.282347242822,False,-0.09364714820106544,0.36970455804904123,0.1773646611871821,0.10137029333384562,0,-0.0,31.788190921993685,9
cv_intercept,sentinel2,treatment_0001,P01-09,counterfactual_0009_03,0.09085084455132024,7943.282347242822,False,-0.09364714820106544,0.36970455804904123,0.1773646611871821,0.10137029333384562,0,-0.0,31.788190921993685,9
cv_intercept,sentinel2,treatment_0001,P01-09,counterfactual_0005_03,0.026888326419459367,7943.282347242822,False,-0.09364714820106544,0.36970455804904123,0.1773646611871821,0.10137029333384562,0,-0.0,31.788190921993685,9
cv_intercept,sentinel2,treatment_0001,P01-09,counterfactual_0008_03,0.05448904519402689,7943.282347242822,False,-0.09364714820106544,0.36970455804904123,0.1773646611871821,0.10137029333384562,0,-0.0,31.788190921993685,9
cv_intercept,sentinel2,treatment_0002,P01-08,counterfactual_0004_01,0.305435539490463,316.22776601683796,False,0.029271766079128507,0.8448347201816269,0.4365701512972449,0.305435539490463,0,-0.0,5.246768728843831,8
cv_intercept,sentinel2,treatment_0002,P01-08,counterfactual_0008_01,0.19963115145187277,316.22776601683796,False,0.029271766079128507,0.8448347201816269,0.4365701512972449,0.305435539490463,0,-0.0,5.246768728843831,8
cv_intercept,sentinel2,treatment_0002,P01-08,counterfactual_0001_01,0.2152064586835565,316.22776601683796,False,0.029271766079128507,0.8448347201816269,0.4365701512972449,0.305435539490463,0,-0.0,5.246768728843831,8
cv_intercept,sentinel2,treatment_0002,P01-08,counterfactual_0009_05,0.02118078952911059,316.22776601683796,False,0.029271766079128507,0.8448347201816269,0.4365701512972449,0.305435539490463,0,-0.0,5.246768728843831,8
cv_intercept,sentinel2,treatment_0002,P01-08,counterfactual_0003_04,0.10338078102662401,316.22776601683796,False,0.029271766079128507,0.8448347201816269,0.4365701512972449,0.305435539490463,0,-0.0,5.246768728843831,8
cv_intercept,sentinel2,treatment_0002,P01-09,counterfactual_0004_01,0.2492802642367587,1000.0,False,0.03609682917591892,0.7722245198859764,0.41554174695827073,0.27203571581484903,1,0.011536656247992707,5.791228188251479,9
cv_intercept,sentinel2,treatment_0002,P01-09,counterfactual_0008_01,0.16251978431684325,1000.0,False,0.03609682917591892,0.7722245198859764,0.41554174695827073,0.27203571581484903,1,0.011536656247992707,5.791228188251479,9
cv_intercept,sentinel2,treatment_0002,P01-09,counterfactual_0001_01,0.27203571581484903,1000.0,False,0.03609682917591892,0.7722245198859764,0.41554174695827073,0.27203571581484903,1,0.011536656247992707,5.791228188251479,9
cv_intercept,sentinel2,treatment_0002,P01-09,counterfactual_0009_05,-0.011536656247992707,1000.0,False,0.03609682917591892,0.7722245198859764,0.41554174695827073,0.27203571581484903,1,0.011536656247992707,5.791228188251479,9
cv_intercept,sentinel2,treatment_0002,P01-09,counterfactual_0003_04,0.09992541176551814,1000.0,False,0.03609682917591892,0.7722245198859764,0.41554174695827073,0.27203571581484903,1,0.011536656247992707,5.791228188251479,9
cv_intercept,sentinel2,treatment_0003,P01-08,counterfactual_0004_05,0.14745739534756044,6309.573444801943,False,0.043919381960089626,0.4965233568981403,0.23243904786919112,0.14745739534756044,0,-0.0,18.508951798543748,8
cv_intercept,sentinel2,treatment_0003,P01-08,counterfactual_0008_03,0.08566924945726576,6309.573444801943,False,0.043919381960089626,0.4965233568981403,0.23243904786919112,0.14745739534756044,0,-0.0,18.508951798543748,8
cv_intercept,sentinel2,treatment_0003,P01-08,counterfactual_0003_05,0.10117638529060956,6309.573444801943,False,0.043919381960089626,0.4965233568981403,0.23243904786919112,0.14745739534756044,0,-0.0,18.508951798543748,8
cv_intercept,sentinel2,treatment_0003,P01-08,counterfactual_0009_03,0.05326569290345854,6309.573444801943,False,0.043919381960089626,0.4965233568981403,0.23243904786919112,0.14745739534756044,0,-0.0,18.508951798543748,8
cv_intercept,sentinel2,treatment_0003,P01-08,counterfactual_0005_05,0.10895463389924595,6309.573444801943,False,0.043919381960089626,0.4965233568981403,0.23243904786919112,0.14745739534756044,0,-0.0,18.508951798543748,8
cv_intercept,sentinel2,treatment_0003,P01-09,counterfactual_0004_05,0.11820523327110494,10000.0,True,0.06670015161897262,0.3718725021536002,0.175826694865268,0.11820523327110494,0,-0.0,32.3467293771872,9
cv_intercept,sentinel2,treatment_0003,P01-09,counterfactual_0008_03,0.06510290499423285,10000.0,True,0.06670015161897262,0.3718725021536002,0.175826694865268,0.11820523327110494,0,-0.0,32.3467293771872,9
cv_intercept,sentinel2,treatment_0003,P01-09,counterfactual_0003_05,0.0688899827747879,10000.0,True,0.06670015161897262,0.3718725021536002,0.175826694865268,0.11820523327110494,0,-0.0,32.3467293771872,9
cv_intercept,sentinel2,treatment_0003,P01-09,counterfactual_0009_03,0.03987030870550077,10000.0,True,0.06670015161897262,0.3718725021536002,0.175826694865268,0.11820523327110494,0,-0.0,32.3467293771872,9
cv_intercept,sentinel2,treatment_0003,P01-09,counterfactual_0005_05,0.0798040724079737,10000.0,True,0.06670015161897262,0.3718725021536002,0.175826694865268,0.11820523327110494,0,-0.0,32.3467293771872,9
cv_intercept,sentinel2,treatment_0004,P01-08,counterfactual_0004_04,0.6924001877812245,0.0001,True,-0.006435783754846353,0.8364243389100139,0.6998320145797673,0.6924001877812245,1,0.011898024608658098,2.0417961860588343,8
cv_intercept,sentinel2,treatment_0004,P01-08,counterfactual_0006_03,0.07477587389698948,0.0001,True,-0.006435783754846353,0.8364243389100139,0.6998320145797673,0.6924001877812245,1,0.011898024608658098,2.0417961860588343,8
cv_intercept,sentinel2,treatment_0004,P01-08,counterfactual_0002_02,0.06627794749073919,0.0001,True,-0.006435783754846353,0.8364243389100139,0.6998320145797673,0.6924001877812245,1,0.011898024608658098,2.0417961860588343,8
cv_intercept,sentinel2,treatment_0004,P01-08,counterfactual_0006_01,0.014868354349718792,0.0001,True,-0.006435783754846353,0.8364243389100139,0.6998320145797673,0.6924001877812245,1,0.011898024608658098,2.0417961860588343,8
cv_intercept,sentinel2,treatment_0004,P01-08,counterfactual_0003_03,-0.011898024608658098,0.0001,True,-0.006435783754846353,0.8364243389100139,0.6998320145797673,0.6924001877812245,1,0.011898024608658098,2.0417961860588343,8
cv_intercept,sentinel2,treatment_0004,P01-09,counterfactual_0004_04,0.6977335907710892,0.0001,True,-0.003239665016205158,0.8164853104154958,0.702431857947969,0.6977335907710892,1,0.002984165065320548,2.0267099493773855,9
cv_intercept,sentinel2,treatment_0004,P01-09,counterfactual_0006_03,0.059760985557450214,0.0001,True,-0.003239665016205158,0.8164853104154958,0.702431857947969,0.6977335907710892,1,0.002984165065320548,2.0267099493773855,9
cv_intercept,sentinel2,treatment_0004,P01-09,counterfactual_0002_02,0.05419980266146369,0.0001,True,-0.003239665016205158,0.8164853104154958,0.702431857947969,0.6977335907710892,1,0.002984165065320548,2.0267099493773855,9
cv_intercept,sentinel2,treatment_0004,P01-09,counterfactual_0006_01,0.007775096490813052,0.0001,True,-0.003239665016205158,0.8164853104154958,0.702431857947969,0.6977335907710892,1,0.002984165065320548,2.0267099493773855,9
cv_intercept,sentinel2,treatment_0004,P01-09,counterfactual_0003_03,-0.002984165065320548,0.0001,True,-0.003239665016205158,0.8164853104154958,0.702431857947969,0.6977335907710892,1,0.002984165065320548,2.0267099493773855,9
cv_intercept,sentinel2,treatment_0005,P01-08,counterfactual_0004_02,0.2583770514327307,1995.262314968883,False,-0.00167419291614275,0.6874803616425742,0.36440182633615764,0.2583770514327307,0,-0.0,7.530761785432495,8
cv_intercept,sentinel2,treatment_0005,P01-08,counterfactual_0006_02,0.225206449750692,1995.262314968883,False,-0.00167419291614275,0.6874803616425742,0.36440182633615764,0.2583770514327307,0,-0.0,7.530761785432495,8
cv_intercept,sentinel2,treatment_0005,P01-08,counterfactual_0004_03,0.09543304197177184,1995.262314968883,False,-0.00167419291614275,0.6874803616425742,0.36440182633615764,0.2583770514327307,0,-0.0,7.530761785432495,8
cv_intercept,sentinel2,treatment_0005,P01-08,counterfactual_0006_04,0.04153584961231886,1995.262314968883,False,-0.00167419291614275,0.6874803616425742,0.36440182633615764,0.2583770514327307,0,-0.0,7.530761785432495,8
cv_intercept,sentinel2,treatment_0005,P01-08,counterfactual_0007_01,0.06692796887506079,1995.262314968883,False,-0.00167419291614275,0.6874803616425742,0.36440182633615764,0.2583770514327307,0,-0.0,7.530761785432495,8
cv_intercept,sentinel2,treatment_0005,P01-09,counterfactual_0004_02,0.2250608897354987,1995.262314968883,False,0.0003687507776003948,0.7256268634297943,0.37155500274199443,0.2603553309031727,0,-0.0,7.243588551613509,9
cv_intercept,sentinel2,treatment_0005,P01-09,counterfactual_0006_02,0.2603553309031727,1995.262314968883,False,0.0003687507776003948,0.7256268634297943,0.37155500274199443,0.2603553309031727,0,-0.0,7.243588551613509,9
cv_intercept,sentinel2,treatment_0005,P01-09,counterfactual_0004_03,0.08882485794997413,1995.262314968883,False,0.0003687507776003948,0.7256268634297943,0.37155500274199443,0.2603553309031727,0,-0.0,7.243588551613509,9
cv_intercept,sentinel2,treatment_0005,P01-09,counterfactual_0006_04,0.08725001854583253,1995.262314968883,False,0.0003687507776003948,0.7256268634297943,0.37155500274199443,0.2603553309031727,0,-0.0,7.243588551613509,9
cv_intercept,sentinel2,treatment_0005,P01-09,counterfactual_0007_01,0.0641357662953163,1995.262314968883,False,0.0003687507776003948,0.7256268634297943,0.37155500274199443,0.2603553309031727,0,-0.0,7.243588551613509,9
cv_intercept,sentinel2,treatment_0006,P01-08,counterfactual_0009_01,0.12153264379416776,3981.0717055349774,False,0.09196578096788283,0.51985988873268,0.24260866887721477,0.1455702899269393,0,-0.0,16.989764929914593,8
cv_intercept,sentinel2,treatment_0006,P01-08,counterfactual_0007_02,0.05263878291248318,3981.0717055349774,False,0.09196578096788283,0.51985988873268,0.24260866887721477,0.1455702899269393,0,-0.0,16.989764929914593,8
cv_intercept,sentinel2,treatment_0006,P01-08,counterfactual_0007_05,0.1455702899269393,3981.0717055349774,False,0.09196578096788283,0.51985988873268,0.24260866887721477,0.1455702899269393,0,-0.0,16.989764929914593,8
cv_intercept,sentinel2,treatment_0006,P01-08,counterfactual_0002_04,0.10725597873711612,3981.0717055349774,False,0.09196578096788283,0.51985988873268,0.24260866887721477,0.1455702899269393,0,-0.0,16.989764929914593,8
cv_intercept,sentinel2,treatment_0006,P01-08,counterfactual_0002_02,0.09286219336197367,3981.0717055349774,False,0.09196578096788283,0.51985988873268,0.24260866887721477,0.1455702899269393,0,-0.0,16.989764929914593,8
cv_intercept,sentinel2,treatment_0006,P01-09,counterfactual_0009_01,0.15442101301396435,3162.2776601683795,False,0.08744228912034246,0.5512855740370425,0.26891788493870894,0.1764995059669794,0,-0.0,13.828039974122053,9
cv_intercept,sentinel2,treatment_0006,P01-09,counterfactual_0007_02,0.0469479322395122,3162.2776601683795,False,0.08744228912034246,0.5512855740370425,0.26891788493870894,0.1764995059669794,0,-0.0,13.828039974122053,9
cv_intercept,sentinel2,treatment_0006,P01-09,counterfactual_0007_05,0.1764995059669794,3162.2776601683795,False,0.08744228912034246,0.5512855740370425,0.26891788493870894,0.1764995059669794,0,-0.0,13.828039974122053,9
cv_intercept,sentinel2,treatment_0006,P01-09,counterfactual_0002_04,0.09295541615706933,3162.2776601683795,False,0.08744228912034246,0.5512855740370425,0.26891788493870894,0.1764995059669794,0,-0.0,13.828039974122053,9
cv_intercept,sentinel2,treatment_0006,P01-09,counterfactual_0002_02,0.0804617066595172,3162.2776601683795,False,0.08744228912034246,0.5512855740370425,0.26891788493870894,0.1764995059669794,0,-0.0,13.828039974122053,9
cv_intercept,sentinel2,treatment_0007,P01-08,counterfactual_0005_01,0.43705729256995973,630.9573444801943,False,0.11935664196349374,0.5936302330234957,0.4459255330533596,0.43705729256995973,0,-0.0,5.028926864344506,8
cv_intercept,sentinel2,treatment_0007,P01-08,counterfactual_0003_04,0.016279315894114636,630.9573444801943,False,0.11935664196349374,0.5936302330234957,0.4459255330533596,0.43705729256995973,0,-0.0,5.028926864344506,8
cv_intercept,sentinel2,treatment_0007,P01-08,counterfactual_0005_04,0.034844708109142614,630.9573444801943,False,0.11935664196349374,0.5936302330234957,0.4459255330533596,0.43705729256995973,0,-0.0,5.028926864344506,8
cv_intercept,sentinel2,treatment_0007,P01-08,counterfactual_0007_04,0.03282976997828742,630.9573444801943,False,0.11935664196349374,0.5936302330234957,0.4459255330533596,0.43705729256995973,0,-0.0,5.028926864344506,8
cv_intercept,sentinel2,treatment_0007,P01-08,counterfactual_0001_05,0.07261914647199132,630.9573444801943,False,0.11935664196349374,0.5936302330234957,0.4459255330533596,0.43705729256995973,0,-0.0,5.028926864344506,8
cv_intercept,sentinel2,treatment_0007,P01-09,counterfactual_0005_01,0.34499344543953253,1584.893192461114,False,0.12370009329615872,0.5529165454913565,0.36525952538950107,0.34499344543953253,0,-0.0,7.495435979125998,9
cv_intercept,sentinel2,treatment_0007,P01-09,counterfactual_0003_04,0.024681009235572256,1584.893192461114,False,0.12370009329615872,0.5529165454913565,0.36525952538950107,0.34499344543953253,0,-0.0,7.495435979125998,9
cv_intercept,sentinel2,treatment_0007,P01-09,counterfactual_0005_04,0.021737301495414346,1584.893192461114,False,0.12370009329615872,0.5529165454913565,0.36525952538950107,0.34499344543953253,0,-0.0,7.495435979125998,9
cv_intercept,sentinel2,treatment_0007,P01-09,counterfactual_0007_04,0.09238172206037777,1584.893192461114,False,0.12370009329615872,0.5529165454913565,0.36525952538950107,0.34499344543953253,0,-0.0,7.495435979125998,9
cv_intercept,sentinel2,treatment_0007,P01-09,counterfactual_0001_05,0.06912306726045964,1584.893192461114,False,0.12370009329615872,0.5529165454913565,0.36525952538950107,0.34499344543953253,0,-0.0,7.495435979125998,9
cv_intercept,sentinel2,treatment_0008,P01-08,counterfactual_0005_05,0.09216043025694771,10000.0,True,0.06828044089151449,0.3372249124763049,0.1547861010164519,0.09216043025694771,0,-0.0,41.73842707848054,8
cv_intercept,sentinel2,treatment_0008,P01-08,counterfactual_0010_05,0.06627876519864685,10000.0,True,0.06828044089151449,0.3372249124763049,0.1547861010164519,0.09216043025694771,0,-0.0,41.73842707848054,8
cv_intercept,sentinel2,treatment_0008,P01-08,counterfactual_0003_05,0.06179662929485585,10000.0,True,0.06828044089151449,0.3372249124763049,0.1547861010164519,0.09216043025694771,0,-0.0,41.73842707848054,8
cv_intercept,sentinel2,treatment_0008,P01-08,counterfactual_0007_01,0.07281709131096334,10000.0,True,0.06828044089151449,0.3372249124763049,0.1547861010164519,0.09216043025694771,0,-0.0,41.73842707848054,8
cv_intercept,sentinel2,treatment_0008,P01-08,counterfactual_0002_04,0.04417199641489119,10000.0,True,0.06828044089151449,0.3372249124763049,0.1547861010164519,0.09216043025694771,0,-0.0,41.73842707848054,8
cv_intercept,sentinel2,treatment_0008,P01-09,counterfactual_0005_05,0.08509757215820841,10000.0,True,0.06830106385263247,0.30625718064356744,0.14079545588117806,0.08509757215820841,0,-0.0,50.44553395508023,9
cv_intercept,sentinel2,treatment_0008,P01-09,counterfactual_0010_05,0.058853414717091754,10000.0,True,0.06830106385263247,0.30625718064356744,0.14079545588117806,0.08509757215820841,0,-0.0,50.44553395508023,9
cv_intercept,sentinel2,treatment_0008,P01-09,counterfactual_0003_05,0.05358902961307134,10000.0,True,0.06830106385263247,0.30625718064356744,0.14079545588117806,0.08509757215820841,0,-0.0,50.44553395508023,9
cv_intercept,sentinel2,treatment_0008,P01-09,counterfactual_0007_01,0.06733055571040984,10000.0,True,0.06830106385263247,0.30625718064356744,0.14079545588117806,0.08509757215820841,0,-0.0,50.44553395508023,9
cv_intercept,sentinel2,treatment_0008,P01-09,counterfactual_0002_04,0.04138660844478606,10000.0,True,0.06830106385263247,0.30625718064356744,0.14079545588117806,0.08509757215820841,0,-0.0,50.44553395508023,9
cv_intercept,sentinel2,treatment_0009,P01-08,counterfactual_0008_03,0.32174545183262654,630.9573444801943,False,0.027965996372587135,0.9144326056190828,0.45146267782821453,0.32174545183262654,0,-0.0,4.906324780504089,8
cv_intercept,sentinel2,treatment_0009,P01-08,counterfactual_0005_02,0.24427122066069681,630.9573444801943,False,0.027965996372587135,0.9144326056190828,0.45146267782821453,0.32174545183262654,0,-0.0,4.906324780504089,8
cv_intercept,sentinel2,treatment_0009,P01-08,counterfactual_0004_05,0.11734192688077671,630.9573444801943,False,0.027965996372587135,0.9144326056190828,0.45146267782821453,0.32174545183262654,0,-0.0,4.906324780504089,8
cv_intercept,sentinel2,treatment_0009,P01-08,counterfactual_0005_03,0.10650211328841859,630.9573444801943,False,0.027965996372587135,0.9144326056190828,0.45146267782821453,0.32174545183262654,0,-0.0,4.906324780504089,8
cv_intercept,sentinel2,treatment_0009,P01-08,counterfactual_0009_03,0.1245718929565641,630.9573444801943,False,0.027965996372587135,0.9144326056190828,0.45146267782821453,0.32174545183262654,0,-0.0,4.906324780504089,8
cv_intercept,sentinel2,treatment_0009,P01-09,counterfactual_0008_03,0.3289237697836331,398.1071705534977,False,0.029943192033073725,0.9319135938231972,0.4736421776874134,0.3289237697836331,0,-0.0,4.457581184145086,9
cv_intercept,sentinel2,treatment_0009,P01-09,counterfactual_0005_02,0.28341796317395845,398.1071705534977,False,0.029943192033073725,0.9319135938231972,0.4736421776874134,0.3289237697836331,0,-0.0,4.457581184145086,9
cv_intercept,sentinel2,treatment_0009,P01-09,counterfactual_0004_05,0.09039917581354118,398.1071705534977,False,0.029943192033073725,0.9319135938231972,0.4736421776874134,0.3289237697836331,0,-0.0,4.457581184145086,9
cv_intercept,sentinel2,treatment_0009,P01-09,counterfactual_0005_03,0.08824005691145576,398.1071705534977,False,0.029943192033073725,0.9319135938231972,0.4736421776874134,0.3289237697836331,0,-0.0,4.457581184145086,9
cv_intercept,sentinel2,treatment_0009,P01-09,counterfactual_0009_03,0.1409326281406087,398.1071705534977,False,0.029943192033073725,0.9319135938231972,0.4736421776874134,0.3289237697836331,0,-0.0,4.457581184145086,9
cv_intercept,sentinel2,treatment_0010,P01-08,counterfactual_0004_04,0.5669381537679931,125.89254117941688,False,-0.008849763069962907,0.9090252619913591,0.6001866012381915,0.5669381537679931,0,-0.0,2.7760507942201924,8
cv_intercept,sentinel2,treatment_0010,P01-08,counterfactual_0006_03,0.12810645493086,125.89254117941688,False,-0.008849763069962907,0.9090252619913591,0.6001866012381915,0.5669381537679931,0,-0.0,2.7760507942201924,8
cv_intercept,sentinel2,treatment_0010,P01-08,counterfactual_0002_02,0.13859260639414792,125.89254117941688,False,-0.008849763069962907,0.9090252619913591,0.6001866012381915,0.5669381537679931,0,-0.0,2.7760507942201924,8
cv_intercept,sentinel2,treatment_0010,P01-08,counterfactual_0003_03,0.05081334047296423,125.89254117941688,False,-0.008849763069962907,0.9090252619913591,0.6001866012381915,0.5669381537679931,0,-0.0,2.7760507942201924,8
cv_intercept,sentinel2,treatment_0010,P01-08,counterfactual_0006_01,0.02457470642539388,125.89254117941688,False,-0.008849763069962907,0.9090252619913591,0.6001866012381915,0.5669381537679931,0,-0.0,2.7760507942201924,8
cv_intercept,sentinel2,treatment_0010,P01-09,counterfactual_0004_04,0.45732240828538606,794.3282347242822,False,0.002802662261503136,0.8368467280136979,0.5027188607697529,0.45732240828538606,0,-0.0,3.956850498251598,9
cv_intercept,sentinel2,treatment_0010,P01-09,counterfactual_0006_03,0.10966684750210905,794.3282347242822,False,0.002802662261503136,0.8368467280136979,0.5027188607697529,0.45732240828538606,0,-0.0,3.956850498251598,9
cv_intercept,sentinel2,treatment_0010,P01-09,counterfactual_0002_02,0.12422036294172661,794.3282347242822,False,0.002802662261503136,0.8368467280136979,0.5027188607697529,0.45732240828538606,0,-0.0,3.956850498251598,9
cv_intercept,sentinel2,treatment_0010,P01-09,counterfactual_0003_03,0.12535362884461523,794.3282347242822,False,0.002802662261503136,0.8368467280136979,0.5027188607697529,0.45732240828538606,0,-0.0,3.956850498251598,9
cv_intercept,sentinel2,treatment_0010,P01-09,counterfactual_0006_01,0.020283480439860852,794.3282347242822,False,0.002802662261503136,0.8368467280136979,0.5027188607697529,0.45732240828538606,0,-0.0,3.956850498251598,9
