site_id,group,matched_treatment_site_id,control_rank,sensor,period_id,seq,half,period_start,period_end,has_latent,valid_pixel_fraction
counterfactual_0001_01,counterfactual,treatment_0001,1.0,sentinel1,before_P01,1,before,2024-05-10,2024-05-23,True,1.0
counterfactual_0001_01,counterfactual,treatment_0001,1.0,sentinel1,before_P02,2,before,2024-05-24,2024-06-06,True,1.0
counterfactual_0001_01,counterfactual,treatment_0001,1.0,sentinel1,before_P03,3,before,2024-06-07,2024-06-20,True,1.0
counterfactual_0001_01,counterfactual,treatment_0001,1.0,sentinel1,before_P04,4,before,2024-06-21,2024-07-04,True,1.0
counterfactual_0001_01,counterfactual,treatment_0001,1.0,sentinel1,before_P05,5,before,2024-07-05,2024-07-18,True,1.0
counterfactual_0001_01,counterfactual,treatment_0001,1.0,sentinel1,before_P06,6,before,2024-07-19,2024-08-01,True,1.0
counterfactual_0001_01,counterfactual,treatment_0001,1.0,sentinel1,before_P07,7,before,2024-08-02,2024-08-15,True,1.0
counterfactual_0001_01,counterfactual,treatment_0001,1.0,sentinel1,before_P08,8,before,2024-08-16,2024-08-29,True,1.0
counterfactual_0001_01,counterfactual,treatment_0001,1.0,sentinel1,before_P09,9,before,2024-08-30,2024-09-12,True,1.0
counterfactual_0001_01,counterfactual,treatment_0001,1.0,sentinel1,before_P10,10,before,2024-09-13,2024-09-26,True,1.0
counterfactual_0001_01,counterfactual,treatment_0001,1.0,sentinel1,after_P01,11,after,2024-09-27,2024-10-10,True,1.0
counterfactual_0001_01,counterfactual,treatment_0001,1.0,sentinel1,after_P02,12,after,2024-10-11,2024-10-24,False,
counterfactual_0001_01,counterfactual,treatment_0001,1.0,sentinel1,after_P03,13,after,2024-10-25,2024-11-07,True,1.0
counterfactual_0001_01,counterfactual,treatment_0001,1.0,sentinel1,after_P04,14,after,2024-11-08,2024-11-21,True,1.0
counterfactual_0001_01,counterfactual,treatment_0001,1.0,sentinel1,after_P05,15,after,2024-11-22,2024-12-05,False,
counterfactual_0001_01,counterfactual,treatment_0001,1.0,sentinel1,after_P06,16,after,2024-12-06,2024-12-19,True,1.0
counterfactual_0001_01,counterfactual,treatment_0001,1.0,sentinel1,after_P07,17,after,2024-12-20,2025-01-02,True,1.0
counterfactual_0001_01,counterfactual,treatment_0001,1.0,sentinel1,after_P08,18,after,2025-01-03,2025-01-16,True,1.0
counterfactual_0001_01,counterfactual,treatment_0001,1.0,sentinel1,after_P09,19,after,2025-01-17,2025-01-30,True,1.0
counterfactual_0001_01,counterfactual,treatment_0001,1.0,sentinel1,after_P10,20,after,2025-01-31,2025-02-13,True,1.0
counterfactual_0001_01,counterfactual,treatment_0001,1.0,sentinel2,before_P01,1,before,2024-05-10,2024-05-23,True,0.9854916184687776
counterfactual_0001_01,counterfactual,treatment_0001,1.0,sentinel2,before_P02,2,before,2024-05-24,2024-06-06,True,1.0
counterfactual_0001_01,counterfactual,treatment_0001,1.0,sentinel2,before_P03,3,before,2024-06-07,2024-06-20,True,0.0
counterfactual_0001_01,counterfactual,treatment_0001,1.0,sentinel2,before_P04,4,before,2024-06-21,2024-07-04,True,0.8498186452308597
counterfactual_0001_01,counterfactual,treatment_0001,1.0,sentinel2,before_P05,5,before,2024-07-05,2024-07-18,True,0.4439760807763944
counterfactual_0001_01,counterfactual,treatment_0001,1.0,sentinel2,before_P06,6,before,2024-07-19,2024-08-01,True,0.0
counterfactual_0001_01,counterfactual,treatment_0001,1.0,sentinel2,before_P07,7,before,2024-08-02,2024-08-15,True,0.4403489853935888
counterfactual_0001_01,counterfactual,treatment_0001,1.0,sentinel2,before_P08,8,before,2024-08-16,2024-08-29,True,1.0
counterfactual_0001_01,counterfactual,treatment_0001,1.0,sentinel2,before_P09,9,before,2024-08-30,2024-09-12,True,0.9044211351828252
counterfactual_0001_01,counterfactual,treatment_0001,1.0,sentinel2,before_P10,10,before,2024-09-13,2024-09-26,True,0.966865993530046
counterfactual_0001_01,counterfactual,treatment_0001,1.0,sentinel2,after_P01,11,after,2024-09-27,2024-10-10,True,1.0
counterfactual_0001_01,counterfactual,treatment_0001,1.0,sentinel2,after_P02,12,after,2024-10-11,2024-10-24,True,1.0
counterfactual_0001_01,counterfactual,treatment_0001,1.0,sentinel2,after_P03,13,after,2024-10-25,2024-11-07,True,0.0107832565434761
counterfactual_0001_01,counterfactual,treatment_0001,1.0,sentinel2,after_P04,14,after,2024-11-08,2024-11-21,True,0.3254582884030977
counterfactual_0001_01,counterfactual,treatment_0001,1.0,sentinel2,after_P05,15,after,2024-11-22,2024-12-05,False,
counterfactual_0001_01,counterfactual,treatment_0001,1.0,sentinel2,after_P06,16,after,2024-12-06,2024-12-19,True,1.0
counterfactual_0001_01,counterfactual,treatment_0001,1.0,sentinel2,after_P07,17,after,2024-12-20,2025-01-02,True,0.0
counterfactual_0001_01,counterfactual,treatment_0001,1.0,sentinel2,after_P08,18,after,2025-01-03,2025-01-16,True,0.0254876972845799
counterfactual_0001_01,counterfactual,treatment_0001,1.0,sentinel2,after_P09,19,after,2025-01-17,2025-01-30,True,0.9839231447897264
counterfactual_0001_01,counterfactual,treatment_0001,1.0,sentinel2,after_P10,20,after,2025-01-31,2025-02-13,True,1.0
counterfactual_0001_02,counterfactual,treatment_0001,2.0,sentinel1,before_P01,1,before,2024-05-10,2024-05-23,True,1.0
counterfactual_0001_02,counterfactual,treatment_0001,2.0,sentinel1,before_P02,2,before,2024-05-24,2024-06-06,True,1.0
counterfactual_0001_02,counterfactual,treatment_0001,2.0,sentinel1,before_P03,3,before,2024-06-07,2024-06-20,True,1.0
counterfactual_0001_02,counterfactual,treatment_0001,2.0,sentinel1,before_P04,4,before,2024-06-21,2024-07-04,True,1.0
counterfactual_0001_02,counterfactual,treatment_0001,2.0,sentinel1,before_P05,5,before,2024-07-05,2024-07-18,True,1.0
counterfactual_0001_02,counterfactual,treatment_0001,2.0,sentinel1,before_P06,6,before,2024-07-19,2024-08-01,True,1.0
counterfactual_0001_02,counterfactual,treatment_0001,2.0,sentinel1,before_P07,7,before,2024-08-02,2024-08-15,True,1.0
counterfactual_0001_02,counterfactual,treatment_0001,2.0,sentinel1,before_P08,8,before,2024-08-16,2024-08-29,True,1.0
counterfactual_0001_02,counterfactual,treatment_0001,2.0,sentinel1,before_P09,9,before,2024-08-30,2024-09-12,True,1.0
counterfactual_0001_02,counterfactual,treatment_0001,2.0,sentinel1,before_P10,10,before,2024-09-13,2024-09-26,True,1.0
counterfactual_0001_02,counterfactual,treatment_0001,2.0,sentinel1,after_P01,11,after,2024-09-27,2024-10-10,True,1.0
counterfactual_0001_02,counterfactual,treatment_0001,2.0,sentinel1,after_P02,12,after,2024-10-11,2024-10-24,False,
counterfactual_0001_02,counterfactual,treatment_0001,2.0,sentinel1,after_P03,13,after,2024-10-25,2024-11-07,True,1.0
counterfactual_0001_02,counterfactual,treatment_0001,2.0,sentinel1,after_P04,14,after,2024-11-08,2024-11-21,True,1.0
counterfactual_0001_02,counterfactual,treatment_0001,2.0,sentinel1,after_P05,15,after,2024-11-22,2024-12-05,False,
counterfactual_0001_02,counterfactual,treatment_0001,2.0,sentinel1,after_P06,16,after,2024-12-06,2024-12-19,True,1.0
counterfactual_0001_02,counterfactual,treatment_0001,2.0,sentinel1,after_P07,17,after,2024-12-20,2025-01-02,True,1.0
counterfactual_0001_02,counterfactual,treatment_0001,2.0,sentinel1,after_P08,18,after,2025-01-03,2025-01-16,True,1.0
counterfactual_0001_02,counterfactual,treatment_0001,2.0,sentinel1,after_P09,19,after,2025-01-17,2025-01-30,True,1.0
counterfactual_0001_02,counterfactual,treatment_0001,2.0,sentinel1,after_P10,20,after,2025-01-31,2025-02-13,True,1.0
counterfactual_0001_02,counterfactual,treatment_0001,2.0,sentinel2,before_P01,1,before,2024-05-10,2024-05-23,True,0.2279188314871091
counterfactual_0001_02,counterfactual,treatment_0001,2.0,sentinel2,before_P02,2,before,2024-05-24,2024-06-06,True,0.7302225272032153
counterfactual_0001_02,counterfactual,treatment_0001,2.0,sentinel2,before_P03,3,before,2024-06-07,2024-06-20,True,0.0
counterfactual_0001_02,counterfactual,treatment_0001,2.0,sentinel2,before_P04,4,before,2024-06-21,2024-07-04,True,1.0
counterfactual_0001_02,counterfactual,treatment_0001,2.0,sentinel2,before_P05,5,before,2024-07-05,2024-07-18,True,1.0
counterfactual_0001_02,counterfactual,treatment_0001,2.0,sentinel2,before_P06,6,before,2024-07-19,2024-08-01,True,0.3017351240074502
counterfactual_0001_02,counterfactual,treatment_0001,2.0,sentinel2,before_P07,7,before,2024-08-02,2024-08-15,True,0.83285952357612
counterfactual_0001_02,counterfactual,treatment_0001,2.0,sentinel2,before_P08,8,before,2024-08-16,2024-08-29,True,1.0
counterfactual_0001_02,counterfactual,treatment_0001,2.0,sentinel2,before_P09,9,before,2024-08-30,2024-09-12,True,1.0
counterfactual_0001_02,counterfactual,treatment_0001,2.0,sentinel2,before_P10,10,before,2024-09-13,2024-09-26,True,1.0
counterfactual_0001_02,counterfactual,treatment_0001,2.0,sentinel2,after_P01,11,after,2024-09-27,2024-10-10,True,1.0
counterfactual_0001_02,counterfactual,treatment_0001,2.0,sentinel2,after_P02,12,after,2024-10-11,2024-10-24,True,1.0
counterfactual_0001_02,counterfactual,treatment_0001,2.0,sentinel2,after_P03,13,after,2024-10-25,2024-11-07,True,0.29320654837761
counterfactual_0001_02,counterfactual,treatment_0001,2.0,sentinel2,after_P04,14,after,2024-11-08,2024-11-21,True,0.8890304872071365
counterfactual_0001_02,counterfactual,treatment_0001,2.0,sentinel2,after_P05,15,after,2024-11-22,2024-12-05,False,
counterfactual_0001_02,counterfactual,treatment_0001,2.0,sentinel2,after_P06,16,after,2024-12-06,2024-12-19,True,1.0
counterfactual_0001_02,counterfactual,treatment_0001,2.0,sentinel2,after_P07,17,after,2024-12-20,2025-01-02,True,0.5505342613469267
counterfactual_0001_02,counterfactual,treatment_0001,2.0,sentinel2,after_P08,18,after,2025-01-03,2025-01-16,True,0.0
counterfactual_0001_02,counterfactual,treatment_0001,2.0,sentinel2,after_P09,19,after,2025-01-17,2025-01-30,True,1.0
counterfactual_0001_02,counterfactual,treatment_0001,2.0,sentinel2,after_P10,20,after,2025-01-31,2025-02-13,True,1.0
counterfactual_0001_03,counterfactual,treatment_0001,3.0,sentinel1,before_P01,1,before,2024-05-10,2024-05-23,True,1.0
counterfactual_0001_03,counterfactual,treatment_0001,3.0,sentinel1,before_P02,2,before,2024-05-24,2024-06-06,True,1.0
counterfactual_0001_03,counterfactual,treatment_0001,3.0,sentinel1,before_P03,3,before,2024-06-07,2024-06-20,True,1.0
counterfactual_0001_03,counterfactual,treatment_0001,3.0,sentinel1,before_P04,4,before,2024-06-21,2024-07-04,True,1.0
counterfactual_0001_03,counterfactual,treatment_0001,3.0,sentinel1,before_P05,5,before,2024-07-05,2024-07-18,True,1.0
counterfactual_0001_03,counterfactual,treatment_0001,3.0,sentinel1,before_P06,6,before,2024-07-19,2024-08-01,True,1.0
counterfactual_0001_03,counterfactual,treatment_0001,3.0,sentinel1,before_P07,7,before,2024-08-02,2024-08-15,True,1.0
counterfactual_0001_03,counterfactual,treatment_0001,3.0,sentinel1,before_P08,8,before,2024-08-16,2024-08-29,True,1.0
counterfactual_0001_03,counterfactual,treatment_0001,3.0,sentinel1,before_P09,9,before,2024-08-30,2024-09-12,True,1.0
counterfactual_0001_03,counterfactual,treatment_0001,3.0,sentinel1,before_P10,10,before,2024-09-13,2024-09-26,True,1.0
counterfactual_0001_03,counterfactual,treatment_0001,3.0,sentinel1,after_P01,11,after,2024-09-27,2024-10-10,True,1.0
counterfactual_0001_03,counterfactual,treatment_0001,3.0,sentinel1,after_P02,12,after,2024-10-11,2024-10-24,False,
counterfactual_0001_03,counterfactual,treatment_0001,3.0,sentinel1,after_P03,13,after,2024-10-25,2024-11-07,True,1.0
counterfactual_0001_03,counterfactual,treatment_0001,3.0,sentinel1,after_P04,14,after,2024-11-08,2024-11-21,True,1.0
counterfactual_0001_03,counterfactual,treatment_0001,3.0,sentinel1,after_P05,15,after,2024-11-22,2024-12-05,False,
counterfactual_0001_03,counterfactual,treatment_0001,3.0,sentinel1,after_P06,16,after,2024-12-06,2024-12-19,True,1.0
counterfactual_0001_03,counterfactual,treatment_0001,3.0,sentinel1,after_P07,17,after,2024-12-20,2025-01-02,True,1.0
counterfactual_0001_03,counterfactual,treatment_0001,3.0,sentinel1,after_P08,18,after,2025-01-03,2025-01-16,True,1.0
counterfactual_0001_03,counterfactual,treatment_0001,3.0,sentinel1,after_P09,19,after,2025-01-17,2025-01-30,True,1.0
counterfactual_0001_03,counterfactual,treatment_0001,3.0,sentinel1,after_P10,20,after,2025-01-31,2025-02-13,True,1.0
counterfactual_0001_03,counterfactual,treatment_0001,3.0,sentinel2,before_P01,1,before,2024-05-10,2024-05-23,True,1.0
counterfactual_0001_03,counterfactual,treatment_0001,3.0,sentinel2,before_P02,2,before,2024-05-24,2024-06-06,True,0.1156749338300166
counterfactual_0001_03,counterfactual,treatment_0001,3.0,sentinel2,before_P03,3,before,2024-06-07,2024-06-20,True,0.9976472894814232
counterfactual_0001_03,counterfactual,treatment_0001,3.0,sentinel2,before_P04,4,before,2024-06-21,2024-07-04,True,0.9674541711596902
counterfactual_0001_03,counterfactual,treatment_0001,3.0,sentinel2,before_P05,5,before,2024-07-05,2024-07-18,True,1.0
counterfactual_0001_03,counterfactual,treatment_0001,3.0,sentinel2,before_P06,6,before,2024-07-19,2024-08-01,True,0.0
counterfactual_0001_03,counterfactual,treatment_0001,3.0,sentinel2,before_P07,7,before,2024-08-02,2024-08-15,True,0.7957063033035977
counterfactual_0001_03,counterfactual,treatment_0001,3.0,sentinel2,before_P08,8,before,2024-08-16,2024-08-29,True,0.3798647191451818
counterfactual_0001_03,counterfactual,treatment_0001,3.0,sentinel2,before_P09,9,before,2024-08-30,2024-09-12,True,0.7460052935986669
counterfactual_0001_03,counterfactual,treatment_0001,3.0,sentinel2,before_P10,10,before,2024-09-13,2024-09-26,True,1.0
counterfactual_0001_03,counterfactual,treatment_0001,3.0,sentinel2,after_P01,11,after,2024-09-27,2024-10-10,True,1.0
counterfactual_0001_03,counterfactual,treatment_0001,3.0,sentinel2,after_P02,12,after,2024-10-11,2024-10-24,True,1.0
counterfactual_0001_03,counterfactual,treatment_0001,3.0,sentinel2,after_P03,13,after,2024-10-25,2024-11-07,True,0.0
counterfactual_0001_03,counterfactual,treatment_0001,3.0,sentinel2,after_P04,14,after,2024-11-08,2024-11-21,True,0.952553671208705
counterfactual_0001_03,counterfactual,treatment_0001,3.0,sentinel2,after_P05,15,after,2024-11-22,2024-12-05,False,
counterfactual_0001_03,counterfactual,treatment_0001,3.0,sentinel2,after_P06,16,after,2024-12-06,2024-12-19,True,0.9776492500735222
counterfactual_0001_03,counterfactual,treatment_0001,3.0,sentinel2,after_P07,17,after,2024-12-20,2025-01-02,True,0.0
counterfactual_0001_03,counterfactual,treatment_0001,3.0,sentinel2,after_P08,18,after,2025-01-03,2025-01-16,True,0.0
counterfactual_0001_03,counterfactual,treatment_0001,3.0,sentinel2,after_P09,19,after,2025-01-17,2025-01-30,True,0.9978433486913048
counterfactual_0001_03,counterfactual,treatment_0001,3.0,sentinel2,after_P10,20,after,2025-01-31,2025-02-13,True,0.3910400941084207
counterfactual_0001_04,counterfactual,treatment_0001,4.0,sentinel1,before_P01,1,before,2024-05-10,2024-05-23,True,1.0
counterfactual_0001_04,counterfactual,treatment_0001,4.0,sentinel1,before_P02,2,before,2024-05-24,2024-06-06,True,1.0
counterfactual_0001_04,counterfactual,treatment_0001,4.0,sentinel1,before_P03,3,before,2024-06-07,2024-06-20,True,1.0
counterfactual_0001_04,counterfactual,treatment_0001,4.0,sentinel1,before_P04,4,before,2024-06-21,2024-07-04,True,1.0
counterfactual_0001_04,counterfactual,treatment_0001,4.0,sentinel1,before_P05,5,before,2024-07-05,2024-07-18,True,1.0
counterfactual_0001_04,counterfactual,treatment_0001,4.0,sentinel1,before_P06,6,before,2024-07-19,2024-08-01,True,1.0
counterfactual_0001_04,counterfactual,treatment_0001,4.0,sentinel1,before_P07,7,before,2024-08-02,2024-08-15,True,1.0
counterfactual_0001_04,counterfactual,treatment_0001,4.0,sentinel1,before_P08,8,before,2024-08-16,2024-08-29,True,1.0
counterfactual_0001_04,counterfactual,treatment_0001,4.0,sentinel1,before_P09,9,before,2024-08-30,2024-09-12,True,1.0
counterfactual_0001_04,counterfactual,treatment_0001,4.0,sentinel1,before_P10,10,before,2024-09-13,2024-09-26,True,1.0
counterfactual_0001_04,counterfactual,treatment_0001,4.0,sentinel1,after_P01,11,after,2024-09-27,2024-10-10,True,1.0
counterfactual_0001_04,counterfactual,treatment_0001,4.0,sentinel1,after_P02,12,after,2024-10-11,2024-10-24,False,
counterfactual_0001_04,counterfactual,treatment_0001,4.0,sentinel1,after_P03,13,after,2024-10-25,2024-11-07,True,1.0
counterfactual_0001_04,counterfactual,treatment_0001,4.0,sentinel1,after_P04,14,after,2024-11-08,2024-11-21,True,1.0
counterfactual_0001_04,counterfactual,treatment_0001,4.0,sentinel1,after_P05,15,after,2024-11-22,2024-12-05,False,
counterfactual_0001_04,counterfactual,treatment_0001,4.0,sentinel1,after_P06,16,after,2024-12-06,2024-12-19,True,1.0
counterfactual_0001_04,counterfactual,treatment_0001,4.0,sentinel1,after_P07,17,after,2024-12-20,2025-01-02,True,1.0
counterfactual_0001_04,counterfactual,treatment_0001,4.0,sentinel1,after_P08,18,after,2025-01-03,2025-01-16,True,1.0
counterfactual_0001_04,counterfactual,treatment_0001,4.0,sentinel1,after_P09,19,after,2025-01-17,2025-01-30,True,1.0
counterfactual_0001_04,counterfactual,treatment_0001,4.0,sentinel1,after_P10,20,after,2025-01-31,2025-02-13,True,1.0
counterfactual_0001_04,counterfactual,treatment_0001,4.0,sentinel2,before_P01,1,before,2024-05-10,2024-05-23,True,1.0
counterfactual_0001_04,counterfactual,treatment_0001,4.0,sentinel2,before_P02,2,before,2024-05-24,2024-06-06,True,0.9945103421233212
counterfactual_0001_04,counterfactual,treatment_0001,4.0,sentinel2,before_P03,3,before,2024-06-07,2024-06-20,True,0.0
counterfactual_0001_04,counterfactual,treatment_0001,4.0,sentinel2,before_P04,4,before,2024-06-21,2024-07-04,True,1.0
counterfactual_0001_04,counterfactual,treatment_0001,4.0,sentinel2,before_P05,5,before,2024-07-05,2024-07-18,True,1.0
counterfactual_0001_04,counterfactual,treatment_0001,4.0,sentinel2,before_P06,6,before,2024-07-19,2024-08-01,True,0.0
counterfactual_0001_04,counterfactual,treatment_0001,4.0,sentinel2,before_P07,7,before,2024-08-02,2024-08-15,True,0.5365160278404077
counterfactual_0001_04,counterfactual,treatment_0001,4.0,sentinel2,before_P08,8,before,2024-08-16,2024-08-29,True,0.9400058817762964
counterfactual_0001_04,counterfactual,treatment_0001,4.0,sentinel2,before_P09,9,before,2024-08-30,2024-09-12,True,0.8837368885403392
counterfactual_0001_04,counterfactual,treatment_0001,4.0,sentinel2,before_P10,10,before,2024-09-13,2024-09-26,True,1.0
counterfactual_0001_04,counterfactual,treatment_0001,4.0,sentinel2,after_P01,11,after,2024-09-27,2024-10-10,True,1.0
counterfactual_0001_04,counterfactual,treatment_0001,4.0,sentinel2,after_P02,12,after,2024-10-11,2024-10-24,True,1.0
counterfactual_0001_04,counterfactual,treatment_0001,4.0,sentinel2,after_P03,13,after,2024-10-25,2024-11-07,True,0.0
counterfactual_0001_04,counterfactual,treatment_0001,4.0,sentinel2,after_P04,14,after,2024-11-08,2024-11-21,True,0.9725517106166062
counterfactual_0001_04,counterfactual,treatment_0001,4.0,sentinel2,after_P05,15,after,2024-11-22,2024-12-05,False,
counterfactual_0001_04,counterfactual,treatment_0001,4.0,sentinel2,after_P06,16,after,2024-12-06,2024-12-19,True,1.0
counterfactual_0001_04,counterfactual,treatment_0001,4.0,sentinel2,after_P07,17,after,2024-12-20,2025-01-02,True,0.6162140966571905
counterfactual_0001_04,counterfactual,treatment_0001,4.0,sentinel2,after_P08,18,after,2025-01-03,2025-01-16,True,0.2439956866973826
counterfactual_0001_04,counterfactual,treatment_0001,4.0,sentinel2,after_P09,19,after,2025-01-17,2025-01-30,True,1.0
counterfactual_0001_04,counterfactual,treatment_0001,4.0,sentinel2,after_P10,20,after,2025-01-31,2025-02-13,True,1.0
counterfactual_0001_05,counterfactual,treatment_0001,5.0,sentinel1,before_P01,1,before,2024-05-10,2024-05-23,True,1.0
counterfactual_0001_05,counterfactual,treatment_0001,5.0,sentinel1,before_P02,2,before,2024-05-24,2024-06-06,True,1.0
counterfactual_0001_05,counterfactual,treatment_0001,5.0,sentinel1,before_P03,3,before,2024-06-07,2024-06-20,True,1.0
counterfactual_0001_05,counterfactual,treatment_0001,5.0,sentinel1,before_P04,4,before,2024-06-21,2024-07-04,True,1.0
counterfactual_0001_05,counterfactual,treatment_0001,5.0,sentinel1,before_P05,5,before,2024-07-05,2024-07-18,True,1.0
counterfactual_0001_05,counterfactual,treatment_0001,5.0,sentinel1,before_P06,6,before,2024-07-19,2024-08-01,True,1.0
counterfactual_0001_05,counterfactual,treatment_0001,5.0,sentinel1,before_P07,7,before,2024-08-02,2024-08-15,True,1.0
counterfactual_0001_05,counterfactual,treatment_0001,5.0,sentinel1,before_P08,8,before,2024-08-16,2024-08-29,True,1.0
counterfactual_0001_05,counterfactual,treatment_0001,5.0,sentinel1,before_P09,9,before,2024-08-30,2024-09-12,True,1.0
counterfactual_0001_05,counterfactual,treatment_0001,5.0,sentinel1,before_P10,10,before,2024-09-13,2024-09-26,True,1.0
counterfactual_0001_05,counterfactual,treatment_0001,5.0,sentinel1,after_P01,11,after,2024-09-27,2024-10-10,True,1.0
counterfactual_0001_05,counterfactual,treatment_0001,5.0,sentinel1,after_P02,12,after,2024-10-11,2024-10-24,False,
counterfactual_0001_05,counterfactual,treatment_0001,5.0,sentinel1,after_P03,13,after,2024-10-25,2024-11-07,True,1.0
counterfactual_0001_05,counterfactual,treatment_0001,5.0,sentinel1,after_P04,14,after,2024-11-08,2024-11-21,True,1.0
counterfactual_0001_05,counterfactual,treatment_0001,5.0,sentinel1,after_P05,15,after,2024-11-22,2024-12-05,False,
counterfactual_0001_05,counterfactual,treatment_0001,5.0,sentinel1,after_P06,16,after,2024-12-06,2024-12-19,True,1.0
counterfactual_0001_05,counterfactual,treatment_0001,5.0,sentinel1,after_P07,17,after,2024-12-20,2025-01-02,True,1.0
counterfactual_0001_05,counterfactual,treatment_0001,5.0,sentinel1,after_P08,18,after,2025-01-03,2025-01-16,True,1.0
counterfactual_0001_05,counterfactual,treatment_0001,5.0,sentinel1,after_P09,19,after,2025-01-17,2025-01-30,True,1.0
counterfactual_0001_05,counterfactual,treatment_0001,5.0,sentinel1,after_P10,20,after,2025-01-31,2025-02-13,True,1.0
counterfactual_0001_05,counterfactual,treatment_0001,5.0,sentinel2,before_P01,1,before,2024-05-10,2024-05-23,True,1.0
counterfactual_0001_05,counterfactual,treatment_0001,5.0,sentinel2,before_P02,2,before,2024-05-24,2024-06-06,True,0.3674149593177139
counterfactual_0001_05,counterfactual,treatment_0001,5.0,sentinel2,before_P03,3,before,2024-06-07,2024-06-20,True,0.0
counterfactual_0001_05,counterfactual,treatment_0001,5.0,sentinel2,before_P04,4,before,2024-06-21,2024-07-04,True,1.0
counterfactual_0001_05,counterfactual,treatment_0001,5.0,sentinel2,before_P05,5,before,2024-07-05,2024-07-18,True,1.0
counterfactual_0001_05,counterfactual,treatment_0001,5.0,sentinel2,before_P06,6,before,2024-07-19,2024-08-01,True,0.0
counterfactual_0001_05,counterfactual,treatment_0001,5.0,sentinel2,before_P07,7,before,2024-08-02,2024-08-15,True,0.2471326340554847
counterfactual_0001_05,counterfactual,treatment_0001,5.0,sentinel2,before_P08,8,before,2024-08-16,2024-08-29,True,1.0
counterfactual_0001_05,counterfactual,treatment_0001,5.0,sentinel2,before_P09,9,before,2024-08-30,2024-09-12,True,0.7946279776492501
counterfactual_0001_05,counterfactual,treatment_0001,5.0,sentinel2,before_P10,10,before,2024-09-13,2024-09-26,True,1.0
counterfactual_0001_05,counterfactual,treatment_0001,5.0,sentinel2,after_P01,11,after,2024-09-27,2024-10-10,True,1.0
counterfactual_0001_05,counterfactual,treatment_0001,5.0,sentinel2,after_P02,12,after,2024-10-11,2024-10-24,True,1.0
counterfactual_0001_05,counterfactual,treatment_0001,5.0,sentinel2,after_P03,13,after,2024-10-25,2024-11-07,True,0.0199980394079011
counterfactual_0001_05,counterfactual,treatment_0001,5.0,sentinel2,after_P04,14,after,2024-11-08,2024-11-21,True,0.0011763552592883
counterfactual_0001_05,counterfactual,treatment_0001,5.0,sentinel2,after_P05,15,after,2024-11-22,2024-12-05,False,
counterfactual_0001_05,counterfactual,treatment_0001,5.0,sentinel2,after_P06,16,after,2024-12-06,2024-12-19,True,1.0
counterfactual_0001_05,counterfactual,treatment_0001,5.0,sentinel2,after_P07,17,after,2024-12-20,2025-01-02,True,0.0
counterfactual_0001_05,counterfactual,treatment_0001,5.0,sentinel2,after_P08,18,after,2025-01-03,2025-01-16,True,0.0
counterfactual_0001_05,counterfactual,treatment_0001,5.0,sentinel2,after_P09,19,after,2025-01-17,2025-01-30,True,0.9798059013822176
counterfactual_0001_05,counterfactual,treatment_0001,5.0,sentinel2,after_P10,20,after,2025-01-31,2025-02-13,True,0.9976472894814232
counterfactual_0002_01,counterfactual,treatment_0002,1.0,sentinel1,before_P01,1,before,2024-05-10,2024-05-23,True,1.0
counterfactual_0002_01,counterfactual,treatment_0002,1.0,sentinel1,before_P02,2,before,2024-05-24,2024-06-06,True,1.0
counterfactual_0002_01,counterfactual,treatment_0002,1.0,sentinel1,before_P03,3,before,2024-06-07,2024-06-20,True,1.0
counterfactual_0002_01,counterfactual,treatment_0002,1.0,sentinel1,before_P04,4,before,2024-06-21,2024-07-04,True,1.0
counterfactual_0002_01,counterfactual,treatment_0002,1.0,sentinel1,before_P05,5,before,2024-07-05,2024-07-18,True,1.0
counterfactual_0002_01,counterfactual,treatment_0002,1.0,sentinel1,before_P06,6,before,2024-07-19,2024-08-01,True,1.0
counterfactual_0002_01,counterfactual,treatment_0002,1.0,sentinel1,before_P07,7,before,2024-08-02,2024-08-15,True,1.0
counterfactual_0002_01,counterfactual,treatment_0002,1.0,sentinel1,before_P08,8,before,2024-08-16,2024-08-29,True,1.0
counterfactual_0002_01,counterfactual,treatment_0002,1.0,sentinel1,before_P09,9,before,2024-08-30,2024-09-12,True,1.0
counterfactual_0002_01,counterfactual,treatment_0002,1.0,sentinel1,before_P10,10,before,2024-09-13,2024-09-26,True,1.0
counterfactual_0002_01,counterfactual,treatment_0002,1.0,sentinel1,after_P01,11,after,2024-09-27,2024-10-10,True,1.0
counterfactual_0002_01,counterfactual,treatment_0002,1.0,sentinel1,after_P02,12,after,2024-10-11,2024-10-24,False,
counterfactual_0002_01,counterfactual,treatment_0002,1.0,sentinel1,after_P03,13,after,2024-10-25,2024-11-07,True,1.0
counterfactual_0002_01,counterfactual,treatment_0002,1.0,sentinel1,after_P04,14,after,2024-11-08,2024-11-21,True,1.0
counterfactual_0002_01,counterfactual,treatment_0002,1.0,sentinel1,after_P05,15,after,2024-11-22,2024-12-05,False,
counterfactual_0002_01,counterfactual,treatment_0002,1.0,sentinel1,after_P06,16,after,2024-12-06,2024-12-19,True,1.0
counterfactual_0002_01,counterfactual,treatment_0002,1.0,sentinel1,after_P07,17,after,2024-12-20,2025-01-02,True,1.0
counterfactual_0002_01,counterfactual,treatment_0002,1.0,sentinel1,after_P08,18,after,2025-01-03,2025-01-16,True,1.0
counterfactual_0002_01,counterfactual,treatment_0002,1.0,sentinel1,after_P09,19,after,2025-01-17,2025-01-30,True,1.0
counterfactual_0002_01,counterfactual,treatment_0002,1.0,sentinel1,after_P10,20,after,2025-01-31,2025-02-13,True,1.0
counterfactual_0002_01,counterfactual,treatment_0002,1.0,sentinel2,before_P01,1,before,2024-05-10,2024-05-23,True,0.8570728359964709
counterfactual_0002_01,counterfactual,treatment_0002,1.0,sentinel2,before_P02,2,before,2024-05-24,2024-06-06,True,1.0
counterfactual_0002_01,counterfactual,treatment_0002,1.0,sentinel2,before_P03,3,before,2024-06-07,2024-06-20,True,0.0
counterfactual_0002_01,counterfactual,treatment_0002,1.0,sentinel2,before_P04,4,before,2024-06-21,2024-07-04,True,1.0
counterfactual_0002_01,counterfactual,treatment_0002,1.0,sentinel2,before_P05,5,before,2024-07-05,2024-07-18,True,1.0
counterfactual_0002_01,counterfactual,treatment_0002,1.0,sentinel2,before_P06,6,before,2024-07-19,2024-08-01,True,0.5521027350259778
counterfactual_0002_01,counterfactual,treatment_0002,1.0,sentinel2,before_P07,7,before,2024-08-02,2024-08-15,True,0.0
counterfactual_0002_01,counterfactual,treatment_0002,1.0,sentinel2,before_P08,8,before,2024-08-16,2024-08-29,True,1.0
counterfactual_0002_01,counterfactual,treatment_0002,1.0,sentinel2,before_P09,9,before,2024-08-30,2024-09-12,True,1.0
counterfactual_0002_01,counterfactual,treatment_0002,1.0,sentinel2,before_P10,10,before,2024-09-13,2024-09-26,True,1.0
counterfactual_0002_01,counterfactual,treatment_0002,1.0,sentinel2,after_P01,11,after,2024-09-27,2024-10-10,True,1.0
counterfactual_0002_01,counterfactual,treatment_0002,1.0,sentinel2,after_P02,12,after,2024-10-11,2024-10-24,True,1.0
counterfactual_0002_01,counterfactual,treatment_0002,1.0,sentinel2,after_P03,13,after,2024-10-25,2024-11-07,True,0.0333300656798353
counterfactual_0002_01,counterfactual,treatment_0002,1.0,sentinel2,after_P04,14,after,2024-11-08,2024-11-21,True,1.0
counterfactual_0002_01,counterfactual,treatment_0002,1.0,sentinel2,after_P05,15,after,2024-11-22,2024-12-05,False,
counterfactual_0002_01,counterfactual,treatment_0002,1.0,sentinel2,after_P06,16,after,2024-12-06,2024-12-19,True,0.9992157631604744
counterfactual_0002_01,counterfactual,treatment_0002,1.0,sentinel2,after_P07,17,after,2024-12-20,2025-01-02,True,0.2217429663758455
counterfactual_0002_01,counterfactual,treatment_0002,1.0,sentinel2,after_P08,18,after,2025-01-03,2025-01-16,True,0.0743064405450446
counterfactual_0002_01,counterfactual,treatment_0002,1.0,sentinel2,after_P09,19,after,2025-01-17,2025-01-30,True,1.0
counterfactual_0002_01,counterfactual,treatment_0002,1.0,sentinel2,after_P10,20,after,2025-01-31,2025-02-13,True,1.0
counterfactual_0002_02,counterfactual,treatment_0002,2.0,sentinel1,before_P01,1,before,2024-05-10,2024-05-23,True,1.0
counterfactual_0002_02,counterfactual,treatment_0002,2.0,sentinel1,before_P02,2,before,2024-05-24,2024-06-06,True,1.0
counterfactual_0002_02,counterfactual,treatment_0002,2.0,sentinel1,before_P03,3,before,2024-06-07,2024-06-20,True,1.0
counterfactual_0002_02,counterfactual,treatment_0002,2.0,sentinel1,before_P04,4,before,2024-06-21,2024-07-04,True,1.0
counterfactual_0002_02,counterfactual,treatment_0002,2.0,sentinel1,before_P05,5,before,2024-07-05,2024-07-18,True,1.0
counterfactual_0002_02,counterfactual,treatment_0002,2.0,sentinel1,before_P06,6,before,2024-07-19,2024-08-01,True,1.0
counterfactual_0002_02,counterfactual,treatment_0002,2.0,sentinel1,before_P07,7,before,2024-08-02,2024-08-15,True,1.0
counterfactual_0002_02,counterfactual,treatment_0002,2.0,sentinel1,before_P08,8,before,2024-08-16,2024-08-29,True,1.0
counterfactual_0002_02,counterfactual,treatment_0002,2.0,sentinel1,before_P09,9,before,2024-08-30,2024-09-12,True,1.0
counterfactual_0002_02,counterfactual,treatment_0002,2.0,sentinel1,before_P10,10,before,2024-09-13,2024-09-26,True,1.0
counterfactual_0002_02,counterfactual,treatment_0002,2.0,sentinel1,after_P01,11,after,2024-09-27,2024-10-10,True,1.0
counterfactual_0002_02,counterfactual,treatment_0002,2.0,sentinel1,after_P02,12,after,2024-10-11,2024-10-24,False,
counterfactual_0002_02,counterfactual,treatment_0002,2.0,sentinel1,after_P03,13,after,2024-10-25,2024-11-07,True,1.0
counterfactual_0002_02,counterfactual,treatment_0002,2.0,sentinel1,after_P04,14,after,2024-11-08,2024-11-21,True,1.0
counterfactual_0002_02,counterfactual,treatment_0002,2.0,sentinel1,after_P05,15,after,2024-11-22,2024-12-05,False,
counterfactual_0002_02,counterfactual,treatment_0002,2.0,sentinel1,after_P06,16,after,2024-12-06,2024-12-19,True,1.0
counterfactual_0002_02,counterfactual,treatment_0002,2.0,sentinel1,after_P07,17,after,2024-12-20,2025-01-02,True,1.0
counterfactual_0002_02,counterfactual,treatment_0002,2.0,sentinel1,after_P08,18,after,2025-01-03,2025-01-16,True,1.0
counterfactual_0002_02,counterfactual,treatment_0002,2.0,sentinel1,after_P09,19,after,2025-01-17,2025-01-30,True,1.0
counterfactual_0002_02,counterfactual,treatment_0002,2.0,sentinel1,after_P10,20,after,2025-01-31,2025-02-13,True,1.0
counterfactual_0002_02,counterfactual,treatment_0002,2.0,sentinel2,before_P01,1,before,2024-05-10,2024-05-23,True,0.0
counterfactual_0002_02,counterfactual,treatment_0002,2.0,sentinel2,before_P02,2,before,2024-05-24,2024-06-06,True,0.4884815214194686
counterfactual_0002_02,counterfactual,treatment_0002,2.0,sentinel2,before_P03,3,before,2024-06-07,2024-06-20,True,0.2767375747475737
counterfactual_0002_02,counterfactual,treatment_0002,2.0,sentinel2,before_P04,4,before,2024-06-21,2024-07-04,True,1.0
counterfactual_0002_02,counterfactual,treatment_0002,2.0,sentinel2,before_P05,5,before,2024-07-05,2024-07-18,True,0.8682482109597098
counterfactual_0002_02,counterfactual,treatment_0002,2.0,sentinel2,before_P06,6,before,2024-07-19,2024-08-01,True,0.7081658660915596
counterfactual_0002_02,counterfactual,treatment_0002,2.0,sentinel2,before_P07,7,before,2024-08-02,2024-08-15,True,0.0
counterfactual_0002_02,counterfactual,treatment_0002,2.0,sentinel2,before_P08,8,before,2024-08-16,2024-08-29,True,1.0
counterfactual_0002_02,counterfactual,treatment_0002,2.0,sentinel2,before_P09,9,before,2024-08-30,2024-09-12,True,1.0
counterfactual_0002_02,counterfactual,treatment_0002,2.0,sentinel2,before_P10,10,before,2024-09-13,2024-09-26,True,1.0
counterfactual_0002_02,counterfactual,treatment_0002,2.0,sentinel2,after_P01,11,after,2024-09-27,2024-10-10,True,1.0
counterfactual_0002_02,counterfactual,treatment_0002,2.0,sentinel2,after_P02,12,after,2024-10-11,2024-10-24,True,1.0
counterfactual_0002_02,counterfactual,treatment_0002,2.0,sentinel2,after_P03,13,after,2024-10-25,2024-11-07,True,0.7617880599941182
counterfactual_0002_02,counterfactual,treatment_0002,2.0,sentinel2,after_P04,14,after,2024-11-08,2024-11-21,True,1.0
counterfactual_0002_02,counterfactual,treatment_0002,2.0,sentinel2,after_P05,15,after,2024-11-22,2024-12-05,False,
counterfactual_0002_02,counterfactual,treatment_0002,2.0,sentinel2,after_P06,16,after,2024-12-06,2024-12-19,True,0.6547397313988824
counterfactual_0002_02,counterfactual,treatment_0002,2.0,sentinel2,after_P07,17,after,2024-12-20,2025-01-02,True,0.5852367414959317
counterfactual_0002_02,counterfactual,treatment_0002,2.0,sentinel2,after_P08,18,after,2025-01-03,2025-01-16,True,0.0377413979021664
counterfactual_0002_02,counterfactual,treatment_0002,2.0,sentinel2,after_P09,19,after,2025-01-17,2025-01-30,True,1.0
counterfactual_0002_02,counterfactual,treatment_0002,2.0,sentinel2,after_P10,20,after,2025-01-31,2025-02-13,True,1.0
counterfactual_0002_03,counterfactual,treatment_0002,3.0,sentinel1,before_P01,1,before,2024-05-10,2024-05-23,True,1.0
counterfactual_0002_03,counterfactual,treatment_0002,3.0,sentinel1,before_P02,2,before,2024-05-24,2024-06-06,True,1.0
counterfactual_0002_03,counterfactual,treatment_0002,3.0,sentinel1,before_P03,3,before,2024-06-07,2024-06-20,True,1.0
counterfactual_0002_03,counterfactual,treatment_0002,3.0,sentinel1,before_P04,4,before,2024-06-21,2024-07-04,True,1.0
counterfactual_0002_03,counterfactual,treatment_0002,3.0,sentinel1,before_P05,5,before,2024-07-05,2024-07-18,True,1.0
counterfactual_0002_03,counterfactual,treatment_0002,3.0,sentinel1,before_P06,6,before,2024-07-19,2024-08-01,True,1.0
counterfactual_0002_03,counterfactual,treatment_0002,3.0,sentinel1,before_P07,7,before,2024-08-02,2024-08-15,True,1.0
counterfactual_0002_03,counterfactual,treatment_0002,3.0,sentinel1,before_P08,8,before,2024-08-16,2024-08-29,True,1.0
counterfactual_0002_03,counterfactual,treatment_0002,3.0,sentinel1,before_P09,9,before,2024-08-30,2024-09-12,True,1.0
counterfactual_0002_03,counterfactual,treatment_0002,3.0,sentinel1,before_P10,10,before,2024-09-13,2024-09-26,True,1.0
counterfactual_0002_03,counterfactual,treatment_0002,3.0,sentinel1,after_P01,11,after,2024-09-27,2024-10-10,True,1.0
counterfactual_0002_03,counterfactual,treatment_0002,3.0,sentinel1,after_P02,12,after,2024-10-11,2024-10-24,False,
counterfactual_0002_03,counterfactual,treatment_0002,3.0,sentinel1,after_P03,13,after,2024-10-25,2024-11-07,True,1.0
counterfactual_0002_03,counterfactual,treatment_0002,3.0,sentinel1,after_P04,14,after,2024-11-08,2024-11-21,True,1.0
counterfactual_0002_03,counterfactual,treatment_0002,3.0,sentinel1,after_P05,15,after,2024-11-22,2024-12-05,False,
counterfactual_0002_03,counterfactual,treatment_0002,3.0,sentinel1,after_P06,16,after,2024-12-06,2024-12-19,True,1.0
counterfactual_0002_03,counterfactual,treatment_0002,3.0,sentinel1,after_P07,17,after,2024-12-20,2025-01-02,True,1.0
counterfactual_0002_03,counterfactual,treatment_0002,3.0,sentinel1,after_P08,18,after,2025-01-03,2025-01-16,True,1.0
counterfactual_0002_03,counterfactual,treatment_0002,3.0,sentinel1,after_P09,19,after,2025-01-17,2025-01-30,True,1.0
counterfactual_0002_03,counterfactual,treatment_0002,3.0,sentinel1,after_P10,20,after,2025-01-31,2025-02-13,True,1.0
counterfactual_0002_03,counterfactual,treatment_0002,3.0,sentinel2,before_P01,1,before,2024-05-10,2024-05-23,True,0.0
counterfactual_0002_03,counterfactual,treatment_0002,3.0,sentinel2,before_P02,2,before,2024-05-24,2024-06-06,True,0.9774531908636408
counterfactual_0002_03,counterfactual,treatment_0002,3.0,sentinel2,before_P03,3,before,2024-06-07,2024-06-20,True,0.9950985197529654
counterfactual_0002_03,counterfactual,treatment_0002,3.0,sentinel2,before_P04,4,before,2024-06-21,2024-07-04,True,1.0
counterfactual_0002_03,counterfactual,treatment_0002,3.0,sentinel2,before_P05,5,before,2024-07-05,2024-07-18,True,1.0
counterfactual_0002_03,counterfactual,treatment_0002,3.0,sentinel2,before_P06,6,before,2024-07-19,2024-08-01,True,0.557788452112538
counterfactual_0002_03,counterfactual,treatment_0002,3.0,sentinel2,before_P07,7,before,2024-08-02,2024-08-15,True,0.0
counterfactual_0002_03,counterfactual,treatment_0002,3.0,sentinel2,before_P08,8,before,2024-08-16,2024-08-29,True,1.0
counterfactual_0002_03,counterfactual,treatment_0002,3.0,sentinel2,before_P09,9,before,2024-08-30,2024-09-12,True,1.0
counterfactual_0002_03,counterfactual,treatment_0002,3.0,sentinel2,before_P10,10,before,2024-09-13,2024-09-26,True,1.0
counterfactual_0002_03,counterfactual,treatment_0002,3.0,sentinel2,after_P01,11,after,2024-09-27,2024-10-10,True,1.0
counterfactual_0002_03,counterfactual,treatment_0002,3.0,sentinel2,after_P02,12,after,2024-10-11,2024-10-24,True,1.0
counterfactual_0002_03,counterfactual,treatment_0002,3.0,sentinel2,after_P03,13,after,2024-10-25,2024-11-07,True,0.9768650132339968
counterfactual_0002_03,counterfactual,treatment_0002,3.0,sentinel2,after_P04,14,after,2024-11-08,2024-11-21,True,1.0
counterfactual_0002_03,counterfactual,treatment_0002,3.0,sentinel2,after_P05,15,after,2024-11-22,2024-12-05,False,
counterfactual_0002_03,counterfactual,treatment_0002,3.0,sentinel2,after_P06,16,after,2024-12-06,2024-12-19,True,1.0
counterfactual_0002_03,counterfactual,treatment_0002,3.0,sentinel2,after_P07,17,after,2024-12-20,2025-01-02,True,0.3879031467503186
counterfactual_0002_03,counterfactual,treatment_0002,3.0,sentinel2,after_P08,18,after,2025-01-03,2025-01-16,True,0.1343005587687481
counterfactual_0002_03,counterfactual,treatment_0002,3.0,sentinel2,after_P09,19,after,2025-01-17,2025-01-30,True,1.0
counterfactual_0002_03,counterfactual,treatment_0002,3.0,sentinel2,after_P10,20,after,2025-01-31,2025-02-13,True,1.0
counterfactual_0002_04,counterfactual,treatment_0002,4.0,sentinel1,before_P01,1,before,2024-05-10,2024-05-23,True,1.0
counterfactual_0002_04,counterfactual,treatment_0002,4.0,sentinel1,before_P02,2,before,2024-05-24,2024-06-06,True,1.0
counterfactual_0002_04,counterfactual,treatment_0002,4.0,sentinel1,before_P03,3,before,2024-06-07,2024-06-20,True,1.0
counterfactual_0002_04,counterfactual,treatment_0002,4.0,sentinel1,before_P04,4,before,2024-06-21,2024-07-04,True,1.0
counterfactual_0002_04,counterfactual,treatment_0002,4.0,sentinel1,before_P05,5,before,2024-07-05,2024-07-18,True,1.0
counterfactual_0002_04,counterfactual,treatment_0002,4.0,sentinel1,before_P06,6,before,2024-07-19,2024-08-01,True,1.0
counterfactual_0002_04,counterfactual,treatment_0002,4.0,sentinel1,before_P07,7,before,2024-08-02,2024-08-15,True,1.0
counterfactual_0002_04,counterfactual,treatment_0002,4.0,sentinel1,before_P08,8,before,2024-08-16,2024-08-29,True,1.0
counterfactual_0002_04,counterfactual,treatment_0002,4.0,sentinel1,before_P09,9,before,2024-08-30,2024-09-12,True,1.0
counterfactual_0002_04,counterfactual,treatment_0002,4.0,sentinel1,before_P10,10,before,2024-09-13,2024-09-26,True,1.0
counterfactual_0002_04,counterfactual,treatment_0002,4.0,sentinel1,after_P01,11,after,2024-09-27,2024-10-10,True,1.0
counterfactual_0002_04,counterfactual,treatment_0002,4.0,sentinel1,after_P02,12,after,2024-10-11,2024-10-24,False,
counterfactual_0002_04,counterfactual,treatment_0002,4.0,sentinel1,after_P03,13,after,2024-10-25,2024-11-07,True,1.0
counterfactual_0002_04,counterfactual,treatment_0002,4.0,sentinel1,after_P04,14,after,2024-11-08,2024-11-21,True,1.0
counterfactual_0002_04,counterfactual,treatment_0002,4.0,sentinel1,after_P05,15,after,2024-11-22,2024-12-05,False,
counterfactual_0002_04,counterfactual,treatment_0002,4.0,sentinel1,after_P06,16,after,2024-12-06,2024-12-19,True,1.0
counterfactual_0002_04,counterfactual,treatment_0002,4.0,sentinel1,after_P07,17,after,2024-12-20,2025-01-02,True,1.0
counterfactual_0002_04,counterfactual,treatment_0002,4.0,sentinel1,after_P08,18,after,2025-01-03,2025-01-16,True,1.0
counterfactual_0002_04,counterfactual,treatment_0002,4.0,sentinel1,after_P09,19,after,2025-01-17,2025-01-30,True,1.0
counterfactual_0002_04,counterfactual,treatment_0002,4.0,sentinel1,after_P10,20,after,2025-01-31,2025-02-13,True,1.0
counterfactual_0002_04,counterfactual,treatment_0002,4.0,sentinel2,before_P01,1,before,2024-05-10,2024-05-23,True,1.0
counterfactual_0002_04,counterfactual,treatment_0002,4.0,sentinel2,before_P02,2,before,2024-05-24,2024-06-06,True,0.1897853151651798
counterfactual_0002_04,counterfactual,treatment_0002,4.0,sentinel2,before_P03,3,before,2024-06-07,2024-06-20,True,0.979609842172336
counterfactual_0002_04,counterfactual,treatment_0002,4.0,sentinel2,before_P04,4,before,2024-06-21,2024-07-04,True,1.0
counterfactual_0002_04,counterfactual,treatment_0002,4.0,sentinel2,before_P05,5,before,2024-07-05,2024-07-18,True,1.0
counterfactual_0002_04,counterfactual,treatment_0002,4.0,sentinel2,before_P06,6,before,2024-07-19,2024-08-01,True,1.0
counterfactual_0002_04,counterfactual,treatment_0002,4.0,sentinel2,before_P07,7,before,2024-08-02,2024-08-15,True,0.9811783158513872
counterfactual_0002_04,counterfactual,treatment_0002,4.0,sentinel2,before_P08,8,before,2024-08-16,2024-08-29,True,1.0
counterfactual_0002_04,counterfactual,treatment_0002,4.0,sentinel2,before_P09,9,before,2024-08-30,2024-09-12,True,1.0
counterfactual_0002_04,counterfactual,treatment_0002,4.0,sentinel2,before_P10,10,before,2024-09-13,2024-09-26,True,1.0
counterfactual_0002_04,counterfactual,treatment_0002,4.0,sentinel2,after_P01,11,after,2024-09-27,2024-10-10,True,1.0
counterfactual_0002_04,counterfactual,treatment_0002,4.0,sentinel2,after_P02,12,after,2024-10-11,2024-10-24,True,1.0
counterfactual_0002_04,counterfactual,treatment_0002,4.0,sentinel2,after_P03,13,after,2024-10-25,2024-11-07,True,1.0
counterfactual_0002_04,counterfactual,treatment_0002,4.0,sentinel2,after_P04,14,after,2024-11-08,2024-11-21,True,1.0
counterfactual_0002_04,counterfactual,treatment_0002,4.0,sentinel2,after_P05,15,after,2024-11-22,2024-12-05,True,1.0
counterfactual_0002_04,counterfactual,treatment_0002,4.0,sentinel2,after_P06,16,after,2024-12-06,2024-12-19,True,1.0
counterfactual_0002_04,counterfactual,treatment_0002,4.0,sentinel2,after_P07,17,after,2024-12-20,2025-01-02,True,1.0
counterfactual_0002_04,counterfactual,treatment_0002,4.0,sentinel2,after_P08,18,after,2025-01-03,2025-01-16,True,0.170963631016567
counterfactual_0002_04,counterfactual,treatment_0002,4.0,sentinel2,after_P09,19,after,2025-01-17,2025-01-30,True,1.0
counterfactual_0002_04,counterfactual,treatment_0002,4.0,sentinel2,after_P10,20,after,2025-01-31,2025-02-13,True,1.0
counterfactual_0002_05,counterfactual,treatment_0002,5.0,sentinel1,before_P01,1,before,2024-05-10,2024-05-23,True,1.0
counterfactual_0002_05,counterfactual,treatment_0002,5.0,sentinel1,before_P02,2,before,2024-05-24,2024-06-06,True,1.0
counterfactual_0002_05,counterfactual,treatment_0002,5.0,sentinel1,before_P03,3,before,2024-06-07,2024-06-20,True,1.0
counterfactual_0002_05,counterfactual,treatment_0002,5.0,sentinel1,before_P04,4,before,2024-06-21,2024-07-04,True,1.0
counterfactual_0002_05,counterfactual,treatment_0002,5.0,sentinel1,before_P05,5,before,2024-07-05,2024-07-18,True,1.0
counterfactual_0002_05,counterfactual,treatment_0002,5.0,sentinel1,before_P06,6,before,2024-07-19,2024-08-01,True,1.0
counterfactual_0002_05,counterfactual,treatment_0002,5.0,sentinel1,before_P07,7,before,2024-08-02,2024-08-15,True,1.0
counterfactual_0002_05,counterfactual,treatment_0002,5.0,sentinel1,before_P08,8,before,2024-08-16,2024-08-29,True,1.0
counterfactual_0002_05,counterfactual,treatment_0002,5.0,sentinel1,before_P09,9,before,2024-08-30,2024-09-12,True,1.0
counterfactual_0002_05,counterfactual,treatment_0002,5.0,sentinel1,before_P10,10,before,2024-09-13,2024-09-26,True,1.0
counterfactual_0002_05,counterfactual,treatment_0002,5.0,sentinel1,after_P01,11,after,2024-09-27,2024-10-10,True,1.0
counterfactual_0002_05,counterfactual,treatment_0002,5.0,sentinel1,after_P02,12,after,2024-10-11,2024-10-24,False,
counterfactual_0002_05,counterfactual,treatment_0002,5.0,sentinel1,after_P03,13,after,2024-10-25,2024-11-07,True,1.0
counterfactual_0002_05,counterfactual,treatment_0002,5.0,sentinel1,after_P04,14,after,2024-11-08,2024-11-21,True,1.0
counterfactual_0002_05,counterfactual,treatment_0002,5.0,sentinel1,after_P05,15,after,2024-11-22,2024-12-05,False,
counterfactual_0002_05,counterfactual,treatment_0002,5.0,sentinel1,after_P06,16,after,2024-12-06,2024-12-19,True,1.0
counterfactual_0002_05,counterfactual,treatment_0002,5.0,sentinel1,after_P07,17,after,2024-12-20,2025-01-02,True,1.0
counterfactual_0002_05,counterfactual,treatment_0002,5.0,sentinel1,after_P08,18,after,2025-01-03,2025-01-16,True,1.0
counterfactual_0002_05,counterfactual,treatment_0002,5.0,sentinel1,after_P09,19,after,2025-01-17,2025-01-30,True,1.0
counterfactual_0002_05,counterfactual,treatment_0002,5.0,sentinel1,after_P10,20,after,2025-01-31,2025-02-13,True,1.0
counterfactual_0002_05,counterfactual,treatment_0002,5.0,sentinel2,before_P01,1,before,2024-05-10,2024-05-23,True,0.9984315263209488
counterfactual_0002_05,counterfactual,treatment_0002,5.0,sentinel2,before_P02,2,before,2024-05-24,2024-06-06,True,1.0
counterfactual_0002_05,counterfactual,treatment_0002,5.0,sentinel2,before_P03,3,before,2024-06-07,2024-06-20,True,0.0
counterfactual_0002_05,counterfactual,treatment_0002,5.0,sentinel2,before_P04,4,before,2024-06-21,2024-07-04,True,1.0
counterfactual_0002_05,counterfactual,treatment_0002,5.0,sentinel2,before_P05,5,before,2024-07-05,2024-07-18,True,1.0
counterfactual_0002_05,counterfactual,treatment_0002,5.0,sentinel2,before_P06,6,before,2024-07-19,2024-08-01,True,0.560337221840996
counterfactual_0002_05,counterfactual,treatment_0002,5.0,sentinel2,before_P07,7,before,2024-08-02,2024-08-15,True,0.7804136849328497
counterfactual_0002_05,counterfactual,treatment_0002,5.0,sentinel2,before_P08,8,before,2024-08-16,2024-08-29,True,1.0
counterfactual_0002_05,counterfactual,treatment_0002,5.0,sentinel2,before_P09,9,before,2024-08-30,2024-09-12,True,0.8403097735516126
counterfactual_0002_05,counterfactual,treatment_0002,5.0,sentinel2,before_P10,10,before,2024-09-13,2024-09-26,True,1.0
counterfactual_0002_05,counterfactual,treatment_0002,5.0,sentinel2,after_P01,11,after,2024-09-27,2024-10-10,True,1.0
counterfactual_0002_05,counterfactual,treatment_0002,5.0,sentinel2,after_P02,12,after,2024-10-11,2024-10-24,True,1.0
counterfactual_0002_05,counterfactual,treatment_0002,5.0,sentinel2,after_P03,13,after,2024-10-25,2024-11-07,True,0.0
counterfactual_0002_05,counterfactual,treatment_0002,5.0,sentinel2,after_P04,14,after,2024-11-08,2024-11-21,True,1.0
counterfactual_0002_05,counterfactual,treatment_0002,5.0,sentinel2,after_P05,15,after,2024-11-22,2024-12-05,False,
counterfactual_0002_05,counterfactual,treatment_0002,5.0,sentinel2,after_P06,16,after,2024-12-06,2024-12-19,True,0.8274678953043819
counterfactual_0002_05,counterfactual,treatment_0002,5.0,sentinel2,after_P07,17,after,2024-12-20,2025-01-02,True,0.1164591706695422
counterfactual_0002_05,counterfactual,treatment_0002,5.0,sentinel2,after_P08,18,after,2025-01-03,2025-01-16,True,0.131163611410646
counterfactual_0002_05,counterfactual,treatment_0002,5.0,sentinel2,after_P09,19,after,2025-01-17,2025-01-30,True,1.0
counterfactual_0002_05,counterfactual,treatment_0002,5.0,sentinel2,after_P10,20,after,2025-01-31,2025-02-13,True,1.0
counterfactual_0003_01,counterfactual,treatment_0003,1.0,sentinel1,before_P01,1,before,2024-05-10,2024-05-23,True,1.0
counterfactual_0003_01,counterfactual,treatment_0003,1.0,sentinel1,before_P02,2,before,2024-05-24,2024-06-06,True,1.0
counterfactual_0003_01,counterfactual,treatment_0003,1.0,sentinel1,before_P03,3,before,2024-06-07,2024-06-20,True,1.0
counterfactual_0003_01,counterfactual,treatment_0003,1.0,sentinel1,before_P04,4,before,2024-06-21,2024-07-04,True,1.0
counterfactual_0003_01,counterfactual,treatment_0003,1.0,sentinel1,before_P05,5,before,2024-07-05,2024-07-18,True,1.0
counterfactual_0003_01,counterfactual,treatment_0003,1.0,sentinel1,before_P06,6,before,2024-07-19,2024-08-01,True,1.0
counterfactual_0003_01,counterfactual,treatment_0003,1.0,sentinel1,before_P07,7,before,2024-08-02,2024-08-15,True,1.0
counterfactual_0003_01,counterfactual,treatment_0003,1.0,sentinel1,before_P08,8,before,2024-08-16,2024-08-29,True,1.0
counterfactual_0003_01,counterfactual,treatment_0003,1.0,sentinel1,before_P09,9,before,2024-08-30,2024-09-12,True,1.0
counterfactual_0003_01,counterfactual,treatment_0003,1.0,sentinel1,before_P10,10,before,2024-09-13,2024-09-26,True,1.0
counterfactual_0003_01,counterfactual,treatment_0003,1.0,sentinel1,after_P01,11,after,2024-09-27,2024-10-10,True,1.0
counterfactual_0003_01,counterfactual,treatment_0003,1.0,sentinel1,after_P02,12,after,2024-10-11,2024-10-24,True,1.0
counterfactual_0003_01,counterfactual,treatment_0003,1.0,sentinel1,after_P03,13,after,2024-10-25,2024-11-07,True,1.0
counterfactual_0003_01,counterfactual,treatment_0003,1.0,sentinel1,after_P04,14,after,2024-11-08,2024-11-21,True,1.0
counterfactual_0003_01,counterfactual,treatment_0003,1.0,sentinel1,after_P05,15,after,2024-11-22,2024-12-05,True,1.0
counterfactual_0003_01,counterfactual,treatment_0003,1.0,sentinel1,after_P06,16,after,2024-12-06,2024-12-19,True,1.0
counterfactual_0003_01,counterfactual,treatment_0003,1.0,sentinel1,after_P07,17,after,2024-12-20,2025-01-02,True,1.0
counterfactual_0003_01,counterfactual,treatment_0003,1.0,sentinel1,after_P08,18,after,2025-01-03,2025-01-16,True,1.0
counterfactual_0003_01,counterfactual,treatment_0003,1.0,sentinel1,after_P09,19,after,2025-01-17,2025-01-30,True,1.0
counterfactual_0003_01,counterfactual,treatment_0003,1.0,sentinel1,after_P10,20,after,2025-01-31,2025-02-13,True,1.0
counterfactual_0003_01,counterfactual,treatment_0003,1.0,sentinel2,before_P01,1,before,2024-05-10,2024-05-23,True,0.6626801293990785
counterfactual_0003_01,counterfactual,treatment_0003,1.0,sentinel2,before_P02,2,before,2024-05-24,2024-06-06,True,1.0
counterfactual_0003_01,counterfactual,treatment_0003,1.0,sentinel2,before_P03,3,before,2024-06-07,2024-06-20,True,0.0003921184197627
counterfactual_0003_01,counterfactual,treatment_0003,1.0,sentinel2,before_P04,4,before,2024-06-21,2024-07-04,True,0.4074110381335163
counterfactual_0003_01,counterfactual,treatment_0003,1.0,sentinel2,before_P05,5,before,2024-07-05,2024-07-18,True,1.0
counterfactual_0003_01,counterfactual,treatment_0003,1.0,sentinel2,before_P06,6,before,2024-07-19,2024-08-01,True,0.0484266248407018
counterfactual_0003_01,counterfactual,treatment_0003,1.0,sentinel2,before_P07,7,before,2024-08-02,2024-08-15,True,0.5932751691010685
counterfactual_0003_01,counterfactual,treatment_0003,1.0,sentinel2,before_P08,8,before,2024-08-16,2024-08-29,True,0.6662091951769434
counterfactual_0003_01,counterfactual,treatment_0003,1.0,sentinel2,before_P09,9,before,2024-08-30,2024-09-12,True,0.87393392804627
counterfactual_0003_01,counterfactual,treatment_0003,1.0,sentinel2,before_P10,10,before,2024-09-13,2024-09-26,True,1.0
counterfactual_0003_01,counterfactual,treatment_0003,1.0,sentinel2,after_P01,11,after,2024-09-27,2024-10-10,True,1.0
counterfactual_0003_01,counterfactual,treatment_0003,1.0,sentinel2,after_P02,12,after,2024-10-11,2024-10-24,True,1.0
counterfactual_0003_01,counterfactual,treatment_0003,1.0,sentinel2,after_P03,13,after,2024-10-25,2024-11-07,True,0.6185668071757671
counterfactual_0003_01,counterfactual,treatment_0003,1.0,sentinel2,after_P04,14,after,2024-11-08,2024-11-21,True,0.6151357710028429
counterfactual_0003_01,counterfactual,treatment_0003,1.0,sentinel2,after_P05,15,after,2024-11-22,2024-12-05,False,
counterfactual_0003_01,counterfactual,treatment_0003,1.0,sentinel2,after_P06,16,after,2024-12-06,2024-12-19,True,0.6143515341633173
counterfactual_0003_01,counterfactual,treatment_0003,1.0,sentinel2,after_P07,17,after,2024-12-20,2025-01-02,True,0.0029408881482207
counterfactual_0003_01,counterfactual,treatment_0003,1.0,sentinel2,after_P08,18,after,2025-01-03,2025-01-16,True,0.5538672679149103
counterfactual_0003_01,counterfactual,treatment_0003,1.0,sentinel2,after_P09,19,after,2025-01-17,2025-01-30,True,0.5248505048524654
counterfactual_0003_01,counterfactual,treatment_0003,1.0,sentinel2,after_P10,20,after,2025-01-31,2025-02-13,True,0.9845113224193708
counterfactual_0003_02,counterfactual,treatment_0003,2.0,sentinel1,before_P01,1,before,2024-05-10,2024-05-23,True,0.99009900990099
counterfactual_0003_02,counterfactual,treatment_0003,2.0,sentinel1,before_P02,2,before,2024-05-24,2024-06-06,True,0.99009900990099
counterfactual_0003_02,counterfactual,treatment_0003,2.0,sentinel1,before_P03,3,before,2024-06-07,2024-06-20,True,0.99009900990099
counterfactual_0003_02,counterfactual,treatment_0003,2.0,sentinel1,before_P04,4,before,2024-06-21,2024-07-04,True,0.99009900990099
counterfactual_0003_02,counterfactual,treatment_0003,2.0,sentinel1,before_P05,5,before,2024-07-05,2024-07-18,True,0.99009900990099
counterfactual_0003_02,counterfactual,treatment_0003,2.0,sentinel1,before_P06,6,before,2024-07-19,2024-08-01,True,0.99009900990099
counterfactual_0003_02,counterfactual,treatment_0003,2.0,sentinel1,before_P07,7,before,2024-08-02,2024-08-15,True,0.99009900990099
counterfactual_0003_02,counterfactual,treatment_0003,2.0,sentinel1,before_P08,8,before,2024-08-16,2024-08-29,True,0.99009900990099
counterfactual_0003_02,counterfactual,treatment_0003,2.0,sentinel1,before_P09,9,before,2024-08-30,2024-09-12,True,0.99009900990099
counterfactual_0003_02,counterfactual,treatment_0003,2.0,sentinel1,before_P10,10,before,2024-09-13,2024-09-26,True,0.99009900990099
counterfactual_0003_02,counterfactual,treatment_0003,2.0,sentinel1,after_P01,11,after,2024-09-27,2024-10-10,True,0.99009900990099
counterfactual_0003_02,counterfactual,treatment_0003,2.0,sentinel1,after_P02,12,after,2024-10-11,2024-10-24,True,0.99009900990099
counterfactual_0003_02,counterfactual,treatment_0003,2.0,sentinel1,after_P03,13,after,2024-10-25,2024-11-07,True,0.99009900990099
counterfactual_0003_02,counterfactual,treatment_0003,2.0,sentinel1,after_P04,14,after,2024-11-08,2024-11-21,True,0.99009900990099
counterfactual_0003_02,counterfactual,treatment_0003,2.0,sentinel1,after_P05,15,after,2024-11-22,2024-12-05,True,0.99009900990099
counterfactual_0003_02,counterfactual,treatment_0003,2.0,sentinel1,after_P06,16,after,2024-12-06,2024-12-19,True,0.99009900990099
counterfactual_0003_02,counterfactual,treatment_0003,2.0,sentinel1,after_P07,17,after,2024-12-20,2025-01-02,True,0.99009900990099
counterfactual_0003_02,counterfactual,treatment_0003,2.0,sentinel1,after_P08,18,after,2025-01-03,2025-01-16,True,0.99009900990099
counterfactual_0003_02,counterfactual,treatment_0003,2.0,sentinel1,after_P09,19,after,2025-01-17,2025-01-30,True,0.99009900990099
counterfactual_0003_02,counterfactual,treatment_0003,2.0,sentinel1,after_P10,20,after,2025-01-31,2025-02-13,True,0.99009900990099
counterfactual_0003_02,counterfactual,treatment_0003,2.0,sentinel2,before_P01,1,before,2024-05-10,2024-05-23,True,0.99009900990099
counterfactual_0003_02,counterfactual,treatment_0003,2.0,sentinel2,before_P02,2,before,2024-05-24,2024-06-06,True,0.99009900990099
counterfactual_0003_02,counterfactual,treatment_0003,2.0,sentinel2,before_P03,3,before,2024-06-07,2024-06-20,True,0.0596019998039407
counterfactual_0003_02,counterfactual,treatment_0003,2.0,sentinel2,before_P04,4,before,2024-06-21,2024-07-04,True,0.9495147534555436
counterfactual_0003_02,counterfactual,treatment_0003,2.0,sentinel2,before_P05,5,before,2024-07-05,2024-07-18,True,0.99009900990099
counterfactual_0003_02,counterfactual,treatment_0003,2.0,sentinel2,before_P06,6,before,2024-07-19,2024-08-01,True,0.2142927164003529
counterfactual_0003_02,counterfactual,treatment_0003,2.0,sentinel2,before_P07,7,before,2024-08-02,2024-08-15,True,0.0078423683952553
counterfactual_0003_02,counterfactual,treatment_0003,2.0,sentinel2,before_P08,8,before,2024-08-16,2024-08-29,True,0.1090089206940496
counterfactual_0003_02,counterfactual,treatment_0003,2.0,sentinel2,before_P09,9,before,2024-08-30,2024-09-12,True,0.7661993922164494
counterfactual_0003_02,counterfactual,treatment_0003,2.0,sentinel2,before_P10,10,before,2024-09-13,2024-09-26,True,0.99009900990099
counterfactual_0003_02,counterfactual,treatment_0003,2.0,sentinel2,after_P01,11,after,2024-09-27,2024-10-10,True,0.99009900990099
counterfactual_0003_02,counterfactual,treatment_0003,2.0,sentinel2,after_P02,12,after,2024-10-11,2024-10-24,True,0.99009900990099
counterfactual_0003_02,counterfactual,treatment_0003,2.0,sentinel2,after_P03,13,after,2024-10-25,2024-11-07,True,0.7348299186354279
counterfactual_0003_02,counterfactual,treatment_0003,2.0,sentinel2,after_P04,14,after,2024-11-08,2024-11-21,True,0.3870208803058523
counterfactual_0003_02,counterfactual,treatment_0003,2.0,sentinel2,after_P05,15,after,2024-11-22,2024-12-05,False,
counterfactual_0003_02,counterfactual,treatment_0003,2.0,sentinel2,after_P06,16,after,2024-12-06,2024-12-19,True,0.6373884913243799
counterfactual_0003_02,counterfactual,treatment_0003,2.0,sentinel2,after_P07,17,after,2024-12-20,2025-01-02,True,0.0
counterfactual_0003_02,counterfactual,treatment_0003,2.0,sentinel2,after_P08,18,after,2025-01-03,2025-01-16,True,0.7156161160670522
counterfactual_0003_02,counterfactual,treatment_0003,2.0,sentinel2,after_P09,19,after,2025-01-17,2025-01-30,True,0.9704930889128516
counterfactual_0003_02,counterfactual,treatment_0003,2.0,sentinel2,after_P10,20,after,2025-01-31,2025-02-13,True,0.9602980099990196
counterfactual_0003_03,counterfactual,treatment_0003,3.0,sentinel1,before_P01,1,before,2024-05-10,2024-05-23,True,1.0
counterfactual_0003_03,counterfactual,treatment_0003,3.0,sentinel1,before_P02,2,before,2024-05-24,2024-06-06,True,1.0
counterfactual_0003_03,counterfactual,treatment_0003,3.0,sentinel1,before_P03,3,before,2024-06-07,2024-06-20,True,1.0
counterfactual_0003_03,counterfactual,treatment_0003,3.0,sentinel1,before_P04,4,before,2024-06-21,2024-07-04,True,1.0
counterfactual_0003_03,counterfactual,treatment_0003,3.0,sentinel1,before_P05,5,before,2024-07-05,2024-07-18,True,1.0
counterfactual_0003_03,counterfactual,treatment_0003,3.0,sentinel1,before_P06,6,before,2024-07-19,2024-08-01,True,1.0
counterfactual_0003_03,counterfactual,treatment_0003,3.0,sentinel1,before_P07,7,before,2024-08-02,2024-08-15,True,1.0
counterfactual_0003_03,counterfactual,treatment_0003,3.0,sentinel1,before_P08,8,before,2024-08-16,2024-08-29,True,1.0
counterfactual_0003_03,counterfactual,treatment_0003,3.0,sentinel1,before_P09,9,before,2024-08-30,2024-09-12,True,1.0
counterfactual_0003_03,counterfactual,treatment_0003,3.0,sentinel1,before_P10,10,before,2024-09-13,2024-09-26,True,1.0
counterfactual_0003_03,counterfactual,treatment_0003,3.0,sentinel1,after_P01,11,after,2024-09-27,2024-10-10,True,1.0
counterfactual_0003_03,counterfactual,treatment_0003,3.0,sentinel1,after_P02,12,after,2024-10-11,2024-10-24,True,1.0
counterfactual_0003_03,counterfactual,treatment_0003,3.0,sentinel1,after_P03,13,after,2024-10-25,2024-11-07,True,1.0
counterfactual_0003_03,counterfactual,treatment_0003,3.0,sentinel1,after_P04,14,after,2024-11-08,2024-11-21,True,1.0
counterfactual_0003_03,counterfactual,treatment_0003,3.0,sentinel1,after_P05,15,after,2024-11-22,2024-12-05,True,1.0
counterfactual_0003_03,counterfactual,treatment_0003,3.0,sentinel1,after_P06,16,after,2024-12-06,2024-12-19,True,1.0
counterfactual_0003_03,counterfactual,treatment_0003,3.0,sentinel1,after_P07,17,after,2024-12-20,2025-01-02,True,1.0
counterfactual_0003_03,counterfactual,treatment_0003,3.0,sentinel1,after_P08,18,after,2025-01-03,2025-01-16,True,1.0
counterfactual_0003_03,counterfactual,treatment_0003,3.0,sentinel1,after_P09,19,after,2025-01-17,2025-01-30,True,1.0
counterfactual_0003_03,counterfactual,treatment_0003,3.0,sentinel1,after_P10,20,after,2025-01-31,2025-02-13,True,1.0
counterfactual_0003_03,counterfactual,treatment_0003,3.0,sentinel2,before_P01,1,before,2024-05-10,2024-05-23,True,0.6996372904617194
counterfactual_0003_03,counterfactual,treatment_0003,3.0,sentinel2,before_P02,2,before,2024-05-24,2024-06-06,True,1.0
counterfactual_0003_03,counterfactual,treatment_0003,3.0,sentinel2,before_P03,3,before,2024-06-07,2024-06-20,True,0.0007842368395255
counterfactual_0003_03,counterfactual,treatment_0003,3.0,sentinel2,before_P04,4,before,2024-06-21,2024-07-04,True,0.0452896774825997
counterfactual_0003_03,counterfactual,treatment_0003,3.0,sentinel2,before_P05,5,before,2024-07-05,2024-07-18,True,1.0
counterfactual_0003_03,counterfactual,treatment_0003,3.0,sentinel2,before_P06,6,before,2024-07-19,2024-08-01,True,0.2677188510930301
counterfactual_0003_03,counterfactual,treatment_0003,3.0,sentinel2,before_P07,7,before,2024-08-02,2024-08-15,True,0.3070287226742476
counterfactual_0003_03,counterfactual,treatment_0003,3.0,sentinel2,before_P08,8,before,2024-08-16,2024-08-29,True,0.3285952357611998
counterfactual_0003_03,counterfactual,treatment_0003,3.0,sentinel2,before_P09,9,before,2024-08-30,2024-09-12,True,0.9317713949612784
counterfactual_0003_03,counterfactual,treatment_0003,3.0,sentinel2,before_P10,10,before,2024-09-13,2024-09-26,True,1.0
counterfactual_0003_03,counterfactual,treatment_0003,3.0,sentinel2,after_P01,11,after,2024-09-27,2024-10-10,True,1.0
counterfactual_0003_03,counterfactual,treatment_0003,3.0,sentinel2,after_P02,12,after,2024-10-11,2024-10-24,True,1.0
counterfactual_0003_03,counterfactual,treatment_0003,3.0,sentinel2,after_P03,13,after,2024-10-25,2024-11-07,True,0.4079011861582198
counterfactual_0003_03,counterfactual,treatment_0003,3.0,sentinel2,after_P04,14,after,2024-11-08,2024-11-21,True,0.7406136653269287
counterfactual_0003_03,counterfactual,treatment_0003,3.0,sentinel2,after_P05,15,after,2024-11-22,2024-12-05,False,
counterfactual_0003_03,counterfactual,treatment_0003,3.0,sentinel2,after_P06,16,after,2024-12-06,2024-12-19,True,0.2993824134888736
counterfactual_0003_03,counterfactual,treatment_0003,3.0,sentinel2,after_P07,17,after,2024-12-20,2025-01-02,True,0.0
counterfactual_0003_03,counterfactual,treatment_0003,3.0,sentinel2,after_P08,18,after,2025-01-03,2025-01-16,True,0.5223997647289481
counterfactual_0003_03,counterfactual,treatment_0003,3.0,sentinel2,after_P09,19,after,2025-01-17,2025-01-30,True,0.6118027644348594
counterfactual_0003_03,counterfactual,treatment_0003,3.0,sentinel2,after_P10,20,after,2025-01-31,2025-02-13,True,0.8732477208116851
counterfactual_0003_04,counterfactual,treatment_0003,4.0,sentinel1,before_P01,1,before,2024-05-10,2024-05-23,True,1.0
counterfactual_0003_04,counterfactual,treatment_0003,4.0,sentinel1,before_P02,2,before,2024-05-24,2024-06-06,True,1.0
counterfactual_0003_04,counterfactual,treatment_0003,4.0,sentinel1,before_P03,3,before,2024-06-07,2024-06-20,True,1.0
counterfactual_0003_04,counterfactual,treatment_0003,4.0,sentinel1,before_P04,4,before,2024-06-21,2024-07-04,True,1.0
counterfactual_0003_04,counterfactual,treatment_0003,4.0,sentinel1,before_P05,5,before,2024-07-05,2024-07-18,True,1.0
counterfactual_0003_04,counterfactual,treatment_0003,4.0,sentinel1,before_P06,6,before,2024-07-19,2024-08-01,True,1.0
counterfactual_0003_04,counterfactual,treatment_0003,4.0,sentinel1,before_P07,7,before,2024-08-02,2024-08-15,True,1.0
counterfactual_0003_04,counterfactual,treatment_0003,4.0,sentinel1,before_P08,8,before,2024-08-16,2024-08-29,True,1.0
counterfactual_0003_04,counterfactual,treatment_0003,4.0,sentinel1,before_P09,9,before,2024-08-30,2024-09-12,True,1.0
counterfactual_0003_04,counterfactual,treatment_0003,4.0,sentinel1,before_P10,10,before,2024-09-13,2024-09-26,True,1.0
counterfactual_0003_04,counterfactual,treatment_0003,4.0,sentinel1,after_P01,11,after,2024-09-27,2024-10-10,True,1.0
counterfactual_0003_04,counterfactual,treatment_0003,4.0,sentinel1,after_P02,12,after,2024-10-11,2024-10-24,True,1.0
counterfactual_0003_04,counterfactual,treatment_0003,4.0,sentinel1,after_P03,13,after,2024-10-25,2024-11-07,True,1.0
counterfactual_0003_04,counterfactual,treatment_0003,4.0,sentinel1,after_P04,14,after,2024-11-08,2024-11-21,True,1.0
counterfactual_0003_04,counterfactual,treatment_0003,4.0,sentinel1,after_P05,15,after,2024-11-22,2024-12-05,True,1.0
counterfactual_0003_04,counterfactual,treatment_0003,4.0,sentinel1,after_P06,16,after,2024-12-06,2024-12-19,True,1.0
counterfactual_0003_04,counterfactual,treatment_0003,4.0,sentinel1,after_P07,17,after,2024-12-20,2025-01-02,True,1.0
counterfactual_0003_04,counterfactual,treatment_0003,4.0,sentinel1,after_P08,18,after,2025-01-03,2025-01-16,True,1.0
counterfactual_0003_04,counterfactual,treatment_0003,4.0,sentinel1,after_P09,19,after,2025-01-17,2025-01-30,True,1.0
counterfactual_0003_04,counterfactual,treatment_0003,4.0,sentinel1,after_P10,20,after,2025-01-31,2025-02-13,True,1.0
counterfactual_0003_04,counterfactual,treatment_0003,4.0,sentinel2,before_P01,1,before,2024-05-10,2024-05-23,True,0.9832369375551416
counterfactual_0003_04,counterfactual,treatment_0003,4.0,sentinel2,before_P02,2,before,2024-05-24,2024-06-06,True,0.8651112636016077
counterfactual_0003_04,counterfactual,treatment_0003,4.0,sentinel2,before_P03,3,before,2024-06-07,2024-06-20,True,0.0
counterfactual_0003_04,counterfactual,treatment_0003,4.0,sentinel2,before_P04,4,before,2024-06-21,2024-07-04,True,1.0
counterfactual_0003_04,counterfactual,treatment_0003,4.0,sentinel2,before_P05,5,before,2024-07-05,2024-07-18,True,1.0
counterfactual_0003_04,counterfactual,treatment_0003,4.0,sentinel2,before_P06,6,before,2024-07-19,2024-08-01,True,0.0343103617292422
counterfactual_0003_04,counterfactual,treatment_0003,4.0,sentinel2,before_P07,7,before,2024-08-02,2024-08-15,True,0.1336143515341633
counterfactual_0003_04,counterfactual,treatment_0003,4.0,sentinel2,before_P08,8,before,2024-08-16,2024-08-29,True,0.9584354475051464
counterfactual_0003_04,counterfactual,treatment_0003,4.0,sentinel2,before_P09,9,before,2024-08-30,2024-09-12,True,1.0
counterfactual_0003_04,counterfactual,treatment_0003,4.0,sentinel2,before_P10,10,before,2024-09-13,2024-09-26,True,1.0
counterfactual_0003_04,counterfactual,treatment_0003,4.0,sentinel2,after_P01,11,after,2024-09-27,2024-10-10,True,1.0
counterfactual_0003_04,counterfactual,treatment_0003,4.0,sentinel2,after_P02,12,after,2024-10-11,2024-10-24,True,1.0
counterfactual_0003_04,counterfactual,treatment_0003,4.0,sentinel2,after_P03,13,after,2024-10-25,2024-11-07,True,0.4620135280854818
counterfactual_0003_04,counterfactual,treatment_0003,4.0,sentinel2,after_P04,14,after,2024-11-08,2024-11-21,True,0.4388785413194785
counterfactual_0003_04,counterfactual,treatment_0003,4.0,sentinel2,after_P05,15,after,2024-11-22,2024-12-05,False,
counterfactual_0003_04,counterfactual,treatment_0003,4.0,sentinel2,after_P06,16,after,2024-12-06,2024-12-19,True,0.966571904715224
counterfactual_0003_04,counterfactual,treatment_0003,4.0,sentinel2,after_P07,17,after,2024-12-20,2025-01-02,True,0.0
counterfactual_0003_04,counterfactual,treatment_0003,4.0,sentinel2,after_P08,18,after,2025-01-03,2025-01-16,True,0.8994216253308499
counterfactual_0003_04,counterfactual,treatment_0003,4.0,sentinel2,after_P09,19,after,2025-01-17,2025-01-30,True,1.0
counterfactual_0003_04,counterfactual,treatment_0003,4.0,sentinel2,after_P10,20,after,2025-01-31,2025-02-13,True,0.850995000490148
counterfactual_0003_05,counterfactual,treatment_0003,5.0,sentinel1,before_P01,1,before,2024-05-10,2024-05-23,True,1.0
counterfactual_0003_05,counterfactual,treatment_0003,5.0,sentinel1,before_P02,2,before,2024-05-24,2024-06-06,True,1.0
counterfactual_0003_05,counterfactual,treatment_0003,5.0,sentinel1,before_P03,3,before,2024-06-07,2024-06-20,True,1.0
counterfactual_0003_05,counterfactual,treatment_0003,5.0,sentinel1,before_P04,4,before,2024-06-21,2024-07-04,True,1.0
counterfactual_0003_05,counterfactual,treatment_0003,5.0,sentinel1,before_P05,5,before,2024-07-05,2024-07-18,True,1.0
counterfactual_0003_05,counterfactual,treatment_0003,5.0,sentinel1,before_P06,6,before,2024-07-19,2024-08-01,True,1.0
counterfactual_0003_05,counterfactual,treatment_0003,5.0,sentinel1,before_P07,7,before,2024-08-02,2024-08-15,True,1.0
counterfactual_0003_05,counterfactual,treatment_0003,5.0,sentinel1,before_P08,8,before,2024-08-16,2024-08-29,True,1.0
counterfactual_0003_05,counterfactual,treatment_0003,5.0,sentinel1,before_P09,9,before,2024-08-30,2024-09-12,True,1.0
counterfactual_0003_05,counterfactual,treatment_0003,5.0,sentinel1,before_P10,10,before,2024-09-13,2024-09-26,True,1.0
counterfactual_0003_05,counterfactual,treatment_0003,5.0,sentinel1,after_P01,11,after,2024-09-27,2024-10-10,True,1.0
counterfactual_0003_05,counterfactual,treatment_0003,5.0,sentinel1,after_P02,12,after,2024-10-11,2024-10-24,False,
counterfactual_0003_05,counterfactual,treatment_0003,5.0,sentinel1,after_P03,13,after,2024-10-25,2024-11-07,True,1.0
counterfactual_0003_05,counterfactual,treatment_0003,5.0,sentinel1,after_P04,14,after,2024-11-08,2024-11-21,True,1.0
counterfactual_0003_05,counterfactual,treatment_0003,5.0,sentinel1,after_P05,15,after,2024-11-22,2024-12-05,False,
counterfactual_0003_05,counterfactual,treatment_0003,5.0,sentinel1,after_P06,16,after,2024-12-06,2024-12-19,True,1.0
counterfactual_0003_05,counterfactual,treatment_0003,5.0,sentinel1,after_P07,17,after,2024-12-20,2025-01-02,True,1.0
counterfactual_0003_05,counterfactual,treatment_0003,5.0,sentinel1,after_P08,18,after,2025-01-03,2025-01-16,True,1.0
counterfactual_0003_05,counterfactual,treatment_0003,5.0,sentinel1,after_P09,19,after,2025-01-17,2025-01-30,True,1.0
counterfactual_0003_05,counterfactual,treatment_0003,5.0,sentinel1,after_P10,20,after,2025-01-31,2025-02-13,True,1.0
counterfactual_0003_05,counterfactual,treatment_0003,5.0,sentinel2,before_P01,1,before,2024-05-10,2024-05-23,True,0.9976472894814232
counterfactual_0003_05,counterfactual,treatment_0003,5.0,sentinel2,before_P02,2,before,2024-05-24,2024-06-06,True,1.0
counterfactual_0003_05,counterfactual,treatment_0003,5.0,sentinel2,before_P03,3,before,2024-06-07,2024-06-20,True,0.2809528477600235
counterfactual_0003_05,counterfactual,treatment_0003,5.0,sentinel2,before_P04,4,before,2024-06-21,2024-07-04,True,0.4440741103813351
counterfactual_0003_05,counterfactual,treatment_0003,5.0,sentinel2,before_P05,5,before,2024-07-05,2024-07-18,True,1.0
counterfactual_0003_05,counterfactual,treatment_0003,5.0,sentinel2,before_P06,6,before,2024-07-19,2024-08-01,True,0.0315655327909028
counterfactual_0003_05,counterfactual,treatment_0003,5.0,sentinel2,before_P07,7,before,2024-08-02,2024-08-15,True,0.0319576512106656
counterfactual_0003_05,counterfactual,treatment_0003,5.0,sentinel2,before_P08,8,before,2024-08-16,2024-08-29,True,1.0
counterfactual_0003_05,counterfactual,treatment_0003,5.0,sentinel2,before_P09,9,before,2024-08-30,2024-09-12,True,0.994902460543084
counterfactual_0003_05,counterfactual,treatment_0003,5.0,sentinel2,before_P10,10,before,2024-09-13,2024-09-26,True,0.4898539358886383
counterfactual_0003_05,counterfactual,treatment_0003,5.0,sentinel2,after_P01,11,after,2024-09-27,2024-10-10,True,1.0
counterfactual_0003_05,counterfactual,treatment_0003,5.0,sentinel2,after_P02,12,after,2024-10-11,2024-10-24,True,1.0
counterfactual_0003_05,counterfactual,treatment_0003,5.0,sentinel2,after_P03,13,after,2024-10-25,2024-11-07,True,0.0
counterfactual_0003_05,counterfactual,treatment_0003,5.0,sentinel2,after_P04,14,after,2024-11-08,2024-11-21,True,0.0
counterfactual_0003_05,counterfactual,treatment_0003,5.0,sentinel2,after_P05,15,after,2024-11-22,2024-12-05,False,
counterfactual_0003_05,counterfactual,treatment_0003,5.0,sentinel2,after_P06,16,after,2024-12-06,2024-12-19,True,0.9082442897755122
counterfactual_0003_05,counterfactual,treatment_0003,5.0,sentinel2,after_P07,17,after,2024-12-20,2025-01-02,True,0.0
counterfactual_0003_05,counterfactual,treatment_0003,5.0,sentinel2,after_P08,18,after,2025-01-03,2025-01-16,True,0.1072443878051171
counterfactual_0003_05,counterfactual,treatment_0003,5.0,sentinel2,after_P09,19,after,2025-01-17,2025-01-30,True,1.0
counterfactual_0003_05,counterfactual,treatment_0003,5.0,sentinel2,after_P10,20,after,2025-01-31,2025-02-13,True,1.0
counterfactual_0004_01,counterfactual,treatment_0004,1.0,sentinel1,before_P01,1,before,2024-05-10,2024-05-23,True,0.99009900990099
counterfactual_0004_01,counterfactual,treatment_0004,1.0,sentinel1,before_P02,2,before,2024-05-24,2024-06-06,True,0.99009900990099
counterfactual_0004_01,counterfactual,treatment_0004,1.0,sentinel1,before_P03,3,before,2024-06-07,2024-06-20,True,0.99009900990099
counterfactual_0004_01,counterfactual,treatment_0004,1.0,sentinel1,before_P04,4,before,2024-06-21,2024-07-04,True,0.99009900990099
counterfactual_0004_01,counterfactual,treatment_0004,1.0,sentinel1,before_P05,5,before,2024-07-05,2024-07-18,True,0.99009900990099
counterfactual_0004_01,counterfactual,treatment_0004,1.0,sentinel1,before_P06,6,before,2024-07-19,2024-08-01,True,0.99009900990099
counterfactual_0004_01,counterfactual,treatment_0004,1.0,sentinel1,before_P07,7,before,2024-08-02,2024-08-15,True,0.99009900990099
counterfactual_0004_01,counterfactual,treatment_0004,1.0,sentinel1,before_P08,8,before,2024-08-16,2024-08-29,True,0.99009900990099
counterfactual_0004_01,counterfactual,treatment_0004,1.0,sentinel1,before_P09,9,before,2024-08-30,2024-09-12,True,0.99009900990099
counterfactual_0004_01,counterfactual,treatment_0004,1.0,sentinel1,before_P10,10,before,2024-09-13,2024-09-26,True,0.99009900990099
counterfactual_0004_01,counterfactual,treatment_0004,1.0,sentinel1,after_P01,11,after,2024-09-27,2024-10-10,True,0.99009900990099
counterfactual_0004_01,counterfactual,treatment_0004,1.0,sentinel1,after_P02,12,after,2024-10-11,2024-10-24,True,0.99009900990099
counterfactual_0004_01,counterfactual,treatment_0004,1.0,sentinel1,after_P03,13,after,2024-10-25,2024-11-07,True,0.99009900990099
counterfactual_0004_01,counterfactual,treatment_0004,1.0,sentinel1,after_P04,14,after,2024-11-08,2024-11-21,True,0.99009900990099
counterfactual_0004_01,counterfactual,treatment_0004,1.0,sentinel1,after_P05,15,after,2024-11-22,2024-12-05,True,0.99009900990099
counterfactual_0004_01,counterfactual,treatment_0004,1.0,sentinel1,after_P06,16,after,2024-12-06,2024-12-19,True,0.99009900990099
counterfactual_0004_01,counterfactual,treatment_0004,1.0,sentinel1,after_P07,17,after,2024-12-20,2025-01-02,True,0.99009900990099
counterfactual_0004_01,counterfactual,treatment_0004,1.0,sentinel1,after_P08,18,after,2025-01-03,2025-01-16,True,0.99009900990099
counterfactual_0004_01,counterfactual,treatment_0004,1.0,sentinel1,after_P09,19,after,2025-01-17,2025-01-30,True,0.99009900990099
counterfactual_0004_01,counterfactual,treatment_0004,1.0,sentinel1,after_P10,20,after,2025-01-31,2025-02-13,True,0.99009900990099
counterfactual_0004_01,counterfactual,treatment_0004,1.0,sentinel2,before_P01,1,before,2024-05-10,2024-05-23,True,0.261052837957063
counterfactual_0004_01,counterfactual,treatment_0004,1.0,sentinel2,before_P02,2,before,2024-05-24,2024-06-06,True,0.0277423781982158
counterfactual_0004_01,counterfactual,treatment_0004,1.0,sentinel2,before_P03,3,before,2024-06-07,2024-06-20,True,0.3270267620821488
counterfactual_0004_01,counterfactual,treatment_0004,1.0,sentinel2,before_P04,4,before,2024-06-21,2024-07-04,True,0.4791687089501029
counterfactual_0004_01,counterfactual,treatment_0004,1.0,sentinel2,before_P05,5,before,2024-07-05,2024-07-18,True,0.9891187138515832
counterfactual_0004_01,counterfactual,treatment_0004,1.0,sentinel2,before_P06,6,before,2024-07-19,2024-08-01,True,0.0
counterfactual_0004_01,counterfactual,treatment_0004,1.0,sentinel2,before_P07,7,before,2024-08-02,2024-08-15,True,0.3334967160082345
counterfactual_0004_01,counterfactual,treatment_0004,1.0,sentinel2,before_P08,8,before,2024-08-16,2024-08-29,True,0.7250269581413586
counterfactual_0004_01,counterfactual,treatment_0004,1.0,sentinel2,before_P09,9,before,2024-08-30,2024-09-12,True,0.9771591020488188
counterfactual_0004_01,counterfactual,treatment_0004,1.0,sentinel2,before_P10,10,before,2024-09-13,2024-09-26,True,0.99009900990099
counterfactual_0004_01,counterfactual,treatment_0004,1.0,sentinel2,after_P01,11,after,2024-09-27,2024-10-10,True,0.99009900990099
counterfactual_0004_01,counterfactual,treatment_0004,1.0,sentinel2,after_P02,12,after,2024-10-11,2024-10-24,True,0.99009900990099
counterfactual_0004_01,counterfactual,treatment_0004,1.0,sentinel2,after_P03,13,after,2024-10-25,2024-11-07,True,0.0262719341241054
counterfactual_0004_01,counterfactual,treatment_0004,1.0,sentinel2,after_P04,14,after,2024-11-08,2024-11-21,True,0.2688952063523184
counterfactual_0004_01,counterfactual,treatment_0004,1.0,sentinel2,after_P05,15,after,2024-11-22,2024-12-05,True,0.0
counterfactual_0004_01,counterfactual,treatment_0004,1.0,sentinel2,after_P06,16,after,2024-12-06,2024-12-19,True,0.9897068914812274
counterfactual_0004_01,counterfactual,treatment_0004,1.0,sentinel2,after_P07,17,after,2024-12-20,2025-01-02,True,0.009214782864425
counterfactual_0004_01,counterfactual,treatment_0004,1.0,sentinel2,after_P08,18,after,2025-01-03,2025-01-16,True,0.8047250269581414
counterfactual_0004_01,counterfactual,treatment_0004,1.0,sentinel2,after_P09,19,after,2025-01-17,2025-01-30,True,0.8005097539456916
counterfactual_0004_01,counterfactual,treatment_0004,1.0,sentinel2,after_P10,20,after,2025-01-31,2025-02-13,True,0.956376825801392
counterfactual_0004_02,counterfactual,treatment_0004,2.0,sentinel1,before_P01,1,before,2024-05-10,2024-05-23,True,1.0
counterfactual_0004_02,counterfactual,treatment_0004,2.0,sentinel1,before_P02,2,before,2024-05-24,2024-06-06,True,1.0
counterfactual_0004_02,counterfactual,treatment_0004,2.0,sentinel1,before_P03,3,before,2024-06-07,2024-06-20,True,1.0
counterfactual_0004_02,counterfactual,treatment_0004,2.0,sentinel1,before_P04,4,before,2024-06-21,2024-07-04,True,1.0
counterfactual_0004_02,counterfactual,treatment_0004,2.0,sentinel1,before_P05,5,before,2024-07-05,2024-07-18,True,1.0
counterfactual_0004_02,counterfactual,treatment_0004,2.0,sentinel1,before_P06,6,before,2024-07-19,2024-08-01,True,1.0
counterfactual_0004_02,counterfactual,treatment_0004,2.0,sentinel1,before_P07,7,before,2024-08-02,2024-08-15,True,1.0
counterfactual_0004_02,counterfactual,treatment_0004,2.0,sentinel1,before_P08,8,before,2024-08-16,2024-08-29,True,1.0
counterfactual_0004_02,counterfactual,treatment_0004,2.0,sentinel1,before_P09,9,before,2024-08-30,2024-09-12,True,1.0
counterfactual_0004_02,counterfactual,treatment_0004,2.0,sentinel1,before_P10,10,before,2024-09-13,2024-09-26,True,1.0
counterfactual_0004_02,counterfactual,treatment_0004,2.0,sentinel1,after_P01,11,after,2024-09-27,2024-10-10,True,1.0
counterfactual_0004_02,counterfactual,treatment_0004,2.0,sentinel1,after_P02,12,after,2024-10-11,2024-10-24,True,1.0
counterfactual_0004_02,counterfactual,treatment_0004,2.0,sentinel1,after_P03,13,after,2024-10-25,2024-11-07,True,1.0
counterfactual_0004_02,counterfactual,treatment_0004,2.0,sentinel1,after_P04,14,after,2024-11-08,2024-11-21,True,1.0
counterfactual_0004_02,counterfactual,treatment_0004,2.0,sentinel1,after_P05,15,after,2024-11-22,2024-12-05,True,1.0
counterfactual_0004_02,counterfactual,treatment_0004,2.0,sentinel1,after_P06,16,after,2024-12-06,2024-12-19,True,1.0
counterfactual_0004_02,counterfactual,treatment_0004,2.0,sentinel1,after_P07,17,after,2024-12-20,2025-01-02,True,1.0
counterfactual_0004_02,counterfactual,treatment_0004,2.0,sentinel1,after_P08,18,after,2025-01-03,2025-01-16,True,1.0
counterfactual_0004_02,counterfactual,treatment_0004,2.0,sentinel1,after_P09,19,after,2025-01-17,2025-01-30,True,1.0
counterfactual_0004_02,counterfactual,treatment_0004,2.0,sentinel1,after_P10,20,after,2025-01-31,2025-02-13,True,1.0
counterfactual_0004_02,counterfactual,treatment_0004,2.0,sentinel2,before_P01,1,before,2024-05-10,2024-05-23,True,0.8050191157729635
counterfactual_0004_02,counterfactual,treatment_0004,2.0,sentinel2,before_P02,2,before,2024-05-24,2024-06-06,True,0.0
counterfactual_0004_02,counterfactual,treatment_0004,2.0,sentinel2,before_P03,3,before,2024-06-07,2024-06-20,True,0.0
counterfactual_0004_02,counterfactual,treatment_0004,2.0,sentinel2,before_P04,4,before,2024-06-21,2024-07-04,True,0.5407313008528576
counterfactual_0004_02,counterfactual,treatment_0004,2.0,sentinel2,before_P05,5,before,2024-07-05,2024-07-18,True,0.6176845407313009
counterfactual_0004_02,counterfactual,treatment_0004,2.0,sentinel2,before_P06,6,before,2024-07-19,2024-08-01,True,0.0
counterfactual_0004_02,counterfactual,treatment_0004,2.0,sentinel2,before_P07,7,before,2024-08-02,2024-08-15,True,0.4656406234682874
counterfactual_0004_02,counterfactual,treatment_0004,2.0,sentinel2,before_P08,8,before,2024-08-16,2024-08-29,True,0.8823644740711695
counterfactual_0004_02,counterfactual,treatment_0004,2.0,sentinel2,before_P09,9,before,2024-08-30,2024-09-12,True,0.7359082442897755
counterfactual_0004_02,counterfactual,treatment_0004,2.0,sentinel2,before_P10,10,before,2024-09-13,2024-09-26,True,1.0
counterfactual_0004_02,counterfactual,treatment_0004,2.0,sentinel2,after_P01,11,after,2024-09-27,2024-10-10,True,1.0
counterfactual_0004_02,counterfactual,treatment_0004,2.0,sentinel2,after_P02,12,after,2024-10-11,2024-10-24,True,1.0
counterfactual_0004_02,counterfactual,treatment_0004,2.0,sentinel2,after_P03,13,after,2024-10-25,2024-11-07,True,0.0
counterfactual_0004_02,counterfactual,treatment_0004,2.0,sentinel2,after_P04,14,after,2024-11-08,2024-11-21,True,0.6592490932261543
counterfactual_0004_02,counterfactual,treatment_0004,2.0,sentinel2,after_P05,15,after,2024-11-22,2024-12-05,True,0.0
counterfactual_0004_02,counterfactual,treatment_0004,2.0,sentinel2,after_P06,16,after,2024-12-06,2024-12-19,True,0.9533379080482306
counterfactual_0004_02,counterfactual,treatment_0004,2.0,sentinel2,after_P07,17,after,2024-12-20,2025-01-02,True,0.1862562493873149
counterfactual_0004_02,counterfactual,treatment_0004,2.0,sentinel2,after_P08,18,after,2025-01-03,2025-01-16,True,0.3080090187236545
counterfactual_0004_02,counterfactual,treatment_0004,2.0,sentinel2,after_P09,19,after,2025-01-17,2025-01-30,True,1.0
counterfactual_0004_02,counterfactual,treatment_0004,2.0,sentinel2,after_P10,20,after,2025-01-31,2025-02-13,True,0.8713851583178119
counterfactual_0004_03,counterfactual,treatment_0004,3.0,sentinel1,before_P01,1,before,2024-05-10,2024-05-23,True,1.0
counterfactual_0004_03,counterfactual,treatment_0004,3.0,sentinel1,before_P02,2,before,2024-05-24,2024-06-06,True,1.0
counterfactual_0004_03,counterfactual,treatment_0004,3.0,sentinel1,before_P03,3,before,2024-06-07,2024-06-20,True,1.0
counterfactual_0004_03,counterfactual,treatment_0004,3.0,sentinel1,before_P04,4,before,2024-06-21,2024-07-04,True,1.0
counterfactual_0004_03,counterfactual,treatment_0004,3.0,sentinel1,before_P05,5,before,2024-07-05,2024-07-18,True,1.0
counterfactual_0004_03,counterfactual,treatment_0004,3.0,sentinel1,before_P06,6,before,2024-07-19,2024-08-01,True,1.0
counterfactual_0004_03,counterfactual,treatment_0004,3.0,sentinel1,before_P07,7,before,2024-08-02,2024-08-15,True,1.0
counterfactual_0004_03,counterfactual,treatment_0004,3.0,sentinel1,before_P08,8,before,2024-08-16,2024-08-29,True,1.0
counterfactual_0004_03,counterfactual,treatment_0004,3.0,sentinel1,before_P09,9,before,2024-08-30,2024-09-12,True,1.0
counterfactual_0004_03,counterfactual,treatment_0004,3.0,sentinel1,before_P10,10,before,2024-09-13,2024-09-26,True,1.0
counterfactual_0004_03,counterfactual,treatment_0004,3.0,sentinel1,after_P01,11,after,2024-09-27,2024-10-10,True,1.0
counterfactual_0004_03,counterfactual,treatment_0004,3.0,sentinel1,after_P02,12,after,2024-10-11,2024-10-24,True,1.0
counterfactual_0004_03,counterfactual,treatment_0004,3.0,sentinel1,after_P03,13,after,2024-10-25,2024-11-07,True,1.0
counterfactual_0004_03,counterfactual,treatment_0004,3.0,sentinel1,after_P04,14,after,2024-11-08,2024-11-21,True,1.0
counterfactual_0004_03,counterfactual,treatment_0004,3.0,sentinel1,after_P05,15,after,2024-11-22,2024-12-05,True,1.0
counterfactual_0004_03,counterfactual,treatment_0004,3.0,sentinel1,after_P06,16,after,2024-12-06,2024-12-19,True,1.0
counterfactual_0004_03,counterfactual,treatment_0004,3.0,sentinel1,after_P07,17,after,2024-12-20,2025-01-02,True,1.0
counterfactual_0004_03,counterfactual,treatment_0004,3.0,sentinel1,after_P08,18,after,2025-01-03,2025-01-16,True,1.0
counterfactual_0004_03,counterfactual,treatment_0004,3.0,sentinel1,after_P09,19,after,2025-01-17,2025-01-30,True,1.0
counterfactual_0004_03,counterfactual,treatment_0004,3.0,sentinel1,after_P10,20,after,2025-01-31,2025-02-13,True,1.0
counterfactual_0004_03,counterfactual,treatment_0004,3.0,sentinel2,before_P01,1,before,2024-05-10,2024-05-23,True,0.3782962454661308
counterfactual_0004_03,counterfactual,treatment_0004,3.0,sentinel2,before_P02,2,before,2024-05-24,2024-06-06,True,0.9231447897264974
counterfactual_0004_03,counterfactual,treatment_0004,3.0,sentinel2,before_P03,3,before,2024-06-07,2024-06-20,True,0.0
counterfactual_0004_03,counterfactual,treatment_0004,3.0,sentinel2,before_P04,4,before,2024-06-21,2024-07-04,True,0.2329183413390844
counterfactual_0004_03,counterfactual,treatment_0004,3.0,sentinel2,before_P05,5,before,2024-07-05,2024-07-18,True,0.8288403097735516
counterfactual_0004_03,counterfactual,treatment_0004,3.0,sentinel2,before_P06,6,before,2024-07-19,2024-08-01,True,0.0
counterfactual_0004_03,counterfactual,treatment_0004,3.0,sentinel2,before_P07,7,before,2024-08-02,2024-08-15,True,1.0
counterfactual_0004_03,counterfactual,treatment_0004,3.0,sentinel2,before_P08,8,before,2024-08-16,2024-08-29,True,1.0
counterfactual_0004_03,counterfactual,treatment_0004,3.0,sentinel2,before_P09,9,before,2024-08-30,2024-09-12,True,0.9193216351338104
counterfactual_0004_03,counterfactual,treatment_0004,3.0,sentinel2,before_P10,10,before,2024-09-13,2024-09-26,True,0.8281541025389668
counterfactual_0004_03,counterfactual,treatment_0004,3.0,sentinel2,after_P01,11,after,2024-09-27,2024-10-10,True,1.0
counterfactual_0004_03,counterfactual,treatment_0004,3.0,sentinel2,after_P02,12,after,2024-10-11,2024-10-24,True,1.0
counterfactual_0004_03,counterfactual,treatment_0004,3.0,sentinel2,after_P03,13,after,2024-10-25,2024-11-07,True,0.0
counterfactual_0004_03,counterfactual,treatment_0004,3.0,sentinel2,after_P04,14,after,2024-11-08,2024-11-21,True,0.0052935986667973
counterfactual_0004_03,counterfactual,treatment_0004,3.0,sentinel2,after_P05,15,after,2024-11-22,2024-12-05,False,
counterfactual_0004_03,counterfactual,treatment_0004,3.0,sentinel2,after_P06,16,after,2024-12-06,2024-12-19,True,0.8444270169591217
counterfactual_0004_03,counterfactual,treatment_0004,3.0,sentinel2,after_P07,17,after,2024-12-20,2025-01-02,True,0.0
counterfactual_0004_03,counterfactual,treatment_0004,3.0,sentinel2,after_P08,18,after,2025-01-03,2025-01-16,True,0.5142633075188707
counterfactual_0004_03,counterfactual,treatment_0004,3.0,sentinel2,after_P09,19,after,2025-01-17,2025-01-30,True,1.0
counterfactual_0004_03,counterfactual,treatment_0004,3.0,sentinel2,after_P10,20,after,2025-01-31,2025-02-13,True,1.0
counterfactual_0004_04,counterfactual,treatment_0004,4.0,sentinel1,before_P01,1,before,2024-05-10,2024-05-23,True,1.0
counterfactual_0004_04,counterfactual,treatment_0004,4.0,sentinel1,before_P02,2,before,2024-05-24,2024-06-06,True,1.0
counterfactual_0004_04,counterfactual,treatment_0004,4.0,sentinel1,before_P03,3,before,2024-06-07,2024-06-20,True,1.0
counterfactual_0004_04,counterfactual,treatment_0004,4.0,sentinel1,before_P04,4,before,2024-06-21,2024-07-04,True,1.0
counterfactual_0004_04,counterfactual,treatment_0004,4.0,sentinel1,before_P05,5,before,2024-07-05,2024-07-18,True,1.0
counterfactual_0004_04,counterfactual,treatment_0004,4.0,sentinel1,before_P06,6,before,2024-07-19,2024-08-01,True,1.0
counterfactual_0004_04,counterfactual,treatment_0004,4.0,sentinel1,before_P07,7,before,2024-08-02,2024-08-15,True,1.0
counterfactual_0004_04,counterfactual,treatment_0004,4.0,sentinel1,before_P08,8,before,2024-08-16,2024-08-29,True,1.0
counterfactual_0004_04,counterfactual,treatment_0004,4.0,sentinel1,before_P09,9,before,2024-08-30,2024-09-12,True,1.0
counterfactual_0004_04,counterfactual,treatment_0004,4.0,sentinel1,before_P10,10,before,2024-09-13,2024-09-26,True,1.0
counterfactual_0004_04,counterfactual,treatment_0004,4.0,sentinel1,after_P01,11,after,2024-09-27,2024-10-10,True,1.0
counterfactual_0004_04,counterfactual,treatment_0004,4.0,sentinel1,after_P02,12,after,2024-10-11,2024-10-24,True,1.0
counterfactual_0004_04,counterfactual,treatment_0004,4.0,sentinel1,after_P03,13,after,2024-10-25,2024-11-07,True,1.0
counterfactual_0004_04,counterfactual,treatment_0004,4.0,sentinel1,after_P04,14,after,2024-11-08,2024-11-21,True,1.0
counterfactual_0004_04,counterfactual,treatment_0004,4.0,sentinel1,after_P05,15,after,2024-11-22,2024-12-05,True,1.0
counterfactual_0004_04,counterfactual,treatment_0004,4.0,sentinel1,after_P06,16,after,2024-12-06,2024-12-19,True,1.0
counterfactual_0004_04,counterfactual,treatment_0004,4.0,sentinel1,after_P07,17,after,2024-12-20,2025-01-02,True,1.0
counterfactual_0004_04,counterfactual,treatment_0004,4.0,sentinel1,after_P08,18,after,2025-01-03,2025-01-16,True,1.0
counterfactual_0004_04,counterfactual,treatment_0004,4.0,sentinel1,after_P09,19,after,2025-01-17,2025-01-30,True,1.0
counterfactual_0004_04,counterfactual,treatment_0004,4.0,sentinel1,after_P10,20,after,2025-01-31,2025-02-13,True,1.0
counterfactual_0004_04,counterfactual,treatment_0004,4.0,sentinel2,before_P01,1,before,2024-05-10,2024-05-23,True,0.548867758062935
counterfactual_0004_04,counterfactual,treatment_0004,4.0,sentinel2,before_P02,2,before,2024-05-24,2024-06-06,True,0.9686305264189784
counterfactual_0004_04,counterfactual,treatment_0004,4.0,sentinel2,before_P03,3,before,2024-06-07,2024-06-20,True,0.0
counterfactual_0004_04,counterfactual,treatment_0004,4.0,sentinel2,before_P04,4,before,2024-06-21,2024-07-04,True,0.4637780609744142
counterfactual_0004_04,counterfactual,treatment_0004,4.0,sentinel2,before_P05,5,before,2024-07-05,2024-07-18,True,0.999411822370356
counterfactual_0004_04,counterfactual,treatment_0004,4.0,sentinel2,before_P06,6,before,2024-07-19,2024-08-01,True,0.3442799725517106
counterfactual_0004_04,counterfactual,treatment_0004,4.0,sentinel2,before_P07,7,before,2024-08-02,2024-08-15,True,0.5505342613469267
counterfactual_0004_04,counterfactual,treatment_0004,4.0,sentinel2,before_P08,8,before,2024-08-16,2024-08-29,True,0.9419664738751102
counterfactual_0004_04,counterfactual,treatment_0004,4.0,sentinel2,before_P09,9,before,2024-08-30,2024-09-12,True,0.1244975982746789
counterfactual_0004_04,counterfactual,treatment_0004,4.0,sentinel2,before_P10,10,before,2024-09-13,2024-09-26,True,0.9976472894814232
counterfactual_0004_04,counterfactual,treatment_0004,4.0,sentinel2,after_P01,11,after,2024-09-27,2024-10-10,True,1.0
counterfactual_0004_04,counterfactual,treatment_0004,4.0,sentinel2,after_P02,12,after,2024-10-11,2024-10-24,True,1.0
counterfactual_0004_04,counterfactual,treatment_0004,4.0,sentinel2,after_P03,13,after,2024-10-25,2024-11-07,True,0.0
counterfactual_0004_04,counterfactual,treatment_0004,4.0,sentinel2,after_P04,14,after,2024-11-08,2024-11-21,True,0.3918243309479463
counterfactual_0004_04,counterfactual,treatment_0004,4.0,sentinel2,after_P05,15,after,2024-11-22,2024-12-05,True,0.0
counterfactual_0004_04,counterfactual,treatment_0004,4.0,sentinel2,after_P06,16,after,2024-12-06,2024-12-19,True,0.0672483089893147
counterfactual_0004_04,counterfactual,treatment_0004,4.0,sentinel2,after_P07,17,after,2024-12-20,2025-01-02,True,0.0
counterfactual_0004_04,counterfactual,treatment_0004,4.0,sentinel2,after_P08,18,after,2025-01-03,2025-01-16,True,0.0423487893343789
counterfactual_0004_04,counterfactual,treatment_0004,4.0,sentinel2,after_P09,19,after,2025-01-17,2025-01-30,True,0.9707871777276738
counterfactual_0004_04,counterfactual,treatment_0004,4.0,sentinel2,after_P10,20,after,2025-01-31,2025-02-13,True,1.0
counterfactual_0004_05,counterfactual,treatment_0004,5.0,sentinel1,before_P01,1,before,2024-05-10,2024-05-23,True,0.9999019703950592
counterfactual_0004_05,counterfactual,treatment_0004,5.0,sentinel1,before_P02,2,before,2024-05-24,2024-06-06,True,0.9999019703950592
counterfactual_0004_05,counterfactual,treatment_0004,5.0,sentinel1,before_P03,3,before,2024-06-07,2024-06-20,True,0.9999019703950592
counterfactual_0004_05,counterfactual,treatment_0004,5.0,sentinel1,before_P04,4,before,2024-06-21,2024-07-04,True,0.9999019703950592
counterfactual_0004_05,counterfactual,treatment_0004,5.0,sentinel1,before_P05,5,before,2024-07-05,2024-07-18,True,0.9999019703950592
counterfactual_0004_05,counterfactual,treatment_0004,5.0,sentinel1,before_P06,6,before,2024-07-19,2024-08-01,True,0.9999019703950592
counterfactual_0004_05,counterfactual,treatment_0004,5.0,sentinel1,before_P07,7,before,2024-08-02,2024-08-15,True,0.9999019703950592
counterfactual_0004_05,counterfactual,treatment_0004,5.0,sentinel1,before_P08,8,before,2024-08-16,2024-08-29,True,0.9999019703950592
counterfactual_0004_05,counterfactual,treatment_0004,5.0,sentinel1,before_P09,9,before,2024-08-30,2024-09-12,True,0.9999019703950592
counterfactual_0004_05,counterfactual,treatment_0004,5.0,sentinel1,before_P10,10,before,2024-09-13,2024-09-26,True,0.9999019703950592
counterfactual_0004_05,counterfactual,treatment_0004,5.0,sentinel1,after_P01,11,after,2024-09-27,2024-10-10,True,0.9999019703950592
counterfactual_0004_05,counterfactual,treatment_0004,5.0,sentinel1,after_P02,12,after,2024-10-11,2024-10-24,True,0.9999019703950592
counterfactual_0004_05,counterfactual,treatment_0004,5.0,sentinel1,after_P03,13,after,2024-10-25,2024-11-07,True,0.9999019703950592
counterfactual_0004_05,counterfactual,treatment_0004,5.0,sentinel1,after_P04,14,after,2024-11-08,2024-11-21,True,0.9999019703950592
counterfactual_0004_05,counterfactual,treatment_0004,5.0,sentinel1,after_P05,15,after,2024-11-22,2024-12-05,True,0.9999019703950592
counterfactual_0004_05,counterfactual,treatment_0004,5.0,sentinel1,after_P06,16,after,2024-12-06,2024-12-19,True,0.9999019703950592
counterfactual_0004_05,counterfactual,treatment_0004,5.0,sentinel1,after_P07,17,after,2024-12-20,2025-01-02,True,0.9999019703950592
counterfactual_0004_05,counterfactual,treatment_0004,5.0,sentinel1,after_P08,18,after,2025-01-03,2025-01-16,True,0.9999019703950592
counterfactual_0004_05,counterfactual,treatment_0004,5.0,sentinel1,after_P09,19,after,2025-01-17,2025-01-30,True,0.9999019703950592
counterfactual_0004_05,counterfactual,treatment_0004,5.0,sentinel1,after_P10,20,after,2025-01-31,2025-02-13,True,0.9999019703950592
counterfactual_0004_05,counterfactual,treatment_0004,5.0,sentinel2,before_P01,1,before,2024-05-10,2024-05-23,True,0.0268601117537496
counterfactual_0004_05,counterfactual,treatment_0004,5.0,sentinel2,before_P02,2,before,2024-05-24,2024-06-06,True,0.046466032741888
counterfactual_0004_05,counterfactual,treatment_0004,5.0,sentinel2,before_P03,3,before,2024-06-07,2024-06-20,True,0.0
counterfactual_0004_05,counterfactual,treatment_0004,5.0,sentinel2,before_P04,4,before,2024-06-21,2024-07-04,True,0.711890991079306
counterfactual_0004_05,counterfactual,treatment_0004,5.0,sentinel2,before_P05,5,before,2024-07-05,2024-07-18,True,0.6314086854229978
counterfactual_0004_05,counterfactual,treatment_0004,5.0,sentinel2,before_P06,6,before,2024-07-19,2024-08-01,True,0.1223409469659837
counterfactual_0004_05,counterfactual,treatment_0004,5.0,sentinel2,before_P07,7,before,2024-08-02,2024-08-15,True,0.9012841878247232
counterfactual_0004_05,counterfactual,treatment_0004,5.0,sentinel2,before_P08,8,before,2024-08-16,2024-08-29,True,0.9999019703950592
counterfactual_0004_05,counterfactual,treatment_0004,5.0,sentinel2,before_P09,9,before,2024-08-30,2024-09-12,True,0.9615723948632487
counterfactual_0004_05,counterfactual,treatment_0004,5.0,sentinel2,before_P10,10,before,2024-09-13,2024-09-26,True,0.9999019703950592
counterfactual_0004_05,counterfactual,treatment_0004,5.0,sentinel2,after_P01,11,after,2024-09-27,2024-10-10,True,0.9999019703950592
counterfactual_0004_05,counterfactual,treatment_0004,5.0,sentinel2,after_P02,12,after,2024-10-11,2024-10-24,True,0.9999019703950592
counterfactual_0004_05,counterfactual,treatment_0004,5.0,sentinel2,after_P03,13,after,2024-10-25,2024-11-07,True,0.0121556710126458
counterfactual_0004_05,counterfactual,treatment_0004,5.0,sentinel2,after_P04,14,after,2024-11-08,2024-11-21,True,0.250563670228409
counterfactual_0004_05,counterfactual,treatment_0004,5.0,sentinel2,after_P05,15,after,2024-11-22,2024-12-05,True,0.0
counterfactual_0004_05,counterfactual,treatment_0004,5.0,sentinel2,after_P06,16,after,2024-12-06,2024-12-19,True,0.7263993726105283
counterfactual_0004_05,counterfactual,treatment_0004,5.0,sentinel2,after_P07,17,after,2024-12-20,2025-01-02,True,0.0423487893343789
counterfactual_0004_05,counterfactual,treatment_0004,5.0,sentinel2,after_P08,18,after,2025-01-03,2025-01-16,True,0.4111361631212626
counterfactual_0004_05,counterfactual,treatment_0004,5.0,sentinel2,after_P09,19,after,2025-01-17,2025-01-30,True,0.9238309969610824
counterfactual_0004_05,counterfactual,treatment_0004,5.0,sentinel2,after_P10,20,after,2025-01-31,2025-02-13,True,0.9983334967160082
counterfactual_0005_01,counterfactual,treatment_0005,1.0,sentinel1,before_P01,1,before,2024-05-10,2024-05-23,True,0.99009900990099
counterfactual_0005_01,counterfactual,treatment_0005,1.0,sentinel1,before_P02,2,before,2024-05-24,2024-06-06,True,0.99009900990099
counterfactual_0005_01,counterfactual,treatment_0005,1.0,sentinel1,before_P03,3,before,2024-06-07,2024-06-20,True,0.99009900990099
counterfactual_0005_01,counterfactual,treatment_0005,1.0,sentinel1,before_P04,4,before,2024-06-21,2024-07-04,True,0.99009900990099
counterfactual_0005_01,counterfactual,treatment_0005,1.0,sentinel1,before_P05,5,before,2024-07-05,2024-07-18,True,0.99009900990099
counterfactual_0005_01,counterfactual,treatment_0005,1.0,sentinel1,before_P06,6,before,2024-07-19,2024-08-01,True,0.99009900990099
counterfactual_0005_01,counterfactual,treatment_0005,1.0,sentinel1,before_P07,7,before,2024-08-02,2024-08-15,True,0.99009900990099
counterfactual_0005_01,counterfactual,treatment_0005,1.0,sentinel1,before_P08,8,before,2024-08-16,2024-08-29,True,0.99009900990099
counterfactual_0005_01,counterfactual,treatment_0005,1.0,sentinel1,before_P09,9,before,2024-08-30,2024-09-12,True,0.99009900990099
counterfactual_0005_01,counterfactual,treatment_0005,1.0,sentinel1,before_P10,10,before,2024-09-13,2024-09-26,True,0.99009900990099
counterfactual_0005_01,counterfactual,treatment_0005,1.0,sentinel1,after_P01,11,after,2024-09-27,2024-10-10,True,0.99009900990099
counterfactual_0005_01,counterfactual,treatment_0005,1.0,sentinel1,after_P02,12,after,2024-10-11,2024-10-24,True,0.99009900990099
counterfactual_0005_01,counterfactual,treatment_0005,1.0,sentinel1,after_P03,13,after,2024-10-25,2024-11-07,True,0.99009900990099
counterfactual_0005_01,counterfactual,treatment_0005,1.0,sentinel1,after_P04,14,after,2024-11-08,2024-11-21,True,0.99009900990099
counterfactual_0005_01,counterfactual,treatment_0005,1.0,sentinel1,after_P05,15,after,2024-11-22,2024-12-05,True,0.99009900990099
counterfactual_0005_01,counterfactual,treatment_0005,1.0,sentinel1,after_P06,16,after,2024-12-06,2024-12-19,True,0.99009900990099
counterfactual_0005_01,counterfactual,treatment_0005,1.0,sentinel1,after_P07,17,after,2024-12-20,2025-01-02,True,0.99009900990099
counterfactual_0005_01,counterfactual,treatment_0005,1.0,sentinel1,after_P08,18,after,2025-01-03,2025-01-16,True,0.99009900990099
counterfactual_0005_01,counterfactual,treatment_0005,1.0,sentinel1,after_P09,19,after,2025-01-17,2025-01-30,True,0.99009900990099
counterfactual_0005_01,counterfactual,treatment_0005,1.0,sentinel1,after_P10,20,after,2025-01-31,2025-02-13,True,0.99009900990099
counterfactual_0005_01,counterfactual,treatment_0005,1.0,sentinel2,before_P01,1,before,2024-05-10,2024-05-23,True,0.6728752083129105
counterfactual_0005_01,counterfactual,treatment_0005,1.0,sentinel2,before_P02,2,before,2024-05-24,2024-06-06,True,0.5922948730516616
counterfactual_0005_01,counterfactual,treatment_0005,1.0,sentinel2,before_P03,3,before,2024-06-07,2024-06-20,True,0.0662680129399078
counterfactual_0005_01,counterfactual,treatment_0005,1.0,sentinel2,before_P04,4,before,2024-06-21,2024-07-04,True,0.4901480247034604
counterfactual_0005_01,counterfactual,treatment_0005,1.0,sentinel2,before_P05,5,before,2024-07-05,2024-07-18,True,0.9028526615037742
counterfactual_0005_01,counterfactual,treatment_0005,1.0,sentinel2,before_P06,6,before,2024-07-19,2024-08-01,True,0.2160572492892853
counterfactual_0005_01,counterfactual,treatment_0005,1.0,sentinel2,before_P07,7,before,2024-08-02,2024-08-15,True,0.99009900990099
counterfactual_0005_01,counterfactual,treatment_0005,1.0,sentinel2,before_P08,8,before,2024-08-16,2024-08-29,True,0.99009900990099
counterfactual_0005_01,counterfactual,treatment_0005,1.0,sentinel2,before_P09,9,before,2024-08-30,2024-09-12,True,0.99009900990099
counterfactual_0005_01,counterfactual,treatment_0005,1.0,sentinel2,before_P10,10,before,2024-09-13,2024-09-26,True,0.99009900990099
counterfactual_0005_01,counterfactual,treatment_0005,1.0,sentinel2,after_P01,11,after,2024-09-27,2024-10-10,True,0.99009900990099
counterfactual_0005_01,counterfactual,treatment_0005,1.0,sentinel2,after_P02,12,after,2024-10-11,2024-10-24,True,0.99009900990099
counterfactual_0005_01,counterfactual,treatment_0005,1.0,sentinel2,after_P03,13,after,2024-10-25,2024-11-07,True,0.0
counterfactual_0005_01,counterfactual,treatment_0005,1.0,sentinel2,after_P04,14,after,2024-11-08,2024-11-21,True,0.3319282423291834
counterfactual_0005_01,counterfactual,treatment_0005,1.0,sentinel2,after_P05,15,after,2024-11-22,2024-12-05,True,0.0
counterfactual_0005_01,counterfactual,treatment_0005,1.0,sentinel2,after_P06,16,after,2024-12-06,2024-12-19,True,0.5454367218900108
counterfactual_0005_01,counterfactual,treatment_0005,1.0,sentinel2,after_P07,17,after,2024-12-20,2025-01-02,True,0.0
counterfactual_0005_01,counterfactual,treatment_0005,1.0,sentinel2,after_P08,18,after,2025-01-03,2025-01-16,True,0.0
counterfactual_0005_01,counterfactual,treatment_0005,1.0,sentinel2,after_P09,19,after,2025-01-17,2025-01-30,True,0.8877561023429076
counterfactual_0005_01,counterfactual,treatment_0005,1.0,sentinel2,after_P10,20,after,2025-01-31,2025-02-13,True,0.8924615233800608
counterfactual_0005_02,counterfactual,treatment_0005,2.0,sentinel1,before_P01,1,before,2024-05-10,2024-05-23,True,1.0
counterfactual_0005_02,counterfactual,treatment_0005,2.0,sentinel1,before_P02,2,before,2024-05-24,2024-06-06,True,1.0
counterfactual_0005_02,counterfactual,treatment_0005,2.0,sentinel1,before_P03,3,before,2024-06-07,2024-06-20,True,1.0
counterfactual_0005_02,counterfactual,treatment_0005,2.0,sentinel1,before_P04,4,before,2024-06-21,2024-07-04,True,1.0
counterfactual_0005_02,counterfactual,treatment_0005,2.0,sentinel1,before_P05,5,before,2024-07-05,2024-07-18,True,1.0
counterfactual_0005_02,counterfactual,treatment_0005,2.0,sentinel1,before_P06,6,before,2024-07-19,2024-08-01,True,1.0
counterfactual_0005_02,counterfactual,treatment_0005,2.0,sentinel1,before_P07,7,before,2024-08-02,2024-08-15,True,1.0
counterfactual_0005_02,counterfactual,treatment_0005,2.0,sentinel1,before_P08,8,before,2024-08-16,2024-08-29,True,1.0
counterfactual_0005_02,counterfactual,treatment_0005,2.0,sentinel1,before_P09,9,before,2024-08-30,2024-09-12,True,1.0
counterfactual_0005_02,counterfactual,treatment_0005,2.0,sentinel1,before_P10,10,before,2024-09-13,2024-09-26,True,1.0
counterfactual_0005_02,counterfactual,treatment_0005,2.0,sentinel1,after_P01,11,after,2024-09-27,2024-10-10,True,1.0
counterfactual_0005_02,counterfactual,treatment_0005,2.0,sentinel1,after_P02,12,after,2024-10-11,2024-10-24,True,1.0
counterfactual_0005_02,counterfactual,treatment_0005,2.0,sentinel1,after_P03,13,after,2024-10-25,2024-11-07,True,1.0
counterfactual_0005_02,counterfactual,treatment_0005,2.0,sentinel1,after_P04,14,after,2024-11-08,2024-11-21,True,1.0
counterfactual_0005_02,counterfactual,treatment_0005,2.0,sentinel1,after_P05,15,after,2024-11-22,2024-12-05,True,1.0
counterfactual_0005_02,counterfactual,treatment_0005,2.0,sentinel1,after_P06,16,after,2024-12-06,2024-12-19,True,1.0
counterfactual_0005_02,counterfactual,treatment_0005,2.0,sentinel1,after_P07,17,after,2024-12-20,2025-01-02,True,1.0
counterfactual_0005_02,counterfactual,treatment_0005,2.0,sentinel1,after_P08,18,after,2025-01-03,2025-01-16,True,1.0
counterfactual_0005_02,counterfactual,treatment_0005,2.0,sentinel1,after_P09,19,after,2025-01-17,2025-01-30,True,1.0
counterfactual_0005_02,counterfactual,treatment_0005,2.0,sentinel1,after_P10,20,after,2025-01-31,2025-02-13,True,1.0
counterfactual_0005_02,counterfactual,treatment_0005,2.0,sentinel2,before_P01,1,before,2024-05-10,2024-05-23,True,0.2023331045975884
counterfactual_0005_02,counterfactual,treatment_0005,2.0,sentinel2,before_P02,2,before,2024-05-24,2024-06-06,True,0.9758847171845898
counterfactual_0005_02,counterfactual,treatment_0005,2.0,sentinel2,before_P03,3,before,2024-06-07,2024-06-20,True,0.0
counterfactual_0005_02,counterfactual,treatment_0005,2.0,sentinel2,before_P04,4,before,2024-06-21,2024-07-04,True,0.727477698264876
counterfactual_0005_02,counterfactual,treatment_0005,2.0,sentinel2,before_P05,5,before,2024-07-05,2024-07-18,True,0.9082442897755122
counterfactual_0005_02,counterfactual,treatment_0005,2.0,sentinel2,before_P06,6,before,2024-07-19,2024-08-01,True,0.0
counterfactual_0005_02,counterfactual,treatment_0005,2.0,sentinel2,before_P07,7,before,2024-08-02,2024-08-15,True,0.633565336731693
counterfactual_0005_02,counterfactual,treatment_0005,2.0,sentinel2,before_P08,8,before,2024-08-16,2024-08-29,True,1.0
counterfactual_0005_02,counterfactual,treatment_0005,2.0,sentinel2,before_P09,9,before,2024-08-30,2024-09-12,True,0.433290853837859
counterfactual_0005_02,counterfactual,treatment_0005,2.0,sentinel2,before_P10,10,before,2024-09-13,2024-09-26,True,0.9564748554063328
counterfactual_0005_02,counterfactual,treatment_0005,2.0,sentinel2,after_P01,11,after,2024-09-27,2024-10-10,True,1.0
counterfactual_0005_02,counterfactual,treatment_0005,2.0,sentinel2,after_P02,12,after,2024-10-11,2024-10-24,True,1.0
counterfactual_0005_02,counterfactual,treatment_0005,2.0,sentinel2,after_P03,13,after,2024-10-25,2024-11-07,True,0.0
counterfactual_0005_02,counterfactual,treatment_0005,2.0,sentinel2,after_P04,14,after,2024-11-08,2024-11-21,True,0.5480835212234094
counterfactual_0005_02,counterfactual,treatment_0005,2.0,sentinel2,after_P05,15,after,2024-11-22,2024-12-05,True,0.0
counterfactual_0005_02,counterfactual,treatment_0005,2.0,sentinel2,after_P06,16,after,2024-12-06,2024-12-19,True,0.1535143613371238
counterfactual_0005_02,counterfactual,treatment_0005,2.0,sentinel2,after_P07,17,after,2024-12-20,2025-01-02,True,0.0
counterfactual_0005_02,counterfactual,treatment_0005,2.0,sentinel2,after_P08,18,after,2025-01-03,2025-01-16,True,0.0697970787177727
counterfactual_0005_02,counterfactual,treatment_0005,2.0,sentinel2,after_P09,19,after,2025-01-17,2025-01-30,True,0.9905891579256936
counterfactual_0005_02,counterfactual,treatment_0005,2.0,sentinel2,after_P10,20,after,2025-01-31,2025-02-13,True,1.0
counterfactual_0005_03,counterfactual,treatment_0005,3.0,sentinel1,before_P01,1,before,2024-05-10,2024-05-23,True,1.0
counterfactual_0005_03,counterfactual,treatment_0005,3.0,sentinel1,before_P02,2,before,2024-05-24,2024-06-06,True,1.0
counterfactual_0005_03,counterfactual,treatment_0005,3.0,sentinel1,before_P03,3,before,2024-06-07,2024-06-20,True,1.0
counterfactual_0005_03,counterfactual,treatment_0005,3.0,sentinel1,before_P04,4,before,2024-06-21,2024-07-04,True,1.0
counterfactual_0005_03,counterfactual,treatment_0005,3.0,sentinel1,before_P05,5,before,2024-07-05,2024-07-18,True,1.0
counterfactual_0005_03,counterfactual,treatment_0005,3.0,sentinel1,before_P06,6,before,2024-07-19,2024-08-01,True,1.0
counterfactual_0005_03,counterfactual,treatment_0005,3.0,sentinel1,before_P07,7,before,2024-08-02,2024-08-15,True,1.0
counterfactual_0005_03,counterfactual,treatment_0005,3.0,sentinel1,before_P08,8,before,2024-08-16,2024-08-29,True,1.0
counterfactual_0005_03,counterfactual,treatment_0005,3.0,sentinel1,before_P09,9,before,2024-08-30,2024-09-12,True,1.0
counterfactual_0005_03,counterfactual,treatment_0005,3.0,sentinel1,before_P10,10,before,2024-09-13,2024-09-26,True,1.0
counterfactual_0005_03,counterfactual,treatment_0005,3.0,sentinel1,after_P01,11,after,2024-09-27,2024-10-10,True,1.0
counterfactual_0005_03,counterfactual,treatment_0005,3.0,sentinel1,after_P02,12,after,2024-10-11,2024-10-24,True,1.0
counterfactual_0005_03,counterfactual,treatment_0005,3.0,sentinel1,after_P03,13,after,2024-10-25,2024-11-07,True,1.0
counterfactual_0005_03,counterfactual,treatment_0005,3.0,sentinel1,after_P04,14,after,2024-11-08,2024-11-21,True,1.0
counterfactual_0005_03,counterfactual,treatment_0005,3.0,sentinel1,after_P05,15,after,2024-11-22,2024-12-05,True,1.0
counterfactual_0005_03,counterfactual,treatment_0005,3.0,sentinel1,after_P06,16,after,2024-12-06,2024-12-19,True,1.0
counterfactual_0005_03,counterfactual,treatment_0005,3.0,sentinel1,after_P07,17,after,2024-12-20,2025-01-02,True,1.0
counterfactual_0005_03,counterfactual,treatment_0005,3.0,sentinel1,after_P08,18,after,2025-01-03,2025-01-16,True,1.0
counterfactual_0005_03,counterfactual,treatment_0005,3.0,sentinel1,after_P09,19,after,2025-01-17,2025-01-30,True,1.0
counterfactual_0005_03,counterfactual,treatment_0005,3.0,sentinel1,after_P10,20,after,2025-01-31,2025-02-13,True,1.0
counterfactual_0005_03,counterfactual,treatment_0005,3.0,sentinel2,before_P01,1,before,2024-05-10,2024-05-23,True,0.8896186648367808
counterfactual_0005_03,counterfactual,treatment_0005,3.0,sentinel2,before_P02,2,before,2024-05-24,2024-06-06,True,0.0992059601999803
counterfactual_0005_03,counterfactual,treatment_0005,3.0,sentinel2,before_P03,3,before,2024-06-07,2024-06-20,True,0.0
counterfactual_0005_03,counterfactual,treatment_0005,3.0,sentinel2,before_P04,4,before,2024-06-21,2024-07-04,True,0.8115870993039898
counterfactual_0005_03,counterfactual,treatment_0005,3.0,sentinel2,before_P05,5,before,2024-07-05,2024-07-18,True,0.9615723948632487
counterfactual_0005_03,counterfactual,treatment_0005,3.0,sentinel2,before_P06,6,before,2024-07-19,2024-08-01,True,0.2086069993137927
counterfactual_0005_03,counterfactual,treatment_0005,3.0,sentinel2,before_P07,7,before,2024-08-02,2024-08-15,True,0.9988236447407116
counterfactual_0005_03,counterfactual,treatment_0005,3.0,sentinel2,before_P08,8,before,2024-08-16,2024-08-29,True,0.8849132437996274
counterfactual_0005_03,counterfactual,treatment_0005,3.0,sentinel2,before_P09,9,before,2024-08-30,2024-09-12,True,1.0
counterfactual_0005_03,counterfactual,treatment_0005,3.0,sentinel2,before_P10,10,before,2024-09-13,2024-09-26,True,1.0
counterfactual_0005_03,counterfactual,treatment_0005,3.0,sentinel2,after_P01,11,after,2024-09-27,2024-10-10,True,1.0
counterfactual_0005_03,counterfactual,treatment_0005,3.0,sentinel2,after_P02,12,after,2024-10-11,2024-10-24,True,1.0
counterfactual_0005_03,counterfactual,treatment_0005,3.0,sentinel2,after_P03,13,after,2024-10-25,2024-11-07,True,0.0058817762964415
counterfactual_0005_03,counterfactual,treatment_0005,3.0,sentinel2,after_P04,14,after,2024-11-08,2024-11-21,True,0.3900597980590138
counterfactual_0005_03,counterfactual,treatment_0005,3.0,sentinel2,after_P05,15,after,2024-11-22,2024-12-05,True,0.0
counterfactual_0005_03,counterfactual,treatment_0005,3.0,sentinel2,after_P06,16,after,2024-12-06,2024-12-19,True,0.3195765121066562
counterfactual_0005_03,counterfactual,treatment_0005,3.0,sentinel2,after_P07,17,after,2024-12-20,2025-01-02,True,0.0
counterfactual_0005_03,counterfactual,treatment_0005,3.0,sentinel2,after_P08,18,after,2025-01-03,2025-01-16,True,0.05666111165572
counterfactual_0005_03,counterfactual,treatment_0005,3.0,sentinel2,after_P09,19,after,2025-01-17,2025-01-30,True,1.0
counterfactual_0005_03,counterfactual,treatment_0005,3.0,sentinel2,after_P10,20,after,2025-01-31,2025-02-13,True,0.9427507107146358
counterfactual_0005_04,counterfactual,treatment_0005,4.0,sentinel1,before_P01,1,before,2024-05-10,2024-05-23,True,1.0
counterfactual_0005_04,counterfactual,treatment_0005,4.0,sentinel1,before_P02,2,before,2024-05-24,2024-06-06,True,1.0
counterfactual_0005_04,counterfactual,treatment_0005,4.0,sentinel1,before_P03,3,before,2024-06-07,2024-06-20,True,1.0
counterfactual_0005_04,counterfactual,treatment_0005,4.0,sentinel1,before_P04,4,before,2024-06-21,2024-07-04,True,1.0
counterfactual_0005_04,counterfactual,treatment_0005,4.0,sentinel1,before_P05,5,before,2024-07-05,2024-07-18,True,1.0
counterfactual_0005_04,counterfactual,treatment_0005,4.0,sentinel1,before_P06,6,before,2024-07-19,2024-08-01,True,1.0
counterfactual_0005_04,counterfactual,treatment_0005,4.0,sentinel1,before_P07,7,before,2024-08-02,2024-08-15,True,1.0
counterfactual_0005_04,counterfactual,treatment_0005,4.0,sentinel1,before_P08,8,before,2024-08-16,2024-08-29,True,1.0
counterfactual_0005_04,counterfactual,treatment_0005,4.0,sentinel1,before_P09,9,before,2024-08-30,2024-09-12,True,1.0
counterfactual_0005_04,counterfactual,treatment_0005,4.0,sentinel1,before_P10,10,before,2024-09-13,2024-09-26,True,1.0
counterfactual_0005_04,counterfactual,treatment_0005,4.0,sentinel1,after_P01,11,after,2024-09-27,2024-10-10,True,1.0
counterfactual_0005_04,counterfactual,treatment_0005,4.0,sentinel1,after_P02,12,after,2024-10-11,2024-10-24,True,1.0
counterfactual_0005_04,counterfactual,treatment_0005,4.0,sentinel1,after_P03,13,after,2024-10-25,2024-11-07,True,1.0
counterfactual_0005_04,counterfactual,treatment_0005,4.0,sentinel1,after_P04,14,after,2024-11-08,2024-11-21,True,1.0
counterfactual_0005_04,counterfactual,treatment_0005,4.0,sentinel1,after_P05,15,after,2024-11-22,2024-12-05,True,1.0
counterfactual_0005_04,counterfactual,treatment_0005,4.0,sentinel1,after_P06,16,after,2024-12-06,2024-12-19,True,1.0
counterfactual_0005_04,counterfactual,treatment_0005,4.0,sentinel1,after_P07,17,after,2024-12-20,2025-01-02,True,1.0
counterfactual_0005_04,counterfactual,treatment_0005,4.0,sentinel1,after_P08,18,after,2025-01-03,2025-01-16,True,1.0
counterfactual_0005_04,counterfactual,treatment_0005,4.0,sentinel1,after_P09,19,after,2025-01-17,2025-01-30,True,1.0
counterfactual_0005_04,counterfactual,treatment_0005,4.0,sentinel1,after_P10,20,after,2025-01-31,2025-02-13,True,1.0
counterfactual_0005_04,counterfactual,treatment_0005,4.0,sentinel2,before_P01,1,before,2024-05-10,2024-05-23,True,1.0
counterfactual_0005_04,counterfactual,treatment_0005,4.0,sentinel2,before_P02,2,before,2024-05-24,2024-06-06,True,0.7043427114988726
counterfactual_0005_04,counterfactual,treatment_0005,4.0,sentinel2,before_P03,3,before,2024-06-07,2024-06-20,True,0.0
counterfactual_0005_04,counterfactual,treatment_0005,4.0,sentinel2,before_P04,4,before,2024-06-21,2024-07-04,True,1.0
counterfactual_0005_04,counterfactual,treatment_0005,4.0,sentinel2,before_P05,5,before,2024-07-05,2024-07-18,True,1.0
counterfactual_0005_04,counterfactual,treatment_0005,4.0,sentinel2,before_P06,6,before,2024-07-19,2024-08-01,True,0.6557200274482894
counterfactual_0005_04,counterfactual,treatment_0005,4.0,sentinel2,before_P07,7,before,2024-08-02,2024-08-15,True,1.0
counterfactual_0005_04,counterfactual,treatment_0005,4.0,sentinel2,before_P08,8,before,2024-08-16,2024-08-29,True,1.0
counterfactual_0005_04,counterfactual,treatment_0005,4.0,sentinel2,before_P09,9,before,2024-08-30,2024-09-12,True,0.7119890206842466
counterfactual_0005_04,counterfactual,treatment_0005,4.0,sentinel2,before_P10,10,before,2024-09-13,2024-09-26,True,1.0
counterfactual_0005_04,counterfactual,treatment_0005,4.0,sentinel2,after_P01,11,after,2024-09-27,2024-10-10,True,1.0
counterfactual_0005_04,counterfactual,treatment_0005,4.0,sentinel2,after_P02,12,after,2024-10-11,2024-10-24,True,1.0
counterfactual_0005_04,counterfactual,treatment_0005,4.0,sentinel2,after_P03,13,after,2024-10-25,2024-11-07,True,0.3848642289971571
counterfactual_0005_04,counterfactual,treatment_0005,4.0,sentinel2,after_P04,14,after,2024-11-08,2024-11-21,True,0.4120184295657288
counterfactual_0005_04,counterfactual,treatment_0005,4.0,sentinel2,after_P05,15,after,2024-11-22,2024-12-05,True,0.0
counterfactual_0005_04,counterfactual,treatment_0005,4.0,sentinel2,after_P06,16,after,2024-12-06,2024-12-19,True,0.1491030291147926
counterfactual_0005_04,counterfactual,treatment_0005,4.0,sentinel2,after_P07,17,after,2024-12-20,2025-01-02,True,0.0
counterfactual_0005_04,counterfactual,treatment_0005,4.0,sentinel2,after_P08,18,after,2025-01-03,2025-01-16,True,0.506224879913734
counterfactual_0005_04,counterfactual,treatment_0005,4.0,sentinel2,after_P09,19,after,2025-01-17,2025-01-30,True,0.928340358788354
counterfactual_0005_04,counterfactual,treatment_0005,4.0,sentinel2,after_P10,20,after,2025-01-31,2025-02-13,True,1.0
counterfactual_0005_05,counterfactual,treatment_0005,5.0,sentinel1,before_P01,1,before,2024-05-10,2024-05-23,True,1.0
counterfactual_0005_05,counterfactual,treatment_0005,5.0,sentinel1,before_P02,2,before,2024-05-24,2024-06-06,True,1.0
counterfactual_0005_05,counterfactual,treatment_0005,5.0,sentinel1,before_P03,3,before,2024-06-07,2024-06-20,True,1.0
counterfactual_0005_05,counterfactual,treatment_0005,5.0,sentinel1,before_P04,4,before,2024-06-21,2024-07-04,True,1.0
counterfactual_0005_05,counterfactual,treatment_0005,5.0,sentinel1,before_P05,5,before,2024-07-05,2024-07-18,True,1.0
counterfactual_0005_05,counterfactual,treatment_0005,5.0,sentinel1,before_P06,6,before,2024-07-19,2024-08-01,True,1.0
counterfactual_0005_05,counterfactual,treatment_0005,5.0,sentinel1,before_P07,7,before,2024-08-02,2024-08-15,True,1.0
counterfactual_0005_05,counterfactual,treatment_0005,5.0,sentinel1,before_P08,8,before,2024-08-16,2024-08-29,True,1.0
counterfactual_0005_05,counterfactual,treatment_0005,5.0,sentinel1,before_P09,9,before,2024-08-30,2024-09-12,True,1.0
counterfactual_0005_05,counterfactual,treatment_0005,5.0,sentinel1,before_P10,10,before,2024-09-13,2024-09-26,True,1.0
counterfactual_0005_05,counterfactual,treatment_0005,5.0,sentinel1,after_P01,11,after,2024-09-27,2024-10-10,True,1.0
counterfactual_0005_05,counterfactual,treatment_0005,5.0,sentinel1,after_P02,12,after,2024-10-11,2024-10-24,True,1.0
counterfactual_0005_05,counterfactual,treatment_0005,5.0,sentinel1,after_P03,13,after,2024-10-25,2024-11-07,True,1.0
counterfactual_0005_05,counterfactual,treatment_0005,5.0,sentinel1,after_P04,14,after,2024-11-08,2024-11-21,True,1.0
counterfactual_0005_05,counterfactual,treatment_0005,5.0,sentinel1,after_P05,15,after,2024-11-22,2024-12-05,True,1.0
counterfactual_0005_05,counterfactual,treatment_0005,5.0,sentinel1,after_P06,16,after,2024-12-06,2024-12-19,True,1.0
counterfactual_0005_05,counterfactual,treatment_0005,5.0,sentinel1,after_P07,17,after,2024-12-20,2025-01-02,True,1.0
counterfactual_0005_05,counterfactual,treatment_0005,5.0,sentinel1,after_P08,18,after,2025-01-03,2025-01-16,True,1.0
counterfactual_0005_05,counterfactual,treatment_0005,5.0,sentinel1,after_P09,19,after,2025-01-17,2025-01-30,True,1.0
counterfactual_0005_05,counterfactual,treatment_0005,5.0,sentinel1,after_P10,20,after,2025-01-31,2025-02-13,True,1.0
counterfactual_0005_05,counterfactual,treatment_0005,5.0,sentinel2,before_P01,1,before,2024-05-10,2024-05-23,True,1.0
counterfactual_0005_05,counterfactual,treatment_0005,5.0,sentinel2,before_P02,2,before,2024-05-24,2024-06-06,True,0.9727477698264876
counterfactual_0005_05,counterfactual,treatment_0005,5.0,sentinel2,before_P03,3,before,2024-06-07,2024-06-20,True,0.7566905205372022
counterfactual_0005_05,counterfactual,treatment_0005,5.0,sentinel2,before_P04,4,before,2024-06-21,2024-07-04,True,0.7921772375257328
counterfactual_0005_05,counterfactual,treatment_0005,5.0,sentinel2,before_P05,5,before,2024-07-05,2024-07-18,True,1.0
counterfactual_0005_05,counterfactual,treatment_0005,5.0,sentinel2,before_P06,6,before,2024-07-19,2024-08-01,True,0.0799921576316047
counterfactual_0005_05,counterfactual,treatment_0005,5.0,sentinel2,before_P07,7,before,2024-08-02,2024-08-15,True,1.0
counterfactual_0005_05,counterfactual,treatment_0005,5.0,sentinel2,before_P08,8,before,2024-08-16,2024-08-29,True,0.4577002254680913
counterfactual_0005_05,counterfactual,treatment_0005,5.0,sentinel2,before_P09,9,before,2024-08-30,2024-09-12,True,0.283991765513185
counterfactual_0005_05,counterfactual,treatment_0005,5.0,sentinel2,before_P10,10,before,2024-09-13,2024-09-26,True,1.0
counterfactual_0005_05,counterfactual,treatment_0005,5.0,sentinel2,after_P01,11,after,2024-09-27,2024-10-10,True,1.0
counterfactual_0005_05,counterfactual,treatment_0005,5.0,sentinel2,after_P02,12,after,2024-10-11,2024-10-24,True,1.0
counterfactual_0005_05,counterfactual,treatment_0005,5.0,sentinel2,after_P03,13,after,2024-10-25,2024-11-07,True,0.4488775610234291
counterfactual_0005_05,counterfactual,treatment_0005,5.0,sentinel2,after_P04,14,after,2024-11-08,2024-11-21,True,0.1174394667189491
counterfactual_0005_05,counterfactual,treatment_0005,5.0,sentinel2,after_P05,15,after,2024-11-22,2024-12-05,True,0.0069601019507891
counterfactual_0005_05,counterfactual,treatment_0005,5.0,sentinel2,after_P06,16,after,2024-12-06,2024-12-19,True,0.0007842368395255
counterfactual_0005_05,counterfactual,treatment_0005,5.0,sentinel2,after_P07,17,after,2024-12-20,2025-01-02,True,0.4956376825801392
counterfactual_0005_05,counterfactual,treatment_0005,5.0,sentinel2,after_P08,18,after,2025-01-03,2025-01-16,True,0.1188118811881188
counterfactual_0005_05,counterfactual,treatment_0005,5.0,sentinel2,after_P09,19,after,2025-01-17,2025-01-30,True,0.6742476227820802
counterfactual_0005_05,counterfactual,treatment_0005,5.0,sentinel2,after_P10,20,after,2025-01-31,2025-02-13,True,1.0
counterfactual_0006_01,counterfactual,treatment_0006,1.0,sentinel1,before_P01,1,before,2024-05-10,2024-05-23,True,1.0
counterfactual_0006_01,counterfactual,treatment_0006,1.0,sentinel1,before_P02,2,before,2024-05-24,2024-06-06,True,1.0
counterfactual_0006_01,counterfactual,treatment_0006,1.0,sentinel1,before_P03,3,before,2024-06-07,2024-06-20,True,1.0
counterfactual_0006_01,counterfactual,treatment_0006,1.0,sentinel1,before_P04,4,before,2024-06-21,2024-07-04,True,1.0
counterfactual_0006_01,counterfactual,treatment_0006,1.0,sentinel1,before_P05,5,before,2024-07-05,2024-07-18,True,1.0
counterfactual_0006_01,counterfactual,treatment_0006,1.0,sentinel1,before_P06,6,before,2024-07-19,2024-08-01,True,1.0
counterfactual_0006_01,counterfactual,treatment_0006,1.0,sentinel1,before_P07,7,before,2024-08-02,2024-08-15,True,1.0
counterfactual_0006_01,counterfactual,treatment_0006,1.0,sentinel1,before_P08,8,before,2024-08-16,2024-08-29,True,1.0
counterfactual_0006_01,counterfactual,treatment_0006,1.0,sentinel1,before_P09,9,before,2024-08-30,2024-09-12,True,1.0
counterfactual_0006_01,counterfactual,treatment_0006,1.0,sentinel1,before_P10,10,before,2024-09-13,2024-09-26,True,1.0
counterfactual_0006_01,counterfactual,treatment_0006,1.0,sentinel1,after_P01,11,after,2024-09-27,2024-10-10,True,1.0
counterfactual_0006_01,counterfactual,treatment_0006,1.0,sentinel1,after_P02,12,after,2024-10-11,2024-10-24,False,
counterfactual_0006_01,counterfactual,treatment_0006,1.0,sentinel1,after_P03,13,after,2024-10-25,2024-11-07,True,1.0
counterfactual_0006_01,counterfactual,treatment_0006,1.0,sentinel1,after_P04,14,after,2024-11-08,2024-11-21,True,1.0
counterfactual_0006_01,counterfactual,treatment_0006,1.0,sentinel1,after_P05,15,after,2024-11-22,2024-12-05,False,
counterfactual_0006_01,counterfactual,treatment_0006,1.0,sentinel1,after_P06,16,after,2024-12-06,2024-12-19,True,1.0
counterfactual_0006_01,counterfactual,treatment_0006,1.0,sentinel1,after_P07,17,after,2024-12-20,2025-01-02,True,1.0
counterfactual_0006_01,counterfactual,treatment_0006,1.0,sentinel1,after_P08,18,after,2025-01-03,2025-01-16,True,1.0
counterfactual_0006_01,counterfactual,treatment_0006,1.0,sentinel1,after_P09,19,after,2025-01-17,2025-01-30,True,1.0
counterfactual_0006_01,counterfactual,treatment_0006,1.0,sentinel1,after_P10,20,after,2025-01-31,2025-02-13,True,1.0
counterfactual_0006_01,counterfactual,treatment_0006,1.0,sentinel2,before_P01,1,before,2024-05-10,2024-05-23,True,0.9890206842466424
counterfactual_0006_01,counterfactual,treatment_0006,1.0,sentinel2,before_P02,2,before,2024-05-24,2024-06-06,True,0.9921576316047448
counterfactual_0006_01,counterfactual,treatment_0006,1.0,sentinel2,before_P03,3,before,2024-06-07,2024-06-20,True,0.0
counterfactual_0006_01,counterfactual,treatment_0006,1.0,sentinel2,before_P04,4,before,2024-06-21,2024-07-04,True,1.0
counterfactual_0006_01,counterfactual,treatment_0006,1.0,sentinel2,before_P05,5,before,2024-07-05,2024-07-18,True,0.9454955396529752
counterfactual_0006_01,counterfactual,treatment_0006,1.0,sentinel2,before_P06,6,before,2024-07-19,2024-08-01,True,0.0
counterfactual_0006_01,counterfactual,treatment_0006,1.0,sentinel2,before_P07,7,before,2024-08-02,2024-08-15,True,0.1292030193118321
counterfactual_0006_01,counterfactual,treatment_0006,1.0,sentinel2,before_P08,8,before,2024-08-16,2024-08-29,True,1.0
counterfactual_0006_01,counterfactual,treatment_0006,1.0,sentinel2,before_P09,9,before,2024-08-30,2024-09-12,True,0.6694441721399863
counterfactual_0006_01,counterfactual,treatment_0006,1.0,sentinel2,before_P10,10,before,2024-09-13,2024-09-26,True,1.0
counterfactual_0006_01,counterfactual,treatment_0006,1.0,sentinel2,after_P01,11,after,2024-09-27,2024-10-10,True,1.0
counterfactual_0006_01,counterfactual,treatment_0006,1.0,sentinel2,after_P02,12,after,2024-10-11,2024-10-24,True,1.0
counterfactual_0006_01,counterfactual,treatment_0006,1.0,sentinel2,after_P03,13,after,2024-10-25,2024-11-07,True,0.0
counterfactual_0006_01,counterfactual,treatment_0006,1.0,sentinel2,after_P04,14,after,2024-11-08,2024-11-21,True,1.0
counterfactual_0006_01,counterfactual,treatment_0006,1.0,sentinel2,after_P05,15,after,2024-11-22,2024-12-05,False,
counterfactual_0006_01,counterfactual,treatment_0006,1.0,sentinel2,after_P06,16,after,2024-12-06,2024-12-19,True,0.6436623860405842
counterfactual_0006_01,counterfactual,treatment_0006,1.0,sentinel2,after_P07,17,after,2024-12-20,2025-01-02,True,0.0
counterfactual_0006_01,counterfactual,treatment_0006,1.0,sentinel2,after_P08,18,after,2025-01-03,2025-01-16,True,0.3870208803058523
counterfactual_0006_01,counterfactual,treatment_0006,1.0,sentinel2,after_P09,19,after,2025-01-17,2025-01-30,True,0.9001078325654348
counterfactual_0006_01,counterfactual,treatment_0006,1.0,sentinel2,after_P10,20,after,2025-01-31,2025-02-13,True,1.0
counterfactual_0006_02,counterfactual,treatment_0006,2.0,sentinel1,before_P01,1,before,2024-05-10,2024-05-23,True,1.0
counterfactual_0006_02,counterfactual,treatment_0006,2.0,sentinel1,before_P02,2,before,2024-05-24,2024-06-06,True,1.0
counterfactual_0006_02,counterfactual,treatment_0006,2.0,sentinel1,before_P03,3,before,2024-06-07,2024-06-20,True,1.0
counterfactual_0006_02,counterfactual,treatment_0006,2.0,sentinel1,before_P04,4,before,2024-06-21,2024-07-04,True,1.0
counterfactual_0006_02,counterfactual,treatment_0006,2.0,sentinel1,before_P05,5,before,2024-07-05,2024-07-18,True,1.0
counterfactual_0006_02,counterfactual,treatment_0006,2.0,sentinel1,before_P06,6,before,2024-07-19,2024-08-01,True,1.0
counterfactual_0006_02,counterfactual,treatment_0006,2.0,sentinel1,before_P07,7,before,2024-08-02,2024-08-15,True,1.0
counterfactual_0006_02,counterfactual,treatment_0006,2.0,sentinel1,before_P08,8,before,2024-08-16,2024-08-29,True,1.0
counterfactual_0006_02,counterfactual,treatment_0006,2.0,sentinel1,before_P09,9,before,2024-08-30,2024-09-12,True,1.0
counterfactual_0006_02,counterfactual,treatment_0006,2.0,sentinel1,before_P10,10,before,2024-09-13,2024-09-26,True,1.0
counterfactual_0006_02,counterfactual,treatment_0006,2.0,sentinel1,after_P01,11,after,2024-09-27,2024-10-10,True,1.0
counterfactual_0006_02,counterfactual,treatment_0006,2.0,sentinel1,after_P02,12,after,2024-10-11,2024-10-24,False,
counterfactual_0006_02,counterfactual,treatment_0006,2.0,sentinel1,after_P03,13,after,2024-10-25,2024-11-07,True,1.0
counterfactual_0006_02,counterfactual,treatment_0006,2.0,sentinel1,after_P04,14,after,2024-11-08,2024-11-21,True,1.0
counterfactual_0006_02,counterfactual,treatment_0006,2.0,sentinel1,after_P05,15,after,2024-11-22,2024-12-05,False,
counterfactual_0006_02,counterfactual,treatment_0006,2.0,sentinel1,after_P06,16,after,2024-12-06,2024-12-19,True,1.0
counterfactual_0006_02,counterfactual,treatment_0006,2.0,sentinel1,after_P07,17,after,2024-12-20,2025-01-02,True,1.0
counterfactual_0006_02,counterfactual,treatment_0006,2.0,sentinel1,after_P08,18,after,2025-01-03,2025-01-16,True,1.0
counterfactual_0006_02,counterfactual,treatment_0006,2.0,sentinel1,after_P09,19,after,2025-01-17,2025-01-30,True,1.0
counterfactual_0006_02,counterfactual,treatment_0006,2.0,sentinel1,after_P10,20,after,2025-01-31,2025-02-13,True,1.0
counterfactual_0006_02,counterfactual,treatment_0006,2.0,sentinel2,before_P01,1,before,2024-05-10,2024-05-23,True,0.1346926771885109
counterfactual_0006_02,counterfactual,treatment_0006,2.0,sentinel2,before_P02,2,before,2024-05-24,2024-06-06,True,0.3534947554161357
counterfactual_0006_02,counterfactual,treatment_0006,2.0,sentinel2,before_P03,3,before,2024-06-07,2024-06-20,True,0.0501911577296343
counterfactual_0006_02,counterfactual,treatment_0006,2.0,sentinel2,before_P04,4,before,2024-06-21,2024-07-04,True,1.0
counterfactual_0006_02,counterfactual,treatment_0006,2.0,sentinel2,before_P05,5,before,2024-07-05,2024-07-18,True,0.7176747377708068
counterfactual_0006_02,counterfactual,treatment_0006,2.0,sentinel2,before_P06,6,before,2024-07-19,2024-08-01,True,0.0
counterfactual_0006_02,counterfactual,treatment_0006,2.0,sentinel2,before_P07,7,before,2024-08-02,2024-08-15,True,0.9625526909126556
counterfactual_0006_02,counterfactual,treatment_0006,2.0,sentinel2,before_P08,8,before,2024-08-16,2024-08-29,True,1.0
counterfactual_0006_02,counterfactual,treatment_0006,2.0,sentinel2,before_P09,9,before,2024-08-30,2024-09-12,True,0.4674051563572198
counterfactual_0006_02,counterfactual,treatment_0006,2.0,sentinel2,before_P10,10,before,2024-09-13,2024-09-26,True,1.0
counterfactual_0006_02,counterfactual,treatment_0006,2.0,sentinel2,after_P01,11,after,2024-09-27,2024-10-10,True,1.0
counterfactual_0006_02,counterfactual,treatment_0006,2.0,sentinel2,after_P02,12,after,2024-10-11,2024-10-24,True,1.0
counterfactual_0006_02,counterfactual,treatment_0006,2.0,sentinel2,after_P03,13,after,2024-10-25,2024-11-07,True,0.0
counterfactual_0006_02,counterfactual,treatment_0006,2.0,sentinel2,after_P04,14,after,2024-11-08,2024-11-21,True,1.0
counterfactual_0006_02,counterfactual,treatment_0006,2.0,sentinel2,after_P05,15,after,2024-11-22,2024-12-05,False,
counterfactual_0006_02,counterfactual,treatment_0006,2.0,sentinel2,after_P06,16,after,2024-12-06,2024-12-19,True,0.4492696794431918
counterfactual_0006_02,counterfactual,treatment_0006,2.0,sentinel2,after_P07,17,after,2024-12-20,2025-01-02,True,0.0
counterfactual_0006_02,counterfactual,treatment_0006,2.0,sentinel2,after_P08,18,after,2025-01-03,2025-01-16,True,0.4181942946769924
counterfactual_0006_02,counterfactual,treatment_0006,2.0,sentinel2,after_P09,19,after,2025-01-17,2025-01-30,True,0.935104401529262
counterfactual_0006_02,counterfactual,treatment_0006,2.0,sentinel2,after_P10,20,after,2025-01-31,2025-02-13,True,1.0
counterfactual_0006_03,counterfactual,treatment_0006,3.0,sentinel1,before_P01,1,before,2024-05-10,2024-05-23,True,1.0
counterfactual_0006_03,counterfactual,treatment_0006,3.0,sentinel1,before_P02,2,before,2024-05-24,2024-06-06,True,1.0
counterfactual_0006_03,counterfactual,treatment_0006,3.0,sentinel1,before_P03,3,before,2024-06-07,2024-06-20,True,1.0
counterfactual_0006_03,counterfactual,treatment_0006,3.0,sentinel1,before_P04,4,before,2024-06-21,2024-07-04,True,1.0
counterfactual_0006_03,counterfactual,treatment_0006,3.0,sentinel1,before_P05,5,before,2024-07-05,2024-07-18,True,1.0
counterfactual_0006_03,counterfactual,treatment_0006,3.0,sentinel1,before_P06,6,before,2024-07-19,2024-08-01,True,1.0
counterfactual_0006_03,counterfactual,treatment_0006,3.0,sentinel1,before_P07,7,before,2024-08-02,2024-08-15,True,1.0
counterfactual_0006_03,counterfactual,treatment_0006,3.0,sentinel1,before_P08,8,before,2024-08-16,2024-08-29,True,1.0
counterfactual_0006_03,counterfactual,treatment_0006,3.0,sentinel1,before_P09,9,before,2024-08-30,2024-09-12,True,1.0
counterfactual_0006_03,counterfactual,treatment_0006,3.0,sentinel1,before_P10,10,before,2024-09-13,2024-09-26,True,1.0
counterfactual_0006_03,counterfactual,treatment_0006,3.0,sentinel1,after_P01,11,after,2024-09-27,2024-10-10,True,1.0
counterfactual_0006_03,counterfactual,treatment_0006,3.0,sentinel1,after_P02,12,after,2024-10-11,2024-10-24,False,
counterfactual_0006_03,counterfactual,treatment_0006,3.0,sentinel1,after_P03,13,after,2024-10-25,2024-11-07,True,1.0
counterfactual_0006_03,counterfactual,treatment_0006,3.0,sentinel1,after_P04,14,after,2024-11-08,2024-11-21,True,1.0
counterfactual_0006_03,counterfactual,treatment_0006,3.0,sentinel1,after_P05,15,after,2024-11-22,2024-12-05,False,
counterfactual_0006_03,counterfactual,treatment_0006,3.0,sentinel1,after_P06,16,after,2024-12-06,2024-12-19,True,1.0
counterfactual_0006_03,counterfactual,treatment_0006,3.0,sentinel1,after_P07,17,after,2024-12-20,2025-01-02,True,1.0
counterfactual_0006_03,counterfactual,treatment_0006,3.0,sentinel1,after_P08,18,after,2025-01-03,2025-01-16,True,1.0
counterfactual_0006_03,counterfactual,treatment_0006,3.0,sentinel1,after_P09,19,after,2025-01-17,2025-01-30,True,1.0
counterfactual_0006_03,counterfactual,treatment_0006,3.0,sentinel1,after_P10,20,after,2025-01-31,2025-02-13,True,1.0
counterfactual_0006_03,counterfactual,treatment_0006,3.0,sentinel2,before_P01,1,before,2024-05-10,2024-05-23,True,0.7415939613763357
counterfactual_0006_03,counterfactual,treatment_0006,3.0,sentinel2,before_P02,2,before,2024-05-24,2024-06-06,True,0.8823644740711695
counterfactual_0006_03,counterfactual,treatment_0006,3.0,sentinel2,before_P03,3,before,2024-06-07,2024-06-20,True,0.0
counterfactual_0006_03,counterfactual,treatment_0006,3.0,sentinel2,before_P04,4,before,2024-06-21,2024-07-04,True,0.9941182237035584
counterfactual_0006_03,counterfactual,treatment_0006,3.0,sentinel2,before_P05,5,before,2024-07-05,2024-07-18,True,1.0
counterfactual_0006_03,counterfactual,treatment_0006,3.0,sentinel2,before_P06,6,before,2024-07-19,2024-08-01,True,0.159494167238506
counterfactual_0006_03,counterfactual,treatment_0006,3.0,sentinel2,before_P07,7,before,2024-08-02,2024-08-15,True,0.0
counterfactual_0006_03,counterfactual,treatment_0006,3.0,sentinel2,before_P08,8,before,2024-08-16,2024-08-29,True,1.0
counterfactual_0006_03,counterfactual,treatment_0006,3.0,sentinel2,before_P09,9,before,2024-08-30,2024-09-12,True,0.6244485834722086
counterfactual_0006_03,counterfactual,treatment_0006,3.0,sentinel2,before_P10,10,before,2024-09-13,2024-09-26,True,1.0
counterfactual_0006_03,counterfactual,treatment_0006,3.0,sentinel2,after_P01,11,after,2024-09-27,2024-10-10,True,1.0
counterfactual_0006_03,counterfactual,treatment_0006,3.0,sentinel2,after_P02,12,after,2024-10-11,2024-10-24,True,1.0
counterfactual_0006_03,counterfactual,treatment_0006,3.0,sentinel2,after_P03,13,after,2024-10-25,2024-11-07,True,0.2876188608959906
counterfactual_0006_03,counterfactual,treatment_0006,3.0,sentinel2,after_P04,14,after,2024-11-08,2024-11-21,True,0.9700029408881482
counterfactual_0006_03,counterfactual,treatment_0006,3.0,sentinel2,after_P05,15,after,2024-11-22,2024-12-05,False,
counterfactual_0006_03,counterfactual,treatment_0006,3.0,sentinel2,after_P06,16,after,2024-12-06,2024-12-19,True,0.964023134986766
counterfactual_0006_03,counterfactual,treatment_0006,3.0,sentinel2,after_P07,17,after,2024-12-20,2025-01-02,True,0.0
counterfactual_0006_03,counterfactual,treatment_0006,3.0,sentinel2,after_P08,18,after,2025-01-03,2025-01-16,True,0.4903440839133418
counterfactual_0006_03,counterfactual,treatment_0006,3.0,sentinel2,after_P09,19,after,2025-01-17,2025-01-30,True,0.9896088618762866
counterfactual_0006_03,counterfactual,treatment_0006,3.0,sentinel2,after_P10,20,after,2025-01-31,2025-02-13,True,1.0
counterfactual_0006_04,counterfactual,treatment_0006,4.0,sentinel1,before_P01,1,before,2024-05-10,2024-05-23,True,1.0
counterfactual_0006_04,counterfactual,treatment_0006,4.0,sentinel1,before_P02,2,before,2024-05-24,2024-06-06,True,1.0
counterfactual_0006_04,counterfactual,treatment_0006,4.0,sentinel1,before_P03,3,before,2024-06-07,2024-06-20,True,1.0
counterfactual_0006_04,counterfactual,treatment_0006,4.0,sentinel1,before_P04,4,before,2024-06-21,2024-07-04,True,1.0
counterfactual_0006_04,counterfactual,treatment_0006,4.0,sentinel1,before_P05,5,before,2024-07-05,2024-07-18,True,1.0
counterfactual_0006_04,counterfactual,treatment_0006,4.0,sentinel1,before_P06,6,before,2024-07-19,2024-08-01,True,1.0
counterfactual_0006_04,counterfactual,treatment_0006,4.0,sentinel1,before_P07,7,before,2024-08-02,2024-08-15,True,1.0
counterfactual_0006_04,counterfactual,treatment_0006,4.0,sentinel1,before_P08,8,before,2024-08-16,2024-08-29,True,1.0
counterfactual_0006_04,counterfactual,treatment_0006,4.0,sentinel1,before_P09,9,before,2024-08-30,2024-09-12,True,1.0
counterfactual_0006_04,counterfactual,treatment_0006,4.0,sentinel1,before_P10,10,before,2024-09-13,2024-09-26,True,1.0
counterfactual_0006_04,counterfactual,treatment_0006,4.0,sentinel1,after_P01,11,after,2024-09-27,2024-10-10,True,1.0
counterfactual_0006_04,counterfactual,treatment_0006,4.0,sentinel1,after_P02,12,after,2024-10-11,2024-10-24,False,
counterfactual_0006_04,counterfactual,treatment_0006,4.0,sentinel1,after_P03,13,after,2024-10-25,2024-11-07,True,1.0
counterfactual_0006_04,counterfactual,treatment_0006,4.0,sentinel1,after_P04,14,after,2024-11-08,2024-11-21,True,1.0
counterfactual_0006_04,counterfactual,treatment_0006,4.0,sentinel1,after_P05,15,after,2024-11-22,2024-12-05,False,
counterfactual_0006_04,counterfactual,treatment_0006,4.0,sentinel1,after_P06,16,after,2024-12-06,2024-12-19,True,1.0
counterfactual_0006_04,counterfactual,treatment_0006,4.0,sentinel1,after_P07,17,after,2024-12-20,2025-01-02,True,1.0
counterfactual_0006_04,counterfactual,treatment_0006,4.0,sentinel1,after_P08,18,after,2025-01-03,2025-01-16,True,1.0
counterfactual_0006_04,counterfactual,treatment_0006,4.0,sentinel1,after_P09,19,after,2025-01-17,2025-01-30,True,1.0
counterfactual_0006_04,counterfactual,treatment_0006,4.0,sentinel1,after_P10,20,after,2025-01-31,2025-02-13,True,1.0
counterfactual_0006_04,counterfactual,treatment_0006,4.0,sentinel2,before_P01,1,before,2024-05-10,2024-05-23,True,1.0
counterfactual_0006_04,counterfactual,treatment_0006,4.0,sentinel2,before_P02,2,before,2024-05-24,2024-06-06,True,0.9513773159494168
counterfactual_0006_04,counterfactual,treatment_0006,4.0,sentinel2,before_P03,3,before,2024-06-07,2024-06-20,True,0.0
counterfactual_0006_04,counterfactual,treatment_0006,4.0,sentinel2,before_P04,4,before,2024-06-21,2024-07-04,True,0.940790118615822
counterfactual_0006_04,counterfactual,treatment_0006,4.0,sentinel2,before_P05,5,before,2024-07-05,2024-07-18,True,1.0
counterfactual_0006_04,counterfactual,treatment_0006,4.0,sentinel2,before_P06,6,before,2024-07-19,2024-08-01,True,0.0
counterfactual_0006_04,counterfactual,treatment_0006,4.0,sentinel2,before_P07,7,before,2024-08-02,2024-08-15,True,0.0
counterfactual_0006_04,counterfactual,treatment_0006,4.0,sentinel2,before_P08,8,before,2024-08-16,2024-08-29,True,1.0
counterfactual_0006_04,counterfactual,treatment_0006,4.0,sentinel2,before_P09,9,before,2024-08-30,2024-09-12,True,0.3739829428487403
counterfactual_0006_04,counterfactual,treatment_0006,4.0,sentinel2,before_P10,10,before,2024-09-13,2024-09-26,True,1.0
counterfactual_0006_04,counterfactual,treatment_0006,4.0,sentinel2,after_P01,11,after,2024-09-27,2024-10-10,True,1.0
counterfactual_0006_04,counterfactual,treatment_0006,4.0,sentinel2,after_P02,12,after,2024-10-11,2024-10-24,True,1.0
counterfactual_0006_04,counterfactual,treatment_0006,4.0,sentinel2,after_P03,13,after,2024-10-25,2024-11-07,True,0.0852857562984021
counterfactual_0006_04,counterfactual,treatment_0006,4.0,sentinel2,after_P04,14,after,2024-11-08,2024-11-21,True,0.979609842172336
counterfactual_0006_04,counterfactual,treatment_0006,4.0,sentinel2,after_P05,15,after,2024-11-22,2024-12-05,False,
counterfactual_0006_04,counterfactual,treatment_0006,4.0,sentinel2,after_P06,16,after,2024-12-06,2024-12-19,True,0.1462601705715126
counterfactual_0006_04,counterfactual,treatment_0006,4.0,sentinel2,after_P07,17,after,2024-12-20,2025-01-02,True,0.2074306440545044
counterfactual_0006_04,counterfactual,treatment_0006,4.0,sentinel2,after_P08,18,after,2025-01-03,2025-01-16,True,0.2887952161552788
counterfactual_0006_04,counterfactual,treatment_0006,4.0,sentinel2,after_P09,19,after,2025-01-17,2025-01-30,True,0.7368885403391824
counterfactual_0006_04,counterfactual,treatment_0006,4.0,sentinel2,after_P10,20,after,2025-01-31,2025-02-13,True,1.0
counterfactual_0006_05,counterfactual,treatment_0006,5.0,sentinel1,before_P01,1,before,2024-05-10,2024-05-23,True,1.0
counterfactual_0006_05,counterfactual,treatment_0006,5.0,sentinel1,before_P02,2,before,2024-05-24,2024-06-06,True,1.0
counterfactual_0006_05,counterfactual,treatment_0006,5.0,sentinel1,before_P03,3,before,2024-06-07,2024-06-20,True,1.0
counterfactual_0006_05,counterfactual,treatment_0006,5.0,sentinel1,before_P04,4,before,2024-06-21,2024-07-04,True,1.0
counterfactual_0006_05,counterfactual,treatment_0006,5.0,sentinel1,before_P05,5,before,2024-07-05,2024-07-18,True,1.0
counterfactual_0006_05,counterfactual,treatment_0006,5.0,sentinel1,before_P06,6,before,2024-07-19,2024-08-01,True,1.0
counterfactual_0006_05,counterfactual,treatment_0006,5.0,sentinel1,before_P07,7,before,2024-08-02,2024-08-15,True,1.0
counterfactual_0006_05,counterfactual,treatment_0006,5.0,sentinel1,before_P08,8,before,2024-08-16,2024-08-29,True,1.0
counterfactual_0006_05,counterfactual,treatment_0006,5.0,sentinel1,before_P09,9,before,2024-08-30,2024-09-12,True,1.0
counterfactual_0006_05,counterfactual,treatment_0006,5.0,sentinel1,before_P10,10,before,2024-09-13,2024-09-26,True,1.0
counterfactual_0006_05,counterfactual,treatment_0006,5.0,sentinel1,after_P01,11,after,2024-09-27,2024-10-10,True,1.0
counterfactual_0006_05,counterfactual,treatment_0006,5.0,sentinel1,after_P02,12,after,2024-10-11,2024-10-24,False,
counterfactual_0006_05,counterfactual,treatment_0006,5.0,sentinel1,after_P03,13,after,2024-10-25,2024-11-07,True,1.0
counterfactual_0006_05,counterfactual,treatment_0006,5.0,sentinel1,after_P04,14,after,2024-11-08,2024-11-21,True,1.0
counterfactual_0006_05,counterfactual,treatment_0006,5.0,sentinel1,after_P05,15,after,2024-11-22,2024-12-05,False,
counterfactual_0006_05,counterfactual,treatment_0006,5.0,sentinel1,after_P06,16,after,2024-12-06,2024-12-19,True,1.0
counterfactual_0006_05,counterfactual,treatment_0006,5.0,sentinel1,after_P07,17,after,2024-12-20,2025-01-02,True,1.0
counterfactual_0006_05,counterfactual,treatment_0006,5.0,sentinel1,after_P08,18,after,2025-01-03,2025-01-16,True,1.0
counterfactual_0006_05,counterfactual,treatment_0006,5.0,sentinel1,after_P09,19,after,2025-01-17,2025-01-30,True,1.0
counterfactual_0006_05,counterfactual,treatment_0006,5.0,sentinel1,after_P10,20,after,2025-01-31,2025-02-13,True,1.0
counterfactual_0006_05,counterfactual,treatment_0006,5.0,sentinel2,before_P01,1,before,2024-05-10,2024-05-23,True,0.0
counterfactual_0006_05,counterfactual,treatment_0006,5.0,sentinel2,before_P02,2,before,2024-05-24,2024-06-06,True,0.0135280854818155
counterfactual_0006_05,counterfactual,treatment_0006,5.0,sentinel2,before_P03,3,before,2024-06-07,2024-06-20,True,0.0
counterfactual_0006_05,counterfactual,treatment_0006,5.0,sentinel2,before_P04,4,before,2024-06-21,2024-07-04,True,1.0
counterfactual_0006_05,counterfactual,treatment_0006,5.0,sentinel2,before_P05,5,before,2024-07-05,2024-07-18,True,1.0
counterfactual_0006_05,counterfactual,treatment_0006,5.0,sentinel2,before_P06,6,before,2024-07-19,2024-08-01,True,0.1697872757572787
counterfactual_0006_05,counterfactual,treatment_0006,5.0,sentinel2,before_P07,7,before,2024-08-02,2024-08-15,True,0.7564944613273209
counterfactual_0006_05,counterfactual,treatment_0006,5.0,sentinel2,before_P08,8,before,2024-08-16,2024-08-29,True,1.0
counterfactual_0006_05,counterfactual,treatment_0006,5.0,sentinel2,before_P09,9,before,2024-08-30,2024-09-12,True,0.895892559552985
counterfactual_0006_05,counterfactual,treatment_0006,5.0,sentinel2,before_P10,10,before,2024-09-13,2024-09-26,True,1.0
counterfactual_0006_05,counterfactual,treatment_0006,5.0,sentinel2,after_P01,11,after,2024-09-27,2024-10-10,True,1.0
counterfactual_0006_05,counterfactual,treatment_0006,5.0,sentinel2,after_P02,12,after,2024-10-11,2024-10-24,True,1.0
counterfactual_0006_05,counterfactual,treatment_0006,5.0,sentinel2,after_P03,13,after,2024-10-25,2024-11-07,True,0.0
counterfactual_0006_05,counterfactual,treatment_0006,5.0,sentinel2,after_P04,14,after,2024-11-08,2024-11-21,True,1.0
counterfactual_0006_05,counterfactual,treatment_0006,5.0,sentinel2,after_P05,15,after,2024-11-22,2024-12-05,False,
counterfactual_0006_05,counterfactual,treatment_0006,5.0,sentinel2,after_P06,16,after,2024-12-06,2024-12-19,True,0.8398196255269091
counterfactual_0006_05,counterfactual,treatment_0006,5.0,sentinel2,after_P07,17,after,2024-12-20,2025-01-02,True,0.0203901578276639
counterfactual_0006_05,counterfactual,treatment_0006,5.0,sentinel2,after_P08,18,after,2025-01-03,2025-01-16,True,0.3345750416625821
counterfactual_0006_05,counterfactual,treatment_0006,5.0,sentinel2,after_P09,19,after,2025-01-17,2025-01-30,True,0.9998039407901186
counterfactual_0006_05,counterfactual,treatment_0006,5.0,sentinel2,after_P10,20,after,2025-01-31,2025-02-13,True,1.0
counterfactual_0007_01,counterfactual,treatment_0007,1.0,sentinel1,before_P01,1,before,2024-05-10,2024-05-23,True,1.0
counterfactual_0007_01,counterfactual,treatment_0007,1.0,sentinel1,before_P02,2,before,2024-05-24,2024-06-06,True,1.0
counterfactual_0007_01,counterfactual,treatment_0007,1.0,sentinel1,before_P03,3,before,2024-06-07,2024-06-20,True,1.0
counterfactual_0007_01,counterfactual,treatment_0007,1.0,sentinel1,before_P04,4,before,2024-06-21,2024-07-04,True,1.0
counterfactual_0007_01,counterfactual,treatment_0007,1.0,sentinel1,before_P05,5,before,2024-07-05,2024-07-18,True,1.0
counterfactual_0007_01,counterfactual,treatment_0007,1.0,sentinel1,before_P06,6,before,2024-07-19,2024-08-01,True,1.0
counterfactual_0007_01,counterfactual,treatment_0007,1.0,sentinel1,before_P07,7,before,2024-08-02,2024-08-15,True,1.0
counterfactual_0007_01,counterfactual,treatment_0007,1.0,sentinel1,before_P08,8,before,2024-08-16,2024-08-29,True,1.0
counterfactual_0007_01,counterfactual,treatment_0007,1.0,sentinel1,before_P09,9,before,2024-08-30,2024-09-12,True,1.0
counterfactual_0007_01,counterfactual,treatment_0007,1.0,sentinel1,before_P10,10,before,2024-09-13,2024-09-26,True,1.0
counterfactual_0007_01,counterfactual,treatment_0007,1.0,sentinel1,after_P01,11,after,2024-09-27,2024-10-10,True,1.0
counterfactual_0007_01,counterfactual,treatment_0007,1.0,sentinel1,after_P02,12,after,2024-10-11,2024-10-24,True,1.0
counterfactual_0007_01,counterfactual,treatment_0007,1.0,sentinel1,after_P03,13,after,2024-10-25,2024-11-07,True,1.0
counterfactual_0007_01,counterfactual,treatment_0007,1.0,sentinel1,after_P04,14,after,2024-11-08,2024-11-21,True,1.0
counterfactual_0007_01,counterfactual,treatment_0007,1.0,sentinel1,after_P05,15,after,2024-11-22,2024-12-05,True,1.0
counterfactual_0007_01,counterfactual,treatment_0007,1.0,sentinel1,after_P06,16,after,2024-12-06,2024-12-19,True,1.0
counterfactual_0007_01,counterfactual,treatment_0007,1.0,sentinel1,after_P07,17,after,2024-12-20,2025-01-02,True,1.0
counterfactual_0007_01,counterfactual,treatment_0007,1.0,sentinel1,after_P08,18,after,2025-01-03,2025-01-16,True,1.0
counterfactual_0007_01,counterfactual,treatment_0007,1.0,sentinel1,after_P09,19,after,2025-01-17,2025-01-30,True,1.0
counterfactual_0007_01,counterfactual,treatment_0007,1.0,sentinel1,after_P10,20,after,2025-01-31,2025-02-13,True,1.0
counterfactual_0007_01,counterfactual,treatment_0007,1.0,sentinel2,before_P01,1,before,2024-05-10,2024-05-23,True,1.0
counterfactual_0007_01,counterfactual,treatment_0007,1.0,sentinel2,before_P02,2,before,2024-05-24,2024-06-06,True,0.907656112145868
counterfactual_0007_01,counterfactual,treatment_0007,1.0,sentinel2,before_P03,3,before,2024-06-07,2024-06-20,True,0.0
counterfactual_0007_01,counterfactual,treatment_0007,1.0,sentinel2,before_P04,4,before,2024-06-21,2024-07-04,True,0.8255073032055681
counterfactual_0007_01,counterfactual,treatment_0007,1.0,sentinel2,before_P05,5,before,2024-07-05,2024-07-18,True,1.0
counterfactual_0007_01,counterfactual,treatment_0007,1.0,sentinel2,before_P06,6,before,2024-07-19,2024-08-01,True,0.693069306930693
counterfactual_0007_01,counterfactual,treatment_0007,1.0,sentinel2,before_P07,7,before,2024-08-02,2024-08-15,True,0.9978433486913048
counterfactual_0007_01,counterfactual,treatment_0007,1.0,sentinel2,before_P08,8,before,2024-08-16,2024-08-29,True,1.0
counterfactual_0007_01,counterfactual,treatment_0007,1.0,sentinel2,before_P09,9,before,2024-08-30,2024-09-12,True,1.0
counterfactual_0007_01,counterfactual,treatment_0007,1.0,sentinel2,before_P10,10,before,2024-09-13,2024-09-26,True,1.0
counterfactual_0007_01,counterfactual,treatment_0007,1.0,sentinel2,after_P01,11,after,2024-09-27,2024-10-10,True,1.0
counterfactual_0007_01,counterfactual,treatment_0007,1.0,sentinel2,after_P02,12,after,2024-10-11,2024-10-24,True,1.0
counterfactual_0007_01,counterfactual,treatment_0007,1.0,sentinel2,after_P03,13,after,2024-10-25,2024-11-07,True,0.0
counterfactual_0007_01,counterfactual,treatment_0007,1.0,sentinel2,after_P04,14,after,2024-11-08,2024-11-21,True,0.0443093814331928
counterfactual_0007_01,counterfactual,treatment_0007,1.0,sentinel2,after_P05,15,after,2024-11-22,2024-12-05,True,0.6318008038427605
counterfactual_0007_01,counterfactual,treatment_0007,1.0,sentinel2,after_P06,16,after,2024-12-06,2024-12-19,True,1.0
counterfactual_0007_01,counterfactual,treatment_0007,1.0,sentinel2,after_P07,17,after,2024-12-20,2025-01-02,True,0.7706107244387805
counterfactual_0007_01,counterfactual,treatment_0007,1.0,sentinel2,after_P08,18,after,2025-01-03,2025-01-16,True,0.6487599254975003
counterfactual_0007_01,counterfactual,treatment_0007,1.0,sentinel2,after_P09,19,after,2025-01-17,2025-01-30,True,1.0
counterfactual_0007_01,counterfactual,treatment_0007,1.0,sentinel2,after_P10,20,after,2025-01-31,2025-02-13,True,1.0
counterfactual_0007_02,counterfactual,treatment_0007,2.0,sentinel1,before_P01,1,before,2024-05-10,2024-05-23,True,1.0
counterfactual_0007_02,counterfactual,treatment_0007,2.0,sentinel1,before_P02,2,before,2024-05-24,2024-06-06,False,
counterfactual_0007_02,counterfactual,treatment_0007,2.0,sentinel1,before_P03,3,before,2024-06-07,2024-06-20,False,
counterfactual_0007_02,counterfactual,treatment_0007,2.0,sentinel1,before_P04,4,before,2024-06-21,2024-07-04,True,1.0
counterfactual_0007_02,counterfactual,treatment_0007,2.0,sentinel1,before_P05,5,before,2024-07-05,2024-07-18,False,
counterfactual_0007_02,counterfactual,treatment_0007,2.0,sentinel1,before_P06,6,before,2024-07-19,2024-08-01,False,
counterfactual_0007_02,counterfactual,treatment_0007,2.0,sentinel1,before_P07,7,before,2024-08-02,2024-08-15,True,1.0
counterfactual_0007_02,counterfactual,treatment_0007,2.0,sentinel1,before_P08,8,before,2024-08-16,2024-08-29,True,1.0
counterfactual_0007_02,counterfactual,treatment_0007,2.0,sentinel1,before_P09,9,before,2024-08-30,2024-09-12,True,1.0
counterfactual_0007_02,counterfactual,treatment_0007,2.0,sentinel1,before_P10,10,before,2024-09-13,2024-09-26,True,1.0
counterfactual_0007_02,counterfactual,treatment_0007,2.0,sentinel1,after_P01,11,after,2024-09-27,2024-10-10,True,1.0
counterfactual_0007_02,counterfactual,treatment_0007,2.0,sentinel1,after_P02,12,after,2024-10-11,2024-10-24,True,1.0
counterfactual_0007_02,counterfactual,treatment_0007,2.0,sentinel1,after_P03,13,after,2024-10-25,2024-11-07,True,1.0
counterfactual_0007_02,counterfactual,treatment_0007,2.0,sentinel1,after_P04,14,after,2024-11-08,2024-11-21,True,1.0
counterfactual_0007_02,counterfactual,treatment_0007,2.0,sentinel1,after_P05,15,after,2024-11-22,2024-12-05,True,1.0
counterfactual_0007_02,counterfactual,treatment_0007,2.0,sentinel1,after_P06,16,after,2024-12-06,2024-12-19,False,
counterfactual_0007_02,counterfactual,treatment_0007,2.0,sentinel1,after_P07,17,after,2024-12-20,2025-01-02,True,1.0
counterfactual_0007_02,counterfactual,treatment_0007,2.0,sentinel1,after_P08,18,after,2025-01-03,2025-01-16,True,1.0
counterfactual_0007_02,counterfactual,treatment_0007,2.0,sentinel1,after_P09,19,after,2025-01-17,2025-01-30,True,1.0
counterfactual_0007_02,counterfactual,treatment_0007,2.0,sentinel1,after_P10,20,after,2025-01-31,2025-02-13,True,1.0
counterfactual_0007_02,counterfactual,treatment_0007,2.0,sentinel2,before_P01,1,before,2024-05-10,2024-05-23,True,1.0
counterfactual_0007_02,counterfactual,treatment_0007,2.0,sentinel2,before_P02,2,before,2024-05-24,2024-06-06,True,1.0
counterfactual_0007_02,counterfactual,treatment_0007,2.0,sentinel2,before_P03,3,before,2024-06-07,2024-06-20,True,0.0
counterfactual_0007_02,counterfactual,treatment_0007,2.0,sentinel2,before_P04,4,before,2024-06-21,2024-07-04,True,1.0
counterfactual_0007_02,counterfactual,treatment_0007,2.0,sentinel2,before_P05,5,before,2024-07-05,2024-07-18,True,1.0
counterfactual_0007_02,counterfactual,treatment_0007,2.0,sentinel2,before_P06,6,before,2024-07-19,2024-08-01,True,0.0823448681501813
counterfactual_0007_02,counterfactual,treatment_0007,2.0,sentinel2,before_P07,7,before,2024-08-02,2024-08-15,True,0.8372708557984512
counterfactual_0007_02,counterfactual,treatment_0007,2.0,sentinel2,before_P08,8,before,2024-08-16,2024-08-29,True,1.0
counterfactual_0007_02,counterfactual,treatment_0007,2.0,sentinel2,before_P09,9,before,2024-08-30,2024-09-12,True,1.0
counterfactual_0007_02,counterfactual,treatment_0007,2.0,sentinel2,before_P10,10,before,2024-09-13,2024-09-26,True,1.0
counterfactual_0007_02,counterfactual,treatment_0007,2.0,sentinel2,after_P01,11,after,2024-09-27,2024-10-10,True,1.0
counterfactual_0007_02,counterfactual,treatment_0007,2.0,sentinel2,after_P02,12,after,2024-10-11,2024-10-24,True,1.0
counterfactual_0007_02,counterfactual,treatment_0007,2.0,sentinel2,after_P03,13,after,2024-10-25,2024-11-07,True,0.8606019017743358
counterfactual_0007_02,counterfactual,treatment_0007,2.0,sentinel2,after_P04,14,after,2024-11-08,2024-11-21,True,0.1332222331144005
counterfactual_0007_02,counterfactual,treatment_0007,2.0,sentinel2,after_P05,15,after,2024-11-22,2024-12-05,True,0.0744044701499853
counterfactual_0007_02,counterfactual,treatment_0007,2.0,sentinel2,after_P06,16,after,2024-12-06,2024-12-19,True,1.0
counterfactual_0007_02,counterfactual,treatment_0007,2.0,sentinel2,after_P07,17,after,2024-12-20,2025-01-02,True,1.0
counterfactual_0007_02,counterfactual,treatment_0007,2.0,sentinel2,after_P08,18,after,2025-01-03,2025-01-16,True,0.752965395549456
counterfactual_0007_02,counterfactual,treatment_0007,2.0,sentinel2,after_P09,19,after,2025-01-17,2025-01-30,True,1.0
counterfactual_0007_02,counterfactual,treatment_0007,2.0,sentinel2,after_P10,20,after,2025-01-31,2025-02-13,True,1.0
counterfactual_0007_03,counterfactual,treatment_0007,3.0,sentinel1,before_P01,1,before,2024-05-10,2024-05-23,True,1.0
counterfactual_0007_03,counterfactual,treatment_0007,3.0,sentinel1,before_P02,2,before,2024-05-24,2024-06-06,False,
counterfactual_0007_03,counterfactual,treatment_0007,3.0,sentinel1,before_P03,3,before,2024-06-07,2024-06-20,False,
counterfactual_0007_03,counterfactual,treatment_0007,3.0,sentinel1,before_P04,4,before,2024-06-21,2024-07-04,True,1.0
counterfactual_0007_03,counterfactual,treatment_0007,3.0,sentinel1,before_P05,5,before,2024-07-05,2024-07-18,False,
counterfactual_0007_03,counterfactual,treatment_0007,3.0,sentinel1,before_P06,6,before,2024-07-19,2024-08-01,False,
counterfactual_0007_03,counterfactual,treatment_0007,3.0,sentinel1,before_P07,7,before,2024-08-02,2024-08-15,True,1.0
counterfactual_0007_03,counterfactual,treatment_0007,3.0,sentinel1,before_P08,8,before,2024-08-16,2024-08-29,True,1.0
counterfactual_0007_03,counterfactual,treatment_0007,3.0,sentinel1,before_P09,9,before,2024-08-30,2024-09-12,True,1.0
counterfactual_0007_03,counterfactual,treatment_0007,3.0,sentinel1,before_P10,10,before,2024-09-13,2024-09-26,True,1.0
counterfactual_0007_03,counterfactual,treatment_0007,3.0,sentinel1,after_P01,11,after,2024-09-27,2024-10-10,True,1.0
counterfactual_0007_03,counterfactual,treatment_0007,3.0,sentinel1,after_P02,12,after,2024-10-11,2024-10-24,True,1.0
counterfactual_0007_03,counterfactual,treatment_0007,3.0,sentinel1,after_P03,13,after,2024-10-25,2024-11-07,True,1.0
counterfactual_0007_03,counterfactual,treatment_0007,3.0,sentinel1,after_P04,14,after,2024-11-08,2024-11-21,True,1.0
counterfactual_0007_03,counterfactual,treatment_0007,3.0,sentinel1,after_P05,15,after,2024-11-22,2024-12-05,True,1.0
counterfactual_0007_03,counterfactual,treatment_0007,3.0,sentinel1,after_P06,16,after,2024-12-06,2024-12-19,False,
counterfactual_0007_03,counterfactual,treatment_0007,3.0,sentinel1,after_P07,17,after,2024-12-20,2025-01-02,True,1.0
counterfactual_0007_03,counterfactual,treatment_0007,3.0,sentinel1,after_P08,18,after,2025-01-03,2025-01-16,True,1.0
counterfactual_0007_03,counterfactual,treatment_0007,3.0,sentinel1,after_P09,19,after,2025-01-17,2025-01-30,True,1.0
counterfactual_0007_03,counterfactual,treatment_0007,3.0,sentinel1,after_P10,20,after,2025-01-31,2025-02-13,True,1.0
counterfactual_0007_03,counterfactual,treatment_0007,3.0,sentinel2,before_P01,1,before,2024-05-10,2024-05-23,True,1.0
counterfactual_0007_03,counterfactual,treatment_0007,3.0,sentinel2,before_P02,2,before,2024-05-24,2024-06-06,True,1.0
counterfactual_0007_03,counterfactual,treatment_0007,3.0,sentinel2,before_P03,3,before,2024-06-07,2024-06-20,True,0.0
counterfactual_0007_03,counterfactual,treatment_0007,3.0,sentinel2,before_P04,4,before,2024-06-21,2024-07-04,True,1.0
counterfactual_0007_03,counterfactual,treatment_0007,3.0,sentinel2,before_P05,5,before,2024-07-05,2024-07-18,True,1.0
counterfactual_0007_03,counterfactual,treatment_0007,3.0,sentinel2,before_P06,6,before,2024-07-19,2024-08-01,True,0.0
counterfactual_0007_03,counterfactual,treatment_0007,3.0,sentinel2,before_P07,7,before,2024-08-02,2024-08-15,True,1.0
counterfactual_0007_03,counterfactual,treatment_0007,3.0,sentinel2,before_P08,8,before,2024-08-16,2024-08-29,True,1.0
counterfactual_0007_03,counterfactual,treatment_0007,3.0,sentinel2,before_P09,9,before,2024-08-30,2024-09-12,True,0.3986864032937947
counterfactual_0007_03,counterfactual,treatment_0007,3.0,sentinel2,before_P10,10,before,2024-09-13,2024-09-26,True,1.0
counterfactual_0007_03,counterfactual,treatment_0007,3.0,sentinel2,after_P01,11,after,2024-09-27,2024-10-10,True,1.0
counterfactual_0007_03,counterfactual,treatment_0007,3.0,sentinel2,after_P02,12,after,2024-10-11,2024-10-24,True,1.0
counterfactual_0007_03,counterfactual,treatment_0007,3.0,sentinel2,after_P03,13,after,2024-10-25,2024-11-07,True,0.8388393294775022
counterfactual_0007_03,counterfactual,treatment_0007,3.0,sentinel2,after_P04,14,after,2024-11-08,2024-11-21,True,0.0
counterfactual_0007_03,counterfactual,treatment_0007,3.0,sentinel2,after_P05,15,after,2024-11-22,2024-12-05,True,0.0149004999509851
counterfactual_0007_03,counterfactual,treatment_0007,3.0,sentinel2,after_P06,16,after,2024-12-06,2024-12-19,True,1.0
counterfactual_0007_03,counterfactual,treatment_0007,3.0,sentinel2,after_P07,17,after,2024-12-20,2025-01-02,True,1.0
counterfactual_0007_03,counterfactual,treatment_0007,3.0,sentinel2,after_P08,18,after,2025-01-03,2025-01-16,True,0.6916968924615233
counterfactual_0007_03,counterfactual,treatment_0007,3.0,sentinel2,after_P09,19,after,2025-01-17,2025-01-30,True,1.0
counterfactual_0007_03,counterfactual,treatment_0007,3.0,sentinel2,after_P10,20,after,2025-01-31,2025-02-13,True,0.5273012449759827
counterfactual_0007_04,counterfactual,treatment_0007,4.0,sentinel1,before_P01,1,before,2024-05-10,2024-05-23,True,1.0
counterfactual_0007_04,counterfactual,treatment_0007,4.0,sentinel1,before_P02,2,before,2024-05-24,2024-06-06,False,
counterfactual_0007_04,counterfactual,treatment_0007,4.0,sentinel1,before_P03,3,before,2024-06-07,2024-06-20,False,
counterfactual_0007_04,counterfactual,treatment_0007,4.0,sentinel1,before_P04,4,before,2024-06-21,2024-07-04,True,1.0
counterfactual_0007_04,counterfactual,treatment_0007,4.0,sentinel1,before_P05,5,before,2024-07-05,2024-07-18,False,
counterfactual_0007_04,counterfactual,treatment_0007,4.0,sentinel1,before_P06,6,before,2024-07-19,2024-08-01,False,
counterfactual_0007_04,counterfactual,treatment_0007,4.0,sentinel1,before_P07,7,before,2024-08-02,2024-08-15,True,1.0
counterfactual_0007_04,counterfactual,treatment_0007,4.0,sentinel1,before_P08,8,before,2024-08-16,2024-08-29,True,1.0
counterfactual_0007_04,counterfactual,treatment_0007,4.0,sentinel1,before_P09,9,before,2024-08-30,2024-09-12,True,1.0
counterfactual_0007_04,counterfactual,treatment_0007,4.0,sentinel1,before_P10,10,before,2024-09-13,2024-09-26,True,1.0
counterfactual_0007_04,counterfactual,treatment_0007,4.0,sentinel1,after_P01,11,after,2024-09-27,2024-10-10,True,1.0
counterfactual_0007_04,counterfactual,treatment_0007,4.0,sentinel1,after_P02,12,after,2024-10-11,2024-10-24,True,1.0
counterfactual_0007_04,counterfactual,treatment_0007,4.0,sentinel1,after_P03,13,after,2024-10-25,2024-11-07,True,1.0
counterfactual_0007_04,counterfactual,treatment_0007,4.0,sentinel1,after_P04,14,after,2024-11-08,2024-11-21,True,1.0
counterfactual_0007_04,counterfactual,treatment_0007,4.0,sentinel1,after_P05,15,after,2024-11-22,2024-12-05,True,1.0
counterfactual_0007_04,counterfactual,treatment_0007,4.0,sentinel1,after_P06,16,after,2024-12-06,2024-12-19,False,
counterfactual_0007_04,counterfactual,treatment_0007,4.0,sentinel1,after_P07,17,after,2024-12-20,2025-01-02,True,1.0
counterfactual_0007_04,counterfactual,treatment_0007,4.0,sentinel1,after_P08,18,after,2025-01-03,2025-01-16,True,1.0
counterfactual_0007_04,counterfactual,treatment_0007,4.0,sentinel1,after_P09,19,after,2025-01-17,2025-01-30,True,1.0
counterfactual_0007_04,counterfactual,treatment_0007,4.0,sentinel1,after_P10,20,after,2025-01-31,2025-02-13,True,1.0
counterfactual_0007_04,counterfactual,treatment_0007,4.0,sentinel2,before_P01,1,before,2024-05-10,2024-05-23,True,0.8860895990589158
counterfactual_0007_04,counterfactual,treatment_0007,4.0,sentinel2,before_P02,2,before,2024-05-24,2024-06-06,True,1.0
counterfactual_0007_04,counterfactual,treatment_0007,4.0,sentinel2,before_P03,3,before,2024-06-07,2024-06-20,True,0.0
counterfactual_0007_04,counterfactual,treatment_0007,4.0,sentinel2,before_P04,4,before,2024-06-21,2024-07-04,True,0.7473777080678364
counterfactual_0007_04,counterfactual,treatment_0007,4.0,sentinel2,before_P05,5,before,2024-07-05,2024-07-18,True,1.0
counterfactual_0007_04,counterfactual,treatment_0007,4.0,sentinel2,before_P06,6,before,2024-07-19,2024-08-01,True,0.7584550534261347
counterfactual_0007_04,counterfactual,treatment_0007,4.0,sentinel2,before_P07,7,before,2024-08-02,2024-08-15,True,0.9996078815802372
counterfactual_0007_04,counterfactual,treatment_0007,4.0,sentinel2,before_P08,8,before,2024-08-16,2024-08-29,True,1.0
counterfactual_0007_04,counterfactual,treatment_0007,4.0,sentinel2,before_P09,9,before,2024-08-30,2024-09-12,True,0.638662876188609
counterfactual_0007_04,counterfactual,treatment_0007,4.0,sentinel2,before_P10,10,before,2024-09-13,2024-09-26,True,1.0
counterfactual_0007_04,counterfactual,treatment_0007,4.0,sentinel2,after_P01,11,after,2024-09-27,2024-10-10,True,1.0
counterfactual_0007_04,counterfactual,treatment_0007,4.0,sentinel2,after_P02,12,after,2024-10-11,2024-10-24,True,1.0
counterfactual_0007_04,counterfactual,treatment_0007,4.0,sentinel2,after_P03,13,after,2024-10-25,2024-11-07,True,0.0
counterfactual_0007_04,counterfactual,treatment_0007,4.0,sentinel2,after_P04,14,after,2024-11-08,2024-11-21,True,0.1964513283011469
counterfactual_0007_04,counterfactual,treatment_0007,4.0,sentinel2,after_P05,15,after,2024-11-22,2024-12-05,True,0.0
counterfactual_0007_04,counterfactual,treatment_0007,4.0,sentinel2,after_P06,16,after,2024-12-06,2024-12-19,True,1.0
counterfactual_0007_04,counterfactual,treatment_0007,4.0,sentinel2,after_P07,17,after,2024-12-20,2025-01-02,True,0.0006862072345848
counterfactual_0007_04,counterfactual,treatment_0007,4.0,sentinel2,after_P08,18,after,2025-01-03,2025-01-16,True,0.9603960396039604
counterfactual_0007_04,counterfactual,treatment_0007,4.0,sentinel2,after_P09,19,after,2025-01-17,2025-01-30,True,1.0
counterfactual_0007_04,counterfactual,treatment_0007,4.0,sentinel2,after_P10,20,after,2025-01-31,2025-02-13,True,1.0
counterfactual_0007_05,counterfactual,treatment_0007,5.0,sentinel1,before_P01,1,before,2024-05-10,2024-05-23,True,1.0
counterfactual_0007_05,counterfactual,treatment_0007,5.0,sentinel1,before_P02,2,before,2024-05-24,2024-06-06,True,1.0
counterfactual_0007_05,counterfactual,treatment_0007,5.0,sentinel1,before_P03,3,before,2024-06-07,2024-06-20,True,1.0
counterfactual_0007_05,counterfactual,treatment_0007,5.0,sentinel1,before_P04,4,before,2024-06-21,2024-07-04,True,1.0
counterfactual_0007_05,counterfactual,treatment_0007,5.0,sentinel1,before_P05,5,before,2024-07-05,2024-07-18,True,1.0
counterfactual_0007_05,counterfactual,treatment_0007,5.0,sentinel1,before_P06,6,before,2024-07-19,2024-08-01,True,1.0
counterfactual_0007_05,counterfactual,treatment_0007,5.0,sentinel1,before_P07,7,before,2024-08-02,2024-08-15,True,1.0
counterfactual_0007_05,counterfactual,treatment_0007,5.0,sentinel1,before_P08,8,before,2024-08-16,2024-08-29,True,1.0
counterfactual_0007_05,counterfactual,treatment_0007,5.0,sentinel1,before_P09,9,before,2024-08-30,2024-09-12,True,1.0
counterfactual_0007_05,counterfactual,treatment_0007,5.0,sentinel1,before_P10,10,before,2024-09-13,2024-09-26,True,1.0
counterfactual_0007_05,counterfactual,treatment_0007,5.0,sentinel1,after_P01,11,after,2024-09-27,2024-10-10,True,1.0
counterfactual_0007_05,counterfactual,treatment_0007,5.0,sentinel1,after_P02,12,after,2024-10-11,2024-10-24,True,1.0
counterfactual_0007_05,counterfactual,treatment_0007,5.0,sentinel1,after_P03,13,after,2024-10-25,2024-11-07,True,1.0
counterfactual_0007_05,counterfactual,treatment_0007,5.0,sentinel1,after_P04,14,after,2024-11-08,2024-11-21,True,1.0
counterfactual_0007_05,counterfactual,treatment_0007,5.0,sentinel1,after_P05,15,after,2024-11-22,2024-12-05,True,1.0
counterfactual_0007_05,counterfactual,treatment_0007,5.0,sentinel1,after_P06,16,after,2024-12-06,2024-12-19,True,1.0
counterfactual_0007_05,counterfactual,treatment_0007,5.0,sentinel1,after_P07,17,after,2024-12-20,2025-01-02,True,1.0
counterfactual_0007_05,counterfactual,treatment_0007,5.0,sentinel1,after_P08,18,after,2025-01-03,2025-01-16,True,1.0
counterfactual_0007_05,counterfactual,treatment_0007,5.0,sentinel1,after_P09,19,after,2025-01-17,2025-01-30,True,1.0
counterfactual_0007_05,counterfactual,treatment_0007,5.0,sentinel1,after_P10,20,after,2025-01-31,2025-02-13,True,1.0
counterfactual_0007_05,counterfactual,treatment_0007,5.0,sentinel2,before_P01,1,before,2024-05-10,2024-05-23,True,0.8600137241446917
counterfactual_0007_05,counterfactual,treatment_0007,5.0,sentinel2,before_P02,2,before,2024-05-24,2024-06-06,True,0.0
counterfactual_0007_05,counterfactual,treatment_0007,5.0,sentinel2,before_P03,3,before,2024-06-07,2024-06-20,True,0.0170571512596804
counterfactual_0007_05,counterfactual,treatment_0007,5.0,sentinel2,before_P04,4,before,2024-06-21,2024-07-04,True,1.0
counterfactual_0007_05,counterfactual,treatment_0007,5.0,sentinel2,before_P05,5,before,2024-07-05,2024-07-18,True,1.0
counterfactual_0007_05,counterfactual,treatment_0007,5.0,sentinel2,before_P06,6,before,2024-07-19,2024-08-01,True,0.5223017351240075
counterfactual_0007_05,counterfactual,treatment_0007,5.0,sentinel2,before_P07,7,before,2024-08-02,2024-08-15,True,0.9427507107146358
counterfactual_0007_05,counterfactual,treatment_0007,5.0,sentinel2,before_P08,8,before,2024-08-16,2024-08-29,True,1.0
counterfactual_0007_05,counterfactual,treatment_0007,5.0,sentinel2,before_P09,9,before,2024-08-30,2024-09-12,True,0.9835310263699636
counterfactual_0007_05,counterfactual,treatment_0007,5.0,sentinel2,before_P10,10,before,2024-09-13,2024-09-26,True,1.0
counterfactual_0007_05,counterfactual,treatment_0007,5.0,sentinel2,after_P01,11,after,2024-09-27,2024-10-10,True,1.0
counterfactual_0007_05,counterfactual,treatment_0007,5.0,sentinel2,after_P02,12,after,2024-10-11,2024-10-24,True,1.0
counterfactual_0007_05,counterfactual,treatment_0007,5.0,sentinel2,after_P03,13,after,2024-10-25,2024-11-07,True,1.0
counterfactual_0007_05,counterfactual,treatment_0007,5.0,sentinel2,after_P04,14,after,2024-11-08,2024-11-21,True,0.0678364866189589
counterfactual_0007_05,counterfactual,treatment_0007,5.0,sentinel2,after_P05,15,after,2024-11-22,2024-12-05,True,0.4308401137143417
counterfactual_0007_05,counterfactual,treatment_0007,5.0,sentinel2,after_P06,16,after,2024-12-06,2024-12-19,True,0.9478482501715518
counterfactual_0007_05,counterfactual,treatment_0007,5.0,sentinel2,after_P07,17,after,2024-12-20,2025-01-02,True,0.6302323301637094
counterfactual_0007_05,counterfactual,treatment_0007,5.0,sentinel2,after_P08,18,after,2025-01-03,2025-01-16,True,0.1691990981276345
counterfactual_0007_05,counterfactual,treatment_0007,5.0,sentinel2,after_P09,19,after,2025-01-17,2025-01-30,True,0.4111361631212626
counterfactual_0007_05,counterfactual,treatment_0007,5.0,sentinel2,after_P10,20,after,2025-01-31,2025-02-13,True,0.3862366434663268
counterfactual_0008_01,counterfactual,treatment_0008,1.0,sentinel1,before_P01,1,before,2024-05-10,2024-05-23,True,0.9999019703950592
counterfactual_0008_01,counterfactual,treatment_0008,1.0,sentinel1,before_P02,2,before,2024-05-24,2024-06-06,True,0.9999019703950592
counterfactual_0008_01,counterfactual,treatment_0008,1.0,sentinel1,before_P03,3,before,2024-06-07,2024-06-20,True,0.9999019703950592
counterfactual_0008_01,counterfactual,treatment_0008,1.0,sentinel1,before_P04,4,before,2024-06-21,2024-07-04,True,0.9999019703950592
counterfactual_0008_01,counterfactual,treatment_0008,1.0,sentinel1,before_P05,5,before,2024-07-05,2024-07-18,True,0.9999019703950592
counterfactual_0008_01,counterfactual,treatment_0008,1.0,sentinel1,before_P06,6,before,2024-07-19,2024-08-01,True,0.9999019703950592
counterfactual_0008_01,counterfactual,treatment_0008,1.0,sentinel1,before_P07,7,before,2024-08-02,2024-08-15,True,0.9999019703950592
counterfactual_0008_01,counterfactual,treatment_0008,1.0,sentinel1,before_P08,8,before,2024-08-16,2024-08-29,True,0.9999019703950592
counterfactual_0008_01,counterfactual,treatment_0008,1.0,sentinel1,before_P09,9,before,2024-08-30,2024-09-12,True,0.9999019703950592
counterfactual_0008_01,counterfactual,treatment_0008,1.0,sentinel1,before_P10,10,before,2024-09-13,2024-09-26,True,0.9999019703950592
counterfactual_0008_01,counterfactual,treatment_0008,1.0,sentinel1,after_P01,11,after,2024-09-27,2024-10-10,True,0.9999019703950592
counterfactual_0008_01,counterfactual,treatment_0008,1.0,sentinel1,after_P02,12,after,2024-10-11,2024-10-24,True,0.9999019703950592
counterfactual_0008_01,counterfactual,treatment_0008,1.0,sentinel1,after_P03,13,after,2024-10-25,2024-11-07,True,0.9999019703950592
counterfactual_0008_01,counterfactual,treatment_0008,1.0,sentinel1,after_P04,14,after,2024-11-08,2024-11-21,True,0.9999019703950592
counterfactual_0008_01,counterfactual,treatment_0008,1.0,sentinel1,after_P05,15,after,2024-11-22,2024-12-05,True,0.9999019703950592
counterfactual_0008_01,counterfactual,treatment_0008,1.0,sentinel1,after_P06,16,after,2024-12-06,2024-12-19,True,0.9999019703950592
counterfactual_0008_01,counterfactual,treatment_0008,1.0,sentinel1,after_P07,17,after,2024-12-20,2025-01-02,True,0.9999019703950592
counterfactual_0008_01,counterfactual,treatment_0008,1.0,sentinel1,after_P08,18,after,2025-01-03,2025-01-16,True,0.9999019703950592
counterfactual_0008_01,counterfactual,treatment_0008,1.0,sentinel1,after_P09,19,after,2025-01-17,2025-01-30,True,0.9999019703950592
counterfactual_0008_01,counterfactual,treatment_0008,1.0,sentinel1,after_P10,20,after,2025-01-31,2025-02-13,True,0.9999019703950592
counterfactual_0008_01,counterfactual,treatment_0008,1.0,sentinel2,before_P01,1,before,2024-05-10,2024-05-23,True,0.99715714145672
counterfactual_0008_01,counterfactual,treatment_0008,1.0,sentinel2,before_P02,2,before,2024-05-24,2024-06-06,True,0.2913439858837369
counterfactual_0008_01,counterfactual,treatment_0008,1.0,sentinel2,before_P03,3,before,2024-06-07,2024-06-20,True,0.0
counterfactual_0008_01,counterfactual,treatment_0008,1.0,sentinel2,before_P04,4,before,2024-06-21,2024-07-04,True,0.9999019703950592
counterfactual_0008_01,counterfactual,treatment_0008,1.0,sentinel2,before_P05,5,before,2024-07-05,2024-07-18,True,0.7469855896480737
counterfactual_0008_01,counterfactual,treatment_0008,1.0,sentinel2,before_P06,6,before,2024-07-19,2024-08-01,True,0.5522987942358593
counterfactual_0008_01,counterfactual,treatment_0008,1.0,sentinel2,before_P07,7,before,2024-08-02,2024-08-15,True,0.8587393392804628
counterfactual_0008_01,counterfactual,treatment_0008,1.0,sentinel2,before_P08,8,before,2024-08-16,2024-08-29,True,0.9663758455053426
counterfactual_0008_01,counterfactual,treatment_0008,1.0,sentinel2,before_P09,9,before,2024-08-30,2024-09-12,True,0.5156357219880404
counterfactual_0008_01,counterfactual,treatment_0008,1.0,sentinel2,before_P10,10,before,2024-09-13,2024-09-26,True,0.9999019703950592
counterfactual_0008_01,counterfactual,treatment_0008,1.0,sentinel2,after_P01,11,after,2024-09-27,2024-10-10,True,0.9999019703950592
counterfactual_0008_01,counterfactual,treatment_0008,1.0,sentinel2,after_P02,12,after,2024-10-11,2024-10-24,True,0.9999019703950592
counterfactual_0008_01,counterfactual,treatment_0008,1.0,sentinel2,after_P03,13,after,2024-10-25,2024-11-07,True,0.7342417410057838
counterfactual_0008_01,counterfactual,treatment_0008,1.0,sentinel2,after_P04,14,after,2024-11-08,2024-11-21,True,0.3017351240074502
counterfactual_0008_01,counterfactual,treatment_0008,1.0,sentinel2,after_P05,15,after,2024-11-22,2024-12-05,True,0.0
counterfactual_0008_01,counterfactual,treatment_0008,1.0,sentinel2,after_P06,16,after,2024-12-06,2024-12-19,True,0.1168512890893049
counterfactual_0008_01,counterfactual,treatment_0008,1.0,sentinel2,after_P07,17,after,2024-12-20,2025-01-02,True,0.0
counterfactual_0008_01,counterfactual,treatment_0008,1.0,sentinel2,after_P08,18,after,2025-01-03,2025-01-16,True,0.5550436231741986
counterfactual_0008_01,counterfactual,treatment_0008,1.0,sentinel2,after_P09,19,after,2025-01-17,2025-01-30,True,0.9234388785413196
counterfactual_0008_01,counterfactual,treatment_0008,1.0,sentinel2,after_P10,20,after,2025-01-31,2025-02-13,True,0.9999019703950592
counterfactual_0008_02,counterfactual,treatment_0008,2.0,sentinel1,before_P01,1,before,2024-05-10,2024-05-23,True,1.0
counterfactual_0008_02,counterfactual,treatment_0008,2.0,sentinel1,before_P02,2,before,2024-05-24,2024-06-06,True,1.0
counterfactual_0008_02,counterfactual,treatment_0008,2.0,sentinel1,before_P03,3,before,2024-06-07,2024-06-20,True,1.0
counterfactual_0008_02,counterfactual,treatment_0008,2.0,sentinel1,before_P04,4,before,2024-06-21,2024-07-04,True,1.0
counterfactual_0008_02,counterfactual,treatment_0008,2.0,sentinel1,before_P05,5,before,2024-07-05,2024-07-18,True,1.0
counterfactual_0008_02,counterfactual,treatment_0008,2.0,sentinel1,before_P06,6,before,2024-07-19,2024-08-01,True,1.0
counterfactual_0008_02,counterfactual,treatment_0008,2.0,sentinel1,before_P07,7,before,2024-08-02,2024-08-15,True,1.0
counterfactual_0008_02,counterfactual,treatment_0008,2.0,sentinel1,before_P08,8,before,2024-08-16,2024-08-29,True,1.0
counterfactual_0008_02,counterfactual,treatment_0008,2.0,sentinel1,before_P09,9,before,2024-08-30,2024-09-12,True,1.0
counterfactual_0008_02,counterfactual,treatment_0008,2.0,sentinel1,before_P10,10,before,2024-09-13,2024-09-26,True,1.0
counterfactual_0008_02,counterfactual,treatment_0008,2.0,sentinel1,after_P01,11,after,2024-09-27,2024-10-10,True,1.0
counterfactual_0008_02,counterfactual,treatment_0008,2.0,sentinel1,after_P02,12,after,2024-10-11,2024-10-24,True,1.0
counterfactual_0008_02,counterfactual,treatment_0008,2.0,sentinel1,after_P03,13,after,2024-10-25,2024-11-07,True,1.0
counterfactual_0008_02,counterfactual,treatment_0008,2.0,sentinel1,after_P04,14,after,2024-11-08,2024-11-21,True,1.0
counterfactual_0008_02,counterfactual,treatment_0008,2.0,sentinel1,after_P05,15,after,2024-11-22,2024-12-05,True,1.0
counterfactual_0008_02,counterfactual,treatment_0008,2.0,sentinel1,after_P06,16,after,2024-12-06,2024-12-19,True,1.0
counterfactual_0008_02,counterfactual,treatment_0008,2.0,sentinel1,after_P07,17,after,2024-12-20,2025-01-02,True,1.0
counterfactual_0008_02,counterfactual,treatment_0008,2.0,sentinel1,after_P08,18,after,2025-01-03,2025-01-16,True,1.0
counterfactual_0008_02,counterfactual,treatment_0008,2.0,sentinel1,after_P09,19,after,2025-01-17,2025-01-30,True,1.0
counterfactual_0008_02,counterfactual,treatment_0008,2.0,sentinel1,after_P10,20,after,2025-01-31,2025-02-13,True,1.0
counterfactual_0008_02,counterfactual,treatment_0008,2.0,sentinel2,before_P01,1,before,2024-05-10,2024-05-23,True,0.4122144887756102
counterfactual_0008_02,counterfactual,treatment_0008,2.0,sentinel2,before_P02,2,before,2024-05-24,2024-06-06,True,0.999411822370356
counterfactual_0008_02,counterfactual,treatment_0008,2.0,sentinel2,before_P03,3,before,2024-06-07,2024-06-20,True,0.0
counterfactual_0008_02,counterfactual,treatment_0008,2.0,sentinel2,before_P04,4,before,2024-06-21,2024-07-04,True,0.9715714145671992
counterfactual_0008_02,counterfactual,treatment_0008,2.0,sentinel2,before_P05,5,before,2024-07-05,2024-07-18,True,1.0
counterfactual_0008_02,counterfactual,treatment_0008,2.0,sentinel2,before_P06,6,before,2024-07-19,2024-08-01,True,0.0
counterfactual_0008_02,counterfactual,treatment_0008,2.0,sentinel2,before_P07,7,before,2024-08-02,2024-08-15,True,0.6461131261641015
counterfactual_0008_02,counterfactual,treatment_0008,2.0,sentinel2,before_P08,8,before,2024-08-16,2024-08-29,True,1.0
counterfactual_0008_02,counterfactual,treatment_0008,2.0,sentinel2,before_P09,9,before,2024-08-30,2024-09-12,True,0.859621605724929
counterfactual_0008_02,counterfactual,treatment_0008,2.0,sentinel2,before_P10,10,before,2024-09-13,2024-09-26,True,1.0
counterfactual_0008_02,counterfactual,treatment_0008,2.0,sentinel2,after_P01,11,after,2024-09-27,2024-10-10,True,1.0
counterfactual_0008_02,counterfactual,treatment_0008,2.0,sentinel2,after_P02,12,after,2024-10-11,2024-10-24,True,1.0
counterfactual_0008_02,counterfactual,treatment_0008,2.0,sentinel2,after_P03,13,after,2024-10-25,2024-11-07,True,0.0565630820507793
counterfactual_0008_02,counterfactual,treatment_0008,2.0,sentinel2,after_P04,14,after,2024-11-08,2024-11-21,True,0.0
counterfactual_0008_02,counterfactual,treatment_0008,2.0,sentinel2,after_P05,15,after,2024-11-22,2024-12-05,True,0.0
counterfactual_0008_02,counterfactual,treatment_0008,2.0,sentinel2,after_P06,16,after,2024-12-06,2024-12-19,True,0.1529261837074796
counterfactual_0008_02,counterfactual,treatment_0008,2.0,sentinel2,after_P07,17,after,2024-12-20,2025-01-02,True,0.0215665130869522
counterfactual_0008_02,counterfactual,treatment_0008,2.0,sentinel2,after_P08,18,after,2025-01-03,2025-01-16,True,0.0
counterfactual_0008_02,counterfactual,treatment_0008,2.0,sentinel2,after_P09,19,after,2025-01-17,2025-01-30,True,0.9152043917263012
counterfactual_0008_02,counterfactual,treatment_0008,2.0,sentinel2,after_P10,20,after,2025-01-31,2025-02-13,True,1.0
counterfactual_0008_03,counterfactual,treatment_0008,3.0,sentinel1,before_P01,1,before,2024-05-10,2024-05-23,True,1.0
counterfactual_0008_03,counterfactual,treatment_0008,3.0,sentinel1,before_P02,2,before,2024-05-24,2024-06-06,True,1.0
counterfactual_0008_03,counterfactual,treatment_0008,3.0,sentinel1,before_P03,3,before,2024-06-07,2024-06-20,True,1.0
counterfactual_0008_03,counterfactual,treatment_0008,3.0,sentinel1,before_P04,4,before,2024-06-21,2024-07-04,True,1.0
counterfactual_0008_03,counterfactual,treatment_0008,3.0,sentinel1,before_P05,5,before,2024-07-05,2024-07-18,True,1.0
counterfactual_0008_03,counterfactual,treatment_0008,3.0,sentinel1,before_P06,6,before,2024-07-19,2024-08-01,True,1.0
counterfactual_0008_03,counterfactual,treatment_0008,3.0,sentinel1,before_P07,7,before,2024-08-02,2024-08-15,True,1.0
counterfactual_0008_03,counterfactual,treatment_0008,3.0,sentinel1,before_P08,8,before,2024-08-16,2024-08-29,True,1.0
counterfactual_0008_03,counterfactual,treatment_0008,3.0,sentinel1,before_P09,9,before,2024-08-30,2024-09-12,True,1.0
counterfactual_0008_03,counterfactual,treatment_0008,3.0,sentinel1,before_P10,10,before,2024-09-13,2024-09-26,True,1.0
counterfactual_0008_03,counterfactual,treatment_0008,3.0,sentinel1,after_P01,11,after,2024-09-27,2024-10-10,True,1.0
counterfactual_0008_03,counterfactual,treatment_0008,3.0,sentinel1,after_P02,12,after,2024-10-11,2024-10-24,True,1.0
counterfactual_0008_03,counterfactual,treatment_0008,3.0,sentinel1,after_P03,13,after,2024-10-25,2024-11-07,True,1.0
counterfactual_0008_03,counterfactual,treatment_0008,3.0,sentinel1,after_P04,14,after,2024-11-08,2024-11-21,True,1.0
counterfactual_0008_03,counterfactual,treatment_0008,3.0,sentinel1,after_P05,15,after,2024-11-22,2024-12-05,True,1.0
counterfactual_0008_03,counterfactual,treatment_0008,3.0,sentinel1,after_P06,16,after,2024-12-06,2024-12-19,True,1.0
counterfactual_0008_03,counterfactual,treatment_0008,3.0,sentinel1,after_P07,17,after,2024-12-20,2025-01-02,True,1.0
counterfactual_0008_03,counterfactual,treatment_0008,3.0,sentinel1,after_P08,18,after,2025-01-03,2025-01-16,True,1.0
counterfactual_0008_03,counterfactual,treatment_0008,3.0,sentinel1,after_P09,19,after,2025-01-17,2025-01-30,True,1.0
counterfactual_0008_03,counterfactual,treatment_0008,3.0,sentinel1,after_P10,20,after,2025-01-31,2025-02-13,True,1.0
counterfactual_0008_03,counterfactual,treatment_0008,3.0,sentinel2,before_P01,1,before,2024-05-10,2024-05-23,True,0.9605920988138418
counterfactual_0008_03,counterfactual,treatment_0008,3.0,sentinel2,before_P02,2,before,2024-05-24,2024-06-06,True,0.0074502499754925
counterfactual_0008_03,counterfactual,treatment_0008,3.0,sentinel2,before_P03,3,before,2024-06-07,2024-06-20,True,0.0
counterfactual_0008_03,counterfactual,treatment_0008,3.0,sentinel2,before_P04,4,before,2024-06-21,2024-07-04,True,0.8521713557494364
counterfactual_0008_03,counterfactual,treatment_0008,3.0,sentinel2,before_P05,5,before,2024-07-05,2024-07-18,True,0.2643858445250465
counterfactual_0008_03,counterfactual,treatment_0008,3.0,sentinel2,before_P06,6,before,2024-07-19,2024-08-01,True,0.9654935790608764
counterfactual_0008_03,counterfactual,treatment_0008,3.0,sentinel2,before_P07,7,before,2024-08-02,2024-08-15,True,0.917557102244878
counterfactual_0008_03,counterfactual,treatment_0008,3.0,sentinel2,before_P08,8,before,2024-08-16,2024-08-29,True,1.0
counterfactual_0008_03,counterfactual,treatment_0008,3.0,sentinel2,before_P09,9,before,2024-08-30,2024-09-12,True,0.1864523085971963
counterfactual_0008_03,counterfactual,treatment_0008,3.0,sentinel2,before_P10,10,before,2024-09-13,2024-09-26,True,1.0
counterfactual_0008_03,counterfactual,treatment_0008,3.0,sentinel2,after_P01,11,after,2024-09-27,2024-10-10,True,1.0
counterfactual_0008_03,counterfactual,treatment_0008,3.0,sentinel2,after_P02,12,after,2024-10-11,2024-10-24,True,1.0
counterfactual_0008_03,counterfactual,treatment_0008,3.0,sentinel2,after_P03,13,after,2024-10-25,2024-11-07,True,0.3251641995882756
counterfactual_0008_03,counterfactual,treatment_0008,3.0,sentinel2,after_P04,14,after,2024-11-08,2024-11-21,True,0.322811489069699
counterfactual_0008_03,counterfactual,treatment_0008,3.0,sentinel2,after_P05,15,after,2024-11-22,2024-12-05,True,0.0
counterfactual_0008_03,counterfactual,treatment_0008,3.0,sentinel2,after_P06,16,after,2024-12-06,2024-12-19,True,0.1915498480541123
counterfactual_0008_03,counterfactual,treatment_0008,3.0,sentinel2,after_P07,17,after,2024-12-20,2025-01-02,True,0.0856778747181648
counterfactual_0008_03,counterfactual,treatment_0008,3.0,sentinel2,after_P08,18,after,2025-01-03,2025-01-16,True,0.5831781197921773
counterfactual_0008_03,counterfactual,treatment_0008,3.0,sentinel2,after_P09,19,after,2025-01-17,2025-01-30,True,0.9886285658268796
counterfactual_0008_03,counterfactual,treatment_0008,3.0,sentinel2,after_P10,20,after,2025-01-31,2025-02-13,True,1.0
counterfactual_0008_04,counterfactual,treatment_0008,4.0,sentinel1,before_P01,1,before,2024-05-10,2024-05-23,True,1.0
counterfactual_0008_04,counterfactual,treatment_0008,4.0,sentinel1,before_P02,2,before,2024-05-24,2024-06-06,True,1.0
counterfactual_0008_04,counterfactual,treatment_0008,4.0,sentinel1,before_P03,3,before,2024-06-07,2024-06-20,True,1.0
counterfactual_0008_04,counterfactual,treatment_0008,4.0,sentinel1,before_P04,4,before,2024-06-21,2024-07-04,True,1.0
counterfactual_0008_04,counterfactual,treatment_0008,4.0,sentinel1,before_P05,5,before,2024-07-05,2024-07-18,True,1.0
counterfactual_0008_04,counterfactual,treatment_0008,4.0,sentinel1,before_P06,6,before,2024-07-19,2024-08-01,True,1.0
counterfactual_0008_04,counterfactual,treatment_0008,4.0,sentinel1,before_P07,7,before,2024-08-02,2024-08-15,True,1.0
counterfactual_0008_04,counterfactual,treatment_0008,4.0,sentinel1,before_P08,8,before,2024-08-16,2024-08-29,True,1.0
counterfactual_0008_04,counterfactual,treatment_0008,4.0,sentinel1,before_P09,9,before,2024-08-30,2024-09-12,True,1.0
counterfactual_0008_04,counterfactual,treatment_0008,4.0,sentinel1,before_P10,10,before,2024-09-13,2024-09-26,True,1.0
counterfactual_0008_04,counterfactual,treatment_0008,4.0,sentinel1,after_P01,11,after,2024-09-27,2024-10-10,True,1.0
counterfactual_0008_04,counterfactual,treatment_0008,4.0,sentinel1,after_P02,12,after,2024-10-11,2024-10-24,True,1.0
counterfactual_0008_04,counterfactual,treatment_0008,4.0,sentinel1,after_P03,13,after,2024-10-25,2024-11-07,True,1.0
counterfactual_0008_04,counterfactual,treatment_0008,4.0,sentinel1,after_P04,14,after,2024-11-08,2024-11-21,True,1.0
counterfactual_0008_04,counterfactual,treatment_0008,4.0,sentinel1,after_P05,15,after,2024-11-22,2024-12-05,True,1.0
counterfactual_0008_04,counterfactual,treatment_0008,4.0,sentinel1,after_P06,16,after,2024-12-06,2024-12-19,True,1.0
counterfactual_0008_04,counterfactual,treatment_0008,4.0,sentinel1,after_P07,17,after,2024-12-20,2025-01-02,True,1.0
counterfactual_0008_04,counterfactual,treatment_0008,4.0,sentinel1,after_P08,18,after,2025-01-03,2025-01-16,True,1.0
counterfactual_0008_04,counterfactual,treatment_0008,4.0,sentinel1,after_P09,19,after,2025-01-17,2025-01-30,True,1.0
counterfactual_0008_04,counterfactual,treatment_0008,4.0,sentinel1,after_P10,20,after,2025-01-31,2025-02-13,True,1.0
counterfactual_0008_04,counterfactual,treatment_0008,4.0,sentinel2,before_P01,1,before,2024-05-10,2024-05-23,True,1.0
counterfactual_0008_04,counterfactual,treatment_0008,4.0,sentinel2,before_P02,2,before,2024-05-24,2024-06-06,True,1.0
counterfactual_0008_04,counterfactual,treatment_0008,4.0,sentinel2,before_P03,3,before,2024-06-07,2024-06-20,True,0.4683854524066268
counterfactual_0008_04,counterfactual,treatment_0008,4.0,sentinel2,before_P04,4,before,2024-06-21,2024-07-04,True,0.3976080776394471
counterfactual_0008_04,counterfactual,treatment_0008,4.0,sentinel2,before_P05,5,before,2024-07-05,2024-07-18,True,1.0
counterfactual_0008_04,counterfactual,treatment_0008,4.0,sentinel2,before_P06,6,before,2024-07-19,2024-08-01,True,0.0
counterfactual_0008_04,counterfactual,treatment_0008,4.0,sentinel2,before_P07,7,before,2024-08-02,2024-08-15,True,0.6476815998431527
counterfactual_0008_04,counterfactual,treatment_0008,4.0,sentinel2,before_P08,8,before,2024-08-16,2024-08-29,True,1.0
counterfactual_0008_04,counterfactual,treatment_0008,4.0,sentinel2,before_P09,9,before,2024-08-30,2024-09-12,True,0.9301048916772864
counterfactual_0008_04,counterfactual,treatment_0008,4.0,sentinel2,before_P10,10,before,2024-09-13,2024-09-26,True,1.0
counterfactual_0008_04,counterfactual,treatment_0008,4.0,sentinel2,after_P01,11,after,2024-09-27,2024-10-10,True,1.0
counterfactual_0008_04,counterfactual,treatment_0008,4.0,sentinel2,after_P02,12,after,2024-10-11,2024-10-24,True,1.0
counterfactual_0008_04,counterfactual,treatment_0008,4.0,sentinel2,after_P03,13,after,2024-10-25,2024-11-07,True,0.0
counterfactual_0008_04,counterfactual,treatment_0008,4.0,sentinel2,after_P04,14,after,2024-11-08,2024-11-21,True,0.5817076757180668
counterfactual_0008_04,counterfactual,treatment_0008,4.0,sentinel2,after_P05,15,after,2024-11-22,2024-12-05,True,0.0
counterfactual_0008_04,counterfactual,treatment_0008,4.0,sentinel2,after_P06,16,after,2024-12-06,2024-12-19,True,0.99009900990099
counterfactual_0008_04,counterfactual,treatment_0008,4.0,sentinel2,after_P07,17,after,2024-12-20,2025-01-02,True,0.060778355063229
counterfactual_0008_04,counterfactual,treatment_0008,4.0,sentinel2,after_P08,18,after,2025-01-03,2025-01-16,True,0.0247034604450544
counterfactual_0008_04,counterfactual,treatment_0008,4.0,sentinel2,after_P09,19,after,2025-01-17,2025-01-30,True,0.715714145671993
counterfactual_0008_04,counterfactual,treatment_0008,4.0,sentinel2,after_P10,20,after,2025-01-31,2025-02-13,True,1.0
counterfactual_0008_05,counterfactual,treatment_0008,5.0,sentinel1,before_P01,1,before,2024-05-10,2024-05-23,True,1.0
counterfactual_0008_05,counterfactual,treatment_0008,5.0,sentinel1,before_P02,2,before,2024-05-24,2024-06-06,True,1.0
counterfactual_0008_05,counterfactual,treatment_0008,5.0,sentinel1,before_P03,3,before,2024-06-07,2024-06-20,True,1.0
counterfactual_0008_05,counterfactual,treatment_0008,5.0,sentinel1,before_P04,4,before,2024-06-21,2024-07-04,True,1.0
counterfactual_0008_05,counterfactual,treatment_0008,5.0,sentinel1,before_P05,5,before,2024-07-05,2024-07-18,True,1.0
counterfactual_0008_05,counterfactual,treatment_0008,5.0,sentinel1,before_P06,6,before,2024-07-19,2024-08-01,True,1.0
counterfactual_0008_05,counterfactual,treatment_0008,5.0,sentinel1,before_P07,7,before,2024-08-02,2024-08-15,True,1.0
counterfactual_0008_05,counterfactual,treatment_0008,5.0,sentinel1,before_P08,8,before,2024-08-16,2024-08-29,True,1.0
counterfactual_0008_05,counterfactual,treatment_0008,5.0,sentinel1,before_P09,9,before,2024-08-30,2024-09-12,True,1.0
counterfactual_0008_05,counterfactual,treatment_0008,5.0,sentinel1,before_P10,10,before,2024-09-13,2024-09-26,True,1.0
counterfactual_0008_05,counterfactual,treatment_0008,5.0,sentinel1,after_P01,11,after,2024-09-27,2024-10-10,True,1.0
counterfactual_0008_05,counterfactual,treatment_0008,5.0,sentinel1,after_P02,12,after,2024-10-11,2024-10-24,True,1.0
counterfactual_0008_05,counterfactual,treatment_0008,5.0,sentinel1,after_P03,13,after,2024-10-25,2024-11-07,True,1.0
counterfactual_0008_05,counterfactual,treatment_0008,5.0,sentinel1,after_P04,14,after,2024-11-08,2024-11-21,True,1.0
counterfactual_0008_05,counterfactual,treatment_0008,5.0,sentinel1,after_P05,15,after,2024-11-22,2024-12-05,True,1.0
counterfactual_0008_05,counterfactual,treatment_0008,5.0,sentinel1,after_P06,16,after,2024-12-06,2024-12-19,True,1.0
counterfactual_0008_05,counterfactual,treatment_0008,5.0,sentinel1,after_P07,17,after,2024-12-20,2025-01-02,True,1.0
counterfactual_0008_05,counterfactual,treatment_0008,5.0,sentinel1,after_P08,18,after,2025-01-03,2025-01-16,True,1.0
counterfactual_0008_05,counterfactual,treatment_0008,5.0,sentinel1,after_P09,19,after,2025-01-17,2025-01-30,True,1.0
counterfactual_0008_05,counterfactual,treatment_0008,5.0,sentinel1,after_P10,20,after,2025-01-31,2025-02-13,True,1.0
counterfactual_0008_05,counterfactual,treatment_0008,5.0,sentinel2,before_P01,1,before,2024-05-10,2024-05-23,True,1.0
counterfactual_0008_05,counterfactual,treatment_0008,5.0,sentinel2,before_P02,2,before,2024-05-24,2024-06-06,True,0.0
counterfactual_0008_05,counterfactual,treatment_0008,5.0,sentinel2,before_P03,3,before,2024-06-07,2024-06-20,True,0.0
counterfactual_0008_05,counterfactual,treatment_0008,5.0,sentinel2,before_P04,4,before,2024-06-21,2024-07-04,True,0.7530634251543966
counterfactual_0008_05,counterfactual,treatment_0008,5.0,sentinel2,before_P05,5,before,2024-07-05,2024-07-18,True,1.0
counterfactual_0008_05,counterfactual,treatment_0008,5.0,sentinel2,before_P06,6,before,2024-07-19,2024-08-01,True,0.2260562689932359
counterfactual_0008_05,counterfactual,treatment_0008,5.0,sentinel2,before_P07,7,before,2024-08-02,2024-08-15,True,0.908636408195275
counterfactual_0008_05,counterfactual,treatment_0008,5.0,sentinel2,before_P08,8,before,2024-08-16,2024-08-29,True,1.0
counterfactual_0008_05,counterfactual,treatment_0008,5.0,sentinel2,before_P09,9,before,2024-08-30,2024-09-12,True,0.7717870796980688
counterfactual_0008_05,counterfactual,treatment_0008,5.0,sentinel2,before_P10,10,before,2024-09-13,2024-09-26,True,1.0
counterfactual_0008_05,counterfactual,treatment_0008,5.0,sentinel2,after_P01,11,after,2024-09-27,2024-10-10,True,1.0
counterfactual_0008_05,counterfactual,treatment_0008,5.0,sentinel2,after_P02,12,after,2024-10-11,2024-10-24,True,1.0
counterfactual_0008_05,counterfactual,treatment_0008,5.0,sentinel2,after_P03,13,after,2024-10-25,2024-11-07,True,0.8531516517988432
counterfactual_0008_05,counterfactual,treatment_0008,5.0,sentinel2,after_P04,14,after,2024-11-08,2024-11-21,True,0.0
counterfactual_0008_05,counterfactual,treatment_0008,5.0,sentinel2,after_P05,15,after,2024-11-22,2024-12-05,True,0.6592490932261543
counterfactual_0008_05,counterfactual,treatment_0008,5.0,sentinel2,after_P06,16,after,2024-12-06,2024-12-19,True,0.9309871581217528
counterfactual_0008_05,counterfactual,treatment_0008,5.0,sentinel2,after_P07,17,after,2024-12-20,2025-01-02,True,0.8345260268601118
counterfactual_0008_05,counterfactual,treatment_0008,5.0,sentinel2,after_P08,18,after,2025-01-03,2025-01-16,True,0.0917557102244878
counterfactual_0008_05,counterfactual,treatment_0008,5.0,sentinel2,after_P09,19,after,2025-01-17,2025-01-30,True,0.0701891971375355
counterfactual_0008_05,counterfactual,treatment_0008,5.0,sentinel2,after_P10,20,after,2025-01-31,2025-02-13,True,0.9231447897264974
counterfactual_0009_01,counterfactual,treatment_0009,1.0,sentinel1,before_P01,1,before,2024-05-10,2024-05-23,True,1.0
counterfactual_0009_01,counterfactual,treatment_0009,1.0,sentinel1,before_P02,2,before,2024-05-24,2024-06-06,True,1.0
counterfactual_0009_01,counterfactual,treatment_0009,1.0,sentinel1,before_P03,3,before,2024-06-07,2024-06-20,True,1.0
counterfactual_0009_01,counterfactual,treatment_0009,1.0,sentinel1,before_P04,4,before,2024-06-21,2024-07-04,True,1.0
counterfactual_0009_01,counterfactual,treatment_0009,1.0,sentinel1,before_P05,5,before,2024-07-05,2024-07-18,True,1.0
counterfactual_0009_01,counterfactual,treatment_0009,1.0,sentinel1,before_P06,6,before,2024-07-19,2024-08-01,True,1.0
counterfactual_0009_01,counterfactual,treatment_0009,1.0,sentinel1,before_P07,7,before,2024-08-02,2024-08-15,True,1.0
counterfactual_0009_01,counterfactual,treatment_0009,1.0,sentinel1,before_P08,8,before,2024-08-16,2024-08-29,True,1.0
counterfactual_0009_01,counterfactual,treatment_0009,1.0,sentinel1,before_P09,9,before,2024-08-30,2024-09-12,True,1.0
counterfactual_0009_01,counterfactual,treatment_0009,1.0,sentinel1,before_P10,10,before,2024-09-13,2024-09-26,True,1.0
counterfactual_0009_01,counterfactual,treatment_0009,1.0,sentinel1,after_P01,11,after,2024-09-27,2024-10-10,True,1.0
counterfactual_0009_01,counterfactual,treatment_0009,1.0,sentinel1,after_P02,12,after,2024-10-11,2024-10-24,True,1.0
counterfactual_0009_01,counterfactual,treatment_0009,1.0,sentinel1,after_P03,13,after,2024-10-25,2024-11-07,True,1.0
counterfactual_0009_01,counterfactual,treatment_0009,1.0,sentinel1,after_P04,14,after,2024-11-08,2024-11-21,True,1.0
counterfactual_0009_01,counterfactual,treatment_0009,1.0,sentinel1,after_P05,15,after,2024-11-22,2024-12-05,True,1.0
counterfactual_0009_01,counterfactual,treatment_0009,1.0,sentinel1,after_P06,16,after,2024-12-06,2024-12-19,True,1.0
counterfactual_0009_01,counterfactual,treatment_0009,1.0,sentinel1,after_P07,17,after,2024-12-20,2025-01-02,True,1.0
counterfactual_0009_01,counterfactual,treatment_0009,1.0,sentinel1,after_P08,18,after,2025-01-03,2025-01-16,True,1.0
counterfactual_0009_01,counterfactual,treatment_0009,1.0,sentinel1,after_P09,19,after,2025-01-17,2025-01-30,True,1.0
counterfactual_0009_01,counterfactual,treatment_0009,1.0,sentinel1,after_P10,20,after,2025-01-31,2025-02-13,True,1.0
counterfactual_0009_01,counterfactual,treatment_0009,1.0,sentinel2,before_P01,1,before,2024-05-10,2024-05-23,True,0.94902460543084
counterfactual_0009_01,counterfactual,treatment_0009,1.0,sentinel2,before_P02,2,before,2024-05-24,2024-06-06,True,0.0298009999019703
counterfactual_0009_01,counterfactual,treatment_0009,1.0,sentinel2,before_P03,3,before,2024-06-07,2024-06-20,True,1.0
counterfactual_0009_01,counterfactual,treatment_0009,1.0,sentinel2,before_P04,4,before,2024-06-21,2024-07-04,True,0.9941182237035584
counterfactual_0009_01,counterfactual,treatment_0009,1.0,sentinel2,before_P05,5,before,2024-07-05,2024-07-18,True,1.0
counterfactual_0009_01,counterfactual,treatment_0009,1.0,sentinel2,before_P06,6,before,2024-07-19,2024-08-01,True,0.0050975394569159
counterfactual_0009_01,counterfactual,treatment_0009,1.0,sentinel2,before_P07,7,before,2024-08-02,2024-08-15,True,1.0
counterfactual_0009_01,counterfactual,treatment_0009,1.0,sentinel2,before_P08,8,before,2024-08-16,2024-08-29,True,0.9666699343201648
counterfactual_0009_01,counterfactual,treatment_0009,1.0,sentinel2,before_P09,9,before,2024-08-30,2024-09-12,True,0.0688167826683658
counterfactual_0009_01,counterfactual,treatment_0009,1.0,sentinel2,before_P10,10,before,2024-09-13,2024-09-26,True,1.0
counterfactual_0009_01,counterfactual,treatment_0009,1.0,sentinel2,after_P01,11,after,2024-09-27,2024-10-10,True,1.0
counterfactual_0009_01,counterfactual,treatment_0009,1.0,sentinel2,after_P02,12,after,2024-10-11,2024-10-24,True,1.0
counterfactual_0009_01,counterfactual,treatment_0009,1.0,sentinel2,after_P03,13,after,2024-10-25,2024-11-07,True,0.4438780511714538
counterfactual_0009_01,counterfactual,treatment_0009,1.0,sentinel2,after_P04,14,after,2024-11-08,2024-11-21,True,0.2792863444760318
counterfactual_0009_01,counterfactual,treatment_0009,1.0,sentinel2,after_P05,15,after,2024-11-22,2024-12-05,True,0.0276443485932751
counterfactual_0009_01,counterfactual,treatment_0009,1.0,sentinel2,after_P06,16,after,2024-12-06,2024-12-19,True,1.0
counterfactual_0009_01,counterfactual,treatment_0009,1.0,sentinel2,after_P07,17,after,2024-12-20,2025-01-02,True,0.0935202431134202
counterfactual_0009_01,counterfactual,treatment_0009,1.0,sentinel2,after_P08,18,after,2025-01-03,2025-01-16,True,0.1086168022742868
counterfactual_0009_01,counterfactual,treatment_0009,1.0,sentinel2,after_P09,19,after,2025-01-17,2025-01-30,True,0.5523968238407999
counterfactual_0009_01,counterfactual,treatment_0009,1.0,sentinel2,after_P10,20,after,2025-01-31,2025-02-13,True,0.9707871777276738
counterfactual_0009_02,counterfactual,treatment_0009,2.0,sentinel1,before_P01,1,before,2024-05-10,2024-05-23,True,1.0
counterfactual_0009_02,counterfactual,treatment_0009,2.0,sentinel1,before_P02,2,before,2024-05-24,2024-06-06,True,1.0
counterfactual_0009_02,counterfactual,treatment_0009,2.0,sentinel1,before_P03,3,before,2024-06-07,2024-06-20,True,1.0
counterfactual_0009_02,counterfactual,treatment_0009,2.0,sentinel1,before_P04,4,before,2024-06-21,2024-07-04,True,1.0
counterfactual_0009_02,counterfactual,treatment_0009,2.0,sentinel1,before_P05,5,before,2024-07-05,2024-07-18,True,1.0
counterfactual_0009_02,counterfactual,treatment_0009,2.0,sentinel1,before_P06,6,before,2024-07-19,2024-08-01,True,1.0
counterfactual_0009_02,counterfactual,treatment_0009,2.0,sentinel1,before_P07,7,before,2024-08-02,2024-08-15,True,1.0
counterfactual_0009_02,counterfactual,treatment_0009,2.0,sentinel1,before_P08,8,before,2024-08-16,2024-08-29,True,1.0
counterfactual_0009_02,counterfactual,treatment_0009,2.0,sentinel1,before_P09,9,before,2024-08-30,2024-09-12,True,1.0
counterfactual_0009_02,counterfactual,treatment_0009,2.0,sentinel1,before_P10,10,before,2024-09-13,2024-09-26,True,1.0
counterfactual_0009_02,counterfactual,treatment_0009,2.0,sentinel1,after_P01,11,after,2024-09-27,2024-10-10,True,1.0
counterfactual_0009_02,counterfactual,treatment_0009,2.0,sentinel1,after_P02,12,after,2024-10-11,2024-10-24,True,1.0
counterfactual_0009_02,counterfactual,treatment_0009,2.0,sentinel1,after_P03,13,after,2024-10-25,2024-11-07,True,1.0
counterfactual_0009_02,counterfactual,treatment_0009,2.0,sentinel1,after_P04,14,after,2024-11-08,2024-11-21,True,1.0
counterfactual_0009_02,counterfactual,treatment_0009,2.0,sentinel1,after_P05,15,after,2024-11-22,2024-12-05,True,1.0
counterfactual_0009_02,counterfactual,treatment_0009,2.0,sentinel1,after_P06,16,after,2024-12-06,2024-12-19,True,1.0
counterfactual_0009_02,counterfactual,treatment_0009,2.0,sentinel1,after_P07,17,after,2024-12-20,2025-01-02,True,1.0
counterfactual_0009_02,counterfactual,treatment_0009,2.0,sentinel1,after_P08,18,after,2025-01-03,2025-01-16,True,1.0
counterfactual_0009_02,counterfactual,treatment_0009,2.0,sentinel1,after_P09,19,after,2025-01-17,2025-01-30,True,1.0
counterfactual_0009_02,counterfactual,treatment_0009,2.0,sentinel1,after_P10,20,after,2025-01-31,2025-02-13,True,1.0
counterfactual_0009_02,counterfactual,treatment_0009,2.0,sentinel2,before_P01,1,before,2024-05-10,2024-05-23,True,1.0
counterfactual_0009_02,counterfactual,treatment_0009,2.0,sentinel2,before_P02,2,before,2024-05-24,2024-06-06,True,0.9807861974316244
counterfactual_0009_02,counterfactual,treatment_0009,2.0,sentinel2,before_P03,3,before,2024-06-07,2024-06-20,True,1.0
counterfactual_0009_02,counterfactual,treatment_0009,2.0,sentinel2,before_P04,4,before,2024-06-21,2024-07-04,True,0.8030585236741495
counterfactual_0009_02,counterfactual,treatment_0009,2.0,sentinel2,before_P05,5,before,2024-07-05,2024-07-18,True,1.0
counterfactual_0009_02,counterfactual,treatment_0009,2.0,sentinel2,before_P06,6,before,2024-07-19,2024-08-01,True,0.051563572198804
counterfactual_0009_02,counterfactual,treatment_0009,2.0,sentinel2,before_P07,7,before,2024-08-02,2024-08-15,True,0.8833447701205764
counterfactual_0009_02,counterfactual,treatment_0009,2.0,sentinel2,before_P08,8,before,2024-08-16,2024-08-29,True,1.0
counterfactual_0009_02,counterfactual,treatment_0009,2.0,sentinel2,before_P09,9,before,2024-08-30,2024-09-12,True,0.2819331438094304
counterfactual_0009_02,counterfactual,treatment_0009,2.0,sentinel2,before_P10,10,before,2024-09-13,2024-09-26,True,1.0
counterfactual_0009_02,counterfactual,treatment_0009,2.0,sentinel2,after_P01,11,after,2024-09-27,2024-10-10,True,1.0
counterfactual_0009_02,counterfactual,treatment_0009,2.0,sentinel2,after_P02,12,after,2024-10-11,2024-10-24,True,1.0
counterfactual_0009_02,counterfactual,treatment_0009,2.0,sentinel2,after_P03,13,after,2024-10-25,2024-11-07,True,0.0156847367905107
counterfactual_0009_02,counterfactual,treatment_0009,2.0,sentinel2,after_P04,14,after,2024-11-08,2024-11-21,True,0.8832467405156357
counterfactual_0009_02,counterfactual,treatment_0009,2.0,sentinel2,after_P05,15,after,2024-11-22,2024-12-05,True,0.0019605920988138
counterfactual_0009_02,counterfactual,treatment_0009,2.0,sentinel2,after_P06,16,after,2024-12-06,2024-12-19,True,0.2812469365748456
counterfactual_0009_02,counterfactual,treatment_0009,2.0,sentinel2,after_P07,17,after,2024-12-20,2025-01-02,True,0.0
counterfactual_0009_02,counterfactual,treatment_0009,2.0,sentinel2,after_P08,18,after,2025-01-03,2025-01-16,True,0.060778355063229
counterfactual_0009_02,counterfactual,treatment_0009,2.0,sentinel2,after_P09,19,after,2025-01-17,2025-01-30,True,0.6561121458680521
counterfactual_0009_02,counterfactual,treatment_0009,2.0,sentinel2,after_P10,20,after,2025-01-31,2025-02-13,True,1.0
counterfactual_0009_03,counterfactual,treatment_0009,3.0,sentinel1,before_P01,1,before,2024-05-10,2024-05-23,True,1.0
counterfactual_0009_03,counterfactual,treatment_0009,3.0,sentinel1,before_P02,2,before,2024-05-24,2024-06-06,True,1.0
counterfactual_0009_03,counterfactual,treatment_0009,3.0,sentinel1,before_P03,3,before,2024-06-07,2024-06-20,True,1.0
counterfactual_0009_03,counterfactual,treatment_0009,3.0,sentinel1,before_P04,4,before,2024-06-21,2024-07-04,True,1.0
counterfactual_0009_03,counterfactual,treatment_0009,3.0,sentinel1,before_P05,5,before,2024-07-05,2024-07-18,True,1.0
counterfactual_0009_03,counterfactual,treatment_0009,3.0,sentinel1,before_P06,6,before,2024-07-19,2024-08-01,True,1.0
counterfactual_0009_03,counterfactual,treatment_0009,3.0,sentinel1,before_P07,7,before,2024-08-02,2024-08-15,True,1.0
counterfactual_0009_03,counterfactual,treatment_0009,3.0,sentinel1,before_P08,8,before,2024-08-16,2024-08-29,True,1.0
counterfactual_0009_03,counterfactual,treatment_0009,3.0,sentinel1,before_P09,9,before,2024-08-30,2024-09-12,True,1.0
counterfactual_0009_03,counterfactual,treatment_0009,3.0,sentinel1,before_P10,10,before,2024-09-13,2024-09-26,True,1.0
counterfactual_0009_03,counterfactual,treatment_0009,3.0,sentinel1,after_P01,11,after,2024-09-27,2024-10-10,True,1.0
counterfactual_0009_03,counterfactual,treatment_0009,3.0,sentinel1,after_P02,12,after,2024-10-11,2024-10-24,True,1.0
counterfactual_0009_03,counterfactual,treatment_0009,3.0,sentinel1,after_P03,13,after,2024-10-25,2024-11-07,True,1.0
counterfactual_0009_03,counterfactual,treatment_0009,3.0,sentinel1,after_P04,14,after,2024-11-08,2024-11-21,True,1.0
counterfactual_0009_03,counterfactual,treatment_0009,3.0,sentinel1,after_P05,15,after,2024-11-22,2024-12-05,True,1.0
counterfactual_0009_03,counterfactual,treatment_0009,3.0,sentinel1,after_P06,16,after,2024-12-06,2024-12-19,True,1.0
counterfactual_0009_03,counterfactual,treatment_0009,3.0,sentinel1,after_P07,17,after,2024-12-20,2025-01-02,True,1.0
counterfactual_0009_03,counterfactual,treatment_0009,3.0,sentinel1,after_P08,18,after,2025-01-03,2025-01-16,True,1.0
counterfactual_0009_03,counterfactual,treatment_0009,3.0,sentinel1,after_P09,19,after,2025-01-17,2025-01-30,True,1.0
counterfactual_0009_03,counterfactual,treatment_0009,3.0,sentinel1,after_P10,20,after,2025-01-31,2025-02-13,True,1.0
counterfactual_0009_03,counterfactual,treatment_0009,3.0,sentinel2,before_P01,1,before,2024-05-10,2024-05-23,True,1.0
counterfactual_0009_03,counterfactual,treatment_0009,3.0,sentinel2,before_P02,2,before,2024-05-24,2024-06-06,True,1.0
counterfactual_0009_03,counterfactual,treatment_0009,3.0,sentinel2,before_P03,3,before,2024-06-07,2024-06-20,True,0.0
counterfactual_0009_03,counterfactual,treatment_0009,3.0,sentinel2,before_P04,4,before,2024-06-21,2024-07-04,True,0.9625526909126556
counterfactual_0009_03,counterfactual,treatment_0009,3.0,sentinel2,before_P05,5,before,2024-07-05,2024-07-18,True,0.573375159298108
counterfactual_0009_03,counterfactual,treatment_0009,3.0,sentinel2,before_P06,6,before,2024-07-19,2024-08-01,True,0.7638466816978727
counterfactual_0009_03,counterfactual,treatment_0009,3.0,sentinel2,before_P07,7,before,2024-08-02,2024-08-15,True,1.0
counterfactual_0009_03,counterfactual,treatment_0009,3.0,sentinel2,before_P08,8,before,2024-08-16,2024-08-29,True,0.7549259876482698
counterfactual_0009_03,counterfactual,treatment_0009,3.0,sentinel2,before_P09,9,before,2024-08-30,2024-09-12,True,0.4353494755416136
counterfactual_0009_03,counterfactual,treatment_0009,3.0,sentinel2,before_P10,10,before,2024-09-13,2024-09-26,True,1.0
counterfactual_0009_03,counterfactual,treatment_0009,3.0,sentinel2,after_P01,11,after,2024-09-27,2024-10-10,True,1.0
counterfactual_0009_03,counterfactual,treatment_0009,3.0,sentinel2,after_P02,12,after,2024-10-11,2024-10-24,True,1.0
counterfactual_0009_03,counterfactual,treatment_0009,3.0,sentinel2,after_P03,13,after,2024-10-25,2024-11-07,True,0.4574061366532693
counterfactual_0009_03,counterfactual,treatment_0009,3.0,sentinel2,after_P04,14,after,2024-11-08,2024-11-21,True,0.3552592883050681
counterfactual_0009_03,counterfactual,treatment_0009,3.0,sentinel2,after_P05,15,after,2024-11-22,2024-12-05,True,0.0
counterfactual_0009_03,counterfactual,treatment_0009,3.0,sentinel2,after_P06,16,after,2024-12-06,2024-12-19,True,0.03117341437114
counterfactual_0009_03,counterfactual,treatment_0009,3.0,sentinel2,after_P07,17,after,2024-12-20,2025-01-02,True,0.1016567003234976
counterfactual_0009_03,counterfactual,treatment_0009,3.0,sentinel2,after_P08,18,after,2025-01-03,2025-01-16,True,0.4310361729242231
counterfactual_0009_03,counterfactual,treatment_0009,3.0,sentinel2,after_P09,19,after,2025-01-17,2025-01-30,True,0.1825311243995686
counterfactual_0009_03,counterfactual,treatment_0009,3.0,sentinel2,after_P10,20,after,2025-01-31,2025-02-13,True,1.0
counterfactual_0009_04,counterfactual,treatment_0009,4.0,sentinel1,before_P01,1,before,2024-05-10,2024-05-23,True,1.0
counterfactual_0009_04,counterfactual,treatment_0009,4.0,sentinel1,before_P02,2,before,2024-05-24,2024-06-06,True,1.0
counterfactual_0009_04,counterfactual,treatment_0009,4.0,sentinel1,before_P03,3,before,2024-06-07,2024-06-20,True,1.0
counterfactual_0009_04,counterfactual,treatment_0009,4.0,sentinel1,before_P04,4,before,2024-06-21,2024-07-04,True,1.0
counterfactual_0009_04,counterfactual,treatment_0009,4.0,sentinel1,before_P05,5,before,2024-07-05,2024-07-18,True,1.0
counterfactual_0009_04,counterfactual,treatment_0009,4.0,sentinel1,before_P06,6,before,2024-07-19,2024-08-01,True,1.0
counterfactual_0009_04,counterfactual,treatment_0009,4.0,sentinel1,before_P07,7,before,2024-08-02,2024-08-15,True,1.0
counterfactual_0009_04,counterfactual,treatment_0009,4.0,sentinel1,before_P08,8,before,2024-08-16,2024-08-29,True,1.0
counterfactual_0009_04,counterfactual,treatment_0009,4.0,sentinel1,before_P09,9,before,2024-08-30,2024-09-12,True,1.0
counterfactual_0009_04,counterfactual,treatment_0009,4.0,sentinel1,before_P10,10,before,2024-09-13,2024-09-26,True,1.0
counterfactual_0009_04,counterfactual,treatment_0009,4.0,sentinel1,after_P01,11,after,2024-09-27,2024-10-10,True,1.0
counterfactual_0009_04,counterfactual,treatment_0009,4.0,sentinel1,after_P02,12,after,2024-10-11,2024-10-24,True,1.0
counterfactual_0009_04,counterfactual,treatment_0009,4.0,sentinel1,after_P03,13,after,2024-10-25,2024-11-07,True,1.0
counterfactual_0009_04,counterfactual,treatment_0009,4.0,sentinel1,after_P04,14,after,2024-11-08,2024-11-21,True,1.0
counterfactual_0009_04,counterfactual,treatment_0009,4.0,sentinel1,after_P05,15,after,2024-11-22,2024-12-05,True,0.9930398980492108
counterfactual_0009_04,counterfactual,treatment_0009,4.0,sentinel1,after_P06,16,after,2024-12-06,2024-12-19,True,1.0
counterfactual_0009_04,counterfactual,treatment_0009,4.0,sentinel1,after_P07,17,after,2024-12-20,2025-01-02,True,1.0
counterfactual_0009_04,counterfactual,treatment_0009,4.0,sentinel1,after_P08,18,after,2025-01-03,2025-01-16,True,1.0
counterfactual_0009_04,counterfactual,treatment_0009,4.0,sentinel1,after_P09,19,after,2025-01-17,2025-01-30,True,1.0
counterfactual_0009_04,counterfactual,treatment_0009,4.0,sentinel1,after_P10,20,after,2025-01-31,2025-02-13,True,1.0
counterfactual_0009_04,counterfactual,treatment_0009,4.0,sentinel2,before_P01,1,before,2024-05-10,2024-05-23,True,0.920988138417802
counterfactual_0009_04,counterfactual,treatment_0009,4.0,sentinel2,before_P02,2,before,2024-05-24,2024-06-06,True,0.7798255073032055
counterfactual_0009_04,counterfactual,treatment_0009,4.0,sentinel2,before_P03,3,before,2024-06-07,2024-06-20,True,0.0621507695323987
counterfactual_0009_04,counterfactual,treatment_0009,4.0,sentinel2,before_P04,4,before,2024-06-21,2024-07-04,True,0.5186746397412019
counterfactual_0009_04,counterfactual,treatment_0009,4.0,sentinel2,before_P05,5,before,2024-07-05,2024-07-18,True,1.0
counterfactual_0009_04,counterfactual,treatment_0009,4.0,sentinel2,before_P06,6,before,2024-07-19,2024-08-01,True,0.9854916184687776
counterfactual_0009_04,counterfactual,treatment_0009,4.0,sentinel2,before_P07,7,before,2024-08-02,2024-08-15,True,0.2550730320556808
counterfactual_0009_04,counterfactual,treatment_0009,4.0,sentinel2,before_P08,8,before,2024-08-16,2024-08-29,True,0.9794137829624546
counterfactual_0009_04,counterfactual,treatment_0009,4.0,sentinel2,before_P09,9,before,2024-08-30,2024-09-12,True,0.478188412900696
counterfactual_0009_04,counterfactual,treatment_0009,4.0,sentinel2,before_P10,10,before,2024-09-13,2024-09-26,True,0.9874522105675914
counterfactual_0009_04,counterfactual,treatment_0009,4.0,sentinel2,after_P01,11,after,2024-09-27,2024-10-10,True,1.0
counterfactual_0009_04,counterfactual,treatment_0009,4.0,sentinel2,after_P02,12,after,2024-10-11,2024-10-24,True,1.0
counterfactual_0009_04,counterfactual,treatment_0009,4.0,sentinel2,after_P03,13,after,2024-10-25,2024-11-07,True,0.2603666307224782
counterfactual_0009_04,counterfactual,treatment_0009,4.0,sentinel2,after_P04,14,after,2024-11-08,2024-11-21,True,0.3060484266248407
counterfactual_0009_04,counterfactual,treatment_0009,4.0,sentinel2,after_P05,15,after,2024-11-22,2024-12-05,True,0.0427409077541417
counterfactual_0009_04,counterfactual,treatment_0009,4.0,sentinel2,after_P06,16,after,2024-12-06,2024-12-19,True,0.0058817762964415
counterfactual_0009_04,counterfactual,treatment_0009,4.0,sentinel2,after_P07,17,after,2024-12-20,2025-01-02,True,0.4546613077149299
counterfactual_0009_04,counterfactual,treatment_0009,4.0,sentinel2,after_P08,18,after,2025-01-03,2025-01-16,True,0.0482305656308205
counterfactual_0009_04,counterfactual,treatment_0009,4.0,sentinel2,after_P09,19,after,2025-01-17,2025-01-30,True,0.0848936378786393
counterfactual_0009_04,counterfactual,treatment_0009,4.0,sentinel2,after_P10,20,after,2025-01-31,2025-02-13,True,0.8592294873051661
counterfactual_0009_05,counterfactual,treatment_0009,5.0,sentinel1,before_P01,1,before,2024-05-10,2024-05-23,True,1.0
counterfactual_0009_05,counterfactual,treatment_0009,5.0,sentinel1,before_P02,2,before,2024-05-24,2024-06-06,True,1.0
counterfactual_0009_05,counterfactual,treatment_0009,5.0,sentinel1,before_P03,3,before,2024-06-07,2024-06-20,True,1.0
counterfactual_0009_05,counterfactual,treatment_0009,5.0,sentinel1,before_P04,4,before,2024-06-21,2024-07-04,True,1.0
counterfactual_0009_05,counterfactual,treatment_0009,5.0,sentinel1,before_P05,5,before,2024-07-05,2024-07-18,True,1.0
counterfactual_0009_05,counterfactual,treatment_0009,5.0,sentinel1,before_P06,6,before,2024-07-19,2024-08-01,True,1.0
counterfactual_0009_05,counterfactual,treatment_0009,5.0,sentinel1,before_P07,7,before,2024-08-02,2024-08-15,True,1.0
counterfactual_0009_05,counterfactual,treatment_0009,5.0,sentinel1,before_P08,8,before,2024-08-16,2024-08-29,True,1.0
counterfactual_0009_05,counterfactual,treatment_0009,5.0,sentinel1,before_P09,9,before,2024-08-30,2024-09-12,True,1.0
counterfactual_0009_05,counterfactual,treatment_0009,5.0,sentinel1,before_P10,10,before,2024-09-13,2024-09-26,True,1.0
counterfactual_0009_05,counterfactual,treatment_0009,5.0,sentinel1,after_P01,11,after,2024-09-27,2024-10-10,True,1.0
counterfactual_0009_05,counterfactual,treatment_0009,5.0,sentinel1,after_P02,12,after,2024-10-11,2024-10-24,True,1.0
counterfactual_0009_05,counterfactual,treatment_0009,5.0,sentinel1,after_P03,13,after,2024-10-25,2024-11-07,True,1.0
counterfactual_0009_05,counterfactual,treatment_0009,5.0,sentinel1,after_P04,14,after,2024-11-08,2024-11-21,True,1.0
counterfactual_0009_05,counterfactual,treatment_0009,5.0,sentinel1,after_P05,15,after,2024-11-22,2024-12-05,True,1.0
counterfactual_0009_05,counterfactual,treatment_0009,5.0,sentinel1,after_P06,16,after,2024-12-06,2024-12-19,True,1.0
counterfactual_0009_05,counterfactual,treatment_0009,5.0,sentinel1,after_P07,17,after,2024-12-20,2025-01-02,True,1.0
counterfactual_0009_05,counterfactual,treatment_0009,5.0,sentinel1,after_P08,18,after,2025-01-03,2025-01-16,True,1.0
counterfactual_0009_05,counterfactual,treatment_0009,5.0,sentinel1,after_P09,19,after,2025-01-17,2025-01-30,True,1.0
counterfactual_0009_05,counterfactual,treatment_0009,5.0,sentinel1,after_P10,20,after,2025-01-31,2025-02-13,True,1.0
counterfactual_0009_05,counterfactual,treatment_0009,5.0,sentinel2,before_P01,1,before,2024-05-10,2024-05-23,True,0.7037545338692285
counterfactual_0009_05,counterfactual,treatment_0009,5.0,sentinel2,before_P02,2,before,2024-05-24,2024-06-06,True,1.0
counterfactual_0009_05,counterfactual,treatment_0009,5.0,sentinel2,before_P03,3,before,2024-06-07,2024-06-20,True,0.0
counterfactual_0009_05,counterfactual,treatment_0009,5.0,sentinel2,before_P04,4,before,2024-06-21,2024-07-04,True,1.0
counterfactual_0009_05,counterfactual,treatment_0009,5.0,sentinel2,before_P05,5,before,2024-07-05,2024-07-18,True,0.9886285658268796
counterfactual_0009_05,counterfactual,treatment_0009,5.0,sentinel2,before_P06,6,before,2024-07-19,2024-08-01,True,0.005391628271738
counterfactual_0009_05,counterfactual,treatment_0009,5.0,sentinel2,before_P07,7,before,2024-08-02,2024-08-15,True,0.2182139005979806
counterfactual_0009_05,counterfactual,treatment_0009,5.0,sentinel2,before_P08,8,before,2024-08-16,2024-08-29,True,0.9027546318988334
counterfactual_0009_05,counterfactual,treatment_0009,5.0,sentinel2,before_P09,9,before,2024-08-30,2024-09-12,True,0.9870600921478286
counterfactual_0009_05,counterfactual,treatment_0009,5.0,sentinel2,before_P10,10,before,2024-09-13,2024-09-26,True,0.7780609744142731
counterfactual_0009_05,counterfactual,treatment_0009,5.0,sentinel2,after_P01,11,after,2024-09-27,2024-10-10,True,1.0
counterfactual_0009_05,counterfactual,treatment_0009,5.0,sentinel2,after_P02,12,after,2024-10-11,2024-10-24,True,1.0
counterfactual_0009_05,counterfactual,treatment_0009,5.0,sentinel2,after_P03,13,after,2024-10-25,2024-11-07,True,0.0
counterfactual_0009_05,counterfactual,treatment_0009,5.0,sentinel2,after_P04,14,after,2024-11-08,2024-11-21,True,0.0218606019017743
counterfactual_0009_05,counterfactual,treatment_0009,5.0,sentinel2,after_P05,15,after,2024-11-22,2024-12-05,False,
counterfactual_0009_05,counterfactual,treatment_0009,5.0,sentinel2,after_P06,16,after,2024-12-06,2024-12-19,True,0.8021762572296833
counterfactual_0009_05,counterfactual,treatment_0009,5.0,sentinel2,after_P07,17,after,2024-12-20,2025-01-02,True,0.0164689736300362
counterfactual_0009_05,counterfactual,treatment_0009,5.0,sentinel2,after_P08,18,after,2025-01-03,2025-01-16,True,0.4531908636408195
counterfactual_0009_05,counterfactual,treatment_0009,5.0,sentinel2,after_P09,19,after,2025-01-17,2025-01-30,True,1.0
counterfactual_0009_05,counterfactual,treatment_0009,5.0,sentinel2,after_P10,20,after,2025-01-31,2025-02-13,True,1.0
counterfactual_0010_01,counterfactual,treatment_0010,1.0,sentinel1,before_P01,1,before,2024-05-10,2024-05-23,True,1.0
counterfactual_0010_01,counterfactual,treatment_0010,1.0,sentinel1,before_P02,2,before,2024-05-24,2024-06-06,True,1.0
counterfactual_0010_01,counterfactual,treatment_0010,1.0,sentinel1,before_P03,3,before,2024-06-07,2024-06-20,True,1.0
counterfactual_0010_01,counterfactual,treatment_0010,1.0,sentinel1,before_P04,4,before,2024-06-21,2024-07-04,True,1.0
counterfactual_0010_01,counterfactual,treatment_0010,1.0,sentinel1,before_P05,5,before,2024-07-05,2024-07-18,True,1.0
counterfactual_0010_01,counterfactual,treatment_0010,1.0,sentinel1,before_P06,6,before,2024-07-19,2024-08-01,True,1.0
counterfactual_0010_01,counterfactual,treatment_0010,1.0,sentinel1,before_P07,7,before,2024-08-02,2024-08-15,True,1.0
counterfactual_0010_01,counterfactual,treatment_0010,1.0,sentinel1,before_P08,8,before,2024-08-16,2024-08-29,True,1.0
counterfactual_0010_01,counterfactual,treatment_0010,1.0,sentinel1,before_P09,9,before,2024-08-30,2024-09-12,True,1.0
counterfactual_0010_01,counterfactual,treatment_0010,1.0,sentinel1,before_P10,10,before,2024-09-13,2024-09-26,True,1.0
counterfactual_0010_01,counterfactual,treatment_0010,1.0,sentinel1,after_P01,11,after,2024-09-27,2024-10-10,True,1.0
counterfactual_0010_01,counterfactual,treatment_0010,1.0,sentinel1,after_P02,12,after,2024-10-11,2024-10-24,True,1.0
counterfactual_0010_01,counterfactual,treatment_0010,1.0,sentinel1,after_P03,13,after,2024-10-25,2024-11-07,True,1.0
counterfactual_0010_01,counterfactual,treatment_0010,1.0,sentinel1,after_P04,14,after,2024-11-08,2024-11-21,True,1.0
counterfactual_0010_01,counterfactual,treatment_0010,1.0,sentinel1,after_P05,15,after,2024-11-22,2024-12-05,True,1.0
counterfactual_0010_01,counterfactual,treatment_0010,1.0,sentinel1,after_P06,16,after,2024-12-06,2024-12-19,True,1.0
counterfactual_0010_01,counterfactual,treatment_0010,1.0,sentinel1,after_P07,17,after,2024-12-20,2025-01-02,True,1.0
counterfactual_0010_01,counterfactual,treatment_0010,1.0,sentinel1,after_P08,18,after,2025-01-03,2025-01-16,True,1.0
counterfactual_0010_01,counterfactual,treatment_0010,1.0,sentinel1,after_P09,19,after,2025-01-17,2025-01-30,True,1.0
counterfactual_0010_01,counterfactual,treatment_0010,1.0,sentinel1,after_P10,20,after,2025-01-31,2025-02-13,True,1.0
counterfactual_0010_01,counterfactual,treatment_0010,1.0,sentinel2,before_P01,1,before,2024-05-10,2024-05-23,True,0.8406038623664347
counterfactual_0010_01,counterfactual,treatment_0010,1.0,sentinel2,before_P02,2,before,2024-05-24,2024-06-06,True,0.7099303989804921
counterfactual_0010_01,counterfactual,treatment_0010,1.0,sentinel2,before_P03,3,before,2024-06-07,2024-06-20,True,0.0
counterfactual_0010_01,counterfactual,treatment_0010,1.0,sentinel2,before_P04,4,before,2024-06-21,2024-07-04,True,1.0
counterfactual_0010_01,counterfactual,treatment_0010,1.0,sentinel2,before_P05,5,before,2024-07-05,2024-07-18,True,1.0
counterfactual_0010_01,counterfactual,treatment_0010,1.0,sentinel2,before_P06,6,before,2024-07-19,2024-08-01,True,0.1811587099303989
counterfactual_0010_01,counterfactual,treatment_0010,1.0,sentinel2,before_P07,7,before,2024-08-02,2024-08-15,True,0.8927556121948829
counterfactual_0010_01,counterfactual,treatment_0010,1.0,sentinel2,before_P08,8,before,2024-08-16,2024-08-29,True,0.7725713165375944
counterfactual_0010_01,counterfactual,treatment_0010,1.0,sentinel2,before_P09,9,before,2024-08-30,2024-09-12,True,0.3413390844034898
counterfactual_0010_01,counterfactual,treatment_0010,1.0,sentinel2,before_P10,10,before,2024-09-13,2024-09-26,True,1.0
counterfactual_0010_01,counterfactual,treatment_0010,1.0,sentinel2,after_P01,11,after,2024-09-27,2024-10-10,True,1.0
counterfactual_0010_01,counterfactual,treatment_0010,1.0,sentinel2,after_P02,12,after,2024-10-11,2024-10-24,True,1.0
counterfactual_0010_01,counterfactual,treatment_0010,1.0,sentinel2,after_P03,13,after,2024-10-25,2024-11-07,True,0.7409077541417508
counterfactual_0010_01,counterfactual,treatment_0010,1.0,sentinel2,after_P04,14,after,2024-11-08,2024-11-21,True,0.1356729732379178
counterfactual_0010_01,counterfactual,treatment_0010,1.0,sentinel2,after_P05,15,after,2024-11-22,2024-12-05,True,0.0
counterfactual_0010_01,counterfactual,treatment_0010,1.0,sentinel2,after_P06,16,after,2024-12-06,2024-12-19,True,0.106656210175473
counterfactual_0010_01,counterfactual,treatment_0010,1.0,sentinel2,after_P07,17,after,2024-12-20,2025-01-02,True,0.0154886775806293
counterfactual_0010_01,counterfactual,treatment_0010,1.0,sentinel2,after_P08,18,after,2025-01-03,2025-01-16,True,0.028624644642682
counterfactual_0010_01,counterfactual,treatment_0010,1.0,sentinel2,after_P09,19,after,2025-01-17,2025-01-30,True,0.433290853837859
counterfactual_0010_01,counterfactual,treatment_0010,1.0,sentinel2,after_P10,20,after,2025-01-31,2025-02-13,True,1.0
counterfactual_0010_02,counterfactual,treatment_0010,2.0,sentinel1,before_P01,1,before,2024-05-10,2024-05-23,True,0.99009900990099
counterfactual_0010_02,counterfactual,treatment_0010,2.0,sentinel1,before_P02,2,before,2024-05-24,2024-06-06,True,0.99009900990099
counterfactual_0010_02,counterfactual,treatment_0010,2.0,sentinel1,before_P03,3,before,2024-06-07,2024-06-20,True,0.99009900990099
counterfactual_0010_02,counterfactual,treatment_0010,2.0,sentinel1,before_P04,4,before,2024-06-21,2024-07-04,True,0.99009900990099
counterfactual_0010_02,counterfactual,treatment_0010,2.0,sentinel1,before_P05,5,before,2024-07-05,2024-07-18,True,0.99009900990099
counterfactual_0010_02,counterfactual,treatment_0010,2.0,sentinel1,before_P06,6,before,2024-07-19,2024-08-01,True,0.99009900990099
counterfactual_0010_02,counterfactual,treatment_0010,2.0,sentinel1,before_P07,7,before,2024-08-02,2024-08-15,True,0.99009900990099
counterfactual_0010_02,counterfactual,treatment_0010,2.0,sentinel1,before_P08,8,before,2024-08-16,2024-08-29,True,0.99009900990099
counterfactual_0010_02,counterfactual,treatment_0010,2.0,sentinel1,before_P09,9,before,2024-08-30,2024-09-12,True,0.99009900990099
counterfactual_0010_02,counterfactual,treatment_0010,2.0,sentinel1,before_P10,10,before,2024-09-13,2024-09-26,True,0.99009900990099
counterfactual_0010_02,counterfactual,treatment_0010,2.0,sentinel1,after_P01,11,after,2024-09-27,2024-10-10,True,0.99009900990099
counterfactual_0010_02,counterfactual,treatment_0010,2.0,sentinel1,after_P02,12,after,2024-10-11,2024-10-24,True,0.99009900990099
counterfactual_0010_02,counterfactual,treatment_0010,2.0,sentinel1,after_P03,13,after,2024-10-25,2024-11-07,True,0.99009900990099
counterfactual_0010_02,counterfactual,treatment_0010,2.0,sentinel1,after_P04,14,after,2024-11-08,2024-11-21,True,0.99009900990099
counterfactual_0010_02,counterfactual,treatment_0010,2.0,sentinel1,after_P05,15,after,2024-11-22,2024-12-05,True,0.99009900990099
counterfactual_0010_02,counterfactual,treatment_0010,2.0,sentinel1,after_P06,16,after,2024-12-06,2024-12-19,True,0.99009900990099
counterfactual_0010_02,counterfactual,treatment_0010,2.0,sentinel1,after_P07,17,after,2024-12-20,2025-01-02,True,0.99009900990099
counterfactual_0010_02,counterfactual,treatment_0010,2.0,sentinel1,after_P08,18,after,2025-01-03,2025-01-16,True,0.99009900990099
counterfactual_0010_02,counterfactual,treatment_0010,2.0,sentinel1,after_P09,19,after,2025-01-17,2025-01-30,True,0.99009900990099
counterfactual_0010_02,counterfactual,treatment_0010,2.0,sentinel1,after_P10,20,after,2025-01-31,2025-02-13,True,0.99009900990099
counterfactual_0010_02,counterfactual,treatment_0010,2.0,sentinel2,before_P01,1,before,2024-05-10,2024-05-23,True,0.99009900990099
counterfactual_0010_02,counterfactual,treatment_0010,2.0,sentinel2,before_P02,2,before,2024-05-24,2024-06-06,True,0.99009900990099
counterfactual_0010_02,counterfactual,treatment_0010,2.0,sentinel2,before_P03,3,before,2024-06-07,2024-06-20,True,0.0
counterfactual_0010_02,counterfactual,treatment_0010,2.0,sentinel2,before_P04,4,before,2024-06-21,2024-07-04,True,0.9899029506911088
counterfactual_0010_02,counterfactual,treatment_0010,2.0,sentinel2,before_P05,5,before,2024-07-05,2024-07-18,True,0.8861876286638565
counterfactual_0010_02,counterfactual,treatment_0010,2.0,sentinel2,before_P06,6,before,2024-07-19,2024-08-01,True,0.3341829232428193
counterfactual_0010_02,counterfactual,treatment_0010,2.0,sentinel2,before_P07,7,before,2024-08-02,2024-08-15,True,0.1805705323007548
counterfactual_0010_02,counterfactual,treatment_0010,2.0,sentinel2,before_P08,8,before,2024-08-16,2024-08-29,True,0.99009900990099
counterfactual_0010_02,counterfactual,treatment_0010,2.0,sentinel2,before_P09,9,before,2024-08-30,2024-09-12,True,0.254386824821096
counterfactual_0010_02,counterfactual,treatment_0010,2.0,sentinel2,before_P10,10,before,2024-09-13,2024-09-26,True,0.99009900990099
counterfactual_0010_02,counterfactual,treatment_0010,2.0,sentinel2,after_P01,11,after,2024-09-27,2024-10-10,True,0.99009900990099
counterfactual_0010_02,counterfactual,treatment_0010,2.0,sentinel2,after_P02,12,after,2024-10-11,2024-10-24,True,0.99009900990099
counterfactual_0010_02,counterfactual,treatment_0010,2.0,sentinel2,after_P03,13,after,2024-10-25,2024-11-07,True,0.0
counterfactual_0010_02,counterfactual,treatment_0010,2.0,sentinel2,after_P04,14,after,2024-11-08,2024-11-21,True,0.1372414469169689
counterfactual_0010_02,counterfactual,treatment_0010,2.0,sentinel2,after_P05,15,after,2024-11-22,2024-12-05,True,0.0
counterfactual_0010_02,counterfactual,treatment_0010,2.0,sentinel2,after_P06,16,after,2024-12-06,2024-12-19,True,0.99009900990099
counterfactual_0010_02,counterfactual,treatment_0010,2.0,sentinel2,after_P07,17,after,2024-12-20,2025-01-02,True,0.1030291147926673
counterfactual_0010_02,counterfactual,treatment_0010,2.0,sentinel2,after_P08,18,after,2025-01-03,2025-01-16,True,0.2122340946965983
counterfactual_0010_02,counterfactual,treatment_0010,2.0,sentinel2,after_P09,19,after,2025-01-17,2025-01-30,True,0.99009900990099
counterfactual_0010_02,counterfactual,treatment_0010,2.0,sentinel2,after_P10,20,after,2025-01-31,2025-02-13,True,0.99009900990099
counterfactual_0010_03,counterfactual,treatment_0010,3.0,sentinel1,before_P01,1,before,2024-05-10,2024-05-23,True,1.0
counterfactual_0010_03,counterfactual,treatment_0010,3.0,sentinel1,before_P02,2,before,2024-05-24,2024-06-06,True,1.0
counterfactual_0010_03,counterfactual,treatment_0010,3.0,sentinel1,before_P03,3,before,2024-06-07,2024-06-20,True,1.0
counterfactual_0010_03,counterfactual,treatment_0010,3.0,sentinel1,before_P04,4,before,2024-06-21,2024-07-04,True,1.0
counterfactual_0010_03,counterfactual,treatment_0010,3.0,sentinel1,before_P05,5,before,2024-07-05,2024-07-18,True,1.0
counterfactual_0010_03,counterfactual,treatment_0010,3.0,sentinel1,before_P06,6,before,2024-07-19,2024-08-01,True,1.0
counterfactual_0010_03,counterfactual,treatment_0010,3.0,sentinel1,before_P07,7,before,2024-08-02,2024-08-15,True,1.0
counterfactual_0010_03,counterfactual,treatment_0010,3.0,sentinel1,before_P08,8,before,2024-08-16,2024-08-29,True,1.0
counterfactual_0010_03,counterfactual,treatment_0010,3.0,sentinel1,before_P09,9,before,2024-08-30,2024-09-12,True,1.0
counterfactual_0010_03,counterfactual,treatment_0010,3.0,sentinel1,before_P10,10,before,2024-09-13,2024-09-26,True,1.0
counterfactual_0010_03,counterfactual,treatment_0010,3.0,sentinel1,after_P01,11,after,2024-09-27,2024-10-10,True,1.0
counterfactual_0010_03,counterfactual,treatment_0010,3.0,sentinel1,after_P02,12,after,2024-10-11,2024-10-24,True,1.0
counterfactual_0010_03,counterfactual,treatment_0010,3.0,sentinel1,after_P03,13,after,2024-10-25,2024-11-07,True,1.0
counterfactual_0010_03,counterfactual,treatment_0010,3.0,sentinel1,after_P04,14,after,2024-11-08,2024-11-21,True,1.0
counterfactual_0010_03,counterfactual,treatment_0010,3.0,sentinel1,after_P05,15,after,2024-11-22,2024-12-05,True,1.0
counterfactual_0010_03,counterfactual,treatment_0010,3.0,sentinel1,after_P06,16,after,2024-12-06,2024-12-19,True,1.0
counterfactual_0010_03,counterfactual,treatment_0010,3.0,sentinel1,after_P07,17,after,2024-12-20,2025-01-02,True,1.0
counterfactual_0010_03,counterfactual,treatment_0010,3.0,sentinel1,after_P08,18,after,2025-01-03,2025-01-16,True,1.0
counterfactual_0010_03,counterfactual,treatment_0010,3.0,sentinel1,after_P09,19,after,2025-01-17,2025-01-30,True,1.0
counterfactual_0010_03,counterfactual,treatment_0010,3.0,sentinel1,after_P10,20,after,2025-01-31,2025-02-13,True,1.0
counterfactual_0010_03,counterfactual,treatment_0010,3.0,sentinel2,before_P01,1,before,2024-05-10,2024-05-23,True,1.0
counterfactual_0010_03,counterfactual,treatment_0010,3.0,sentinel2,before_P02,2,before,2024-05-24,2024-06-06,True,0.7543378100186257
counterfactual_0010_03,counterfactual,treatment_0010,3.0,sentinel2,before_P03,3,before,2024-06-07,2024-06-20,True,0.9947064013332026
counterfactual_0010_03,counterfactual,treatment_0010,3.0,sentinel2,before_P04,4,before,2024-06-21,2024-07-04,True,0.8255073032055681
counterfactual_0010_03,counterfactual,treatment_0010,3.0,sentinel2,before_P05,5,before,2024-07-05,2024-07-18,True,1.0
counterfactual_0010_03,counterfactual,treatment_0010,3.0,sentinel2,before_P06,6,before,2024-07-19,2024-08-01,True,0.562885991569454
counterfactual_0010_03,counterfactual,treatment_0010,3.0,sentinel2,before_P07,7,before,2024-08-02,2024-08-15,True,0.8917753161454759
counterfactual_0010_03,counterfactual,treatment_0010,3.0,sentinel2,before_P08,8,before,2024-08-16,2024-08-29,True,0.9776492500735222
counterfactual_0010_03,counterfactual,treatment_0010,3.0,sentinel2,before_P09,9,before,2024-08-30,2024-09-12,True,0.6433682972257622
counterfactual_0010_03,counterfactual,treatment_0010,3.0,sentinel2,before_P10,10,before,2024-09-13,2024-09-26,True,1.0
counterfactual_0010_03,counterfactual,treatment_0010,3.0,sentinel2,after_P01,11,after,2024-09-27,2024-10-10,True,1.0
counterfactual_0010_03,counterfactual,treatment_0010,3.0,sentinel2,after_P02,12,after,2024-10-11,2024-10-24,True,1.0
counterfactual_0010_03,counterfactual,treatment_0010,3.0,sentinel2,after_P03,13,after,2024-10-25,2024-11-07,True,0.8053132045877855
counterfactual_0010_03,counterfactual,treatment_0010,3.0,sentinel2,after_P04,14,after,2024-11-08,2024-11-21,True,0.1948828546220958
counterfactual_0010_03,counterfactual,treatment_0010,3.0,sentinel2,after_P05,15,after,2024-11-22,2024-12-05,True,0.0164689736300362
counterfactual_0010_03,counterfactual,treatment_0010,3.0,sentinel2,after_P06,16,after,2024-12-06,2024-12-19,True,0.0450936182727183
counterfactual_0010_03,counterfactual,treatment_0010,3.0,sentinel2,after_P07,17,after,2024-12-20,2025-01-02,True,0.0850896970885207
counterfactual_0010_03,counterfactual,treatment_0010,3.0,sentinel2,after_P08,18,after,2025-01-03,2025-01-16,True,0.1959611802764435
counterfactual_0010_03,counterfactual,treatment_0010,3.0,sentinel2,after_P09,19,after,2025-01-17,2025-01-30,True,0.5697480639153024
counterfactual_0010_03,counterfactual,treatment_0010,3.0,sentinel2,after_P10,20,after,2025-01-31,2025-02-13,True,1.0
counterfactual_0010_04,counterfactual,treatment_0010,4.0,sentinel1,before_P01,1,before,2024-05-10,2024-05-23,True,1.0
counterfactual_0010_04,counterfactual,treatment_0010,4.0,sentinel1,before_P02,2,before,2024-05-24,2024-06-06,True,1.0
counterfactual_0010_04,counterfactual,treatment_0010,4.0,sentinel1,before_P03,3,before,2024-06-07,2024-06-20,True,1.0
counterfactual_0010_04,counterfactual,treatment_0010,4.0,sentinel1,before_P04,4,before,2024-06-21,2024-07-04,True,1.0
counterfactual_0010_04,counterfactual,treatment_0010,4.0,sentinel1,before_P05,5,before,2024-07-05,2024-07-18,True,1.0
counterfactual_0010_04,counterfactual,treatment_0010,4.0,sentinel1,before_P06,6,before,2024-07-19,2024-08-01,True,1.0
counterfactual_0010_04,counterfactual,treatment_0010,4.0,sentinel1,before_P07,7,before,2024-08-02,2024-08-15,True,1.0
counterfactual_0010_04,counterfactual,treatment_0010,4.0,sentinel1,before_P08,8,before,2024-08-16,2024-08-29,True,1.0
counterfactual_0010_04,counterfactual,treatment_0010,4.0,sentinel1,before_P09,9,before,2024-08-30,2024-09-12,True,1.0
counterfactual_0010_04,counterfactual,treatment_0010,4.0,sentinel1,before_P10,10,before,2024-09-13,2024-09-26,True,1.0
counterfactual_0010_04,counterfactual,treatment_0010,4.0,sentinel1,after_P01,11,after,2024-09-27,2024-10-10,True,1.0
counterfactual_0010_04,counterfactual,treatment_0010,4.0,sentinel1,after_P02,12,after,2024-10-11,2024-10-24,True,1.0
counterfactual_0010_04,counterfactual,treatment_0010,4.0,sentinel1,after_P03,13,after,2024-10-25,2024-11-07,True,1.0
counterfactual_0010_04,counterfactual,treatment_0010,4.0,sentinel1,after_P04,14,after,2024-11-08,2024-11-21,True,1.0
counterfactual_0010_04,counterfactual,treatment_0010,4.0,sentinel1,after_P05,15,after,2024-11-22,2024-12-05,True,1.0
counterfactual_0010_04,counterfactual,treatment_0010,4.0,sentinel1,after_P06,16,after,2024-12-06,2024-12-19,True,1.0
counterfactual_0010_04,counterfactual,treatment_0010,4.0,sentinel1,after_P07,17,after,2024-12-20,2025-01-02,True,1.0
counterfactual_0010_04,counterfactual,treatment_0010,4.0,sentinel1,after_P08,18,after,2025-01-03,2025-01-16,True,1.0
counterfactual_0010_04,counterfactual,treatment_0010,4.0,sentinel1,after_P09,19,after,2025-01-17,2025-01-30,True,1.0
counterfactual_0010_04,counterfactual,treatment_0010,4.0,sentinel1,after_P10,20,after,2025-01-31,2025-02-13,True,1.0
counterfactual_0010_04,counterfactual,treatment_0010,4.0,sentinel2,before_P01,1,before,2024-05-10,2024-05-23,True,0.7823742770316635
counterfactual_0010_04,counterfactual,treatment_0010,4.0,sentinel2,before_P02,2,before,2024-05-24,2024-06-06,True,0.0055876874816194
counterfactual_0010_04,counterfactual,treatment_0010,4.0,sentinel2,before_P03,3,before,2024-06-07,2024-06-20,True,0.0580335261248897
counterfactual_0010_04,counterfactual,treatment_0010,4.0,sentinel2,before_P04,4,before,2024-06-21,2024-07-04,True,0.9725517106166062
counterfactual_0010_04,counterfactual,treatment_0010,4.0,sentinel2,before_P05,5,before,2024-07-05,2024-07-18,True,0.9564748554063328
counterfactual_0010_04,counterfactual,treatment_0010,4.0,sentinel2,before_P06,6,before,2024-07-19,2024-08-01,True,0.1050877364964219
counterfactual_0010_04,counterfactual,treatment_0010,4.0,sentinel2,before_P07,7,before,2024-08-02,2024-08-15,True,0.9819625526909128
counterfactual_0010_04,counterfactual,treatment_0010,4.0,sentinel2,before_P08,8,before,2024-08-16,2024-08-29,True,1.0
counterfactual_0010_04,counterfactual,treatment_0010,4.0,sentinel2,before_P09,9,before,2024-08-30,2024-09-12,True,0.349573571218508
counterfactual_0010_04,counterfactual,treatment_0010,4.0,sentinel2,before_P10,10,before,2024-09-13,2024-09-26,True,1.0
counterfactual_0010_04,counterfactual,treatment_0010,4.0,sentinel2,after_P01,11,after,2024-09-27,2024-10-10,True,1.0
counterfactual_0010_04,counterfactual,treatment_0010,4.0,sentinel2,after_P02,12,after,2024-10-11,2024-10-24,True,1.0
counterfactual_0010_04,counterfactual,treatment_0010,4.0,sentinel2,after_P03,13,after,2024-10-25,2024-11-07,True,0.686697382609548
counterfactual_0010_04,counterfactual,treatment_0010,4.0,sentinel2,after_P04,14,after,2024-11-08,2024-11-21,True,0.1535143613371238
counterfactual_0010_04,counterfactual,treatment_0010,4.0,sentinel2,after_P05,15,after,2024-11-22,2024-12-05,True,0.0133320262719341
counterfactual_0010_04,counterfactual,treatment_0010,4.0,sentinel2,after_P06,16,after,2024-12-06,2024-12-19,True,0.4380943044799529
counterfactual_0010_04,counterfactual,treatment_0010,4.0,sentinel2,after_P07,17,after,2024-12-20,2025-01-02,True,0.1317517890402901
counterfactual_0010_04,counterfactual,treatment_0010,4.0,sentinel2,after_P08,18,after,2025-01-03,2025-01-16,True,0.5506322909518675
counterfactual_0010_04,counterfactual,treatment_0010,4.0,sentinel2,after_P09,19,after,2025-01-17,2025-01-30,True,0.2511518478580531
counterfactual_0010_04,counterfactual,treatment_0010,4.0,sentinel2,after_P10,20,after,2025-01-31,2025-02-13,True,0.8100186256249388
counterfactual_0010_05,counterfactual,treatment_0010,5.0,sentinel1,before_P01,1,before,2024-05-10,2024-05-23,True,1.0
counterfactual_0010_05,counterfactual,treatment_0010,5.0,sentinel1,before_P02,2,before,2024-05-24,2024-06-06,True,1.0
counterfactual_0010_05,counterfactual,treatment_0010,5.0,sentinel1,before_P03,3,before,2024-06-07,2024-06-20,True,1.0
counterfactual_0010_05,counterfactual,treatment_0010,5.0,sentinel1,before_P04,4,before,2024-06-21,2024-07-04,True,1.0
counterfactual_0010_05,counterfactual,treatment_0010,5.0,sentinel1,before_P05,5,before,2024-07-05,2024-07-18,True,1.0
counterfactual_0010_05,counterfactual,treatment_0010,5.0,sentinel1,before_P06,6,before,2024-07-19,2024-08-01,True,1.0
counterfactual_0010_05,counterfactual,treatment_0010,5.0,sentinel1,before_P07,7,before,2024-08-02,2024-08-15,True,1.0
counterfactual_0010_05,counterfactual,treatment_0010,5.0,sentinel1,before_P08,8,before,2024-08-16,2024-08-29,True,1.0
counterfactual_0010_05,counterfactual,treatment_0010,5.0,sentinel1,before_P09,9,before,2024-08-30,2024-09-12,True,1.0
counterfactual_0010_05,counterfactual,treatment_0010,5.0,sentinel1,before_P10,10,before,2024-09-13,2024-09-26,True,1.0
counterfactual_0010_05,counterfactual,treatment_0010,5.0,sentinel1,after_P01,11,after,2024-09-27,2024-10-10,True,1.0
counterfactual_0010_05,counterfactual,treatment_0010,5.0,sentinel1,after_P02,12,after,2024-10-11,2024-10-24,True,1.0
counterfactual_0010_05,counterfactual,treatment_0010,5.0,sentinel1,after_P03,13,after,2024-10-25,2024-11-07,True,1.0
counterfactual_0010_05,counterfactual,treatment_0010,5.0,sentinel1,after_P04,14,after,2024-11-08,2024-11-21,True,1.0
counterfactual_0010_05,counterfactual,treatment_0010,5.0,sentinel1,after_P05,15,after,2024-11-22,2024-12-05,True,1.0
counterfactual_0010_05,counterfactual,treatment_0010,5.0,sentinel1,after_P06,16,after,2024-12-06,2024-12-19,True,1.0
counterfactual_0010_05,counterfactual,treatment_0010,5.0,sentinel1,after_P07,17,after,2024-12-20,2025-01-02,True,1.0
counterfactual_0010_05,counterfactual,treatment_0010,5.0,sentinel1,after_P08,18,after,2025-01-03,2025-01-16,True,1.0
counterfactual_0010_05,counterfactual,treatment_0010,5.0,sentinel1,after_P09,19,after,2025-01-17,2025-01-30,True,1.0
counterfactual_0010_05,counterfactual,treatment_0010,5.0,sentinel1,after_P10,20,after,2025-01-31,2025-02-13,True,1.0
counterfactual_0010_05,counterfactual,treatment_0010,5.0,sentinel2,before_P01,1,before,2024-05-10,2024-05-23,True,1.0
counterfactual_0010_05,counterfactual,treatment_0010,5.0,sentinel2,before_P02,2,before,2024-05-24,2024-06-06,True,1.0
counterfactual_0010_05,counterfactual,treatment_0010,5.0,sentinel2,before_P03,3,before,2024-06-07,2024-06-20,True,0.9992157631604744
counterfactual_0010_05,counterfactual,treatment_0010,5.0,sentinel2,before_P04,4,before,2024-06-21,2024-07-04,True,1.0
counterfactual_0010_05,counterfactual,treatment_0010,5.0,sentinel2,before_P05,5,before,2024-07-05,2024-07-18,True,1.0
counterfactual_0010_05,counterfactual,treatment_0010,5.0,sentinel2,before_P06,6,before,2024-07-19,2024-08-01,True,0.0029408881482207
counterfactual_0010_05,counterfactual,treatment_0010,5.0,sentinel2,before_P07,7,before,2024-08-02,2024-08-15,True,0.7588471718458975
counterfactual_0010_05,counterfactual,treatment_0010,5.0,sentinel2,before_P08,8,before,2024-08-16,2024-08-29,True,0.8564846583668267
counterfactual_0010_05,counterfactual,treatment_0010,5.0,sentinel2,before_P09,9,before,2024-08-30,2024-09-12,True,0.632585040682286
counterfactual_0010_05,counterfactual,treatment_0010,5.0,sentinel2,before_P10,10,before,2024-09-13,2024-09-26,True,1.0
counterfactual_0010_05,counterfactual,treatment_0010,5.0,sentinel2,after_P01,11,after,2024-09-27,2024-10-10,True,1.0
counterfactual_0010_05,counterfactual,treatment_0010,5.0,sentinel2,after_P02,12,after,2024-10-11,2024-10-24,True,1.0
counterfactual_0010_05,counterfactual,treatment_0010,5.0,sentinel2,after_P03,13,after,2024-10-25,2024-11-07,True,0.3635918047250269
counterfactual_0010_05,counterfactual,treatment_0010,5.0,sentinel2,after_P04,14,after,2024-11-08,2024-11-21,True,0.219978433486913
counterfactual_0010_05,counterfactual,treatment_0010,5.0,sentinel2,after_P05,15,after,2024-11-22,2024-12-05,True,0.063327124791687
counterfactual_0010_05,counterfactual,treatment_0010,5.0,sentinel2,after_P06,16,after,2024-12-06,2024-12-19,True,0.0948926575825899
counterfactual_0010_05,counterfactual,treatment_0010,5.0,sentinel2,after_P07,17,after,2024-12-20,2025-01-02,True,0.0586217037545338
counterfactual_0010_05,counterfactual,treatment_0010,5.0,sentinel2,after_P08,18,after,2025-01-03,2025-01-16,True,0.2740907754141751
counterfactual_0010_05,counterfactual,treatment_0010,5.0,sentinel2,after_P09,19,after,2025-01-17,2025-01-30,True,0.7694343691794923
counterfactual_0010_05,counterfactual,treatment_0010,5.0,sentinel2,after_P10,20,after,2025-01-31,2025-02-13,True,1.0
treatment_0001,treatment,treatment_0001,,sentinel1,before_P01,1,before,2024-05-10,2024-05-23,True,1.0
treatment_0001,treatment,treatment_0001,,sentinel1,before_P02,2,before,2024-05-24,2024-06-06,True,1.0
treatment_0001,treatment,treatment_0001,,sentinel1,before_P03,3,before,2024-06-07,2024-06-20,True,1.0
treatment_0001,treatment,treatment_0001,,sentinel1,before_P04,4,before,2024-06-21,2024-07-04,True,1.0
treatment_0001,treatment,treatment_0001,,sentinel1,before_P05,5,before,2024-07-05,2024-07-18,True,1.0
treatment_0001,treatment,treatment_0001,,sentinel1,before_P06,6,before,2024-07-19,2024-08-01,True,1.0
treatment_0001,treatment,treatment_0001,,sentinel1,before_P07,7,before,2024-08-02,2024-08-15,True,1.0
treatment_0001,treatment,treatment_0001,,sentinel1,before_P08,8,before,2024-08-16,2024-08-29,True,1.0
treatment_0001,treatment,treatment_0001,,sentinel1,before_P09,9,before,2024-08-30,2024-09-12,True,1.0
treatment_0001,treatment,treatment_0001,,sentinel1,before_P10,10,before,2024-09-13,2024-09-26,True,1.0
treatment_0001,treatment,treatment_0001,,sentinel1,after_P01,11,after,2024-09-27,2024-10-10,True,1.0
treatment_0001,treatment,treatment_0001,,sentinel1,after_P02,12,after,2024-10-11,2024-10-24,False,
treatment_0001,treatment,treatment_0001,,sentinel1,after_P03,13,after,2024-10-25,2024-11-07,True,1.0
treatment_0001,treatment,treatment_0001,,sentinel1,after_P04,14,after,2024-11-08,2024-11-21,True,1.0
treatment_0001,treatment,treatment_0001,,sentinel1,after_P05,15,after,2024-11-22,2024-12-05,False,
treatment_0001,treatment,treatment_0001,,sentinel1,after_P06,16,after,2024-12-06,2024-12-19,True,1.0
treatment_0001,treatment,treatment_0001,,sentinel1,after_P07,17,after,2024-12-20,2025-01-02,True,1.0
treatment_0001,treatment,treatment_0001,,sentinel1,after_P08,18,after,2025-01-03,2025-01-16,True,1.0
treatment_0001,treatment,treatment_0001,,sentinel1,after_P09,19,after,2025-01-17,2025-01-30,True,1.0
treatment_0001,treatment,treatment_0001,,sentinel1,after_P10,20,after,2025-01-31,2025-02-13,True,1.0
treatment_0001,treatment,treatment_0001,,sentinel2,before_P01,1,before,2024-05-10,2024-05-23,True,1.0
treatment_0001,treatment,treatment_0001,,sentinel2,before_P02,2,before,2024-05-24,2024-06-06,True,0.9954906381727282
treatment_0001,treatment,treatment_0001,,sentinel2,before_P03,3,before,2024-06-07,2024-06-20,True,0.0
treatment_0001,treatment,treatment_0001,,sentinel2,before_P04,4,before,2024-06-21,2024-07-04,True,0.2209587295363199
treatment_0001,treatment,treatment_0001,,sentinel2,before_P05,5,before,2024-07-05,2024-07-18,True,1.0
treatment_0001,treatment,treatment_0001,,sentinel2,before_P06,6,before,2024-07-19,2024-08-01,True,0.0
treatment_0001,treatment,treatment_0001,,sentinel2,before_P07,7,before,2024-08-02,2024-08-15,True,0.4720125477894324
treatment_0001,treatment,treatment_0001,,sentinel2,before_P08,8,before,2024-08-16,2024-08-29,True,0.7458092343887854
treatment_0001,treatment,treatment_0001,,sentinel2,before_P09,9,before,2024-08-30,2024-09-12,True,0.3558474659347123
treatment_0001,treatment,treatment_0001,,sentinel2,before_P10,10,before,2024-09-13,2024-09-26,True,1.0
treatment_0001,treatment,treatment_0001,,sentinel2,after_P01,11,after,2024-09-27,2024-10-10,True,1.0
treatment_0001,treatment,treatment_0001,,sentinel2,after_P02,12,after,2024-10-11,2024-10-24,True,1.0
treatment_0001,treatment,treatment_0001,,sentinel2,after_P03,13,after,2024-10-25,2024-11-07,True,0.0
treatment_0001,treatment,treatment_0001,,sentinel2,after_P04,14,after,2024-11-08,2024-11-21,True,0.1470444074110381
treatment_0001,treatment,treatment_0001,,sentinel2,after_P05,15,after,2024-11-22,2024-12-05,False,
treatment_0001,treatment,treatment_0001,,sentinel2,after_P06,16,after,2024-12-06,2024-12-19,True,0.99294186844427
treatment_0001,treatment,treatment_0001,,sentinel2,after_P07,17,after,2024-12-20,2025-01-02,True,0.0
treatment_0001,treatment,treatment_0001,,sentinel2,after_P08,18,after,2025-01-03,2025-01-16,True,0.1068522693853543
treatment_0001,treatment,treatment_0001,,sentinel2,after_P09,19,after,2025-01-17,2025-01-30,True,1.0
treatment_0001,treatment,treatment_0001,,sentinel2,after_P10,20,after,2025-01-31,2025-02-13,True,0.9905891579256936
treatment_0002,treatment,treatment_0002,,sentinel1,before_P01,1,before,2024-05-10,2024-05-23,True,1.0
treatment_0002,treatment,treatment_0002,,sentinel1,before_P02,2,before,2024-05-24,2024-06-06,True,1.0
treatment_0002,treatment,treatment_0002,,sentinel1,before_P03,3,before,2024-06-07,2024-06-20,True,1.0
treatment_0002,treatment,treatment_0002,,sentinel1,before_P04,4,before,2024-06-21,2024-07-04,True,1.0
treatment_0002,treatment,treatment_0002,,sentinel1,before_P05,5,before,2024-07-05,2024-07-18,True,1.0
treatment_0002,treatment,treatment_0002,,sentinel1,before_P06,6,before,2024-07-19,2024-08-01,True,1.0
treatment_0002,treatment,treatment_0002,,sentinel1,before_P07,7,before,2024-08-02,2024-08-15,True,1.0
treatment_0002,treatment,treatment_0002,,sentinel1,before_P08,8,before,2024-08-16,2024-08-29,True,1.0
treatment_0002,treatment,treatment_0002,,sentinel1,before_P09,9,before,2024-08-30,2024-09-12,True,1.0
treatment_0002,treatment,treatment_0002,,sentinel1,before_P10,10,before,2024-09-13,2024-09-26,True,1.0
treatment_0002,treatment,treatment_0002,,sentinel1,after_P01,11,after,2024-09-27,2024-10-10,True,1.0
treatment_0002,treatment,treatment_0002,,sentinel1,after_P02,12,after,2024-10-11,2024-10-24,False,
treatment_0002,treatment,treatment_0002,,sentinel1,after_P03,13,after,2024-10-25,2024-11-07,True,1.0
treatment_0002,treatment,treatment_0002,,sentinel1,after_P04,14,after,2024-11-08,2024-11-21,True,1.0
treatment_0002,treatment,treatment_0002,,sentinel1,after_P05,15,after,2024-11-22,2024-12-05,False,
treatment_0002,treatment,treatment_0002,,sentinel1,after_P06,16,after,2024-12-06,2024-12-19,True,1.0
treatment_0002,treatment,treatment_0002,,sentinel1,after_P07,17,after,2024-12-20,2025-01-02,True,1.0
treatment_0002,treatment,treatment_0002,,sentinel1,after_P08,18,after,2025-01-03,2025-01-16,True,1.0
treatment_0002,treatment,treatment_0002,,sentinel1,after_P09,19,after,2025-01-17,2025-01-30,True,1.0
treatment_0002,treatment,treatment_0002,,sentinel1,after_P10,20,after,2025-01-31,2025-02-13,True,1.0
treatment_0002,treatment,treatment_0002,,sentinel2,before_P01,1,before,2024-05-10,2024-05-23,True,0.0
treatment_0002,treatment,treatment_0002,,sentinel2,before_P02,2,before,2024-05-24,2024-06-06,True,0.258504068228605
treatment_0002,treatment,treatment_0002,,sentinel2,before_P03,3,before,2024-06-07,2024-06-20,True,0.374375061268503
treatment_0002,treatment,treatment_0002,,sentinel2,before_P04,4,before,2024-06-21,2024-07-04,True,0.516419958827566
treatment_0002,treatment,treatment_0002,,sentinel2,before_P05,5,before,2024-07-05,2024-07-18,True,0.1359670620527399
treatment_0002,treatment,treatment_0002,,sentinel2,before_P06,6,before,2024-07-19,2024-08-01,True,0.0233310459758847
treatment_0002,treatment,treatment_0002,,sentinel2,before_P07,7,before,2024-08-02,2024-08-15,True,0.2058621703754533
treatment_0002,treatment,treatment_0002,,sentinel2,before_P08,8,before,2024-08-16,2024-08-29,True,1.0
treatment_0002,treatment,treatment_0002,,sentinel2,before_P09,9,before,2024-08-30,2024-09-12,True,0.7305166160180374
treatment_0002,treatment,treatment_0002,,sentinel2,before_P10,10,before,2024-09-13,2024-09-26,True,1.0
treatment_0002,treatment,treatment_0002,,sentinel2,after_P01,11,after,2024-09-27,2024-10-10,True,1.0
treatment_0002,treatment,treatment_0002,,sentinel2,after_P02,12,after,2024-10-11,2024-10-24,True,1.0
treatment_0002,treatment,treatment_0002,,sentinel2,after_P03,13,after,2024-10-25,2024-11-07,True,0.0
treatment_0002,treatment,treatment_0002,,sentinel2,after_P04,14,after,2024-11-08,2024-11-21,True,1.0
treatment_0002,treatment,treatment_0002,,sentinel2,after_P05,15,after,2024-11-22,2024-12-05,False,
treatment_0002,treatment,treatment_0002,,sentinel2,after_P06,16,after,2024-12-06,2024-12-19,True,0.9500049014802472
treatment_0002,treatment,treatment_0002,,sentinel2,after_P07,17,after,2024-12-20,2025-01-02,True,0.1340064699539261
treatment_0002,treatment,treatment_0002,,sentinel2,after_P08,18,after,2025-01-03,2025-01-16,True,0.2603666307224782
treatment_0002,treatment,treatment_0002,,sentinel2,after_P09,19,after,2025-01-17,2025-01-30,True,1.0
treatment_0002,treatment,treatment_0002,,sentinel2,after_P10,20,after,2025-01-31,2025-02-13,True,1.0
treatment_0003,treatment,treatment_0003,,sentinel1,before_P01,1,before,2024-05-10,2024-05-23,True,1.0
treatment_0003,treatment,treatment_0003,,sentinel1,before_P02,2,before,2024-05-24,2024-06-06,True,1.0
treatment_0003,treatment,treatment_0003,,sentinel1,before_P03,3,before,2024-06-07,2024-06-20,True,1.0
treatment_0003,treatment,treatment_0003,,sentinel1,before_P04,4,before,2024-06-21,2024-07-04,True,1.0
treatment_0003,treatment,treatment_0003,,sentinel1,before_P05,5,before,2024-07-05,2024-07-18,True,1.0
treatment_0003,treatment,treatment_0003,,sentinel1,before_P06,6,before,2024-07-19,2024-08-01,True,1.0
treatment_0003,treatment,treatment_0003,,sentinel1,before_P07,7,before,2024-08-02,2024-08-15,True,1.0
treatment_0003,treatment,treatment_0003,,sentinel1,before_P08,8,before,2024-08-16,2024-08-29,True,1.0
treatment_0003,treatment,treatment_0003,,sentinel1,before_P09,9,before,2024-08-30,2024-09-12,True,1.0
treatment_0003,treatment,treatment_0003,,sentinel1,before_P10,10,before,2024-09-13,2024-09-26,True,1.0
treatment_0003,treatment,treatment_0003,,sentinel1,after_P01,11,after,2024-09-27,2024-10-10,True,1.0
treatment_0003,treatment,treatment_0003,,sentinel1,after_P02,12,after,2024-10-11,2024-10-24,True,1.0
treatment_0003,treatment,treatment_0003,,sentinel1,after_P03,13,after,2024-10-25,2024-11-07,True,1.0
treatment_0003,treatment,treatment_0003,,sentinel1,after_P04,14,after,2024-11-08,2024-11-21,True,1.0
treatment_0003,treatment,treatment_0003,,sentinel1,after_P05,15,after,2024-11-22,2024-12-05,True,1.0
treatment_0003,treatment,treatment_0003,,sentinel1,after_P06,16,after,2024-12-06,2024-12-19,True,1.0
treatment_0003,treatment,treatment_0003,,sentinel1,after_P07,17,after,2024-12-20,2025-01-02,True,1.0
treatment_0003,treatment,treatment_0003,,sentinel1,after_P08,18,after,2025-01-03,2025-01-16,True,1.0
treatment_0003,treatment,treatment_0003,,sentinel1,after_P09,19,after,2025-01-17,2025-01-30,True,1.0
treatment_0003,treatment,treatment_0003,,sentinel1,after_P10,20,after,2025-01-31,2025-02-13,True,1.0
treatment_0003,treatment,treatment_0003,,sentinel2,before_P01,1,before,2024-05-10,2024-05-23,True,1.0
treatment_0003,treatment,treatment_0003,,sentinel2,before_P02,2,before,2024-05-24,2024-06-06,True,0.9486324870110774
treatment_0003,treatment,treatment_0003,,sentinel2,before_P03,3,before,2024-06-07,2024-06-20,True,0.0
treatment_0003,treatment,treatment_0003,,sentinel2,before_P04,4,before,2024-06-21,2024-07-04,True,1.0
treatment_0003,treatment,treatment_0003,,sentinel2,before_P05,5,before,2024-07-05,2024-07-18,True,0.999019703950593
treatment_0003,treatment,treatment_0003,,sentinel2,before_P06,6,before,2024-07-19,2024-08-01,True,0.205666111165572
treatment_0003,treatment,treatment_0003,,sentinel2,before_P07,7,before,2024-08-02,2024-08-15,True,0.6202333104597588
treatment_0003,treatment,treatment_0003,,sentinel2,before_P08,8,before,2024-08-16,2024-08-29,True,0.6778747181648858
treatment_0003,treatment,treatment_0003,,sentinel2,before_P09,9,before,2024-08-30,2024-09-12,True,1.0
treatment_0003,treatment,treatment_0003,,sentinel2,before_P10,10,before,2024-09-13,2024-09-26,True,1.0
treatment_0003,treatment,treatment_0003,,sentinel2,after_P01,11,after,2024-09-27,2024-10-10,True,1.0
treatment_0003,treatment,treatment_0003,,sentinel2,after_P02,12,after,2024-10-11,2024-10-24,True,1.0
treatment_0003,treatment,treatment_0003,,sentinel2,after_P03,13,after,2024-10-25,2024-11-07,True,0.97451230271542
treatment_0003,treatment,treatment_0003,,sentinel2,after_P04,14,after,2024-11-08,2024-11-21,True,0.0027448289383393
treatment_0003,treatment,treatment_0003,,sentinel2,after_P05,15,after,2024-11-22,2024-12-05,False,
treatment_0003,treatment,treatment_0003,,sentinel2,after_P06,16,after,2024-12-06,2024-12-19,True,0.6221939025585727
treatment_0003,treatment,treatment_0003,,sentinel2,after_P07,17,after,2024-12-20,2025-01-02,True,0.0
treatment_0003,treatment,treatment_0003,,sentinel2,after_P08,18,after,2025-01-03,2025-01-16,True,0.8410940103911381
treatment_0003,treatment,treatment_0003,,sentinel2,after_P09,19,after,2025-01-17,2025-01-30,True,0.9976472894814232
treatment_0003,treatment,treatment_0003,,sentinel2,after_P10,20,after,2025-01-31,2025-02-13,True,0.6239584354475052
treatment_0004,treatment,treatment_0004,,sentinel1,before_P01,1,before,2024-05-10,2024-05-23,True,0.99009900990099
treatment_0004,treatment,treatment_0004,,sentinel1,before_P02,2,before,2024-05-24,2024-06-06,True,0.99009900990099
treatment_0004,treatment,treatment_0004,,sentinel1,before_P03,3,before,2024-06-07,2024-06-20,True,0.99009900990099
treatment_0004,treatment,treatment_0004,,sentinel1,before_P04,4,before,2024-06-21,2024-07-04,True,0.99009900990099
treatment_0004,treatment,treatment_0004,,sentinel1,before_P05,5,before,2024-07-05,2024-07-18,True,0.99009900990099
treatment_0004,treatment,treatment_0004,,sentinel1,before_P06,6,before,2024-07-19,2024-08-01,True,0.99009900990099
treatment_0004,treatment,treatment_0004,,sentinel1,before_P07,7,before,2024-08-02,2024-08-15,True,0.99009900990099
treatment_0004,treatment,treatment_0004,,sentinel1,before_P08,8,before,2024-08-16,2024-08-29,True,0.99009900990099
treatment_0004,treatment,treatment_0004,,sentinel1,before_P09,9,before,2024-08-30,2024-09-12,True,0.99009900990099
treatment_0004,treatment,treatment_0004,,sentinel1,before_P10,10,before,2024-09-13,2024-09-26,True,0.99009900990099
treatment_0004,treatment,treatment_0004,,sentinel1,after_P01,11,after,2024-09-27,2024-10-10,True,0.99009900990099
treatment_0004,treatment,treatment_0004,,sentinel1,after_P02,12,after,2024-10-11,2024-10-24,True,0.99009900990099
treatment_0004,treatment,treatment_0004,,sentinel1,after_P03,13,after,2024-10-25,2024-11-07,True,0.99009900990099
treatment_0004,treatment,treatment_0004,,sentinel1,after_P04,14,after,2024-11-08,2024-11-21,True,0.99009900990099
treatment_0004,treatment,treatment_0004,,sentinel1,after_P05,15,after,2024-11-22,2024-12-05,True,0.99009900990099
treatment_0004,treatment,treatment_0004,,sentinel1,after_P06,16,after,2024-12-06,2024-12-19,True,0.99009900990099
treatment_0004,treatment,treatment_0004,,sentinel1,after_P07,17,after,2024-12-20,2025-01-02,True,0.99009900990099
treatment_0004,treatment,treatment_0004,,sentinel1,after_P08,18,after,2025-01-03,2025-01-16,True,0.99009900990099
treatment_0004,treatment,treatment_0004,,sentinel1,after_P09,19,after,2025-01-17,2025-01-30,True,0.99009900990099
treatment_0004,treatment,treatment_0004,,sentinel1,after_P10,20,after,2025-01-31,2025-02-13,True,0.99009900990099
treatment_0004,treatment,treatment_0004,,sentinel2,before_P01,1,before,2024-05-10,2024-05-23,True,0.9296147436525832
treatment_0004,treatment,treatment_0004,,sentinel2,before_P02,2,before,2024-05-24,2024-06-06,True,0.7431624350553867
treatment_0004,treatment,treatment_0004,,sentinel2,before_P03,3,before,2024-06-07,2024-06-20,True,0.0619547103225174
treatment_0004,treatment,treatment_0004,,sentinel2,before_P04,4,before,2024-06-21,2024-07-04,True,0.4278011959611802
treatment_0004,treatment,treatment_0004,,sentinel2,before_P05,5,before,2024-07-05,2024-07-18,True,0.5602391922360553
treatment_0004,treatment,treatment_0004,,sentinel2,before_P06,6,before,2024-07-19,2024-08-01,True,0.0
treatment_0004,treatment,treatment_0004,,sentinel2,before_P07,7,before,2024-08-02,2024-08-15,True,0.9320654837761004
treatment_0004,treatment,treatment_0004,,sentinel2,before_P08,8,before,2024-08-16,2024-08-29,True,0.99009900990099
treatment_0004,treatment,treatment_0004,,sentinel2,before_P09,9,before,2024-08-30,2024-09-12,True,0.839231447897265
treatment_0004,treatment,treatment_0004,,sentinel2,before_P10,10,before,2024-09-13,2024-09-26,True,0.99009900990099
treatment_0004,treatment,treatment_0004,,sentinel2,after_P01,11,after,2024-09-27,2024-10-10,True,0.99009900990099
treatment_0004,treatment,treatment_0004,,sentinel2,after_P02,12,after,2024-10-11,2024-10-24,True,0.99009900990099
treatment_0004,treatment,treatment_0004,,sentinel2,after_P03,13,after,2024-10-25,2024-11-07,True,0.0
treatment_0004,treatment,treatment_0004,,sentinel2,after_P04,14,after,2024-11-08,2024-11-21,True,0.3800607783550632
treatment_0004,treatment,treatment_0004,,sentinel2,after_P05,15,after,2024-11-22,2024-12-05,True,0.0
treatment_0004,treatment,treatment_0004,,sentinel2,after_P06,16,after,2024-12-06,2024-12-19,True,0.2438976570924419
treatment_0004,treatment,treatment_0004,,sentinel2,after_P07,17,after,2024-12-20,2025-01-02,True,0.0335261248897166
treatment_0004,treatment,treatment_0004,,sentinel2,after_P08,18,after,2025-01-03,2025-01-16,True,0.0
treatment_0004,treatment,treatment_0004,,sentinel2,after_P09,19,after,2025-01-17,2025-01-30,True,0.921674345652387
treatment_0004,treatment,treatment_0004,,sentinel2,after_P10,20,after,2025-01-31,2025-02-13,True,0.99009900990099
treatment_0005,treatment,treatment_0005,,sentinel1,before_P01,1,before,2024-05-10,2024-05-23,True,1.0
treatment_0005,treatment,treatment_0005,,sentinel1,before_P02,2,before,2024-05-24,2024-06-06,True,1.0
treatment_0005,treatment,treatment_0005,,sentinel1,before_P03,3,before,2024-06-07,2024-06-20,True,1.0
treatment_0005,treatment,treatment_0005,,sentinel1,before_P04,4,before,2024-06-21,2024-07-04,True,1.0
treatment_0005,treatment,treatment_0005,,sentinel1,before_P05,5,before,2024-07-05,2024-07-18,True,1.0
treatment_0005,treatment,treatment_0005,,sentinel1,before_P06,6,before,2024-07-19,2024-08-01,True,1.0
treatment_0005,treatment,treatment_0005,,sentinel1,before_P07,7,before,2024-08-02,2024-08-15,True,1.0
treatment_0005,treatment,treatment_0005,,sentinel1,before_P08,8,before,2024-08-16,2024-08-29,True,1.0
treatment_0005,treatment,treatment_0005,,sentinel1,before_P09,9,before,2024-08-30,2024-09-12,True,1.0
treatment_0005,treatment,treatment_0005,,sentinel1,before_P10,10,before,2024-09-13,2024-09-26,True,1.0
treatment_0005,treatment,treatment_0005,,sentinel1,after_P01,11,after,2024-09-27,2024-10-10,True,1.0
treatment_0005,treatment,treatment_0005,,sentinel1,after_P02,12,after,2024-10-11,2024-10-24,True,1.0
treatment_0005,treatment,treatment_0005,,sentinel1,after_P03,13,after,2024-10-25,2024-11-07,True,1.0
treatment_0005,treatment,treatment_0005,,sentinel1,after_P04,14,after,2024-11-08,2024-11-21,True,1.0
treatment_0005,treatment,treatment_0005,,sentinel1,after_P05,15,after,2024-11-22,2024-12-05,True,1.0
treatment_0005,treatment,treatment_0005,,sentinel1,after_P06,16,after,2024-12-06,2024-12-19,True,1.0
treatment_0005,treatment,treatment_0005,,sentinel1,after_P07,17,after,2024-12-20,2025-01-02,True,1.0
treatment_0005,treatment,treatment_0005,,sentinel1,after_P08,18,after,2025-01-03,2025-01-16,True,1.0
treatment_0005,treatment,treatment_0005,,sentinel1,after_P09,19,after,2025-01-17,2025-01-30,True,1.0
treatment_0005,treatment,treatment_0005,,sentinel1,after_P10,20,after,2025-01-31,2025-02-13,True,1.0
treatment_0005,treatment,treatment_0005,,sentinel2,before_P01,1,before,2024-05-10,2024-05-23,True,0.5172041956670914
treatment_0005,treatment,treatment_0005,,sentinel2,before_P02,2,before,2024-05-24,2024-06-06,True,1.0
treatment_0005,treatment,treatment_0005,,sentinel2,before_P03,3,before,2024-06-07,2024-06-20,True,0.7254190765611215
treatment_0005,treatment,treatment_0005,,sentinel2,before_P04,4,before,2024-06-21,2024-07-04,True,0.0088226644446622
treatment_0005,treatment,treatment_0005,,sentinel2,before_P05,5,before,2024-07-05,2024-07-18,True,0.6756200372512499
treatment_0005,treatment,treatment_0005,,sentinel2,before_P06,6,before,2024-07-19,2024-08-01,True,0.0
treatment_0005,treatment,treatment_0005,,sentinel2,before_P07,7,before,2024-08-02,2024-08-15,True,0.0843054602489952
treatment_0005,treatment,treatment_0005,,sentinel2,before_P08,8,before,2024-08-16,2024-08-29,True,1.0
treatment_0005,treatment,treatment_0005,,sentinel2,before_P09,9,before,2024-08-30,2024-09-12,True,0.3907460052935986
treatment_0005,treatment,treatment_0005,,sentinel2,before_P10,10,before,2024-09-13,2024-09-26,True,1.0
treatment_0005,treatment,treatment_0005,,sentinel2,after_P01,11,after,2024-09-27,2024-10-10,True,1.0
treatment_0005,treatment,treatment_0005,,sentinel2,after_P02,12,after,2024-10-11,2024-10-24,True,1.0
treatment_0005,treatment,treatment_0005,,sentinel2,after_P03,13,after,2024-10-25,2024-11-07,True,0.0
treatment_0005,treatment,treatment_0005,,sentinel2,after_P04,14,after,2024-11-08,2024-11-21,True,0.4015292618370747
treatment_0005,treatment,treatment_0005,,sentinel2,after_P05,15,after,2024-11-22,2024-12-05,True,0.0
treatment_0005,treatment,treatment_0005,,sentinel2,after_P06,16,after,2024-12-06,2024-12-19,True,0.1851779237329673
treatment_0005,treatment,treatment_0005,,sentinel2,after_P07,17,after,2024-12-20,2025-01-02,True,0.0629350063719243
treatment_0005,treatment,treatment_0005,,sentinel2,after_P08,18,after,2025-01-03,2025-01-16,True,0.061758651112636
treatment_0005,treatment,treatment_0005,,sentinel2,after_P09,19,after,2025-01-17,2025-01-30,True,0.9166748358004118
treatment_0005,treatment,treatment_0005,,sentinel2,after_P10,20,after,2025-01-31,2025-02-13,True,1.0
treatment_0006,treatment,treatment_0006,,sentinel1,before_P01,1,before,2024-05-10,2024-05-23,True,1.0
treatment_0006,treatment,treatment_0006,,sentinel1,before_P02,2,before,2024-05-24,2024-06-06,True,1.0
treatment_0006,treatment,treatment_0006,,sentinel1,before_P03,3,before,2024-06-07,2024-06-20,True,1.0
treatment_0006,treatment,treatment_0006,,sentinel1,before_P04,4,before,2024-06-21,2024-07-04,True,1.0
treatment_0006,treatment,treatment_0006,,sentinel1,before_P05,5,before,2024-07-05,2024-07-18,True,1.0
treatment_0006,treatment,treatment_0006,,sentinel1,before_P06,6,before,2024-07-19,2024-08-01,True,1.0
treatment_0006,treatment,treatment_0006,,sentinel1,before_P07,7,before,2024-08-02,2024-08-15,True,1.0
treatment_0006,treatment,treatment_0006,,sentinel1,before_P08,8,before,2024-08-16,2024-08-29,True,1.0
treatment_0006,treatment,treatment_0006,,sentinel1,before_P09,9,before,2024-08-30,2024-09-12,True,1.0
treatment_0006,treatment,treatment_0006,,sentinel1,before_P10,10,before,2024-09-13,2024-09-26,True,1.0
treatment_0006,treatment,treatment_0006,,sentinel1,after_P01,11,after,2024-09-27,2024-10-10,True,1.0
treatment_0006,treatment,treatment_0006,,sentinel1,after_P02,12,after,2024-10-11,2024-10-24,False,
treatment_0006,treatment,treatment_0006,,sentinel1,after_P03,13,after,2024-10-25,2024-11-07,True,1.0
treatment_0006,treatment,treatment_0006,,sentinel1,after_P04,14,after,2024-11-08,2024-11-21,True,1.0
treatment_0006,treatment,treatment_0006,,sentinel1,after_P05,15,after,2024-11-22,2024-12-05,False,
treatment_0006,treatment,treatment_0006,,sentinel1,after_P06,16,after,2024-12-06,2024-12-19,True,1.0
treatment_0006,treatment,treatment_0006,,sentinel1,after_P07,17,after,2024-12-20,2025-01-02,True,1.0
treatment_0006,treatment,treatment_0006,,sentinel1,after_P08,18,after,2025-01-03,2025-01-16,True,1.0
treatment_0006,treatment,treatment_0006,,sentinel1,after_P09,19,after,2025-01-17,2025-01-30,True,1.0
treatment_0006,treatment,treatment_0006,,sentinel1,after_P10,20,after,2025-01-31,2025-02-13,True,1.0
treatment_0006,treatment,treatment_0006,,sentinel2,before_P01,1,before,2024-05-10,2024-05-23,True,0.4561317517890403
treatment_0006,treatment,treatment_0006,,sentinel2,before_P02,2,before,2024-05-24,2024-06-06,True,0.645328889324576
treatment_0006,treatment,treatment_0006,,sentinel2,before_P03,3,before,2024-06-07,2024-06-20,True,0.2192922262523282
treatment_0006,treatment,treatment_0006,,sentinel2,before_P04,4,before,2024-06-21,2024-07-04,True,1.0
treatment_0006,treatment,treatment_0006,,sentinel2,before_P05,5,before,2024-07-05,2024-07-18,True,1.0
treatment_0006,treatment,treatment_0006,,sentinel2,before_P06,6,before,2024-07-19,2024-08-01,True,0.0
treatment_0006,treatment,treatment_0006,,sentinel2,before_P07,7,before,2024-08-02,2024-08-15,True,0.0268601117537496
treatment_0006,treatment,treatment_0006,,sentinel2,before_P08,8,before,2024-08-16,2024-08-29,True,1.0
treatment_0006,treatment,treatment_0006,,sentinel2,before_P09,9,before,2024-08-30,2024-09-12,True,0.9950985197529654
treatment_0006,treatment,treatment_0006,,sentinel2,before_P10,10,before,2024-09-13,2024-09-26,True,1.0
treatment_0006,treatment,treatment_0006,,sentinel2,after_P01,11,after,2024-09-27,2024-10-10,True,1.0
treatment_0006,treatment,treatment_0006,,sentinel2,after_P02,12,after,2024-10-11,2024-10-24,True,1.0
treatment_0006,treatment,treatment_0006,,sentinel2,after_P03,13,after,2024-10-25,2024-11-07,True,0.0
treatment_0006,treatment,treatment_0006,,sentinel2,after_P04,14,after,2024-11-08,2024-11-21,True,1.0
treatment_0006,treatment,treatment_0006,,sentinel2,after_P05,15,after,2024-11-22,2024-12-05,False,
treatment_0006,treatment,treatment_0006,,sentinel2,after_P06,16,after,2024-12-06,2024-12-19,True,0.4606411136163121
treatment_0006,treatment,treatment_0006,,sentinel2,after_P07,17,after,2024-12-20,2025-01-02,True,0.0160768552102735
treatment_0006,treatment,treatment_0006,,sentinel2,after_P08,18,after,2025-01-03,2025-01-16,True,0.0652877168905009
treatment_0006,treatment,treatment_0006,,sentinel2,after_P09,19,after,2025-01-17,2025-01-30,True,0.9207920792079208
treatment_0006,treatment,treatment_0006,,sentinel2,after_P10,20,after,2025-01-31,2025-02-13,True,1.0
treatment_0007,treatment,treatment_0007,,sentinel1,before_P01,1,before,2024-05-10,2024-05-23,True,1.0
treatment_0007,treatment,treatment_0007,,sentinel1,before_P02,2,before,2024-05-24,2024-06-06,True,1.0
treatment_0007,treatment,treatment_0007,,sentinel1,before_P03,3,before,2024-06-07,2024-06-20,True,1.0
treatment_0007,treatment,treatment_0007,,sentinel1,before_P04,4,before,2024-06-21,2024-07-04,True,1.0
treatment_0007,treatment,treatment_0007,,sentinel1,before_P05,5,before,2024-07-05,2024-07-18,True,1.0
treatment_0007,treatment,treatment_0007,,sentinel1,before_P06,6,before,2024-07-19,2024-08-01,True,1.0
treatment_0007,treatment,treatment_0007,,sentinel1,before_P07,7,before,2024-08-02,2024-08-15,True,1.0
treatment_0007,treatment,treatment_0007,,sentinel1,before_P08,8,before,2024-08-16,2024-08-29,True,1.0
treatment_0007,treatment,treatment_0007,,sentinel1,before_P09,9,before,2024-08-30,2024-09-12,True,1.0
treatment_0007,treatment,treatment_0007,,sentinel1,before_P10,10,before,2024-09-13,2024-09-26,True,1.0
treatment_0007,treatment,treatment_0007,,sentinel1,after_P01,11,after,2024-09-27,2024-10-10,True,1.0
treatment_0007,treatment,treatment_0007,,sentinel1,after_P02,12,after,2024-10-11,2024-10-24,True,1.0
treatment_0007,treatment,treatment_0007,,sentinel1,after_P03,13,after,2024-10-25,2024-11-07,True,1.0
treatment_0007,treatment,treatment_0007,,sentinel1,after_P04,14,after,2024-11-08,2024-11-21,True,1.0
treatment_0007,treatment,treatment_0007,,sentinel1,after_P05,15,after,2024-11-22,2024-12-05,True,1.0
treatment_0007,treatment,treatment_0007,,sentinel1,after_P06,16,after,2024-12-06,2024-12-19,True,1.0
treatment_0007,treatment,treatment_0007,,sentinel1,after_P07,17,after,2024-12-20,2025-01-02,True,1.0
treatment_0007,treatment,treatment_0007,,sentinel1,after_P08,18,after,2025-01-03,2025-01-16,True,1.0
treatment_0007,treatment,treatment_0007,,sentinel1,after_P09,19,after,2025-01-17,2025-01-30,True,1.0
treatment_0007,treatment,treatment_0007,,sentinel1,after_P10,20,after,2025-01-31,2025-02-13,True,1.0
treatment_0007,treatment,treatment_0007,,sentinel2,before_P01,1,before,2024-05-10,2024-05-23,True,0.4888736398392314
treatment_0007,treatment,treatment_0007,,sentinel2,before_P02,2,before,2024-05-24,2024-06-06,True,0.9801980198019802
treatment_0007,treatment,treatment_0007,,sentinel2,before_P03,3,before,2024-06-07,2024-06-20,True,0.0
treatment_0007,treatment,treatment_0007,,sentinel2,before_P04,4,before,2024-06-21,2024-07-04,True,0.9756886579747084
treatment_0007,treatment,treatment_0007,,sentinel2,before_P05,5,before,2024-07-05,2024-07-18,True,0.6766983629055975
treatment_0007,treatment,treatment_0007,,sentinel2,before_P06,6,before,2024-07-19,2024-08-01,True,0.0627389471620429
treatment_0007,treatment,treatment_0007,,sentinel2,before_P07,7,before,2024-08-02,2024-08-15,True,0.2758553083031075
treatment_0007,treatment,treatment_0007,,sentinel2,before_P08,8,before,2024-08-16,2024-08-29,True,1.0
treatment_0007,treatment,treatment_0007,,sentinel2,before_P09,9,before,2024-08-30,2024-09-12,True,0.9992157631604744
treatment_0007,treatment,treatment_0007,,sentinel2,before_P10,10,before,2024-09-13,2024-09-26,True,1.0
treatment_0007,treatment,treatment_0007,,sentinel2,after_P01,11,after,2024-09-27,2024-10-10,True,1.0
treatment_0007,treatment,treatment_0007,,sentinel2,after_P02,12,after,2024-10-11,2024-10-24,True,1.0
treatment_0007,treatment,treatment_0007,,sentinel2,after_P03,13,after,2024-10-25,2024-11-07,True,0.0
treatment_0007,treatment,treatment_0007,,sentinel2,after_P04,14,after,2024-11-08,2024-11-21,True,0.0027448289383393
treatment_0007,treatment,treatment_0007,,sentinel2,after_P05,15,after,2024-11-22,2024-12-05,True,0.0
treatment_0007,treatment,treatment_0007,,sentinel2,after_P06,16,after,2024-12-06,2024-12-19,True,1.0
treatment_0007,treatment,treatment_0007,,sentinel2,after_P07,17,after,2024-12-20,2025-01-02,True,0.9962748750122536
treatment_0007,treatment,treatment_0007,,sentinel2,after_P08,18,after,2025-01-03,2025-01-16,True,0.9072639937261052
treatment_0007,treatment,treatment_0007,,sentinel2,after_P09,19,after,2025-01-17,2025-01-30,True,1.0
treatment_0007,treatment,treatment_0007,,sentinel2,after_P10,20,after,2025-01-31,2025-02-13,True,1.0
treatment_0008,treatment,treatment_0008,,sentinel1,before_P01,1,before,2024-05-10,2024-05-23,True,1.0
treatment_0008,treatment,treatment_0008,,sentinel1,before_P02,2,before,2024-05-24,2024-06-06,True,1.0
treatment_0008,treatment,treatment_0008,,sentinel1,before_P03,3,before,2024-06-07,2024-06-20,True,1.0
treatment_0008,treatment,treatment_0008,,sentinel1,before_P04,4,before,2024-06-21,2024-07-04,True,1.0
treatment_0008,treatment,treatment_0008,,sentinel1,before_P05,5,before,2024-07-05,2024-07-18,True,1.0
treatment_0008,treatment,treatment_0008,,sentinel1,before_P06,6,before,2024-07-19,2024-08-01,True,1.0
treatment_0008,treatment,treatment_0008,,sentinel1,before_P07,7,before,2024-08-02,2024-08-15,True,1.0
treatment_0008,treatment,treatment_0008,,sentinel1,before_P08,8,before,2024-08-16,2024-08-29,True,1.0
treatment_0008,treatment,treatment_0008,,sentinel1,before_P09,9,before,2024-08-30,2024-09-12,True,1.0
treatment_0008,treatment,treatment_0008,,sentinel1,before_P10,10,before,2024-09-13,2024-09-26,True,1.0
treatment_0008,treatment,treatment_0008,,sentinel1,after_P01,11,after,2024-09-27,2024-10-10,True,1.0
treatment_0008,treatment,treatment_0008,,sentinel1,after_P02,12,after,2024-10-11,2024-10-24,True,1.0
treatment_0008,treatment,treatment_0008,,sentinel1,after_P03,13,after,2024-10-25,2024-11-07,True,1.0
treatment_0008,treatment,treatment_0008,,sentinel1,after_P04,14,after,2024-11-08,2024-11-21,True,1.0
treatment_0008,treatment,treatment_0008,,sentinel1,after_P05,15,after,2024-11-22,2024-12-05,True,1.0
treatment_0008,treatment,treatment_0008,,sentinel1,after_P06,16,after,2024-12-06,2024-12-19,True,1.0
treatment_0008,treatment,treatment_0008,,sentinel1,after_P07,17,after,2024-12-20,2025-01-02,True,1.0
treatment_0008,treatment,treatment_0008,,sentinel1,after_P08,18,after,2025-01-03,2025-01-16,True,1.0
treatment_0008,treatment,treatment_0008,,sentinel1,after_P09,19,after,2025-01-17,2025-01-30,True,1.0
treatment_0008,treatment,treatment_0008,,sentinel1,after_P10,20,after,2025-01-31,2025-02-13,True,1.0
treatment_0008,treatment,treatment_0008,,sentinel2,before_P01,1,before,2024-05-10,2024-05-23,True,0.446034702480149
treatment_0008,treatment,treatment_0008,,sentinel2,before_P02,2,before,2024-05-24,2024-06-06,True,0.0152926183707479
treatment_0008,treatment,treatment_0008,,sentinel2,before_P03,3,before,2024-06-07,2024-06-20,True,0.0
treatment_0008,treatment,treatment_0008,,sentinel2,before_P04,4,before,2024-06-21,2024-07-04,True,0.6755220076463092
treatment_0008,treatment,treatment_0008,,sentinel2,before_P05,5,before,2024-07-05,2024-07-18,True,0.6117047348299186
treatment_0008,treatment,treatment_0008,,sentinel2,before_P06,6,before,2024-07-19,2024-08-01,True,0.0119596118027644
treatment_0008,treatment,treatment_0008,,sentinel2,before_P07,7,before,2024-08-02,2024-08-15,True,0.997745319086364
treatment_0008,treatment,treatment_0008,,sentinel2,before_P08,8,before,2024-08-16,2024-08-29,True,1.0
treatment_0008,treatment,treatment_0008,,sentinel2,before_P09,9,before,2024-08-30,2024-09-12,True,0.6493481031271444
treatment_0008,treatment,treatment_0008,,sentinel2,before_P10,10,before,2024-09-13,2024-09-26,True,1.0
treatment_0008,treatment,treatment_0008,,sentinel2,after_P01,11,after,2024-09-27,2024-10-10,True,1.0
treatment_0008,treatment,treatment_0008,,sentinel2,after_P02,12,after,2024-10-11,2024-10-24,True,1.0
treatment_0008,treatment,treatment_0008,,sentinel2,after_P03,13,after,2024-10-25,2024-11-07,True,0.0
treatment_0008,treatment,treatment_0008,,sentinel2,after_P04,14,after,2024-11-08,2024-11-21,True,0.4906381727281639
treatment_0008,treatment,treatment_0008,,sentinel2,after_P05,15,after,2024-11-22,2024-12-05,True,0.0
treatment_0008,treatment,treatment_0008,,sentinel2,after_P06,16,after,2024-12-06,2024-12-19,True,0.0906773845701401
treatment_0008,treatment,treatment_0008,,sentinel2,after_P07,17,after,2024-12-20,2025-01-02,True,0.4412312518380551
treatment_0008,treatment,treatment_0008,,sentinel2,after_P08,18,after,2025-01-03,2025-01-16,True,0.132732085089697
treatment_0008,treatment,treatment_0008,,sentinel2,after_P09,19,after,2025-01-17,2025-01-30,True,0.821390059798059
treatment_0008,treatment,treatment_0008,,sentinel2,after_P10,20,after,2025-01-31,2025-02-13,True,1.0
treatment_0009,treatment,treatment_0009,,sentinel1,before_P01,1,before,2024-05-10,2024-05-23,True,1.0
treatment_0009,treatment,treatment_0009,,sentinel1,before_P02,2,before,2024-05-24,2024-06-06,True,1.0
treatment_0009,treatment,treatment_0009,,sentinel1,before_P03,3,before,2024-06-07,2024-06-20,True,1.0
treatment_0009,treatment,treatment_0009,,sentinel1,before_P04,4,before,2024-06-21,2024-07-04,True,1.0
treatment_0009,treatment,treatment_0009,,sentinel1,before_P05,5,before,2024-07-05,2024-07-18,True,1.0
treatment_0009,treatment,treatment_0009,,sentinel1,before_P06,6,before,2024-07-19,2024-08-01,True,1.0
treatment_0009,treatment,treatment_0009,,sentinel1,before_P07,7,before,2024-08-02,2024-08-15,True,1.0
treatment_0009,treatment,treatment_0009,,sentinel1,before_P08,8,before,2024-08-16,2024-08-29,True,1.0
treatment_0009,treatment,treatment_0009,,sentinel1,before_P09,9,before,2024-08-30,2024-09-12,True,1.0
treatment_0009,treatment,treatment_0009,,sentinel1,before_P10,10,before,2024-09-13,2024-09-26,True,1.0
treatment_0009,treatment,treatment_0009,,sentinel1,after_P01,11,after,2024-09-27,2024-10-10,True,1.0
treatment_0009,treatment,treatment_0009,,sentinel1,after_P02,12,after,2024-10-11,2024-10-24,True,1.0
treatment_0009,treatment,treatment_0009,,sentinel1,after_P03,13,after,2024-10-25,2024-11-07,True,1.0
treatment_0009,treatment,treatment_0009,,sentinel1,after_P04,14,after,2024-11-08,2024-11-21,True,1.0
treatment_0009,treatment,treatment_0009,,sentinel1,after_P05,15,after,2024-11-22,2024-12-05,True,1.0
treatment_0009,treatment,treatment_0009,,sentinel1,after_P06,16,after,2024-12-06,2024-12-19,True,1.0
treatment_0009,treatment,treatment_0009,,sentinel1,after_P07,17,after,2024-12-20,2025-01-02,True,1.0
treatment_0009,treatment,treatment_0009,,sentinel1,after_P08,18,after,2025-01-03,2025-01-16,True,1.0
treatment_0009,treatment,treatment_0009,,sentinel1,after_P09,19,after,2025-01-17,2025-01-30,True,1.0
treatment_0009,treatment,treatment_0009,,sentinel1,after_P10,20,after,2025-01-31,2025-02-13,True,1.0
treatment_0009,treatment,treatment_0009,,sentinel2,before_P01,1,before,2024-05-10,2024-05-23,True,0.4888736398392314
treatment_0009,treatment,treatment_0009,,sentinel2,before_P02,2,before,2024-05-24,2024-06-06,True,0.1165572002744829
treatment_0009,treatment,treatment_0009,,sentinel2,before_P03,3,before,2024-06-07,2024-06-20,True,0.0
treatment_0009,treatment,treatment_0009,,sentinel2,before_P04,4,before,2024-06-21,2024-07-04,True,0.6000392118419763
treatment_0009,treatment,treatment_0009,,sentinel2,before_P05,5,before,2024-07-05,2024-07-18,True,0.4497598274678953
treatment_0009,treatment,treatment_0009,,sentinel2,before_P06,6,before,2024-07-19,2024-08-01,True,0.0011763552592883
treatment_0009,treatment,treatment_0009,,sentinel2,before_P07,7,before,2024-08-02,2024-08-15,True,0.9958827565924908
treatment_0009,treatment,treatment_0009,,sentinel2,before_P08,8,before,2024-08-16,2024-08-29,True,1.0
treatment_0009,treatment,treatment_0009,,sentinel2,before_P09,9,before,2024-08-30,2024-09-12,True,0.8004117243407509
treatment_0009,treatment,treatment_0009,,sentinel2,before_P10,10,before,2024-09-13,2024-09-26,True,1.0
treatment_0009,treatment,treatment_0009,,sentinel2,after_P01,11,after,2024-09-27,2024-10-10,True,1.0
treatment_0009,treatment,treatment_0009,,sentinel2,after_P02,12,after,2024-10-11,2024-10-24,True,1.0
treatment_0009,treatment,treatment_0009,,sentinel2,after_P03,13,after,2024-10-25,2024-11-07,True,0.0
treatment_0009,treatment,treatment_0009,,sentinel2,after_P04,14,after,2024-11-08,2024-11-21,True,0.5299480443093815
treatment_0009,treatment,treatment_0009,,sentinel2,after_P05,15,after,2024-11-22,2024-12-05,True,0.0
treatment_0009,treatment,treatment_0009,,sentinel2,after_P06,16,after,2024-12-06,2024-12-19,True,0.1627291442015488
treatment_0009,treatment,treatment_0009,,sentinel2,after_P07,17,after,2024-12-20,2025-01-02,True,0.4056465052445838
treatment_0009,treatment,treatment_0009,,sentinel2,after_P08,18,after,2025-01-03,2025-01-16,True,0.148024703460445
treatment_0009,treatment,treatment_0009,,sentinel2,after_P09,19,after,2025-01-17,2025-01-30,True,0.9047152239976473
treatment_0009,treatment,treatment_0009,,sentinel2,after_P10,20,after,2025-01-31,2025-02-13,True,1.0
treatment_0010,treatment,treatment_0010,,sentinel1,before_P01,1,before,2024-05-10,2024-05-23,True,1.0
treatment_0010,treatment,treatment_0010,,sentinel1,before_P02,2,before,2024-05-24,2024-06-06,True,1.0
treatment_0010,treatment,treatment_0010,,sentinel1,before_P03,3,before,2024-06-07,2024-06-20,True,1.0
treatment_0010,treatment,treatment_0010,,sentinel1,before_P04,4,before,2024-06-21,2024-07-04,True,1.0
treatment_0010,treatment,treatment_0010,,sentinel1,before_P05,5,before,2024-07-05,2024-07-18,True,1.0
treatment_0010,treatment,treatment_0010,,sentinel1,before_P06,6,before,2024-07-19,2024-08-01,True,1.0
treatment_0010,treatment,treatment_0010,,sentinel1,before_P07,7,before,2024-08-02,2024-08-15,True,1.0
treatment_0010,treatment,treatment_0010,,sentinel1,before_P08,8,before,2024-08-16,2024-08-29,True,1.0
treatment_0010,treatment,treatment_0010,,sentinel1,before_P09,9,before,2024-08-30,2024-09-12,True,1.0
treatment_0010,treatment,treatment_0010,,sentinel1,before_P10,10,before,2024-09-13,2024-09-26,True,1.0
treatment_0010,treatment,treatment_0010,,sentinel1,after_P01,11,after,2024-09-27,2024-10-10,True,1.0
treatment_0010,treatment,treatment_0010,,sentinel1,after_P02,12,after,2024-10-11,2024-10-24,True,1.0
treatment_0010,treatment,treatment_0010,,sentinel1,after_P03,13,after,2024-10-25,2024-11-07,True,1.0
treatment_0010,treatment,treatment_0010,,sentinel1,after_P04,14,after,2024-11-08,2024-11-21,True,1.0
treatment_0010,treatment,treatment_0010,,sentinel1,after_P05,15,after,2024-11-22,2024-12-05,True,1.0
treatment_0010,treatment,treatment_0010,,sentinel1,after_P06,16,after,2024-12-06,2024-12-19,True,1.0
treatment_0010,treatment,treatment_0010,,sentinel1,after_P07,17,after,2024-12-20,2025-01-02,True,1.0
treatment_0010,treatment,treatment_0010,,sentinel1,after_P08,18,after,2025-01-03,2025-01-16,True,1.0
treatment_0010,treatment,treatment_0010,,sentinel1,after_P09,19,after,2025-01-17,2025-01-30,True,1.0
treatment_0010,treatment,treatment_0010,,sentinel1,after_P10,20,after,2025-01-31,2025-02-13,True,1.0
treatment_0010,treatment,treatment_0010,,sentinel2,before_P01,1,before,2024-05-10,2024-05-23,True,0.3503578080580335
treatment_0010,treatment,treatment_0010,,sentinel2,before_P02,2,before,2024-05-24,2024-06-06,True,0.0
treatment_0010,treatment,treatment_0010,,sentinel2,before_P03,3,before,2024-06-07,2024-06-20,True,0.0
treatment_0010,treatment,treatment_0010,,sentinel2,before_P04,4,before,2024-06-21,2024-07-04,True,0.5036761101852759
treatment_0010,treatment,treatment_0010,,sentinel2,before_P05,5,before,2024-07-05,2024-07-18,True,0.8065875894520145
treatment_0010,treatment,treatment_0010,,sentinel2,before_P06,6,before,2024-07-19,2024-08-01,True,0.2917361043034996
treatment_0010,treatment,treatment_0010,,sentinel2,before_P07,7,before,2024-08-02,2024-08-15,True,0.7522791883148711
treatment_0010,treatment,treatment_0010,,sentinel2,before_P08,8,before,2024-08-16,2024-08-29,True,1.0
treatment_0010,treatment,treatment_0010,,sentinel2,before_P09,9,before,2024-08-30,2024-09-12,True,0.060778355063229
treatment_0010,treatment,treatment_0010,,sentinel2,before_P10,10,before,2024-09-13,2024-09-26,True,1.0
treatment_0010,treatment,treatment_0010,,sentinel2,after_P01,11,after,2024-09-27,2024-10-10,True,1.0
treatment_0010,treatment,treatment_0010,,sentinel2,after_P02,12,after,2024-10-11,2024-10-24,True,1.0
treatment_0010,treatment,treatment_0010,,sentinel2,after_P03,13,after,2024-10-25,2024-11-07,True,0.0
treatment_0010,treatment,treatment_0010,,sentinel2,after_P04,14,after,2024-11-08,2024-11-21,True,0.5786687579649054
treatment_0010,treatment,treatment_0010,,sentinel2,after_P05,15,after,2024-11-22,2024-12-05,True,0.0
treatment_0010,treatment,treatment_0010,,sentinel2,after_P06,16,after,2024-12-06,2024-12-19,True,0.2512498774629938
treatment_0010,treatment,treatment_0010,,sentinel2,after_P07,17,after,2024-12-20,2025-01-02,True,0.662189981374375
treatment_0010,treatment,treatment_0010,,sentinel2,after_P08,18,after,2025-01-03,2025-01-16,True,0.0852857562984021
treatment_0010,treatment,treatment_0010,,sentinel2,after_P09,19,after,2025-01-17,2025-01-30,True,0.6483678070777374
treatment_0010,treatment,treatment_0010,,sentinel2,after_P10,20,after,2025-01-31,2025-02-13,True,1.0
