fill,sensor,site,group,matched_treatment,n,m,T0,kind,step,added,mse,improvement,accepted,candidate,trial_mse,trial_w
chipmean,sentinel1,treatment_0015,treatment,treatment_0015,2,2,10,path,1,1.0,0.004266762900776133,inf,True,,,
chipmean,sentinel1,treatment_0015,treatment,treatment_0015,2,2,10,path,2,2.0,0.004266762900776133,0.0,False,,,
chipmean,sentinel1,treatment_0015,treatment,treatment_0015,2,2,10,candidate,1,,,,,1.0,0.004266762900776133,1.0000
chipmean,sentinel1,treatment_0015,treatment,treatment_0015,2,2,10,candidate,1,,,,,2.0,0.009383672052006003,1.0000
chipmean,sentinel1,treatment_0015,treatment,treatment_0015,2,2,10,candidate,1,,,,,3.0,0.016322255384938433,1.0000
chipmean,sentinel1,treatment_0015,treatment,treatment_0015,2,2,10,candidate,1,,,,,4.0,0.02498087726379964,1.0000
chipmean,sentinel1,treatment_0015,treatment,treatment_0015,2,2,10,candidate,1,,,,,5.0,0.03527759705901182,1.0000
chipmean,sentinel1,treatment_0015,treatment,treatment_0015,2,2,10,candidate,1,,,,,6.0,0.04715096834324501,1.0000
chipmean,sentinel1,treatment_0015,treatment,treatment_0015,2,2,10,candidate,1,,,,,7.0,0.06056110244963151,1.0000
chipmean,sentinel1,treatment_0015,treatment,treatment_0015,2,2,10,candidate,2,,,0.0,,2.0,0.004266762900776133,1.0000 0.0000
chipmean,sentinel1,treatment_0015,treatment,treatment_0015,2,2,10,candidate,2,,,0.0,,3.0,0.004266762900776133,1.0000 0.0000
chipmean,sentinel1,treatment_0015,treatment,treatment_0015,2,2,10,candidate,2,,,0.0,,4.0,0.004266762900776133,1.0000 0.0000
chipmean,sentinel1,treatment_0015,treatment,treatment_0015,2,2,10,candidate,2,,,0.0,,5.0,0.004266762900776133,1.0000 0.0000
chipmean,sentinel1,treatment_0015,treatment,treatment_0015,2,2,10,candidate,2,,,0.0,,6.0,0.004266762900776133,1.0000 0.0000
chipmean,sentinel1,treatment_0015,treatment,treatment_0015,2,2,10,candidate,2,,,0.0,,7.0,0.004266762900776133,1.0000 0.0000
chipmean,sentinel1,treatment_0016,treatment,treatment_0016,2,2,10,path,1,1.0,0.005889971122695721,inf,True,,,
chipmean,sentinel1,treatment_0016,treatment,treatment_0016,2,2,10,path,2,2.0,0.005889971122695721,0.0,False,,,
chipmean,sentinel1,treatment_0016,treatment,treatment_0016,2,2,10,candidate,1,,,,,1.0,0.005889971122695721,1.0000
chipmean,sentinel1,treatment_0016,treatment,treatment_0016,2,2,10,candidate,1,,,,,2.0,0.012457537368207146,1.0000
chipmean,sentinel1,treatment_0016,treatment,treatment_0016,2,2,10,candidate,1,,,,,3.0,0.020849565305806065,1.0000
chipmean,sentinel1,treatment_0016,treatment,treatment_0016,2,2,10,candidate,1,,,,,4.0,0.030734214043221162,1.0000
chipmean,sentinel1,treatment_0016,treatment,treatment_0016,2,2,10,candidate,1,,,,,5.0,0.04187669189298471,1.0000
chipmean,sentinel1,treatment_0016,treatment,treatment_0016,2,2,10,candidate,1,,,,,6.0,0.054151966691090174,1.0000
chipmean,sentinel1,treatment_0016,treatment,treatment_0016,2,2,10,candidate,1,,,,,7.0,0.06756272341317793,1.0000
chipmean,sentinel1,treatment_0016,treatment,treatment_0016,2,2,10,candidate,2,,,0.0,,2.0,0.005889971122695721,1.0000 0.0000
chipmean,sentinel1,treatment_0016,treatment,treatment_0016,2,2,10,candidate,2,,,0.0,,3.0,0.005889971122695721,1.0000 0.0000
chipmean,sentinel1,treatment_0016,treatment,treatment_0016,2,2,10,candidate,2,,,0.0,,4.0,0.005889971122695721,1.0000 0.0000
chipmean,sentinel1,treatment_0016,treatment,treatment_0016,2,2,10,candidate,2,,,0.0,,5.0,0.005889971122695721,1.0000 0.0000
chipmean,sentinel1,treatment_0016,treatment,treatment_0016,2,2,10,candidate,2,,,0.0,,6.0,0.005889971122695721,1.0000 0.0000
chipmean,sentinel1,treatment_0016,treatment,treatment_0016,2,2,10,candidate,2,,,0.0,,7.0,0.005889971122695721,1.0000 0.0000
chipmean,sentinel1,treatment_0017,treatment,treatment_0017,2,2,10,path,1,1.0,0.004386547425103756,inf,True,,,
chipmean,sentinel1,treatment_0017,treatment,treatment_0017,2,2,10,path,2,2.0,0.004386547425103756,0.0,False,,,
chipmean,sentinel1,treatment_0017,treatment,treatment_0017,2,2,10,candidate,1,,,,,1.0,0.004386547425103756,1.0000
chipmean,sentinel1,treatment_0017,treatment,treatment_0017,2,2,10,candidate,1,,,,,2.0,0.009503059330219337,1.0000
chipmean,sentinel1,treatment_0017,treatment,treatment_0017,2,2,10,candidate,1,,,,,3.0,0.01628459894897531,1.0000
chipmean,sentinel1,treatment_0017,treatment,treatment_0017,2,2,10,candidate,1,,,,,4.0,0.02455969402890934,1.0000
chipmean,sentinel1,treatment_0017,treatment,treatment_0017,2,2,10,candidate,1,,,,,5.0,0.03419284089967107,1.0000
chipmean,sentinel1,treatment_0017,treatment,treatment_0017,2,2,10,candidate,1,,,,,6.0,0.04508796755030081,1.0000
chipmean,sentinel1,treatment_0017,treatment,treatment_0017,2,2,10,candidate,1,,,,,7.0,0.0571928551840777,1.0000
chipmean,sentinel1,treatment_0017,treatment,treatment_0017,2,2,10,candidate,2,,,0.0,,2.0,0.004386547425103756,1.0000 0.0000
chipmean,sentinel1,treatment_0017,treatment,treatment_0017,2,2,10,candidate,2,,,0.0,,3.0,0.004386547425103756,1.0000 0.0000
chipmean,sentinel1,treatment_0017,treatment,treatment_0017,2,2,10,candidate,2,,,0.0,,4.0,0.004386547425103756,1.0000 0.0000
chipmean,sentinel1,treatment_0017,treatment,treatment_0017,2,2,10,candidate,2,,,0.0,,5.0,0.004386547425103756,1.0000 0.0000
chipmean,sentinel1,treatment_0017,treatment,treatment_0017,2,2,10,candidate,2,,,0.0,,6.0,0.004386547425103756,1.0000 0.0000
chipmean,sentinel1,treatment_0017,treatment,treatment_0017,2,2,10,candidate,2,,,0.0,,7.0,0.004386547425103756,1.0000 0.0000
chipmean,sentinel1,treatment_0018,treatment,treatment_0018,2,2,10,path,1,1.0,0.00407540156102511,inf,True,,,
chipmean,sentinel1,treatment_0018,treatment,treatment_0018,2,2,10,path,2,2.0,0.00407540156102511,0.0,False,,,
chipmean,sentinel1,treatment_0018,treatment,treatment_0018,2,2,10,candidate,1,,,,,1.0,0.00407540156102511,1.0000
chipmean,sentinel1,treatment_0018,treatment,treatment_0018,2,2,10,candidate,1,,,,,2.0,0.008966924730040073,1.0000
chipmean,sentinel1,treatment_0018,treatment,treatment_0018,2,2,10,candidate,1,,,,,3.0,0.015596106079397152,1.0000
chipmean,sentinel1,treatment_0018,treatment,treatment_0018,2,2,10,candidate,1,,,,,4.0,0.02385416630233985,1.0000
chipmean,sentinel1,treatment_0018,treatment,treatment_0018,2,2,10,candidate,1,,,,,5.0,0.033644939486302566,1.0000
chipmean,sentinel1,treatment_0018,treatment,treatment_0018,2,2,10,candidate,1,,,,,6.0,0.04488565020955226,1.0000
chipmean,sentinel1,treatment_0018,treatment,treatment_0018,2,2,10,candidate,1,,,,,7.0,0.057507859916265724,1.0000
chipmean,sentinel1,treatment_0018,treatment,treatment_0018,2,2,10,candidate,2,,,0.0,,2.0,0.00407540156102511,1.0000 0.0000
chipmean,sentinel1,treatment_0018,treatment,treatment_0018,2,2,10,candidate,2,,,0.0,,3.0,0.00407540156102511,1.0000 0.0000
chipmean,sentinel1,treatment_0018,treatment,treatment_0018,2,2,10,candidate,2,,,0.0,,4.0,0.00407540156102511,1.0000 0.0000
chipmean,sentinel1,treatment_0018,treatment,treatment_0018,2,2,10,candidate,2,,,0.0,,5.0,0.00407540156102511,1.0000 0.0000
chipmean,sentinel1,treatment_0018,treatment,treatment_0018,2,2,10,candidate,2,,,0.0,,6.0,0.00407540156102511,1.0000 0.0000
chipmean,sentinel1,treatment_0018,treatment,treatment_0018,2,2,10,candidate,2,,,0.0,,7.0,0.00407540156102511,1.0000 0.0000
chipmean,sentinel1,treatment_0019,treatment,treatment_0019,2,2,10,path,1,1.0,0.003964440876127087,inf,True,,,
chipmean,sentinel1,treatment_0019,treatment,treatment_0019,2,2,10,path,2,2.0,0.003964440876127087,0.0,False,,,
chipmean,sentinel1,treatment_0019,treatment,treatment_0019,2,2,10,candidate,1,,,,,1.0,0.003964440876127087,1.0000
chipmean,sentinel1,treatment_0019,treatment,treatment_0019,2,2,10,candidate,1,,,,,2.0,0.008684854575178856,1.0000
chipmean,sentinel1,treatment_0019,treatment,treatment_0019,2,2,10,candidate,1,,,,,3.0,0.015041198860616245,1.0000
chipmean,sentinel1,treatment_0019,treatment,treatment_0019,2,2,10,candidate,1,,,,,4.0,0.02290987975011816,1.0000
chipmean,sentinel1,treatment_0019,treatment,treatment_0019,2,2,10,candidate,1,,,,,5.0,0.0321826616539017,1.0000
chipmean,sentinel1,treatment_0019,treatment,treatment_0019,2,2,10,candidate,1,,,,,6.0,0.04276732856300778,1.0000
chipmean,sentinel1,treatment_0019,treatment,treatment_0019,2,2,10,candidate,1,,,,,7.0,0.054588549920296575,1.0000
chipmean,sentinel1,treatment_0019,treatment,treatment_0019,2,2,10,candidate,2,,,0.0,,2.0,0.003964440876127087,1.0000 0.0000
chipmean,sentinel1,treatment_0019,treatment,treatment_0019,2,2,10,candidate,2,,,0.0,,3.0,0.003964440876127087,1.0000 0.0000
chipmean,sentinel1,treatment_0019,treatment,treatment_0019,2,2,10,candidate,2,,,0.0,,4.0,0.003964440876127087,1.0000 0.0000
chipmean,sentinel1,treatment_0019,treatment,treatment_0019,2,2,10,candidate,2,,,0.0,,5.0,0.003964440876127087,1.0000 0.0000
chipmean,sentinel1,treatment_0019,treatment,treatment_0019,2,2,10,candidate,2,,,0.0,,6.0,0.003964440876127087,1.0000 0.0000
chipmean,sentinel1,treatment_0019,treatment,treatment_0019,2,2,10,candidate,2,,,0.0,,7.0,0.003964440876127087,1.0000 0.0000
chipmean,sentinel1,treatment_0020,treatment,treatment_0020,2,2,10,path,1,1.0,0.004705794572645367,inf,True,,,
chipmean,sentinel1,treatment_0020,treatment,treatment_0020,2,2,10,path,2,2.0,0.004705794572645367,0.0,False,,,
chipmean,sentinel1,treatment_0020,treatment,treatment_0020,2,2,10,candidate,1,,,,,1.0,0.004705794572645367,1.0000
chipmean,sentinel1,treatment_0020,treatment,treatment_0020,2,2,10,candidate,1,,,,,2.0,0.010190314447936118,1.0000
chipmean,sentinel1,treatment_0020,treatment,treatment_0020,2,2,10,candidate,1,,,,,3.0,0.017452422191562657,1.0000
chipmean,sentinel1,treatment_0020,treatment,treatment_0020,2,2,10,candidate,1,,,,,4.0,0.026300858365689735,1.0000
chipmean,sentinel1,treatment_0020,treatment,treatment_0020,2,2,10,candidate,1,,,,,5.0,0.036579657641228544,1.0000
chipmean,sentinel1,treatment_0020,treatment,treatment_0020,2,2,10,candidate,1,,,,,6.0,0.04817153667146258,1.0000
chipmean,sentinel1,treatment_0020,treatment,treatment_0020,2,2,10,candidate,1,,,,,7.0,0.061002675353040464,1.0000
chipmean,sentinel1,treatment_0020,treatment,treatment_0020,2,2,10,candidate,2,,,0.0,,2.0,0.004705794572645367,1.0000 0.0000
chipmean,sentinel1,treatment_0020,treatment,treatment_0020,2,2,10,candidate,2,,,0.0,,3.0,0.004705794572645367,1.0000 0.0000
chipmean,sentinel1,treatment_0020,treatment,treatment_0020,2,2,10,candidate,2,,,0.0,,4.0,0.004705794572645367,1.0000 0.0000
chipmean,sentinel1,treatment_0020,treatment,treatment_0020,2,2,10,candidate,2,,,0.0,,5.0,0.004705794572645367,1.0000 0.0000
chipmean,sentinel1,treatment_0020,treatment,treatment_0020,2,2,10,candidate,2,,,0.0,,6.0,0.004705794572645367,1.0000 0.0000
chipmean,sentinel1,treatment_0020,treatment,treatment_0020,2,2,10,candidate,2,,,0.0,,7.0,0.004705794572645367,1.0000 0.0000
chipmean,sentinel1,treatment_0021,treatment,treatment_0021,2,2,10,path,1,1.0,0.00436079494793396,inf,True,,,
chipmean,sentinel1,treatment_0021,treatment,treatment_0021,2,2,10,path,2,2.0,0.00436079494793396,0.0,False,,,
chipmean,sentinel1,treatment_0021,treatment,treatment_0021,2,2,10,candidate,1,,,,,1.0,0.00436079494793396,1.0000
chipmean,sentinel1,treatment_0021,treatment,treatment_0021,2,2,10,candidate,1,,,,,2.0,0.009438568580196528,1.0000
chipmean,sentinel1,treatment_0021,treatment,treatment_0021,2,2,10,candidate,1,,,,,3.0,0.01617204212335984,1.0000
chipmean,sentinel1,treatment_0021,treatment,treatment_0021,2,2,10,candidate,1,,,,,4.0,0.024407331055769133,1.0000
chipmean,sentinel1,treatment_0021,treatment,treatment_0021,2,2,10,candidate,1,,,,,5.0,0.03403501937775179,1.0000
chipmean,sentinel1,treatment_0021,treatment,treatment_0021,2,2,10,candidate,1,,,,,6.0,0.044993290223242485,1.0000
chipmean,sentinel1,treatment_0021,treatment,treatment_0021,2,2,10,candidate,1,,,,,7.0,0.05727232455465449,1.0000
chipmean,sentinel1,treatment_0021,treatment,treatment_0021,2,2,10,candidate,2,,,0.0,,2.0,0.00436079494793396,1.0000 0.0000
chipmean,sentinel1,treatment_0021,treatment,treatment_0021,2,2,10,candidate,2,,,0.0,,3.0,0.00436079494793396,1.0000 0.0000
chipmean,sentinel1,treatment_0021,treatment,treatment_0021,2,2,10,candidate,2,,,0.0,,4.0,0.00436079494793396,1.0000 0.0000
chipmean,sentinel1,treatment_0021,treatment,treatment_0021,2,2,10,candidate,2,,,0.0,,5.0,0.00436079494793396,1.0000 0.0000
chipmean,sentinel1,treatment_0021,treatment,treatment_0021,2,2,10,candidate,2,,,0.0,,6.0,0.00436079494793396,1.0000 0.0000
chipmean,sentinel1,treatment_0021,treatment,treatment_0021,2,2,10,candidate,2,,,0.0,,7.0,0.00436079494793396,1.0000 0.0000
chipmean,sentinel1,treatment_0022,treatment,treatment_0022,2,2,10,path,1,1.0,0.004413345635229939,inf,True,,,
chipmean,sentinel1,treatment_0022,treatment,treatment_0022,2,2,10,path,2,2.0,0.004413345635229939,0.0,False,,,
chipmean,sentinel1,treatment_0022,treatment,treatment_0022,2,2,10,candidate,1,,,,,1.0,0.004413345635229939,1.0000
chipmean,sentinel1,treatment_0022,treatment,treatment_0022,2,2,10,candidate,1,,,,,2.0,0.009508069909539335,1.0000
chipmean,sentinel1,treatment_0022,treatment,treatment_0022,2,2,10,candidate,1,,,,,3.0,0.01621253123613957,1.0000
chipmean,sentinel1,treatment_0022,treatment,treatment_0022,2,2,10,candidate,1,,,,,4.0,0.024346200360668695,1.0000
chipmean,sentinel1,treatment_0022,treatment,treatment_0022,2,2,10,candidate,1,,,,,5.0,0.033775170279067505,1.0000
chipmean,sentinel1,treatment_0022,treatment,treatment_0022,2,2,10,candidate,1,,,,,6.0,0.04441477660496274,1.0000
chipmean,sentinel1,treatment_0022,treatment,treatment_0022,2,2,10,candidate,1,,,,,7.0,0.056233312117876626,1.0000
chipmean,sentinel1,treatment_0022,treatment,treatment_0022,2,2,10,candidate,2,,,0.0,,2.0,0.004413345635229939,1.0000 0.0000
chipmean,sentinel1,treatment_0022,treatment,treatment_0022,2,2,10,candidate,2,,,0.0,,3.0,0.004413345635229939,1.0000 0.0000
chipmean,sentinel1,treatment_0022,treatment,treatment_0022,2,2,10,candidate,2,,,0.0,,4.0,0.004413345635229939,1.0000 0.0000
chipmean,sentinel1,treatment_0022,treatment,treatment_0022,2,2,10,candidate,2,,,0.0,,5.0,0.004413345635229939,1.0000 0.0000
chipmean,sentinel1,treatment_0022,treatment,treatment_0022,2,2,10,candidate,2,,,0.0,,6.0,0.004413345635229939,1.0000 0.0000
chipmean,sentinel1,treatment_0022,treatment,treatment_0022,2,2,10,candidate,2,,,0.0,,7.0,0.004413345635229939,1.0000 0.0000
chipmean,sentinel1,treatment_0023,treatment,treatment_0023,2,2,10,path,1,1.0,0.0036245299167216158,inf,True,,,
chipmean,sentinel1,treatment_0023,treatment,treatment_0023,2,2,10,path,2,2.0,0.0036245299167216158,0.0,False,,,
chipmean,sentinel1,treatment_0023,treatment,treatment_0023,2,2,10,candidate,1,,,,,1.0,0.0036245299167216158,1.0000
chipmean,sentinel1,treatment_0023,treatment,treatment_0023,2,2,10,candidate,1,,,,,2.0,0.008133130536046574,1.0000
chipmean,sentinel1,treatment_0023,treatment,treatment_0023,2,2,10,candidate,1,,,,,3.0,0.014419941810180517,1.0000
chipmean,sentinel1,treatment_0023,treatment,treatment_0023,2,2,10,candidate,1,,,,,4.0,0.02247070488402839,1.0000
chipmean,sentinel1,treatment_0023,treatment,treatment_0023,2,2,10,candidate,1,,,,,5.0,0.03227136517442743,1.0000
chipmean,sentinel1,treatment_0023,treatment,treatment_0023,2,2,10,candidate,1,,,,,6.0,0.04380807542352413,1.0000
chipmean,sentinel1,treatment_0023,treatment,treatment_0023,2,2,10,candidate,1,,,,,7.0,0.05706719888069458,1.0000
chipmean,sentinel1,treatment_0023,treatment,treatment_0023,2,2,10,candidate,2,,,0.0,,2.0,0.0036245299167216158,1.0000 0.0000
chipmean,sentinel1,treatment_0023,treatment,treatment_0023,2,2,10,candidate,2,,,0.0,,3.0,0.0036245299167216158,1.0000 0.0000
chipmean,sentinel1,treatment_0023,treatment,treatment_0023,2,2,10,candidate,2,,,0.0,,4.0,0.0036245299167216158,1.0000 0.0000
chipmean,sentinel1,treatment_0023,treatment,treatment_0023,2,2,10,candidate,2,,,0.0,,5.0,0.0036245299167216158,1.0000 0.0000
chipmean,sentinel1,treatment_0023,treatment,treatment_0023,2,2,10,candidate,2,,,0.0,,6.0,0.0036245299167216158,1.0000 0.0000
chipmean,sentinel1,treatment_0023,treatment,treatment_0023,2,2,10,candidate,2,,,0.0,,7.0,0.0036245299167216158,1.0000 0.0000
chipmean,sentinel1,treatment_0024,treatment,treatment_0024,2,2,10,path,1,1.0,0.004160398560296494,inf,True,,,
chipmean,sentinel1,treatment_0024,treatment,treatment_0024,2,2,10,path,2,2.0,0.004160398560296494,0.0,False,,,
chipmean,sentinel1,treatment_0024,treatment,treatment_0024,2,2,10,candidate,1,,,,,1.0,0.004160398560296494,1.0000
chipmean,sentinel1,treatment_0024,treatment,treatment_0024,2,2,10,candidate,1,,,,,2.0,0.009240205600317424,1.0000
chipmean,sentinel1,treatment_0024,treatment,treatment_0024,2,2,10,candidate,1,,,,,3.0,0.016219689319810444,1.0000
chipmean,sentinel1,treatment_0024,treatment,treatment_0024,2,2,10,candidate,1,,,,,4.0,0.025030725406489145,1.0000
chipmean,sentinel1,treatment_0024,treatment,treatment_0024,2,2,10,candidate,1,,,,,5.0,0.03561091194249062,1.0000
chipmean,sentinel1,treatment_0024,treatment,treatment_0024,2,2,10,candidate,1,,,,,6.0,0.04790375965504915,1.0000
chipmean,sentinel1,treatment_0024,treatment,treatment_0024,2,2,10,candidate,1,,,,,7.0,0.06185891378708813,1.0000
chipmean,sentinel1,treatment_0024,treatment,treatment_0024,2,2,10,candidate,2,,,0.0,,2.0,0.004160398560296494,1.0000 0.0000
chipmean,sentinel1,treatment_0024,treatment,treatment_0024,2,2,10,candidate,2,,,0.0,,3.0,0.004160398560296494,1.0000 0.0000
chipmean,sentinel1,treatment_0024,treatment,treatment_0024,2,2,10,candidate,2,,,0.0,,4.0,0.004160398560296494,1.0000 0.0000
chipmean,sentinel1,treatment_0024,treatment,treatment_0024,2,2,10,candidate,2,,,0.0,,5.0,0.004160398560296494,1.0000 0.0000
chipmean,sentinel1,treatment_0024,treatment,treatment_0024,2,2,10,candidate,2,,,0.0,,6.0,0.004160398560296494,1.0000 0.0000
chipmean,sentinel1,treatment_0024,treatment,treatment_0024,2,2,10,candidate,2,,,0.0,,7.0,0.004160398560296494,1.0000 0.0000
chipmean,sentinel1,treatment_0025,treatment,treatment_0025,2,2,10,path,1,1.0,0.003667346607128615,inf,True,,,
chipmean,sentinel1,treatment_0025,treatment,treatment_0025,2,2,10,path,2,2.0,0.003667346607128615,0.0,False,,,
chipmean,sentinel1,treatment_0025,treatment,treatment_0025,2,2,10,candidate,1,,,,,1.0,0.003667346607128615,1.0000
chipmean,sentinel1,treatment_0025,treatment,treatment_0025,2,2,10,candidate,1,,,,,2.0,0.008144483356421556,1.0000
chipmean,sentinel1,treatment_0025,treatment,treatment_0025,2,2,10,candidate,1,,,,,3.0,0.014296435354451421,1.0000
chipmean,sentinel1,treatment_0025,treatment,treatment_0025,2,2,10,candidate,1,,,,,4.0,0.02206484856894866,1.0000
chipmean,sentinel1,treatment_0025,treatment,treatment_0025,2,2,10,candidate,1,,,,,5.0,0.031397305921904345,1.0000
chipmean,sentinel1,treatment_0025,treatment,treatment_0025,2,2,10,candidate,1,,,,,6.0,0.042247471205058416,1.0000
chipmean,sentinel1,treatment_0025,treatment,treatment_0025,2,2,10,candidate,1,,,,,7.0,0.05457526840794458,1.0000
chipmean,sentinel1,treatment_0025,treatment,treatment_0025,2,2,10,candidate,2,,,0.0,,2.0,0.003667346607128615,1.0000 0.0000
chipmean,sentinel1,treatment_0025,treatment,treatment_0025,2,2,10,candidate,2,,,0.0,,3.0,0.003667346607128615,1.0000 0.0000
chipmean,sentinel1,treatment_0025,treatment,treatment_0025,2,2,10,candidate,2,,,0.0,,4.0,0.003667346607128615,1.0000 0.0000
chipmean,sentinel1,treatment_0025,treatment,treatment_0025,2,2,10,candidate,2,,,0.0,,5.0,0.003667346607128615,1.0000 0.0000
chipmean,sentinel1,treatment_0025,treatment,treatment_0025,2,2,10,candidate,2,,,0.0,,6.0,0.003667346607128615,1.0000 0.0000
chipmean,sentinel1,treatment_0025,treatment,treatment_0025,2,2,10,candidate,2,,,0.0,,7.0,0.003667346607128615,1.0000 0.0000
chipmean,sentinel1,treatment_0027,treatment,treatment_0027,2,2,10,path,1,1.0,0.0039628525973025115,inf,True,,,
chipmean,sentinel1,treatment_0027,treatment,treatment_0027,2,2,10,path,2,2.0,0.0039628525973025115,0.0,False,,,
chipmean,sentinel1,treatment_0027,treatment,treatment_0027,2,2,10,candidate,1,,,,,1.0,0.0039628525973025115,1.0000
chipmean,sentinel1,treatment_0027,treatment,treatment_0027,2,2,10,candidate,1,,,,,2.0,0.00827911058285688,1.0000
chipmean,sentinel1,treatment_0027,treatment,treatment_0027,2,2,10,candidate,1,,,,,3.0,0.013685835810360095,1.0000
chipmean,sentinel1,treatment_0027,treatment,treatment_0027,2,2,10,candidate,1,,,,,4.0,0.019925430129429517,1.0000
chipmean,sentinel1,treatment_0027,treatment,treatment_0027,2,2,10,candidate,1,,,,,5.0,0.026815713175849534,1.0000
chipmean,sentinel1,treatment_0027,treatment,treatment_0027,2,2,10,candidate,1,,,,,6.0,0.034255614369160844,1.0000
chipmean,sentinel1,treatment_0027,treatment,treatment_0027,2,2,10,candidate,1,,,,,7.0,0.042234721546856924,1.0000
chipmean,sentinel1,treatment_0027,treatment,treatment_0027,2,2,10,candidate,2,,,0.0,,2.0,0.0039628525973025115,1.0000 0.0000
chipmean,sentinel1,treatment_0027,treatment,treatment_0027,2,2,10,candidate,2,,,0.0,,3.0,0.0039628525973025115,1.0000 0.0000
chipmean,sentinel1,treatment_0027,treatment,treatment_0027,2,2,10,candidate,2,,,0.0,,4.0,0.0039628525973025115,1.0000 0.0000
chipmean,sentinel1,treatment_0027,treatment,treatment_0027,2,2,10,candidate,2,,,0.0,,5.0,0.0039628525973025115,1.0000 0.0000
chipmean,sentinel1,treatment_0027,treatment,treatment_0027,2,2,10,candidate,2,,,0.0,,6.0,0.0039628525973025115,1.0000 0.0000
chipmean,sentinel1,treatment_0027,treatment,treatment_0027,2,2,10,candidate,2,,,0.0,,7.0,0.0039628525973025115,1.0000 0.0000
chipmean,sentinel1,treatment_0015,treatment,treatment_0015,2,3,10,path,1,1.0,0.004176730544104808,inf,True,,,
chipmean,sentinel1,treatment_0015,treatment,treatment_0015,2,3,10,path,2,2.0,0.004176730544104808,0.0,False,,,
chipmean,sentinel1,treatment_0015,treatment,treatment_0015,2,3,10,candidate,1,,,,,1.0,0.004176730544104808,1.0000
chipmean,sentinel1,treatment_0015,treatment,treatment_0015,2,3,10,candidate,1,,,,,2.0,0.009195899524636756,1.0000
chipmean,sentinel1,treatment_0015,treatment,treatment_0015,2,3,10,candidate,1,,,,,3.0,0.01601492274653627,1.0000
chipmean,sentinel1,treatment_0015,treatment,treatment_0015,2,3,10,candidate,1,,,,,4.0,0.024542483974092717,1.0000
chipmean,sentinel1,treatment_0015,treatment,treatment_0015,2,3,10,candidate,1,,,,,5.0,0.03470737528533014,1.0000
chipmean,sentinel1,treatment_0015,treatment,treatment_0015,2,3,10,candidate,1,,,,,6.0,0.04645942816850037,1.0000
chipmean,sentinel1,treatment_0015,treatment,treatment_0015,2,3,10,candidate,2,,,0.0,,2.0,0.004176730544104808,1.0000 0.0000
chipmean,sentinel1,treatment_0015,treatment,treatment_0015,2,3,10,candidate,2,,,0.0,,3.0,0.004176730544104808,1.0000 0.0000
chipmean,sentinel1,treatment_0015,treatment,treatment_0015,2,3,10,candidate,2,,,0.0,,4.0,0.004176730544104808,1.0000 0.0000
chipmean,sentinel1,treatment_0015,treatment,treatment_0015,2,3,10,candidate,2,,,0.0,,5.0,0.004176730544104808,1.0000 0.0000
chipmean,sentinel1,treatment_0015,treatment,treatment_0015,2,3,10,candidate,2,,,0.0,,6.0,0.004176730544104808,1.0000 0.0000
chipmean,sentinel1,treatment_0016,treatment,treatment_0016,2,3,10,path,1,1.0,0.005577651950417454,inf,True,,,
chipmean,sentinel1,treatment_0016,treatment,treatment_0016,2,3,10,path,2,2.0,0.005577651950417454,0.0,False,,,
chipmean,sentinel1,treatment_0016,treatment,treatment_0016,2,3,10,candidate,1,,,,,1.0,0.005577651950417454,1.0000
chipmean,sentinel1,treatment_0016,treatment,treatment_0016,2,3,10,candidate,1,,,,,2.0,0.011829630037377114,1.0000
chipmean,sentinel1,treatment_0016,treatment,treatment_0016,2,3,10,candidate,1,,,,,3.0,0.019866894290353435,1.0000
chipmean,sentinel1,treatment_0016,treatment,treatment_0016,2,3,10,candidate,1,,,,,4.0,0.02941163922987632,1.0000
chipmean,sentinel1,treatment_0016,treatment,treatment_0016,2,3,10,candidate,1,,,,,5.0,0.04028909815804927,1.0000
chipmean,sentinel1,treatment_0016,treatment,treatment_0016,2,3,10,candidate,1,,,,,6.0,0.05244278823539698,1.0000
chipmean,sentinel1,treatment_0016,treatment,treatment_0016,2,3,10,candidate,2,,,0.0,,2.0,0.005577651950417454,1.0000 0.0000
chipmean,sentinel1,treatment_0016,treatment,treatment_0016,2,3,10,candidate,2,,,0.0,,3.0,0.005577651950417454,1.0000 0.0000
chipmean,sentinel1,treatment_0016,treatment,treatment_0016,2,3,10,candidate,2,,,0.0,,4.0,0.005577651950417454,1.0000 0.0000
chipmean,sentinel1,treatment_0016,treatment,treatment_0016,2,3,10,candidate,2,,,0.0,,5.0,0.005577651950417454,1.0000 0.0000
chipmean,sentinel1,treatment_0016,treatment,treatment_0016,2,3,10,candidate,2,,,0.0,,6.0,0.005577651950417454,1.0000 0.0000
chipmean,sentinel1,treatment_0017,treatment,treatment_0017,2,3,10,path,1,1.0,0.004236681576851775,inf,True,,,
chipmean,sentinel1,treatment_0017,treatment,treatment_0017,2,3,10,path,2,2.0,0.004236681576851775,0.0,False,,,
chipmean,sentinel1,treatment_0017,treatment,treatment_0017,2,3,10,candidate,1,,,,,1.0,0.004236681576851775,1.0000
chipmean,sentinel1,treatment_0017,treatment,treatment_0017,2,3,10,candidate,1,,,,,2.0,0.009192470512205104,1.0000
chipmean,sentinel1,treatment_0017,treatment,treatment_0017,2,3,10,candidate,1,,,,,3.0,0.015780671463961598,1.0000
chipmean,sentinel1,treatment_0017,treatment,treatment_0017,2,3,10,candidate,1,,,,,4.0,0.023849673057682007,1.0000
chipmean,sentinel1,treatment_0017,treatment,treatment_0017,2,3,10,candidate,1,,,,,5.0,0.03328552573190152,1.0000
chipmean,sentinel1,treatment_0017,treatment,treatment_0017,2,3,10,candidate,1,,,,,6.0,0.044015877044354654,1.0000
chipmean,sentinel1,treatment_0017,treatment,treatment_0017,2,3,10,candidate,2,,,0.0,,2.0,0.004236681576851775,1.0000 0.0000
chipmean,sentinel1,treatment_0017,treatment,treatment_0017,2,3,10,candidate,2,,,0.0,,3.0,0.004236681576851775,1.0000 0.0000
chipmean,sentinel1,treatment_0017,treatment,treatment_0017,2,3,10,candidate,2,,,0.0,,4.0,0.004236681576851775,1.0000 0.0000
chipmean,sentinel1,treatment_0017,treatment,treatment_0017,2,3,10,candidate,2,,,0.0,,5.0,0.004236681576851775,1.0000 0.0000
chipmean,sentinel1,treatment_0017,treatment,treatment_0017,2,3,10,candidate,2,,,0.0,,6.0,0.004236681576851775,1.0000 0.0000
chipmean,sentinel1,treatment_0018,treatment,treatment_0018,2,3,10,path,1,1.0,0.003990180418663937,inf,True,,,
chipmean,sentinel1,treatment_0018,treatment,treatment_0018,2,3,10,path,2,2.0,0.003990180418663937,0.0,False,,,
chipmean,sentinel1,treatment_0018,treatment,treatment_0018,2,3,10,candidate,1,,,,,1.0,0.003990180418663937,1.0000
chipmean,sentinel1,treatment_0018,treatment,treatment_0018,2,3,10,candidate,1,,,,,2.0,0.008784958373325148,1.0000
chipmean,sentinel1,treatment_0018,treatment,treatment_0018,2,3,10,candidate,1,,,,,3.0,0.01529026592176665,1.0000
chipmean,sentinel1,treatment_0018,treatment,treatment_0018,2,3,10,candidate,1,,,,,4.0,0.023404395811928155,1.0000
chipmean,sentinel1,treatment_0018,treatment,treatment_0018,2,3,10,candidate,1,,,,,5.0,0.033038634087558354,1.0000
chipmean,sentinel1,treatment_0018,treatment,treatment_0018,2,3,10,candidate,1,,,,,6.0,0.04411812172779765,1.0000
chipmean,sentinel1,treatment_0018,treatment,treatment_0018,2,3,10,candidate,2,,,0.0,,2.0,0.003990180418663937,1.0000 0.0000
chipmean,sentinel1,treatment_0018,treatment,treatment_0018,2,3,10,candidate,2,,,0.0,,3.0,0.003990180418663937,1.0000 0.0000
chipmean,sentinel1,treatment_0018,treatment,treatment_0018,2,3,10,candidate,2,,,0.0,,4.0,0.003990180418663937,1.0000 0.0000
chipmean,sentinel1,treatment_0018,treatment,treatment_0018,2,3,10,candidate,2,,,0.0,,5.0,0.003990180418663937,1.0000 0.0000
chipmean,sentinel1,treatment_0018,treatment,treatment_0018,2,3,10,candidate,2,,,0.0,,6.0,0.003990180418663937,1.0000 0.0000
chipmean,sentinel1,treatment_0019,treatment,treatment_0019,2,3,10,path,1,1.0,0.00386529799894968,inf,True,,,
chipmean,sentinel1,treatment_0019,treatment,treatment_0019,2,3,10,path,2,2.0,0.00386529799894968,0.0,False,,,
chipmean,sentinel1,treatment_0019,treatment,treatment_0019,2,3,10,candidate,1,,,,,1.0,0.00386529799894968,1.0000
chipmean,sentinel1,treatment_0019,treatment,treatment_0019,2,3,10,candidate,1,,,,,2.0,0.008473615721538872,1.0000
chipmean,sentinel1,treatment_0019,treatment,treatment_0019,2,3,10,candidate,1,,,,,3.0,0.014686850331155374,1.0000
chipmean,sentinel1,treatment_0019,treatment,treatment_0019,2,3,10,candidate,1,,,,,4.0,0.022389674199400734,1.0000
chipmean,sentinel1,treatment_0019,treatment,treatment_0019,2,3,10,candidate,1,,,,,5.0,0.03148244918172345,1.0000
chipmean,sentinel1,treatment_0019,treatment,treatment_0019,2,3,10,candidate,1,,,,,6.0,0.041881989688445975,1.0000
chipmean,sentinel1,treatment_0019,treatment,treatment_0019,2,3,10,candidate,2,,,0.0,,2.0,0.00386529799894968,1.0000 0.0000
chipmean,sentinel1,treatment_0019,treatment,treatment_0019,2,3,10,candidate,2,,,0.0,,3.0,0.00386529799894968,1.0000 0.0000
chipmean,sentinel1,treatment_0019,treatment,treatment_0019,2,3,10,candidate,2,,,0.0,,4.0,0.00386529799894968,1.0000 0.0000
chipmean,sentinel1,treatment_0019,treatment,treatment_0019,2,3,10,candidate,2,,,0.0,,5.0,0.00386529799894968,1.0000 0.0000
chipmean,sentinel1,treatment_0019,treatment,treatment_0019,2,3,10,candidate,2,,,0.0,,6.0,0.00386529799894968,1.0000 0.0000
chipmean,sentinel1,treatment_0020,treatment,treatment_0020,2,3,10,path,1,1.0,0.0045428796821388555,inf,True,,,
chipmean,sentinel1,treatment_0020,treatment,treatment_0020,2,3,10,path,2,2.0,0.0045428796821388555,0.0,False,,,
chipmean,sentinel1,treatment_0020,treatment,treatment_0020,2,3,10,candidate,1,,,,,1.0,0.0045428796821388555,1.0000
chipmean,sentinel1,treatment_0020,treatment,treatment_0020,2,3,10,candidate,1,,,,,2.0,0.009851174163933584,1.0000
chipmean,sentinel1,treatment_0020,treatment,treatment_0020,2,3,10,candidate,1,,,,,3.0,0.016898603441078724,1.0000
chipmean,sentinel1,treatment_0020,treatment,treatment_0020,2,3,10,candidate,1,,,,,4.0,0.025513593843095185,1.0000
chipmean,sentinel1,treatment_0020,treatment,treatment_0020,2,3,10,candidate,1,,,,,5.0,0.03556158173714025,1.0000
chipmean,sentinel1,treatment_0020,treatment,treatment_0020,2,3,10,candidate,1,,,,,6.0,0.046949096768512964,1.0000
chipmean,sentinel1,treatment_0020,treatment,treatment_0020,2,3,10,candidate,2,,,0.0,,2.0,0.0045428796821388555,1.0000 0.0000
chipmean,sentinel1,treatment_0020,treatment,treatment_0020,2,3,10,candidate,2,,,0.0,,3.0,0.0045428796821388555,1.0000 0.0000
chipmean,sentinel1,treatment_0020,treatment,treatment_0020,2,3,10,candidate,2,,,0.0,,4.0,0.0045428796821388555,1.0000 0.0000
chipmean,sentinel1,treatment_0020,treatment,treatment_0020,2,3,10,candidate,2,,,0.0,,5.0,0.0045428796821388555,1.0000 0.0000
chipmean,sentinel1,treatment_0020,treatment,treatment_0020,2,3,10,candidate,2,,,0.0,,6.0,0.0045428796821388555,1.0000 0.0000
chipmean,sentinel1,treatment_0021,treatment,treatment_0021,2,3,10,path,1,1.0,0.004209485800975572,inf,True,,,
chipmean,sentinel1,treatment_0021,treatment,treatment_0021,2,3,10,path,2,2.0,0.004209485800975572,0.0,False,,,
chipmean,sentinel1,treatment_0021,treatment,treatment_0021,2,3,10,candidate,1,,,,,1.0,0.004209485800975572,1.0000
chipmean,sentinel1,treatment_0021,treatment,treatment_0021,2,3,10,candidate,1,,,,,2.0,0.009131296889495615,1.0000
chipmean,sentinel1,treatment_0021,treatment,treatment_0021,2,3,10,candidate,1,,,,,3.0,0.015685071882498562,1.0000
chipmean,sentinel1,treatment_0021,treatment,treatment_0021,2,3,10,candidate,1,,,,,4.0,0.023740319698241072,1.0000
chipmean,sentinel1,treatment_0021,treatment,treatment_0021,2,3,10,candidate,1,,,,,5.0,0.033212586053312426,1.0000
chipmean,sentinel1,treatment_0021,treatment,treatment_0021,2,3,10,candidate,1,,,,,6.0,0.04406721393250852,1.0000
chipmean,sentinel1,treatment_0021,treatment,treatment_0021,2,3,10,candidate,2,,,0.0,,2.0,0.004209485800975572,1.0000 0.0000
chipmean,sentinel1,treatment_0021,treatment,treatment_0021,2,3,10,candidate,2,,,0.0,,3.0,0.004209485800975572,1.0000 0.0000
chipmean,sentinel1,treatment_0021,treatment,treatment_0021,2,3,10,candidate,2,,,0.0,,4.0,0.004209485800975572,1.0000 0.0000
chipmean,sentinel1,treatment_0021,treatment,treatment_0021,2,3,10,candidate,2,,,0.0,,5.0,0.004209485800975572,1.0000 0.0000
chipmean,sentinel1,treatment_0021,treatment,treatment_0021,2,3,10,candidate,2,,,0.0,,6.0,0.004209485800975572,1.0000 0.0000
chipmean,sentinel1,treatment_0022,treatment,treatment_0022,2,3,10,path,1,1.0,0.004240049232015564,inf,True,,,
chipmean,sentinel1,treatment_0022,treatment,treatment_0022,2,3,10,path,2,2.0,0.004240049232015564,0.0,False,,,
chipmean,sentinel1,treatment_0022,treatment,treatment_0022,2,3,10,candidate,1,,,,,1.0,0.004240049232015564,1.0000
chipmean,sentinel1,treatment_0022,treatment,treatment_0022,2,3,10,candidate,1,,,,,2.0,0.00915255444153847,1.0000
chipmean,sentinel1,treatment_0022,treatment,treatment_0022,2,3,10,candidate,1,,,,,3.0,0.015641821787287628,1.0000
chipmean,sentinel1,treatment_0022,treatment,treatment_0022,2,3,10,candidate,1,,,,,4.0,0.023551168349377417,1.0000
chipmean,sentinel1,treatment_0022,treatment,treatment_0022,2,3,10,candidate,1,,,,,5.0,0.03277179998876175,1.0000
chipmean,sentinel1,treatment_0022,treatment,treatment_0022,2,3,10,candidate,1,,,,,6.0,0.04324597217920581,1.0000
chipmean,sentinel1,treatment_0022,treatment,treatment_0022,2,3,10,candidate,2,,,0.0,,2.0,0.004240049232015564,1.0000 0.0000
chipmean,sentinel1,treatment_0022,treatment,treatment_0022,2,3,10,candidate,2,,,0.0,,3.0,0.004240049232015564,1.0000 0.0000
chipmean,sentinel1,treatment_0022,treatment,treatment_0022,2,3,10,candidate,2,,,0.0,,4.0,0.004240049232015564,1.0000 0.0000
chipmean,sentinel1,treatment_0022,treatment,treatment_0022,2,3,10,candidate,2,,,0.0,,5.0,0.004240049232015564,1.0000 0.0000
chipmean,sentinel1,treatment_0022,treatment,treatment_0022,2,3,10,candidate,2,,,0.0,,6.0,0.004240049232015564,1.0000 0.0000
chipmean,sentinel1,treatment_0023,treatment,treatment_0023,2,3,10,path,1,1.0,0.003614835832809993,inf,True,,,
chipmean,sentinel1,treatment_0023,treatment,treatment_0023,2,3,10,path,2,2.0,0.003614835832809993,0.0,False,,,
chipmean,sentinel1,treatment_0023,treatment,treatment_0023,2,3,10,candidate,1,,,,,1.0,0.003614835832809993,1.0000
chipmean,sentinel1,treatment_0023,treatment,treatment_0023,2,3,10,candidate,1,,,,,2.0,0.008111505603283692,1.0000
chipmean,sentinel1,treatment_0023,treatment,treatment_0023,2,3,10,candidate,1,,,,,3.0,0.014381831194736232,1.0000
chipmean,sentinel1,treatment_0023,treatment,treatment_0023,2,3,10,candidate,1,,,,,4.0,0.022411681203845152,1.0000
chipmean,sentinel1,treatment_0023,treatment,treatment_0023,2,3,10,candidate,1,,,,,5.0,0.032187129916169344,1.0000
chipmean,sentinel1,treatment_0023,treatment,treatment_0023,2,3,10,candidate,1,,,,,6.0,0.043694460424628684,1.0000
chipmean,sentinel1,treatment_0023,treatment,treatment_0023,2,3,10,candidate,2,,,0.0,,2.0,0.003614835832809993,1.0000 0.0000
chipmean,sentinel1,treatment_0023,treatment,treatment_0023,2,3,10,candidate,2,,,0.0,,3.0,0.003614835832809993,1.0000 0.0000
chipmean,sentinel1,treatment_0023,treatment,treatment_0023,2,3,10,candidate,2,,,0.0,,4.0,0.003614835832809993,1.0000 0.0000
chipmean,sentinel1,treatment_0023,treatment,treatment_0023,2,3,10,candidate,2,,,0.0,,5.0,0.003614835832809993,1.0000 0.0000
chipmean,sentinel1,treatment_0023,treatment,treatment_0023,2,3,10,candidate,2,,,0.0,,6.0,0.003614835832809993,1.0000 0.0000
chipmean,sentinel1,treatment_0024,treatment,treatment_0024,2,3,10,path,1,1.0,0.004108920517140826,inf,True,,,
chipmean,sentinel1,treatment_0024,treatment,treatment_0024,2,3,10,path,2,2.0,0.004108920517140826,0.0,False,,,
chipmean,sentinel1,treatment_0024,treatment,treatment_0024,2,3,10,candidate,1,,,,,1.0,0.004108920517140826,1.0000
chipmean,sentinel1,treatment_0024,treatment,treatment_0024,2,3,10,candidate,1,,,,,2.0,0.009128893455821865,1.0000
chipmean,sentinel1,treatment_0024,treatment,treatment_0024,2,3,10,candidate,1,,,,,3.0,0.01602989959933085,1.0000
chipmean,sentinel1,treatment_0024,treatment,treatment_0024,2,3,10,candidate,1,,,,,4.0,0.024746968961998548,1.0000
chipmean,sentinel1,treatment_0024,treatment,treatment_0024,2,3,10,candidate,1,,,,,5.0,0.035220944311023884,1.0000
chipmean,sentinel1,treatment_0024,treatment,treatment_0024,2,3,10,candidate,1,,,,,6.0,0.047398687327010566,1.0000
chipmean,sentinel1,treatment_0024,treatment,treatment_0024,2,3,10,candidate,2,,,0.0,,2.0,0.004108920517140826,1.0000 0.0000
chipmean,sentinel1,treatment_0024,treatment,treatment_0024,2,3,10,candidate,2,,,0.0,,3.0,0.004108920517140826,1.0000 0.0000
chipmean,sentinel1,treatment_0024,treatment,treatment_0024,2,3,10,candidate,2,,,0.0,,4.0,0.004108920517140826,1.0000 0.0000
chipmean,sentinel1,treatment_0024,treatment,treatment_0024,2,3,10,candidate,2,,,0.0,,5.0,0.004108920517140826,1.0000 0.0000
chipmean,sentinel1,treatment_0024,treatment,treatment_0024,2,3,10,candidate,2,,,0.0,,6.0,0.004108920517140826,1.0000 0.0000
chipmean,sentinel1,treatment_0025,treatment,treatment_0025,2,3,10,path,1,1.0,0.0036218263726737754,inf,True,,,
chipmean,sentinel1,treatment_0025,treatment,treatment_0025,2,3,10,path,2,2.0,0.0036218263726737754,0.0,False,,,
chipmean,sentinel1,treatment_0025,treatment,treatment_0025,2,3,10,candidate,1,,,,,1.0,0.0036218263726737754,1.0000
chipmean,sentinel1,treatment_0025,treatment,treatment_0025,2,3,10,candidate,1,,,,,2.0,0.008046685069224437,1.0000
chipmean,sentinel1,treatment_0025,treatment,treatment_0025,2,3,10,candidate,1,,,,,3.0,0.01413083301935508,1.0000
chipmean,sentinel1,treatment_0025,treatment,treatment_0025,2,3,10,candidate,1,,,,,4.0,0.0218190934331043,1.0000
chipmean,sentinel1,treatment_0025,treatment,treatment_0025,2,3,10,candidate,1,,,,,5.0,0.031062297621778603,1.0000
chipmean,sentinel1,treatment_0025,treatment,treatment_0025,2,3,10,candidate,1,,,,,6.0,0.041817446613391554,1.0000
chipmean,sentinel1,treatment_0025,treatment,treatment_0025,2,3,10,candidate,2,,,0.0,,2.0,0.0036218263726737754,1.0000 0.0000
chipmean,sentinel1,treatment_0025,treatment,treatment_0025,2,3,10,candidate,2,,,0.0,,3.0,0.0036218263726737754,1.0000 0.0000
chipmean,sentinel1,treatment_0025,treatment,treatment_0025,2,3,10,candidate,2,,,0.0,,4.0,0.0036218263726737754,1.0000 0.0000
chipmean,sentinel1,treatment_0025,treatment,treatment_0025,2,3,10,candidate,2,,,0.0,,5.0,0.0036218263726737754,1.0000 0.0000
chipmean,sentinel1,treatment_0025,treatment,treatment_0025,2,3,10,candidate,2,,,0.0,,6.0,0.0036218263726737754,1.0000 0.0000
chipmean,sentinel1,treatment_0027,treatment,treatment_0027,2,3,10,path,1,1.0,0.003706440599082371,inf,True,,,
chipmean,sentinel1,treatment_0027,treatment,treatment_0027,2,3,10,path,2,2.0,0.003706440599082371,0.0,False,,,
chipmean,sentinel1,treatment_0027,treatment,treatment_0027,2,3,10,candidate,1,,,,,1.0,0.003706440599082371,1.0000
chipmean,sentinel1,treatment_0027,treatment,treatment_0027,2,3,10,candidate,1,,,,,2.0,0.00776127830683388,1.0000
chipmean,sentinel1,treatment_0027,treatment,treatment_0027,2,3,10,candidate,1,,,,,3.0,0.012869011905083081,1.0000
chipmean,sentinel1,treatment_0027,treatment,treatment_0027,2,3,10,candidate,1,,,,,4.0,0.01881135331441954,1.0000
chipmean,sentinel1,treatment_0027,treatment,treatment_0027,2,3,10,candidate,1,,,,,5.0,0.0254482707111506,1.0000
chipmean,sentinel1,treatment_0027,treatment,treatment_0027,2,3,10,candidate,1,,,,,6.0,0.032725555666525595,1.0000
chipmean,sentinel1,treatment_0027,treatment,treatment_0027,2,3,10,candidate,2,,,0.0,,2.0,0.003706440599082371,1.0000 0.0000
chipmean,sentinel1,treatment_0027,treatment,treatment_0027,2,3,10,candidate,2,,,0.0,,3.0,0.003706440599082371,1.0000 0.0000
chipmean,sentinel1,treatment_0027,treatment,treatment_0027,2,3,10,candidate,2,,,0.0,,4.0,0.003706440599082371,1.0000 0.0000
chipmean,sentinel1,treatment_0027,treatment,treatment_0027,2,3,10,candidate,2,,,0.0,,5.0,0.003706440599082371,1.0000 0.0000
chipmean,sentinel1,treatment_0027,treatment,treatment_0027,2,3,10,candidate,2,,,0.0,,6.0,0.003706440599082371,1.0000 0.0000
chipmean,sentinel1,treatment_0015,treatment,treatment_0015,2,4,10,path,1,1.0,0.004095472631975499,inf,True,,,
chipmean,sentinel1,treatment_0015,treatment,treatment_0015,2,4,10,path,2,2.0,0.004095472631975499,0.0,False,,,
chipmean,sentinel1,treatment_0015,treatment,treatment_0015,2,4,10,candidate,1,,,,,1.0,0.004095472631975499,1.0000
chipmean,sentinel1,treatment_0015,treatment,treatment_0015,2,4,10,candidate,1,,,,,2.0,0.009027999473257591,1.0000
chipmean,sentinel1,treatment_0015,treatment,treatment_0015,2,4,10,candidate,1,,,,,3.0,0.015743262861406166,1.0000
chipmean,sentinel1,treatment_0015,treatment,treatment_0015,2,4,10,candidate,1,,,,,4.0,0.024160544216949294,1.0000
chipmean,sentinel1,treatment_0015,treatment,treatment_0015,2,4,10,candidate,1,,,,,5.0,0.0342197335048575,1.0000
chipmean,sentinel1,treatment_0015,treatment,treatment_0015,2,4,10,candidate,2,,,0.0,,2.0,0.004095472631975499,1.0000 0.0000
chipmean,sentinel1,treatment_0015,treatment,treatment_0015,2,4,10,candidate,2,,,0.0,,3.0,0.004095472631975499,1.0000 0.0000
chipmean,sentinel1,treatment_0015,treatment,treatment_0015,2,4,10,candidate,2,,,0.0,,4.0,0.004095472631975499,1.0000 0.0000
chipmean,sentinel1,treatment_0015,treatment,treatment_0015,2,4,10,candidate,2,,,0.0,,5.0,0.004095472631975499,1.0000 0.0000
chipmean,sentinel1,treatment_0016,treatment,treatment_0016,2,4,10,path,1,1.0,0.0053089472846132146,inf,True,,,
chipmean,sentinel1,treatment_0016,treatment,treatment_0016,2,4,10,path,2,2.0,0.0053089472846132146,0.0,False,,,
chipmean,sentinel1,treatment_0016,treatment,treatment_0016,2,4,10,candidate,1,,,,,1.0,0.0053089472846132146,1.0000
chipmean,sentinel1,treatment_0016,treatment,treatment_0016,2,4,10,candidate,1,,,,,2.0,0.011300349750966696,1.0000
chipmean,sentinel1,treatment_0016,treatment,treatment_0016,2,4,10,candidate,1,,,,,3.0,0.01906274311191141,1.0000
chipmean,sentinel1,treatment_0016,treatment,treatment_0016,2,4,10,candidate,1,,,,,4.0,0.028376551146255913,1.0000
chipmean,sentinel1,treatment_0016,treatment,treatment_0016,2,4,10,candidate,1,,,,,5.0,0.03913290559291813,1.0000
chipmean,sentinel1,treatment_0016,treatment,treatment_0016,2,4,10,candidate,2,,,0.0,,2.0,0.0053089472846132146,1.0000 0.0000
chipmean,sentinel1,treatment_0016,treatment,treatment_0016,2,4,10,candidate,2,,,0.0,,3.0,0.0053089472846132146,1.0000 0.0000
chipmean,sentinel1,treatment_0016,treatment,treatment_0016,2,4,10,candidate,2,,,0.0,,4.0,0.0053089472846132146,1.0000 0.0000
chipmean,sentinel1,treatment_0016,treatment,treatment_0016,2,4,10,candidate,2,,,0.0,,5.0,0.0053089472846132146,1.0000 0.0000
chipmean,sentinel1,treatment_0017,treatment,treatment_0017,2,4,10,path,1,1.0,0.004102569715644932,inf,True,,,
chipmean,sentinel1,treatment_0017,treatment,treatment_0017,2,4,10,path,2,2.0,0.004102569715644932,0.0,False,,,
chipmean,sentinel1,treatment_0017,treatment,treatment_0017,2,4,10,candidate,1,,,,,1.0,0.004102569715644932,1.0000
chipmean,sentinel1,treatment_0017,treatment,treatment_0017,2,4,10,candidate,1,,,,,2.0,0.008917961220492718,1.0000
chipmean,sentinel1,treatment_0017,treatment,treatment_0017,2,4,10,candidate,1,,,,,3.0,0.015342413081214664,1.0000
chipmean,sentinel1,treatment_0017,treatment,treatment_0017,2,4,10,candidate,1,,,,,4.0,0.023245281196703136,1.0000
chipmean,sentinel1,treatment_0017,treatment,treatment_0017,2,4,10,candidate,1,,,,,5.0,0.03253558809980294,1.0000
chipmean,sentinel1,treatment_0017,treatment,treatment_0017,2,4,10,candidate,2,,,0.0,,2.0,0.004102569715644932,1.0000 0.0000
chipmean,sentinel1,treatment_0017,treatment,treatment_0017,2,4,10,candidate,2,,,0.0,,3.0,0.004102569715644932,1.0000 0.0000
chipmean,sentinel1,treatment_0017,treatment,treatment_0017,2,4,10,candidate,2,,,0.0,,4.0,0.004102569715644932,1.0000 0.0000
chipmean,sentinel1,treatment_0017,treatment,treatment_0017,2,4,10,candidate,2,,,0.0,,5.0,0.004102569715644932,1.0000 0.0000
chipmean,sentinel1,treatment_0018,treatment,treatment_0018,2,4,10,path,1,1.0,0.0039107622544248466,inf,True,,,
chipmean,sentinel1,treatment_0018,treatment,treatment_0018,2,4,10,path,2,2.0,0.0039107622544248466,0.0,False,,,
chipmean,sentinel1,treatment_0018,treatment,treatment_0018,2,4,10,candidate,1,,,,,1.0,0.0039107622544248466,1.0000
chipmean,sentinel1,treatment_0018,treatment,treatment_0018,2,4,10,candidate,1,,,,,2.0,0.008616228491259263,1.0000
chipmean,sentinel1,treatment_0018,treatment,treatment_0018,2,4,10,candidate,1,,,,,3.0,0.015008349599500691,1.0000
chipmean,sentinel1,treatment_0018,treatment,treatment_0018,2,4,10,candidate,1,,,,,4.0,0.0229927339663022,1.0000
chipmean,sentinel1,treatment_0018,treatment,treatment_0018,2,4,10,candidate,1,,,,,5.0,0.0324884196347658,1.0000
chipmean,sentinel1,treatment_0018,treatment,treatment_0018,2,4,10,candidate,2,,,0.0,,2.0,0.0039107622544248466,1.0000 0.0000
chipmean,sentinel1,treatment_0018,treatment,treatment_0018,2,4,10,candidate,2,,,0.0,,3.0,0.0039107622544248466,1.0000 0.0000
chipmean,sentinel1,treatment_0018,treatment,treatment_0018,2,4,10,candidate,2,,,0.0,,4.0,0.0039107622544248466,1.0000 0.0000
chipmean,sentinel1,treatment_0018,treatment,treatment_0018,2,4,10,candidate,2,,,0.0,,5.0,0.0039107622544248466,1.0000 0.0000
chipmean,sentinel1,treatment_0019,treatment,treatment_0019,2,4,10,path,1,1.0,0.003773164371393339,inf,True,,,
chipmean,sentinel1,treatment_0019,treatment,treatment_0019,2,4,10,path,2,2.0,0.003773164371393339,0.0,False,,,
chipmean,sentinel1,treatment_0019,treatment,treatment_0019,2,4,10,candidate,1,,,,,1.0,0.003773164371393339,1.0000
chipmean,sentinel1,treatment_0019,treatment,treatment_0019,2,4,10,candidate,1,,,,,2.0,0.00827825483328214,1.0000
chipmean,sentinel1,treatment_0019,treatment,treatment_0019,2,4,10,candidate,1,,,,,3.0,0.014361006807925021,1.0000
chipmean,sentinel1,treatment_0019,treatment,treatment_0019,2,4,10,candidate,1,,,,,4.0,0.02191457840502323,1.0000
chipmean,sentinel1,treatment_0019,treatment,treatment_0019,2,4,10,candidate,1,,,,,5.0,0.030848215639168876,1.0000
chipmean,sentinel1,treatment_0019,treatment,treatment_0019,2,4,10,candidate,2,,,0.0,,2.0,0.003773164371393339,1.0000 0.0000
chipmean,sentinel1,treatment_0019,treatment,treatment_0019,2,4,10,candidate,2,,,0.0,,3.0,0.003773164371393339,1.0000 0.0000
chipmean,sentinel1,treatment_0019,treatment,treatment_0019,2,4,10,candidate,2,,,0.0,,4.0,0.003773164371393339,1.0000 0.0000
chipmean,sentinel1,treatment_0019,treatment,treatment_0019,2,4,10,candidate,2,,,0.0,,5.0,0.003773164371393339,1.0000 0.0000
chipmean,sentinel1,treatment_0020,treatment,treatment_0020,2,4,10,path,1,1.0,0.004396126012813461,inf,True,,,
chipmean,sentinel1,treatment_0020,treatment,treatment_0020,2,4,10,path,2,2.0,0.004396126012813461,0.0,False,,,
chipmean,sentinel1,treatment_0020,treatment,treatment_0020,2,4,10,candidate,1,,,,,1.0,0.004396126012813461,1.0000
chipmean,sentinel1,treatment_0020,treatment,treatment_0020,2,4,10,candidate,1,,,,,2.0,0.009548678011009388,1.0000
chipmean,sentinel1,treatment_0020,treatment,treatment_0020,2,4,10,candidate,1,,,,,3.0,0.01641101016475858,1.0000
chipmean,sentinel1,treatment_0020,treatment,treatment_0020,2,4,10,candidate,1,,,,,4.0,0.024832415056388345,1.0000
chipmean,sentinel1,treatment_0020,treatment,treatment_0020,2,4,10,candidate,1,,,,,5.0,0.03470137227090059,1.0000
chipmean,sentinel1,treatment_0020,treatment,treatment_0020,2,4,10,candidate,2,,,0.0,,2.0,0.004396126012813461,1.0000 0.0000
chipmean,sentinel1,treatment_0020,treatment,treatment_0020,2,4,10,candidate,2,,,0.0,,3.0,0.004396126012813461,1.0000 0.0000
chipmean,sentinel1,treatment_0020,treatment,treatment_0020,2,4,10,candidate,2,,,0.0,,4.0,0.004396126012813461,1.0000 0.0000
chipmean,sentinel1,treatment_0020,treatment,treatment_0020,2,4,10,candidate,2,,,0.0,,5.0,0.004396126012813461,1.0000 0.0000
chipmean,sentinel1,treatment_0021,treatment,treatment_0021,2,4,10,path,1,1.0,0.004077747603313224,inf,True,,,
chipmean,sentinel1,treatment_0021,treatment,treatment_0021,2,4,10,path,2,2.0,0.004077747603313224,0.0,False,,,
chipmean,sentinel1,treatment_0021,treatment,treatment_0021,2,4,10,candidate,1,,,,,1.0,0.004077747603313224,1.0000
chipmean,sentinel1,treatment_0021,treatment,treatment_0021,2,4,10,candidate,1,,,,,2.0,0.00886830728254653,1.0000
chipmean,sentinel1,treatment_0021,treatment,treatment_0021,2,4,10,candidate,1,,,,,3.0,0.015277799760282486,1.0000
chipmean,sentinel1,treatment_0021,treatment,treatment_0021,2,4,10,candidate,1,,,,,4.0,0.023200204113547618,1.0000
chipmean,sentinel1,treatment_0021,treatment,treatment_0021,2,4,10,candidate,1,,,,,5.0,0.03257752232712221,1.0000
chipmean,sentinel1,treatment_0021,treatment,treatment_0021,2,4,10,candidate,2,,,0.0,,2.0,0.004077747603313224,1.0000 0.0000
chipmean,sentinel1,treatment_0021,treatment,treatment_0021,2,4,10,candidate,2,,,0.0,,3.0,0.004077747603313224,1.0000 0.0000
chipmean,sentinel1,treatment_0021,treatment,treatment_0021,2,4,10,candidate,2,,,0.0,,4.0,0.004077747603313224,1.0000 0.0000
chipmean,sentinel1,treatment_0021,treatment,treatment_0021,2,4,10,candidate,2,,,0.0,,5.0,0.004077747603313224,1.0000 0.0000
chipmean,sentinel1,treatment_0022,treatment,treatment_0022,2,4,10,path,1,1.0,0.004087017081999174,inf,True,,,
chipmean,sentinel1,treatment_0022,treatment,treatment_0022,2,4,10,path,2,2.0,0.004087017081999174,0.0,False,,,
chipmean,sentinel1,treatment_0022,treatment,treatment_0022,2,4,10,candidate,1,,,,,1.0,0.004087017081999174,1.0000
chipmean,sentinel1,treatment_0022,treatment,treatment_0022,2,4,10,candidate,1,,,,,2.0,0.008842752026621601,1.0000
chipmean,sentinel1,treatment_0022,treatment,treatment_0022,2,4,10,candidate,1,,,,,3.0,0.015153052881619526,1.0000
chipmean,sentinel1,treatment_0022,treatment,treatment_0022,2,4,10,candidate,1,,,,,4.0,0.02288594972653666,1.0000
chipmean,sentinel1,treatment_0022,treatment,treatment_0022,2,4,10,candidate,1,,,,,5.0,0.03195898657033985,1.0000
chipmean,sentinel1,treatment_0022,treatment,treatment_0022,2,4,10,candidate,2,,,0.0,,2.0,0.004087017081999174,1.0000 0.0000
chipmean,sentinel1,treatment_0022,treatment,treatment_0022,2,4,10,candidate,2,,,0.0,,3.0,0.004087017081999174,1.0000 0.0000
chipmean,sentinel1,treatment_0022,treatment,treatment_0022,2,4,10,candidate,2,,,0.0,,4.0,0.004087017081999174,1.0000 0.0000
chipmean,sentinel1,treatment_0022,treatment,treatment_0022,2,4,10,candidate,2,,,0.0,,5.0,0.004087017081999174,1.0000 0.0000
chipmean,sentinel1,treatment_0023,treatment,treatment_0023,2,4,10,path,1,1.0,0.003605252508896465,inf,True,,,
chipmean,sentinel1,treatment_0023,treatment,treatment_0023,2,4,10,path,2,2.0,0.003605252508896465,0.0,False,,,
chipmean,sentinel1,treatment_0023,treatment,treatment_0023,2,4,10,candidate,1,,,,,1.0,0.003605252508896465,1.0000
chipmean,sentinel1,treatment_0023,treatment,treatment_0023,2,4,10,candidate,1,,,,,2.0,0.008090130963230314,1.0000
chipmean,sentinel1,treatment_0023,treatment,treatment_0023,2,4,10,candidate,1,,,,,3.0,0.01434416752692668,1.0000
chipmean,sentinel1,treatment_0023,treatment,treatment_0023,2,4,10,candidate,1,,,,,4.0,0.02235335906814655,1.0000
chipmean,sentinel1,treatment_0023,treatment,treatment_0023,2,4,10,candidate,1,,,,,5.0,0.03210390960445096,1.0000
chipmean,sentinel1,treatment_0023,treatment,treatment_0023,2,4,10,candidate,2,,,0.0,,2.0,0.003605252508896465,1.0000 0.0000
chipmean,sentinel1,treatment_0023,treatment,treatment_0023,2,4,10,candidate,2,,,0.0,,3.0,0.003605252508896465,1.0000 0.0000
chipmean,sentinel1,treatment_0023,treatment,treatment_0023,2,4,10,candidate,2,,,0.0,,4.0,0.003605252508896465,1.0000 0.0000
chipmean,sentinel1,treatment_0023,treatment,treatment_0023,2,4,10,candidate,2,,,0.0,,5.0,0.003605252508896465,1.0000 0.0000
chipmean,sentinel1,treatment_0024,treatment,treatment_0024,2,4,10,path,1,1.0,0.00406011834148977,inf,True,,,
chipmean,sentinel1,treatment_0024,treatment,treatment_0024,2,4,10,path,2,2.0,0.00406011834148977,0.0,False,,,
chipmean,sentinel1,treatment_0024,treatment,treatment_0024,2,4,10,candidate,1,,,,,1.0,0.00406011834148977,1.0000
chipmean,sentinel1,treatment_0024,treatment,treatment_0024,2,4,10,candidate,1,,,,,2.0,0.009023650348948904,1.0000
chipmean,sentinel1,treatment_0024,treatment,treatment_0024,2,4,10,candidate,1,,,,,3.0,0.015850999203154012,1.0000
chipmean,sentinel1,treatment_0024,treatment,treatment_0024,2,4,10,candidate,1,,,,,4.0,0.02448040517830844,1.0000
chipmean,sentinel1,treatment_0024,treatment,treatment_0024,2,4,10,candidate,1,,,,,5.0,0.03485602234013588,1.0000
chipmean,sentinel1,treatment_0024,treatment,treatment_0024,2,4,10,candidate,2,,,0.0,,2.0,0.00406011834148977,1.0000 0.0000
chipmean,sentinel1,treatment_0024,treatment,treatment_0024,2,4,10,candidate,2,,,0.0,,3.0,0.00406011834148977,1.0000 0.0000
chipmean,sentinel1,treatment_0024,treatment,treatment_0024,2,4,10,candidate,2,,,0.0,,4.0,0.00406011834148977,1.0000 0.0000
chipmean,sentinel1,treatment_0024,treatment,treatment_0024,2,4,10,candidate,2,,,0.0,,5.0,0.00406011834148977,1.0000 0.0000
chipmean,sentinel1,treatment_0025,treatment,treatment_0025,2,4,10,path,1,1.0,0.0035790460177832625,inf,True,,,
chipmean,sentinel1,treatment_0025,treatment,treatment_0025,2,4,10,path,2,2.0,0.0035790460177832625,0.0,False,,,
chipmean,sentinel1,treatment_0025,treatment,treatment_0025,2,4,10,candidate,1,,,,,1.0,0.0035790460177832625,1.0000
chipmean,sentinel1,treatment_0025,treatment,treatment_0025,2,4,10,candidate,1,,,,,2.0,0.0079550814255732,1.0000
chipmean,sentinel1,treatment_0025,treatment,treatment_0025,2,4,10,candidate,1,,,,,3.0,0.013976311845753677,1.0000
chipmean,sentinel1,treatment_0025,treatment,treatment_0025,2,4,10,candidate,1,,,,,4.0,0.021590783601763638,1.0000
chipmean,sentinel1,treatment_0025,treatment,treatment_0025,2,4,10,candidate,1,,,,,5.0,0.030752633991452876,1.0000
chipmean,sentinel1,treatment_0025,treatment,treatment_0025,2,4,10,candidate,2,,,0.0,,2.0,0.0035790460177832625,1.0000 0.0000
chipmean,sentinel1,treatment_0025,treatment,treatment_0025,2,4,10,candidate,2,,,0.0,,3.0,0.0035790460177832625,1.0000 0.0000
chipmean,sentinel1,treatment_0025,treatment,treatment_0025,2,4,10,candidate,2,,,0.0,,4.0,0.0035790460177832625,1.0000 0.0000
chipmean,sentinel1,treatment_0025,treatment,treatment_0025,2,4,10,candidate,2,,,0.0,,5.0,0.0035790460177832625,1.0000 0.0000
chipmean,sentinel1,treatment_0027,treatment,treatment_0027,2,4,10,path,1,1.0,0.003484560515220048,inf,True,,,
chipmean,sentinel1,treatment_0027,treatment,treatment_0027,2,4,10,path,2,2.0,0.003484560515220048,0.0,False,,,
chipmean,sentinel1,treatment_0027,treatment,treatment_0027,2,4,10,candidate,1,,,,,1.0,0.003484560515220048,1.0000
chipmean,sentinel1,treatment_0027,treatment,treatment_0027,2,4,10,candidate,1,,,,,2.0,0.007320430126991108,1.0000
chipmean,sentinel1,treatment_0027,treatment,treatment_0027,2,4,10,candidate,1,,,,,3.0,0.012189309196163373,1.0000
chipmean,sentinel1,treatment_0027,treatment,treatment_0027,2,4,10,candidate,1,,,,,4.0,0.017914380777188193,1.0000
chipmean,sentinel1,treatment_0027,treatment,treatment_0027,2,4,10,candidate,1,,,,,5.0,0.024401157720206255,1.0000
chipmean,sentinel1,treatment_0027,treatment,treatment_0027,2,4,10,candidate,2,,,0.0,,2.0,0.003484560515220048,1.0000 0.0000
chipmean,sentinel1,treatment_0027,treatment,treatment_0027,2,4,10,candidate,2,,,0.0,,3.0,0.003484560515220048,1.0000 0.0000
chipmean,sentinel1,treatment_0027,treatment,treatment_0027,2,4,10,candidate,2,,,0.0,,4.0,0.003484560515220048,1.0000 0.0000
chipmean,sentinel1,treatment_0027,treatment,treatment_0027,2,4,10,candidate,2,,,0.0,,5.0,0.003484560515220048,1.0000 0.0000
chipmean,sentinel1,treatment_0015,treatment,treatment_0015,2,5,10,path,1,1.0,0.00402308770623711,inf,True,,,
chipmean,sentinel1,treatment_0015,treatment,treatment_0015,2,5,10,path,2,2.0,0.00402308770623711,0.0,False,,,
chipmean,sentinel1,treatment_0015,treatment,treatment_0015,2,5,10,candidate,1,,,,,1.0,0.00402308770623711,1.0000
chipmean,sentinel1,treatment_0015,treatment,treatment_0015,2,5,10,candidate,1,,,,,2.0,0.008880278858946081,1.0000
chipmean,sentinel1,treatment_0015,treatment,treatment_0015,2,5,10,candidate,1,,,,,3.0,0.015507973728260753,1.0000
chipmean,sentinel1,treatment_0015,treatment,treatment_0015,2,5,10,candidate,1,,,,,4.0,0.023836387944093037,1.0000
chipmean,sentinel1,treatment_0015,treatment,treatment_0015,2,5,10,candidate,2,,,0.0,,2.0,0.00402308770623711,1.0000 0.0000
chipmean,sentinel1,treatment_0015,treatment,treatment_0015,2,5,10,candidate,2,,,0.0,,3.0,0.00402308770623711,1.0000 0.0000
chipmean,sentinel1,treatment_0015,treatment,treatment_0015,2,5,10,candidate,2,,,0.0,,4.0,0.00402308770623711,1.0000 0.0000
chipmean,sentinel1,treatment_0016,treatment,treatment_0016,2,5,10,path,1,1.0,0.005084516867766111,inf,True,,,
chipmean,sentinel1,treatment_0016,treatment,treatment_0016,2,5,10,path,2,2.0,0.005084516867766111,0.0,False,,,
chipmean,sentinel1,treatment_0016,treatment,treatment_0016,2,5,10,candidate,1,,,,,1.0,0.005084516867766111,1.0000
chipmean,sentinel1,treatment_0016,treatment,treatment_0016,2,5,10,candidate,1,,,,,2.0,0.010872955103389283,1.0000
chipmean,sentinel1,treatment_0016,treatment,treatment_0016,2,5,10,candidate,1,,,,,3.0,0.018446023606585378,1.0000
chipmean,sentinel1,treatment_0016,treatment,treatment_0016,2,5,10,candidate,1,,,,,4.0,0.0276476946188294,1.0000
chipmean,sentinel1,treatment_0016,treatment,treatment_0016,2,5,10,candidate,2,,,0.0,,2.0,0.005084516867766111,1.0000 0.0000
chipmean,sentinel1,treatment_0016,treatment,treatment_0016,2,5,10,candidate,2,,,0.0,,3.0,0.005084516867766111,1.0000 0.0000
chipmean,sentinel1,treatment_0016,treatment,treatment_0016,2,5,10,candidate,2,,,0.0,,4.0,0.005084516867766111,1.0000 0.0000
chipmean,sentinel1,treatment_0017,treatment,treatment_0017,2,5,10,path,1,1.0,0.003984681717826349,inf,True,,,
chipmean,sentinel1,treatment_0017,treatment,treatment_0017,2,5,10,path,2,2.0,0.003984681717826349,0.0,False,,,
chipmean,sentinel1,treatment_0017,treatment,treatment_0017,2,5,10,candidate,1,,,,,1.0,0.003984681717826349,1.0000
chipmean,sentinel1,treatment_0017,treatment,treatment_0017,2,5,10,candidate,1,,,,,2.0,0.008680894787173465,1.0000
chipmean,sentinel1,treatment_0017,treatment,treatment_0017,2,5,10,candidate,1,,,,,3.0,0.014972794157739343,1.0000
chipmean,sentinel1,treatment_0017,treatment,treatment_0017,2,5,10,candidate,1,,,,,4.0,0.022752018272599008,1.0000
chipmean,sentinel1,treatment_0017,treatment,treatment_0017,2,5,10,candidate,2,,,0.0,,2.0,0.003984681717826349,1.0000 0.0000
chipmean,sentinel1,treatment_0017,treatment,treatment_0017,2,5,10,candidate,2,,,0.0,,3.0,0.003984681717826349,1.0000 0.0000
chipmean,sentinel1,treatment_0017,treatment,treatment_0017,2,5,10,candidate,2,,,0.0,,4.0,0.003984681717826349,1.0000 0.0000
chipmean,sentinel1,treatment_0018,treatment,treatment_0018,2,5,10,path,1,1.0,0.0038372755191115123,inf,True,,,
chipmean,sentinel1,treatment_0018,treatment,treatment_0018,2,5,10,path,2,2.0,0.0038372755191115123,0.0,False,,,
chipmean,sentinel1,treatment_0018,treatment,treatment_0018,2,5,10,candidate,1,,,,,1.0,0.0038372755191115123,1.0000
chipmean,sentinel1,treatment_0018,treatment,treatment_0018,2,5,10,candidate,1,,,,,2.0,0.008461079669511595,1.0000
chipmean,sentinel1,treatment_0018,treatment,treatment_0018,2,5,10,candidate,1,,,,,3.0,0.014751069105667317,1.0000
chipmean,sentinel1,treatment_0018,treatment,treatment_0018,2,5,10,candidate,1,,,,,4.0,0.022620449638680904,1.0000
chipmean,sentinel1,treatment_0018,treatment,treatment_0018,2,5,10,candidate,2,,,0.0,,2.0,0.0038372755191115123,1.0000 0.0000
chipmean,sentinel1,treatment_0018,treatment,treatment_0018,2,5,10,candidate,2,,,0.0,,3.0,0.0038372755191115123,1.0000 0.0000
chipmean,sentinel1,treatment_0018,treatment,treatment_0018,2,5,10,candidate,2,,,0.0,,4.0,0.0038372755191115123,1.0000 0.0000
chipmean,sentinel1,treatment_0019,treatment,treatment_0019,2,5,10,path,1,1.0,0.003688120995307439,inf,True,,,
chipmean,sentinel1,treatment_0019,treatment,treatment_0019,2,5,10,path,2,2.0,0.003688120995307439,0.0,False,,,
chipmean,sentinel1,treatment_0019,treatment,treatment_0019,2,5,10,candidate,1,,,,,1.0,0.003688120995307439,1.0000
chipmean,sentinel1,treatment_0019,treatment,treatment_0019,2,5,10,candidate,1,,,,,2.0,0.008099020138765995,1.0000
chipmean,sentinel1,treatment_0019,treatment,treatment_0019,2,5,10,candidate,1,,,,,3.0,0.014064227532229454,1.0000
chipmean,sentinel1,treatment_0019,treatment,treatment_0019,2,5,10,candidate,1,,,,,4.0,0.021485651631378083,1.0000
chipmean,sentinel1,treatment_0019,treatment,treatment_0019,2,5,10,candidate,2,,,0.0,,2.0,0.003688120995307439,1.0000 0.0000
chipmean,sentinel1,treatment_0019,treatment,treatment_0019,2,5,10,candidate,2,,,0.0,,3.0,0.003688120995307439,1.0000 0.0000
chipmean,sentinel1,treatment_0019,treatment,treatment_0019,2,5,10,candidate,2,,,0.0,,4.0,0.003688120995307439,1.0000 0.0000
chipmean,sentinel1,treatment_0020,treatment,treatment_0020,2,5,10,path,1,1.0,0.00426578777011844,inf,True,,,
chipmean,sentinel1,treatment_0020,treatment,treatment_0020,2,5,10,path,2,2.0,0.00426578777011844,0.0,False,,,
chipmean,sentinel1,treatment_0020,treatment,treatment_0020,2,5,10,candidate,1,,,,,1.0,0.00426578777011844,1.0000
chipmean,sentinel1,treatment_0020,treatment,treatment_0020,2,5,10,candidate,1,,,,,2.0,0.009283839659892875,1.0000
chipmean,sentinel1,treatment_0020,treatment,treatment_0020,2,5,10,candidate,1,,,,,3.0,0.015992238769151366,1.0000
chipmean,sentinel1,treatment_0020,treatment,treatment_0020,2,5,10,candidate,1,,,,,4.0,0.024262635723440555,1.0000
chipmean,sentinel1,treatment_0020,treatment,treatment_0020,2,5,10,candidate,2,,,0.0,,2.0,0.00426578777011844,1.0000 0.0000
chipmean,sentinel1,treatment_0020,treatment,treatment_0020,2,5,10,candidate,2,,,0.0,,3.0,0.00426578777011844,1.0000 0.0000
chipmean,sentinel1,treatment_0020,treatment,treatment_0020,2,5,10,candidate,2,,,0.0,,4.0,0.00426578777011844,1.0000 0.0000
chipmean,sentinel1,treatment_0021,treatment,treatment_0021,2,5,10,path,1,1.0,0.0039658068849719105,inf,True,,,
chipmean,sentinel1,treatment_0021,treatment,treatment_0021,2,5,10,path,2,2.0,0.0039658068849719105,0.0,False,,,
chipmean,sentinel1,treatment_0021,treatment,treatment_0021,2,5,10,candidate,1,,,,,1.0,0.0039658068849719105,1.0000
chipmean,sentinel1,treatment_0021,treatment,treatment_0021,2,5,10,candidate,1,,,,,2.0,0.008650516374867781,1.0000
chipmean,sentinel1,treatment_0021,treatment,treatment_0021,2,5,10,candidate,1,,,,,3.0,0.014952584908772538,1.0000
chipmean,sentinel1,treatment_0021,treatment,treatment_0021,2,5,10,candidate,1,,,,,4.0,0.022791820659918395,1.0000
chipmean,sentinel1,treatment_0021,treatment,treatment_0021,2,5,10,candidate,2,,,0.0,,2.0,0.0039658068849719105,1.0000 0.0000
chipmean,sentinel1,treatment_0021,treatment,treatment_0021,2,5,10,candidate,2,,,0.0,,3.0,0.0039658068849719105,1.0000 0.0000
chipmean,sentinel1,treatment_0021,treatment,treatment_0021,2,5,10,candidate,2,,,0.0,,4.0,0.0039658068849719105,1.0000 0.0000
chipmean,sentinel1,treatment_0022,treatment,treatment_0022,2,5,10,path,1,1.0,0.003954383741309393,inf,True,,,
chipmean,sentinel1,treatment_0022,treatment,treatment_0022,2,5,10,path,2,2.0,0.003954383741309393,0.0,False,,,
chipmean,sentinel1,treatment_0022,treatment,treatment_0022,2,5,10,candidate,1,,,,,1.0,0.003954383741309393,1.0000
chipmean,sentinel1,treatment_0022,treatment,treatment_0022,2,5,10,candidate,1,,,,,2.0,0.008579318153102795,1.0000
chipmean,sentinel1,treatment_0022,treatment,treatment_0022,2,5,10,candidate,1,,,,,3.0,0.014748021031894749,1.0000
chipmean,sentinel1,treatment_0022,treatment,treatment_0022,2,5,10,candidate,1,,,,,4.0,0.02235434386893104,1.0000
chipmean,sentinel1,treatment_0022,treatment,treatment_0022,2,5,10,candidate,2,,,0.0,,2.0,0.003954383741309393,1.0000 0.0000
chipmean,sentinel1,treatment_0022,treatment,treatment_0022,2,5,10,candidate,2,,,0.0,,3.0,0.003954383741309393,1.0000 0.0000
chipmean,sentinel1,treatment_0022,treatment,treatment_0022,2,5,10,candidate,2,,,0.0,,4.0,0.003954383741309393,1.0000 0.0000
chipmean,sentinel1,treatment_0023,treatment,treatment_0023,2,5,10,path,1,1.0,0.0035957806733185388,inf,True,,,
chipmean,sentinel1,treatment_0023,treatment,treatment_0023,2,5,10,path,2,2.0,0.0035957806733185388,0.0,False,,,
chipmean,sentinel1,treatment_0023,treatment,treatment_0023,2,5,10,candidate,1,,,,,1.0,0.0035957806733185388,1.0000
chipmean,sentinel1,treatment_0023,treatment,treatment_0023,2,5,10,candidate,1,,,,,2.0,0.008069008298821168,1.0000
chipmean,sentinel1,treatment_0023,treatment,treatment_0023,2,5,10,candidate,1,,,,,3.0,0.014306953877176126,1.0000
chipmean,sentinel1,treatment_0023,treatment,treatment_0023,2,5,10,candidate,1,,,,,4.0,0.022295743397206025,1.0000
chipmean,sentinel1,treatment_0023,treatment,treatment_0023,2,5,10,candidate,2,,,0.0,,2.0,0.0035957806733185388,1.0000 0.0000
chipmean,sentinel1,treatment_0023,treatment,treatment_0023,2,5,10,candidate,2,,,0.0,,3.0,0.0035957806733185388,1.0000 0.0000
chipmean,sentinel1,treatment_0023,treatment,treatment_0023,2,5,10,candidate,2,,,0.0,,4.0,0.0035957806733185388,1.0000 0.0000
chipmean,sentinel1,treatment_0024,treatment,treatment_0024,2,5,10,path,1,1.0,0.0040140259119138925,inf,True,,,
chipmean,sentinel1,treatment_0024,treatment,treatment_0024,2,5,10,path,2,2.0,0.0040140259119138925,0.0,False,,,
chipmean,sentinel1,treatment_0024,treatment,treatment_0024,2,5,10,candidate,1,,,,,1.0,0.0040140259119138925,1.0000
chipmean,sentinel1,treatment_0024,treatment,treatment_0024,2,5,10,candidate,1,,,,,2.0,0.008924563210507391,1.0000
chipmean,sentinel1,treatment_0024,treatment,treatment_0024,2,5,10,candidate,1,,,,,3.0,0.015683161757358018,1.0000
chipmean,sentinel1,treatment_0024,treatment,treatment_0024,2,5,10,candidate,1,,,,,4.0,0.02423133526165159,1.0000
chipmean,sentinel1,treatment_0024,treatment,treatment_0024,2,5,10,candidate,2,,,0.0,,2.0,0.0040140259119138925,1.0000 0.0000
chipmean,sentinel1,treatment_0024,treatment,treatment_0024,2,5,10,candidate,2,,,0.0,,3.0,0.0040140259119138925,1.0000 0.0000
chipmean,sentinel1,treatment_0024,treatment,treatment_0024,2,5,10,candidate,2,,,0.0,,4.0,0.0040140259119138925,1.0000 0.0000
chipmean,sentinel1,treatment_0025,treatment,treatment_0025,2,5,10,path,1,1.0,0.0035390271199311116,inf,True,,,
chipmean,sentinel1,treatment_0025,treatment,treatment_0025,2,5,10,path,2,2.0,0.0035390271199311116,0.0,False,,,
chipmean,sentinel1,treatment_0025,treatment,treatment_0025,2,5,10,candidate,1,,,,,1.0,0.0035390271199311116,1.0000
chipmean,sentinel1,treatment_0025,treatment,treatment_0025,2,5,10,candidate,1,,,,,2.0,0.007869732551922734,1.0000
chipmean,sentinel1,treatment_0025,treatment,treatment_0025,2,5,10,candidate,1,,,,,3.0,0.013832999402155786,1.0000
chipmean,sentinel1,treatment_0025,treatment,treatment_0025,2,5,10,candidate,1,,,,,4.0,0.0213801508721024,1.0000
chipmean,sentinel1,treatment_0025,treatment,treatment_0025,2,5,10,candidate,2,,,0.0,,2.0,0.0035390271199311116,1.0000 0.0000
chipmean,sentinel1,treatment_0025,treatment,treatment_0025,2,5,10,candidate,2,,,0.0,,3.0,0.0035390271199311116,1.0000 0.0000
chipmean,sentinel1,treatment_0025,treatment,treatment_0025,2,5,10,candidate,2,,,0.0,,4.0,0.0035390271199311116,1.0000 0.0000
chipmean,sentinel1,treatment_0027,treatment,treatment_0027,2,5,10,path,1,1.0,0.0032969400590412536,inf,True,,,
chipmean,sentinel1,treatment_0027,treatment,treatment_0027,2,5,10,path,2,2.0,0.0032969400590412536,0.0,False,,,
chipmean,sentinel1,treatment_0027,treatment,treatment_0027,2,5,10,candidate,1,,,,,1.0,0.0032969400590412536,1.0000
chipmean,sentinel1,treatment_0027,treatment,treatment_0027,2,5,10,candidate,1,,,,,2.0,0.006957124579259749,1.0000
chipmean,sentinel1,treatment_0027,treatment,treatment_0027,2,5,10,candidate,1,,,,,3.0,0.011649835172213099,1.0000
chipmean,sentinel1,treatment_0027,treatment,treatment_0027,2,5,10,candidate,1,,,,,4.0,0.017242719168955655,1.0000
chipmean,sentinel1,treatment_0027,treatment,treatment_0027,2,5,10,candidate,2,,,0.0,,2.0,0.0032969400590412536,1.0000 0.0000
chipmean,sentinel1,treatment_0027,treatment,treatment_0027,2,5,10,candidate,2,,,0.0,,3.0,0.0032969400590412536,1.0000 0.0000
chipmean,sentinel1,treatment_0027,treatment,treatment_0027,2,5,10,candidate,2,,,0.0,,4.0,0.0032969400590412536,1.0000 0.0000
chipmean,sentinel1,treatment_0015,treatment,treatment_0015,2,6,10,path,1,1.0,0.0039597348190085575,inf,True,,,
chipmean,sentinel1,treatment_0015,treatment,treatment_0015,2,6,10,path,2,2.0,0.0039597348190085575,0.0,False,,,
chipmean,sentinel1,treatment_0015,treatment,treatment_0015,2,6,10,candidate,1,,,,,1.0,0.0039597348190085575,1.0000
chipmean,sentinel1,treatment_0015,treatment,treatment_0015,2,6,10,candidate,1,,,,,2.0,0.008753181346372022,1.0000
chipmean,sentinel1,treatment_0015,treatment,treatment_0015,2,6,10,candidate,1,,,,,3.0,0.015309997583669178,1.0000
chipmean,sentinel1,treatment_0015,treatment,treatment_0015,2,6,10,candidate,2,,,0.0,,2.0,0.0039597348190085575,1.0000 0.0000
chipmean,sentinel1,treatment_0015,treatment,treatment_0015,2,6,10,candidate,2,,,0.0,,3.0,0.0039597348190085575,1.0000 0.0000
chipmean,sentinel1,treatment_0016,treatment,treatment_0016,2,6,10,path,1,1.0,0.004906265475451185,inf,True,,,
chipmean,sentinel1,treatment_0016,treatment,treatment_0016,2,6,10,path,2,2.0,0.004906265475451185,0.0,False,,,
chipmean,sentinel1,treatment_0016,treatment,treatment_0016,2,6,10,candidate,1,,,,,1.0,0.004906265475451185,1.0000
chipmean,sentinel1,treatment_0016,treatment,treatment_0016,2,6,10,candidate,1,,,,,2.0,0.010553478411997955,1.0000
chipmean,sentinel1,treatment_0016,treatment,treatment_0016,2,6,10,candidate,1,,,,,3.0,0.01803054018547236,1.0000
chipmean,sentinel1,treatment_0016,treatment,treatment_0016,2,6,10,candidate,2,,,0.0,,2.0,0.004906265475451185,1.0000 0.0000
chipmean,sentinel1,treatment_0016,treatment,treatment_0016,2,6,10,candidate,2,,,0.0,,3.0,0.004906265475451185,1.0000 0.0000
chipmean,sentinel1,treatment_0017,treatment,treatment_0017,2,6,10,path,1,1.0,0.0038837037926926572,inf,True,,,
chipmean,sentinel1,treatment_0017,treatment,treatment_0017,2,6,10,path,2,2.0,0.0038837037926926572,0.0,False,,,
chipmean,sentinel1,treatment_0017,treatment,treatment_0017,2,6,10,candidate,1,,,,,1.0,0.0038837037926926572,1.0000
chipmean,sentinel1,treatment_0017,treatment,treatment_0017,2,6,10,candidate,1,,,,,2.0,0.008483122912564063,1.0000
chipmean,sentinel1,treatment_0017,treatment,treatment_0017,2,6,10,candidate,1,,,,,3.0,0.014675657275612609,1.0000
chipmean,sentinel1,treatment_0017,treatment,treatment_0017,2,6,10,candidate,2,,,0.0,,2.0,0.0038837037926926572,1.0000 0.0000
chipmean,sentinel1,treatment_0017,treatment,treatment_0017,2,6,10,candidate,2,,,0.0,,3.0,0.0038837037926926572,1.0000 0.0000
chipmean,sentinel1,treatment_0018,treatment,treatment_0018,2,6,10,path,1,1.0,0.0037698880774216176,inf,True,,,
chipmean,sentinel1,treatment_0018,treatment,treatment_0018,2,6,10,path,2,2.0,0.0037698880774216176,0.0,False,,,
chipmean,sentinel1,treatment_0018,treatment,treatment_0018,2,6,10,candidate,1,,,,,1.0,0.0037698880774216176,1.0000
chipmean,sentinel1,treatment_0018,treatment,treatment_0018,2,6,10,candidate,1,,,,,2.0,0.008319945596291674,1.0000
chipmean,sentinel1,treatment_0018,treatment,treatment_0018,2,6,10,candidate,1,,,,,3.0,0.014519295733137193,1.0000
chipmean,sentinel1,treatment_0018,treatment,treatment_0018,2,6,10,candidate,2,,,0.0,,2.0,0.0037698880774216176,1.0000 0.0000
chipmean,sentinel1,treatment_0018,treatment,treatment_0018,2,6,10,candidate,2,,,0.0,,3.0,0.0037698880774216176,1.0000 0.0000
chipmean,sentinel1,treatment_0019,treatment,treatment_0019,2,6,10,path,1,1.0,0.003610295668798525,inf,True,,,
chipmean,sentinel1,treatment_0019,treatment,treatment_0019,2,6,10,path,2,2.0,0.003610295668798525,0.0,False,,,
chipmean,sentinel1,treatment_0019,treatment,treatment_0019,2,6,10,candidate,1,,,,,1.0,0.003610295668798525,1.0000
chipmean,sentinel1,treatment_0019,treatment,treatment_0019,2,6,10,candidate,1,,,,,2.0,0.007936265616096548,1.0000
chipmean,sentinel1,treatment_0019,treatment,treatment_0019,2,6,10,candidate,1,,,,,3.0,0.013797260707258379,1.0000
chipmean,sentinel1,treatment_0019,treatment,treatment_0019,2,6,10,candidate,2,,,0.0,,2.0,0.003610295668798525,1.0000 0.0000
chipmean,sentinel1,treatment_0019,treatment,treatment_0019,2,6,10,candidate,2,,,0.0,,3.0,0.003610295668798525,1.0000 0.0000
chipmean,sentinel1,treatment_0020,treatment,treatment_0020,2,6,10,path,1,1.0,0.00415243245620763,inf,True,,,
chipmean,sentinel1,treatment_0020,treatment,treatment_0020,2,6,10,path,2,2.0,0.00415243245620763,0.0,False,,,
chipmean,sentinel1,treatment_0020,treatment,treatment_0020,2,6,10,candidate,1,,,,,1.0,0.00415243245620763,1.0000
chipmean,sentinel1,treatment_0020,treatment,treatment_0020,2,6,10,candidate,1,,,,,2.0,0.009058384577841042,1.0000
chipmean,sentinel1,treatment_0020,treatment,treatment_0020,2,6,10,candidate,1,,,,,3.0,0.01564616512617334,1.0000
chipmean,sentinel1,treatment_0020,treatment,treatment_0020,2,6,10,candidate,2,,,0.0,,2.0,0.00415243245620763,1.0000 0.0000
chipmean,sentinel1,treatment_0020,treatment,treatment_0020,2,6,10,candidate,2,,,0.0,,3.0,0.00415243245620763,1.0000 0.0000
chipmean,sentinel1,treatment_0021,treatment,treatment_0021,2,6,10,path,1,1.0,0.003874178743447081,inf,True,,,
chipmean,sentinel1,treatment_0021,treatment,treatment_0021,2,6,10,path,2,2.0,0.003874178743447081,0.0,False,,,
chipmean,sentinel1,treatment_0021,treatment,treatment_0021,2,6,10,candidate,1,,,,,1.0,0.003874178743447081,1.0000
chipmean,sentinel1,treatment_0021,treatment,treatment_0021,2,6,10,candidate,1,,,,,2.0,0.008479494911469477,1.0000
chipmean,sentinel1,treatment_0021,treatment,treatment_0021,2,6,10,candidate,1,,,,,3.0,0.014712959119504342,1.0000
chipmean,sentinel1,treatment_0021,treatment,treatment_0021,2,6,10,candidate,2,,,0.0,,2.0,0.003874178743447081,1.0000 0.0000
chipmean,sentinel1,treatment_0021,treatment,treatment_0021,2,6,10,candidate,2,,,0.0,,3.0,0.003874178743447081,1.0000 0.0000
chipmean,sentinel1,treatment_0022,treatment,treatment_0022,2,6,10,path,1,1.0,0.0038425333417621793,inf,True,,,
chipmean,sentinel1,treatment_0022,treatment,treatment_0022,2,6,10,path,2,2.0,0.0038425333417621793,0.0,False,,,
chipmean,sentinel1,treatment_0022,treatment,treatment_0022,2,6,10,candidate,1,,,,,1.0,0.0038425333417621793,1.0000
chipmean,sentinel1,treatment_0022,treatment,treatment_0022,2,6,10,candidate,1,,,,,2.0,0.008363472830396748,1.0000
chipmean,sentinel1,treatment_0022,treatment,treatment_0022,2,6,10,candidate,1,,,,,3.0,0.014429532150627747,1.0000
chipmean,sentinel1,treatment_0022,treatment,treatment_0022,2,6,10,candidate,2,,,0.0,,2.0,0.0038425333417621793,1.0000 0.0000
chipmean,sentinel1,treatment_0022,treatment,treatment_0022,2,6,10,candidate,2,,,0.0,,3.0,0.0038425333417621793,1.0000 0.0000
chipmean,sentinel1,treatment_0023,treatment,treatment_0023,2,6,10,path,1,1.0,0.003586421085809882,inf,True,,,
chipmean,sentinel1,treatment_0023,treatment,treatment_0023,2,6,10,path,2,2.0,0.003586421085809882,0.0,False,,,
chipmean,sentinel1,treatment_0023,treatment,treatment_0023,2,6,10,candidate,1,,,,,1.0,0.003586421085809882,1.0000
chipmean,sentinel1,treatment_0023,treatment,treatment_0023,2,6,10,candidate,1,,,,,2.0,0.008048139363625256,1.0000
chipmean,sentinel1,treatment_0023,treatment,treatment_0023,2,6,10,candidate,1,,,,,3.0,0.014270193441473837,1.0000
chipmean,sentinel1,treatment_0023,treatment,treatment_0023,2,6,10,candidate,2,,,0.0,,2.0,0.003586421085809882,1.0000 0.0000
chipmean,sentinel1,treatment_0023,treatment,treatment_0023,2,6,10,candidate,2,,,0.0,,3.0,0.003586421085809882,1.0000 0.0000
chipmean,sentinel1,treatment_0024,treatment,treatment_0024,2,6,10,path,1,1.0,0.00397068470561359,inf,True,,,
chipmean,sentinel1,treatment_0024,treatment,treatment_0024,2,6,10,path,2,2.0,0.00397068470561359,0.0,False,,,
chipmean,sentinel1,treatment_0024,treatment,treatment_0024,2,6,10,candidate,1,,,,,1.0,0.00397068470561359,1.0000
chipmean,sentinel1,treatment_0024,treatment,treatment_0024,2,6,10,candidate,1,,,,,2.0,0.008831736102270407,1.0000
chipmean,sentinel1,treatment_0024,treatment,treatment_0024,2,6,10,candidate,1,,,,,3.0,0.015526591419689394,1.0000
chipmean,sentinel1,treatment_0024,treatment,treatment_0024,2,6,10,candidate,2,,,0.0,,2.0,0.00397068470561359,1.0000 0.0000
chipmean,sentinel1,treatment_0024,treatment,treatment_0024,2,6,10,candidate,2,,,0.0,,3.0,0.00397068470561359,1.0000 0.0000
chipmean,sentinel1,treatment_0025,treatment,treatment_0025,2,6,10,path,1,1.0,0.0035017994838108055,inf,True,,,
chipmean,sentinel1,treatment_0025,treatment,treatment_0025,2,6,10,path,2,2.0,0.0035017994838108055,0.0,False,,,
chipmean,sentinel1,treatment_0025,treatment,treatment_0025,2,6,10,candidate,1,,,,,1.0,0.0035017994838108055,1.0000
chipmean,sentinel1,treatment_0025,treatment,treatment_0025,2,6,10,candidate,1,,,,,2.0,0.007790717156554738,1.0000
chipmean,sentinel1,treatment_0025,treatment,treatment_0025,2,6,10,candidate,1,,,,,3.0,0.0137010564313725,1.0000
chipmean,sentinel1,treatment_0025,treatment,treatment_0025,2,6,10,candidate,2,,,0.0,,2.0,0.0035017994838108055,1.0000 0.0000
chipmean,sentinel1,treatment_0025,treatment,treatment_0025,2,6,10,candidate,2,,,0.0,,3.0,0.0035017994838108055,1.0000 0.0000
chipmean,sentinel1,treatment_0027,treatment,treatment_0027,2,6,10,path,1,1.0,0.0031441315940568533,inf,True,,,
chipmean,sentinel1,treatment_0027,treatment,treatment_0027,2,6,10,path,2,2.0,0.0031441315940568533,0.0,False,,,
chipmean,sentinel1,treatment_0027,treatment,treatment_0027,2,6,10,candidate,1,,,,,1.0,0.0031441315940568533,1.0000
chipmean,sentinel1,treatment_0027,treatment,treatment_0027,2,6,10,candidate,1,,,,,2.0,0.00667380092426899,1.0000
chipmean,sentinel1,treatment_0027,treatment,treatment_0027,2,6,10,candidate,1,,,,,3.0,0.011257089988196307,1.0000
chipmean,sentinel1,treatment_0027,treatment,treatment_0027,2,6,10,candidate,2,,,0.0,,2.0,0.0031441315940568533,1.0000 0.0000
chipmean,sentinel1,treatment_0027,treatment,treatment_0027,2,6,10,candidate,2,,,0.0,,3.0,0.0031441315940568533,1.0000 0.0000
chipmean,sentinel1,treatment_0015,treatment,treatment_0015,2,7,10,path,1,1.0,0.003905634003230502,inf,True,,,
chipmean,sentinel1,treatment_0015,treatment,treatment_0015,2,7,10,path,2,2.0,0.003905634003230502,0.0,False,,,
chipmean,sentinel1,treatment_0015,treatment,treatment_0015,2,7,10,candidate,1,,,,,1.0,0.003905634003230502,1.0000
chipmean,sentinel1,treatment_0015,treatment,treatment_0015,2,7,10,candidate,1,,,,,2.0,0.008647288577041827,1.0000
chipmean,sentinel1,treatment_0015,treatment,treatment_0015,2,7,10,candidate,2,,,0.0,,2.0,0.003905634003230502,1.0000 0.0000
chipmean,sentinel1,treatment_0016,treatment,treatment_0016,2,7,10,path,1,1.0,0.004777330021923284,inf,True,,,
chipmean,sentinel1,treatment_0016,treatment,treatment_0016,2,7,10,path,2,2.0,0.004777330021923284,0.0,False,,,
chipmean,sentinel1,treatment_0016,treatment,treatment_0016,2,7,10,candidate,1,,,,,1.0,0.004777330021923284,1.0000
chipmean,sentinel1,treatment_0016,treatment,treatment_0016,2,7,10,candidate,1,,,,,2.0,0.01035071095218339,1.0000
chipmean,sentinel1,treatment_0016,treatment,treatment_0016,2,7,10,candidate,2,,,0.0,,2.0,0.004777330021923284,1.0000 0.0000
chipmean,sentinel1,treatment_0017,treatment,treatment_0017,2,7,10,path,1,1.0,0.003800540257450798,inf,True,,,
chipmean,sentinel1,treatment_0017,treatment,treatment_0017,2,7,10,path,2,2.0,0.003800540257450798,0.0,False,,,
chipmean,sentinel1,treatment_0017,treatment,treatment_0017,2,7,10,candidate,1,,,,,1.0,0.003800540257450798,1.0000
chipmean,sentinel1,treatment_0017,treatment,treatment_0017,2,7,10,candidate,1,,,,,2.0,0.008326990970677874,1.0000
chipmean,sentinel1,treatment_0017,treatment,treatment_0017,2,7,10,candidate,2,,,0.0,,2.0,0.003800540257450798,1.0000 0.0000
chipmean,sentinel1,treatment_0018,treatment,treatment_0018,2,7,10,path,1,1.0,0.0037088075586237785,inf,True,,,
chipmean,sentinel1,treatment_0018,treatment,treatment_0018,2,7,10,path,2,2.0,0.0037088075586237785,0.0,False,,,
chipmean,sentinel1,treatment_0018,treatment,treatment_0018,2,7,10,candidate,1,,,,,1.0,0.0037088075586237785,1.0000
chipmean,sentinel1,treatment_0018,treatment,treatment_0018,2,7,10,candidate,1,,,,,2.0,0.008193349993560924,1.0000
chipmean,sentinel1,treatment_0018,treatment,treatment_0018,2,7,10,candidate,2,,,0.0,,2.0,0.0037088075586237785,1.0000 0.0000
chipmean,sentinel1,treatment_0019,treatment,treatment_0019,2,7,10,path,1,1.0,0.0035398633693941215,inf,True,,,
chipmean,sentinel1,treatment_0019,treatment,treatment_0019,2,7,10,path,2,2.0,0.0035398633693941215,0.0,False,,,
chipmean,sentinel1,treatment_0019,treatment,treatment_0019,2,7,10,candidate,1,,,,,1.0,0.0035398633693941215,1.0000
chipmean,sentinel1,treatment_0019,treatment,treatment_0019,2,7,10,candidate,1,,,,,2.0,0.007790452002402036,1.0000
chipmean,sentinel1,treatment_0019,treatment,treatment_0019,2,7,10,candidate,2,,,0.0,,2.0,0.0035398633693941215,1.0000 0.0000
chipmean,sentinel1,treatment_0020,treatment,treatment_0020,2,7,10,path,1,1.0,0.004056946544832515,inf,True,,,
chipmean,sentinel1,treatment_0020,treatment,treatment_0020,2,7,10,path,2,2.0,0.004056946544832515,0.0,False,,,
chipmean,sentinel1,treatment_0020,treatment,treatment_0020,2,7,10,candidate,1,,,,,1.0,0.004056946544832515,1.0000
chipmean,sentinel1,treatment_0020,treatment,treatment_0020,2,7,10,candidate,1,,,,,2.0,0.008874764648204934,1.0000
chipmean,sentinel1,treatment_0020,treatment,treatment_0020,2,7,10,candidate,2,,,0.0,,2.0,0.004056946544832515,1.0000 0.0000
chipmean,sentinel1,treatment_0021,treatment,treatment_0021,2,7,10,path,1,1.0,0.0038036710903882826,inf,True,,,
chipmean,sentinel1,treatment_0021,treatment,treatment_0021,2,7,10,path,2,2.0,0.0038036710903882826,0.0,False,,,
chipmean,sentinel1,treatment_0021,treatment,treatment_0021,2,7,10,candidate,1,,,,,1.0,0.0038036710903882826,1.0000
chipmean,sentinel1,treatment_0021,treatment,treatment_0021,2,7,10,candidate,1,,,,,2.0,0.008357478683106677,1.0000
chipmean,sentinel1,treatment_0021,treatment,treatment_0021,2,7,10,candidate,2,,,0.0,,2.0,0.0038036710903882826,1.0000 0.0000
chipmean,sentinel1,treatment_0022,treatment,treatment_0022,2,7,10,path,1,1.0,0.003752102451230778,inf,True,,,
chipmean,sentinel1,treatment_0022,treatment,treatment_0022,2,7,10,path,2,2.0,0.003752102451230778,0.0,False,,,
chipmean,sentinel1,treatment_0022,treatment,treatment_0022,2,7,10,candidate,1,,,,,1.0,0.003752102451230778,1.0000
chipmean,sentinel1,treatment_0022,treatment,treatment_0022,2,7,10,candidate,1,,,,,2.0,0.008197007941087875,1.0000
chipmean,sentinel1,treatment_0022,treatment,treatment_0022,2,7,10,candidate,2,,,0.0,,2.0,0.003752102451230778,1.0000 0.0000
chipmean,sentinel1,treatment_0023,treatment,treatment_0023,2,7,10,path,1,1.0,0.0035771745374957357,inf,True,,,
chipmean,sentinel1,treatment_0023,treatment,treatment_0023,2,7,10,path,2,2.0,0.0035771745374957357,0.0,False,,,
chipmean,sentinel1,treatment_0023,treatment,treatment_0023,2,7,10,candidate,1,,,,,1.0,0.0035771745374957357,1.0000
chipmean,sentinel1,treatment_0023,treatment,treatment_0023,2,7,10,candidate,1,,,,,2.0,0.008027525981840292,1.0000
chipmean,sentinel1,treatment_0023,treatment,treatment_0023,2,7,10,candidate,2,,,0.0,,2.0,0.0035771745374957357,1.0000 0.0000
chipmean,sentinel1,treatment_0024,treatment,treatment_0024,2,7,10,path,1,1.0,0.00393014382692048,inf,True,,,
chipmean,sentinel1,treatment_0024,treatment,treatment_0024,2,7,10,path,2,2.0,0.00393014382692048,0.0,False,,,
chipmean,sentinel1,treatment_0024,treatment,treatment_0024,2,7,10,candidate,1,,,,,1.0,0.00393014382692048,1.0000
chipmean,sentinel1,treatment_0024,treatment,treatment_0024,2,7,10,candidate,1,,,,,2.0,0.008745290295945214,1.0000
chipmean,sentinel1,treatment_0024,treatment,treatment_0024,2,7,10,candidate,2,,,0.0,,2.0,0.00393014382692048,1.0000 0.0000
chipmean,sentinel1,treatment_0025,treatment,treatment_0025,2,7,10,path,1,1.0,0.003467401196760477,inf,True,,,
chipmean,sentinel1,treatment_0025,treatment,treatment_0025,2,7,10,path,2,2.0,0.003467401196760477,0.0,False,,,
chipmean,sentinel1,treatment_0025,treatment,treatment_0025,2,7,10,candidate,1,,,,,1.0,0.003467401196760477,1.0000
chipmean,sentinel1,treatment_0025,treatment,treatment_0025,2,7,10,candidate,1,,,,,2.0,0.007718132667768216,1.0000
chipmean,sentinel1,treatment_0025,treatment,treatment_0025,2,7,10,candidate,2,,,0.0,,2.0,0.003467401196760477,1.0000 0.0000
chipmean,sentinel1,treatment_0027,treatment,treatment_0027,2,7,10,path,1,1.0,0.003027536406088953,inf,True,,,
chipmean,sentinel1,treatment_0027,treatment,treatment_0027,2,7,10,path,2,2.0,0.003027536406088953,0.0,False,,,
chipmean,sentinel1,treatment_0027,treatment,treatment_0027,2,7,10,candidate,1,,,,,1.0,0.003027536406088953,1.0000
chipmean,sentinel1,treatment_0027,treatment,treatment_0027,2,7,10,candidate,1,,,,,2.0,0.0064748416204762444,1.0000
chipmean,sentinel1,treatment_0027,treatment,treatment_0027,2,7,10,candidate,2,,,0.0,,2.0,0.003027536406088953,1.0000 0.0000
chipmean,sentinel1,treatment_0015,treatment,treatment_0015,2,8,10,path,1,1.0,0.0038610669075864533,inf,True,,,
chipmean,sentinel1,treatment_0015,treatment,treatment_0015,2,8,10,candidate,1,,,,,1.0,0.0038610669075864533,1.0000
chipmean,sentinel1,treatment_0016,treatment,treatment_0016,2,8,10,path,1,1.0,0.004702078117187657,inf,True,,,
chipmean,sentinel1,treatment_0016,treatment,treatment_0016,2,8,10,candidate,1,,,,,1.0,0.004702078117187657,1.0000
chipmean,sentinel1,treatment_0017,treatment,treatment_0017,2,8,10,path,1,1.0,0.0037363163365087427,inf,True,,,
chipmean,sentinel1,treatment_0017,treatment,treatment_0017,2,8,10,candidate,1,,,,,1.0,0.0037363163365087427,1.0000
chipmean,sentinel1,treatment_0018,treatment,treatment_0018,2,8,10,path,1,1.0,0.0036542818170584848,inf,True,,,
chipmean,sentinel1,treatment_0018,treatment,treatment_0018,2,8,10,candidate,1,,,,,1.0,0.0036542818170584848,1.0000
chipmean,sentinel1,treatment_0019,treatment,treatment_0019,2,8,10,path,1,1.0,0.0034770467507468238,inf,True,,,
chipmean,sentinel1,treatment_0019,treatment,treatment_0019,2,8,10,candidate,1,,,,,1.0,0.0034770467507468238,1.0000
chipmean,sentinel1,treatment_0020,treatment,treatment_0020,2,8,10,path,1,1.0,0.0039805425987062,inf,True,,,
chipmean,sentinel1,treatment_0020,treatment,treatment_0020,2,8,10,candidate,1,,,,,1.0,0.0039805425987062,1.0000
chipmean,sentinel1,treatment_0021,treatment,treatment_0021,2,8,10,path,1,1.0,0.0037553899634500242,inf,True,,,
chipmean,sentinel1,treatment_0021,treatment,treatment_0021,2,8,10,candidate,1,,,,,1.0,0.0037553899634500242,1.0000
chipmean,sentinel1,treatment_0022,treatment,treatment_0022,2,8,10,path,1,1.0,0.0036839836673983255,inf,True,,,
chipmean,sentinel1,treatment_0022,treatment,treatment_0022,2,8,10,candidate,1,,,,,1.0,0.0036839836673983255,1.0000
chipmean,sentinel1,treatment_0023,treatment,treatment_0023,2,8,10,path,1,1.0,0.0035680418508919507,inf,True,,,
chipmean,sentinel1,treatment_0023,treatment,treatment_0023,2,8,10,candidate,1,,,,,1.0,0.0035680418508919507,1.0000
chipmean,sentinel1,treatment_0024,treatment,treatment_0024,2,8,10,path,1,1.0,0.0038924600471678147,inf,True,,,
chipmean,sentinel1,treatment_0024,treatment,treatment_0024,2,8,10,candidate,1,,,,,1.0,0.0038924600471678147,1.0000
chipmean,sentinel1,treatment_0025,treatment,treatment_0025,2,8,10,path,1,1.0,0.003435878694513464,inf,True,,,
chipmean,sentinel1,treatment_0025,treatment,treatment_0025,2,8,10,candidate,1,,,,,1.0,0.003435878694513464,1.0000
chipmean,sentinel1,treatment_0027,treatment,treatment_0027,2,8,10,path,1,1.0,0.002949435393998144,inf,True,,,
chipmean,sentinel1,treatment_0027,treatment,treatment_0027,2,8,10,candidate,1,,,,,1.0,0.002949435393998144,1.0000
chipmean,sentinel1,treatment_0015,treatment,treatment_0015,3,2,10,path,1,1.0,0.009383672052006003,inf,True,,,
chipmean,sentinel1,treatment_0015,treatment,treatment_0015,3,2,10,path,2,2.0,0.009383672052006003,0.0,False,,,
chipmean,sentinel1,treatment_0015,treatment,treatment_0015,3,2,10,candidate,1,,,,,1.0,0.009383672052006003,1.0000
chipmean,sentinel1,treatment_0015,treatment,treatment_0015,3,2,10,candidate,1,,,,,2.0,0.016322255384938433,1.0000
chipmean,sentinel1,treatment_0015,treatment,treatment_0015,3,2,10,candidate,1,,,,,3.0,0.02498087726379964,1.0000
chipmean,sentinel1,treatment_0015,treatment,treatment_0015,3,2,10,candidate,1,,,,,4.0,0.03527759705901182,1.0000
chipmean,sentinel1,treatment_0015,treatment,treatment_0015,3,2,10,candidate,1,,,,,5.0,0.04715096834324501,1.0000
chipmean,sentinel1,treatment_0015,treatment,treatment_0015,3,2,10,candidate,1,,,,,6.0,0.06056110244963151,1.0000
chipmean,sentinel1,treatment_0015,treatment,treatment_0015,3,2,10,candidate,2,,,0.0,,2.0,0.009383672052006003,1.0000 0.0000
chipmean,sentinel1,treatment_0015,treatment,treatment_0015,3,2,10,candidate,2,,,0.0,,3.0,0.009383672052006003,1.0000 0.0000
chipmean,sentinel1,treatment_0015,treatment,treatment_0015,3,2,10,candidate,2,,,0.0,,4.0,0.009383672052006003,1.0000 0.0000
chipmean,sentinel1,treatment_0015,treatment,treatment_0015,3,2,10,candidate,2,,,0.0,,5.0,0.009383672052006003,1.0000 0.0000
chipmean,sentinel1,treatment_0015,treatment,treatment_0015,3,2,10,candidate,2,,,0.0,,6.0,0.009383672052006003,1.0000 0.0000
chipmean,sentinel1,treatment_0016,treatment,treatment_0016,3,2,10,path,1,1.0,0.012457537368207146,inf,True,,,
chipmean,sentinel1,treatment_0016,treatment,treatment_0016,3,2,10,path,2,2.0,0.012457537368207146,0.0,False,,,
chipmean,sentinel1,treatment_0016,treatment,treatment_0016,3,2,10,candidate,1,,,,,1.0,0.012457537368207146,1.0000
chipmean,sentinel1,treatment_0016,treatment,treatment_0016,3,2,10,candidate,1,,,,,2.0,0.020849565305806065,1.0000
chipmean,sentinel1,treatment_0016,treatment,treatment_0016,3,2,10,candidate,1,,,,,3.0,0.030734214043221162,1.0000
chipmean,sentinel1,treatment_0016,treatment,treatment_0016,3,2,10,candidate,1,,,,,4.0,0.04187669189298471,1.0000
chipmean,sentinel1,treatment_0016,treatment,treatment_0016,3,2,10,candidate,1,,,,,5.0,0.054151966691090174,1.0000
chipmean,sentinel1,treatment_0016,treatment,treatment_0016,3,2,10,candidate,1,,,,,6.0,0.06756272341317793,1.0000
chipmean,sentinel1,treatment_0016,treatment,treatment_0016,3,2,10,candidate,2,,,0.0,,2.0,0.012457537368207146,1.0000 0.0000
chipmean,sentinel1,treatment_0016,treatment,treatment_0016,3,2,10,candidate,2,,,0.0,,3.0,0.012457537368207146,1.0000 0.0000
chipmean,sentinel1,treatment_0016,treatment,treatment_0016,3,2,10,candidate,2,,,0.0,,4.0,0.012457537368207146,1.0000 0.0000
chipmean,sentinel1,treatment_0016,treatment,treatment_0016,3,2,10,candidate,2,,,0.0,,5.0,0.012457537368207146,1.0000 0.0000
chipmean,sentinel1,treatment_0016,treatment,treatment_0016,3,2,10,candidate,2,,,0.0,,6.0,0.012457537368207146,1.0000 0.0000
chipmean,sentinel1,treatment_0017,treatment,treatment_0017,3,2,10,path,1,1.0,0.009503059330219337,inf,True,,,
chipmean,sentinel1,treatment_0017,treatment,treatment_0017,3,2,10,path,2,2.0,0.009503059330219337,0.0,False,,,
chipmean,sentinel1,treatment_0017,treatment,treatment_0017,3,2,10,candidate,1,,,,,1.0,0.009503059330219337,1.0000
chipmean,sentinel1,treatment_0017,treatment,treatment_0017,3,2,10,candidate,1,,,,,2.0,0.01628459894897531,1.0000
chipmean,sentinel1,treatment_0017,treatment,treatment_0017,3,2,10,candidate,1,,,,,3.0,0.02455969402890934,1.0000
chipmean,sentinel1,treatment_0017,treatment,treatment_0017,3,2,10,candidate,1,,,,,4.0,0.03419284089967107,1.0000
chipmean,sentinel1,treatment_0017,treatment,treatment_0017,3,2,10,candidate,1,,,,,5.0,0.04508796755030081,1.0000
chipmean,sentinel1,treatment_0017,treatment,treatment_0017,3,2,10,candidate,1,,,,,6.0,0.0571928551840777,1.0000
chipmean,sentinel1,treatment_0017,treatment,treatment_0017,3,2,10,candidate,2,,,0.0,,2.0,0.009503059330219337,1.0000 0.0000
chipmean,sentinel1,treatment_0017,treatment,treatment_0017,3,2,10,candidate,2,,,0.0,,3.0,0.009503059330219337,1.0000 0.0000
chipmean,sentinel1,treatment_0017,treatment,treatment_0017,3,2,10,candidate,2,,,0.0,,4.0,0.009503059330219337,1.0000 0.0000
chipmean,sentinel1,treatment_0017,treatment,treatment_0017,3,2,10,candidate,2,,,0.0,,5.0,0.009503059330219337,1.0000 0.0000
chipmean,sentinel1,treatment_0017,treatment,treatment_0017,3,2,10,candidate,2,,,0.0,,6.0,0.009503059330219337,1.0000 0.0000
chipmean,sentinel1,treatment_0018,treatment,treatment_0018,3,2,10,path,1,1.0,0.008966924730040073,inf,True,,,
chipmean,sentinel1,treatment_0018,treatment,treatment_0018,3,2,10,path,2,2.0,0.008966924730040073,0.0,False,,,
chipmean,sentinel1,treatment_0018,treatment,treatment_0018,3,2,10,candidate,1,,,,,1.0,0.008966924730040073,1.0000
chipmean,sentinel1,treatment_0018,treatment,treatment_0018,3,2,10,candidate,1,,,,,2.0,0.015596106079397152,1.0000
chipmean,sentinel1,treatment_0018,treatment,treatment_0018,3,2,10,candidate,1,,,,,3.0,0.02385416630233985,1.0000
chipmean,sentinel1,treatment_0018,treatment,treatment_0018,3,2,10,candidate,1,,,,,4.0,0.033644939486302566,1.0000
chipmean,sentinel1,treatment_0018,treatment,treatment_0018,3,2,10,candidate,1,,,,,5.0,0.04488565020955226,1.0000
chipmean,sentinel1,treatment_0018,treatment,treatment_0018,3,2,10,candidate,1,,,,,6.0,0.057507859916265724,1.0000
chipmean,sentinel1,treatment_0018,treatment,treatment_0018,3,2,10,candidate,2,,,0.0,,2.0,0.008966924730040073,1.0000 0.0000
chipmean,sentinel1,treatment_0018,treatment,treatment_0018,3,2,10,candidate,2,,,0.0,,3.0,0.008966924730040073,1.0000 0.0000
chipmean,sentinel1,treatment_0018,treatment,treatment_0018,3,2,10,candidate,2,,,0.0,,4.0,0.008966924730040073,1.0000 0.0000
chipmean,sentinel1,treatment_0018,treatment,treatment_0018,3,2,10,candidate,2,,,0.0,,5.0,0.008966924730040073,1.0000 0.0000
chipmean,sentinel1,treatment_0018,treatment,treatment_0018,3,2,10,candidate,2,,,0.0,,6.0,0.008966924730040073,1.0000 0.0000
chipmean,sentinel1,treatment_0019,treatment,treatment_0019,3,2,10,path,1,1.0,0.008684854575178856,inf,True,,,
chipmean,sentinel1,treatment_0019,treatment,treatment_0019,3,2,10,path,2,2.0,0.008684854575178856,0.0,False,,,
chipmean,sentinel1,treatment_0019,treatment,treatment_0019,3,2,10,candidate,1,,,,,1.0,0.008684854575178856,1.0000
chipmean,sentinel1,treatment_0019,treatment,treatment_0019,3,2,10,candidate,1,,,,,2.0,0.015041198860616245,1.0000
chipmean,sentinel1,treatment_0019,treatment,treatment_0019,3,2,10,candidate,1,,,,,3.0,0.02290987975011816,1.0000
chipmean,sentinel1,treatment_0019,treatment,treatment_0019,3,2,10,candidate,1,,,,,4.0,0.0321826616539017,1.0000
chipmean,sentinel1,treatment_0019,treatment,treatment_0019,3,2,10,candidate,1,,,,,5.0,0.04276732856300778,1.0000
chipmean,sentinel1,treatment_0019,treatment,treatment_0019,3,2,10,candidate,1,,,,,6.0,0.054588549920296575,1.0000
chipmean,sentinel1,treatment_0019,treatment,treatment_0019,3,2,10,candidate,2,,,0.0,,2.0,0.008684854575178856,1.0000 0.0000
chipmean,sentinel1,treatment_0019,treatment,treatment_0019,3,2,10,candidate,2,,,0.0,,3.0,0.008684854575178856,1.0000 0.0000
chipmean,sentinel1,treatment_0019,treatment,treatment_0019,3,2,10,candidate,2,,,0.0,,4.0,0.008684854575178856,1.0000 0.0000
chipmean,sentinel1,treatment_0019,treatment,treatment_0019,3,2,10,candidate,2,,,0.0,,5.0,0.008684854575178856,1.0000 0.0000
chipmean,sentinel1,treatment_0019,treatment,treatment_0019,3,2,10,candidate,2,,,0.0,,6.0,0.008684854575178856,1.0000 0.0000
chipmean,sentinel1,treatment_0020,treatment,treatment_0020,3,2,10,path,1,1.0,0.010190314447936118,inf,True,,,
chipmean,sentinel1,treatment_0020,treatment,treatment_0020,3,2,10,path,2,2.0,0.010190314447936118,0.0,False,,,
chipmean,sentinel1,treatment_0020,treatment,treatment_0020,3,2,10,candidate,1,,,,,1.0,0.010190314447936118,1.0000
chipmean,sentinel1,treatment_0020,treatment,treatment_0020,3,2,10,candidate,1,,,,,2.0,0.017452422191562657,1.0000
chipmean,sentinel1,treatment_0020,treatment,treatment_0020,3,2,10,candidate,1,,,,,3.0,0.026300858365689735,1.0000
chipmean,sentinel1,treatment_0020,treatment,treatment_0020,3,2,10,candidate,1,,,,,4.0,0.036579657641228544,1.0000
chipmean,sentinel1,treatment_0020,treatment,treatment_0020,3,2,10,candidate,1,,,,,5.0,0.04817153667146258,1.0000
chipmean,sentinel1,treatment_0020,treatment,treatment_0020,3,2,10,candidate,1,,,,,6.0,0.061002675353040464,1.0000
chipmean,sentinel1,treatment_0020,treatment,treatment_0020,3,2,10,candidate,2,,,0.0,,2.0,0.010190314447936118,1.0000 0.0000
chipmean,sentinel1,treatment_0020,treatment,treatment_0020,3,2,10,candidate,2,,,0.0,,3.0,0.010190314447936118,1.0000 0.0000
chipmean,sentinel1,treatment_0020,treatment,treatment_0020,3,2,10,candidate,2,,,0.0,,4.0,0.010190314447936118,1.0000 0.0000
chipmean,sentinel1,treatment_0020,treatment,treatment_0020,3,2,10,candidate,2,,,0.0,,5.0,0.010190314447936118,1.0000 0.0000
chipmean,sentinel1,treatment_0020,treatment,treatment_0020,3,2,10,candidate,2,,,0.0,,6.0,0.010190314447936118,1.0000 0.0000
chipmean,sentinel1,treatment_0021,treatment,treatment_0021,3,2,10,path,1,1.0,0.009438568580196528,inf,True,,,
chipmean,sentinel1,treatment_0021,treatment,treatment_0021,3,2,10,path,2,2.0,0.009438568580196528,0.0,False,,,
chipmean,sentinel1,treatment_0021,treatment,treatment_0021,3,2,10,candidate,1,,,,,1.0,0.009438568580196528,1.0000
chipmean,sentinel1,treatment_0021,treatment,treatment_0021,3,2,10,candidate,1,,,,,2.0,0.01617204212335984,1.0000
chipmean,sentinel1,treatment_0021,treatment,treatment_0021,3,2,10,candidate,1,,,,,3.0,0.024407331055769133,1.0000
chipmean,sentinel1,treatment_0021,treatment,treatment_0021,3,2,10,candidate,1,,,,,4.0,0.03403501937775179,1.0000
chipmean,sentinel1,treatment_0021,treatment,treatment_0021,3,2,10,candidate,1,,,,,5.0,0.044993290223242485,1.0000
chipmean,sentinel1,treatment_0021,treatment,treatment_0021,3,2,10,candidate,1,,,,,6.0,0.05727232455465449,1.0000
chipmean,sentinel1,treatment_0021,treatment,treatment_0021,3,2,10,candidate,2,,,0.0,,2.0,0.009438568580196528,1.0000 0.0000
chipmean,sentinel1,treatment_0021,treatment,treatment_0021,3,2,10,candidate,2,,,0.0,,3.0,0.009438568580196528,1.0000 0.0000
chipmean,sentinel1,treatment_0021,treatment,treatment_0021,3,2,10,candidate,2,,,0.0,,4.0,0.009438568580196528,1.0000 0.0000
chipmean,sentinel1,treatment_0021,treatment,treatment_0021,3,2,10,candidate,2,,,0.0,,5.0,0.009438568580196528,1.0000 0.0000
chipmean,sentinel1,treatment_0021,treatment,treatment_0021,3,2,10,candidate,2,,,0.0,,6.0,0.009438568580196528,1.0000 0.0000
chipmean,sentinel1,treatment_0022,treatment,treatment_0022,3,2,10,path,1,1.0,0.009508069909539335,inf,True,,,
chipmean,sentinel1,treatment_0022,treatment,treatment_0022,3,2,10,path,2,2.0,0.009508069909539335,0.0,False,,,
chipmean,sentinel1,treatment_0022,treatment,treatment_0022,3,2,10,candidate,1,,,,,1.0,0.009508069909539335,1.0000
chipmean,sentinel1,treatment_0022,treatment,treatment_0022,3,2,10,candidate,1,,,,,2.0,0.01621253123613957,1.0000
chipmean,sentinel1,treatment_0022,treatment,treatment_0022,3,2,10,candidate,1,,,,,3.0,0.024346200360668695,1.0000
chipmean,sentinel1,treatment_0022,treatment,treatment_0022,3,2,10,candidate,1,,,,,4.0,0.033775170279067505,1.0000
chipmean,sentinel1,treatment_0022,treatment,treatment_0022,3,2,10,candidate,1,,,,,5.0,0.04441477660496274,1.0000
chipmean,sentinel1,treatment_0022,treatment,treatment_0022,3,2,10,candidate,1,,,,,6.0,0.056233312117876626,1.0000
chipmean,sentinel1,treatment_0022,treatment,treatment_0022,3,2,10,candidate,2,,,0.0,,2.0,0.009508069909539335,1.0000 0.0000
chipmean,sentinel1,treatment_0022,treatment,treatment_0022,3,2,10,candidate,2,,,0.0,,3.0,0.009508069909539335,1.0000 0.0000
chipmean,sentinel1,treatment_0022,treatment,treatment_0022,3,2,10,candidate,2,,,0.0,,4.0,0.009508069909539335,1.0000 0.0000
chipmean,sentinel1,treatment_0022,treatment,treatment_0022,3,2,10,candidate,2,,,0.0,,5.0,0.009508069909539335,1.0000 0.0000
chipmean,sentinel1,treatment_0022,treatment,treatment_0022,3,2,10,candidate,2,,,0.0,,6.0,0.009508069909539335,1.0000 0.0000
chipmean,sentinel1,treatment_0023,treatment,treatment_0023,3,2,10,path,1,1.0,0.008133130536046574,inf,True,,,
chipmean,sentinel1,treatment_0023,treatment,treatment_0023,3,2,10,path,2,2.0,0.008133130536046574,0.0,False,,,
chipmean,sentinel1,treatment_0023,treatment,treatment_0023,3,2,10,candidate,1,,,,,1.0,0.008133130536046574,1.0000
chipmean,sentinel1,treatment_0023,treatment,treatment_0023,3,2,10,candidate,1,,,,,2.0,0.014419941810180517,1.0000
chipmean,sentinel1,treatment_0023,treatment,treatment_0023,3,2,10,candidate,1,,,,,3.0,0.02247070488402839,1.0000
chipmean,sentinel1,treatment_0023,treatment,treatment_0023,3,2,10,candidate,1,,,,,4.0,0.03227136517442743,1.0000
chipmean,sentinel1,treatment_0023,treatment,treatment_0023,3,2,10,candidate,1,,,,,5.0,0.04380807542352413,1.0000
chipmean,sentinel1,treatment_0023,treatment,treatment_0023,3,2,10,candidate,1,,,,,6.0,0.05706719888069458,1.0000
chipmean,sentinel1,treatment_0023,treatment,treatment_0023,3,2,10,candidate,2,,,0.0,,2.0,0.008133130536046574,1.0000 0.0000
chipmean,sentinel1,treatment_0023,treatment,treatment_0023,3,2,10,candidate,2,,,0.0,,3.0,0.008133130536046574,1.0000 0.0000
chipmean,sentinel1,treatment_0023,treatment,treatment_0023,3,2,10,candidate,2,,,0.0,,4.0,0.008133130536046574,1.0000 0.0000
chipmean,sentinel1,treatment_0023,treatment,treatment_0023,3,2,10,candidate,2,,,0.0,,5.0,0.008133130536046574,1.0000 0.0000
chipmean,sentinel1,treatment_0023,treatment,treatment_0023,3,2,10,candidate,2,,,0.0,,6.0,0.008133130536046574,1.0000 0.0000
chipmean,sentinel1,treatment_0024,treatment,treatment_0024,3,2,10,path,1,1.0,0.009240205600317424,inf,True,,,
chipmean,sentinel1,treatment_0024,treatment,treatment_0024,3,2,10,path,2,2.0,0.009240205600317424,0.0,False,,,
chipmean,sentinel1,treatment_0024,treatment,treatment_0024,3,2,10,candidate,1,,,,,1.0,0.009240205600317424,1.0000
chipmean,sentinel1,treatment_0024,treatment,treatment_0024,3,2,10,candidate,1,,,,,2.0,0.016219689319810444,1.0000
chipmean,sentinel1,treatment_0024,treatment,treatment_0024,3,2,10,candidate,1,,,,,3.0,0.025030725406489145,1.0000
chipmean,sentinel1,treatment_0024,treatment,treatment_0024,3,2,10,candidate,1,,,,,4.0,0.03561091194249062,1.0000
chipmean,sentinel1,treatment_0024,treatment,treatment_0024,3,2,10,candidate,1,,,,,5.0,0.04790375965504915,1.0000
chipmean,sentinel1,treatment_0024,treatment,treatment_0024,3,2,10,candidate,1,,,,,6.0,0.06185891378708813,1.0000
chipmean,sentinel1,treatment_0024,treatment,treatment_0024,3,2,10,candidate,2,,,0.0,,2.0,0.009240205600317424,1.0000 0.0000
chipmean,sentinel1,treatment_0024,treatment,treatment_0024,3,2,10,candidate,2,,,0.0,,3.0,0.009240205600317424,1.0000 0.0000
chipmean,sentinel1,treatment_0024,treatment,treatment_0024,3,2,10,candidate,2,,,0.0,,4.0,0.009240205600317424,1.0000 0.0000
chipmean,sentinel1,treatment_0024,treatment,treatment_0024,3,2,10,candidate,2,,,0.0,,5.0,0.009240205600317424,1.0000 0.0000
chipmean,sentinel1,treatment_0024,treatment,treatment_0024,3,2,10,candidate,2,,,0.0,,6.0,0.009240205600317424,1.0000 0.0000
chipmean,sentinel1,treatment_0025,treatment,treatment_0025,3,2,10,path,1,1.0,0.008144483356421556,inf,True,,,
chipmean,sentinel1,treatment_0025,treatment,treatment_0025,3,2,10,path,2,2.0,0.008144483356421556,0.0,False,,,
chipmean,sentinel1,treatment_0025,treatment,treatment_0025,3,2,10,candidate,1,,,,,1.0,0.008144483356421556,1.0000
chipmean,sentinel1,treatment_0025,treatment,treatment_0025,3,2,10,candidate,1,,,,,2.0,0.014296435354451421,1.0000
chipmean,sentinel1,treatment_0025,treatment,treatment_0025,3,2,10,candidate,1,,,,,3.0,0.02206484856894866,1.0000
chipmean,sentinel1,treatment_0025,treatment,treatment_0025,3,2,10,candidate,1,,,,,4.0,0.031397305921904345,1.0000
chipmean,sentinel1,treatment_0025,treatment,treatment_0025,3,2,10,candidate,1,,,,,5.0,0.042247471205058416,1.0000
chipmean,sentinel1,treatment_0025,treatment,treatment_0025,3,2,10,candidate,1,,,,,6.0,0.05457526840794458,1.0000
chipmean,sentinel1,treatment_0025,treatment,treatment_0025,3,2,10,candidate,2,,,0.0,,2.0,0.008144483356421556,1.0000 0.0000
chipmean,sentinel1,treatment_0025,treatment,treatment_0025,3,2,10,candidate,2,,,0.0,,3.0,0.008144483356421556,1.0000 0.0000
chipmean,sentinel1,treatment_0025,treatment,treatment_0025,3,2,10,candidate,2,,,0.0,,4.0,0.008144483356421556,1.0000 0.0000
chipmean,sentinel1,treatment_0025,treatment,treatment_0025,3,2,10,candidate,2,,,0.0,,5.0,0.008144483356421556,1.0000 0.0000
chipmean,sentinel1,treatment_0025,treatment,treatment_0025,3,2,10,candidate,2,,,0.0,,6.0,0.008144483356421556,1.0000 0.0000
chipmean,sentinel1,treatment_0027,treatment,treatment_0027,3,2,10,path,1,1.0,0.00827911058285688,inf,True,,,
chipmean,sentinel1,treatment_0027,treatment,treatment_0027,3,2,10,path,2,2.0,0.00827911058285688,0.0,False,,,
chipmean,sentinel1,treatment_0027,treatment,treatment_0027,3,2,10,candidate,1,,,,,1.0,0.00827911058285688,1.0000
chipmean,sentinel1,treatment_0027,treatment,treatment_0027,3,2,10,candidate,1,,,,,2.0,0.013685835810360095,1.0000
chipmean,sentinel1,treatment_0027,treatment,treatment_0027,3,2,10,candidate,1,,,,,3.0,0.019925430129429517,1.0000
chipmean,sentinel1,treatment_0027,treatment,treatment_0027,3,2,10,candidate,1,,,,,4.0,0.026815713175849534,1.0000
chipmean,sentinel1,treatment_0027,treatment,treatment_0027,3,2,10,candidate,1,,,,,5.0,0.034255614369160844,1.0000
chipmean,sentinel1,treatment_0027,treatment,treatment_0027,3,2,10,candidate,1,,,,,6.0,0.042234721546856924,1.0000
chipmean,sentinel1,treatment_0027,treatment,treatment_0027,3,2,10,candidate,2,,,0.0,,2.0,0.00827911058285688,1.0000 0.0000
chipmean,sentinel1,treatment_0027,treatment,treatment_0027,3,2,10,candidate,2,,,0.0,,3.0,0.00827911058285688,1.0000 0.0000
chipmean,sentinel1,treatment_0027,treatment,treatment_0027,3,2,10,candidate,2,,,0.0,,4.0,0.00827911058285688,1.0000 0.0000
chipmean,sentinel1,treatment_0027,treatment,treatment_0027,3,2,10,candidate,2,,,0.0,,5.0,0.00827911058285688,1.0000 0.0000
chipmean,sentinel1,treatment_0027,treatment,treatment_0027,3,2,10,candidate,2,,,0.0,,6.0,0.00827911058285688,1.0000 0.0000
chipmean,sentinel1,treatment_0015,treatment,treatment_0015,3,3,10,path,1,1.0,0.009195899524636756,inf,True,,,
chipmean,sentinel1,treatment_0015,treatment,treatment_0015,3,3,10,path,2,2.0,0.009195899524636756,0.0,False,,,
chipmean,sentinel1,treatment_0015,treatment,treatment_0015,3,3,10,candidate,1,,,,,1.0,0.009195899524636756,1.0000
chipmean,sentinel1,treatment_0015,treatment,treatment_0015,3,3,10,candidate,1,,,,,2.0,0.01601492274653627,1.0000
chipmean,sentinel1,treatment_0015,treatment,treatment_0015,3,3,10,candidate,1,,,,,3.0,0.024542483974092717,1.0000
chipmean,sentinel1,treatment_0015,treatment,treatment_0015,3,3,10,candidate,1,,,,,4.0,0.03470737528533014,1.0000
chipmean,sentinel1,treatment_0015,treatment,treatment_0015,3,3,10,candidate,1,,,,,5.0,0.04645942816850037,1.0000
chipmean,sentinel1,treatment_0015,treatment,treatment_0015,3,3,10,candidate,2,,,0.0,,2.0,0.009195899524636756,1.0000 0.0000
chipmean,sentinel1,treatment_0015,treatment,treatment_0015,3,3,10,candidate,2,,,0.0,,3.0,0.009195899524636756,1.0000 0.0000
chipmean,sentinel1,treatment_0015,treatment,treatment_0015,3,3,10,candidate,2,,,0.0,,4.0,0.009195899524636756,1.0000 0.0000
chipmean,sentinel1,treatment_0015,treatment,treatment_0015,3,3,10,candidate,2,,,0.0,,5.0,0.009195899524636756,1.0000 0.0000
chipmean,sentinel1,treatment_0016,treatment,treatment_0016,3,3,10,path,1,1.0,0.011829630037377114,inf,True,,,
chipmean,sentinel1,treatment_0016,treatment,treatment_0016,3,3,10,path,2,2.0,0.011829630037377114,0.0,False,,,
chipmean,sentinel1,treatment_0016,treatment,treatment_0016,3,3,10,candidate,1,,,,,1.0,0.011829630037377114,1.0000
chipmean,sentinel1,treatment_0016,treatment,treatment_0016,3,3,10,candidate,1,,,,,2.0,0.019866894290353435,1.0000
chipmean,sentinel1,treatment_0016,treatment,treatment_0016,3,3,10,candidate,1,,,,,3.0,0.02941163922987632,1.0000
chipmean,sentinel1,treatment_0016,treatment,treatment_0016,3,3,10,candidate,1,,,,,4.0,0.04028909815804927,1.0000
chipmean,sentinel1,treatment_0016,treatment,treatment_0016,3,3,10,candidate,1,,,,,5.0,0.05244278823539698,1.0000
chipmean,sentinel1,treatment_0016,treatment,treatment_0016,3,3,10,candidate,2,,,0.0,,2.0,0.011829630037377114,1.0000 0.0000
chipmean,sentinel1,treatment_0016,treatment,treatment_0016,3,3,10,candidate,2,,,0.0,,3.0,0.011829630037377114,1.0000 0.0000
chipmean,sentinel1,treatment_0016,treatment,treatment_0016,3,3,10,candidate,2,,,0.0,,4.0,0.011829630037377114,1.0000 0.0000
chipmean,sentinel1,treatment_0016,treatment,treatment_0016,3,3,10,candidate,2,,,0.0,,5.0,0.011829630037377114,1.0000 0.0000
chipmean,sentinel1,treatment_0017,treatment,treatment_0017,3,3,10,path,1,1.0,0.009192470512205104,inf,True,,,
chipmean,sentinel1,treatment_0017,treatment,treatment_0017,3,3,10,path,2,2.0,0.009192470512205104,0.0,False,,,
chipmean,sentinel1,treatment_0017,treatment,treatment_0017,3,3,10,candidate,1,,,,,1.0,0.009192470512205104,1.0000
chipmean,sentinel1,treatment_0017,treatment,treatment_0017,3,3,10,candidate,1,,,,,2.0,0.015780671463961598,1.0000
chipmean,sentinel1,treatment_0017,treatment,treatment_0017,3,3,10,candidate,1,,,,,3.0,0.023849673057682007,1.0000
chipmean,sentinel1,treatment_0017,treatment,treatment_0017,3,3,10,candidate,1,,,,,4.0,0.03328552573190152,1.0000
chipmean,sentinel1,treatment_0017,treatment,treatment_0017,3,3,10,candidate,1,,,,,5.0,0.044015877044354654,1.0000
chipmean,sentinel1,treatment_0017,treatment,treatment_0017,3,3,10,candidate,2,,,0.0,,2.0,0.009192470512205104,1.0000 0.0000
chipmean,sentinel1,treatment_0017,treatment,treatment_0017,3,3,10,candidate,2,,,0.0,,3.0,0.009192470512205104,1.0000 0.0000
chipmean,sentinel1,treatment_0017,treatment,treatment_0017,3,3,10,candidate,2,,,0.0,,4.0,0.009192470512205104,1.0000 0.0000
chipmean,sentinel1,treatment_0017,treatment,treatment_0017,3,3,10,candidate,2,,,0.0,,5.0,0.009192470512205104,1.0000 0.0000
chipmean,sentinel1,treatment_0018,treatment,treatment_0018,3,3,10,path,1,1.0,0.008784958373325148,inf,True,,,
chipmean,sentinel1,treatment_0018,treatment,treatment_0018,3,3,10,path,2,2.0,0.008784958373325148,0.0,False,,,
chipmean,sentinel1,treatment_0018,treatment,treatment_0018,3,3,10,candidate,1,,,,,1.0,0.008784958373325148,1.0000
chipmean,sentinel1,treatment_0018,treatment,treatment_0018,3,3,10,candidate,1,,,,,2.0,0.01529026592176665,1.0000
chipmean,sentinel1,treatment_0018,treatment,treatment_0018,3,3,10,candidate,1,,,,,3.0,0.023404395811928155,1.0000
chipmean,sentinel1,treatment_0018,treatment,treatment_0018,3,3,10,candidate,1,,,,,4.0,0.033038634087558354,1.0000
chipmean,sentinel1,treatment_0018,treatment,treatment_0018,3,3,10,candidate,1,,,,,5.0,0.04411812172779765,1.0000
chipmean,sentinel1,treatment_0018,treatment,treatment_0018,3,3,10,candidate,2,,,0.0,,2.0,0.008784958373325148,1.0000 0.0000
chipmean,sentinel1,treatment_0018,treatment,treatment_0018,3,3,10,candidate,2,,,0.0,,3.0,0.008784958373325148,1.0000 0.0000
chipmean,sentinel1,treatment_0018,treatment,treatment_0018,3,3,10,candidate,2,,,0.0,,4.0,0.008784958373325148,1.0000 0.0000
chipmean,sentinel1,treatment_0018,treatment,treatment_0018,3,3,10,candidate,2,,,0.0,,5.0,0.008784958373325148,1.0000 0.0000
chipmean,sentinel1,treatment_0019,treatment,treatment_0019,3,3,10,path,1,1.0,0.008473615721538872,inf,True,,,
chipmean,sentinel1,treatment_0019,treatment,treatment_0019,3,3,10,path,2,2.0,0.008473615721538872,0.0,False,,,
chipmean,sentinel1,treatment_0019,treatment,treatment_0019,3,3,10,candidate,1,,,,,1.0,0.008473615721538872,1.0000
chipmean,sentinel1,treatment_0019,treatment,treatment_0019,3,3,10,candidate,1,,,,,2.0,0.014686850331155374,1.0000
chipmean,sentinel1,treatment_0019,treatment,treatment_0019,3,3,10,candidate,1,,,,,3.0,0.022389674199400734,1.0000
chipmean,sentinel1,treatment_0019,treatment,treatment_0019,3,3,10,candidate,1,,,,,4.0,0.03148244918172345,1.0000
chipmean,sentinel1,treatment_0019,treatment,treatment_0019,3,3,10,candidate,1,,,,,5.0,0.041881989688445975,1.0000
chipmean,sentinel1,treatment_0019,treatment,treatment_0019,3,3,10,candidate,2,,,0.0,,2.0,0.008473615721538872,1.0000 0.0000
chipmean,sentinel1,treatment_0019,treatment,treatment_0019,3,3,10,candidate,2,,,0.0,,3.0,0.008473615721538872,1.0000 0.0000
chipmean,sentinel1,treatment_0019,treatment,treatment_0019,3,3,10,candidate,2,,,0.0,,4.0,0.008473615721538872,1.0000 0.0000
chipmean,sentinel1,treatment_0019,treatment,treatment_0019,3,3,10,candidate,2,,,0.0,,5.0,0.008473615721538872,1.0000 0.0000
chipmean,sentinel1,treatment_0020,treatment,treatment_0020,3,3,10,path,1,1.0,0.009851174163933584,inf,True,,,
chipmean,sentinel1,treatment_0020,treatment,treatment_0020,3,3,10,path,2,2.0,0.009851174163933584,0.0,False,,,
chipmean,sentinel1,treatment_0020,treatment,treatment_0020,3,3,10,candidate,1,,,,,1.0,0.009851174163933584,1.0000
chipmean,sentinel1,treatment_0020,treatment,treatment_0020,3,3,10,candidate,1,,,,,2.0,0.016898603441078724,1.0000
chipmean,sentinel1,treatment_0020,treatment,treatment_0020,3,3,10,candidate,1,,,,,3.0,0.025513593843095185,1.0000
chipmean,sentinel1,treatment_0020,treatment,treatment_0020,3,3,10,candidate,1,,,,,4.0,0.03556158173714025,1.0000
chipmean,sentinel1,treatment_0020,treatment,treatment_0020,3,3,10,candidate,1,,,,,5.0,0.046949096768512964,1.0000
chipmean,sentinel1,treatment_0020,treatment,treatment_0020,3,3,10,candidate,2,,,0.0,,2.0,0.009851174163933584,1.0000 0.0000
chipmean,sentinel1,treatment_0020,treatment,treatment_0020,3,3,10,candidate,2,,,0.0,,3.0,0.009851174163933584,1.0000 0.0000
chipmean,sentinel1,treatment_0020,treatment,treatment_0020,3,3,10,candidate,2,,,0.0,,4.0,0.009851174163933584,1.0000 0.0000
chipmean,sentinel1,treatment_0020,treatment,treatment_0020,3,3,10,candidate,2,,,0.0,,5.0,0.009851174163933584,1.0000 0.0000
chipmean,sentinel1,treatment_0021,treatment,treatment_0021,3,3,10,path,1,1.0,0.009131296889495615,inf,True,,,
chipmean,sentinel1,treatment_0021,treatment,treatment_0021,3,3,10,path,2,2.0,0.009131296889495615,0.0,False,,,
chipmean,sentinel1,treatment_0021,treatment,treatment_0021,3,3,10,candidate,1,,,,,1.0,0.009131296889495615,1.0000
chipmean,sentinel1,treatment_0021,treatment,treatment_0021,3,3,10,candidate,1,,,,,2.0,0.015685071882498562,1.0000
chipmean,sentinel1,treatment_0021,treatment,treatment_0021,3,3,10,candidate,1,,,,,3.0,0.023740319698241072,1.0000
chipmean,sentinel1,treatment_0021,treatment,treatment_0021,3,3,10,candidate,1,,,,,4.0,0.033212586053312426,1.0000
chipmean,sentinel1,treatment_0021,treatment,treatment_0021,3,3,10,candidate,1,,,,,5.0,0.04406721393250852,1.0000
chipmean,sentinel1,treatment_0021,treatment,treatment_0021,3,3,10,candidate,2,,,0.0,,2.0,0.009131296889495615,1.0000 0.0000
chipmean,sentinel1,treatment_0021,treatment,treatment_0021,3,3,10,candidate,2,,,0.0,,3.0,0.009131296889495615,1.0000 0.0000
chipmean,sentinel1,treatment_0021,treatment,treatment_0021,3,3,10,candidate,2,,,0.0,,4.0,0.009131296889495615,1.0000 0.0000
chipmean,sentinel1,treatment_0021,treatment,treatment_0021,3,3,10,candidate,2,,,0.0,,5.0,0.009131296889495615,1.0000 0.0000
chipmean,sentinel1,treatment_0022,treatment,treatment_0022,3,3,10,path,1,1.0,0.00915255444153847,inf,True,,,
chipmean,sentinel1,treatment_0022,treatment,treatment_0022,3,3,10,path,2,2.0,0.00915255444153847,0.0,False,,,
chipmean,sentinel1,treatment_0022,treatment,treatment_0022,3,3,10,candidate,1,,,,,1.0,0.00915255444153847,1.0000
chipmean,sentinel1,treatment_0022,treatment,treatment_0022,3,3,10,candidate,1,,,,,2.0,0.015641821787287628,1.0000
chipmean,sentinel1,treatment_0022,treatment,treatment_0022,3,3,10,candidate,1,,,,,3.0,0.023551168349377417,1.0000
chipmean,sentinel1,treatment_0022,treatment,treatment_0022,3,3,10,candidate,1,,,,,4.0,0.03277179998876175,1.0000
chipmean,sentinel1,treatment_0022,treatment,treatment_0022,3,3,10,candidate,1,,,,,5.0,0.04324597217920581,1.0000
chipmean,sentinel1,treatment_0022,treatment,treatment_0022,3,3,10,candidate,2,,,0.0,,2.0,0.00915255444153847,1.0000 0.0000
chipmean,sentinel1,treatment_0022,treatment,treatment_0022,3,3,10,candidate,2,,,0.0,,3.0,0.00915255444153847,1.0000 0.0000
chipmean,sentinel1,treatment_0022,treatment,treatment_0022,3,3,10,candidate,2,,,0.0,,4.0,0.00915255444153847,1.0000 0.0000
chipmean,sentinel1,treatment_0022,treatment,treatment_0022,3,3,10,candidate,2,,,0.0,,5.0,0.00915255444153847,1.0000 0.0000
chipmean,sentinel1,treatment_0023,treatment,treatment_0023,3,3,10,path,1,1.0,0.008111505603283692,inf,True,,,
chipmean,sentinel1,treatment_0023,treatment,treatment_0023,3,3,10,path,2,2.0,0.008111505603283692,0.0,False,,,
chipmean,sentinel1,treatment_0023,treatment,treatment_0023,3,3,10,candidate,1,,,,,1.0,0.008111505603283692,1.0000
chipmean,sentinel1,treatment_0023,treatment,treatment_0023,3,3,10,candidate,1,,,,,2.0,0.014381831194736232,1.0000
chipmean,sentinel1,treatment_0023,treatment,treatment_0023,3,3,10,candidate,1,,,,,3.0,0.022411681203845152,1.0000
chipmean,sentinel1,treatment_0023,treatment,treatment_0023,3,3,10,candidate,1,,,,,4.0,0.032187129916169344,1.0000
chipmean,sentinel1,treatment_0023,treatment,treatment_0023,3,3,10,candidate,1,,,,,5.0,0.043694460424628684,1.0000
chipmean,sentinel1,treatment_0023,treatment,treatment_0023,3,3,10,candidate,2,,,0.0,,2.0,0.008111505603283692,1.0000 0.0000
chipmean,sentinel1,treatment_0023,treatment,treatment_0023,3,3,10,candidate,2,,,0.0,,3.0,0.008111505603283692,1.0000 0.0000
chipmean,sentinel1,treatment_0023,treatment,treatment_0023,3,3,10,candidate,2,,,0.0,,4.0,0.008111505603283692,1.0000 0.0000
chipmean,sentinel1,treatment_0023,treatment,treatment_0023,3,3,10,candidate,2,,,0.0,,5.0,0.008111505603283692,1.0000 0.0000
chipmean,sentinel1,treatment_0024,treatment,treatment_0024,3,3,10,path,1,1.0,0.009128893455821865,inf,True,,,
chipmean,sentinel1,treatment_0024,treatment,treatment_0024,3,3,10,path,2,2.0,0.009128893455821865,0.0,False,,,
chipmean,sentinel1,treatment_0024,treatment,treatment_0024,3,3,10,candidate,1,,,,,1.0,0.009128893455821865,1.0000
chipmean,sentinel1,treatment_0024,treatment,treatment_0024,3,3,10,candidate,1,,,,,2.0,0.01602989959933085,1.0000
chipmean,sentinel1,treatment_0024,treatment,treatment_0024,3,3,10,candidate,1,,,,,3.0,0.024746968961998548,1.0000
chipmean,sentinel1,treatment_0024,treatment,treatment_0024,3,3,10,candidate,1,,,,,4.0,0.035220944311023884,1.0000
chipmean,sentinel1,treatment_0024,treatment,treatment_0024,3,3,10,candidate,1,,,,,5.0,0.047398687327010566,1.0000
chipmean,sentinel1,treatment_0024,treatment,treatment_0024,3,3,10,candidate,2,,,0.0,,2.0,0.009128893455821865,1.0000 0.0000
chipmean,sentinel1,treatment_0024,treatment,treatment_0024,3,3,10,candidate,2,,,0.0,,3.0,0.009128893455821865,1.0000 0.0000
chipmean,sentinel1,treatment_0024,treatment,treatment_0024,3,3,10,candidate,2,,,0.0,,4.0,0.009128893455821865,1.0000 0.0000
chipmean,sentinel1,treatment_0024,treatment,treatment_0024,3,3,10,candidate,2,,,0.0,,5.0,0.009128893455821865,1.0000 0.0000
chipmean,sentinel1,treatment_0025,treatment,treatment_0025,3,3,10,path,1,1.0,0.008046685069224437,inf,True,,,
chipmean,sentinel1,treatment_0025,treatment,treatment_0025,3,3,10,path,2,2.0,0.008046685069224437,0.0,False,,,
chipmean,sentinel1,treatment_0025,treatment,treatment_0025,3,3,10,candidate,1,,,,,1.0,0.008046685069224437,1.0000
chipmean,sentinel1,treatment_0025,treatment,treatment_0025,3,3,10,candidate,1,,,,,2.0,0.01413083301935508,1.0000
chipmean,sentinel1,treatment_0025,treatment,treatment_0025,3,3,10,candidate,1,,,,,3.0,0.0218190934331043,1.0000
chipmean,sentinel1,treatment_0025,treatment,treatment_0025,3,3,10,candidate,1,,,,,4.0,0.031062297621778603,1.0000
chipmean,sentinel1,treatment_0025,treatment,treatment_0025,3,3,10,candidate,1,,,,,5.0,0.041817446613391554,1.0000
chipmean,sentinel1,treatment_0025,treatment,treatment_0025,3,3,10,candidate,2,,,0.0,,2.0,0.008046685069224437,1.0000 0.0000
chipmean,sentinel1,treatment_0025,treatment,treatment_0025,3,3,10,candidate,2,,,0.0,,3.0,0.008046685069224437,1.0000 0.0000
chipmean,sentinel1,treatment_0025,treatment,treatment_0025,3,3,10,candidate,2,,,0.0,,4.0,0.008046685069224437,1.0000 0.0000
chipmean,sentinel1,treatment_0025,treatment,treatment_0025,3,3,10,candidate,2,,,0.0,,5.0,0.008046685069224437,1.0000 0.0000
chipmean,sentinel1,treatment_0027,treatment,treatment_0027,3,3,10,path,1,1.0,0.00776127830683388,inf,True,,,
chipmean,sentinel1,treatment_0027,treatment,treatment_0027,3,3,10,path,2,2.0,0.00776127830683388,0.0,False,,,
chipmean,sentinel1,treatment_0027,treatment,treatment_0027,3,3,10,candidate,1,,,,,1.0,0.00776127830683388,1.0000
chipmean,sentinel1,treatment_0027,treatment,treatment_0027,3,3,10,candidate,1,,,,,2.0,0.012869011905083081,1.0000
chipmean,sentinel1,treatment_0027,treatment,treatment_0027,3,3,10,candidate,1,,,,,3.0,0.01881135331441954,1.0000
chipmean,sentinel1,treatment_0027,treatment,treatment_0027,3,3,10,candidate,1,,,,,4.0,0.0254482707111506,1.0000
chipmean,sentinel1,treatment_0027,treatment,treatment_0027,3,3,10,candidate,1,,,,,5.0,0.032725555666525595,1.0000
chipmean,sentinel1,treatment_0027,treatment,treatment_0027,3,3,10,candidate,2,,,0.0,,2.0,0.00776127830683388,1.0000 0.0000
chipmean,sentinel1,treatment_0027,treatment,treatment_0027,3,3,10,candidate,2,,,0.0,,3.0,0.00776127830683388,1.0000 0.0000
chipmean,sentinel1,treatment_0027,treatment,treatment_0027,3,3,10,candidate,2,,,0.0,,4.0,0.00776127830683388,1.0000 0.0000
chipmean,sentinel1,treatment_0027,treatment,treatment_0027,3,3,10,candidate,2,,,0.0,,5.0,0.00776127830683388,1.0000 0.0000
chipmean,sentinel1,treatment_0015,treatment,treatment_0015,3,4,10,path,1,1.0,0.009027999473257591,inf,True,,,
chipmean,sentinel1,treatment_0015,treatment,treatment_0015,3,4,10,path,2,2.0,0.009027999473257591,0.0,False,,,
chipmean,sentinel1,treatment_0015,treatment,treatment_0015,3,4,10,candidate,1,,,,,1.0,0.009027999473257591,1.0000
chipmean,sentinel1,treatment_0015,treatment,treatment_0015,3,4,10,candidate,1,,,,,2.0,0.015743262861406166,1.0000
chipmean,sentinel1,treatment_0015,treatment,treatment_0015,3,4,10,candidate,1,,,,,3.0,0.024160544216949294,1.0000
chipmean,sentinel1,treatment_0015,treatment,treatment_0015,3,4,10,candidate,1,,,,,4.0,0.0342197335048575,1.0000
chipmean,sentinel1,treatment_0015,treatment,treatment_0015,3,4,10,candidate,2,,,0.0,,2.0,0.009027999473257591,1.0000 0.0000
chipmean,sentinel1,treatment_0015,treatment,treatment_0015,3,4,10,candidate,2,,,0.0,,3.0,0.009027999473257591,1.0000 0.0000
chipmean,sentinel1,treatment_0015,treatment,treatment_0015,3,4,10,candidate,2,,,0.0,,4.0,0.009027999473257591,1.0000 0.0000
chipmean,sentinel1,treatment_0016,treatment,treatment_0016,3,4,10,path,1,1.0,0.011300349750966696,inf,True,,,
chipmean,sentinel1,treatment_0016,treatment,treatment_0016,3,4,10,path,2,2.0,0.011300349750966696,0.0,False,,,
chipmean,sentinel1,treatment_0016,treatment,treatment_0016,3,4,10,candidate,1,,,,,1.0,0.011300349750966696,1.0000
chipmean,sentinel1,treatment_0016,treatment,treatment_0016,3,4,10,candidate,1,,,,,2.0,0.01906274311191141,1.0000
chipmean,sentinel1,treatment_0016,treatment,treatment_0016,3,4,10,candidate,1,,,,,3.0,0.028376551146255913,1.0000
chipmean,sentinel1,treatment_0016,treatment,treatment_0016,3,4,10,candidate,1,,,,,4.0,0.03913290559291813,1.0000
chipmean,sentinel1,treatment_0016,treatment,treatment_0016,3,4,10,candidate,2,,,0.0,,2.0,0.011300349750966696,1.0000 0.0000
chipmean,sentinel1,treatment_0016,treatment,treatment_0016,3,4,10,candidate,2,,,0.0,,3.0,0.011300349750966696,1.0000 0.0000
chipmean,sentinel1,treatment_0016,treatment,treatment_0016,3,4,10,candidate,2,,,0.0,,4.0,0.011300349750966696,1.0000 0.0000
chipmean,sentinel1,treatment_0017,treatment,treatment_0017,3,4,10,path,1,1.0,0.008917961220492718,inf,True,,,
chipmean,sentinel1,treatment_0017,treatment,treatment_0017,3,4,10,path,2,2.0,0.008917961220492718,0.0,False,,,
chipmean,sentinel1,treatment_0017,treatment,treatment_0017,3,4,10,candidate,1,,,,,1.0,0.008917961220492718,1.0000
chipmean,sentinel1,treatment_0017,treatment,treatment_0017,3,4,10,candidate,1,,,,,2.0,0.015342413081214664,1.0000
chipmean,sentinel1,treatment_0017,treatment,treatment_0017,3,4,10,candidate,1,,,,,3.0,0.023245281196703136,1.0000
chipmean,sentinel1,treatment_0017,treatment,treatment_0017,3,4,10,candidate,1,,,,,4.0,0.03253558809980294,1.0000
chipmean,sentinel1,treatment_0017,treatment,treatment_0017,3,4,10,candidate,2,,,0.0,,2.0,0.008917961220492718,1.0000 0.0000
chipmean,sentinel1,treatment_0017,treatment,treatment_0017,3,4,10,candidate,2,,,0.0,,3.0,0.008917961220492718,1.0000 0.0000
chipmean,sentinel1,treatment_0017,treatment,treatment_0017,3,4,10,candidate,2,,,0.0,,4.0,0.008917961220492718,1.0000 0.0000
chipmean,sentinel1,treatment_0018,treatment,treatment_0018,3,4,10,path,1,1.0,0.008616228491259263,inf,True,,,
chipmean,sentinel1,treatment_0018,treatment,treatment_0018,3,4,10,path,2,2.0,0.008616228491259263,0.0,False,,,
chipmean,sentinel1,treatment_0018,treatment,treatment_0018,3,4,10,candidate,1,,,,,1.0,0.008616228491259263,1.0000
chipmean,sentinel1,treatment_0018,treatment,treatment_0018,3,4,10,candidate,1,,,,,2.0,0.015008349599500691,1.0000
chipmean,sentinel1,treatment_0018,treatment,treatment_0018,3,4,10,candidate,1,,,,,3.0,0.0229927339663022,1.0000
chipmean,sentinel1,treatment_0018,treatment,treatment_0018,3,4,10,candidate,1,,,,,4.0,0.0324884196347658,1.0000
chipmean,sentinel1,treatment_0018,treatment,treatment_0018,3,4,10,candidate,2,,,0.0,,2.0,0.008616228491259263,1.0000 0.0000
chipmean,sentinel1,treatment_0018,treatment,treatment_0018,3,4,10,candidate,2,,,0.0,,3.0,0.008616228491259263,1.0000 0.0000
chipmean,sentinel1,treatment_0018,treatment,treatment_0018,3,4,10,candidate,2,,,0.0,,4.0,0.008616228491259263,1.0000 0.0000
chipmean,sentinel1,treatment_0019,treatment,treatment_0019,3,4,10,path,1,1.0,0.00827825483328214,inf,True,,,
chipmean,sentinel1,treatment_0019,treatment,treatment_0019,3,4,10,path,2,2.0,0.00827825483328214,0.0,False,,,
chipmean,sentinel1,treatment_0019,treatment,treatment_0019,3,4,10,candidate,1,,,,,1.0,0.00827825483328214,1.0000
chipmean,sentinel1,treatment_0019,treatment,treatment_0019,3,4,10,candidate,1,,,,,2.0,0.014361006807925021,1.0000
chipmean,sentinel1,treatment_0019,treatment,treatment_0019,3,4,10,candidate,1,,,,,3.0,0.02191457840502323,1.0000
chipmean,sentinel1,treatment_0019,treatment,treatment_0019,3,4,10,candidate,1,,,,,4.0,0.030848215639168876,1.0000
chipmean,sentinel1,treatment_0019,treatment,treatment_0019,3,4,10,candidate,2,,,0.0,,2.0,0.00827825483328214,1.0000 0.0000
chipmean,sentinel1,treatment_0019,treatment,treatment_0019,3,4,10,candidate,2,,,0.0,,3.0,0.00827825483328214,1.0000 0.0000
chipmean,sentinel1,treatment_0019,treatment,treatment_0019,3,4,10,candidate,2,,,0.0,,4.0,0.00827825483328214,1.0000 0.0000
chipmean,sentinel1,treatment_0020,treatment,treatment_0020,3,4,10,path,1,1.0,0.009548678011009388,inf,True,,,
chipmean,sentinel1,treatment_0020,treatment,treatment_0020,3,4,10,path,2,2.0,0.009548678011009388,0.0,False,,,
chipmean,sentinel1,treatment_0020,treatment,treatment_0020,3,4,10,candidate,1,,,,,1.0,0.009548678011009388,1.0000
chipmean,sentinel1,treatment_0020,treatment,treatment_0020,3,4,10,candidate,1,,,,,2.0,0.01641101016475858,1.0000
chipmean,sentinel1,treatment_0020,treatment,treatment_0020,3,4,10,candidate,1,,,,,3.0,0.024832415056388345,1.0000
chipmean,sentinel1,treatment_0020,treatment,treatment_0020,3,4,10,candidate,1,,,,,4.0,0.03470137227090059,1.0000
chipmean,sentinel1,treatment_0020,treatment,treatment_0020,3,4,10,candidate,2,,,0.0,,2.0,0.009548678011009388,1.0000 0.0000
chipmean,sentinel1,treatment_0020,treatment,treatment_0020,3,4,10,candidate,2,,,0.0,,3.0,0.009548678011009388,1.0000 0.0000
chipmean,sentinel1,treatment_0020,treatment,treatment_0020,3,4,10,candidate,2,,,0.0,,4.0,0.009548678011009388,1.0000 0.0000
chipmean,sentinel1,treatment_0021,treatment,treatment_0021,3,4,10,path,1,1.0,0.00886830728254653,inf,True,,,
chipmean,sentinel1,treatment_0021,treatment,treatment_0021,3,4,10,path,2,2.0,0.00886830728254653,0.0,False,,,
chipmean,sentinel1,treatment_0021,treatment,treatment_0021,3,4,10,candidate,1,,,,,1.0,0.00886830728254653,1.0000
chipmean,sentinel1,treatment_0021,treatment,treatment_0021,3,4,10,candidate,1,,,,,2.0,0.015277799760282486,1.0000
chipmean,sentinel1,treatment_0021,treatment,treatment_0021,3,4,10,candidate,1,,,,,3.0,0.023200204113547618,1.0000
chipmean,sentinel1,treatment_0021,treatment,treatment_0021,3,4,10,candidate,1,,,,,4.0,0.03257752232712221,1.0000
chipmean,sentinel1,treatment_0021,treatment,treatment_0021,3,4,10,candidate,2,,,0.0,,2.0,0.00886830728254653,1.0000 0.0000
chipmean,sentinel1,treatment_0021,treatment,treatment_0021,3,4,10,candidate,2,,,0.0,,3.0,0.00886830728254653,1.0000 0.0000
chipmean,sentinel1,treatment_0021,treatment,treatment_0021,3,4,10,candidate,2,,,0.0,,4.0,0.00886830728254653,1.0000 0.0000
chipmean,sentinel1,treatment_0022,treatment,treatment_0022,3,4,10,path,1,1.0,0.008842752026621601,inf,True,,,
chipmean,sentinel1,treatment_0022,treatment,treatment_0022,3,4,10,path,2,2.0,0.008842752026621601,0.0,False,,,
chipmean,sentinel1,treatment_0022,treatment,treatment_0022,3,4,10,candidate,1,,,,,1.0,0.008842752026621601,1.0000
chipmean,sentinel1,treatment_0022,treatment,treatment_0022,3,4,10,candidate,1,,,,,2.0,0.015153052881619526,1.0000
chipmean,sentinel1,treatment_0022,treatment,treatment_0022,3,4,10,candidate,1,,,,,3.0,0.02288594972653666,1.0000
chipmean,sentinel1,treatment_0022,treatment,treatment_0022,3,4,10,candidate,1,,,,,4.0,0.03195898657033985,1.0000
chipmean,sentinel1,treatment_0022,treatment,treatment_0022,3,4,10,candidate,2,,,0.0,,2.0,0.008842752026621601,1.0000 0.0000
chipmean,sentinel1,treatment_0022,treatment,treatment_0022,3,4,10,candidate,2,,,0.0,,3.0,0.008842752026621601,1.0000 0.0000
chipmean,sentinel1,treatment_0022,treatment,treatment_0022,3,4,10,candidate,2,,,0.0,,4.0,0.008842752026621601,1.0000 0.0000
chipmean,sentinel1,treatment_0023,treatment,treatment_0023,3,4,10,path,1,1.0,0.008090130963230314,inf,True,,,
chipmean,sentinel1,treatment_0023,treatment,treatment_0023,3,4,10,path,2,2.0,0.008090130963230314,0.0,False,,,
chipmean,sentinel1,treatment_0023,treatment,treatment_0023,3,4,10,candidate,1,,,,,1.0,0.008090130963230314,1.0000
chipmean,sentinel1,treatment_0023,treatment,treatment_0023,3,4,10,candidate,1,,,,,2.0,0.01434416752692668,1.0000
chipmean,sentinel1,treatment_0023,treatment,treatment_0023,3,4,10,candidate,1,,,,,3.0,0.02235335906814655,1.0000
chipmean,sentinel1,treatment_0023,treatment,treatment_0023,3,4,10,candidate,1,,,,,4.0,0.03210390960445096,1.0000
chipmean,sentinel1,treatment_0023,treatment,treatment_0023,3,4,10,candidate,2,,,0.0,,2.0,0.008090130963230314,1.0000 0.0000
chipmean,sentinel1,treatment_0023,treatment,treatment_0023,3,4,10,candidate,2,,,0.0,,3.0,0.008090130963230314,1.0000 0.0000
chipmean,sentinel1,treatment_0023,treatment,treatment_0023,3,4,10,candidate,2,,,0.0,,4.0,0.008090130963230314,1.0000 0.0000
chipmean,sentinel1,treatment_0024,treatment,treatment_0024,3,4,10,path,1,1.0,0.009023650348948904,inf,True,,,
chipmean,sentinel1,treatment_0024,treatment,treatment_0024,3,4,10,path,2,2.0,0.009023650348948904,0.0,False,,,
chipmean,sentinel1,treatment_0024,treatment,treatment_0024,3,4,10,candidate,1,,,,,1.0,0.009023650348948904,1.0000
chipmean,sentinel1,treatment_0024,treatment,treatment_0024,3,4,10,candidate,1,,,,,2.0,0.015850999203154012,1.0000
chipmean,sentinel1,treatment_0024,treatment,treatment_0024,3,4,10,candidate,1,,,,,3.0,0.02448040517830844,1.0000
chipmean,sentinel1,treatment_0024,treatment,treatment_0024,3,4,10,candidate,1,,,,,4.0,0.03485602234013588,1.0000
chipmean,sentinel1,treatment_0024,treatment,treatment_0024,3,4,10,candidate,2,,,0.0,,2.0,0.009023650348948904,1.0000 0.0000
chipmean,sentinel1,treatment_0024,treatment,treatment_0024,3,4,10,candidate,2,,,0.0,,3.0,0.009023650348948904,1.0000 0.0000
chipmean,sentinel1,treatment_0024,treatment,treatment_0024,3,4,10,candidate,2,,,0.0,,4.0,0.009023650348948904,1.0000 0.0000
chipmean,sentinel1,treatment_0025,treatment,treatment_0025,3,4,10,path,1,1.0,0.0079550814255732,inf,True,,,
chipmean,sentinel1,treatment_0025,treatment,treatment_0025,3,4,10,path,2,2.0,0.0079550814255732,0.0,False,,,
chipmean,sentinel1,treatment_0025,treatment,treatment_0025,3,4,10,candidate,1,,,,,1.0,0.0079550814255732,1.0000
chipmean,sentinel1,treatment_0025,treatment,treatment_0025,3,4,10,candidate,1,,,,,2.0,0.013976311845753677,1.0000
chipmean,sentinel1,treatment_0025,treatment,treatment_0025,3,4,10,candidate,1,,,,,3.0,0.021590783601763638,1.0000
chipmean,sentinel1,treatment_0025,treatment,treatment_0025,3,4,10,candidate,1,,,,,4.0,0.030752633991452876,1.0000
chipmean,sentinel1,treatment_0025,treatment,treatment_0025,3,4,10,candidate,2,,,0.0,,2.0,0.0079550814255732,1.0000 0.0000
chipmean,sentinel1,treatment_0025,treatment,treatment_0025,3,4,10,candidate,2,,,0.0,,3.0,0.0079550814255732,1.0000 0.0000
chipmean,sentinel1,treatment_0025,treatment,treatment_0025,3,4,10,candidate,2,,,0.0,,4.0,0.0079550814255732,1.0000 0.0000
chipmean,sentinel1,treatment_0027,treatment,treatment_0027,3,4,10,path,1,1.0,0.007320430126991108,inf,True,,,
chipmean,sentinel1,treatment_0027,treatment,treatment_0027,3,4,10,path,2,2.0,0.007320430126991108,0.0,False,,,
chipmean,sentinel1,treatment_0027,treatment,treatment_0027,3,4,10,candidate,1,,,,,1.0,0.007320430126991108,1.0000
chipmean,sentinel1,treatment_0027,treatment,treatment_0027,3,4,10,candidate,1,,,,,2.0,0.012189309196163373,1.0000
chipmean,sentinel1,treatment_0027,treatment,treatment_0027,3,4,10,candidate,1,,,,,3.0,0.017914380777188193,1.0000
chipmean,sentinel1,treatment_0027,treatment,treatment_0027,3,4,10,candidate,1,,,,,4.0,0.024401157720206255,1.0000
chipmean,sentinel1,treatment_0027,treatment,treatment_0027,3,4,10,candidate,2,,,0.0,,2.0,0.007320430126991108,1.0000 0.0000
chipmean,sentinel1,treatment_0027,treatment,treatment_0027,3,4,10,candidate,2,,,0.0,,3.0,0.007320430126991108,1.0000 0.0000
chipmean,sentinel1,treatment_0027,treatment,treatment_0027,3,4,10,candidate,2,,,0.0,,4.0,0.007320430126991108,1.0000 0.0000
chipmean,sentinel1,treatment_0015,treatment,treatment_0015,3,5,10,path,1,1.0,0.008880278858946081,inf,True,,,
chipmean,sentinel1,treatment_0015,treatment,treatment_0015,3,5,10,path,2,2.0,0.008880278858946081,0.0,False,,,
chipmean,sentinel1,treatment_0015,treatment,treatment_0015,3,5,10,candidate,1,,,,,1.0,0.008880278858946081,1.0000
chipmean,sentinel1,treatment_0015,treatment,treatment_0015,3,5,10,candidate,1,,,,,2.0,0.015507973728260753,1.0000
chipmean,sentinel1,treatment_0015,treatment,treatment_0015,3,5,10,candidate,1,,,,,3.0,0.023836387944093037,1.0000
chipmean,sentinel1,treatment_0015,treatment,treatment_0015,3,5,10,candidate,2,,,0.0,,2.0,0.008880278858946081,1.0000 0.0000
chipmean,sentinel1,treatment_0015,treatment,treatment_0015,3,5,10,candidate,2,,,0.0,,3.0,0.008880278858946081,1.0000 0.0000
chipmean,sentinel1,treatment_0016,treatment,treatment_0016,3,5,10,path,1,1.0,0.010872955103389283,inf,True,,,
chipmean,sentinel1,treatment_0016,treatment,treatment_0016,3,5,10,path,2,2.0,0.010872955103389283,0.0,False,,,
chipmean,sentinel1,treatment_0016,treatment,treatment_0016,3,5,10,candidate,1,,,,,1.0,0.010872955103389283,1.0000
chipmean,sentinel1,treatment_0016,treatment,treatment_0016,3,5,10,candidate,1,,,,,2.0,0.018446023606585378,1.0000
chipmean,sentinel1,treatment_0016,treatment,treatment_0016,3,5,10,candidate,1,,,,,3.0,0.0276476946188294,1.0000
chipmean,sentinel1,treatment_0016,treatment,treatment_0016,3,5,10,candidate,2,,,0.0,,2.0,0.010872955103389283,1.0000 0.0000
chipmean,sentinel1,treatment_0016,treatment,treatment_0016,3,5,10,candidate,2,,,0.0,,3.0,0.010872955103389283,1.0000 0.0000
chipmean,sentinel1,treatment_0017,treatment,treatment_0017,3,5,10,path,1,1.0,0.008680894787173465,inf,True,,,
chipmean,sentinel1,treatment_0017,treatment,treatment_0017,3,5,10,path,2,2.0,0.008680894787173465,0.0,False,,,
chipmean,sentinel1,treatment_0017,treatment,treatment_0017,3,5,10,candidate,1,,,,,1.0,0.008680894787173465,1.0000
chipmean,sentinel1,treatment_0017,treatment,treatment_0017,3,5,10,candidate,1,,,,,2.0,0.014972794157739343,1.0000
chipmean,sentinel1,treatment_0017,treatment,treatment_0017,3,5,10,candidate,1,,,,,3.0,0.022752018272599008,1.0000
chipmean,sentinel1,treatment_0017,treatment,treatment_0017,3,5,10,candidate,2,,,0.0,,2.0,0.008680894787173465,1.0000 0.0000
chipmean,sentinel1,treatment_0017,treatment,treatment_0017,3,5,10,candidate,2,,,0.0,,3.0,0.008680894787173465,1.0000 0.0000
chipmean,sentinel1,treatment_0018,treatment,treatment_0018,3,5,10,path,1,1.0,0.008461079669511595,inf,True,,,
chipmean,sentinel1,treatment_0018,treatment,treatment_0018,3,5,10,path,2,2.0,0.008461079669511595,0.0,False,,,
chipmean,sentinel1,treatment_0018,treatment,treatment_0018,3,5,10,candidate,1,,,,,1.0,0.008461079669511595,1.0000
chipmean,sentinel1,treatment_0018,treatment,treatment_0018,3,5,10,candidate,1,,,,,2.0,0.014751069105667317,1.0000
chipmean,sentinel1,treatment_0018,treatment,treatment_0018,3,5,10,candidate,1,,,,,3.0,0.022620449638680904,1.0000
chipmean,sentinel1,treatment_0018,treatment,treatment_0018,3,5,10,candidate,2,,,0.0,,2.0,0.008461079669511595,1.0000 0.0000
chipmean,sentinel1,treatment_0018,treatment,treatment_0018,3,5,10,candidate,2,,,0.0,,3.0,0.008461079669511595,1.0000 0.0000
chipmean,sentinel1,treatment_0019,treatment,treatment_0019,3,5,10,path,1,1.0,0.008099020138765995,inf,True,,,
chipmean,sentinel1,treatment_0019,treatment,treatment_0019,3,5,10,path,2,2.0,0.008099020138765995,0.0,False,,,
chipmean,sentinel1,treatment_0019,treatment,treatment_0019,3,5,10,candidate,1,,,,,1.0,0.008099020138765995,1.0000
chipmean,sentinel1,treatment_0019,treatment,treatment_0019,3,5,10,candidate,1,,,,,2.0,0.014064227532229454,1.0000
chipmean,sentinel1,treatment_0019,treatment,treatment_0019,3,5,10,candidate,1,,,,,3.0,0.021485651631378083,1.0000
chipmean,sentinel1,treatment_0019,treatment,treatment_0019,3,5,10,candidate,2,,,0.0,,2.0,0.008099020138765995,1.0000 0.0000
chipmean,sentinel1,treatment_0019,treatment,treatment_0019,3,5,10,candidate,2,,,0.0,,3.0,0.008099020138765995,1.0000 0.0000
chipmean,sentinel1,treatment_0020,treatment,treatment_0020,3,5,10,path,1,1.0,0.009283839659892875,inf,True,,,
chipmean,sentinel1,treatment_0020,treatment,treatment_0020,3,5,10,path,2,2.0,0.009283839659892875,0.0,False,,,
chipmean,sentinel1,treatment_0020,treatment,treatment_0020,3,5,10,candidate,1,,,,,1.0,0.009283839659892875,1.0000
chipmean,sentinel1,treatment_0020,treatment,treatment_0020,3,5,10,candidate,1,,,,,2.0,0.015992238769151366,1.0000
chipmean,sentinel1,treatment_0020,treatment,treatment_0020,3,5,10,candidate,1,,,,,3.0,0.024262635723440555,1.0000
chipmean,sentinel1,treatment_0020,treatment,treatment_0020,3,5,10,candidate,2,,,0.0,,2.0,0.009283839659892875,1.0000 0.0000
chipmean,sentinel1,treatment_0020,treatment,treatment_0020,3,5,10,candidate,2,,,0.0,,3.0,0.009283839659892875,1.0000 0.0000
chipmean,sentinel1,treatment_0021,treatment,treatment_0021,3,5,10,path,1,1.0,0.008650516374867781,inf,True,,,
chipmean,sentinel1,treatment_0021,treatment,treatment_0021,3,5,10,path,2,2.0,0.008650516374867781,0.0,False,,,
chipmean,sentinel1,treatment_0021,treatment,treatment_0021,3,5,10,candidate,1,,,,,1.0,0.008650516374867781,1.0000
chipmean,sentinel1,treatment_0021,treatment,treatment_0021,3,5,10,candidate,1,,,,,2.0,0.014952584908772538,1.0000
chipmean,sentinel1,treatment_0021,treatment,treatment_0021,3,5,10,candidate,1,,,,,3.0,0.022791820659918395,1.0000
chipmean,sentinel1,treatment_0021,treatment,treatment_0021,3,5,10,candidate,2,,,0.0,,2.0,0.008650516374867781,1.0000 0.0000
chipmean,sentinel1,treatment_0021,treatment,treatment_0021,3,5,10,candidate,2,,,0.0,,3.0,0.008650516374867781,1.0000 0.0000
chipmean,sentinel1,treatment_0022,treatment,treatment_0022,3,5,10,path,1,1.0,0.008579318153102795,inf,True,,,
chipmean,sentinel1,treatment_0022,treatment,treatment_0022,3,5,10,path,2,2.0,0.008579318153102795,0.0,False,,,
chipmean,sentinel1,treatment_0022,treatment,treatment_0022,3,5,10,candidate,1,,,,,1.0,0.008579318153102795,1.0000
chipmean,sentinel1,treatment_0022,treatment,treatment_0022,3,5,10,candidate,1,,,,,2.0,0.014748021031894749,1.0000
chipmean,sentinel1,treatment_0022,treatment,treatment_0022,3,5,10,candidate,1,,,,,3.0,0.02235434386893104,1.0000
chipmean,sentinel1,treatment_0022,treatment,treatment_0022,3,5,10,candidate,2,,,0.0,,2.0,0.008579318153102795,1.0000 0.0000
chipmean,sentinel1,treatment_0022,treatment,treatment_0022,3,5,10,candidate,2,,,0.0,,3.0,0.008579318153102795,1.0000 0.0000
chipmean,sentinel1,treatment_0023,treatment,treatment_0023,3,5,10,path,1,1.0,0.008069008298821168,inf,True,,,
chipmean,sentinel1,treatment_0023,treatment,treatment_0023,3,5,10,path,2,2.0,0.008069008298821168,0.0,False,,,
chipmean,sentinel1,treatment_0023,treatment,treatment_0023,3,5,10,candidate,1,,,,,1.0,0.008069008298821168,1.0000
chipmean,sentinel1,treatment_0023,treatment,treatment_0023,3,5,10,candidate,1,,,,,2.0,0.014306953877176126,1.0000
chipmean,sentinel1,treatment_0023,treatment,treatment_0023,3,5,10,candidate,1,,,,,3.0,0.022295743397206025,1.0000
chipmean,sentinel1,treatment_0023,treatment,treatment_0023,3,5,10,candidate,2,,,0.0,,2.0,0.008069008298821168,1.0000 0.0000
chipmean,sentinel1,treatment_0023,treatment,treatment_0023,3,5,10,candidate,2,,,0.0,,3.0,0.008069008298821168,1.0000 0.0000
chipmean,sentinel1,treatment_0024,treatment,treatment_0024,3,5,10,path,1,1.0,0.008924563210507391,inf,True,,,
chipmean,sentinel1,treatment_0024,treatment,treatment_0024,3,5,10,path,2,2.0,0.008924563210507391,0.0,False,,,
chipmean,sentinel1,treatment_0024,treatment,treatment_0024,3,5,10,candidate,1,,,,,1.0,0.008924563210507391,1.0000
chipmean,sentinel1,treatment_0024,treatment,treatment_0024,3,5,10,candidate,1,,,,,2.0,0.015683161757358018,1.0000
chipmean,sentinel1,treatment_0024,treatment,treatment_0024,3,5,10,candidate,1,,,,,3.0,0.02423133526165159,1.0000
chipmean,sentinel1,treatment_0024,treatment,treatment_0024,3,5,10,candidate,2,,,0.0,,2.0,0.008924563210507391,1.0000 0.0000
chipmean,sentinel1,treatment_0024,treatment,treatment_0024,3,5,10,candidate,2,,,0.0,,3.0,0.008924563210507391,1.0000 0.0000
chipmean,sentinel1,treatment_0025,treatment,treatment_0025,3,5,10,path,1,1.0,0.007869732551922734,inf,True,,,
chipmean,sentinel1,treatment_0025,treatment,treatment_0025,3,5,10,path,2,2.0,0.007869732551922734,0.0,False,,,
chipmean,sentinel1,treatment_0025,treatment,treatment_0025,3,5,10,candidate,1,,,,,1.0,0.007869732551922734,1.0000
chipmean,sentinel1,treatment_0025,treatment,treatment_0025,3,5,10,candidate,1,,,,,2.0,0.013832999402155786,1.0000
chipmean,sentinel1,treatment_0025,treatment,treatment_0025,3,5,10,candidate,1,,,,,3.0,0.0213801508721024,1.0000
chipmean,sentinel1,treatment_0025,treatment,treatment_0025,3,5,10,candidate,2,,,0.0,,2.0,0.007869732551922734,1.0000 0.0000
chipmean,sentinel1,treatment_0025,treatment,treatment_0025,3,5,10,candidate,2,,,0.0,,3.0,0.007869732551922734,1.0000 0.0000
chipmean,sentinel1,treatment_0027,treatment,treatment_0027,3,5,10,path,1,1.0,0.006957124579259749,inf,True,,,
chipmean,sentinel1,treatment_0027,treatment,treatment_0027,3,5,10,path,2,2.0,0.006957124579259749,0.0,False,,,
chipmean,sentinel1,treatment_0027,treatment,treatment_0027,3,5,10,candidate,1,,,,,1.0,0.006957124579259749,1.0000
chipmean,sentinel1,treatment_0027,treatment,treatment_0027,3,5,10,candidate,1,,,,,2.0,0.011649835172213099,1.0000
chipmean,sentinel1,treatment_0027,treatment,treatment_0027,3,5,10,candidate,1,,,,,3.0,0.017242719168955655,1.0000
chipmean,sentinel1,treatment_0027,treatment,treatment_0027,3,5,10,candidate,2,,,0.0,,2.0,0.006957124579259749,1.0000 0.0000
chipmean,sentinel1,treatment_0027,treatment,treatment_0027,3,5,10,candidate,2,,,0.0,,3.0,0.006957124579259749,1.0000 0.0000
chipmean,sentinel1,treatment_0015,treatment,treatment_0015,3,6,10,path,1,1.0,0.008753181346372022,inf,True,,,
chipmean,sentinel1,treatment_0015,treatment,treatment_0015,3,6,10,path,2,2.0,0.008753181346372022,0.0,False,,,
chipmean,sentinel1,treatment_0015,treatment,treatment_0015,3,6,10,candidate,1,,,,,1.0,0.008753181346372022,1.0000
chipmean,sentinel1,treatment_0015,treatment,treatment_0015,3,6,10,candidate,1,,,,,2.0,0.015309997583669178,1.0000
chipmean,sentinel1,treatment_0015,treatment,treatment_0015,3,6,10,candidate,2,,,0.0,,2.0,0.008753181346372022,1.0000 0.0000
chipmean,sentinel1,treatment_0016,treatment,treatment_0016,3,6,10,path,1,1.0,0.010553478411997955,inf,True,,,
chipmean,sentinel1,treatment_0016,treatment,treatment_0016,3,6,10,path,2,2.0,0.010553478411997955,0.0,False,,,
chipmean,sentinel1,treatment_0016,treatment,treatment_0016,3,6,10,candidate,1,,,,,1.0,0.010553478411997955,1.0000
chipmean,sentinel1,treatment_0016,treatment,treatment_0016,3,6,10,candidate,1,,,,,2.0,0.01803054018547236,1.0000
chipmean,sentinel1,treatment_0016,treatment,treatment_0016,3,6,10,candidate,2,,,0.0,,2.0,0.010553478411997955,1.0000 0.0000
chipmean,sentinel1,treatment_0017,treatment,treatment_0017,3,6,10,path,1,1.0,0.008483122912564063,inf,True,,,
chipmean,sentinel1,treatment_0017,treatment,treatment_0017,3,6,10,path,2,2.0,0.008483122912564063,0.0,False,,,
chipmean,sentinel1,treatment_0017,treatment,treatment_0017,3,6,10,candidate,1,,,,,1.0,0.008483122912564063,1.0000
chipmean,sentinel1,treatment_0017,treatment,treatment_0017,3,6,10,candidate,1,,,,,2.0,0.014675657275612609,1.0000
chipmean,sentinel1,treatment_0017,treatment,treatment_0017,3,6,10,candidate,2,,,0.0,,2.0,0.008483122912564063,1.0000 0.0000
chipmean,sentinel1,treatment_0018,treatment,treatment_0018,3,6,10,path,1,1.0,0.008319945596291674,inf,True,,,
chipmean,sentinel1,treatment_0018,treatment,treatment_0018,3,6,10,path,2,2.0,0.008319945596291674,0.0,False,,,
chipmean,sentinel1,treatment_0018,treatment,treatment_0018,3,6,10,candidate,1,,,,,1.0,0.008319945596291674,1.0000
chipmean,sentinel1,treatment_0018,treatment,treatment_0018,3,6,10,candidate,1,,,,,2.0,0.014519295733137193,1.0000
chipmean,sentinel1,treatment_0018,treatment,treatment_0018,3,6,10,candidate,2,,,0.0,,2.0,0.008319945596291674,1.0000 0.0000
chipmean,sentinel1,treatment_0019,treatment,treatment_0019,3,6,10,path,1,1.0,0.007936265616096548,inf,True,,,
chipmean,sentinel1,treatment_0019,treatment,treatment_0019,3,6,10,path,2,2.0,0.007936265616096548,0.0,False,,,
chipmean,sentinel1,treatment_0019,treatment,treatment_0019,3,6,10,candidate,1,,,,,1.0,0.007936265616096548,1.0000
chipmean,sentinel1,treatment_0019,treatment,treatment_0019,3,6,10,candidate,1,,,,,2.0,0.013797260707258379,1.0000
chipmean,sentinel1,treatment_0019,treatment,treatment_0019,3,6,10,candidate,2,,,0.0,,2.0,0.007936265616096548,1.0000 0.0000
chipmean,sentinel1,treatment_0020,treatment,treatment_0020,3,6,10,path,1,1.0,0.009058384577841042,inf,True,,,
chipmean,sentinel1,treatment_0020,treatment,treatment_0020,3,6,10,path,2,2.0,0.009058384577841042,0.0,False,,,
chipmean,sentinel1,treatment_0020,treatment,treatment_0020,3,6,10,candidate,1,,,,,1.0,0.009058384577841042,1.0000
chipmean,sentinel1,treatment_0020,treatment,treatment_0020,3,6,10,candidate,1,,,,,2.0,0.01564616512617334,1.0000
chipmean,sentinel1,treatment_0020,treatment,treatment_0020,3,6,10,candidate,2,,,0.0,,2.0,0.009058384577841042,1.0000 0.0000
chipmean,sentinel1,treatment_0021,treatment,treatment_0021,3,6,10,path,1,1.0,0.008479494911469477,inf,True,,,
chipmean,sentinel1,treatment_0021,treatment,treatment_0021,3,6,10,path,2,2.0,0.008479494911469477,0.0,False,,,
chipmean,sentinel1,treatment_0021,treatment,treatment_0021,3,6,10,candidate,1,,,,,1.0,0.008479494911469477,1.0000
chipmean,sentinel1,treatment_0021,treatment,treatment_0021,3,6,10,candidate,1,,,,,2.0,0.014712959119504342,1.0000
chipmean,sentinel1,treatment_0021,treatment,treatment_0021,3,6,10,candidate,2,,,0.0,,2.0,0.008479494911469477,1.0000 0.0000
chipmean,sentinel1,treatment_0022,treatment,treatment_0022,3,6,10,path,1,1.0,0.008363472830396748,inf,True,,,
chipmean,sentinel1,treatment_0022,treatment,treatment_0022,3,6,10,path,2,2.0,0.008363472830396748,0.0,False,,,
chipmean,sentinel1,treatment_0022,treatment,treatment_0022,3,6,10,candidate,1,,,,,1.0,0.008363472830396748,1.0000
chipmean,sentinel1,treatment_0022,treatment,treatment_0022,3,6,10,candidate,1,,,,,2.0,0.014429532150627747,1.0000
chipmean,sentinel1,treatment_0022,treatment,treatment_0022,3,6,10,candidate,2,,,0.0,,2.0,0.008363472830396748,1.0000 0.0000
chipmean,sentinel1,treatment_0023,treatment,treatment_0023,3,6,10,path,1,1.0,0.008048139363625256,inf,True,,,
chipmean,sentinel1,treatment_0023,treatment,treatment_0023,3,6,10,path,2,2.0,0.008048139363625256,0.0,False,,,
chipmean,sentinel1,treatment_0023,treatment,treatment_0023,3,6,10,candidate,1,,,,,1.0,0.008048139363625256,1.0000
chipmean,sentinel1,treatment_0023,treatment,treatment_0023,3,6,10,candidate,1,,,,,2.0,0.014270193441473837,1.0000
chipmean,sentinel1,treatment_0023,treatment,treatment_0023,3,6,10,candidate,2,,,0.0,,2.0,0.008048139363625256,1.0000 0.0000
chipmean,sentinel1,treatment_0024,treatment,treatment_0024,3,6,10,path,1,1.0,0.008831736102270407,inf,True,,,
chipmean,sentinel1,treatment_0024,treatment,treatment_0024,3,6,10,path,2,2.0,0.008831736102270407,0.0,False,,,
chipmean,sentinel1,treatment_0024,treatment,treatment_0024,3,6,10,candidate,1,,,,,1.0,0.008831736102270407,1.0000
chipmean,sentinel1,treatment_0024,treatment,treatment_0024,3,6,10,candidate,1,,,,,2.0,0.015526591419689394,1.0000
chipmean,sentinel1,treatment_0024,treatment,treatment_0024,3,6,10,candidate,2,,,0.0,,2.0,0.008831736102270407,1.0000 0.0000
chipmean,sentinel1,treatment_0025,treatment,treatment_0025,3,6,10,path,1,1.0,0.007790717156554738,inf,True,,,
chipmean,sentinel1,treatment_0025,treatment,treatment_0025,3,6,10,path,2,2.0,0.007790717156554738,0.0,False,,,
chipmean,sentinel1,treatment_0025,treatment,treatment_0025,3,6,10,candidate,1,,,,,1.0,0.007790717156554738,1.0000
chipmean,sentinel1,treatment_0025,treatment,treatment_0025,3,6,10,candidate,1,,,,,2.0,0.0137010564313725,1.0000
chipmean,sentinel1,treatment_0025,treatment,treatment_0025,3,6,10,candidate,2,,,0.0,,2.0,0.007790717156554738,1.0000 0.0000
chipmean,sentinel1,treatment_0027,treatment,treatment_0027,3,6,10,path,1,1.0,0.00667380092426899,inf,True,,,
chipmean,sentinel1,treatment_0027,treatment,treatment_0027,3,6,10,path,2,2.0,0.00667380092426899,0.0,False,,,
chipmean,sentinel1,treatment_0027,treatment,treatment_0027,3,6,10,candidate,1,,,,,1.0,0.00667380092426899,1.0000
chipmean,sentinel1,treatment_0027,treatment,treatment_0027,3,6,10,candidate,1,,,,,2.0,0.011257089988196307,1.0000
chipmean,sentinel1,treatment_0027,treatment,treatment_0027,3,6,10,candidate,2,,,0.0,,2.0,0.00667380092426899,1.0000 0.0000
chipmean,sentinel1,treatment_0015,treatment,treatment_0015,3,7,10,path,1,1.0,0.008647288577041827,inf,True,,,
chipmean,sentinel1,treatment_0015,treatment,treatment_0015,3,7,10,candidate,1,,,,,1.0,0.008647288577041827,1.0000
chipmean,sentinel1,treatment_0016,treatment,treatment_0016,3,7,10,path,1,1.0,0.01035071095218339,inf,True,,,
chipmean,sentinel1,treatment_0016,treatment,treatment_0016,3,7,10,candidate,1,,,,,1.0,0.01035071095218339,1.0000
chipmean,sentinel1,treatment_0017,treatment,treatment_0017,3,7,10,path,1,1.0,0.008326990970677874,inf,True,,,
chipmean,sentinel1,treatment_0017,treatment,treatment_0017,3,7,10,candidate,1,,,,,1.0,0.008326990970677874,1.0000
chipmean,sentinel1,treatment_0018,treatment,treatment_0018,3,7,10,path,1,1.0,0.008193349993560924,inf,True,,,
chipmean,sentinel1,treatment_0018,treatment,treatment_0018,3,7,10,candidate,1,,,,,1.0,0.008193349993560924,1.0000
chipmean,sentinel1,treatment_0019,treatment,treatment_0019,3,7,10,path,1,1.0,0.007790452002402036,inf,True,,,
chipmean,sentinel1,treatment_0019,treatment,treatment_0019,3,7,10,candidate,1,,,,,1.0,0.007790452002402036,1.0000
chipmean,sentinel1,treatment_0020,treatment,treatment_0020,3,7,10,path,1,1.0,0.008874764648204934,inf,True,,,
chipmean,sentinel1,treatment_0020,treatment,treatment_0020,3,7,10,candidate,1,,,,,1.0,0.008874764648204934,1.0000
chipmean,sentinel1,treatment_0021,treatment,treatment_0021,3,7,10,path,1,1.0,0.008357478683106677,inf,True,,,
chipmean,sentinel1,treatment_0021,treatment,treatment_0021,3,7,10,candidate,1,,,,,1.0,0.008357478683106677,1.0000
chipmean,sentinel1,treatment_0022,treatment,treatment_0022,3,7,10,path,1,1.0,0.008197007941087875,inf,True,,,
chipmean,sentinel1,treatment_0022,treatment,treatment_0022,3,7,10,candidate,1,,,,,1.0,0.008197007941087875,1.0000
chipmean,sentinel1,treatment_0023,treatment,treatment_0023,3,7,10,path,1,1.0,0.008027525981840292,inf,True,,,
chipmean,sentinel1,treatment_0023,treatment,treatment_0023,3,7,10,candidate,1,,,,,1.0,0.008027525981840292,1.0000
chipmean,sentinel1,treatment_0024,treatment,treatment_0024,3,7,10,path,1,1.0,0.008745290295945214,inf,True,,,
chipmean,sentinel1,treatment_0024,treatment,treatment_0024,3,7,10,candidate,1,,,,,1.0,0.008745290295945214,1.0000
chipmean,sentinel1,treatment_0025,treatment,treatment_0025,3,7,10,path,1,1.0,0.007718132667768216,inf,True,,,
chipmean,sentinel1,treatment_0025,treatment,treatment_0025,3,7,10,candidate,1,,,,,1.0,0.007718132667768216,1.0000
chipmean,sentinel1,treatment_0027,treatment,treatment_0027,3,7,10,path,1,1.0,0.0064748416204762444,inf,True,,,
chipmean,sentinel1,treatment_0027,treatment,treatment_0027,3,7,10,candidate,1,,,,,1.0,0.0064748416204762444,1.0000
chipmean,sentinel2,treatment_0001,treatment,treatment_0001,2,2,10,path,1,1.0,0.00802868615417177,inf,True,,,
chipmean,sentinel2,treatment_0001,treatment,treatment_0001,2,2,10,path,2,2.0,0.00802868615417177,0.0,False,,,
chipmean,sentinel2,treatment_0001,treatment,treatment_0001,2,2,10,candidate,1,,,,,1.0,0.00802868615417177,1.0000
chipmean,sentinel2,treatment_0001,treatment,treatment_0001,2,2,10,candidate,1,,,,,2.0,0.01697651486269286,1.0000
chipmean,sentinel2,treatment_0001,treatment,treatment_0001,2,2,10,candidate,1,,,,,3.0,0.02838862598877158,1.0000
chipmean,sentinel2,treatment_0001,treatment,treatment_0001,2,2,10,candidate,1,,,,,4.0,0.04178171443068069,1.0000
chipmean,sentinel2,treatment_0001,treatment,treatment_0001,2,2,10,candidate,1,,,,,5.0,0.056807455821858976,1.0000
chipmean,sentinel2,treatment_0001,treatment,treatment_0001,2,2,10,candidate,1,,,,,6.0,0.07330001562285691,1.0000
chipmean,sentinel2,treatment_0001,treatment,treatment_0001,2,2,10,candidate,1,,,,,7.0,0.09134708018021642,1.0000
chipmean,sentinel2,treatment_0001,treatment,treatment_0001,2,2,10,candidate,2,,,0.0,,2.0,0.00802868615417177,1.0000 0.0000
chipmean,sentinel2,treatment_0001,treatment,treatment_0001,2,2,10,candidate,2,,,0.0,,3.0,0.00802868615417177,1.0000 0.0000
chipmean,sentinel2,treatment_0001,treatment,treatment_0001,2,2,10,candidate,2,,,0.0,,4.0,0.00802868615417177,1.0000 0.0000
chipmean,sentinel2,treatment_0001,treatment,treatment_0001,2,2,10,candidate,2,,,0.0,,5.0,0.00802868615417177,1.0000 0.0000
chipmean,sentinel2,treatment_0001,treatment,treatment_0001,2,2,10,candidate,2,,,0.0,,6.0,0.00802868615417177,1.0000 0.0000
chipmean,sentinel2,treatment_0001,treatment,treatment_0001,2,2,10,candidate,2,,,0.0,,7.0,0.00802868615417177,1.0000 0.0000
chipmean,sentinel2,treatment_0002,treatment,treatment_0002,2,2,10,path,1,1.0,0.005024431311257175,inf,True,,,
chipmean,sentinel2,treatment_0002,treatment,treatment_0002,2,2,10,path,2,2.0,0.005024431311257175,0.0,False,,,
chipmean,sentinel2,treatment_0002,treatment,treatment_0002,2,2,10,candidate,1,,,,,1.0,0.005024431311257175,1.0000
chipmean,sentinel2,treatment_0002,treatment,treatment_0002,2,2,10,candidate,1,,,,,2.0,0.011275988818548924,1.0000
chipmean,sentinel2,treatment_0002,treatment,treatment_0002,2,2,10,candidate,1,,,,,3.0,0.019998810492282033,1.0000
chipmean,sentinel2,treatment_0002,treatment,treatment_0002,2,2,10,candidate,1,,,,,4.0,0.031180083054677604,1.0000
chipmean,sentinel2,treatment_0002,treatment,treatment_0002,2,2,10,candidate,1,,,,,5.0,0.04480945501196832,1.0000
chipmean,sentinel2,treatment_0002,treatment,treatment_0002,2,2,10,candidate,1,,,,,6.0,0.06087899230081134,1.0000
chipmean,sentinel2,treatment_0002,treatment,treatment_0002,2,2,10,candidate,1,,,,,7.0,0.07938329103488014,1.0000
chipmean,sentinel2,treatment_0002,treatment,treatment_0002,2,2,10,candidate,2,,,0.0,,2.0,0.005024431311257175,1.0000 0.0000
chipmean,sentinel2,treatment_0002,treatment,treatment_0002,2,2,10,candidate,2,,,0.0,,3.0,0.005024431311257175,1.0000 0.0000
chipmean,sentinel2,treatment_0002,treatment,treatment_0002,2,2,10,candidate,2,,,0.0,,4.0,0.005024431311257175,1.0000 0.0000
chipmean,sentinel2,treatment_0002,treatment,treatment_0002,2,2,10,candidate,2,,,0.0,,5.0,0.005024431311257175,1.0000 0.0000
chipmean,sentinel2,treatment_0002,treatment,treatment_0002,2,2,10,candidate,2,,,0.0,,6.0,0.005024431311257175,1.0000 0.0000
chipmean,sentinel2,treatment_0002,treatment,treatment_0002,2,2,10,candidate,2,,,0.0,,7.0,0.005024431311257175,1.0000 0.0000
chipmean,sentinel2,treatment_0003,treatment,treatment_0003,2,2,10,path,1,1.0,0.005757357507325739,inf,True,,,
chipmean,sentinel2,treatment_0003,treatment,treatment_0003,2,2,10,path,2,2.0,0.005757357507325739,0.0,False,,,
chipmean,sentinel2,treatment_0003,treatment,treatment_0003,2,2,10,candidate,1,,,,,1.0,0.005757357507325739,1.0000
chipmean,sentinel2,treatment_0003,treatment,treatment_0003,2,2,10,candidate,1,,,,,2.0,0.012587715538850939,1.0000
chipmean,sentinel2,treatment_0003,treatment,treatment_0003,2,2,10,candidate,1,,,,,3.0,0.021802894779810317,1.0000
chipmean,sentinel2,treatment_0003,treatment,treatment_0003,2,2,10,candidate,1,,,,,4.0,0.03327513404357192,1.0000
chipmean,sentinel2,treatment_0003,treatment,treatment_0003,2,2,10,candidate,1,,,,,5.0,0.04691947659418497,1.0000
chipmean,sentinel2,treatment_0003,treatment,treatment_0003,2,2,10,candidate,1,,,,,6.0,0.06269598021389769,1.0000
chipmean,sentinel2,treatment_0003,treatment,treatment_0003,2,2,10,candidate,1,,,,,7.0,0.08061724515995745,1.0000
chipmean,sentinel2,treatment_0003,treatment,treatment_0003,2,2,10,candidate,2,,,0.0,,2.0,0.005757357507325739,1.0000 0.0000
chipmean,sentinel2,treatment_0003,treatment,treatment_0003,2,2,10,candidate,2,,,0.0,,3.0,0.005757357507325739,1.0000 0.0000
chipmean,sentinel2,treatment_0003,treatment,treatment_0003,2,2,10,candidate,2,,,0.0,,4.0,0.005757357507325739,1.0000 0.0000
chipmean,sentinel2,treatment_0003,treatment,treatment_0003,2,2,10,candidate,2,,,0.0,,5.0,0.005757357507325739,1.0000 0.0000
chipmean,sentinel2,treatment_0003,treatment,treatment_0003,2,2,10,candidate,2,,,0.0,,6.0,0.005757357507325739,1.0000 0.0000
chipmean,sentinel2,treatment_0003,treatment,treatment_0003,2,2,10,candidate,2,,,0.0,,7.0,0.005757357507325739,1.0000 0.0000
chipmean,sentinel2,treatment_0004,treatment,treatment_0004,2,2,10,path,1,1.0,0.006195768320201591,inf,True,,,
chipmean,sentinel2,treatment_0004,treatment,treatment_0004,2,2,10,path,2,2.0,0.006195768320201591,0.0,False,,,
chipmean,sentinel2,treatment_0004,treatment,treatment_0004,2,2,10,candidate,1,,,,,1.0,0.006195768320201591,1.0000
chipmean,sentinel2,treatment_0004,treatment,treatment_0004,2,2,10,candidate,1,,,,,2.0,0.013429881097093059,1.0000
chipmean,sentinel2,treatment_0004,treatment,treatment_0004,2,2,10,candidate,1,,,,,3.0,0.02306749874912604,1.0000
chipmean,sentinel2,treatment_0004,treatment,treatment_0004,2,2,10,candidate,1,,,,,4.0,0.03489436603513569,1.0000
chipmean,sentinel2,treatment_0004,treatment,treatment_0004,2,2,10,candidate,1,,,,,5.0,0.04872143180602849,1.0000
chipmean,sentinel2,treatment_0004,treatment,treatment_0004,2,2,10,candidate,1,,,,,6.0,0.06440042036806647,1.0000
chipmean,sentinel2,treatment_0004,treatment,treatment_0004,2,2,10,candidate,1,,,,,7.0,0.08187128418038107,1.0000
chipmean,sentinel2,treatment_0004,treatment,treatment_0004,2,2,10,candidate,2,,,0.0,,2.0,0.006195768320201591,1.0000 0.0000
chipmean,sentinel2,treatment_0004,treatment,treatment_0004,2,2,10,candidate,2,,,0.0,,3.0,0.006195768320201591,1.0000 0.0000
chipmean,sentinel2,treatment_0004,treatment,treatment_0004,2,2,10,candidate,2,,,0.0,,4.0,0.006195768320201591,1.0000 0.0000
chipmean,sentinel2,treatment_0004,treatment,treatment_0004,2,2,10,candidate,2,,,0.0,,5.0,0.006195768320201591,1.0000 0.0000
chipmean,sentinel2,treatment_0004,treatment,treatment_0004,2,2,10,candidate,2,,,0.0,,6.0,0.006195768320201591,1.0000 0.0000
chipmean,sentinel2,treatment_0004,treatment,treatment_0004,2,2,10,candidate,2,,,0.0,,7.0,0.006195768320201591,1.0000 0.0000
chipmean,sentinel2,treatment_0005,treatment,treatment_0005,2,2,10,path,1,1.0,0.0051214706703763095,inf,True,,,
chipmean,sentinel2,treatment_0005,treatment,treatment_0005,2,2,10,path,2,2.0,0.0051214706703763095,0.0,False,,,
chipmean,sentinel2,treatment_0005,treatment,treatment_0005,2,2,10,candidate,1,,,,,1.0,0.0051214706703763095,1.0000
chipmean,sentinel2,treatment_0005,treatment,treatment_0005,2,2,10,candidate,1,,,,,2.0,0.011136450309503507,1.0000
chipmean,sentinel2,treatment_0005,treatment,treatment_0005,2,2,10,candidate,1,,,,,3.0,0.01915178858836007,1.0000
chipmean,sentinel2,treatment_0005,treatment,treatment_0005,2,2,10,candidate,1,,,,,4.0,0.02898330618266816,1.0000
chipmean,sentinel2,treatment_0005,treatment,treatment_0005,2,2,10,candidate,1,,,,,5.0,0.04048955855999566,1.0000
chipmean,sentinel2,treatment_0005,treatment,treatment_0005,2,2,10,candidate,1,,,,,6.0,0.05358445097753712,1.0000
chipmean,sentinel2,treatment_0005,treatment,treatment_0005,2,2,10,candidate,1,,,,,7.0,0.06825538928639363,1.0000
chipmean,sentinel2,treatment_0005,treatment,treatment_0005,2,2,10,candidate,2,,,0.0,,2.0,0.0051214706703763095,1.0000 0.0000
chipmean,sentinel2,treatment_0005,treatment,treatment_0005,2,2,10,candidate,2,,,0.0,,3.0,0.0051214706703763095,1.0000 0.0000
chipmean,sentinel2,treatment_0005,treatment,treatment_0005,2,2,10,candidate,2,,,0.0,,4.0,0.0051214706703763095,1.0000 0.0000
chipmean,sentinel2,treatment_0005,treatment,treatment_0005,2,2,10,candidate,2,,,0.0,,5.0,0.0051214706703763095,1.0000 0.0000
chipmean,sentinel2,treatment_0005,treatment,treatment_0005,2,2,10,candidate,2,,,0.0,,6.0,0.0051214706703763095,1.0000 0.0000
chipmean,sentinel2,treatment_0005,treatment,treatment_0005,2,2,10,candidate,2,,,0.0,,7.0,0.0051214706703763095,1.0000 0.0000
chipmean,sentinel2,treatment_0006,treatment,treatment_0006,2,2,10,path,1,1.0,0.007049785765138919,inf,True,,,
chipmean,sentinel2,treatment_0006,treatment,treatment_0006,2,2,10,path,2,2.0,0.007049785765138919,0.0,False,,,
chipmean,sentinel2,treatment_0006,treatment,treatment_0006,2,2,10,candidate,1,,,,,1.0,0.007049785765138919,1.0000
chipmean,sentinel2,treatment_0006,treatment,treatment_0006,2,2,10,candidate,1,,,,,2.0,0.015281115575920347,1.0000
chipmean,sentinel2,treatment_0006,treatment,treatment_0006,2,2,10,candidate,1,,,,,3.0,0.026184860144634954,1.0000
chipmean,sentinel2,treatment_0006,treatment,treatment_0006,2,2,10,candidate,1,,,,,4.0,0.03946197419187495,1.0000
chipmean,sentinel2,treatment_0006,treatment,treatment_0006,2,2,10,candidate,1,,,,,5.0,0.054859619848754905,1.0000
chipmean,sentinel2,treatment_0006,treatment,treatment_0006,2,2,10,candidate,1,,,,,6.0,0.07218102950724825,1.0000
chipmean,sentinel2,treatment_0006,treatment,treatment_0006,2,2,10,candidate,1,,,,,7.0,0.09129982567726172,1.0000
chipmean,sentinel2,treatment_0006,treatment,treatment_0006,2,2,10,candidate,2,,,0.0,,2.0,0.007049785765138919,1.0000 0.0000
chipmean,sentinel2,treatment_0006,treatment,treatment_0006,2,2,10,candidate,2,,,0.0,,3.0,0.007049785765138919,1.0000 0.0000
chipmean,sentinel2,treatment_0006,treatment,treatment_0006,2,2,10,candidate,2,,,0.0,,4.0,0.007049785765138919,1.0000 0.0000
chipmean,sentinel2,treatment_0006,treatment,treatment_0006,2,2,10,candidate,2,,,0.0,,5.0,0.007049785765138919,1.0000 0.0000
chipmean,sentinel2,treatment_0006,treatment,treatment_0006,2,2,10,candidate,2,,,0.0,,6.0,0.007049785765138919,1.0000 0.0000
chipmean,sentinel2,treatment_0006,treatment,treatment_0006,2,2,10,candidate,2,,,0.0,,7.0,0.007049785765138919,1.0000 0.0000
chipmean,sentinel2,treatment_0007,treatment,treatment_0007,2,2,10,path,1,1.0,0.005390535584186289,inf,True,,,
chipmean,sentinel2,treatment_0007,treatment,treatment_0007,2,2,10,path,2,2.0,0.005390535584186289,0.0,False,,,
chipmean,sentinel2,treatment_0007,treatment,treatment_0007,2,2,10,candidate,1,,,,,1.0,0.005390535584186289,1.0000
chipmean,sentinel2,treatment_0007,treatment,treatment_0007,2,2,10,candidate,1,,,,,2.0,0.012101077802419135,1.0000
chipmean,sentinel2,treatment_0007,treatment,treatment_0007,2,2,10,candidate,1,,,,,3.0,0.021499985567463152,1.0000
chipmean,sentinel2,treatment_0007,treatment,treatment_0007,2,2,10,candidate,1,,,,,4.0,0.03362546972800098,1.0000
chipmean,sentinel2,treatment_0007,treatment,treatment_0007,2,2,10,candidate,1,,,,,5.0,0.0485403127493442,1.0000
chipmean,sentinel2,treatment_0007,treatment,treatment_0007,2,2,10,candidate,1,,,,,6.0,0.06633785785766867,1.0000
chipmean,sentinel2,treatment_0007,treatment,treatment_0007,2,2,10,candidate,1,,,,,7.0,0.08715300027508918,1.0000
chipmean,sentinel2,treatment_0007,treatment,treatment_0007,2,2,10,candidate,2,,,0.0,,2.0,0.005390535584186289,1.0000 0.0000
chipmean,sentinel2,treatment_0007,treatment,treatment_0007,2,2,10,candidate,2,,,0.0,,3.0,0.005390535584186289,1.0000 0.0000
chipmean,sentinel2,treatment_0007,treatment,treatment_0007,2,2,10,candidate,2,,,0.0,,4.0,0.005390535584186289,1.0000 0.0000
chipmean,sentinel2,treatment_0007,treatment,treatment_0007,2,2,10,candidate,2,,,0.0,,5.0,0.005390535584186289,1.0000 0.0000
chipmean,sentinel2,treatment_0007,treatment,treatment_0007,2,2,10,candidate,2,,,0.0,,6.0,0.005390535584186289,1.0000 0.0000
chipmean,sentinel2,treatment_0007,treatment,treatment_0007,2,2,10,candidate,2,,,0.0,,7.0,0.005390535584186289,1.0000 0.0000
chipmean,sentinel2,treatment_0008,treatment,treatment_0008,2,2,10,path,1,1.0,0.006841802101231908,inf,True,,,
chipmean,sentinel2,treatment_0008,treatment,treatment_0008,2,2,10,path,2,2.0,0.006841802101231908,0.0,False,,,
chipmean,sentinel2,treatment_0008,treatment,treatment_0008,2,2,10,candidate,1,,,,,1.0,0.006841802101231908,1.0000
chipmean,sentinel2,treatment_0008,treatment,treatment_0008,2,2,10,candidate,1,,,,,2.0,0.014898987684175677,1.0000
chipmean,sentinel2,treatment_0008,treatment,treatment_0008,2,2,10,candidate,1,,,,,3.0,0.025689745225217137,1.0000
chipmean,sentinel2,treatment_0008,treatment,treatment_0008,2,2,10,candidate,1,,,,,4.0,0.03901097163192984,1.0000
chipmean,sentinel2,treatment_0008,treatment,treatment_0008,2,2,10,candidate,1,,,,,5.0,0.05471583802891277,1.0000
chipmean,sentinel2,treatment_0008,treatment,treatment_0008,2,2,10,candidate,1,,,,,6.0,0.07274063610377642,1.0000
chipmean,sentinel2,treatment_0008,treatment,treatment_0008,2,2,10,candidate,1,,,,,7.0,0.09316044881360014,1.0000
chipmean,sentinel2,treatment_0008,treatment,treatment_0008,2,2,10,candidate,2,,,0.0,,2.0,0.006841802101231908,1.0000 0.0000
chipmean,sentinel2,treatment_0008,treatment,treatment_0008,2,2,10,candidate,2,,,0.0,,3.0,0.006841802101231908,1.0000 0.0000
chipmean,sentinel2,treatment_0008,treatment,treatment_0008,2,2,10,candidate,2,,,0.0,,4.0,0.006841802101231908,1.0000 0.0000
chipmean,sentinel2,treatment_0008,treatment,treatment_0008,2,2,10,candidate,2,,,0.0,,5.0,0.006841802101231908,1.0000 0.0000
chipmean,sentinel2,treatment_0008,treatment,treatment_0008,2,2,10,candidate,2,,,0.0,,6.0,0.006841802101231908,1.0000 0.0000
chipmean,sentinel2,treatment_0008,treatment,treatment_0008,2,2,10,candidate,2,,,0.0,,7.0,0.006841802101231908,1.0000 0.0000
chipmean,sentinel2,treatment_0009,treatment,treatment_0009,2,2,10,path,1,1.0,0.006245814985775239,inf,True,,,
chipmean,sentinel2,treatment_0009,treatment,treatment_0009,2,2,10,path,2,2.0,0.006245814985775239,0.0,False,,,
chipmean,sentinel2,treatment_0009,treatment,treatment_0009,2,2,10,candidate,1,,,,,1.0,0.006245814985775239,1.0000
chipmean,sentinel2,treatment_0009,treatment,treatment_0009,2,2,10,candidate,1,,,,,2.0,0.013435656270776426,1.0000
chipmean,sentinel2,treatment_0009,treatment,treatment_0009,2,2,10,candidate,1,,,,,3.0,0.02296967908212065,1.0000
chipmean,sentinel2,treatment_0009,treatment,treatment_0009,2,2,10,candidate,1,,,,,4.0,0.034706383805623145,1.0000
chipmean,sentinel2,treatment_0009,treatment,treatment_0009,2,2,10,candidate,1,,,,,5.0,0.04859801645667792,1.0000
chipmean,sentinel2,treatment_0009,treatment,treatment_0009,2,2,10,candidate,1,,,,,6.0,0.0647065066043517,1.0000
chipmean,sentinel2,treatment_0009,treatment,treatment_0009,2,2,10,candidate,1,,,,,7.0,0.08324968171417949,1.0000
chipmean,sentinel2,treatment_0009,treatment,treatment_0009,2,2,10,candidate,2,,,0.0,,2.0,0.006245814985775239,1.0000 0.0000
chipmean,sentinel2,treatment_0009,treatment,treatment_0009,2,2,10,candidate,2,,,0.0,,3.0,0.006245814985775239,1.0000 0.0000
chipmean,sentinel2,treatment_0009,treatment,treatment_0009,2,2,10,candidate,2,,,0.0,,4.0,0.006245814985775239,1.0000 0.0000
chipmean,sentinel2,treatment_0009,treatment,treatment_0009,2,2,10,candidate,2,,,0.0,,5.0,0.006245814985775239,1.0000 0.0000
chipmean,sentinel2,treatment_0009,treatment,treatment_0009,2,2,10,candidate,2,,,0.0,,6.0,0.006245814985775239,1.0000 0.0000
chipmean,sentinel2,treatment_0009,treatment,treatment_0009,2,2,10,candidate,2,,,0.0,,7.0,0.006245814985775239,1.0000 0.0000
chipmean,sentinel2,treatment_0010,treatment,treatment_0010,2,2,10,path,1,1.0,0.010459708671147821,inf,True,,,
chipmean,sentinel2,treatment_0010,treatment,treatment_0010,2,2,10,path,2,2.0,0.010459708671147821,0.0,False,,,
chipmean,sentinel2,treatment_0010,treatment,treatment_0010,2,2,10,candidate,1,,,,,1.0,0.010459708671147821,1.0000
chipmean,sentinel2,treatment_0010,treatment,treatment_0010,2,2,10,candidate,1,,,,,2.0,0.02106543098157981,1.0000
chipmean,sentinel2,treatment_0010,treatment,treatment_0010,2,2,10,candidate,1,,,,,3.0,0.033615453307323497,1.0000
chipmean,sentinel2,treatment_0010,treatment,treatment_0010,2,2,10,candidate,1,,,,,4.0,0.047350720876521715,1.0000
chipmean,sentinel2,treatment_0010,treatment,treatment_0010,2,2,10,candidate,1,,,,,5.0,0.06180517975953375,1.0000
chipmean,sentinel2,treatment_0010,treatment,treatment_0010,2,2,10,candidate,1,,,,,6.0,0.07676792375263418,1.0000
chipmean,sentinel2,treatment_0010,treatment,treatment_0010,2,2,10,candidate,1,,,,,7.0,0.09235369649420602,1.0000
chipmean,sentinel2,treatment_0010,treatment,treatment_0010,2,2,10,candidate,2,,,0.0,,2.0,0.010459708671147821,1.0000 0.0000
chipmean,sentinel2,treatment_0010,treatment,treatment_0010,2,2,10,candidate,2,,,0.0,,3.0,0.010459708671147821,1.0000 0.0000
chipmean,sentinel2,treatment_0010,treatment,treatment_0010,2,2,10,candidate,2,,,0.0,,4.0,0.010459708671147821,1.0000 0.0000
chipmean,sentinel2,treatment_0010,treatment,treatment_0010,2,2,10,candidate,2,,,0.0,,5.0,0.010459708671147821,1.0000 0.0000
chipmean,sentinel2,treatment_0010,treatment,treatment_0010,2,2,10,candidate,2,,,0.0,,6.0,0.010459708671147821,1.0000 0.0000
chipmean,sentinel2,treatment_0010,treatment,treatment_0010,2,2,10,candidate,2,,,0.0,,7.0,0.010459708671147821,1.0000 0.0000
chipmean,sentinel2,treatment_0011,treatment,treatment_0011,2,2,10,path,1,1.0,0.005682794984196455,inf,True,,,
chipmean,sentinel2,treatment_0011,treatment,treatment_0011,2,2,10,path,2,2.0,0.005682794984196455,0.0,False,,,
chipmean,sentinel2,treatment_0011,treatment,treatment_0011,2,2,10,candidate,1,,,,,1.0,0.005682794984196455,1.0000
chipmean,sentinel2,treatment_0011,treatment,treatment_0011,2,2,10,candidate,1,,,,,2.0,0.012753624838556367,1.0000
chipmean,sentinel2,treatment_0011,treatment,treatment_0011,2,2,10,candidate,1,,,,,3.0,0.022618503315708773,1.0000
chipmean,sentinel2,treatment_0011,treatment,treatment_0011,2,2,10,candidate,1,,,,,4.0,0.035259391209058355,1.0000
chipmean,sentinel2,treatment_0011,treatment,treatment_0011,2,2,10,candidate,1,,,,,5.0,0.05065827242452781,1.0000
chipmean,sentinel2,treatment_0011,treatment,treatment_0011,2,2,10,candidate,1,,,,,6.0,0.06879754426280149,1.0000
chipmean,sentinel2,treatment_0011,treatment,treatment_0011,2,2,10,candidate,1,,,,,7.0,0.08966143412236141,1.0000
chipmean,sentinel2,treatment_0011,treatment,treatment_0011,2,2,10,candidate,2,,,0.0,,2.0,0.005682794984196455,1.0000 0.0000
chipmean,sentinel2,treatment_0011,treatment,treatment_0011,2,2,10,candidate,2,,,0.0,,3.0,0.005682794984196455,1.0000 0.0000
chipmean,sentinel2,treatment_0011,treatment,treatment_0011,2,2,10,candidate,2,,,0.0,,4.0,0.005682794984196455,1.0000 0.0000
chipmean,sentinel2,treatment_0011,treatment,treatment_0011,2,2,10,candidate,2,,,0.0,,5.0,0.005682794984196455,1.0000 0.0000
chipmean,sentinel2,treatment_0011,treatment,treatment_0011,2,2,10,candidate,2,,,0.0,,6.0,0.005682794984196455,1.0000 0.0000
chipmean,sentinel2,treatment_0011,treatment,treatment_0011,2,2,10,candidate,2,,,0.0,,7.0,0.005682794984196455,1.0000 0.0000
chipmean,sentinel2,treatment_0012,treatment,treatment_0012,2,2,10,path,1,1.0,0.006005561134827392,inf,True,,,
chipmean,sentinel2,treatment_0012,treatment,treatment_0012,2,2,10,path,2,2.0,0.006005561134827392,0.0,False,,,
chipmean,sentinel2,treatment_0012,treatment,treatment_0012,2,2,10,candidate,1,,,,,1.0,0.006005561134827392,1.0000
chipmean,sentinel2,treatment_0012,treatment,treatment_0012,2,2,10,candidate,1,,,,,2.0,0.013538937811157462,1.0000
chipmean,sentinel2,treatment_0012,treatment,treatment_0012,2,2,10,candidate,1,,,,,3.0,0.024111235497942373,1.0000
chipmean,sentinel2,treatment_0012,treatment,treatment_0012,2,2,10,candidate,1,,,,,4.0,0.03773149999806467,1.0000
chipmean,sentinel2,treatment_0012,treatment,treatment_0012,2,2,10,candidate,1,,,,,5.0,0.05440495729975876,1.0000
chipmean,sentinel2,treatment_0012,treatment,treatment_0012,2,2,10,candidate,1,,,,,6.0,0.07413330348246633,1.0000
chipmean,sentinel2,treatment_0012,treatment,treatment_0012,2,2,10,candidate,1,,,,,7.0,0.09691521133107961,1.0000
chipmean,sentinel2,treatment_0012,treatment,treatment_0012,2,2,10,candidate,2,,,0.0,,2.0,0.006005561134827392,1.0000 0.0000
chipmean,sentinel2,treatment_0012,treatment,treatment_0012,2,2,10,candidate,2,,,0.0,,3.0,0.006005561134827392,1.0000 0.0000
chipmean,sentinel2,treatment_0012,treatment,treatment_0012,2,2,10,candidate,2,,,0.0,,4.0,0.006005561134827392,1.0000 0.0000
chipmean,sentinel2,treatment_0012,treatment,treatment_0012,2,2,10,candidate,2,,,0.0,,5.0,0.006005561134827392,1.0000 0.0000
chipmean,sentinel2,treatment_0012,treatment,treatment_0012,2,2,10,candidate,2,,,0.0,,6.0,0.006005561134827392,1.0000 0.0000
chipmean,sentinel2,treatment_0012,treatment,treatment_0012,2,2,10,candidate,2,,,0.0,,7.0,0.006005561134827392,1.0000 0.0000
chipmean,sentinel2,treatment_0013,treatment,treatment_0013,2,2,10,path,1,1.0,0.006306877308547789,inf,True,,,
chipmean,sentinel2,treatment_0013,treatment,treatment_0013,2,2,10,path,2,2.0,0.006306877308547789,0.0,False,,,
chipmean,sentinel2,treatment_0013,treatment,treatment_0013,2,2,10,candidate,1,,,,,1.0,0.006306877308547789,1.0000
chipmean,sentinel2,treatment_0013,treatment,treatment_0013,2,2,10,candidate,1,,,,,2.0,0.0141319621680042,1.0000
chipmean,sentinel2,treatment_0013,treatment,treatment_0013,2,2,10,candidate,1,,,,,3.0,0.025038995268987785,1.0000
chipmean,sentinel2,treatment_0013,treatment,treatment_0013,2,2,10,candidate,1,,,,,4.0,0.03900207448514257,1.0000
chipmean,sentinel2,treatment_0013,treatment,treatment_0013,2,2,10,candidate,1,,,,,5.0,0.0559956430448561,1.0000
chipmean,sentinel2,treatment_0013,treatment,treatment_0013,2,2,10,candidate,1,,,,,6.0,0.07601815789357423,1.0000
chipmean,sentinel2,treatment_0013,treatment,treatment_0013,2,2,10,candidate,1,,,,,7.0,0.09914103042029503,1.0000
chipmean,sentinel2,treatment_0013,treatment,treatment_0013,2,2,10,candidate,2,,,0.0,,2.0,0.006306877308547789,1.0000 0.0000
chipmean,sentinel2,treatment_0013,treatment,treatment_0013,2,2,10,candidate,2,,,0.0,,3.0,0.006306877308547789,1.0000 0.0000
chipmean,sentinel2,treatment_0013,treatment,treatment_0013,2,2,10,candidate,2,,,0.0,,4.0,0.006306877308547789,1.0000 0.0000
chipmean,sentinel2,treatment_0013,treatment,treatment_0013,2,2,10,candidate,2,,,0.0,,5.0,0.006306877308547789,1.0000 0.0000
chipmean,sentinel2,treatment_0013,treatment,treatment_0013,2,2,10,candidate,2,,,0.0,,6.0,0.006306877308547789,1.0000 0.0000
chipmean,sentinel2,treatment_0013,treatment,treatment_0013,2,2,10,candidate,2,,,0.0,,7.0,0.006306877308547789,1.0000 0.0000
chipmean,sentinel2,treatment_0014,treatment,treatment_0014,2,2,10,path,1,1.0,0.007060888417806463,inf,True,,,
chipmean,sentinel2,treatment_0014,treatment,treatment_0014,2,2,10,path,2,2.0,0.007060888417806463,0.0,False,,,
chipmean,sentinel2,treatment_0014,treatment,treatment_0014,2,2,10,candidate,1,,,,,1.0,0.007060888417806463,1.0000
chipmean,sentinel2,treatment_0014,treatment,treatment_0014,2,2,10,candidate,1,,,,,2.0,0.015901189447307895,1.0000
chipmean,sentinel2,treatment_0014,treatment,treatment_0014,2,2,10,candidate,1,,,,,3.0,0.02829202735132157,1.0000
chipmean,sentinel2,treatment_0014,treatment,treatment_0014,2,2,10,candidate,1,,,,,4.0,0.04423963998465166,1.0000
chipmean,sentinel2,treatment_0014,treatment,treatment_0014,2,2,10,candidate,1,,,,,5.0,0.06374904173763982,1.0000
chipmean,sentinel2,treatment_0014,treatment,treatment_0014,2,2,10,candidate,1,,,,,6.0,0.08682421093153982,1.0000
chipmean,sentinel2,treatment_0014,treatment,treatment_0014,2,2,10,candidate,1,,,,,7.0,0.11346832117492624,1.0000
chipmean,sentinel2,treatment_0014,treatment,treatment_0014,2,2,10,candidate,2,,,0.0,,2.0,0.007060888417806463,1.0000 0.0000
chipmean,sentinel2,treatment_0014,treatment,treatment_0014,2,2,10,candidate,2,,,0.0,,3.0,0.007060888417806463,1.0000 0.0000
chipmean,sentinel2,treatment_0014,treatment,treatment_0014,2,2,10,candidate,2,,,0.0,,4.0,0.007060888417806463,1.0000 0.0000
chipmean,sentinel2,treatment_0014,treatment,treatment_0014,2,2,10,candidate,2,,,0.0,,5.0,0.007060888417806463,1.0000 0.0000
chipmean,sentinel2,treatment_0014,treatment,treatment_0014,2,2,10,candidate,2,,,0.0,,6.0,0.007060888417806463,1.0000 0.0000
chipmean,sentinel2,treatment_0014,treatment,treatment_0014,2,2,10,candidate,2,,,0.0,,7.0,0.007060888417806463,1.0000 0.0000
chipmean,sentinel2,treatment_0015,treatment,treatment_0015,2,2,10,path,1,1.0,0.007414355183406273,inf,True,,,
chipmean,sentinel2,treatment_0015,treatment,treatment_0015,2,2,10,path,2,2.0,0.007414355183406273,0.0,False,,,
chipmean,sentinel2,treatment_0015,treatment,treatment_0015,2,2,10,candidate,1,,,,,1.0,0.007414355183406273,1.0000
chipmean,sentinel2,treatment_0015,treatment,treatment_0015,2,2,10,candidate,1,,,,,2.0,0.01493884266880668,1.0000
chipmean,sentinel2,treatment_0015,treatment,treatment_0015,2,2,10,candidate,1,,,,,3.0,0.023944652216649178,1.0000
chipmean,sentinel2,treatment_0015,treatment,treatment_0015,2,2,10,candidate,1,,,,,4.0,0.03400391152341219,1.0000
chipmean,sentinel2,treatment_0015,treatment,treatment_0015,2,2,10,candidate,1,,,,,5.0,0.04499207366864938,1.0000
chipmean,sentinel2,treatment_0015,treatment,treatment_0015,2,2,10,candidate,1,,,,,6.0,0.05719876498249744,1.0000
chipmean,sentinel2,treatment_0015,treatment,treatment_0015,2,2,10,candidate,1,,,,,7.0,0.07154696266843573,1.0000
chipmean,sentinel2,treatment_0015,treatment,treatment_0015,2,2,10,candidate,2,,,0.0,,2.0,0.007414355183406273,1.0000 0.0000
chipmean,sentinel2,treatment_0015,treatment,treatment_0015,2,2,10,candidate,2,,,0.0,,3.0,0.007414355183406273,1.0000 0.0000
chipmean,sentinel2,treatment_0015,treatment,treatment_0015,2,2,10,candidate,2,,,0.0,,4.0,0.007414355183406273,1.0000 0.0000
chipmean,sentinel2,treatment_0015,treatment,treatment_0015,2,2,10,candidate,2,,,0.0,,5.0,0.007414355183406273,1.0000 0.0000
chipmean,sentinel2,treatment_0015,treatment,treatment_0015,2,2,10,candidate,2,,,0.0,,6.0,0.007414355183406273,1.0000 0.0000
chipmean,sentinel2,treatment_0015,treatment,treatment_0015,2,2,10,candidate,2,,,0.0,,7.0,0.007414355183406273,1.0000 0.0000
chipmean,sentinel2,treatment_0001,treatment,treatment_0001,2,3,10,path,1,1.0,0.007627632551452818,inf,True,,,
chipmean,sentinel2,treatment_0001,treatment,treatment_0001,2,3,10,path,2,2.0,0.007627632551452818,0.0,False,,,
chipmean,sentinel2,treatment_0001,treatment,treatment_0001,2,3,10,candidate,1,,,,,1.0,0.007627632551452818,1.0000
chipmean,sentinel2,treatment_0001,treatment,treatment_0001,2,3,10,candidate,1,,,,,2.0,0.016180826170210987,1.0000
chipmean,sentinel2,treatment_0001,treatment,treatment_0001,2,3,10,candidate,1,,,,,3.0,0.027161878474097206,1.0000
chipmean,sentinel2,treatment_0001,treatment,treatment_0001,2,3,10,candidate,1,,,,,4.0,0.040168726295404765,1.0000
chipmean,sentinel2,treatment_0001,treatment,treatment_0001,2,3,10,candidate,1,,,,,5.0,0.05495625677167317,1.0000
chipmean,sentinel2,treatment_0001,treatment,treatment_0001,2,3,10,candidate,1,,,,,6.0,0.07149494884104676,1.0000
chipmean,sentinel2,treatment_0001,treatment,treatment_0001,2,3,10,candidate,2,,,0.0,,2.0,0.007627632551452818,1.0000 0.0000
chipmean,sentinel2,treatment_0001,treatment,treatment_0001,2,3,10,candidate,2,,,0.0,,3.0,0.007627632551452818,1.0000 0.0000
chipmean,sentinel2,treatment_0001,treatment,treatment_0001,2,3,10,candidate,2,,,0.0,,4.0,0.007627632551452818,1.0000 0.0000
chipmean,sentinel2,treatment_0001,treatment,treatment_0001,2,3,10,candidate,2,,,0.0,,5.0,0.007627632551452818,1.0000 0.0000
chipmean,sentinel2,treatment_0001,treatment,treatment_0001,2,3,10,candidate,2,,,0.0,,6.0,0.007627632551452818,1.0000 0.0000
chipmean,sentinel2,treatment_0002,treatment,treatment_0002,2,3,10,path,1,1.0,0.005016479777640462,inf,True,,,
chipmean,sentinel2,treatment_0002,treatment,treatment_0002,2,3,10,path,2,2.0,0.005016479777640462,0.0,False,,,
chipmean,sentinel2,treatment_0002,treatment,treatment_0002,2,3,10,candidate,1,,,,,1.0,0.005016479777640462,1.0000
chipmean,sentinel2,treatment_0002,treatment,treatment_0002,2,3,10,candidate,1,,,,,2.0,0.011263020277328097,1.0000
chipmean,sentinel2,treatment_0002,treatment,treatment_0002,2,3,10,candidate,1,,,,,3.0,0.019984233249000012,1.0000
chipmean,sentinel2,treatment_0002,treatment,treatment_0002,2,3,10,candidate,1,,,,,4.0,0.031170221513545156,1.0000
chipmean,sentinel2,treatment_0002,treatment,treatment_0002,2,3,10,candidate,1,,,,,5.0,0.04481351402933802,1.0000
chipmean,sentinel2,treatment_0002,treatment,treatment_0002,2,3,10,candidate,1,,,,,6.0,0.06090910149265915,1.0000
chipmean,sentinel2,treatment_0002,treatment,treatment_0002,2,3,10,candidate,2,,,0.0,,2.0,0.005016479777640462,1.0000 0.0000
chipmean,sentinel2,treatment_0002,treatment,treatment_0002,2,3,10,candidate,2,,,0.0,,3.0,0.005016479777640462,1.0000 0.0000
chipmean,sentinel2,treatment_0002,treatment,treatment_0002,2,3,10,candidate,2,,,0.0,,4.0,0.005016479777640462,1.0000 0.0000
chipmean,sentinel2,treatment_0002,treatment,treatment_0002,2,3,10,candidate,2,,,0.0,,5.0,0.005016479777640462,1.0000 0.0000
chipmean,sentinel2,treatment_0002,treatment,treatment_0002,2,3,10,candidate,2,,,0.0,,6.0,0.005016479777640462,1.0000 0.0000
chipmean,sentinel2,treatment_0003,treatment,treatment_0003,2,3,10,path,1,1.0,0.005624737330261901,inf,True,,,
chipmean,sentinel2,treatment_0003,treatment,treatment_0003,2,3,10,path,2,2.0,0.005624737330261901,0.0,False,,,
chipmean,sentinel2,treatment_0003,treatment,treatment_0003,2,3,10,candidate,1,,,,,1.0,0.005624737330261901,1.0000
chipmean,sentinel2,treatment_0003,treatment,treatment_0003,2,3,10,candidate,1,,,,,2.0,0.012338836338038757,1.0000
chipmean,sentinel2,treatment_0003,treatment,treatment_0003,2,3,10,candidate,1,,,,,3.0,0.021442434561596568,1.0000
chipmean,sentinel2,treatment_0003,treatment,treatment_0003,2,3,10,candidate,1,,,,,4.0,0.03283393501394832,1.0000
chipmean,sentinel2,treatment_0003,treatment,treatment_0003,2,3,10,candidate,1,,,,,5.0,0.046455779794376685,1.0000
chipmean,sentinel2,treatment_0003,treatment,treatment_0003,2,3,10,candidate,1,,,,,6.0,0.06229921655294961,1.0000
chipmean,sentinel2,treatment_0003,treatment,treatment_0003,2,3,10,candidate,2,,,0.0,,2.0,0.005624737330261901,1.0000 0.0000
chipmean,sentinel2,treatment_0003,treatment,treatment_0003,2,3,10,candidate,2,,,0.0,,3.0,0.005624737330261901,1.0000 0.0000
chipmean,sentinel2,treatment_0003,treatment,treatment_0003,2,3,10,candidate,2,,,0.0,,4.0,0.005624737330261901,1.0000 0.0000
chipmean,sentinel2,treatment_0003,treatment,treatment_0003,2,3,10,candidate,2,,,0.0,,5.0,0.005624737330261901,1.0000 0.0000
chipmean,sentinel2,treatment_0003,treatment,treatment_0003,2,3,10,candidate,2,,,0.0,,6.0,0.005624737330261901,1.0000 0.0000
chipmean,sentinel2,treatment_0004,treatment,treatment_0004,2,3,10,path,1,1.0,0.0060609300920767195,inf,True,,,
chipmean,sentinel2,treatment_0004,treatment,treatment_0004,2,3,10,path,2,2.0,0.0060609300920767195,0.0,False,,,
chipmean,sentinel2,treatment_0004,treatment,treatment_0004,2,3,10,candidate,1,,,,,1.0,0.0060609300920767195,1.0000
chipmean,sentinel2,treatment_0004,treatment,treatment_0004,2,3,10,candidate,1,,,,,2.0,0.013218859010418221,1.0000
chipmean,sentinel2,treatment_0004,treatment,treatment_0004,2,3,10,candidate,1,,,,,3.0,0.022834196474737237,1.0000
chipmean,sentinel2,treatment_0004,treatment,treatment_0004,2,3,10,candidate,1,,,,,4.0,0.034729991971773344,1.0000
chipmean,sentinel2,treatment_0004,treatment,treatment_0004,2,3,10,candidate,1,,,,,5.0,0.04876348901348871,1.0000
chipmean,sentinel2,treatment_0004,treatment,treatment_0004,2,3,10,candidate,1,,,,,6.0,0.06485745798846718,1.0000
chipmean,sentinel2,treatment_0004,treatment,treatment_0004,2,3,10,candidate,2,,,0.0,,2.0,0.0060609300920767195,1.0000 0.0000
chipmean,sentinel2,treatment_0004,treatment,treatment_0004,2,3,10,candidate,2,,,0.0,,3.0,0.0060609300920767195,1.0000 0.0000
chipmean,sentinel2,treatment_0004,treatment,treatment_0004,2,3,10,candidate,2,,,0.0,,4.0,0.0060609300920767195,1.0000 0.0000
chipmean,sentinel2,treatment_0004,treatment,treatment_0004,2,3,10,candidate,2,,,0.0,,5.0,0.0060609300920767195,1.0000 0.0000
chipmean,sentinel2,treatment_0004,treatment,treatment_0004,2,3,10,candidate,2,,,0.0,,6.0,0.0060609300920767195,1.0000 0.0000
chipmean,sentinel2,treatment_0005,treatment,treatment_0005,2,3,10,path,1,1.0,0.004980280333272547,inf,True,,,
chipmean,sentinel2,treatment_0005,treatment,treatment_0005,2,3,10,path,2,2.0,0.004980280333272547,0.0,False,,,
chipmean,sentinel2,treatment_0005,treatment,treatment_0005,2,3,10,candidate,1,,,,,1.0,0.004980280333272547,1.0000
chipmean,sentinel2,treatment_0005,treatment,treatment_0005,2,3,10,candidate,1,,,,,2.0,0.01085642627830191,1.0000
chipmean,sentinel2,treatment_0005,treatment,treatment_0005,2,3,10,candidate,1,,,,,3.0,0.01872287264333012,1.0000
chipmean,sentinel2,treatment_0005,treatment,treatment_0005,2,3,10,candidate,1,,,,,4.0,0.028426532033607264,1.0000
chipmean,sentinel2,treatment_0005,treatment,treatment_0005,2,3,10,candidate,1,,,,,5.0,0.03986355990249267,1.0000
chipmean,sentinel2,treatment_0005,treatment,treatment_0005,2,3,10,candidate,1,,,,,6.0,0.05299476544791821,1.0000
chipmean,sentinel2,treatment_0005,treatment,treatment_0005,2,3,10,candidate,2,,,0.0,,2.0,0.004980280333272547,1.0000 0.0000
chipmean,sentinel2,treatment_0005,treatment,treatment_0005,2,3,10,candidate,2,,,0.0,,3.0,0.004980280333272547,1.0000 0.0000
chipmean,sentinel2,treatment_0005,treatment,treatment_0005,2,3,10,candidate,2,,,0.0,,4.0,0.004980280333272547,1.0000 0.0000
chipmean,sentinel2,treatment_0005,treatment,treatment_0005,2,3,10,candidate,2,,,0.0,,5.0,0.004980280333272547,1.0000 0.0000
chipmean,sentinel2,treatment_0005,treatment,treatment_0005,2,3,10,candidate,2,,,0.0,,6.0,0.004980280333272547,1.0000 0.0000
chipmean,sentinel2,treatment_0006,treatment,treatment_0006,2,3,10,path,1,1.0,0.006823065073542927,inf,True,,,
chipmean,sentinel2,treatment_0006,treatment,treatment_0006,2,3,10,path,2,2.0,0.006823065073542927,0.0,False,,,
chipmean,sentinel2,treatment_0006,treatment,treatment_0006,2,3,10,candidate,1,,,,,1.0,0.006823065073542927,1.0000
chipmean,sentinel2,treatment_0006,treatment,treatment_0006,2,3,10,candidate,1,,,,,2.0,0.01481196984135892,1.0000
chipmean,sentinel2,treatment_0006,treatment,treatment_0006,2,3,10,candidate,1,,,,,3.0,0.02542379885096405,1.0000
chipmean,sentinel2,treatment_0006,treatment,treatment_0006,2,3,10,candidate,1,,,,,4.0,0.03838942746730697,1.0000
chipmean,sentinel2,treatment_0006,treatment,treatment_0006,2,3,10,candidate,1,,,,,5.0,0.05349032401363304,1.0000
chipmean,sentinel2,treatment_0006,treatment,treatment_0006,2,3,10,candidate,1,,,,,6.0,0.07057061001713738,1.0000
chipmean,sentinel2,treatment_0006,treatment,treatment_0006,2,3,10,candidate,2,,,0.0,,2.0,0.006823065073542927,1.0000 0.0000
chipmean,sentinel2,treatment_0006,treatment,treatment_0006,2,3,10,candidate,2,,,0.0,,3.0,0.006823065073542927,1.0000 0.0000
chipmean,sentinel2,treatment_0006,treatment,treatment_0006,2,3,10,candidate,2,,,0.0,,4.0,0.006823065073542927,1.0000 0.0000
chipmean,sentinel2,treatment_0006,treatment,treatment_0006,2,3,10,candidate,2,,,0.0,,5.0,0.006823065073542927,1.0000 0.0000
chipmean,sentinel2,treatment_0006,treatment,treatment_0006,2,3,10,candidate,2,,,0.0,,6.0,0.006823065073542927,1.0000 0.0000
chipmean,sentinel2,treatment_0007,treatment,treatment_0007,2,3,10,path,1,1.0,0.005407639399001086,inf,True,,,
chipmean,sentinel2,treatment_0007,treatment,treatment_0007,2,3,10,path,2,2.0,0.005407639399001086,0.0,False,,,
chipmean,sentinel2,treatment_0007,treatment,treatment_0007,2,3,10,candidate,1,,,,,1.0,0.005407639399001086,1.0000
chipmean,sentinel2,treatment_0007,treatment,treatment_0007,2,3,10,candidate,1,,,,,2.0,0.012172830536320324,1.0000
chipmean,sentinel2,treatment_0007,treatment,treatment_0007,2,3,10,candidate,1,,,,,3.0,0.02168436887684263,1.0000
chipmean,sentinel2,treatment_0007,treatment,treatment_0007,2,3,10,candidate,1,,,,,4.0,0.03400137546994697,1.0000
chipmean,sentinel2,treatment_0007,treatment,treatment_0007,2,3,10,candidate,1,,,,,5.0,0.04921064712524922,1.0000
chipmean,sentinel2,treatment_0007,treatment,treatment_0007,2,3,10,candidate,1,,,,,6.0,0.06743515214807153,1.0000
chipmean,sentinel2,treatment_0007,treatment,treatment_0007,2,3,10,candidate,2,,,0.0,,2.0,0.005407639399001086,1.0000 0.0000
chipmean,sentinel2,treatment_0007,treatment,treatment_0007,2,3,10,candidate,2,,,0.0,,3.0,0.005407639399001086,1.0000 0.0000
chipmean,sentinel2,treatment_0007,treatment,treatment_0007,2,3,10,candidate,2,,,0.0,,4.0,0.005407639399001086,1.0000 0.0000
chipmean,sentinel2,treatment_0007,treatment,treatment_0007,2,3,10,candidate,2,,,0.0,,5.0,0.005407639399001086,1.0000 0.0000
chipmean,sentinel2,treatment_0007,treatment,treatment_0007,2,3,10,candidate,2,,,0.0,,6.0,0.005407639399001086,1.0000 0.0000
chipmean,sentinel2,treatment_0008,treatment,treatment_0008,2,3,10,path,1,1.0,0.006709981598613911,inf,True,,,
chipmean,sentinel2,treatment_0008,treatment,treatment_0008,2,3,10,path,2,2.0,0.006709981598613911,0.0,False,,,
chipmean,sentinel2,treatment_0008,treatment,treatment_0008,2,3,10,candidate,1,,,,,1.0,0.006709981598613911,1.0000
chipmean,sentinel2,treatment_0008,treatment,treatment_0008,2,3,10,candidate,1,,,,,2.0,0.014688502393886266,1.0000
chipmean,sentinel2,treatment_0008,treatment,treatment_0008,2,3,10,candidate,1,,,,,3.0,0.025459562980100617,1.0000
chipmean,sentinel2,treatment_0008,treatment,treatment_0008,2,3,10,candidate,1,,,,,4.0,0.038871582678235914,1.0000
chipmean,sentinel2,treatment_0008,treatment,treatment_0008,2,3,10,candidate,1,,,,,5.0,0.05484240941479849,1.0000
chipmean,sentinel2,treatment_0008,treatment,treatment_0008,2,3,10,candidate,1,,,,,6.0,0.07340061562270923,1.0000
chipmean,sentinel2,treatment_0008,treatment,treatment_0008,2,3,10,candidate,2,,,0.0,,2.0,0.006709981598613911,1.0000 0.0000
chipmean,sentinel2,treatment_0008,treatment,treatment_0008,2,3,10,candidate,2,,,0.0,,3.0,0.006709981598613911,1.0000 0.0000
chipmean,sentinel2,treatment_0008,treatment,treatment_0008,2,3,10,candidate,2,,,0.0,,4.0,0.006709981598613911,1.0000 0.0000
chipmean,sentinel2,treatment_0008,treatment,treatment_0008,2,3,10,candidate,2,,,0.0,,5.0,0.006709981598613911,1.0000 0.0000
chipmean,sentinel2,treatment_0008,treatment,treatment_0008,2,3,10,candidate,2,,,0.0,,6.0,0.006709981598613911,1.0000 0.0000
chipmean,sentinel2,treatment_0009,treatment,treatment_0009,2,3,10,path,1,1.0,0.006061775812259106,inf,True,,,
chipmean,sentinel2,treatment_0009,treatment,treatment_0009,2,3,10,path,2,2.0,0.006061775812259106,0.0,False,,,
chipmean,sentinel2,treatment_0009,treatment,treatment_0009,2,3,10,candidate,1,,,,,1.0,0.006061775812259106,1.0000
chipmean,sentinel2,treatment_0009,treatment,treatment_0009,2,3,10,candidate,1,,,,,2.0,0.01314812273039678,1.0000
chipmean,sentinel2,treatment_0009,treatment,treatment_0009,2,3,10,candidate,1,,,,,3.0,0.022663444959550062,1.0000
chipmean,sentinel2,treatment_0009,treatment,treatment_0009,2,3,10,candidate,1,,,,,4.0,0.03452871926669811,1.0000
chipmean,sentinel2,treatment_0009,treatment,treatment_0009,2,3,10,candidate,1,,,,,5.0,0.04876738666567607,1.0000
chipmean,sentinel2,treatment_0009,treatment,treatment_0009,2,3,10,candidate,1,,,,,6.0,0.06553636137752979,1.0000
chipmean,sentinel2,treatment_0009,treatment,treatment_0009,2,3,10,candidate,2,,,0.0,,2.0,0.006061775812259106,1.0000 0.0000
chipmean,sentinel2,treatment_0009,treatment,treatment_0009,2,3,10,candidate,2,,,0.0,,3.0,0.006061775812259106,1.0000 0.0000
chipmean,sentinel2,treatment_0009,treatment,treatment_0009,2,3,10,candidate,2,,,0.0,,4.0,0.006061775812259106,1.0000 0.0000
chipmean,sentinel2,treatment_0009,treatment,treatment_0009,2,3,10,candidate,2,,,0.0,,5.0,0.006061775812259106,1.0000 0.0000
chipmean,sentinel2,treatment_0009,treatment,treatment_0009,2,3,10,candidate,2,,,0.0,,6.0,0.006061775812259106,1.0000 0.0000
chipmean,sentinel2,treatment_0010,treatment,treatment_0010,2,3,10,path,1,1.0,0.009644588659147533,inf,True,,,
chipmean,sentinel2,treatment_0010,treatment,treatment_0010,2,3,10,path,2,2.0,0.009644588659147533,0.0,False,,,
chipmean,sentinel2,treatment_0010,treatment,treatment_0010,2,3,10,candidate,1,,,,,1.0,0.009644588659147533,1.0000
chipmean,sentinel2,treatment_0010,treatment,treatment_0010,2,3,10,candidate,1,,,,,2.0,0.019612514344750497,1.0000
chipmean,sentinel2,treatment_0010,treatment,treatment_0010,2,3,10,candidate,1,,,,,3.0,0.03165406221580491,1.0000
chipmean,sentinel2,treatment_0010,treatment,treatment_0010,2,3,10,candidate,1,,,,,4.0,0.04516047742946359,1.0000
chipmean,sentinel2,treatment_0010,treatment,treatment_0010,2,3,10,candidate,1,,,,,5.0,0.059789537255740544,1.0000
chipmean,sentinel2,treatment_0010,treatment,treatment_0010,2,3,10,candidate,1,,,,,6.0,0.07548634033276165,1.0000
chipmean,sentinel2,treatment_0010,treatment,treatment_0010,2,3,10,candidate,2,,,0.0,,2.0,0.009644588659147533,1.0000 0.0000
chipmean,sentinel2,treatment_0010,treatment,treatment_0010,2,3,10,candidate,2,,,0.0,,3.0,0.009644588659147533,1.0000 0.0000
chipmean,sentinel2,treatment_0010,treatment,treatment_0010,2,3,10,candidate,2,,,0.0,,4.0,0.009644588659147533,1.0000 0.0000
chipmean,sentinel2,treatment_0010,treatment,treatment_0010,2,3,10,candidate,2,,,0.0,,5.0,0.009644588659147533,1.0000 0.0000
chipmean,sentinel2,treatment_0010,treatment,treatment_0010,2,3,10,candidate,2,,,0.0,,6.0,0.009644588659147533,1.0000 0.0000
chipmean,sentinel2,treatment_0011,treatment,treatment_0011,2,3,10,path,1,1.0,0.005678267573326091,inf,True,,,
chipmean,sentinel2,treatment_0011,treatment,treatment_0011,2,3,10,path,2,2.0,0.005678267573326091,0.0,False,,,
chipmean,sentinel2,treatment_0011,treatment,treatment_0011,2,3,10,candidate,1,,,,,1.0,0.005678267573326091,1.0000
chipmean,sentinel2,treatment_0011,treatment,treatment_0011,2,3,10,candidate,1,,,,,2.0,0.012751200154573362,1.0000
chipmean,sentinel2,treatment_0011,treatment,treatment_0011,2,3,10,candidate,1,,,,,3.0,0.02262696782340693,1.0000
chipmean,sentinel2,treatment_0011,treatment,treatment_0011,2,3,10,candidate,1,,,,,4.0,0.03529156581620308,1.0000
chipmean,sentinel2,treatment_0011,treatment,treatment_0011,2,3,10,candidate,1,,,,,5.0,0.05073129533013568,1.0000
chipmean,sentinel2,treatment_0011,treatment,treatment_0011,2,3,10,candidate,1,,,,,6.0,0.06893366499291904,1.0000
chipmean,sentinel2,treatment_0011,treatment,treatment_0011,2,3,10,candidate,2,,,0.0,,2.0,0.005678267573326091,1.0000 0.0000
chipmean,sentinel2,treatment_0011,treatment,treatment_0011,2,3,10,candidate,2,,,0.0,,3.0,0.005678267573326091,1.0000 0.0000
chipmean,sentinel2,treatment_0011,treatment,treatment_0011,2,3,10,candidate,2,,,0.0,,4.0,0.005678267573326091,1.0000 0.0000
chipmean,sentinel2,treatment_0011,treatment,treatment_0011,2,3,10,candidate,2,,,0.0,,5.0,0.005678267573326091,1.0000 0.0000
chipmean,sentinel2,treatment_0011,treatment,treatment_0011,2,3,10,candidate,2,,,0.0,,6.0,0.005678267573326091,1.0000 0.0000
chipmean,sentinel2,treatment_0012,treatment,treatment_0012,2,3,10,path,1,1.0,0.006021594205301373,inf,True,,,
chipmean,sentinel2,treatment_0012,treatment,treatment_0012,2,3,10,path,2,2.0,0.006021594205301373,0.0,False,,,
chipmean,sentinel2,treatment_0012,treatment,treatment_0012,2,3,10,candidate,1,,,,,1.0,0.006021594205301373,1.0000
chipmean,sentinel2,treatment_0012,treatment,treatment_0012,2,3,10,candidate,1,,,,,2.0,0.013575749097068998,1.0000
chipmean,sentinel2,treatment_0012,treatment,treatment_0012,2,3,10,candidate,1,,,,,3.0,0.02417790089995589,1.0000
chipmean,sentinel2,treatment_0012,treatment,treatment_0012,2,3,10,candidate,1,,,,,4.0,0.037837568660880325,1.0000
chipmean,sentinel2,treatment_0012,treatment,treatment_0012,2,3,10,candidate,1,,,,,5.0,0.05456061638647504,1.0000
chipmean,sentinel2,treatment_0012,treatment,treatment_0012,2,3,10,candidate,1,,,,,6.0,0.07434965356090581,1.0000
chipmean,sentinel2,treatment_0012,treatment,treatment_0012,2,3,10,candidate,2,,,0.0,,2.0,0.006021594205301373,1.0000 0.0000
chipmean,sentinel2,treatment_0012,treatment,treatment_0012,2,3,10,candidate,2,,,0.0,,3.0,0.006021594205301373,1.0000 0.0000
chipmean,sentinel2,treatment_0012,treatment,treatment_0012,2,3,10,candidate,2,,,0.0,,4.0,0.006021594205301373,1.0000 0.0000
chipmean,sentinel2,treatment_0012,treatment,treatment_0012,2,3,10,candidate,2,,,0.0,,5.0,0.006021594205301373,1.0000 0.0000
chipmean,sentinel2,treatment_0012,treatment,treatment_0012,2,3,10,candidate,2,,,0.0,,6.0,0.006021594205301373,1.0000 0.0000
chipmean,sentinel2,treatment_0013,treatment,treatment_0013,2,3,10,path,1,1.0,0.006352139185501632,inf,True,,,
chipmean,sentinel2,treatment_0013,treatment,treatment_0013,2,3,10,path,2,2.0,0.006352139185501632,0.0,False,,,
chipmean,sentinel2,treatment_0013,treatment,treatment_0013,2,3,10,candidate,1,,,,,1.0,0.006352139185501632,1.0000
chipmean,sentinel2,treatment_0013,treatment,treatment_0013,2,3,10,candidate,1,,,,,2.0,0.014283118694561225,1.0000
chipmean,sentinel2,treatment_0013,treatment,treatment_0013,2,3,10,candidate,1,,,,,3.0,0.0253849787922479,1.0000
chipmean,sentinel2,treatment_0013,treatment,treatment_0013,2,3,10,candidate,1,,,,,4.0,0.03965781338206974,1.0000
chipmean,sentinel2,treatment_0013,treatment,treatment_0013,2,3,10,candidate,1,,,,,5.0,0.05711427309211794,1.0000
chipmean,sentinel2,treatment_0013,treatment,treatment_0013,2,3,10,candidate,1,,,,,6.0,0.07781567792503062,1.0000
chipmean,sentinel2,treatment_0013,treatment,treatment_0013,2,3,10,candidate,2,,,0.0,,2.0,0.006352139185501632,1.0000 0.0000
chipmean,sentinel2,treatment_0013,treatment,treatment_0013,2,3,10,candidate,2,,,0.0,,3.0,0.006352139185501632,1.0000 0.0000
chipmean,sentinel2,treatment_0013,treatment,treatment_0013,2,3,10,candidate,2,,,0.0,,4.0,0.006352139185501632,1.0000 0.0000
chipmean,sentinel2,treatment_0013,treatment,treatment_0013,2,3,10,candidate,2,,,0.0,,5.0,0.006352139185501632,1.0000 0.0000
chipmean,sentinel2,treatment_0013,treatment,treatment_0013,2,3,10,candidate,2,,,0.0,,6.0,0.006352139185501632,1.0000 0.0000
chipmean,sentinel2,treatment_0014,treatment,treatment_0014,2,3,10,path,1,1.0,0.007069035611504515,inf,True,,,
chipmean,sentinel2,treatment_0014,treatment,treatment_0014,2,3,10,path,2,2.0,0.007069035611504515,0.0,False,,,
chipmean,sentinel2,treatment_0014,treatment,treatment_0014,2,3,10,candidate,1,,,,,1.0,0.007069035611504515,1.0000
chipmean,sentinel2,treatment_0014,treatment,treatment_0014,2,3,10,candidate,1,,,,,2.0,0.015919945822138674,1.0000
chipmean,sentinel2,treatment_0014,treatment,treatment_0014,2,3,10,candidate,1,,,,,3.0,0.028326199843198317,1.0000
chipmean,sentinel2,treatment_0014,treatment,treatment_0014,2,3,10,candidate,1,,,,,4.0,0.04429446658995533,1.0000
chipmean,sentinel2,treatment_0014,treatment,treatment_0014,2,3,10,candidate,1,,,,,5.0,0.06383029236069529,1.0000
chipmean,sentinel2,treatment_0014,treatment,treatment_0014,2,3,10,candidate,1,,,,,6.0,0.08693831068654184,1.0000
chipmean,sentinel2,treatment_0014,treatment,treatment_0014,2,3,10,candidate,2,,,0.0,,2.0,0.007069035611504515,1.0000 0.0000
chipmean,sentinel2,treatment_0014,treatment,treatment_0014,2,3,10,candidate,2,,,0.0,,3.0,0.007069035611504515,1.0000 0.0000
chipmean,sentinel2,treatment_0014,treatment,treatment_0014,2,3,10,candidate,2,,,0.0,,4.0,0.007069035611504515,1.0000 0.0000
chipmean,sentinel2,treatment_0014,treatment,treatment_0014,2,3,10,candidate,2,,,0.0,,5.0,0.007069035611504515,1.0000 0.0000
chipmean,sentinel2,treatment_0014,treatment,treatment_0014,2,3,10,candidate,2,,,0.0,,6.0,0.007069035611504515,1.0000 0.0000
chipmean,sentinel2,treatment_0015,treatment,treatment_0015,2,3,10,path,1,1.0,0.006866839667025436,inf,True,,,
chipmean,sentinel2,treatment_0015,treatment,treatment_0015,2,3,10,path,2,2.0,0.006866839667025436,0.0,False,,,
chipmean,sentinel2,treatment_0015,treatment,treatment_0015,2,3,10,candidate,1,,,,,1.0,0.006866839667025436,1.0000
chipmean,sentinel2,treatment_0015,treatment,treatment_0015,2,3,10,candidate,1,,,,,2.0,0.0140189387525764,1.0000
chipmean,sentinel2,treatment_0015,treatment,treatment_0015,2,3,10,candidate,1,,,,,3.0,0.022807893808334145,1.0000
chipmean,sentinel2,treatment_0015,treatment,treatment_0015,2,3,10,candidate,1,,,,,4.0,0.032967867581621346,1.0000
chipmean,sentinel2,treatment_0015,treatment,treatment_0015,2,3,10,candidate,1,,,,,5.0,0.04458662018829204,1.0000
chipmean,sentinel2,treatment_0015,treatment,treatment_0015,2,3,10,candidate,1,,,,,6.0,0.05826895725820699,1.0000
chipmean,sentinel2,treatment_0015,treatment,treatment_0015,2,3,10,candidate,2,,,0.0,,2.0,0.006866839667025436,1.0000 0.0000
chipmean,sentinel2,treatment_0015,treatment,treatment_0015,2,3,10,candidate,2,,,0.0,,3.0,0.006866839667025436,1.0000 0.0000
chipmean,sentinel2,treatment_0015,treatment,treatment_0015,2,3,10,candidate,2,,,0.0,,4.0,0.006866839667025436,1.0000 0.0000
chipmean,sentinel2,treatment_0015,treatment,treatment_0015,2,3,10,candidate,2,,,0.0,,5.0,0.006866839667025436,1.0000 0.0000
chipmean,sentinel2,treatment_0015,treatment,treatment_0015,2,3,10,candidate,2,,,0.0,,6.0,0.006866839667025436,1.0000 0.0000
chipmean,sentinel2,treatment_0001,treatment,treatment_0001,2,4,10,path,1,1.0,0.007286506825548803,inf,True,,,
chipmean,sentinel2,treatment_0001,treatment,treatment_0001,2,4,10,path,2,2.0,0.007286506825548803,0.0,False,,,
chipmean,sentinel2,treatment_0001,treatment,treatment_0001,2,4,10,candidate,1,,,,,1.0,0.007286506825548803,1.0000
chipmean,sentinel2,treatment_0001,treatment,treatment_0001,2,4,10,candidate,1,,,,,2.0,0.01551947444947918,1.0000
chipmean,sentinel2,treatment_0001,treatment,treatment_0001,2,4,10,candidate,1,,,,,3.0,0.02618279574413455,1.0000
chipmean,sentinel2,treatment_0001,treatment,treatment_0001,2,4,10,candidate,1,,,,,4.0,0.038971524698792476,1.0000
chipmean,sentinel2,treatment_0001,treatment,treatment_0001,2,4,10,candidate,1,,,,,5.0,0.05376683684092068,1.0000
chipmean,sentinel2,treatment_0001,treatment,treatment_0001,2,4,10,candidate,2,,,0.0,,2.0,0.007286506825548803,1.0000 0.0000
chipmean,sentinel2,treatment_0001,treatment,treatment_0001,2,4,10,candidate,2,,,0.0,,3.0,0.007286506825548803,1.0000 0.0000
chipmean,sentinel2,treatment_0001,treatment,treatment_0001,2,4,10,candidate,2,,,0.0,,4.0,0.007286506825548803,1.0000 0.0000
chipmean,sentinel2,treatment_0001,treatment,treatment_0001,2,4,10,candidate,2,,,0.0,,5.0,0.007286506825548803,1.0000 0.0000
chipmean,sentinel2,treatment_0002,treatment,treatment_0002,2,4,10,path,1,1.0,0.00501138612635543,inf,True,,,
chipmean,sentinel2,treatment_0002,treatment,treatment_0002,2,4,10,path,2,2.0,0.00501138612635543,0.0,False,,,
chipmean,sentinel2,treatment_0002,treatment,treatment_0002,2,4,10,candidate,1,,,,,1.0,0.00501138612635543,1.0000
chipmean,sentinel2,treatment_0002,treatment,treatment_0002,2,4,10,candidate,1,,,,,2.0,0.011256296756028314,1.0000
chipmean,sentinel2,treatment_0002,treatment,treatment_0002,2,4,10,candidate,1,,,,,3.0,0.019980499627414994,1.0000
chipmean,sentinel2,treatment_0002,treatment,treatment_0002,2,4,10,candidate,1,,,,,4.0,0.03117701038975624,1.0000
chipmean,sentinel2,treatment_0002,treatment,treatment_0002,2,4,10,candidate,1,,,,,5.0,0.04484129055720938,1.0000
chipmean,sentinel2,treatment_0002,treatment,treatment_0002,2,4,10,candidate,2,,,0.0,,2.0,0.00501138612635543,1.0000 0.0000
chipmean,sentinel2,treatment_0002,treatment,treatment_0002,2,4,10,candidate,2,,,0.0,,3.0,0.00501138612635543,1.0000 0.0000
chipmean,sentinel2,treatment_0002,treatment,treatment_0002,2,4,10,candidate,2,,,0.0,,4.0,0.00501138612635543,1.0000 0.0000
chipmean,sentinel2,treatment_0002,treatment,treatment_0002,2,4,10,candidate,2,,,0.0,,5.0,0.00501138612635543,1.0000 0.0000
chipmean,sentinel2,treatment_0003,treatment,treatment_0003,2,4,10,path,1,1.0,0.0055204816802487625,inf,True,,,
chipmean,sentinel2,treatment_0003,treatment,treatment_0003,2,4,10,path,2,2.0,0.0055204816802487625,0.0,False,,,
chipmean,sentinel2,treatment_0003,treatment,treatment_0003,2,4,10,candidate,1,,,,,1.0,0.0055204816802487625,1.0000
chipmean,sentinel2,treatment_0003,treatment,treatment_0003,2,4,10,candidate,1,,,,,2.0,0.012150048304002735,1.0000
chipmean,sentinel2,treatment_0003,treatment,treatment_0003,2,4,10,candidate,1,,,,,3.0,0.021184527860294233,1.0000
chipmean,sentinel2,treatment_0003,treatment,treatment_0003,2,4,10,candidate,1,,,,,4.0,0.03254988490225285,1.0000
chipmean,sentinel2,treatment_0003,treatment,treatment_0003,2,4,10,candidate,1,,,,,5.0,0.04621903081954806,1.0000
chipmean,sentinel2,treatment_0003,treatment,treatment_0003,2,4,10,candidate,2,,,0.0,,2.0,0.0055204816802487625,1.0000 0.0000
chipmean,sentinel2,treatment_0003,treatment,treatment_0003,2,4,10,candidate,2,,,0.0,,3.0,0.0055204816802487625,1.0000 0.0000
chipmean,sentinel2,treatment_0003,treatment,treatment_0003,2,4,10,candidate,2,,,0.0,,4.0,0.0055204816802487625,1.0000 0.0000
chipmean,sentinel2,treatment_0003,treatment,treatment_0003,2,4,10,candidate,2,,,0.0,,5.0,0.0055204816802487625,1.0000 0.0000
chipmean,sentinel2,treatment_0004,treatment,treatment_0004,2,4,10,path,1,1.0,0.005977520135079032,inf,True,,,
chipmean,sentinel2,treatment_0004,treatment,treatment_0004,2,4,10,path,2,2.0,0.005977520135079032,0.0,False,,,
chipmean,sentinel2,treatment_0004,treatment,treatment_0004,2,4,10,candidate,1,,,,,1.0,0.005977520135079032,1.0000
chipmean,sentinel2,treatment_0004,treatment,treatment_0004,2,4,10,candidate,1,,,,,2.0,0.01311079936652543,1.0000
chipmean,sentinel2,treatment_0004,treatment,treatment_0004,2,4,10,candidate,1,,,,,3.0,0.022771423877185244,1.0000
chipmean,sentinel2,treatment_0004,treatment,treatment_0004,2,4,10,candidate,1,,,,,4.0,0.03482959107099209,1.0000
chipmean,sentinel2,treatment_0004,treatment,treatment_0004,2,4,10,candidate,1,,,,,5.0,0.04920917680680213,1.0000
chipmean,sentinel2,treatment_0004,treatment,treatment_0004,2,4,10,candidate,2,,,0.0,,2.0,0.005977520135079032,1.0000 0.0000
chipmean,sentinel2,treatment_0004,treatment,treatment_0004,2,4,10,candidate,2,,,0.0,,3.0,0.005977520135079032,1.0000 0.0000
chipmean,sentinel2,treatment_0004,treatment,treatment_0004,2,4,10,candidate,2,,,0.0,,4.0,0.005977520135079032,1.0000 0.0000
chipmean,sentinel2,treatment_0004,treatment,treatment_0004,2,4,10,candidate,2,,,0.0,,5.0,0.005977520135079032,1.0000 0.0000
chipmean,sentinel2,treatment_0005,treatment,treatment_0005,2,4,10,path,1,1.0,0.004861288437081637,inf,True,,,
chipmean,sentinel2,treatment_0005,treatment,treatment_0005,2,4,10,path,2,2.0,0.004861288437081637,0.0,False,,,
chipmean,sentinel2,treatment_0005,treatment,treatment_0005,2,4,10,candidate,1,,,,,1.0,0.004861288437081637,1.0000
chipmean,sentinel2,treatment_0005,treatment,treatment_0005,2,4,10,candidate,1,,,,,2.0,0.010627973361242587,1.0000
chipmean,sentinel2,treatment_0005,treatment,treatment_0005,2,4,10,candidate,1,,,,,3.0,0.018390540690337614,1.0000
chipmean,sentinel2,treatment_0005,treatment,treatment_0005,2,4,10,candidate,1,,,,,4.0,0.02803167609530147,1.0000
chipmean,sentinel2,treatment_0005,treatment,treatment_0005,2,4,10,candidate,1,,,,,5.0,0.039491715298761,1.0000
chipmean,sentinel2,treatment_0005,treatment,treatment_0005,2,4,10,candidate,2,,,0.0,,2.0,0.004861288437081637,1.0000 0.0000
chipmean,sentinel2,treatment_0005,treatment,treatment_0005,2,4,10,candidate,2,,,0.0,,3.0,0.004861288437081637,1.0000 0.0000
chipmean,sentinel2,treatment_0005,treatment,treatment_0005,2,4,10,candidate,2,,,0.0,,4.0,0.004861288437081637,1.0000 0.0000
chipmean,sentinel2,treatment_0005,treatment,treatment_0005,2,4,10,candidate,2,,,0.0,,5.0,0.004861288437081637,1.0000 0.0000
chipmean,sentinel2,treatment_0006,treatment,treatment_0006,2,4,10,path,1,1.0,0.006619807055834439,inf,True,,,
chipmean,sentinel2,treatment_0006,treatment,treatment_0006,2,4,10,path,2,2.0,0.006619807055834439,0.0,False,,,
chipmean,sentinel2,treatment_0006,treatment,treatment_0006,2,4,10,candidate,1,,,,,1.0,0.006619807055834439,1.0000
chipmean,sentinel2,treatment_0006,treatment,treatment_0006,2,4,10,candidate,1,,,,,2.0,0.014395613359311546,1.0000
chipmean,sentinel2,treatment_0006,treatment,treatment_0006,2,4,10,candidate,1,,,,,3.0,0.02475834964223764,1.0000
chipmean,sentinel2,treatment_0006,treatment,treatment_0006,2,4,10,candidate,1,,,,,4.0,0.03747183017487176,1.0000
chipmean,sentinel2,treatment_0006,treatment,treatment_0006,2,4,10,candidate,1,,,,,5.0,0.052356319636935836,1.0000
chipmean,sentinel2,treatment_0006,treatment,treatment_0006,2,4,10,candidate,2,,,0.0,,2.0,0.006619807055834439,1.0000 0.0000
chipmean,sentinel2,treatment_0006,treatment,treatment_0006,2,4,10,candidate,2,,,0.0,,3.0,0.006619807055834439,1.0000 0.0000
chipmean,sentinel2,treatment_0006,treatment,treatment_0006,2,4,10,candidate,2,,,0.0,,4.0,0.006619807055834439,1.0000 0.0000
chipmean,sentinel2,treatment_0006,treatment,treatment_0006,2,4,10,candidate,2,,,0.0,,5.0,0.006619807055834439,1.0000 0.0000
chipmean,sentinel2,treatment_0007,treatment,treatment_0007,2,4,10,path,1,1.0,0.005443913859282094,inf,True,,,
chipmean,sentinel2,treatment_0007,treatment,treatment_0007,2,4,10,path,2,2.0,0.005443913859282094,0.0,False,,,
chipmean,sentinel2,treatment_0007,treatment,treatment_0007,2,4,10,candidate,1,,,,,1.0,0.005443913859282094,1.0000
chipmean,sentinel2,treatment_0007,treatment,treatment_0007,2,4,10,candidate,1,,,,,2.0,0.012286454206885001,1.0000
chipmean,sentinel2,treatment_0007,treatment,treatment_0007,2,4,10,candidate,1,,,,,3.0,0.021942908144703878,1.0000
chipmean,sentinel2,treatment_0007,treatment,treatment_0007,2,4,10,candidate,1,,,,,4.0,0.034495892777446226,1.0000
chipmean,sentinel2,treatment_0007,treatment,treatment_0007,2,4,10,candidate,1,,,,,5.0,0.050060510036662065,1.0000
chipmean,sentinel2,treatment_0007,treatment,treatment_0007,2,4,10,candidate,2,,,0.0,,2.0,0.005443913859282094,1.0000 0.0000
chipmean,sentinel2,treatment_0007,treatment,treatment_0007,2,4,10,candidate,2,,,0.0,,3.0,0.005443913859282094,1.0000 0.0000
chipmean,sentinel2,treatment_0007,treatment,treatment_0007,2,4,10,candidate,2,,,0.0,,4.0,0.005443913859282094,1.0000 0.0000
chipmean,sentinel2,treatment_0007,treatment,treatment_0007,2,4,10,candidate,2,,,0.0,,5.0,0.005443913859282094,1.0000 0.0000
chipmean,sentinel2,treatment_0008,treatment,treatment_0008,2,4,10,path,1,1.0,0.006626619666539005,inf,True,,,
chipmean,sentinel2,treatment_0008,treatment,treatment_0008,2,4,10,path,2,2.0,0.006626619666539005,0.0,False,,,
chipmean,sentinel2,treatment_0008,treatment,treatment_0008,2,4,10,candidate,1,,,,,1.0,0.006626619666539005,1.0000
chipmean,sentinel2,treatment_0008,treatment,treatment_0008,2,4,10,candidate,1,,,,,2.0,0.014582025782909484,1.0000
chipmean,sentinel2,treatment_0008,treatment,treatment_0008,2,4,10,candidate,1,,,,,3.0,0.025412836736832534,1.0000
chipmean,sentinel2,treatment_0008,treatment,treatment_0008,2,4,10,candidate,1,,,,,4.0,0.03903036258682013,1.0000
chipmean,sentinel2,treatment_0008,treatment,treatment_0008,2,4,10,candidate,1,,,,,5.0,0.055438268400987804,1.0000
chipmean,sentinel2,treatment_0008,treatment,treatment_0008,2,4,10,candidate,2,,,0.0,,2.0,0.006626619666539005,1.0000 0.0000
chipmean,sentinel2,treatment_0008,treatment,treatment_0008,2,4,10,candidate,2,,,0.0,,3.0,0.006626619666539005,1.0000 0.0000
chipmean,sentinel2,treatment_0008,treatment,treatment_0008,2,4,10,candidate,2,,,0.0,,4.0,0.006626619666539005,1.0000 0.0000
chipmean,sentinel2,treatment_0008,treatment,treatment_0008,2,4,10,candidate,2,,,0.0,,5.0,0.006626619666539005,1.0000 0.0000
chipmean,sentinel2,treatment_0009,treatment,treatment_0009,2,4,10,path,1,1.0,0.005949475749820467,inf,True,,,
chipmean,sentinel2,treatment_0009,treatment,treatment_0009,2,4,10,path,2,2.0,0.005949475749820467,0.0,False,,,
chipmean,sentinel2,treatment_0009,treatment,treatment_0009,2,4,10,candidate,1,,,,,1.0,0.005949475749820467,1.0000
chipmean,sentinel2,treatment_0009,treatment,treatment_0009,2,4,10,candidate,1,,,,,2.0,0.01301027300924275,1.0000
chipmean,sentinel2,treatment_0009,treatment,treatment_0009,2,4,10,candidate,1,,,,,3.0,0.022611567566085886,1.0000
chipmean,sentinel2,treatment_0009,treatment,treatment_0009,2,4,10,candidate,1,,,,,4.0,0.034746022342947464,1.0000
chipmean,sentinel2,treatment_0009,treatment,treatment_0009,2,4,10,candidate,1,,,,,5.0,0.04952760031521352,1.0000
chipmean,sentinel2,treatment_0009,treatment,treatment_0009,2,4,10,candidate,2,,,0.0,,2.0,0.005949475749820467,1.0000 0.0000
chipmean,sentinel2,treatment_0009,treatment,treatment_0009,2,4,10,candidate,2,,,0.0,,3.0,0.005949475749820467,1.0000 0.0000
chipmean,sentinel2,treatment_0009,treatment,treatment_0009,2,4,10,candidate,2,,,0.0,,4.0,0.005949475749820467,1.0000 0.0000
chipmean,sentinel2,treatment_0009,treatment,treatment_0009,2,4,10,candidate,2,,,0.0,,5.0,0.005949475749820467,1.0000 0.0000
chipmean,sentinel2,treatment_0010,treatment,treatment_0010,2,4,10,path,1,1.0,0.009041575426245755,inf,True,,,
chipmean,sentinel2,treatment_0010,treatment,treatment_0010,2,4,10,path,2,2.0,0.009041575426245755,0.0,False,,,
chipmean,sentinel2,treatment_0010,treatment,treatment_0010,2,4,10,candidate,1,,,,,1.0,0.009041575426245755,1.0000
chipmean,sentinel2,treatment_0010,treatment,treatment_0010,2,4,10,candidate,1,,,,,2.0,0.01860062296851152,1.0000
chipmean,sentinel2,treatment_0010,treatment,treatment_0010,2,4,10,candidate,1,,,,,3.0,0.030412850574677335,1.0000
chipmean,sentinel2,treatment_0010,treatment,treatment_0010,2,4,10,candidate,1,,,,,4.0,0.04401565284613356,1.0000
chipmean,sentinel2,treatment_0010,treatment,treatment_0010,2,4,10,candidate,1,,,,,5.0,0.05922674221288155,1.0000
chipmean,sentinel2,treatment_0010,treatment,treatment_0010,2,4,10,candidate,2,,,0.0,,2.0,0.009041575426245755,1.0000 0.0000
chipmean,sentinel2,treatment_0010,treatment,treatment_0010,2,4,10,candidate,2,,,0.0,,3.0,0.009041575426245755,1.0000 0.0000
chipmean,sentinel2,treatment_0010,treatment,treatment_0010,2,4,10,candidate,2,,,0.0,,4.0,0.009041575426245755,1.0000 0.0000
chipmean,sentinel2,treatment_0010,treatment,treatment_0010,2,4,10,candidate,2,,,0.0,,5.0,0.009041575426245755,1.0000 0.0000
chipmean,sentinel2,treatment_0011,treatment,treatment_0011,2,4,10,path,1,1.0,0.0056782110192003365,inf,True,,,
chipmean,sentinel2,treatment_0011,treatment,treatment_0011,2,4,10,path,2,2.0,0.0056782110192003365,0.0,False,,,
chipmean,sentinel2,treatment_0011,treatment,treatment_0011,2,4,10,candidate,1,,,,,1.0,0.0056782110192003365,1.0000
chipmean,sentinel2,treatment_0011,treatment,treatment_0011,2,4,10,candidate,1,,,,,2.0,0.012758229851889045,1.0000
chipmean,sentinel2,treatment_0011,treatment,treatment_0011,2,4,10,candidate,1,,,,,3.0,0.022651584121412875,1.0000
chipmean,sentinel2,treatment_0011,treatment,treatment_0011,2,4,10,candidate,1,,,,,4.0,0.03534861914512897,1.0000
chipmean,sentinel2,treatment_0011,treatment,treatment_0011,2,4,10,candidate,1,,,,,5.0,0.05084061002674448,1.0000
chipmean,sentinel2,treatment_0011,treatment,treatment_0011,2,4,10,candidate,2,,,0.0,,2.0,0.0056782110192003365,1.0000 0.0000
chipmean,sentinel2,treatment_0011,treatment,treatment_0011,2,4,10,candidate,2,,,0.0,,3.0,0.0056782110192003365,1.0000 0.0000
chipmean,sentinel2,treatment_0011,treatment,treatment_0011,2,4,10,candidate,2,,,0.0,,4.0,0.0056782110192003365,1.0000 0.0000
chipmean,sentinel2,treatment_0011,treatment,treatment_0011,2,4,10,candidate,2,,,0.0,,5.0,0.0056782110192003365,1.0000 0.0000
chipmean,sentinel2,treatment_0012,treatment,treatment_0012,2,4,10,path,1,1.0,0.006038045255454383,inf,True,,,
chipmean,sentinel2,treatment_0012,treatment,treatment_0012,2,4,10,path,2,2.0,0.006038045255454383,0.0,False,,,
chipmean,sentinel2,treatment_0012,treatment,treatment_0012,2,4,10,candidate,1,,,,,1.0,0.006038045255454383,1.0000
chipmean,sentinel2,treatment_0012,treatment,treatment_0012,2,4,10,candidate,1,,,,,2.0,0.013613457707731957,1.0000
chipmean,sentinel2,treatment_0012,treatment,treatment_0012,2,4,10,candidate,1,,,,,3.0,0.024246177908857514,1.0000
chipmean,sentinel2,treatment_0012,treatment,treatment_0012,2,4,10,candidate,1,,,,,4.0,0.037946328859901,1.0000
chipmean,sentinel2,treatment_0012,treatment,treatment_0012,2,4,10,candidate,1,,,,,5.0,0.054720618186526786,1.0000
chipmean,sentinel2,treatment_0012,treatment,treatment_0012,2,4,10,candidate,2,,,0.0,,2.0,0.006038045255454383,1.0000 0.0000
chipmean,sentinel2,treatment_0012,treatment,treatment_0012,2,4,10,candidate,2,,,0.0,,3.0,0.006038045255454383,1.0000 0.0000
chipmean,sentinel2,treatment_0012,treatment,treatment_0012,2,4,10,candidate,2,,,0.0,,4.0,0.006038045255454383,1.0000 0.0000
chipmean,sentinel2,treatment_0012,treatment,treatment_0012,2,4,10,candidate,2,,,0.0,,5.0,0.006038045255454383,1.0000 0.0000
chipmean,sentinel2,treatment_0013,treatment,treatment_0013,2,4,10,path,1,1.0,0.006425174192909433,inf,True,,,
chipmean,sentinel2,treatment_0013,treatment,treatment_0013,2,4,10,path,2,2.0,0.006425174192909433,0.0,False,,,
chipmean,sentinel2,treatment_0013,treatment,treatment_0013,2,4,10,candidate,1,,,,,1.0,0.006425174192909433,1.0000
chipmean,sentinel2,treatment_0013,treatment,treatment_0013,2,4,10,candidate,1,,,,,2.0,0.014491790412445521,1.0000
chipmean,sentinel2,treatment_0013,treatment,treatment_0013,2,4,10,candidate,1,,,,,3.0,0.02583239503868297,1.0000
chipmean,sentinel2,treatment_0013,treatment,treatment_0013,2,4,10,candidate,1,,,,,4.0,0.04048404291830107,1.0000
chipmean,sentinel2,treatment_0013,treatment,treatment_0013,2,4,10,candidate,1,,,,,5.0,0.058516913902957546,1.0000
chipmean,sentinel2,treatment_0013,treatment,treatment_0013,2,4,10,candidate,2,,,0.0,,2.0,0.006425174192909433,1.0000 0.0000
chipmean,sentinel2,treatment_0013,treatment,treatment_0013,2,4,10,candidate,2,,,0.0,,3.0,0.006425174192909433,1.0000 0.0000
chipmean,sentinel2,treatment_0013,treatment,treatment_0013,2,4,10,candidate,2,,,0.0,,4.0,0.006425174192909433,1.0000 0.0000
chipmean,sentinel2,treatment_0013,treatment,treatment_0013,2,4,10,candidate,2,,,0.0,,5.0,0.006425174192909433,1.0000 0.0000
chipmean,sentinel2,treatment_0014,treatment,treatment_0014,2,4,10,path,1,1.0,0.0070774438165406945,inf,True,,,
chipmean,sentinel2,treatment_0014,treatment,treatment_0014,2,4,10,path,2,2.0,0.0070774438165406945,0.0,False,,,
chipmean,sentinel2,treatment_0014,treatment,treatment_0014,2,4,10,candidate,1,,,,,1.0,0.0070774438165406945,1.0000
chipmean,sentinel2,treatment_0014,treatment,treatment_0014,2,4,10,candidate,1,,,,,2.0,0.015939342691705383,1.0000
chipmean,sentinel2,treatment_0014,treatment,treatment_0014,2,4,10,candidate,1,,,,,3.0,0.028361624416613208,1.0000
chipmean,sentinel2,treatment_0014,treatment,treatment_0014,2,4,10,candidate,1,,,,,4.0,0.044351456722082114,1.0000
chipmean,sentinel2,treatment_0014,treatment,treatment_0014,2,4,10,candidate,1,,,,,5.0,0.06391500067834413,1.0000
chipmean,sentinel2,treatment_0014,treatment,treatment_0014,2,4,10,candidate,2,,,0.0,,2.0,0.0070774438165406945,1.0000 0.0000
chipmean,sentinel2,treatment_0014,treatment,treatment_0014,2,4,10,candidate,2,,,0.0,,3.0,0.0070774438165406945,1.0000 0.0000
chipmean,sentinel2,treatment_0014,treatment,treatment_0014,2,4,10,candidate,2,,,0.0,,4.0,0.0070774438165406945,1.0000 0.0000
chipmean,sentinel2,treatment_0014,treatment,treatment_0014,2,4,10,candidate,2,,,0.0,,5.0,0.0070774438165406945,1.0000 0.0000
chipmean,sentinel2,treatment_0015,treatment,treatment_0015,2,4,10,path,1,1.0,0.0064904506771512474,inf,True,,,
chipmean,sentinel2,treatment_0015,treatment,treatment_0015,2,4,10,path,2,2.0,0.0064904506771512474,0.0,False,,,
chipmean,sentinel2,treatment_0015,treatment,treatment_0015,2,4,10,candidate,1,,,,,1.0,0.0064904506771512474,1.0000
chipmean,sentinel2,treatment_0015,treatment,treatment_0015,2,4,10,candidate,1,,,,,2.0,0.01345206472234252,1.0000
chipmean,sentinel2,treatment_0015,treatment,treatment_0015,2,4,10,candidate,1,,,,,3.0,0.022278085452625572,1.0000
chipmean,sentinel2,treatment_0015,treatment,treatment_0015,2,4,10,candidate,1,,,,,4.0,0.032907272939592544,1.0000
chipmean,sentinel2,treatment_0015,treatment,treatment_0015,2,4,10,candidate,1,,,,,5.0,0.04571593075926721,1.0000
chipmean,sentinel2,treatment_0015,treatment,treatment_0015,2,4,10,candidate,2,,,0.0,,2.0,0.0064904506771512474,1.0000 0.0000
chipmean,sentinel2,treatment_0015,treatment,treatment_0015,2,4,10,candidate,2,,,0.0,,3.0,0.0064904506771512474,1.0000 0.0000
chipmean,sentinel2,treatment_0015,treatment,treatment_0015,2,4,10,candidate,2,,,0.0,,4.0,0.0064904506771512474,1.0000 0.0000
chipmean,sentinel2,treatment_0015,treatment,treatment_0015,2,4,10,candidate,2,,,0.0,,5.0,0.0064904506771512474,1.0000 0.0000
chipmean,sentinel2,treatment_0001,treatment,treatment_0001,2,5,10,path,1,1.0,0.007006433950141672,inf,True,,,
chipmean,sentinel2,treatment_0001,treatment,treatment_0001,2,5,10,path,2,2.0,0.007006433950141672,0.0,False,,,
chipmean,sentinel2,treatment_0001,treatment,treatment_0001,2,5,10,candidate,1,,,,,1.0,0.007006433950141672,1.0000
chipmean,sentinel2,treatment_0001,treatment,treatment_0001,2,5,10,candidate,1,,,,,2.0,0.015002421469547975,1.0000
chipmean,sentinel2,treatment_0001,treatment,treatment_0001,2,5,10,candidate,1,,,,,3.0,0.02548202932764257,1.0000
chipmean,sentinel2,treatment_0001,treatment,treatment_0001,2,5,10,candidate,1,,,,,4.0,0.03825807110283309,1.0000
chipmean,sentinel2,treatment_0001,treatment,treatment_0001,2,5,10,candidate,2,,,0.0,,2.0,0.007006433950141672,1.0000 0.0000
chipmean,sentinel2,treatment_0001,treatment,treatment_0001,2,5,10,candidate,2,,,0.0,,3.0,0.007006433950141672,1.0000 0.0000
chipmean,sentinel2,treatment_0001,treatment,treatment_0001,2,5,10,candidate,2,,,0.0,,4.0,0.007006433950141672,1.0000 0.0000
chipmean,sentinel2,treatment_0002,treatment,treatment_0002,2,5,10,path,1,1.0,0.005009036563131194,inf,True,,,
chipmean,sentinel2,treatment_0002,treatment,treatment_0002,2,5,10,path,2,2.0,0.005009036563131194,0.0,False,,,
chipmean,sentinel2,treatment_0002,treatment,treatment_0002,2,5,10,candidate,1,,,,,1.0,0.005009036563131194,1.0000
chipmean,sentinel2,treatment_0002,treatment,treatment_0002,2,5,10,candidate,1,,,,,2.0,0.011255617326162471,1.0000
chipmean,sentinel2,treatment_0002,treatment,treatment_0002,2,5,10,candidate,1,,,,,3.0,0.01998735115064142,1.0000
chipmean,sentinel2,treatment_0002,treatment,treatment_0002,2,5,10,candidate,1,,,,,4.0,0.031200201737869748,1.0000
chipmean,sentinel2,treatment_0002,treatment,treatment_0002,2,5,10,candidate,2,,,0.0,,2.0,0.005009036563131194,1.0000 0.0000
chipmean,sentinel2,treatment_0002,treatment,treatment_0002,2,5,10,candidate,2,,,0.0,,3.0,0.005009036563131194,1.0000 0.0000
chipmean,sentinel2,treatment_0002,treatment,treatment_0002,2,5,10,candidate,2,,,0.0,,4.0,0.005009036563131194,1.0000 0.0000
chipmean,sentinel2,treatment_0003,treatment,treatment_0003,2,5,10,path,1,1.0,0.005442367077052511,inf,True,,,
chipmean,sentinel2,treatment_0003,treatment,treatment_0003,2,5,10,path,2,2.0,0.005442367077052511,0.0,False,,,
chipmean,sentinel2,treatment_0003,treatment,treatment_0003,2,5,10,candidate,1,,,,,1.0,0.005442367077052511,1.0000
chipmean,sentinel2,treatment_0003,treatment,treatment_0003,2,5,10,candidate,1,,,,,2.0,0.012018125412687692,1.0000
chipmean,sentinel2,treatment_0003,treatment,treatment_0003,2,5,10,candidate,1,,,,,3.0,0.021026533208265145,1.0000
chipmean,sentinel2,treatment_0003,treatment,treatment_0003,2,5,10,candidate,1,,,,,4.0,0.032423641147880405,1.0000
chipmean,sentinel2,treatment_0003,treatment,treatment_0003,2,5,10,candidate,2,,,0.0,,2.0,0.005442367077052511,1.0000 0.0000
chipmean,sentinel2,treatment_0003,treatment,treatment_0003,2,5,10,candidate,2,,,0.0,,3.0,0.005442367077052511,1.0000 0.0000
chipmean,sentinel2,treatment_0003,treatment,treatment_0003,2,5,10,candidate,2,,,0.0,,4.0,0.005442367077052511,1.0000 0.0000
chipmean,sentinel2,treatment_0004,treatment,treatment_0004,2,5,10,path,1,1.0,0.005938494204506276,inf,True,,,
chipmean,sentinel2,treatment_0004,treatment,treatment_0004,2,5,10,path,2,2.0,0.005938494204506276,0.0,False,,,
chipmean,sentinel2,treatment_0004,treatment,treatment_0004,2,5,10,candidate,1,,,,,1.0,0.005938494204506276,1.0000
chipmean,sentinel2,treatment_0004,treatment,treatment_0004,2,5,10,candidate,1,,,,,2.0,0.013097803998478392,1.0000
chipmean,sentinel2,treatment_0004,treatment,treatment_0004,2,5,10,candidate,1,,,,,3.0,0.02288013033708369,1.0000
chipmean,sentinel2,treatment_0004,treatment,treatment_0004,2,5,10,candidate,1,,,,,4.0,0.03521995535969182,1.0000
chipmean,sentinel2,treatment_0004,treatment,treatment_0004,2,5,10,candidate,2,,,0.0,,2.0,0.005938494204506276,1.0000 0.0000
chipmean,sentinel2,treatment_0004,treatment,treatment_0004,2,5,10,candidate,2,,,0.0,,3.0,0.005938494204506276,1.0000 0.0000
chipmean,sentinel2,treatment_0004,treatment,treatment_0004,2,5,10,candidate,2,,,0.0,,4.0,0.005938494204506276,1.0000 0.0000
chipmean,sentinel2,treatment_0005,treatment,treatment_0005,2,5,10,path,1,1.0,0.004765864123576256,inf,True,,,
chipmean,sentinel2,treatment_0005,treatment,treatment_0005,2,5,10,path,2,2.0,0.004765864123576256,0.0,False,,,
chipmean,sentinel2,treatment_0005,treatment,treatment_0005,2,5,10,candidate,1,,,,,1.0,0.004765864123576256,1.0000
chipmean,sentinel2,treatment_0005,treatment,treatment_0005,2,5,10,candidate,1,,,,,2.0,0.010455748846300572,1.0000
chipmean,sentinel2,treatment_0005,treatment,treatment_0005,2,5,10,candidate,1,,,,,3.0,0.018166016639632906,1.0000
chipmean,sentinel2,treatment_0005,treatment,treatment_0005,2,5,10,candidate,1,,,,,4.0,0.02782112569810992,1.0000
chipmean,sentinel2,treatment_0005,treatment,treatment_0005,2,5,10,candidate,2,,,0.0,,2.0,0.004765864123576256,1.0000 0.0000
chipmean,sentinel2,treatment_0005,treatment,treatment_0005,2,5,10,candidate,2,,,0.0,,3.0,0.004765864123576256,1.0000 0.0000
chipmean,sentinel2,treatment_0005,treatment,treatment_0005,2,5,10,candidate,2,,,0.0,,4.0,0.004765864123576256,1.0000 0.0000
chipmean,sentinel2,treatment_0006,treatment,treatment_0006,2,5,10,path,1,1.0,0.006440271368785061,inf,True,,,
chipmean,sentinel2,treatment_0006,treatment,treatment_0006,2,5,10,path,2,2.0,0.006440271368785061,0.0,False,,,
chipmean,sentinel2,treatment_0006,treatment,treatment_0006,2,5,10,candidate,1,,,,,1.0,0.006440271368785061,1.0000
chipmean,sentinel2,treatment_0006,treatment,treatment_0006,2,5,10,candidate,1,,,,,2.0,0.014033998638424508,1.0000
chipmean,sentinel2,treatment_0006,treatment,treatment_0006,2,5,10,candidate,1,,,,,3.0,0.024194432808393142,1.0000
chipmean,sentinel2,treatment_0006,treatment,treatment_0006,2,5,10,candidate,1,,,,,4.0,0.036722351627811047,1.0000
chipmean,sentinel2,treatment_0006,treatment,treatment_0006,2,5,10,candidate,2,,,0.0,,2.0,0.006440271368785061,1.0000 0.0000
chipmean,sentinel2,treatment_0006,treatment,treatment_0006,2,5,10,candidate,2,,,0.0,,3.0,0.006440271368785061,1.0000 0.0000
chipmean,sentinel2,treatment_0006,treatment,treatment_0006,2,5,10,candidate,2,,,0.0,,4.0,0.006440271368785061,1.0000 0.0000
chipmean,sentinel2,treatment_0007,treatment,treatment_0007,2,5,10,path,1,1.0,0.005498773006585344,inf,True,,,
chipmean,sentinel2,treatment_0007,treatment,treatment_0007,2,5,10,path,2,2.0,0.005498773006585344,0.0,False,,,
chipmean,sentinel2,treatment_0007,treatment,treatment_0007,2,5,10,candidate,1,,,,,1.0,0.005498773006585344,1.0000
chipmean,sentinel2,treatment_0007,treatment,treatment_0007,2,5,10,candidate,1,,,,,2.0,0.01244215722478578,1.0000
chipmean,sentinel2,treatment_0007,treatment,treatment_0007,2,5,10,candidate,1,,,,,3.0,0.02227877189676198,1.0000
chipmean,sentinel2,treatment_0007,treatment,treatment_0007,2,5,10,candidate,1,,,,,4.0,0.03511849912370762,1.0000
chipmean,sentinel2,treatment_0007,treatment,treatment_0007,2,5,10,candidate,2,,,0.0,,2.0,0.005498773006585344,1.0000 0.0000
chipmean,sentinel2,treatment_0007,treatment,treatment_0007,2,5,10,candidate,2,,,0.0,,3.0,0.005498773006585344,1.0000 0.0000
chipmean,sentinel2,treatment_0007,treatment,treatment_0007,2,5,10,candidate,2,,,0.0,,4.0,0.005498773006585344,1.0000 0.0000
chipmean,sentinel2,treatment_0008,treatment,treatment_0008,2,5,10,path,1,1.0,0.00658953656082284,inf,True,,,
chipmean,sentinel2,treatment_0008,treatment,treatment_0008,2,5,10,path,2,2.0,0.00658953656082284,0.0,False,,,
chipmean,sentinel2,treatment_0008,treatment,treatment_0008,2,5,10,candidate,1,,,,,1.0,0.00658953656082284,1.0000
chipmean,sentinel2,treatment_0008,treatment,treatment_0008,2,5,10,candidate,1,,,,,2.0,0.014580681749567054,1.0000
chipmean,sentinel2,treatment_0008,treatment,treatment_0008,2,5,10,candidate,1,,,,,3.0,0.025563800679132682,1.0000
chipmean,sentinel2,treatment_0008,treatment,treatment_0008,2,5,10,candidate,1,,,,,4.0,0.03953140354153728,1.0000
chipmean,sentinel2,treatment_0008,treatment,treatment_0008,2,5,10,candidate,2,,,0.0,,2.0,0.00658953656082284,1.0000 0.0000
chipmean,sentinel2,treatment_0008,treatment,treatment_0008,2,5,10,candidate,2,,,0.0,,3.0,0.00658953656082284,1.0000 0.0000
chipmean,sentinel2,treatment_0008,treatment,treatment_0008,2,5,10,candidate,2,,,0.0,,4.0,0.00658953656082284,1.0000 0.0000
chipmean,sentinel2,treatment_0009,treatment,treatment_0009,2,5,10,path,1,1.0,0.005902371603734865,inf,True,,,
chipmean,sentinel2,treatment_0009,treatment,treatment_0009,2,5,10,path,2,2.0,0.005902371603734865,0.0,False,,,
chipmean,sentinel2,treatment_0009,treatment,treatment_0009,2,5,10,candidate,1,,,,,1.0,0.005902371603734865,1.0000
chipmean,sentinel2,treatment_0009,treatment,treatment_0009,2,5,10,candidate,1,,,,,2.0,0.013014555290123488,1.0000
chipmean,sentinel2,treatment_0009,treatment,treatment_0009,2,5,10,candidate,1,,,,,3.0,0.022814579730319095,1.0000
chipmean,sentinel2,treatment_0009,treatment,treatment_0009,2,5,10,candidate,1,,,,,4.0,0.03538311903366738,1.0000
chipmean,sentinel2,treatment_0009,treatment,treatment_0009,2,5,10,candidate,2,,,0.0,,2.0,0.005902371603734865,1.0000 0.0000
chipmean,sentinel2,treatment_0009,treatment,treatment_0009,2,5,10,candidate,2,,,0.0,,3.0,0.005902371603734865,1.0000 0.0000
chipmean,sentinel2,treatment_0009,treatment,treatment_0009,2,5,10,candidate,2,,,0.0,,4.0,0.005902371603734865,1.0000 0.0000
chipmean,sentinel2,treatment_0010,treatment,treatment_0010,2,5,10,path,1,1.0,0.00863057784376092,inf,True,,,
chipmean,sentinel2,treatment_0010,treatment,treatment_0010,2,5,10,path,2,2.0,0.00863057784376092,0.0,False,,,
chipmean,sentinel2,treatment_0010,treatment,treatment_0010,2,5,10,candidate,1,,,,,1.0,0.00863057784376092,1.0000
chipmean,sentinel2,treatment_0010,treatment,treatment_0010,2,5,10,candidate,1,,,,,2.0,0.017987614055957366,1.0000
chipmean,sentinel2,treatment_0010,treatment,treatment_0010,2,5,10,candidate,1,,,,,3.0,0.029835773288746155,1.0000
chipmean,sentinel2,treatment_0010,treatment,treatment_0010,2,5,10,candidate,1,,,,,4.0,0.043884405803197545,1.0000
chipmean,sentinel2,treatment_0010,treatment,treatment_0010,2,5,10,candidate,2,,,0.0,,2.0,0.00863057784376092,1.0000 0.0000
chipmean,sentinel2,treatment_0010,treatment,treatment_0010,2,5,10,candidate,2,,,0.0,,3.0,0.00863057784376092,1.0000 0.0000
chipmean,sentinel2,treatment_0010,treatment,treatment_0010,2,5,10,candidate,2,,,0.0,,4.0,0.00863057784376092,1.0000 0.0000
chipmean,sentinel2,treatment_0011,treatment,treatment_0011,2,5,10,path,1,1.0,0.005682267795680242,inf,True,,,
chipmean,sentinel2,treatment_0011,treatment,treatment_0011,2,5,10,path,2,2.0,0.005682267795680242,0.0,False,,,
chipmean,sentinel2,treatment_0011,treatment,treatment_0011,2,5,10,candidate,1,,,,,1.0,0.005682267795680242,1.0000
chipmean,sentinel2,treatment_0011,treatment,treatment_0011,2,5,10,candidate,1,,,,,2.0,0.012774229033670762,1.0000
chipmean,sentinel2,treatment_0011,treatment,treatment_0011,2,5,10,candidate,1,,,,,3.0,0.022692066651374784,1.0000
chipmean,sentinel2,treatment_0011,treatment,treatment_0011,2,5,10,candidate,1,,,,,4.0,0.03543102412038626,1.0000
chipmean,sentinel2,treatment_0011,treatment,treatment_0011,2,5,10,candidate,2,,,0.0,,2.0,0.005682267795680242,1.0000 0.0000
chipmean,sentinel2,treatment_0011,treatment,treatment_0011,2,5,10,candidate,2,,,0.0,,3.0,0.005682267795680242,1.0000 0.0000
chipmean,sentinel2,treatment_0011,treatment,treatment_0011,2,5,10,candidate,2,,,0.0,,4.0,0.005682267795680242,1.0000 0.0000
chipmean,sentinel2,treatment_0012,treatment,treatment_0012,2,5,10,path,1,1.0,0.006054896480527397,inf,True,,,
chipmean,sentinel2,treatment_0012,treatment,treatment_0012,2,5,10,path,2,2.0,0.006054896480527397,0.0,False,,,
chipmean,sentinel2,treatment_0012,treatment,treatment_0012,2,5,10,candidate,1,,,,,1.0,0.006054896480527397,1.0000
chipmean,sentinel2,treatment_0012,treatment,treatment_0012,2,5,10,candidate,1,,,,,2.0,0.013652095057932152,1.0000
chipmean,sentinel2,treatment_0012,treatment,treatment_0012,2,5,10,candidate,1,,,,,3.0,0.02431625133916131,1.0000
chipmean,sentinel2,treatment_0012,treatment,treatment_0012,2,5,10,candidate,1,,,,,4.0,0.038058274402810024,1.0000
chipmean,sentinel2,treatment_0012,treatment,treatment_0012,2,5,10,candidate,2,,,0.0,,2.0,0.006054896480527397,1.0000 0.0000
chipmean,sentinel2,treatment_0012,treatment,treatment_0012,2,5,10,candidate,2,,,0.0,,3.0,0.006054896480527397,1.0000 0.0000
chipmean,sentinel2,treatment_0012,treatment,treatment_0012,2,5,10,candidate,2,,,0.0,,4.0,0.006054896480527397,1.0000 0.0000
chipmean,sentinel2,treatment_0013,treatment,treatment_0013,2,5,10,path,1,1.0,0.006523801279572582,inf,True,,,
chipmean,sentinel2,treatment_0013,treatment,treatment_0013,2,5,10,path,2,2.0,0.006523801279572582,0.0,False,,,
chipmean,sentinel2,treatment_0013,treatment,treatment_0013,2,5,10,candidate,1,,,,,1.0,0.006523801279572582,1.0000
chipmean,sentinel2,treatment_0013,treatment,treatment_0013,2,5,10,candidate,1,,,,,2.0,0.014759361976568406,1.0000
chipmean,sentinel2,treatment_0013,treatment,treatment_0013,2,5,10,candidate,1,,,,,3.0,0.026395444723147105,1.0000
chipmean,sentinel2,treatment_0013,treatment,treatment_0013,2,5,10,candidate,1,,,,,4.0,0.04152290168598799,1.0000
chipmean,sentinel2,treatment_0013,treatment,treatment_0013,2,5,10,candidate,2,,,0.0,,2.0,0.006523801279572582,1.0000 0.0000
chipmean,sentinel2,treatment_0013,treatment,treatment_0013,2,5,10,candidate,2,,,0.0,,3.0,0.006523801279572582,1.0000 0.0000
chipmean,sentinel2,treatment_0013,treatment,treatment_0013,2,5,10,candidate,2,,,0.0,,4.0,0.006523801279572582,1.0000 0.0000
chipmean,sentinel2,treatment_0014,treatment,treatment_0014,2,5,10,path,1,1.0,0.007086150615239886,inf,True,,,
chipmean,sentinel2,treatment_0014,treatment,treatment_0014,2,5,10,path,2,2.0,0.007086150615239886,0.0,False,,,
chipmean,sentinel2,treatment_0014,treatment,treatment_0014,2,5,10,candidate,1,,,,,1.0,0.007086150615239886,1.0000
chipmean,sentinel2,treatment_0014,treatment,treatment_0014,2,5,10,candidate,1,,,,,2.0,0.01595947899776366,1.0000
chipmean,sentinel2,treatment_0014,treatment,treatment_0014,2,5,10,candidate,1,,,,,3.0,0.028398502944906534,1.0000
chipmean,sentinel2,treatment_0014,treatment,treatment_0014,2,5,10,candidate,1,,,,,4.0,0.04441096708605824,1.0000
chipmean,sentinel2,treatment_0014,treatment,treatment_0014,2,5,10,candidate,2,,,0.0,,2.0,0.007086150615239886,1.0000 0.0000
chipmean,sentinel2,treatment_0014,treatment,treatment_0014,2,5,10,candidate,2,,,0.0,,3.0,0.007086150615239886,1.0000 0.0000
chipmean,sentinel2,treatment_0014,treatment,treatment_0014,2,5,10,candidate,2,,,0.0,,4.0,0.007086150615239886,1.0000 0.0000
chipmean,sentinel2,treatment_0015,treatment,treatment_0015,2,5,10,path,1,1.0,0.006269082014369798,inf,True,,,
chipmean,sentinel2,treatment_0015,treatment,treatment_0015,2,5,10,path,2,2.0,0.006269082014369798,0.0,False,,,
chipmean,sentinel2,treatment_0015,treatment,treatment_0015,2,5,10,candidate,1,,,,,1.0,0.006269082014369798,1.0000
chipmean,sentinel2,treatment_0015,treatment,treatment_0015,2,5,10,candidate,1,,,,,2.0,0.013229718282755548,1.0000
chipmean,sentinel2,treatment_0015,treatment,treatment_0015,2,5,10,candidate,1,,,,,3.0,0.022390983260980574,1.0000
chipmean,sentinel2,treatment_0015,treatment,treatment_0015,2,5,10,candidate,1,,,,,4.0,0.03396182207230166,1.0000
chipmean,sentinel2,treatment_0015,treatment,treatment_0015,2,5,10,candidate,2,,,0.0,,2.0,0.006269082014369798,1.0000 0.0000
chipmean,sentinel2,treatment_0015,treatment,treatment_0015,2,5,10,candidate,2,,,0.0,,3.0,0.006269082014369798,1.0000 0.0000
chipmean,sentinel2,treatment_0015,treatment,treatment_0015,2,5,10,candidate,2,,,0.0,,4.0,0.006269082014369798,1.0000 0.0000
chipmean,sentinel2,treatment_0001,treatment,treatment_0001,2,6,10,path,1,1.0,0.006793717812223069,inf,True,,,
chipmean,sentinel2,treatment_0001,treatment,treatment_0001,2,6,10,path,2,2.0,0.006793717812223069,0.0,False,,,
chipmean,sentinel2,treatment_0001,treatment,treatment_0001,2,6,10,candidate,1,,,,,1.0,0.006793717812223069,1.0000
chipmean,sentinel2,treatment_0001,treatment,treatment_0001,2,6,10,candidate,1,,,,,2.0,0.01465110076660852,1.0000
chipmean,sentinel2,treatment_0001,treatment,treatment_0001,2,6,10,candidate,1,,,,,3.0,0.025110586022966203,1.0000
chipmean,sentinel2,treatment_0001,treatment,treatment_0001,2,6,10,candidate,2,,,0.0,,2.0,0.006793717812223069,1.0000 0.0000
chipmean,sentinel2,treatment_0001,treatment,treatment_0001,2,6,10,candidate,2,,,0.0,,3.0,0.006793717812223069,1.0000 0.0000
chipmean,sentinel2,treatment_0002,treatment,treatment_0002,2,6,10,path,1,1.0,0.005009356511876825,inf,True,,,
chipmean,sentinel2,treatment_0002,treatment,treatment_0002,2,6,10,path,2,2.0,0.005009356511876825,0.0,False,,,
chipmean,sentinel2,treatment_0002,treatment,treatment_0002,2,6,10,candidate,1,,,,,1.0,0.005009356511876825,1.0000
chipmean,sentinel2,treatment_0002,treatment,treatment_0002,2,6,10,candidate,1,,,,,2.0,0.011260869930521165,1.0000
chipmean,sentinel2,treatment_0002,treatment,treatment_0002,2,6,10,candidate,1,,,,,3.0,0.02000468885287496,1.0000
chipmean,sentinel2,treatment_0002,treatment,treatment_0002,2,6,10,candidate,2,,,0.0,,2.0,0.005009356511876825,1.0000 0.0000
chipmean,sentinel2,treatment_0002,treatment,treatment_0002,2,6,10,candidate,2,,,0.0,,3.0,0.005009356511876825,1.0000 0.0000
chipmean,sentinel2,treatment_0003,treatment,treatment_0003,2,6,10,path,1,1.0,0.005389429626684969,inf,True,,,
chipmean,sentinel2,treatment_0003,treatment,treatment_0003,2,6,10,path,2,2.0,0.005389429626684969,0.0,False,,,
chipmean,sentinel2,treatment_0003,treatment,treatment_0003,2,6,10,candidate,1,,,,,1.0,0.005389429626684969,1.0000
chipmean,sentinel2,treatment_0003,treatment,treatment_0003,2,6,10,candidate,1,,,,,2.0,0.011942633383702474,1.0000
chipmean,sentinel2,treatment_0003,treatment,treatment_0003,2,6,10,candidate,1,,,,,3.0,0.02097074368738701,1.0000
chipmean,sentinel2,treatment_0003,treatment,treatment_0003,2,6,10,candidate,2,,,0.0,,2.0,0.005389429626684969,1.0000 0.0000
chipmean,sentinel2,treatment_0003,treatment,treatment_0003,2,6,10,candidate,2,,,0.0,,3.0,0.005389429626684969,1.0000 0.0000
chipmean,sentinel2,treatment_0004,treatment,treatment_0004,2,6,10,path,1,1.0,0.005942503693163804,inf,True,,,
chipmean,sentinel2,treatment_0004,treatment,treatment_0004,2,6,10,path,2,2.0,0.005942503693163804,0.0,False,,,
chipmean,sentinel2,treatment_0004,treatment,treatment_0004,2,6,10,candidate,1,,,,,1.0,0.005942503693163804,1.0000
chipmean,sentinel2,treatment_0004,treatment,treatment_0004,2,6,10,candidate,1,,,,,2.0,0.013185506543561277,1.0000
chipmean,sentinel2,treatment_0004,treatment,treatment_0004,2,6,10,candidate,1,,,,,3.0,0.023187046657859218,1.0000
chipmean,sentinel2,treatment_0004,treatment,treatment_0004,2,6,10,candidate,2,,,0.0,,2.0,0.005942503693163804,1.0000 0.0000
chipmean,sentinel2,treatment_0004,treatment,treatment_0004,2,6,10,candidate,2,,,0.0,,3.0,0.005942503693163804,1.0000 0.0000
chipmean,sentinel2,treatment_0005,treatment,treatment_0005,2,6,10,path,1,1.0,0.004696498767445669,inf,True,,,
chipmean,sentinel2,treatment_0005,treatment,treatment_0005,2,6,10,path,2,2.0,0.004696498767445669,0.0,False,,,
chipmean,sentinel2,treatment_0005,treatment,treatment_0005,2,6,10,candidate,1,,,,,1.0,0.004696498767445669,1.0000
chipmean,sentinel2,treatment_0005,treatment,treatment_0005,2,6,10,candidate,1,,,,,2.0,0.010347046735501098,1.0000
chipmean,sentinel2,treatment_0005,treatment,treatment_0005,2,6,10,candidate,1,,,,,3.0,0.018065437231982704,1.0000
chipmean,sentinel2,treatment_0005,treatment,treatment_0005,2,6,10,candidate,2,,,0.0,,2.0,0.004696498767445669,1.0000 0.0000
chipmean,sentinel2,treatment_0005,treatment,treatment_0005,2,6,10,candidate,2,,,0.0,,3.0,0.004696498767445669,1.0000 0.0000
chipmean,sentinel2,treatment_0006,treatment,treatment_0006,2,6,10,path,1,1.0,0.006285679811350195,inf,True,,,
chipmean,sentinel2,treatment_0006,treatment,treatment_0006,2,6,10,path,2,2.0,0.006285679811350195,0.0,False,,,
chipmean,sentinel2,treatment_0006,treatment,treatment_0006,2,6,10,candidate,1,,,,,1.0,0.006285679811350195,1.0000
chipmean,sentinel2,treatment_0006,treatment,treatment_0006,2,6,10,candidate,1,,,,,2.0,0.013731257787949099,1.0000
chipmean,sentinel2,treatment_0006,treatment,treatment_0006,2,6,10,candidate,1,,,,,3.0,0.023741928246999222,1.0000
chipmean,sentinel2,treatment_0006,treatment,treatment_0006,2,6,10,candidate,2,,,0.0,,2.0,0.006285679811350195,1.0000 0.0000
chipmean,sentinel2,treatment_0006,treatment,treatment_0006,2,6,10,candidate,2,,,0.0,,3.0,0.006285679811350195,1.0000 0.0000
chipmean,sentinel2,treatment_0007,treatment,treatment_0007,2,6,10,path,1,1.0,0.005572722581831833,inf,True,,,
chipmean,sentinel2,treatment_0007,treatment,treatment_0007,2,6,10,path,2,2.0,0.005572722581831833,0.0,False,,,
chipmean,sentinel2,treatment_0007,treatment,treatment_0007,2,6,10,candidate,1,,,,,1.0,0.005572722581831833,1.0000
chipmean,sentinel2,treatment_0007,treatment,treatment_0007,2,6,10,candidate,1,,,,,2.0,0.01264267468161716,1.0000
chipmean,sentinel2,treatment_0007,treatment,treatment_0007,2,6,10,candidate,1,,,,,3.0,0.022699766957964246,1.0000
chipmean,sentinel2,treatment_0007,treatment,treatment_0007,2,6,10,candidate,2,,,0.0,,2.0,0.005572722581831833,1.0000 0.0000
chipmean,sentinel2,treatment_0007,treatment,treatment_0007,2,6,10,candidate,2,,,0.0,,3.0,0.005572722581831833,1.0000 0.0000
chipmean,sentinel2,treatment_0008,treatment,treatment_0008,2,6,10,path,1,1.0,0.0066009282658221445,inf,True,,,
chipmean,sentinel2,treatment_0008,treatment,treatment_0008,2,6,10,path,2,2.0,0.0066009282658221445,0.0,False,,,
chipmean,sentinel2,treatment_0008,treatment,treatment_0008,2,6,10,candidate,1,,,,,1.0,0.0066009282658221445,1.0000
chipmean,sentinel2,treatment_0008,treatment,treatment_0008,2,6,10,candidate,1,,,,,2.0,0.01469666684735575,1.0000
chipmean,sentinel2,treatment_0008,treatment,treatment_0008,2,6,10,candidate,1,,,,,3.0,0.025948868594021304,1.0000
chipmean,sentinel2,treatment_0008,treatment,treatment_0008,2,6,10,candidate,2,,,0.0,,2.0,0.0066009282658221445,1.0000 0.0000
chipmean,sentinel2,treatment_0008,treatment,treatment_0008,2,6,10,candidate,2,,,0.0,,3.0,0.0066009282658221445,1.0000 0.0000
chipmean,sentinel2,treatment_0009,treatment,treatment_0009,2,6,10,path,1,1.0,0.005919086368101491,inf,True,,,
chipmean,sentinel2,treatment_0009,treatment,treatment_0009,2,6,10,path,2,2.0,0.005919086368101491,0.0,False,,,
chipmean,sentinel2,treatment_0009,treatment,treatment_0009,2,6,10,candidate,1,,,,,1.0,0.005919086368101491,1.0000
chipmean,sentinel2,treatment_0009,treatment,treatment_0009,2,6,10,candidate,1,,,,,2.0,0.013166042950172818,1.0000
chipmean,sentinel2,treatment_0009,treatment,treatment_0009,2,6,10,candidate,1,,,,,3.0,0.023297511974586852,1.0000
chipmean,sentinel2,treatment_0009,treatment,treatment_0009,2,6,10,candidate,2,,,0.0,,2.0,0.005919086368101491,1.0000 0.0000
chipmean,sentinel2,treatment_0009,treatment,treatment_0009,2,6,10,candidate,2,,,0.0,,3.0,0.005919086368101491,1.0000 0.0000
chipmean,sentinel2,treatment_0010,treatment,treatment_0010,2,6,10,path,1,1.0,0.008393898875012937,inf,True,,,
chipmean,sentinel2,treatment_0010,treatment,treatment_0010,2,6,10,path,2,2.0,0.008393898875012937,0.0,False,,,
chipmean,sentinel2,treatment_0010,treatment,treatment_0010,2,6,10,candidate,1,,,,,1.0,0.008393898875012937,1.0000
chipmean,sentinel2,treatment_0010,treatment,treatment_0010,2,6,10,candidate,1,,,,,2.0,0.017747449339860447,1.0000
chipmean,sentinel2,treatment_0010,treatment,treatment_0010,2,6,10,candidate,1,,,,,3.0,0.029919075317450472,1.0000
chipmean,sentinel2,treatment_0010,treatment,treatment_0010,2,6,10,candidate,2,,,0.0,,2.0,0.008393898875012937,1.0000 0.0000
chipmean,sentinel2,treatment_0010,treatment,treatment_0010,2,6,10,candidate,2,,,0.0,,3.0,0.008393898875012937,1.0000 0.0000
chipmean,sentinel2,treatment_0011,treatment,treatment_0011,2,6,10,path,1,1.0,0.005690308291895962,inf,True,,,
chipmean,sentinel2,treatment_0011,treatment,treatment_0011,2,6,10,path,2,2.0,0.005690308291895962,0.0,False,,,
chipmean,sentinel2,treatment_0011,treatment,treatment_0011,2,6,10,candidate,1,,,,,1.0,0.005690308291895962,1.0000
chipmean,sentinel2,treatment_0011,treatment,treatment_0011,2,6,10,candidate,1,,,,,2.0,0.012799232673386828,1.0000
chipmean,sentinel2,treatment_0011,treatment,treatment_0011,2,6,10,candidate,1,,,,,3.0,0.022749070806012326,1.0000
chipmean,sentinel2,treatment_0011,treatment,treatment_0011,2,6,10,candidate,2,,,0.0,,2.0,0.005690308291895962,1.0000 0.0000
chipmean,sentinel2,treatment_0011,treatment,treatment_0011,2,6,10,candidate,2,,,0.0,,3.0,0.005690308291895962,1.0000 0.0000
chipmean,sentinel2,treatment_0012,treatment,treatment_0012,2,6,10,path,1,1.0,0.0060721810450155185,inf,True,,,
chipmean,sentinel2,treatment_0012,treatment,treatment_0012,2,6,10,path,2,2.0,0.0060721810450155185,0.0,False,,,
chipmean,sentinel2,treatment_0012,treatment,treatment_0012,2,6,10,candidate,1,,,,,1.0,0.0060721810450155185,1.0000
chipmean,sentinel2,treatment_0012,treatment,treatment_0012,2,6,10,candidate,1,,,,,2.0,0.013691808769537133,1.0000
chipmean,sentinel2,treatment_0012,treatment,treatment_0012,2,6,10,candidate,1,,,,,3.0,0.024388515746267915,1.0000
chipmean,sentinel2,treatment_0012,treatment,treatment_0012,2,6,10,candidate,2,,,0.0,,2.0,0.0060721810450155185,1.0000 0.0000
chipmean,sentinel2,treatment_0012,treatment,treatment_0012,2,6,10,candidate,2,,,0.0,,3.0,0.0060721810450155185,1.0000 0.0000
chipmean,sentinel2,treatment_0013,treatment,treatment_0013,2,6,10,path,1,1.0,0.006650368211689699,inf,True,,,
chipmean,sentinel2,treatment_0013,treatment,treatment_0013,2,6,10,path,2,2.0,0.006650368211689699,0.0,False,,,
chipmean,sentinel2,treatment_0013,treatment,treatment_0013,2,6,10,candidate,1,,,,,1.0,0.006650368211689699,1.0000
chipmean,sentinel2,treatment_0013,treatment,treatment_0013,2,6,10,candidate,1,,,,,2.0,0.015097901215016285,1.0000
chipmean,sentinel2,treatment_0013,treatment,treatment_0013,2,6,10,candidate,1,,,,,3.0,0.027108783331093483,1.0000
chipmean,sentinel2,treatment_0013,treatment,treatment_0013,2,6,10,candidate,2,,,0.0,,2.0,0.006650368211689699,1.0000 0.0000
chipmean,sentinel2,treatment_0013,treatment,treatment_0013,2,6,10,candidate,2,,,0.0,,3.0,0.006650368211689699,1.0000 0.0000
chipmean,sentinel2,treatment_0014,treatment,treatment_0014,2,6,10,path,1,1.0,0.007095203847811376,inf,True,,,
chipmean,sentinel2,treatment_0014,treatment,treatment_0014,2,6,10,path,2,2.0,0.007095203847811376,0.0,False,,,
chipmean,sentinel2,treatment_0014,treatment,treatment_0014,2,6,10,candidate,1,,,,,1.0,0.007095203847811376,1.0000
chipmean,sentinel2,treatment_0014,treatment,treatment_0014,2,6,10,candidate,1,,,,,2.0,0.015980477088631772,1.0000
chipmean,sentinel2,treatment_0014,treatment,treatment_0014,2,6,10,candidate,1,,,,,3.0,0.028437079531742453,1.0000
chipmean,sentinel2,treatment_0014,treatment,treatment_0014,2,6,10,candidate,2,,,0.0,,2.0,0.007095203847811376,1.0000 0.0000
chipmean,sentinel2,treatment_0014,treatment,treatment_0014,2,6,10,candidate,2,,,0.0,,3.0,0.007095203847811376,1.0000 0.0000
chipmean,sentinel2,treatment_0015,treatment,treatment_0015,2,6,10,path,1,1.0,0.006206324113211522,inf,True,,,
chipmean,sentinel2,treatment_0015,treatment,treatment_0015,2,6,10,path,2,2.0,0.006206324113211522,0.0,False,,,
chipmean,sentinel2,treatment_0015,treatment,treatment_0015,2,6,10,candidate,1,,,,,1.0,0.006206324113211522,1.0000
chipmean,sentinel2,treatment_0015,treatment,treatment_0015,2,6,10,candidate,1,,,,,2.0,0.013389330912463101,1.0000
chipmean,sentinel2,treatment_0015,treatment,treatment_0015,2,6,10,candidate,1,,,,,3.0,0.023268937074930808,1.0000
chipmean,sentinel2,treatment_0015,treatment,treatment_0015,2,6,10,candidate,2,,,0.0,,2.0,0.006206324113211522,1.0000 0.0000
chipmean,sentinel2,treatment_0015,treatment,treatment_0015,2,6,10,candidate,2,,,0.0,,3.0,0.006206324113211522,1.0000 0.0000
chipmean,sentinel2,treatment_0001,treatment,treatment_0001,2,7,10,path,1,1.0,0.006659770628214077,inf,True,,,
chipmean,sentinel2,treatment_0001,treatment,treatment_0001,2,7,10,path,2,2.0,0.006659770628214077,0.0,False,,,
chipmean,sentinel2,treatment_0001,treatment,treatment_0001,2,7,10,candidate,1,,,,,1.0,0.006659770628214077,1.0000
chipmean,sentinel2,treatment_0001,treatment,treatment_0001,2,7,10,candidate,1,,,,,2.0,0.014498535177469643,1.0000
chipmean,sentinel2,treatment_0001,treatment,treatment_0001,2,7,10,candidate,2,,,0.0,,2.0,0.006659770628214077,1.0000 0.0000
chipmean,sentinel2,treatment_0002,treatment,treatment_0002,2,7,10,path,1,1.0,0.005012311113478068,inf,True,,,
chipmean,sentinel2,treatment_0002,treatment,treatment_0002,2,7,10,path,2,2.0,0.005012311113478068,0.0,False,,,
chipmean,sentinel2,treatment_0002,treatment,treatment_0002,2,7,10,candidate,1,,,,,1.0,0.005012311113478068,1.0000
chipmean,sentinel2,treatment_0002,treatment,treatment_0002,2,7,10,candidate,1,,,,,2.0,0.011272032835557689,1.0000
chipmean,sentinel2,treatment_0002,treatment,treatment_0002,2,7,10,candidate,2,,,0.0,,2.0,0.005012311113478068,1.0000 0.0000
chipmean,sentinel2,treatment_0003,treatment,treatment_0003,2,7,10,path,1,1.0,0.0053619391862856644,inf,True,,,
chipmean,sentinel2,treatment_0003,treatment,treatment_0003,2,7,10,path,2,2.0,0.0053619391862856644,0.0,False,,,
chipmean,sentinel2,treatment_0003,treatment,treatment_0003,2,7,10,candidate,1,,,,,1.0,0.0053619391862856644,1.0000
chipmean,sentinel2,treatment_0003,treatment,treatment_0003,2,7,10,candidate,1,,,,,2.0,0.011925912157175473,1.0000
chipmean,sentinel2,treatment_0003,treatment,treatment_0003,2,7,10,candidate,2,,,0.0,,2.0,0.0053619391862856644,1.0000 0.0000
chipmean,sentinel2,treatment_0004,treatment,treatment_0004,2,7,10,path,1,1.0,0.00599446287755747,inf,True,,,
chipmean,sentinel2,treatment_0004,treatment,treatment_0004,2,7,10,path,2,2.0,0.00599446287755747,0.0,False,,,
chipmean,sentinel2,treatment_0004,treatment,treatment_0004,2,7,10,candidate,1,,,,,1.0,0.00599446287755747,1.0000
chipmean,sentinel2,treatment_0004,treatment,treatment_0004,2,7,10,candidate,1,,,,,2.0,0.013394717975992728,1.0000
chipmean,sentinel2,treatment_0004,treatment,treatment_0004,2,7,10,candidate,2,,,0.0,,2.0,0.00599446287755747,1.0000 0.0000
chipmean,sentinel2,treatment_0005,treatment,treatment_0005,2,7,10,path,1,1.0,0.004656893689968771,inf,True,,,
chipmean,sentinel2,treatment_0005,treatment,treatment_0005,2,7,10,path,2,2.0,0.004656893689968771,0.0,False,,,
chipmean,sentinel2,treatment_0005,treatment,treatment_0005,2,7,10,candidate,1,,,,,1.0,0.004656893689968771,1.0000
chipmean,sentinel2,treatment_0005,treatment,treatment_0005,2,7,10,candidate,1,,,,,2.0,0.010312019403698571,1.0000
chipmean,sentinel2,treatment_0005,treatment,treatment_0005,2,7,10,candidate,2,,,0.0,,2.0,0.004656893689968771,1.0000 0.0000
chipmean,sentinel2,treatment_0006,treatment,treatment_0006,2,7,10,path,1,1.0,0.006158233972867189,inf,True,,,
chipmean,sentinel2,treatment_0006,treatment,treatment_0006,2,7,10,path,2,2.0,0.006158233972867189,0.0,False,,,
chipmean,sentinel2,treatment_0006,treatment,treatment_0006,2,7,10,candidate,1,,,,,1.0,0.006158233972867189,1.0000
chipmean,sentinel2,treatment_0006,treatment,treatment_0006,2,7,10,candidate,1,,,,,2.0,0.013493793160961642,1.0000
chipmean,sentinel2,treatment_0006,treatment,treatment_0006,2,7,10,candidate,2,,,0.0,,2.0,0.006158233972867189,1.0000 0.0000
chipmean,sentinel2,treatment_0007,treatment,treatment_0007,2,7,10,path,1,1.0,0.00566741526246431,inf,True,,,
chipmean,sentinel2,treatment_0007,treatment,treatment_0007,2,7,10,path,2,2.0,0.00566741526246431,0.0,False,,,
chipmean,sentinel2,treatment_0007,treatment,treatment_0007,2,7,10,candidate,1,,,,,1.0,0.00566741526246431,1.0000
chipmean,sentinel2,treatment_0007,treatment,treatment_0007,2,7,10,candidate,1,,,,,2.0,0.012893411236136054,1.0000
chipmean,sentinel2,treatment_0007,treatment,treatment_0007,2,7,10,candidate,2,,,0.0,,2.0,0.00566741526246431,1.0000 0.0000
chipmean,sentinel2,treatment_0008,treatment,treatment_0008,2,7,10,path,1,1.0,0.006668308231575888,inf,True,,,
chipmean,sentinel2,treatment_0008,treatment,treatment_0008,2,7,10,path,2,2.0,0.006668308231575888,0.0,False,,,
chipmean,sentinel2,treatment_0008,treatment,treatment_0008,2,7,10,candidate,1,,,,,1.0,0.006668308231575888,1.0000
chipmean,sentinel2,treatment_0008,treatment,treatment_0008,2,7,10,candidate,1,,,,,2.0,0.014955641917159536,1.0000
chipmean,sentinel2,treatment_0008,treatment,treatment_0008,2,7,10,candidate,2,,,0.0,,2.0,0.006668308231575888,1.0000 0.0000
chipmean,sentinel2,treatment_0009,treatment,treatment_0009,2,7,10,path,1,1.0,0.006004196583021825,inf,True,,,
chipmean,sentinel2,treatment_0009,treatment,treatment_0009,2,7,10,path,2,2.0,0.006004196583021825,0.0,False,,,
chipmean,sentinel2,treatment_0009,treatment,treatment_0009,2,7,10,candidate,1,,,,,1.0,0.006004196583021825,1.0000
chipmean,sentinel2,treatment_0009,treatment,treatment_0009,2,7,10,candidate,1,,,,,2.0,0.01348445117608336,1.0000
chipmean,sentinel2,treatment_0009,treatment,treatment_0009,2,7,10,candidate,2,,,0.0,,2.0,0.006004196583021825,1.0000 0.0000
chipmean,sentinel2,treatment_0010,treatment,treatment_0010,2,7,10,path,1,1.0,0.008324616117226943,inf,True,,,
chipmean,sentinel2,treatment_0010,treatment,treatment_0010,2,7,10,path,2,2.0,0.008324616117226943,0.0,False,,,
chipmean,sentinel2,treatment_0010,treatment,treatment_0010,2,7,10,candidate,1,,,,,1.0,0.008324616117226943,1.0000
chipmean,sentinel2,treatment_0010,treatment,treatment_0010,2,7,10,candidate,1,,,,,2.0,0.01789291008600244,1.0000
chipmean,sentinel2,treatment_0010,treatment,treatment_0010,2,7,10,candidate,2,,,0.0,,2.0,0.008324616117226943,1.0000 0.0000
chipmean,sentinel2,treatment_0011,treatment,treatment_0011,2,7,10,path,1,1.0,0.0057024362578807246,inf,True,,,
chipmean,sentinel2,treatment_0011,treatment,treatment_0011,2,7,10,path,2,2.0,0.0057024362578807246,0.0,False,,,
chipmean,sentinel2,treatment_0011,treatment,treatment_0011,2,7,10,candidate,1,,,,,1.0,0.0057024362578807246,1.0000
chipmean,sentinel2,treatment_0011,treatment,treatment_0011,2,7,10,candidate,1,,,,,2.0,0.012833811258055423,1.0000
chipmean,sentinel2,treatment_0011,treatment,treatment_0011,2,7,10,candidate,2,,,0.0,,2.0,0.0057024362578807246,1.0000 0.0000
chipmean,sentinel2,treatment_0012,treatment,treatment_0012,2,7,10,path,1,1.0,0.006089984227001187,inf,True,,,
chipmean,sentinel2,treatment_0012,treatment,treatment_0012,2,7,10,path,2,2.0,0.006089984227001187,0.0,False,,,
chipmean,sentinel2,treatment_0012,treatment,treatment_0012,2,7,10,candidate,1,,,,,1.0,0.006089984227001187,1.0000
chipmean,sentinel2,treatment_0012,treatment,treatment_0012,2,7,10,candidate,1,,,,,2.0,0.013732865593116018,1.0000
chipmean,sentinel2,treatment_0012,treatment,treatment_0012,2,7,10,candidate,2,,,0.0,,2.0,0.006089984227001187,1.0000 0.0000
chipmean,sentinel2,treatment_0013,treatment,treatment_0013,2,7,10,path,1,1.0,0.0068121454166219265,inf,True,,,
chipmean,sentinel2,treatment_0013,treatment,treatment_0013,2,7,10,path,2,2.0,0.0068121454166219265,0.0,False,,,
chipmean,sentinel2,treatment_0013,treatment,treatment_0013,2,7,10,candidate,1,,,,,1.0,0.0068121454166219265,1.0000
chipmean,sentinel2,treatment_0013,treatment,treatment_0013,2,7,10,candidate,1,,,,,2.0,0.015531515979921626,1.0000
chipmean,sentinel2,treatment_0013,treatment,treatment_0013,2,7,10,candidate,2,,,0.0,,2.0,0.0068121454166219265,1.0000 0.0000
chipmean,sentinel2,treatment_0014,treatment,treatment_0014,2,7,10,path,1,1.0,0.007104661855582956,inf,True,,,
chipmean,sentinel2,treatment_0014,treatment,treatment_0014,2,7,10,path,2,2.0,0.007104661855582956,0.0,False,,,
chipmean,sentinel2,treatment_0014,treatment,treatment_0014,2,7,10,candidate,1,,,,,1.0,0.007104661855582956,1.0000
chipmean,sentinel2,treatment_0014,treatment,treatment_0014,2,7,10,candidate,1,,,,,2.0,0.01600248329727483,1.0000
chipmean,sentinel2,treatment_0014,treatment,treatment_0014,2,7,10,candidate,2,,,0.0,,2.0,0.007104661855582956,1.0000 0.0000
chipmean,sentinel2,treatment_0015,treatment,treatment_0015,2,7,10,path,1,1.0,0.006327027572938979,inf,True,,,
chipmean,sentinel2,treatment_0015,treatment,treatment_0015,2,7,10,path,2,2.0,0.006327027572938979,0.0,False,,,
chipmean,sentinel2,treatment_0015,treatment,treatment_0015,2,7,10,candidate,1,,,,,1.0,0.006327027572938979,1.0000
chipmean,sentinel2,treatment_0015,treatment,treatment_0015,2,7,10,candidate,1,,,,,2.0,0.014019768186530578,1.0000
chipmean,sentinel2,treatment_0015,treatment,treatment_0015,2,7,10,candidate,2,,,0.0,,2.0,0.006327027572938979,1.0000 0.0000
chipmean,sentinel2,treatment_0001,treatment,treatment_0001,2,8,10,path,1,1.0,0.006621263503096843,inf,True,,,
chipmean,sentinel2,treatment_0001,treatment,treatment_0001,2,8,10,candidate,1,,,,,1.0,0.006621263503096843,1.0000
chipmean,sentinel2,treatment_0002,treatment,treatment_0002,2,8,10,path,1,1.0,0.005017905976860653,inf,True,,,
chipmean,sentinel2,treatment_0002,treatment,treatment_0002,2,8,10,candidate,1,,,,,1.0,0.005017905976860653,1.0000
chipmean,sentinel2,treatment_0003,treatment,treatment_0003,2,8,10,path,1,1.0,0.005361404899273466,inf,True,,,
chipmean,sentinel2,treatment_0003,treatment,treatment_0003,2,8,10,candidate,1,,,,,1.0,0.005361404899273466,1.0000
chipmean,sentinel2,treatment_0004,treatment,treatment_0004,2,8,10,path,1,1.0,0.006106392832612896,inf,True,,,
chipmean,sentinel2,treatment_0004,treatment,treatment_0004,2,8,10,candidate,1,,,,,1.0,0.006106392832612896,1.0000
chipmean,sentinel2,treatment_0005,treatment,treatment_0005,2,8,10,path,1,1.0,0.004652066613881852,inf,True,,,
chipmean,sentinel2,treatment_0005,treatment,treatment_0005,2,8,10,candidate,1,,,,,1.0,0.004652066613881852,1.0000
chipmean,sentinel2,treatment_0006,treatment,treatment_0006,2,8,10,path,1,1.0,0.006061172591474171,inf,True,,,
chipmean,sentinel2,treatment_0006,treatment,treatment_0006,2,8,10,candidate,1,,,,,1.0,0.006061172591474171,1.0000
chipmean,sentinel2,treatment_0007,treatment,treatment_0007,2,8,10,path,1,1.0,0.005785720003644578,inf,True,,,
chipmean,sentinel2,treatment_0007,treatment,treatment_0007,2,8,10,candidate,1,,,,,1.0,0.005785720003644578,1.0000
chipmean,sentinel2,treatment_0008,treatment,treatment_0008,2,8,10,path,1,1.0,0.006805661155007546,inf,True,,,
chipmean,sentinel2,treatment_0008,treatment,treatment_0008,2,8,10,candidate,1,,,,,1.0,0.006805661155007546,1.0000
chipmean,sentinel2,treatment_0009,treatment,treatment_0009,2,8,10,path,1,1.0,0.006169205252410251,inf,True,,,
chipmean,sentinel2,treatment_0009,treatment,treatment_0009,2,8,10,candidate,1,,,,,1.0,0.006169205252410251,1.0000
chipmean,sentinel2,treatment_0010,treatment,treatment_0010,2,8,10,path,1,1.0,0.00843779861873165,inf,True,,,
chipmean,sentinel2,treatment_0010,treatment,treatment_0010,2,8,10,candidate,1,,,,,1.0,0.00843779861873165,1.0000
chipmean,sentinel2,treatment_0011,treatment,treatment_0011,2,8,10,path,1,1.0,0.005718996842830094,inf,True,,,
chipmean,sentinel2,treatment_0011,treatment,treatment_0011,2,8,10,candidate,1,,,,,1.0,0.005718996842830094,1.0000
chipmean,sentinel2,treatment_0012,treatment,treatment_0012,2,8,10,path,1,1.0,0.006108444827232008,inf,True,,,
chipmean,sentinel2,treatment_0012,treatment,treatment_0012,2,8,10,candidate,1,,,,,1.0,0.006108444827232008,1.0000
chipmean,sentinel2,treatment_0013,treatment,treatment_0013,2,8,10,path,1,1.0,0.007022076155178093,inf,True,,,
chipmean,sentinel2,treatment_0013,treatment,treatment_0013,2,8,10,candidate,1,,,,,1.0,0.007022076155178093,1.0000
chipmean,sentinel2,treatment_0014,treatment,treatment_0014,2,8,10,path,1,1.0,0.007114593747763248,inf,True,,,
chipmean,sentinel2,treatment_0014,treatment,treatment_0014,2,8,10,candidate,1,,,,,1.0,0.007114593747763248,1.0000
chipmean,sentinel2,treatment_0015,treatment,treatment_0015,2,8,10,path,1,1.0,0.00668039628116266,inf,True,,,
chipmean,sentinel2,treatment_0015,treatment,treatment_0015,2,8,10,candidate,1,,,,,1.0,0.00668039628116266,1.0000
chipmean,sentinel2,treatment_0001,treatment,treatment_0001,3,2,10,path,1,1.0,0.01697651486269286,inf,True,,,
chipmean,sentinel2,treatment_0001,treatment,treatment_0001,3,2,10,path,2,2.0,0.01697651486269286,0.0,False,,,
chipmean,sentinel2,treatment_0001,treatment,treatment_0001,3,2,10,candidate,1,,,,,1.0,0.01697651486269286,1.0000
chipmean,sentinel2,treatment_0001,treatment,treatment_0001,3,2,10,candidate,1,,,,,2.0,0.02838862598877158,1.0000
chipmean,sentinel2,treatment_0001,treatment,treatment_0001,3,2,10,candidate,1,,,,,3.0,0.04178171443068069,1.0000
chipmean,sentinel2,treatment_0001,treatment,treatment_0001,3,2,10,candidate,1,,,,,4.0,0.056807455821858976,1.0000
chipmean,sentinel2,treatment_0001,treatment,treatment_0001,3,2,10,candidate,1,,,,,5.0,0.07330001562285691,1.0000
chipmean,sentinel2,treatment_0001,treatment,treatment_0001,3,2,10,candidate,1,,,,,6.0,0.09134708018021642,1.0000
chipmean,sentinel2,treatment_0001,treatment,treatment_0001,3,2,10,candidate,2,,,0.0,,2.0,0.01697651486269286,1.0000 0.0000
chipmean,sentinel2,treatment_0001,treatment,treatment_0001,3,2,10,candidate,2,,,0.0,,3.0,0.01697651486269286,1.0000 0.0000
chipmean,sentinel2,treatment_0001,treatment,treatment_0001,3,2,10,candidate,2,,,0.0,,4.0,0.01697651486269286,1.0000 0.0000
chipmean,sentinel2,treatment_0001,treatment,treatment_0001,3,2,10,candidate,2,,,0.0,,5.0,0.01697651486269286,1.0000 0.0000
chipmean,sentinel2,treatment_0001,treatment,treatment_0001,3,2,10,candidate,2,,,0.0,,6.0,0.01697651486269286,1.0000 0.0000
chipmean,sentinel2,treatment_0002,treatment,treatment_0002,3,2,10,path,1,1.0,0.011275988818548924,inf,True,,,
chipmean,sentinel2,treatment_0002,treatment,treatment_0002,3,2,10,path,2,2.0,0.011275988818548924,0.0,False,,,
chipmean,sentinel2,treatment_0002,treatment,treatment_0002,3,2,10,candidate,1,,,,,1.0,0.011275988818548924,1.0000
chipmean,sentinel2,treatment_0002,treatment,treatment_0002,3,2,10,candidate,1,,,,,2.0,0.019998810492282033,1.0000
chipmean,sentinel2,treatment_0002,treatment,treatment_0002,3,2,10,candidate,1,,,,,3.0,0.031180083054677604,1.0000
chipmean,sentinel2,treatment_0002,treatment,treatment_0002,3,2,10,candidate,1,,,,,4.0,0.04480945501196832,1.0000
chipmean,sentinel2,treatment_0002,treatment,treatment_0002,3,2,10,candidate,1,,,,,5.0,0.06087899230081134,1.0000
chipmean,sentinel2,treatment_0002,treatment,treatment_0002,3,2,10,candidate,1,,,,,6.0,0.07938329103488014,1.0000
chipmean,sentinel2,treatment_0002,treatment,treatment_0002,3,2,10,candidate,2,,,0.0,,2.0,0.011275988818548924,1.0000 0.0000
chipmean,sentinel2,treatment_0002,treatment,treatment_0002,3,2,10,candidate,2,,,0.0,,3.0,0.011275988818548924,1.0000 0.0000
chipmean,sentinel2,treatment_0002,treatment,treatment_0002,3,2,10,candidate,2,,,0.0,,4.0,0.011275988818548924,1.0000 0.0000
chipmean,sentinel2,treatment_0002,treatment,treatment_0002,3,2,10,candidate,2,,,0.0,,5.0,0.011275988818548924,1.0000 0.0000
chipmean,sentinel2,treatment_0002,treatment,treatment_0002,3,2,10,candidate,2,,,0.0,,6.0,0.011275988818548924,1.0000 0.0000
chipmean,sentinel2,treatment_0003,treatment,treatment_0003,3,2,10,path,1,1.0,0.012587715538850939,inf,True,,,
chipmean,sentinel2,treatment_0003,treatment,treatment_0003,3,2,10,path,2,2.0,0.012587715538850939,0.0,False,,,
chipmean,sentinel2,treatment_0003,treatment,treatment_0003,3,2,10,candidate,1,,,,,1.0,0.012587715538850939,1.0000
chipmean,sentinel2,treatment_0003,treatment,treatment_0003,3,2,10,candidate,1,,,,,2.0,0.021802894779810317,1.0000
chipmean,sentinel2,treatment_0003,treatment,treatment_0003,3,2,10,candidate,1,,,,,3.0,0.03327513404357192,1.0000
chipmean,sentinel2,treatment_0003,treatment,treatment_0003,3,2,10,candidate,1,,,,,4.0,0.04691947659418497,1.0000
chipmean,sentinel2,treatment_0003,treatment,treatment_0003,3,2,10,candidate,1,,,,,5.0,0.06269598021389769,1.0000
chipmean,sentinel2,treatment_0003,treatment,treatment_0003,3,2,10,candidate,1,,,,,6.0,0.08061724515995745,1.0000
chipmean,sentinel2,treatment_0003,treatment,treatment_0003,3,2,10,candidate,2,,,0.0,,2.0,0.012587715538850939,1.0000 0.0000
chipmean,sentinel2,treatment_0003,treatment,treatment_0003,3,2,10,candidate,2,,,0.0,,3.0,0.012587715538850939,1.0000 0.0000
chipmean,sentinel2,treatment_0003,treatment,treatment_0003,3,2,10,candidate,2,,,0.0,,4.0,0.012587715538850939,1.0000 0.0000
chipmean,sentinel2,treatment_0003,treatment,treatment_0003,3,2,10,candidate,2,,,0.0,,5.0,0.012587715538850939,1.0000 0.0000
chipmean,sentinel2,treatment_0003,treatment,treatment_0003,3,2,10,candidate,2,,,0.0,,6.0,0.012587715538850939,1.0000 0.0000
chipmean,sentinel2,treatment_0004,treatment,treatment_0004,3,2,10,path,1,1.0,0.013429881097093059,inf,True,,,
chipmean,sentinel2,treatment_0004,treatment,treatment_0004,3,2,10,path,2,2.0,0.013429881097093059,0.0,False,,,
chipmean,sentinel2,treatment_0004,treatment,treatment_0004,3,2,10,candidate,1,,,,,1.0,0.013429881097093059,1.0000
chipmean,sentinel2,treatment_0004,treatment,treatment_0004,3,2,10,candidate,1,,,,,2.0,0.02306749874912604,1.0000
chipmean,sentinel2,treatment_0004,treatment,treatment_0004,3,2,10,candidate,1,,,,,3.0,0.03489436603513569,1.0000
chipmean,sentinel2,treatment_0004,treatment,treatment_0004,3,2,10,candidate,1,,,,,4.0,0.04872143180602849,1.0000
chipmean,sentinel2,treatment_0004,treatment,treatment_0004,3,2,10,candidate,1,,,,,5.0,0.06440042036806647,1.0000
chipmean,sentinel2,treatment_0004,treatment,treatment_0004,3,2,10,candidate,1,,,,,6.0,0.08187128418038107,1.0000
chipmean,sentinel2,treatment_0004,treatment,treatment_0004,3,2,10,candidate,2,,,0.0,,2.0,0.013429881097093059,1.0000 0.0000
chipmean,sentinel2,treatment_0004,treatment,treatment_0004,3,2,10,candidate,2,,,0.0,,3.0,0.013429881097093059,1.0000 0.0000
chipmean,sentinel2,treatment_0004,treatment,treatment_0004,3,2,10,candidate,2,,,0.0,,4.0,0.013429881097093059,1.0000 0.0000
chipmean,sentinel2,treatment_0004,treatment,treatment_0004,3,2,10,candidate,2,,,0.0,,5.0,0.013429881097093059,1.0000 0.0000
chipmean,sentinel2,treatment_0004,treatment,treatment_0004,3,2,10,candidate,2,,,0.0,,6.0,0.013429881097093059,1.0000 0.0000
chipmean,sentinel2,treatment_0005,treatment,treatment_0005,3,2,10,path,1,1.0,0.011136450309503507,inf,True,,,
chipmean,sentinel2,treatment_0005,treatment,treatment_0005,3,2,10,path,2,2.0,0.011136450309503507,0.0,False,,,
chipmean,sentinel2,treatment_0005,treatment,treatment_0005,3,2,10,candidate,1,,,,,1.0,0.011136450309503507,1.0000
chipmean,sentinel2,treatment_0005,treatment,treatment_0005,3,2,10,candidate,1,,,,,2.0,0.01915178858836007,1.0000
chipmean,sentinel2,treatment_0005,treatment,treatment_0005,3,2,10,candidate,1,,,,,3.0,0.02898330618266816,1.0000
chipmean,sentinel2,treatment_0005,treatment,treatment_0005,3,2,10,candidate,1,,,,,4.0,0.04048955855999566,1.0000
chipmean,sentinel2,treatment_0005,treatment,treatment_0005,3,2,10,candidate,1,,,,,5.0,0.05358445097753712,1.0000
chipmean,sentinel2,treatment_0005,treatment,treatment_0005,3,2,10,candidate,1,,,,,6.0,0.06825538928639363,1.0000
chipmean,sentinel2,treatment_0005,treatment,treatment_0005,3,2,10,candidate,2,,,0.0,,2.0,0.011136450309503507,1.0000 0.0000
chipmean,sentinel2,treatment_0005,treatment,treatment_0005,3,2,10,candidate,2,,,0.0,,3.0,0.011136450309503507,1.0000 0.0000
chipmean,sentinel2,treatment_0005,treatment,treatment_0005,3,2,10,candidate,2,,,0.0,,4.0,0.011136450309503507,1.0000 0.0000
chipmean,sentinel2,treatment_0005,treatment,treatment_0005,3,2,10,candidate,2,,,0.0,,5.0,0.011136450309503507,1.0000 0.0000
chipmean,sentinel2,treatment_0005,treatment,treatment_0005,3,2,10,candidate,2,,,0.0,,6.0,0.011136450309503507,1.0000 0.0000
chipmean,sentinel2,treatment_0006,treatment,treatment_0006,3,2,10,path,1,1.0,0.015281115575920347,inf,True,,,
chipmean,sentinel2,treatment_0006,treatment,treatment_0006,3,2,10,path,2,2.0,0.015281115575920347,0.0,False,,,
chipmean,sentinel2,treatment_0006,treatment,treatment_0006,3,2,10,candidate,1,,,,,1.0,0.015281115575920347,1.0000
chipmean,sentinel2,treatment_0006,treatment,treatment_0006,3,2,10,candidate,1,,,,,2.0,0.026184860144634954,1.0000
chipmean,sentinel2,treatment_0006,treatment,treatment_0006,3,2,10,candidate,1,,,,,3.0,0.03946197419187495,1.0000
chipmean,sentinel2,treatment_0006,treatment,treatment_0006,3,2,10,candidate,1,,,,,4.0,0.054859619848754905,1.0000
chipmean,sentinel2,treatment_0006,treatment,treatment_0006,3,2,10,candidate,1,,,,,5.0,0.07218102950724825,1.0000
chipmean,sentinel2,treatment_0006,treatment,treatment_0006,3,2,10,candidate,1,,,,,6.0,0.09129982567726172,1.0000
chipmean,sentinel2,treatment_0006,treatment,treatment_0006,3,2,10,candidate,2,,,0.0,,2.0,0.015281115575920347,1.0000 0.0000
chipmean,sentinel2,treatment_0006,treatment,treatment_0006,3,2,10,candidate,2,,,0.0,,3.0,0.015281115575920347,1.0000 0.0000
chipmean,sentinel2,treatment_0006,treatment,treatment_0006,3,2,10,candidate,2,,,0.0,,4.0,0.015281115575920347,1.0000 0.0000
chipmean,sentinel2,treatment_0006,treatment,treatment_0006,3,2,10,candidate,2,,,0.0,,5.0,0.015281115575920347,1.0000 0.0000
chipmean,sentinel2,treatment_0006,treatment,treatment_0006,3,2,10,candidate,2,,,0.0,,6.0,0.015281115575920347,1.0000 0.0000
chipmean,sentinel2,treatment_0007,treatment,treatment_0007,3,2,10,path,1,1.0,0.012101077802419135,inf,True,,,
chipmean,sentinel2,treatment_0007,treatment,treatment_0007,3,2,10,path,2,2.0,0.012101077802419135,0.0,False,,,
chipmean,sentinel2,treatment_0007,treatment,treatment_0007,3,2,10,candidate,1,,,,,1.0,0.012101077802419135,1.0000
chipmean,sentinel2,treatment_0007,treatment,treatment_0007,3,2,10,candidate,1,,,,,2.0,0.021499985567463152,1.0000
chipmean,sentinel2,treatment_0007,treatment,treatment_0007,3,2,10,candidate,1,,,,,3.0,0.03362546972800098,1.0000
chipmean,sentinel2,treatment_0007,treatment,treatment_0007,3,2,10,candidate,1,,,,,4.0,0.0485403127493442,1.0000
chipmean,sentinel2,treatment_0007,treatment,treatment_0007,3,2,10,candidate,1,,,,,5.0,0.06633785785766867,1.0000
chipmean,sentinel2,treatment_0007,treatment,treatment_0007,3,2,10,candidate,1,,,,,6.0,0.08715300027508918,1.0000
chipmean,sentinel2,treatment_0007,treatment,treatment_0007,3,2,10,candidate,2,,,0.0,,2.0,0.012101077802419135,1.0000 0.0000
chipmean,sentinel2,treatment_0007,treatment,treatment_0007,3,2,10,candidate,2,,,0.0,,3.0,0.012101077802419135,1.0000 0.0000
chipmean,sentinel2,treatment_0007,treatment,treatment_0007,3,2,10,candidate,2,,,0.0,,4.0,0.012101077802419135,1.0000 0.0000
chipmean,sentinel2,treatment_0007,treatment,treatment_0007,3,2,10,candidate,2,,,0.0,,5.0,0.012101077802419135,1.0000 0.0000
chipmean,sentinel2,treatment_0007,treatment,treatment_0007,3,2,10,candidate,2,,,0.0,,6.0,0.012101077802419135,1.0000 0.0000
chipmean,sentinel2,treatment_0008,treatment,treatment_0008,3,2,10,path,1,1.0,0.014898987684175677,inf,True,,,
chipmean,sentinel2,treatment_0008,treatment,treatment_0008,3,2,10,path,2,2.0,0.014898987684175677,0.0,False,,,
chipmean,sentinel2,treatment_0008,treatment,treatment_0008,3,2,10,candidate,1,,,,,1.0,0.014898987684175677,1.0000
chipmean,sentinel2,treatment_0008,treatment,treatment_0008,3,2,10,candidate,1,,,,,2.0,0.025689745225217137,1.0000
chipmean,sentinel2,treatment_0008,treatment,treatment_0008,3,2,10,candidate,1,,,,,3.0,0.03901097163192984,1.0000
chipmean,sentinel2,treatment_0008,treatment,treatment_0008,3,2,10,candidate,1,,,,,4.0,0.05471583802891277,1.0000
chipmean,sentinel2,treatment_0008,treatment,treatment_0008,3,2,10,candidate,1,,,,,5.0,0.07274063610377642,1.0000
chipmean,sentinel2,treatment_0008,treatment,treatment_0008,3,2,10,candidate,1,,,,,6.0,0.09316044881360014,1.0000
chipmean,sentinel2,treatment_0008,treatment,treatment_0008,3,2,10,candidate,2,,,0.0,,2.0,0.014898987684175677,1.0000 0.0000
chipmean,sentinel2,treatment_0008,treatment,treatment_0008,3,2,10,candidate,2,,,0.0,,3.0,0.014898987684175677,1.0000 0.0000
chipmean,sentinel2,treatment_0008,treatment,treatment_0008,3,2,10,candidate,2,,,0.0,,4.0,0.014898987684175677,1.0000 0.0000
chipmean,sentinel2,treatment_0008,treatment,treatment_0008,3,2,10,candidate,2,,,0.0,,5.0,0.014898987684175677,1.0000 0.0000
chipmean,sentinel2,treatment_0008,treatment,treatment_0008,3,2,10,candidate,2,,,0.0,,6.0,0.014898987684175677,1.0000 0.0000
chipmean,sentinel2,treatment_0009,treatment,treatment_0009,3,2,10,path,1,1.0,0.013435656270776426,inf,True,,,
chipmean,sentinel2,treatment_0009,treatment,treatment_0009,3,2,10,path,2,2.0,0.013435656270776426,0.0,False,,,
chipmean,sentinel2,treatment_0009,treatment,treatment_0009,3,2,10,candidate,1,,,,,1.0,0.013435656270776426,1.0000
chipmean,sentinel2,treatment_0009,treatment,treatment_0009,3,2,10,candidate,1,,,,,2.0,0.02296967908212065,1.0000
chipmean,sentinel2,treatment_0009,treatment,treatment_0009,3,2,10,candidate,1,,,,,3.0,0.034706383805623145,1.0000
chipmean,sentinel2,treatment_0009,treatment,treatment_0009,3,2,10,candidate,1,,,,,4.0,0.04859801645667792,1.0000
chipmean,sentinel2,treatment_0009,treatment,treatment_0009,3,2,10,candidate,1,,,,,5.0,0.0647065066043517,1.0000
chipmean,sentinel2,treatment_0009,treatment,treatment_0009,3,2,10,candidate,1,,,,,6.0,0.08324968171417949,1.0000
chipmean,sentinel2,treatment_0009,treatment,treatment_0009,3,2,10,candidate,2,,,0.0,,2.0,0.013435656270776426,1.0000 0.0000
chipmean,sentinel2,treatment_0009,treatment,treatment_0009,3,2,10,candidate,2,,,0.0,,3.0,0.013435656270776426,1.0000 0.0000
chipmean,sentinel2,treatment_0009,treatment,treatment_0009,3,2,10,candidate,2,,,0.0,,4.0,0.013435656270776426,1.0000 0.0000
chipmean,sentinel2,treatment_0009,treatment,treatment_0009,3,2,10,candidate,2,,,0.0,,5.0,0.013435656270776426,1.0000 0.0000
chipmean,sentinel2,treatment_0009,treatment,treatment_0009,3,2,10,candidate,2,,,0.0,,6.0,0.013435656270776426,1.0000 0.0000
chipmean,sentinel2,treatment_0010,treatment,treatment_0010,3,2,10,path,1,1.0,0.02106543098157981,inf,True,,,
chipmean,sentinel2,treatment_0010,treatment,treatment_0010,3,2,10,path,2,2.0,0.02106543098157981,0.0,False,,,
chipmean,sentinel2,treatment_0010,treatment,treatment_0010,3,2,10,candidate,1,,,,,1.0,0.02106543098157981,1.0000
chipmean,sentinel2,treatment_0010,treatment,treatment_0010,3,2,10,candidate,1,,,,,2.0,0.033615453307323497,1.0000
chipmean,sentinel2,treatment_0010,treatment,treatment_0010,3,2,10,candidate,1,,,,,3.0,0.047350720876521715,1.0000
chipmean,sentinel2,treatment_0010,treatment,treatment_0010,3,2,10,candidate,1,,,,,4.0,0.06180517975953375,1.0000
chipmean,sentinel2,treatment_0010,treatment,treatment_0010,3,2,10,candidate,1,,,,,5.0,0.07676792375263418,1.0000
chipmean,sentinel2,treatment_0010,treatment,treatment_0010,3,2,10,candidate,1,,,,,6.0,0.09235369649420602,1.0000
chipmean,sentinel2,treatment_0010,treatment,treatment_0010,3,2,10,candidate,2,,,0.0,,2.0,0.02106543098157981,1.0000 0.0000
chipmean,sentinel2,treatment_0010,treatment,treatment_0010,3,2,10,candidate,2,,,0.0,,3.0,0.02106543098157981,1.0000 0.0000
chipmean,sentinel2,treatment_0010,treatment,treatment_0010,3,2,10,candidate,2,,,0.0,,4.0,0.02106543098157981,1.0000 0.0000
chipmean,sentinel2,treatment_0010,treatment,treatment_0010,3,2,10,candidate,2,,,0.0,,5.0,0.02106543098157981,1.0000 0.0000
chipmean,sentinel2,treatment_0010,treatment,treatment_0010,3,2,10,candidate,2,,,0.0,,6.0,0.02106543098157981,1.0000 0.0000
chipmean,sentinel2,treatment_0011,treatment,treatment_0011,3,2,10,path,1,1.0,0.012753624838556367,inf,True,,,
chipmean,sentinel2,treatment_0011,treatment,treatment_0011,3,2,10,path,2,2.0,0.012753624838556367,0.0,False,,,
chipmean,sentinel2,treatment_0011,treatment,treatment_0011,3,2,10,candidate,1,,,,,1.0,0.012753624838556367,1.0000
chipmean,sentinel2,treatment_0011,treatment,treatment_0011,3,2,10,candidate,1,,,,,2.0,0.022618503315708773,1.0000
chipmean,sentinel2,treatment_0011,treatment,treatment_0011,3,2,10,candidate,1,,,,,3.0,0.035259391209058355,1.0000
chipmean,sentinel2,treatment_0011,treatment,treatment_0011,3,2,10,candidate,1,,,,,4.0,0.05065827242452781,1.0000
chipmean,sentinel2,treatment_0011,treatment,treatment_0011,3,2,10,candidate,1,,,,,5.0,0.06879754426280149,1.0000
chipmean,sentinel2,treatment_0011,treatment,treatment_0011,3,2,10,candidate,1,,,,,6.0,0.08966143412236141,1.0000
chipmean,sentinel2,treatment_0011,treatment,treatment_0011,3,2,10,candidate,2,,,0.0,,2.0,0.012753624838556367,1.0000 0.0000
chipmean,sentinel2,treatment_0011,treatment,treatment_0011,3,2,10,candidate,2,,,0.0,,3.0,0.012753624838556367,1.0000 0.0000
chipmean,sentinel2,treatment_0011,treatment,treatment_0011,3,2,10,candidate,2,,,0.0,,4.0,0.012753624838556367,1.0000 0.0000
chipmean,sentinel2,treatment_0011,treatment,treatment_0011,3,2,10,candidate,2,,,0.0,,5.0,0.012753624838556367,1.0000 0.0000
chipmean,sentinel2,treatment_0011,treatment,treatment_0011,3,2,10,candidate,2,,,0.0,,6.0,0.012753624838556367,1.0000 0.0000
chipmean,sentinel2,treatment_0012,treatment,treatment_0012,3,2,10,path,1,1.0,0.013538937811157462,inf,True,,,
chipmean,sentinel2,treatment_0012,treatment,treatment_0012,3,2,10,path,2,2.0,0.013538937811157462,0.0,False,,,
chipmean,sentinel2,treatment_0012,treatment,treatment_0012,3,2,10,candidate,1,,,,,1.0,0.013538937811157462,1.0000
chipmean,sentinel2,treatment_0012,treatment,treatment_0012,3,2,10,candidate,1,,,,,2.0,0.024111235497942373,1.0000
chipmean,sentinel2,treatment_0012,treatment,treatment_0012,3,2,10,candidate,1,,,,,3.0,0.03773149999806467,1.0000
chipmean,sentinel2,treatment_0012,treatment,treatment_0012,3,2,10,candidate,1,,,,,4.0,0.05440495729975876,1.0000
chipmean,sentinel2,treatment_0012,treatment,treatment_0012,3,2,10,candidate,1,,,,,5.0,0.07413330348246633,1.0000
chipmean,sentinel2,treatment_0012,treatment,treatment_0012,3,2,10,candidate,1,,,,,6.0,0.09691521133107961,1.0000
chipmean,sentinel2,treatment_0012,treatment,treatment_0012,3,2,10,candidate,2,,,0.0,,2.0,0.013538937811157462,1.0000 0.0000
chipmean,sentinel2,treatment_0012,treatment,treatment_0012,3,2,10,candidate,2,,,0.0,,3.0,0.013538937811157462,1.0000 0.0000
chipmean,sentinel2,treatment_0012,treatment,treatment_0012,3,2,10,candidate,2,,,0.0,,4.0,0.013538937811157462,1.0000 0.0000
chipmean,sentinel2,treatment_0012,treatment,treatment_0012,3,2,10,candidate,2,,,0.0,,5.0,0.013538937811157462,1.0000 0.0000
chipmean,sentinel2,treatment_0012,treatment,treatment_0012,3,2,10,candidate,2,,,0.0,,6.0,0.013538937811157462,1.0000 0.0000
chipmean,sentinel2,treatment_0013,treatment,treatment_0013,3,2,10,path,1,1.0,0.0141319621680042,inf,True,,,
chipmean,sentinel2,treatment_0013,treatment,treatment_0013,3,2,10,path,2,2.0,0.0141319621680042,0.0,False,,,
chipmean,sentinel2,treatment_0013,treatment,treatment_0013,3,2,10,candidate,1,,,,,1.0,0.0141319621680042,1.0000
chipmean,sentinel2,treatment_0013,treatment,treatment_0013,3,2,10,candidate,1,,,,,2.0,0.025038995268987785,1.0000
chipmean,sentinel2,treatment_0013,treatment,treatment_0013,3,2,10,candidate,1,,,,,3.0,0.03900207448514257,1.0000
chipmean,sentinel2,treatment_0013,treatment,treatment_0013,3,2,10,candidate,1,,,,,4.0,0.0559956430448561,1.0000
chipmean,sentinel2,treatment_0013,treatment,treatment_0013,3,2,10,candidate,1,,,,,5.0,0.07601815789357423,1.0000
chipmean,sentinel2,treatment_0013,treatment,treatment_0013,3,2,10,candidate,1,,,,,6.0,0.09914103042029503,1.0000
chipmean,sentinel2,treatment_0013,treatment,treatment_0013,3,2,10,candidate,2,,,0.0,,2.0,0.0141319621680042,1.0000 0.0000
chipmean,sentinel2,treatment_0013,treatment,treatment_0013,3,2,10,candidate,2,,,0.0,,3.0,0.0141319621680042,1.0000 0.0000
chipmean,sentinel2,treatment_0013,treatment,treatment_0013,3,2,10,candidate,2,,,0.0,,4.0,0.0141319621680042,1.0000 0.0000
chipmean,sentinel2,treatment_0013,treatment,treatment_0013,3,2,10,candidate,2,,,0.0,,5.0,0.0141319621680042,1.0000 0.0000
chipmean,sentinel2,treatment_0013,treatment,treatment_0013,3,2,10,candidate,2,,,0.0,,6.0,0.0141319621680042,1.0000 0.0000
chipmean,sentinel2,treatment_0014,treatment,treatment_0014,3,2,10,path,1,1.0,0.015901189447307895,inf,True,,,
chipmean,sentinel2,treatment_0014,treatment,treatment_0014,3,2,10,path,2,2.0,0.015901189447307895,0.0,False,,,
chipmean,sentinel2,treatment_0014,treatment,treatment_0014,3,2,10,candidate,1,,,,,1.0,0.015901189447307895,1.0000
chipmean,sentinel2,treatment_0014,treatment,treatment_0014,3,2,10,candidate,1,,,,,2.0,0.02829202735132157,1.0000
chipmean,sentinel2,treatment_0014,treatment,treatment_0014,3,2,10,candidate,1,,,,,3.0,0.04423963998465166,1.0000
chipmean,sentinel2,treatment_0014,treatment,treatment_0014,3,2,10,candidate,1,,,,,4.0,0.06374904173763982,1.0000
chipmean,sentinel2,treatment_0014,treatment,treatment_0014,3,2,10,candidate,1,,,,,5.0,0.08682421093153982,1.0000
chipmean,sentinel2,treatment_0014,treatment,treatment_0014,3,2,10,candidate,1,,,,,6.0,0.11346832117492624,1.0000
chipmean,sentinel2,treatment_0014,treatment,treatment_0014,3,2,10,candidate,2,,,0.0,,2.0,0.015901189447307895,1.0000 0.0000
chipmean,sentinel2,treatment_0014,treatment,treatment_0014,3,2,10,candidate,2,,,0.0,,3.0,0.015901189447307895,1.0000 0.0000
chipmean,sentinel2,treatment_0014,treatment,treatment_0014,3,2,10,candidate,2,,,0.0,,4.0,0.015901189447307895,1.0000 0.0000
chipmean,sentinel2,treatment_0014,treatment,treatment_0014,3,2,10,candidate,2,,,0.0,,5.0,0.015901189447307895,1.0000 0.0000
chipmean,sentinel2,treatment_0014,treatment,treatment_0014,3,2,10,candidate,2,,,0.0,,6.0,0.015901189447307895,1.0000 0.0000
chipmean,sentinel2,treatment_0015,treatment,treatment_0015,3,2,10,path,1,1.0,0.01493884266880668,inf,True,,,
chipmean,sentinel2,treatment_0015,treatment,treatment_0015,3,2,10,path,2,2.0,0.01493884266880668,0.0,False,,,
chipmean,sentinel2,treatment_0015,treatment,treatment_0015,3,2,10,candidate,1,,,,,1.0,0.01493884266880668,1.0000
chipmean,sentinel2,treatment_0015,treatment,treatment_0015,3,2,10,candidate,1,,,,,2.0,0.023944652216649178,1.0000
chipmean,sentinel2,treatment_0015,treatment,treatment_0015,3,2,10,candidate,1,,,,,3.0,0.03400391152341219,1.0000
chipmean,sentinel2,treatment_0015,treatment,treatment_0015,3,2,10,candidate,1,,,,,4.0,0.04499207366864938,1.0000
chipmean,sentinel2,treatment_0015,treatment,treatment_0015,3,2,10,candidate,1,,,,,5.0,0.05719876498249744,1.0000
chipmean,sentinel2,treatment_0015,treatment,treatment_0015,3,2,10,candidate,1,,,,,6.0,0.07154696266843573,1.0000
chipmean,sentinel2,treatment_0015,treatment,treatment_0015,3,2,10,candidate,2,,,0.0,,2.0,0.01493884266880668,1.0000 0.0000
chipmean,sentinel2,treatment_0015,treatment,treatment_0015,3,2,10,candidate,2,,,0.0,,3.0,0.01493884266880668,1.0000 0.0000
chipmean,sentinel2,treatment_0015,treatment,treatment_0015,3,2,10,candidate,2,,,0.0,,4.0,0.01493884266880668,1.0000 0.0000
chipmean,sentinel2,treatment_0015,treatment,treatment_0015,3,2,10,candidate,2,,,0.0,,5.0,0.01493884266880668,1.0000 0.0000
chipmean,sentinel2,treatment_0015,treatment,treatment_0015,3,2,10,candidate,2,,,0.0,,6.0,0.01493884266880668,1.0000 0.0000
chipmean,sentinel2,treatment_0001,treatment,treatment_0001,3,3,10,path,1,1.0,0.016180826170210987,inf,True,,,
chipmean,sentinel2,treatment_0001,treatment,treatment_0001,3,3,10,path,2,2.0,0.016180826170210987,0.0,False,,,
chipmean,sentinel2,treatment_0001,treatment,treatment_0001,3,3,10,candidate,1,,,,,1.0,0.016180826170210987,1.0000
chipmean,sentinel2,treatment_0001,treatment,treatment_0001,3,3,10,candidate,1,,,,,2.0,0.027161878474097206,1.0000
chipmean,sentinel2,treatment_0001,treatment,treatment_0001,3,3,10,candidate,1,,,,,3.0,0.040168726295404765,1.0000
chipmean,sentinel2,treatment_0001,treatment,treatment_0001,3,3,10,candidate,1,,,,,4.0,0.05495625677167317,1.0000
chipmean,sentinel2,treatment_0001,treatment,treatment_0001,3,3,10,candidate,1,,,,,5.0,0.07149494884104676,1.0000
chipmean,sentinel2,treatment_0001,treatment,treatment_0001,3,3,10,candidate,2,,,0.0,,2.0,0.016180826170210987,1.0000 0.0000
chipmean,sentinel2,treatment_0001,treatment,treatment_0001,3,3,10,candidate,2,,,0.0,,3.0,0.016180826170210987,1.0000 0.0000
chipmean,sentinel2,treatment_0001,treatment,treatment_0001,3,3,10,candidate,2,,,0.0,,4.0,0.016180826170210987,1.0000 0.0000
chipmean,sentinel2,treatment_0001,treatment,treatment_0001,3,3,10,candidate,2,,,0.0,,5.0,0.016180826170210987,1.0000 0.0000
chipmean,sentinel2,treatment_0002,treatment,treatment_0002,3,3,10,path,1,1.0,0.011263020277328097,inf,True,,,
chipmean,sentinel2,treatment_0002,treatment,treatment_0002,3,3,10,path,2,2.0,0.011263020277328097,0.0,False,,,
chipmean,sentinel2,treatment_0002,treatment,treatment_0002,3,3,10,candidate,1,,,,,1.0,0.011263020277328097,1.0000
chipmean,sentinel2,treatment_0002,treatment,treatment_0002,3,3,10,candidate,1,,,,,2.0,0.019984233249000012,1.0000
chipmean,sentinel2,treatment_0002,treatment,treatment_0002,3,3,10,candidate,1,,,,,3.0,0.031170221513545156,1.0000
chipmean,sentinel2,treatment_0002,treatment,treatment_0002,3,3,10,candidate,1,,,,,4.0,0.04481351402933802,1.0000
chipmean,sentinel2,treatment_0002,treatment,treatment_0002,3,3,10,candidate,1,,,,,5.0,0.06090910149265915,1.0000
chipmean,sentinel2,treatment_0002,treatment,treatment_0002,3,3,10,candidate,2,,,0.0,,2.0,0.011263020277328097,1.0000 0.0000
chipmean,sentinel2,treatment_0002,treatment,treatment_0002,3,3,10,candidate,2,,,0.0,,3.0,0.011263020277328097,1.0000 0.0000
chipmean,sentinel2,treatment_0002,treatment,treatment_0002,3,3,10,candidate,2,,,0.0,,4.0,0.011263020277328097,1.0000 0.0000
chipmean,sentinel2,treatment_0002,treatment,treatment_0002,3,3,10,candidate,2,,,0.0,,5.0,0.011263020277328097,1.0000 0.0000
chipmean,sentinel2,treatment_0003,treatment,treatment_0003,3,3,10,path,1,1.0,0.012338836338038757,inf,True,,,
chipmean,sentinel2,treatment_0003,treatment,treatment_0003,3,3,10,path,2,2.0,0.012338836338038757,0.0,False,,,
chipmean,sentinel2,treatment_0003,treatment,treatment_0003,3,3,10,candidate,1,,,,,1.0,0.012338836338038757,1.0000
chipmean,sentinel2,treatment_0003,treatment,treatment_0003,3,3,10,candidate,1,,,,,2.0,0.021442434561596568,1.0000
chipmean,sentinel2,treatment_0003,treatment,treatment_0003,3,3,10,candidate,1,,,,,3.0,0.03283393501394832,1.0000
chipmean,sentinel2,treatment_0003,treatment,treatment_0003,3,3,10,candidate,1,,,,,4.0,0.046455779794376685,1.0000
chipmean,sentinel2,treatment_0003,treatment,treatment_0003,3,3,10,candidate,1,,,,,5.0,0.06229921655294961,1.0000
chipmean,sentinel2,treatment_0003,treatment,treatment_0003,3,3,10,candidate,2,,,0.0,,2.0,0.012338836338038757,1.0000 0.0000
chipmean,sentinel2,treatment_0003,treatment,treatment_0003,3,3,10,candidate,2,,,0.0,,3.0,0.012338836338038757,1.0000 0.0000
chipmean,sentinel2,treatment_0003,treatment,treatment_0003,3,3,10,candidate,2,,,0.0,,4.0,0.012338836338038757,1.0000 0.0000
chipmean,sentinel2,treatment_0003,treatment,treatment_0003,3,3,10,candidate,2,,,0.0,,5.0,0.012338836338038757,1.0000 0.0000
chipmean,sentinel2,treatment_0004,treatment,treatment_0004,3,3,10,path,1,1.0,0.013218859010418221,inf,True,,,
chipmean,sentinel2,treatment_0004,treatment,treatment_0004,3,3,10,path,2,2.0,0.013218859010418221,0.0,False,,,
chipmean,sentinel2,treatment_0004,treatment,treatment_0004,3,3,10,candidate,1,,,,,1.0,0.013218859010418221,1.0000
chipmean,sentinel2,treatment_0004,treatment,treatment_0004,3,3,10,candidate,1,,,,,2.0,0.022834196474737237,1.0000
chipmean,sentinel2,treatment_0004,treatment,treatment_0004,3,3,10,candidate,1,,,,,3.0,0.034729991971773344,1.0000
chipmean,sentinel2,treatment_0004,treatment,treatment_0004,3,3,10,candidate,1,,,,,4.0,0.04876348901348871,1.0000
chipmean,sentinel2,treatment_0004,treatment,treatment_0004,3,3,10,candidate,1,,,,,5.0,0.06485745798846718,1.0000
chipmean,sentinel2,treatment_0004,treatment,treatment_0004,3,3,10,candidate,2,,,0.0,,2.0,0.013218859010418221,1.0000 0.0000
chipmean,sentinel2,treatment_0004,treatment,treatment_0004,3,3,10,candidate,2,,,0.0,,3.0,0.013218859010418221,1.0000 0.0000
chipmean,sentinel2,treatment_0004,treatment,treatment_0004,3,3,10,candidate,2,,,0.0,,4.0,0.013218859010418221,1.0000 0.0000
chipmean,sentinel2,treatment_0004,treatment,treatment_0004,3,3,10,candidate,2,,,0.0,,5.0,0.013218859010418221,1.0000 0.0000
chipmean,sentinel2,treatment_0005,treatment,treatment_0005,3,3,10,path,1,1.0,0.01085642627830191,inf,True,,,
chipmean,sentinel2,treatment_0005,treatment,treatment_0005,3,3,10,path,2,2.0,0.01085642627830191,0.0,False,,,
chipmean,sentinel2,treatment_0005,treatment,treatment_0005,3,3,10,candidate,1,,,,,1.0,0.01085642627830191,1.0000
chipmean,sentinel2,treatment_0005,treatment,treatment_0005,3,3,10,candidate,1,,,,,2.0,0.01872287264333012,1.0000
chipmean,sentinel2,treatment_0005,treatment,treatment_0005,3,3,10,candidate,1,,,,,3.0,0.028426532033607264,1.0000
chipmean,sentinel2,treatment_0005,treatment,treatment_0005,3,3,10,candidate,1,,,,,4.0,0.03986355990249267,1.0000
chipmean,sentinel2,treatment_0005,treatment,treatment_0005,3,3,10,candidate,1,,,,,5.0,0.05299476544791821,1.0000
chipmean,sentinel2,treatment_0005,treatment,treatment_0005,3,3,10,candidate,2,,,0.0,,2.0,0.01085642627830191,1.0000 0.0000
chipmean,sentinel2,treatment_0005,treatment,treatment_0005,3,3,10,candidate,2,,,0.0,,3.0,0.01085642627830191,1.0000 0.0000
chipmean,sentinel2,treatment_0005,treatment,treatment_0005,3,3,10,candidate,2,,,0.0,,4.0,0.01085642627830191,1.0000 0.0000
chipmean,sentinel2,treatment_0005,treatment,treatment_0005,3,3,10,candidate,2,,,0.0,,5.0,0.01085642627830191,1.0000 0.0000
chipmean,sentinel2,treatment_0006,treatment,treatment_0006,3,3,10,path,1,1.0,0.01481196984135892,inf,True,,,
chipmean,sentinel2,treatment_0006,treatment,treatment_0006,3,3,10,path,2,2.0,0.01481196984135892,0.0,False,,,
chipmean,sentinel2,treatment_0006,treatment,treatment_0006,3,3,10,candidate,1,,,,,1.0,0.01481196984135892,1.0000
chipmean,sentinel2,treatment_0006,treatment,treatment_0006,3,3,10,candidate,1,,,,,2.0,0.02542379885096405,1.0000
chipmean,sentinel2,treatment_0006,treatment,treatment_0006,3,3,10,candidate,1,,,,,3.0,0.03838942746730697,1.0000
chipmean,sentinel2,treatment_0006,treatment,treatment_0006,3,3,10,candidate,1,,,,,4.0,0.05349032401363304,1.0000
chipmean,sentinel2,treatment_0006,treatment,treatment_0006,3,3,10,candidate,1,,,,,5.0,0.07057061001713738,1.0000
chipmean,sentinel2,treatment_0006,treatment,treatment_0006,3,3,10,candidate,2,,,0.0,,2.0,0.01481196984135892,1.0000 0.0000
chipmean,sentinel2,treatment_0006,treatment,treatment_0006,3,3,10,candidate,2,,,0.0,,3.0,0.01481196984135892,1.0000 0.0000
chipmean,sentinel2,treatment_0006,treatment,treatment_0006,3,3,10,candidate,2,,,0.0,,4.0,0.01481196984135892,1.0000 0.0000
chipmean,sentinel2,treatment_0006,treatment,treatment_0006,3,3,10,candidate,2,,,0.0,,5.0,0.01481196984135892,1.0000 0.0000
chipmean,sentinel2,treatment_0007,treatment,treatment_0007,3,3,10,path,1,1.0,0.012172830536320324,inf,True,,,
chipmean,sentinel2,treatment_0007,treatment,treatment_0007,3,3,10,path,2,2.0,0.012172830536320324,0.0,False,,,
chipmean,sentinel2,treatment_0007,treatment,treatment_0007,3,3,10,candidate,1,,,,,1.0,0.012172830536320324,1.0000
chipmean,sentinel2,treatment_0007,treatment,treatment_0007,3,3,10,candidate,1,,,,,2.0,0.02168436887684263,1.0000
chipmean,sentinel2,treatment_0007,treatment,treatment_0007,3,3,10,candidate,1,,,,,3.0,0.03400137546994697,1.0000
chipmean,sentinel2,treatment_0007,treatment,treatment_0007,3,3,10,candidate,1,,,,,4.0,0.04921064712524922,1.0000
chipmean,sentinel2,treatment_0007,treatment,treatment_0007,3,3,10,candidate,1,,,,,5.0,0.06743515214807153,1.0000
chipmean,sentinel2,treatment_0007,treatment,treatment_0007,3,3,10,candidate,2,,,0.0,,2.0,0.012172830536320324,1.0000 0.0000
chipmean,sentinel2,treatment_0007,treatment,treatment_0007,3,3,10,candidate,2,,,0.0,,3.0,0.012172830536320324,1.0000 0.0000
chipmean,sentinel2,treatment_0007,treatment,treatment_0007,3,3,10,candidate,2,,,0.0,,4.0,0.012172830536320324,1.0000 0.0000
chipmean,sentinel2,treatment_0007,treatment,treatment_0007,3,3,10,candidate,2,,,0.0,,5.0,0.012172830536320324,1.0000 0.0000
chipmean,sentinel2,treatment_0008,treatment,treatment_0008,3,3,10,path,1,1.0,0.014688502393886266,inf,True,,,
chipmean,sentinel2,treatment_0008,treatment,treatment_0008,3,3,10,path,2,2.0,0.014688502393886266,0.0,False,,,
chipmean,sentinel2,treatment_0008,treatment,treatment_0008,3,3,10,candidate,1,,,,,1.0,0.014688502393886266,1.0000
chipmean,sentinel2,treatment_0008,treatment,treatment_0008,3,3,10,candidate,1,,,,,2.0,0.025459562980100617,1.0000
chipmean,sentinel2,treatment_0008,treatment,treatment_0008,3,3,10,candidate,1,,,,,3.0,0.038871582678235914,1.0000
chipmean,sentinel2,treatment_0008,treatment,treatment_0008,3,3,10,candidate,1,,,,,4.0,0.05484240941479849,1.0000
chipmean,sentinel2,treatment_0008,treatment,treatment_0008,3,3,10,candidate,1,,,,,5.0,0.07340061562270923,1.0000
chipmean,sentinel2,treatment_0008,treatment,treatment_0008,3,3,10,candidate,2,,,0.0,,2.0,0.014688502393886266,1.0000 0.0000
chipmean,sentinel2,treatment_0008,treatment,treatment_0008,3,3,10,candidate,2,,,0.0,,3.0,0.014688502393886266,1.0000 0.0000
chipmean,sentinel2,treatment_0008,treatment,treatment_0008,3,3,10,candidate,2,,,0.0,,4.0,0.014688502393886266,1.0000 0.0000
chipmean,sentinel2,treatment_0008,treatment,treatment_0008,3,3,10,candidate,2,,,0.0,,5.0,0.014688502393886266,1.0000 0.0000
chipmean,sentinel2,treatment_0009,treatment,treatment_0009,3,3,10,path,1,1.0,0.01314812273039678,inf,True,,,
chipmean,sentinel2,treatment_0009,treatment,treatment_0009,3,3,10,path,2,2.0,0.01314812273039678,0.0,False,,,
chipmean,sentinel2,treatment_0009,treatment,treatment_0009,3,3,10,candidate,1,,,,,1.0,0.01314812273039678,1.0000
chipmean,sentinel2,treatment_0009,treatment,treatment_0009,3,3,10,candidate,1,,,,,2.0,0.022663444959550062,1.0000
chipmean,sentinel2,treatment_0009,treatment,treatment_0009,3,3,10,candidate,1,,,,,3.0,0.03452871926669811,1.0000
chipmean,sentinel2,treatment_0009,treatment,treatment_0009,3,3,10,candidate,1,,,,,4.0,0.04876738666567607,1.0000
chipmean,sentinel2,treatment_0009,treatment,treatment_0009,3,3,10,candidate,1,,,,,5.0,0.06553636137752979,1.0000
chipmean,sentinel2,treatment_0009,treatment,treatment_0009,3,3,10,candidate,2,,,0.0,,2.0,0.01314812273039678,1.0000 0.0000
chipmean,sentinel2,treatment_0009,treatment,treatment_0009,3,3,10,candidate,2,,,0.0,,3.0,0.01314812273039678,1.0000 0.0000
chipmean,sentinel2,treatment_0009,treatment,treatment_0009,3,3,10,candidate,2,,,0.0,,4.0,0.01314812273039678,1.0000 0.0000
chipmean,sentinel2,treatment_0009,treatment,treatment_0009,3,3,10,candidate,2,,,0.0,,5.0,0.01314812273039678,1.0000 0.0000
chipmean,sentinel2,treatment_0010,treatment,treatment_0010,3,3,10,path,1,1.0,0.019612514344750497,inf,True,,,
chipmean,sentinel2,treatment_0010,treatment,treatment_0010,3,3,10,path,2,2.0,0.019612514344750497,0.0,False,,,
chipmean,sentinel2,treatment_0010,treatment,treatment_0010,3,3,10,candidate,1,,,,,1.0,0.019612514344750497,1.0000
chipmean,sentinel2,treatment_0010,treatment,treatment_0010,3,3,10,candidate,1,,,,,2.0,0.03165406221580491,1.0000
chipmean,sentinel2,treatment_0010,treatment,treatment_0010,3,3,10,candidate,1,,,,,3.0,0.04516047742946359,1.0000
chipmean,sentinel2,treatment_0010,treatment,treatment_0010,3,3,10,candidate,1,,,,,4.0,0.059789537255740544,1.0000
chipmean,sentinel2,treatment_0010,treatment,treatment_0010,3,3,10,candidate,1,,,,,5.0,0.07548634033276165,1.0000
chipmean,sentinel2,treatment_0010,treatment,treatment_0010,3,3,10,candidate,2,,,0.0,,2.0,0.019612514344750497,1.0000 0.0000
chipmean,sentinel2,treatment_0010,treatment,treatment_0010,3,3,10,candidate,2,,,0.0,,3.0,0.019612514344750497,1.0000 0.0000
chipmean,sentinel2,treatment_0010,treatment,treatment_0010,3,3,10,candidate,2,,,0.0,,4.0,0.019612514344750497,1.0000 0.0000
chipmean,sentinel2,treatment_0010,treatment,treatment_0010,3,3,10,candidate,2,,,0.0,,5.0,0.019612514344750497,1.0000 0.0000
chipmean,sentinel2,treatment_0011,treatment,treatment_0011,3,3,10,path,1,1.0,0.012751200154573362,inf,True,,,
chipmean,sentinel2,treatment_0011,treatment,treatment_0011,3,3,10,path,2,2.0,0.012751200154573362,0.0,False,,,
chipmean,sentinel2,treatment_0011,treatment,treatment_0011,3,3,10,candidate,1,,,,,1.0,0.012751200154573362,1.0000
chipmean,sentinel2,treatment_0011,treatment,treatment_0011,3,3,10,candidate,1,,,,,2.0,0.02262696782340693,1.0000
chipmean,sentinel2,treatment_0011,treatment,treatment_0011,3,3,10,candidate,1,,,,,3.0,0.03529156581620308,1.0000
chipmean,sentinel2,treatment_0011,treatment,treatment_0011,3,3,10,candidate,1,,,,,4.0,0.05073129533013568,1.0000
chipmean,sentinel2,treatment_0011,treatment,treatment_0011,3,3,10,candidate,1,,,,,5.0,0.06893366499291904,1.0000
chipmean,sentinel2,treatment_0011,treatment,treatment_0011,3,3,10,candidate,2,,,0.0,,2.0,0.012751200154573362,1.0000 0.0000
chipmean,sentinel2,treatment_0011,treatment,treatment_0011,3,3,10,candidate,2,,,0.0,,3.0,0.012751200154573362,1.0000 0.0000
chipmean,sentinel2,treatment_0011,treatment,treatment_0011,3,3,10,candidate,2,,,0.0,,4.0,0.012751200154573362,1.0000 0.0000
chipmean,sentinel2,treatment_0011,treatment,treatment_0011,3,3,10,candidate,2,,,0.0,,5.0,0.012751200154573362,1.0000 0.0000
chipmean,sentinel2,treatment_0012,treatment,treatment_0012,3,3,10,path,1,1.0,0.013575749097068998,inf,True,,,
chipmean,sentinel2,treatment_0012,treatment,treatment_0012,3,3,10,path,2,2.0,0.013575749097068998,0.0,False,,,
chipmean,sentinel2,treatment_0012,treatment,treatment_0012,3,3,10,candidate,1,,,,,1.0,0.013575749097068998,1.0000
chipmean,sentinel2,treatment_0012,treatment,treatment_0012,3,3,10,candidate,1,,,,,2.0,0.02417790089995589,1.0000
chipmean,sentinel2,treatment_0012,treatment,treatment_0012,3,3,10,candidate,1,,,,,3.0,0.037837568660880325,1.0000
chipmean,sentinel2,treatment_0012,treatment,treatment_0012,3,3,10,candidate,1,,,,,4.0,0.05456061638647504,1.0000
chipmean,sentinel2,treatment_0012,treatment,treatment_0012,3,3,10,candidate,1,,,,,5.0,0.07434965356090581,1.0000
chipmean,sentinel2,treatment_0012,treatment,treatment_0012,3,3,10,candidate,2,,,0.0,,2.0,0.013575749097068998,1.0000 0.0000
chipmean,sentinel2,treatment_0012,treatment,treatment_0012,3,3,10,candidate,2,,,0.0,,3.0,0.013575749097068998,1.0000 0.0000
chipmean,sentinel2,treatment_0012,treatment,treatment_0012,3,3,10,candidate,2,,,0.0,,4.0,0.013575749097068998,1.0000 0.0000
chipmean,sentinel2,treatment_0012,treatment,treatment_0012,3,3,10,candidate,2,,,0.0,,5.0,0.013575749097068998,1.0000 0.0000
chipmean,sentinel2,treatment_0013,treatment,treatment_0013,3,3,10,path,1,1.0,0.014283118694561225,inf,True,,,
chipmean,sentinel2,treatment_0013,treatment,treatment_0013,3,3,10,path,2,2.0,0.014283118694561225,0.0,False,,,
chipmean,sentinel2,treatment_0013,treatment,treatment_0013,3,3,10,candidate,1,,,,,1.0,0.014283118694561225,1.0000
chipmean,sentinel2,treatment_0013,treatment,treatment_0013,3,3,10,candidate,1,,,,,2.0,0.0253849787922479,1.0000
chipmean,sentinel2,treatment_0013,treatment,treatment_0013,3,3,10,candidate,1,,,,,3.0,0.03965781338206974,1.0000
chipmean,sentinel2,treatment_0013,treatment,treatment_0013,3,3,10,candidate,1,,,,,4.0,0.05711427309211794,1.0000
chipmean,sentinel2,treatment_0013,treatment,treatment_0013,3,3,10,candidate,1,,,,,5.0,0.07781567792503062,1.0000
chipmean,sentinel2,treatment_0013,treatment,treatment_0013,3,3,10,candidate,2,,,0.0,,2.0,0.014283118694561225,1.0000 0.0000
chipmean,sentinel2,treatment_0013,treatment,treatment_0013,3,3,10,candidate,2,,,0.0,,3.0,0.014283118694561225,1.0000 0.0000
chipmean,sentinel2,treatment_0013,treatment,treatment_0013,3,3,10,candidate,2,,,0.0,,4.0,0.014283118694561225,1.0000 0.0000
chipmean,sentinel2,treatment_0013,treatment,treatment_0013,3,3,10,candidate,2,,,0.0,,5.0,0.014283118694561225,1.0000 0.0000
chipmean,sentinel2,treatment_0014,treatment,treatment_0014,3,3,10,path,1,1.0,0.015919945822138674,inf,True,,,
chipmean,sentinel2,treatment_0014,treatment,treatment_0014,3,3,10,path,2,2.0,0.015919945822138674,0.0,False,,,
chipmean,sentinel2,treatment_0014,treatment,treatment_0014,3,3,10,candidate,1,,,,,1.0,0.015919945822138674,1.0000
chipmean,sentinel2,treatment_0014,treatment,treatment_0014,3,3,10,candidate,1,,,,,2.0,0.028326199843198317,1.0000
chipmean,sentinel2,treatment_0014,treatment,treatment_0014,3,3,10,candidate,1,,,,,3.0,0.04429446658995533,1.0000
chipmean,sentinel2,treatment_0014,treatment,treatment_0014,3,3,10,candidate,1,,,,,4.0,0.06383029236069529,1.0000
chipmean,sentinel2,treatment_0014,treatment,treatment_0014,3,3,10,candidate,1,,,,,5.0,0.08693831068654184,1.0000
chipmean,sentinel2,treatment_0014,treatment,treatment_0014,3,3,10,candidate,2,,,0.0,,2.0,0.015919945822138674,1.0000 0.0000
chipmean,sentinel2,treatment_0014,treatment,treatment_0014,3,3,10,candidate,2,,,0.0,,3.0,0.015919945822138674,1.0000 0.0000
chipmean,sentinel2,treatment_0014,treatment,treatment_0014,3,3,10,candidate,2,,,0.0,,4.0,0.015919945822138674,1.0000 0.0000
chipmean,sentinel2,treatment_0014,treatment,treatment_0014,3,3,10,candidate,2,,,0.0,,5.0,0.015919945822138674,1.0000 0.0000
chipmean,sentinel2,treatment_0015,treatment,treatment_0015,3,3,10,path,1,1.0,0.0140189387525764,inf,True,,,
chipmean,sentinel2,treatment_0015,treatment,treatment_0015,3,3,10,path,2,2.0,0.0140189387525764,0.0,False,,,
chipmean,sentinel2,treatment_0015,treatment,treatment_0015,3,3,10,candidate,1,,,,,1.0,0.0140189387525764,1.0000
chipmean,sentinel2,treatment_0015,treatment,treatment_0015,3,3,10,candidate,1,,,,,2.0,0.022807893808334145,1.0000
chipmean,sentinel2,treatment_0015,treatment,treatment_0015,3,3,10,candidate,1,,,,,3.0,0.032967867581621346,1.0000
chipmean,sentinel2,treatment_0015,treatment,treatment_0015,3,3,10,candidate,1,,,,,4.0,0.04458662018829204,1.0000
chipmean,sentinel2,treatment_0015,treatment,treatment_0015,3,3,10,candidate,1,,,,,5.0,0.05826895725820699,1.0000
chipmean,sentinel2,treatment_0015,treatment,treatment_0015,3,3,10,candidate,2,,,0.0,,2.0,0.0140189387525764,1.0000 0.0000
chipmean,sentinel2,treatment_0015,treatment,treatment_0015,3,3,10,candidate,2,,,0.0,,3.0,0.0140189387525764,1.0000 0.0000
chipmean,sentinel2,treatment_0015,treatment,treatment_0015,3,3,10,candidate,2,,,0.0,,4.0,0.0140189387525764,1.0000 0.0000
chipmean,sentinel2,treatment_0015,treatment,treatment_0015,3,3,10,candidate,2,,,0.0,,5.0,0.0140189387525764,1.0000 0.0000
chipmean,sentinel2,treatment_0001,treatment,treatment_0001,3,4,10,path,1,1.0,0.01551947444947918,inf,True,,,
chipmean,sentinel2,treatment_0001,treatment,treatment_0001,3,4,10,path,2,2.0,0.01551947444947918,0.0,False,,,
chipmean,sentinel2,treatment_0001,treatment,treatment_0001,3,4,10,candidate,1,,,,,1.0,0.01551947444947918,1.0000
chipmean,sentinel2,treatment_0001,treatment,treatment_0001,3,4,10,candidate,1,,,,,2.0,0.02618279574413455,1.0000
chipmean,sentinel2,treatment_0001,treatment,treatment_0001,3,4,10,candidate,1,,,,,3.0,0.038971524698792476,1.0000
chipmean,sentinel2,treatment_0001,treatment,treatment_0001,3,4,10,candidate,1,,,,,4.0,0.05376683684092068,1.0000
chipmean,sentinel2,treatment_0001,treatment,treatment_0001,3,4,10,candidate,2,,,0.0,,2.0,0.01551947444947918,1.0000 0.0000
chipmean,sentinel2,treatment_0001,treatment,treatment_0001,3,4,10,candidate,2,,,0.0,,3.0,0.01551947444947918,1.0000 0.0000
chipmean,sentinel2,treatment_0001,treatment,treatment_0001,3,4,10,candidate,2,,,0.0,,4.0,0.01551947444947918,1.0000 0.0000
chipmean,sentinel2,treatment_0002,treatment,treatment_0002,3,4,10,path,1,1.0,0.011256296756028314,inf,True,,,
chipmean,sentinel2,treatment_0002,treatment,treatment_0002,3,4,10,path,2,2.0,0.011256296756028314,0.0,False,,,
chipmean,sentinel2,treatment_0002,treatment,treatment_0002,3,4,10,candidate,1,,,,,1.0,0.011256296756028314,1.0000
chipmean,sentinel2,treatment_0002,treatment,treatment_0002,3,4,10,candidate,1,,,,,2.0,0.019980499627414994,1.0000
chipmean,sentinel2,treatment_0002,treatment,treatment_0002,3,4,10,candidate,1,,,,,3.0,0.03117701038975624,1.0000
chipmean,sentinel2,treatment_0002,treatment,treatment_0002,3,4,10,candidate,1,,,,,4.0,0.04484129055720938,1.0000
chipmean,sentinel2,treatment_0002,treatment,treatment_0002,3,4,10,candidate,2,,,0.0,,2.0,0.011256296756028314,1.0000 0.0000
chipmean,sentinel2,treatment_0002,treatment,treatment_0002,3,4,10,candidate,2,,,0.0,,3.0,0.011256296756028314,1.0000 0.0000
chipmean,sentinel2,treatment_0002,treatment,treatment_0002,3,4,10,candidate,2,,,0.0,,4.0,0.011256296756028314,1.0000 0.0000
chipmean,sentinel2,treatment_0003,treatment,treatment_0003,3,4,10,path,1,1.0,0.012150048304002735,inf,True,,,
chipmean,sentinel2,treatment_0003,treatment,treatment_0003,3,4,10,path,2,2.0,0.012150048304002735,0.0,False,,,
chipmean,sentinel2,treatment_0003,treatment,treatment_0003,3,4,10,candidate,1,,,,,1.0,0.012150048304002735,1.0000
chipmean,sentinel2,treatment_0003,treatment,treatment_0003,3,4,10,candidate,1,,,,,2.0,0.021184527860294233,1.0000
chipmean,sentinel2,treatment_0003,treatment,treatment_0003,3,4,10,candidate,1,,,,,3.0,0.03254988490225285,1.0000
chipmean,sentinel2,treatment_0003,treatment,treatment_0003,3,4,10,candidate,1,,,,,4.0,0.04621903081954806,1.0000
chipmean,sentinel2,treatment_0003,treatment,treatment_0003,3,4,10,candidate,2,,,0.0,,2.0,0.012150048304002735,1.0000 0.0000
chipmean,sentinel2,treatment_0003,treatment,treatment_0003,3,4,10,candidate,2,,,0.0,,3.0,0.012150048304002735,1.0000 0.0000
chipmean,sentinel2,treatment_0003,treatment,treatment_0003,3,4,10,candidate,2,,,0.0,,4.0,0.012150048304002735,1.0000 0.0000
chipmean,sentinel2,treatment_0004,treatment,treatment_0004,3,4,10,path,1,1.0,0.01311079936652543,inf,True,,,
chipmean,sentinel2,treatment_0004,treatment,treatment_0004,3,4,10,path,2,2.0,0.01311079936652543,0.0,False,,,
chipmean,sentinel2,treatment_0004,treatment,treatment_0004,3,4,10,candidate,1,,,,,1.0,0.01311079936652543,1.0000
chipmean,sentinel2,treatment_0004,treatment,treatment_0004,3,4,10,candidate,1,,,,,2.0,0.022771423877185244,1.0000
chipmean,sentinel2,treatment_0004,treatment,treatment_0004,3,4,10,candidate,1,,,,,3.0,0.03482959107099209,1.0000
chipmean,sentinel2,treatment_0004,treatment,treatment_0004,3,4,10,candidate,1,,,,,4.0,0.04920917680680213,1.0000
chipmean,sentinel2,treatment_0004,treatment,treatment_0004,3,4,10,candidate,2,,,0.0,,2.0,0.01311079936652543,1.0000 0.0000
chipmean,sentinel2,treatment_0004,treatment,treatment_0004,3,4,10,candidate,2,,,0.0,,3.0,0.01311079936652543,1.0000 0.0000
chipmean,sentinel2,treatment_0004,treatment,treatment_0004,3,4,10,candidate,2,,,0.0,,4.0,0.01311079936652543,1.0000 0.0000
chipmean,sentinel2,treatment_0005,treatment,treatment_0005,3,4,10,path,1,1.0,0.010627973361242587,inf,True,,,
chipmean,sentinel2,treatment_0005,treatment,treatment_0005,3,4,10,path,2,2.0,0.010627973361242587,0.0,False,,,
chipmean,sentinel2,treatment_0005,treatment,treatment_0005,3,4,10,candidate,1,,,,,1.0,0.010627973361242587,1.0000
chipmean,sentinel2,treatment_0005,treatment,treatment_0005,3,4,10,candidate,1,,,,,2.0,0.018390540690337614,1.0000
chipmean,sentinel2,treatment_0005,treatment,treatment_0005,3,4,10,candidate,1,,,,,3.0,0.02803167609530147,1.0000
chipmean,sentinel2,treatment_0005,treatment,treatment_0005,3,4,10,candidate,1,,,,,4.0,0.039491715298761,1.0000
chipmean,sentinel2,treatment_0005,treatment,treatment_0005,3,4,10,candidate,2,,,0.0,,2.0,0.010627973361242587,1.0000 0.0000
chipmean,sentinel2,treatment_0005,treatment,treatment_0005,3,4,10,candidate,2,,,0.0,,3.0,0.010627973361242587,1.0000 0.0000
chipmean,sentinel2,treatment_0005,treatment,treatment_0005,3,4,10,candidate,2,,,0.0,,4.0,0.010627973361242587,1.0000 0.0000
chipmean,sentinel2,treatment_0006,treatment,treatment_0006,3,4,10,path,1,1.0,0.014395613359311546,inf,True,,,
chipmean,sentinel2,treatment_0006,treatment,treatment_0006,3,4,10,path,2,2.0,0.014395613359311546,0.0,False,,,
chipmean,sentinel2,treatment_0006,treatment,treatment_0006,3,4,10,candidate,1,,,,,1.0,0.014395613359311546,1.0000
chipmean,sentinel2,treatment_0006,treatment,treatment_0006,3,4,10,candidate,1,,,,,2.0,0.02475834964223764,1.0000
chipmean,sentinel2,treatment_0006,treatment,treatment_0006,3,4,10,candidate,1,,,,,3.0,0.03747183017487176,1.0000
chipmean,sentinel2,treatment_0006,treatment,treatment_0006,3,4,10,candidate,1,,,,,4.0,0.052356319636935836,1.0000
chipmean,sentinel2,treatment_0006,treatment,treatment_0006,3,4,10,candidate,2,,,0.0,,2.0,0.014395613359311546,1.0000 0.0000
chipmean,sentinel2,treatment_0006,treatment,treatment_0006,3,4,10,candidate,2,,,0.0,,3.0,0.014395613359311546,1.0000 0.0000
chipmean,sentinel2,treatment_0006,treatment,treatment_0006,3,4,10,candidate,2,,,0.0,,4.0,0.014395613359311546,1.0000 0.0000
chipmean,sentinel2,treatment_0007,treatment,treatment_0007,3,4,10,path,1,1.0,0.012286454206885001,inf,True,,,
chipmean,sentinel2,treatment_0007,treatment,treatment_0007,3,4,10,path,2,2.0,0.012286454206885001,0.0,False,,,
chipmean,sentinel2,treatment_0007,treatment,treatment_0007,3,4,10,candidate,1,,,,,1.0,0.012286454206885001,1.0000
chipmean,sentinel2,treatment_0007,treatment,treatment_0007,3,4,10,candidate,1,,,,,2.0,0.021942908144703878,1.0000
chipmean,sentinel2,treatment_0007,treatment,treatment_0007,3,4,10,candidate,1,,,,,3.0,0.034495892777446226,1.0000
chipmean,sentinel2,treatment_0007,treatment,treatment_0007,3,4,10,candidate,1,,,,,4.0,0.050060510036662065,1.0000
chipmean,sentinel2,treatment_0007,treatment,treatment_0007,3,4,10,candidate,2,,,0.0,,2.0,0.012286454206885001,1.0000 0.0000
chipmean,sentinel2,treatment_0007,treatment,treatment_0007,3,4,10,candidate,2,,,0.0,,3.0,0.012286454206885001,1.0000 0.0000
chipmean,sentinel2,treatment_0007,treatment,treatment_0007,3,4,10,candidate,2,,,0.0,,4.0,0.012286454206885001,1.0000 0.0000
chipmean,sentinel2,treatment_0008,treatment,treatment_0008,3,4,10,path,1,1.0,0.014582025782909484,inf,True,,,
chipmean,sentinel2,treatment_0008,treatment,treatment_0008,3,4,10,path,2,2.0,0.014582025782909484,0.0,False,,,
chipmean,sentinel2,treatment_0008,treatment,treatment_0008,3,4,10,candidate,1,,,,,1.0,0.014582025782909484,1.0000
chipmean,sentinel2,treatment_0008,treatment,treatment_0008,3,4,10,candidate,1,,,,,2.0,0.025412836736832534,1.0000
chipmean,sentinel2,treatment_0008,treatment,treatment_0008,3,4,10,candidate,1,,,,,3.0,0.03903036258682013,1.0000
chipmean,sentinel2,treatment_0008,treatment,treatment_0008,3,4,10,candidate,1,,,,,4.0,0.055438268400987804,1.0000
chipmean,sentinel2,treatment_0008,treatment,treatment_0008,3,4,10,candidate,2,,,0.0,,2.0,0.014582025782909484,1.0000 0.0000
chipmean,sentinel2,treatment_0008,treatment,treatment_0008,3,4,10,candidate,2,,,0.0,,3.0,0.014582025782909484,1.0000 0.0000
chipmean,sentinel2,treatment_0008,treatment,treatment_0008,3,4,10,candidate,2,,,0.0,,4.0,0.014582025782909484,1.0000 0.0000
chipmean,sentinel2,treatment_0009,treatment,treatment_0009,3,4,10,path,1,1.0,0.01301027300924275,inf,True,,,
chipmean,sentinel2,treatment_0009,treatment,treatment_0009,3,4,10,path,2,2.0,0.01301027300924275,0.0,False,,,
chipmean,sentinel2,treatment_0009,treatment,treatment_0009,3,4,10,candidate,1,,,,,1.0,0.01301027300924275,1.0000
chipmean,sentinel2,treatment_0009,treatment,treatment_0009,3,4,10,candidate,1,,,,,2.0,0.022611567566085886,1.0000
chipmean,sentinel2,treatment_0009,treatment,treatment_0009,3,4,10,candidate,1,,,,,3.0,0.034746022342947464,1.0000
chipmean,sentinel2,treatment_0009,treatment,treatment_0009,3,4,10,candidate,1,,,,,4.0,0.04952760031521352,1.0000
chipmean,sentinel2,treatment_0009,treatment,treatment_0009,3,4,10,candidate,2,,,0.0,,2.0,0.01301027300924275,1.0000 0.0000
chipmean,sentinel2,treatment_0009,treatment,treatment_0009,3,4,10,candidate,2,,,0.0,,3.0,0.01301027300924275,1.0000 0.0000
chipmean,sentinel2,treatment_0009,treatment,treatment_0009,3,4,10,candidate,2,,,0.0,,4.0,0.01301027300924275,1.0000 0.0000
chipmean,sentinel2,treatment_0010,treatment,treatment_0010,3,4,10,path,1,1.0,0.01860062296851152,inf,True,,,
chipmean,sentinel2,treatment_0010,treatment,treatment_0010,3,4,10,path,2,2.0,0.01860062296851152,0.0,False,,,
chipmean,sentinel2,treatment_0010,treatment,treatment_0010,3,4,10,candidate,1,,,,,1.0,0.01860062296851152,1.0000
chipmean,sentinel2,treatment_0010,treatment,treatment_0010,3,4,10,candidate,1,,,,,2.0,0.030412850574677335,1.0000
chipmean,sentinel2,treatment_0010,treatment,treatment_0010,3,4,10,candidate,1,,,,,3.0,0.04401565284613356,1.0000
chipmean,sentinel2,treatment_0010,treatment,treatment_0010,3,4,10,candidate,1,,,,,4.0,0.05922674221288155,1.0000
chipmean,sentinel2,treatment_0010,treatment,treatment_0010,3,4,10,candidate,2,,,0.0,,2.0,0.01860062296851152,1.0000 0.0000
chipmean,sentinel2,treatment_0010,treatment,treatment_0010,3,4,10,candidate,2,,,0.0,,3.0,0.01860062296851152,1.0000 0.0000
chipmean,sentinel2,treatment_0010,treatment,treatment_0010,3,4,10,candidate,2,,,0.0,,4.0,0.01860062296851152,1.0000 0.0000
chipmean,sentinel2,treatment_0011,treatment,treatment_0011,3,4,10,path,1,1.0,0.012758229851889045,inf,True,,,
chipmean,sentinel2,treatment_0011,treatment,treatment_0011,3,4,10,path,2,2.0,0.012758229851889045,0.0,False,,,
chipmean,sentinel2,treatment_0011,treatment,treatment_0011,3,4,10,candidate,1,,,,,1.0,0.012758229851889045,1.0000
chipmean,sentinel2,treatment_0011,treatment,treatment_0011,3,4,10,candidate,1,,,,,2.0,0.022651584121412875,1.0000
chipmean,sentinel2,treatment_0011,treatment,treatment_0011,3,4,10,candidate,1,,,,,3.0,0.03534861914512897,1.0000
chipmean,sentinel2,treatment_0011,treatment,treatment_0011,3,4,10,candidate,1,,,,,4.0,0.05084061002674448,1.0000
chipmean,sentinel2,treatment_0011,treatment,treatment_0011,3,4,10,candidate,2,,,0.0,,2.0,0.012758229851889045,1.0000 0.0000
chipmean,sentinel2,treatment_0011,treatment,treatment_0011,3,4,10,candidate,2,,,0.0,,3.0,0.012758229851889045,1.0000 0.0000
chipmean,sentinel2,treatment_0011,treatment,treatment_0011,3,4,10,candidate,2,,,0.0,,4.0,0.012758229851889045,1.0000 0.0000
chipmean,sentinel2,treatment_0012,treatment,treatment_0012,3,4,10,path,1,1.0,0.013613457707731957,inf,True,,,
chipmean,sentinel2,treatment_0012,treatment,treatment_0012,3,4,10,path,2,2.0,0.013613457707731957,0.0,False,,,
chipmean,sentinel2,treatment_0012,treatment,treatment_0012,3,4,10,candidate,1,,,,,1.0,0.013613457707731957,1.0000
chipmean,sentinel2,treatment_0012,treatment,treatment_0012,3,4,10,candidate,1,,,,,2.0,0.024246177908857514,1.0000
chipmean,sentinel2,treatment_0012,treatment,treatment_0012,3,4,10,candidate,1,,,,,3.0,0.037946328859901,1.0000
chipmean,sentinel2,treatment_0012,treatment,treatment_0012,3,4,10,candidate,1,,,,,4.0,0.054720618186526786,1.0000
chipmean,sentinel2,treatment_0012,treatment,treatment_0012,3,4,10,candidate,2,,,0.0,,2.0,0.013613457707731957,1.0000 0.0000
chipmean,sentinel2,treatment_0012,treatment,treatment_0012,3,4,10,candidate,2,,,0.0,,3.0,0.013613457707731957,1.0000 0.0000
chipmean,sentinel2,treatment_0012,treatment,treatment_0012,3,4,10,candidate,2,,,0.0,,4.0,0.013613457707731957,1.0000 0.0000
chipmean,sentinel2,treatment_0013,treatment,treatment_0013,3,4,10,path,1,1.0,0.014491790412445521,inf,True,,,
chipmean,sentinel2,treatment_0013,treatment,treatment_0013,3,4,10,path,2,2.0,0.014491790412445521,0.0,False,,,
chipmean,sentinel2,treatment_0013,treatment,treatment_0013,3,4,10,candidate,1,,,,,1.0,0.014491790412445521,1.0000
chipmean,sentinel2,treatment_0013,treatment,treatment_0013,3,4,10,candidate,1,,,,,2.0,0.02583239503868297,1.0000
chipmean,sentinel2,treatment_0013,treatment,treatment_0013,3,4,10,candidate,1,,,,,3.0,0.04048404291830107,1.0000
chipmean,sentinel2,treatment_0013,treatment,treatment_0013,3,4,10,candidate,1,,,,,4.0,0.058516913902957546,1.0000
chipmean,sentinel2,treatment_0013,treatment,treatment_0013,3,4,10,candidate,2,,,0.0,,2.0,0.014491790412445521,1.0000 0.0000
chipmean,sentinel2,treatment_0013,treatment,treatment_0013,3,4,10,candidate,2,,,0.0,,3.0,0.014491790412445521,1.0000 0.0000
chipmean,sentinel2,treatment_0013,treatment,treatment_0013,3,4,10,candidate,2,,,0.0,,4.0,0.014491790412445521,1.0000 0.0000
chipmean,sentinel2,treatment_0014,treatment,treatment_0014,3,4,10,path,1,1.0,0.015939342691705383,inf,True,,,
chipmean,sentinel2,treatment_0014,treatment,treatment_0014,3,4,10,path,2,2.0,0.015939342691705383,0.0,False,,,
chipmean,sentinel2,treatment_0014,treatment,treatment_0014,3,4,10,candidate,1,,,,,1.0,0.015939342691705383,1.0000
chipmean,sentinel2,treatment_0014,treatment,treatment_0014,3,4,10,candidate,1,,,,,2.0,0.028361624416613208,1.0000
chipmean,sentinel2,treatment_0014,treatment,treatment_0014,3,4,10,candidate,1,,,,,3.0,0.044351456722082114,1.0000
chipmean,sentinel2,treatment_0014,treatment,treatment_0014,3,4,10,candidate,1,,,,,4.0,0.06391500067834413,1.0000
chipmean,sentinel2,treatment_0014,treatment,treatment_0014,3,4,10,candidate,2,,,0.0,,2.0,0.015939342691705383,1.0000 0.0000
chipmean,sentinel2,treatment_0014,treatment,treatment_0014,3,4,10,candidate,2,,,0.0,,3.0,0.015939342691705383,1.0000 0.0000
chipmean,sentinel2,treatment_0014,treatment,treatment_0014,3,4,10,candidate,2,,,0.0,,4.0,0.015939342691705383,1.0000 0.0000
chipmean,sentinel2,treatment_0015,treatment,treatment_0015,3,4,10,path,1,1.0,0.01345206472234252,inf,True,,,
chipmean,sentinel2,treatment_0015,treatment,treatment_0015,3,4,10,path,2,2.0,0.01345206472234252,0.0,False,,,
chipmean,sentinel2,treatment_0015,treatment,treatment_0015,3,4,10,candidate,1,,,,,1.0,0.01345206472234252,1.0000
chipmean,sentinel2,treatment_0015,treatment,treatment_0015,3,4,10,candidate,1,,,,,2.0,0.022278085452625572,1.0000
chipmean,sentinel2,treatment_0015,treatment,treatment_0015,3,4,10,candidate,1,,,,,3.0,0.032907272939592544,1.0000
chipmean,sentinel2,treatment_0015,treatment,treatment_0015,3,4,10,candidate,1,,,,,4.0,0.04571593075926721,1.0000
chipmean,sentinel2,treatment_0015,treatment,treatment_0015,3,4,10,candidate,2,,,0.0,,2.0,0.01345206472234252,1.0000 0.0000
chipmean,sentinel2,treatment_0015,treatment,treatment_0015,3,4,10,candidate,2,,,0.0,,3.0,0.01345206472234252,1.0000 0.0000
chipmean,sentinel2,treatment_0015,treatment,treatment_0015,3,4,10,candidate,2,,,0.0,,4.0,0.01345206472234252,1.0000 0.0000
chipmean,sentinel2,treatment_0001,treatment,treatment_0001,3,5,10,path,1,1.0,0.015002421469547975,inf,True,,,
chipmean,sentinel2,treatment_0001,treatment,treatment_0001,3,5,10,path,2,2.0,0.015002421469547975,0.0,False,,,
chipmean,sentinel2,treatment_0001,treatment,treatment_0001,3,5,10,candidate,1,,,,,1.0,0.015002421469547975,1.0000
chipmean,sentinel2,treatment_0001,treatment,treatment_0001,3,5,10,candidate,1,,,,,2.0,0.02548202932764257,1.0000
chipmean,sentinel2,treatment_0001,treatment,treatment_0001,3,5,10,candidate,1,,,,,3.0,0.03825807110283309,1.0000
chipmean,sentinel2,treatment_0001,treatment,treatment_0001,3,5,10,candidate,2,,,0.0,,2.0,0.015002421469547975,1.0000 0.0000
chipmean,sentinel2,treatment_0001,treatment,treatment_0001,3,5,10,candidate,2,,,0.0,,3.0,0.015002421469547975,1.0000 0.0000
chipmean,sentinel2,treatment_0002,treatment,treatment_0002,3,5,10,path,1,1.0,0.011255617326162471,inf,True,,,
chipmean,sentinel2,treatment_0002,treatment,treatment_0002,3,5,10,path,2,2.0,0.011255617326162471,0.0,False,,,
chipmean,sentinel2,treatment_0002,treatment,treatment_0002,3,5,10,candidate,1,,,,,1.0,0.011255617326162471,1.0000
chipmean,sentinel2,treatment_0002,treatment,treatment_0002,3,5,10,candidate,1,,,,,2.0,0.01998735115064142,1.0000
chipmean,sentinel2,treatment_0002,treatment,treatment_0002,3,5,10,candidate,1,,,,,3.0,0.031200201737869748,1.0000
chipmean,sentinel2,treatment_0002,treatment,treatment_0002,3,5,10,candidate,2,,,0.0,,2.0,0.011255617326162471,1.0000 0.0000
chipmean,sentinel2,treatment_0002,treatment,treatment_0002,3,5,10,candidate,2,,,0.0,,3.0,0.011255617326162471,1.0000 0.0000
chipmean,sentinel2,treatment_0003,treatment,treatment_0003,3,5,10,path,1,1.0,0.012018125412687692,inf,True,,,
chipmean,sentinel2,treatment_0003,treatment,treatment_0003,3,5,10,path,2,2.0,0.012018125412687692,0.0,False,,,
chipmean,sentinel2,treatment_0003,treatment,treatment_0003,3,5,10,candidate,1,,,,,1.0,0.012018125412687692,1.0000
chipmean,sentinel2,treatment_0003,treatment,treatment_0003,3,5,10,candidate,1,,,,,2.0,0.021026533208265145,1.0000
chipmean,sentinel2,treatment_0003,treatment,treatment_0003,3,5,10,candidate,1,,,,,3.0,0.032423641147880405,1.0000
chipmean,sentinel2,treatment_0003,treatment,treatment_0003,3,5,10,candidate,2,,,0.0,,2.0,0.012018125412687692,1.0000 0.0000
chipmean,sentinel2,treatment_0003,treatment,treatment_0003,3,5,10,candidate,2,,,0.0,,3.0,0.012018125412687692,1.0000 0.0000
chipmean,sentinel2,treatment_0004,treatment,treatment_0004,3,5,10,path,1,1.0,0.013097803998478392,inf,True,,,
chipmean,sentinel2,treatment_0004,treatment,treatment_0004,3,5,10,path,2,2.0,0.013097803998478392,0.0,False,,,
chipmean,sentinel2,treatment_0004,treatment,treatment_0004,3,5,10,candidate,1,,,,,1.0,0.013097803998478392,1.0000
chipmean,sentinel2,treatment_0004,treatment,treatment_0004,3,5,10,candidate,1,,,,,2.0,0.02288013033708369,1.0000
chipmean,sentinel2,treatment_0004,treatment,treatment_0004,3,5,10,candidate,1,,,,,3.0,0.03521995535969182,1.0000
chipmean,sentinel2,treatment_0004,treatment,treatment_0004,3,5,10,candidate,2,,,0.0,,2.0,0.013097803998478392,1.0000 0.0000
chipmean,sentinel2,treatment_0004,treatment,treatment_0004,3,5,10,candidate,2,,,0.0,,3.0,0.013097803998478392,1.0000 0.0000
chipmean,sentinel2,treatment_0005,treatment,treatment_0005,3,5,10,path,1,1.0,0.010455748846300572,inf,True,,,
chipmean,sentinel2,treatment_0005,treatment,treatment_0005,3,5,10,path,2,2.0,0.010455748846300572,0.0,False,,,
chipmean,sentinel2,treatment_0005,treatment,treatment_0005,3,5,10,candidate,1,,,,,1.0,0.010455748846300572,1.0000
chipmean,sentinel2,treatment_0005,treatment,treatment_0005,3,5,10,candidate,1,,,,,2.0,0.018166016639632906,1.0000
chipmean,sentinel2,treatment_0005,treatment,treatment_0005,3,5,10,candidate,1,,,,,3.0,0.02782112569810992,1.0000
chipmean,sentinel2,treatment_0005,treatment,treatment_0005,3,5,10,candidate,2,,,0.0,,2.0,0.010455748846300572,1.0000 0.0000
chipmean,sentinel2,treatment_0005,treatment,treatment_0005,3,5,10,candidate,2,,,0.0,,3.0,0.010455748846300572,1.0000 0.0000
chipmean,sentinel2,treatment_0006,treatment,treatment_0006,3,5,10,path,1,1.0,0.014033998638424508,inf,True,,,
chipmean,sentinel2,treatment_0006,treatment,treatment_0006,3,5,10,path,2,2.0,0.014033998638424508,0.0,False,,,
chipmean,sentinel2,treatment_0006,treatment,treatment_0006,3,5,10,candidate,1,,,,,1.0,0.014033998638424508,1.0000
chipmean,sentinel2,treatment_0006,treatment,treatment_0006,3,5,10,candidate,1,,,,,2.0,0.024194432808393142,1.0000
chipmean,sentinel2,treatment_0006,treatment,treatment_0006,3,5,10,candidate,1,,,,,3.0,0.036722351627811047,1.0000
chipmean,sentinel2,treatment_0006,treatment,treatment_0006,3,5,10,candidate,2,,,0.0,,2.0,0.014033998638424508,1.0000 0.0000
chipmean,sentinel2,treatment_0006,treatment,treatment_0006,3,5,10,candidate,2,,,0.0,,3.0,0.014033998638424508,1.0000 0.0000
chipmean,sentinel2,treatment_0007,treatment,treatment_0007,3,5,10,path,1,1.0,0.01244215722478578,inf,True,,,
chipmean,sentinel2,treatment_0007,treatment,treatment_0007,3,5,10,path,2,2.0,0.01244215722478578,0.0,False,,,
chipmean,sentinel2,treatment_0007,treatment,treatment_0007,3,5,10,candidate,1,,,,,1.0,0.01244215722478578,1.0000
chipmean,sentinel2,treatment_0007,treatment,treatment_0007,3,5,10,candidate,1,,,,,2.0,0.02227877189676198,1.0000
chipmean,sentinel2,treatment_0007,treatment,treatment_0007,3,5,10,candidate,1,,,,,3.0,0.03511849912370762,1.0000
chipmean,sentinel2,treatment_0007,treatment,treatment_0007,3,5,10,candidate,2,,,0.0,,2.0,0.01244215722478578,1.0000 0.0000
chipmean,sentinel2,treatment_0007,treatment,treatment_0007,3,5,10,candidate,2,,,0.0,,3.0,0.01244215722478578,1.0000 0.0000
chipmean,sentinel2,treatment_0008,treatment,treatment_0008,3,5,10,path,1,1.0,0.014580681749567054,inf,True,,,
chipmean,sentinel2,treatment_0008,treatment,treatment_0008,3,5,10,path,2,2.0,0.014580681749567054,0.0,False,,,
chipmean,sentinel2,treatment_0008,treatment,treatment_0008,3,5,10,candidate,1,,,,,1.0,0.014580681749567054,1.0000
chipmean,sentinel2,treatment_0008,treatment,treatment_0008,3,5,10,candidate,1,,,,,2.0,0.025563800679132682,1.0000
chipmean,sentinel2,treatment_0008,treatment,treatment_0008,3,5,10,candidate,1,,,,,3.0,0.03953140354153728,1.0000
chipmean,sentinel2,treatment_0008,treatment,treatment_0008,3,5,10,candidate,2,,,0.0,,2.0,0.014580681749567054,1.0000 0.0000
chipmean,sentinel2,treatment_0008,treatment,treatment_0008,3,5,10,candidate,2,,,0.0,,3.0,0.014580681749567054,1.0000 0.0000
chipmean,sentinel2,treatment_0009,treatment,treatment_0009,3,5,10,path,1,1.0,0.013014555290123488,inf,True,,,
chipmean,sentinel2,treatment_0009,treatment,treatment_0009,3,5,10,path,2,2.0,0.013014555290123488,0.0,False,,,
chipmean,sentinel2,treatment_0009,treatment,treatment_0009,3,5,10,candidate,1,,,,,1.0,0.013014555290123488,1.0000
chipmean,sentinel2,treatment_0009,treatment,treatment_0009,3,5,10,candidate,1,,,,,2.0,0.022814579730319095,1.0000
chipmean,sentinel2,treatment_0009,treatment,treatment_0009,3,5,10,candidate,1,,,,,3.0,0.03538311903366738,1.0000
chipmean,sentinel2,treatment_0009,treatment,treatment_0009,3,5,10,candidate,2,,,0.0,,2.0,0.013014555290123488,1.0000 0.0000
chipmean,sentinel2,treatment_0009,treatment,treatment_0009,3,5,10,candidate,2,,,0.0,,3.0,0.013014555290123488,1.0000 0.0000
chipmean,sentinel2,treatment_0010,treatment,treatment_0010,3,5,10,path,1,1.0,0.017987614055957366,inf,True,,,
chipmean,sentinel2,treatment_0010,treatment,treatment_0010,3,5,10,path,2,2.0,0.017987614055957366,0.0,False,,,
chipmean,sentinel2,treatment_0010,treatment,treatment_0010,3,5,10,candidate,1,,,,,1.0,0.017987614055957366,1.0000
chipmean,sentinel2,treatment_0010,treatment,treatment_0010,3,5,10,candidate,1,,,,,2.0,0.029835773288746155,1.0000
chipmean,sentinel2,treatment_0010,treatment,treatment_0010,3,5,10,candidate,1,,,,,3.0,0.043884405803197545,1.0000
chipmean,sentinel2,treatment_0010,treatment,treatment_0010,3,5,10,candidate,2,,,0.0,,2.0,0.017987614055957366,1.0000 0.0000
chipmean,sentinel2,treatment_0010,treatment,treatment_0010,3,5,10,candidate,2,,,0.0,,3.0,0.017987614055957366,1.0000 0.0000
chipmean,sentinel2,treatment_0011,treatment,treatment_0011,3,5,10,path,1,1.0,0.012774229033670762,inf,True,,,
chipmean,sentinel2,treatment_0011,treatment,treatment_0011,3,5,10,path,2,2.0,0.012774229033670762,0.0,False,,,
chipmean,sentinel2,treatment_0011,treatment,treatment_0011,3,5,10,candidate,1,,,,,1.0,0.012774229033670762,1.0000
chipmean,sentinel2,treatment_0011,treatment,treatment_0011,3,5,10,candidate,1,,,,,2.0,0.022692066651374784,1.0000
chipmean,sentinel2,treatment_0011,treatment,treatment_0011,3,5,10,candidate,1,,,,,3.0,0.03543102412038626,1.0000
chipmean,sentinel2,treatment_0011,treatment,treatment_0011,3,5,10,candidate,2,,,0.0,,2.0,0.012774229033670762,1.0000 0.0000
chipmean,sentinel2,treatment_0011,treatment,treatment_0011,3,5,10,candidate,2,,,0.0,,3.0,0.012774229033670762,1.0000 0.0000
chipmean,sentinel2,treatment_0012,treatment,treatment_0012,3,5,10,path,1,1.0,0.013652095057932152,inf,True,,,
chipmean,sentinel2,treatment_0012,treatment,treatment_0012,3,5,10,path,2,2.0,0.013652095057932152,0.0,False,,,
chipmean,sentinel2,treatment_0012,treatment,treatment_0012,3,5,10,candidate,1,,,,,1.0,0.013652095057932152,1.0000
chipmean,sentinel2,treatment_0012,treatment,treatment_0012,3,5,10,candidate,1,,,,,2.0,0.02431625133916131,1.0000
chipmean,sentinel2,treatment_0012,treatment,treatment_0012,3,5,10,candidate,1,,,,,3.0,0.038058274402810024,1.0000
chipmean,sentinel2,treatment_0012,treatment,treatment_0012,3,5,10,candidate,2,,,0.0,,2.0,0.013652095057932152,1.0000 0.0000
chipmean,sentinel2,treatment_0012,treatment,treatment_0012,3,5,10,candidate,2,,,0.0,,3.0,0.013652095057932152,1.0000 0.0000
chipmean,sentinel2,treatment_0013,treatment,treatment_0013,3,5,10,path,1,1.0,0.014759361976568406,inf,True,,,
chipmean,sentinel2,treatment_0013,treatment,treatment_0013,3,5,10,path,2,2.0,0.014759361976568406,0.0,False,,,
chipmean,sentinel2,treatment_0013,treatment,treatment_0013,3,5,10,candidate,1,,,,,1.0,0.014759361976568406,1.0000
chipmean,sentinel2,treatment_0013,treatment,treatment_0013,3,5,10,candidate,1,,,,,2.0,0.026395444723147105,1.0000
chipmean,sentinel2,treatment_0013,treatment,treatment_0013,3,5,10,candidate,1,,,,,3.0,0.04152290168598799,1.0000
chipmean,sentinel2,treatment_0013,treatment,treatment_0013,3,5,10,candidate,2,,,0.0,,2.0,0.014759361976568406,1.0000 0.0000
chipmean,sentinel2,treatment_0013,treatment,treatment_0013,3,5,10,candidate,2,,,0.0,,3.0,0.014759361976568406,1.0000 0.0000
chipmean,sentinel2,treatment_0014,treatment,treatment_0014,3,5,10,path,1,1.0,0.01595947899776366,inf,True,,,
chipmean,sentinel2,treatment_0014,treatment,treatment_0014,3,5,10,path,2,2.0,0.01595947899776366,0.0,False,,,
chipmean,sentinel2,treatment_0014,treatment,treatment_0014,3,5,10,candidate,1,,,,,1.0,0.01595947899776366,1.0000
chipmean,sentinel2,treatment_0014,treatment,treatment_0014,3,5,10,candidate,1,,,,,2.0,0.028398502944906534,1.0000
chipmean,sentinel2,treatment_0014,treatment,treatment_0014,3,5,10,candidate,1,,,,,3.0,0.04441096708605824,1.0000
chipmean,sentinel2,treatment_0014,treatment,treatment_0014,3,5,10,candidate,2,,,0.0,,2.0,0.01595947899776366,1.0000 0.0000
chipmean,sentinel2,treatment_0014,treatment,treatment_0014,3,5,10,candidate,2,,,0.0,,3.0,0.01595947899776366,1.0000 0.0000
chipmean,sentinel2,treatment_0015,treatment,treatment_0015,3,5,10,path,1,1.0,0.013229718282755548,inf,True,,,
chipmean,sentinel2,treatment_0015,treatment,treatment_0015,3,5,10,path,2,2.0,0.013229718282755548,0.0,False,,,
chipmean,sentinel2,treatment_0015,treatment,treatment_0015,3,5,10,candidate,1,,,,,1.0,0.013229718282755548,1.0000
chipmean,sentinel2,treatment_0015,treatment,treatment_0015,3,5,10,candidate,1,,,,,2.0,0.022390983260980574,1.0000
chipmean,sentinel2,treatment_0015,treatment,treatment_0015,3,5,10,candidate,1,,,,,3.0,0.03396182207230166,1.0000
chipmean,sentinel2,treatment_0015,treatment,treatment_0015,3,5,10,candidate,2,,,0.0,,2.0,0.013229718282755548,1.0000 0.0000
chipmean,sentinel2,treatment_0015,treatment,treatment_0015,3,5,10,candidate,2,,,0.0,,3.0,0.013229718282755548,1.0000 0.0000
chipmean,sentinel2,treatment_0001,treatment,treatment_0001,3,6,10,path,1,1.0,0.01465110076660852,inf,True,,,
chipmean,sentinel2,treatment_0001,treatment,treatment_0001,3,6,10,path,2,2.0,0.01465110076660852,0.0,False,,,
chipmean,sentinel2,treatment_0001,treatment,treatment_0001,3,6,10,candidate,1,,,,,1.0,0.01465110076660852,1.0000
chipmean,sentinel2,treatment_0001,treatment,treatment_0001,3,6,10,candidate,1,,,,,2.0,0.025110586022966203,1.0000
chipmean,sentinel2,treatment_0001,treatment,treatment_0001,3,6,10,candidate,2,,,0.0,,2.0,0.01465110076660852,1.0000 0.0000
chipmean,sentinel2,treatment_0002,treatment,treatment_0002,3,6,10,path,1,1.0,0.011260869930521165,inf,True,,,
chipmean,sentinel2,treatment_0002,treatment,treatment_0002,3,6,10,path,2,2.0,0.011260869930521165,0.0,False,,,
chipmean,sentinel2,treatment_0002,treatment,treatment_0002,3,6,10,candidate,1,,,,,1.0,0.011260869930521165,1.0000
chipmean,sentinel2,treatment_0002,treatment,treatment_0002,3,6,10,candidate,1,,,,,2.0,0.02000468885287496,1.0000
chipmean,sentinel2,treatment_0002,treatment,treatment_0002,3,6,10,candidate,2,,,0.0,,2.0,0.011260869930521165,1.0000 0.0000
chipmean,sentinel2,treatment_0003,treatment,treatment_0003,3,6,10,path,1,1.0,0.011942633383702474,inf,True,,,
chipmean,sentinel2,treatment_0003,treatment,treatment_0003,3,6,10,path,2,2.0,0.011942633383702474,0.0,False,,,
chipmean,sentinel2,treatment_0003,treatment,treatment_0003,3,6,10,candidate,1,,,,,1.0,0.011942633383702474,1.0000
chipmean,sentinel2,treatment_0003,treatment,treatment_0003,3,6,10,candidate,1,,,,,2.0,0.02097074368738701,1.0000
chipmean,sentinel2,treatment_0003,treatment,treatment_0003,3,6,10,candidate,2,,,0.0,,2.0,0.011942633383702474,1.0000 0.0000
chipmean,sentinel2,treatment_0004,treatment,treatment_0004,3,6,10,path,1,1.0,0.013185506543561277,inf,True,,,
chipmean,sentinel2,treatment_0004,treatment,treatment_0004,3,6,10,path,2,2.0,0.013185506543561277,0.0,False,,,
chipmean,sentinel2,treatment_0004,treatment,treatment_0004,3,6,10,candidate,1,,,,,1.0,0.013185506543561277,1.0000
chipmean,sentinel2,treatment_0004,treatment,treatment_0004,3,6,10,candidate,1,,,,,2.0,0.023187046657859218,1.0000
chipmean,sentinel2,treatment_0004,treatment,treatment_0004,3,6,10,candidate,2,,,0.0,,2.0,0.013185506543561277,1.0000 0.0000
chipmean,sentinel2,treatment_0005,treatment,treatment_0005,3,6,10,path,1,1.0,0.010347046735501098,inf,True,,,
chipmean,sentinel2,treatment_0005,treatment,treatment_0005,3,6,10,path,2,2.0,0.010347046735501098,0.0,False,,,
chipmean,sentinel2,treatment_0005,treatment,treatment_0005,3,6,10,candidate,1,,,,,1.0,0.010347046735501098,1.0000
chipmean,sentinel2,treatment_0005,treatment,treatment_0005,3,6,10,candidate,1,,,,,2.0,0.018065437231982704,1.0000
chipmean,sentinel2,treatment_0005,treatment,treatment_0005,3,6,10,candidate,2,,,0.0,,2.0,0.010347046735501098,1.0000 0.0000
chipmean,sentinel2,treatment_0006,treatment,treatment_0006,3,6,10,path,1,1.0,0.013731257787949099,inf,True,,,
chipmean,sentinel2,treatment_0006,treatment,treatment_0006,3,6,10,path,2,2.0,0.013731257787949099,0.0,False,,,
chipmean,sentinel2,treatment_0006,treatment,treatment_0006,3,6,10,candidate,1,,,,,1.0,0.013731257787949099,1.0000
chipmean,sentinel2,treatment_0006,treatment,treatment_0006,3,6,10,candidate,1,,,,,2.0,0.023741928246999222,1.0000
chipmean,sentinel2,treatment_0006,treatment,treatment_0006,3,6,10,candidate,2,,,0.0,,2.0,0.013731257787949099,1.0000 0.0000
chipmean,sentinel2,treatment_0007,treatment,treatment_0007,3,6,10,path,1,1.0,0.01264267468161716,inf,True,,,
chipmean,sentinel2,treatment_0007,treatment,treatment_0007,3,6,10,path,2,2.0,0.01264267468161716,0.0,False,,,
chipmean,sentinel2,treatment_0007,treatment,treatment_0007,3,6,10,candidate,1,,,,,1.0,0.01264267468161716,1.0000
chipmean,sentinel2,treatment_0007,treatment,treatment_0007,3,6,10,candidate,1,,,,,2.0,0.022699766957964246,1.0000
chipmean,sentinel2,treatment_0007,treatment,treatment_0007,3,6,10,candidate,2,,,0.0,,2.0,0.01264267468161716,1.0000 0.0000
chipmean,sentinel2,treatment_0008,treatment,treatment_0008,3,6,10,path,1,1.0,0.01469666684735575,inf,True,,,
chipmean,sentinel2,treatment_0008,treatment,treatment_0008,3,6,10,path,2,2.0,0.01469666684735575,0.0,False,,,
chipmean,sentinel2,treatment_0008,treatment,treatment_0008,3,6,10,candidate,1,,,,,1.0,0.01469666684735575,1.0000
chipmean,sentinel2,treatment_0008,treatment,treatment_0008,3,6,10,candidate,1,,,,,2.0,0.025948868594021304,1.0000
chipmean,sentinel2,treatment_0008,treatment,treatment_0008,3,6,10,candidate,2,,,0.0,,2.0,0.01469666684735575,1.0000 0.0000
chipmean,sentinel2,treatment_0009,treatment,treatment_0009,3,6,10,path,1,1.0,0.013166042950172818,inf,True,,,
chipmean,sentinel2,treatment_0009,treatment,treatment_0009,3,6,10,path,2,2.0,0.013166042950172818,0.0,False,,,
chipmean,sentinel2,treatment_0009,treatment,treatment_0009,3,6,10,candidate,1,,,,,1.0,0.013166042950172818,1.0000
chipmean,sentinel2,treatment_0009,treatment,treatment_0009,3,6,10,candidate,1,,,,,2.0,0.023297511974586852,1.0000
chipmean,sentinel2,treatment_0009,treatment,treatment_0009,3,6,10,candidate,2,,,0.0,,2.0,0.013166042950172818,1.0000 0.0000
chipmean,sentinel2,treatment_0010,treatment,treatment_0010,3,6,10,path,1,1.0,0.017747449339860447,inf,True,,,
chipmean,sentinel2,treatment_0010,treatment,treatment_0010,3,6,10,path,2,2.0,0.017747449339860447,0.0,False,,,
chipmean,sentinel2,treatment_0010,treatment,treatment_0010,3,6,10,candidate,1,,,,,1.0,0.017747449339860447,1.0000
chipmean,sentinel2,treatment_0010,treatment,treatment_0010,3,6,10,candidate,1,,,,,2.0,0.029919075317450472,1.0000
chipmean,sentinel2,treatment_0010,treatment,treatment_0010,3,6,10,candidate,2,,,0.0,,2.0,0.017747449339860447,1.0000 0.0000
chipmean,sentinel2,treatment_0011,treatment,treatment_0011,3,6,10,path,1,1.0,0.012799232673386828,inf,True,,,
chipmean,sentinel2,treatment_0011,treatment,treatment_0011,3,6,10,path,2,2.0,0.012799232673386828,0.0,False,,,
chipmean,sentinel2,treatment_0011,treatment,treatment_0011,3,6,10,candidate,1,,,,,1.0,0.012799232673386828,1.0000
chipmean,sentinel2,treatment_0011,treatment,treatment_0011,3,6,10,candidate,1,,,,,2.0,0.022749070806012326,1.0000
chipmean,sentinel2,treatment_0011,treatment,treatment_0011,3,6,10,candidate,2,,,0.0,,2.0,0.012799232673386828,1.0000 0.0000
chipmean,sentinel2,treatment_0012,treatment,treatment_0012,3,6,10,path,1,1.0,0.013691808769537133,inf,True,,,
chipmean,sentinel2,treatment_0012,treatment,treatment_0012,3,6,10,path,2,2.0,0.013691808769537133,0.0,False,,,
chipmean,sentinel2,treatment_0012,treatment,treatment_0012,3,6,10,candidate,1,,,,,1.0,0.013691808769537133,1.0000
chipmean,sentinel2,treatment_0012,treatment,treatment_0012,3,6,10,candidate,1,,,,,2.0,0.024388515746267915,1.0000
chipmean,sentinel2,treatment_0012,treatment,treatment_0012,3,6,10,candidate,2,,,0.0,,2.0,0.013691808769537133,1.0000 0.0000
chipmean,sentinel2,treatment_0013,treatment,treatment_0013,3,6,10,path,1,1.0,0.015097901215016285,inf,True,,,
chipmean,sentinel2,treatment_0013,treatment,treatment_0013,3,6,10,path,2,2.0,0.015097901215016285,0.0,False,,,
chipmean,sentinel2,treatment_0013,treatment,treatment_0013,3,6,10,candidate,1,,,,,1.0,0.015097901215016285,1.0000
chipmean,sentinel2,treatment_0013,treatment,treatment_0013,3,6,10,candidate,1,,,,,2.0,0.027108783331093483,1.0000
chipmean,sentinel2,treatment_0013,treatment,treatment_0013,3,6,10,candidate,2,,,0.0,,2.0,0.015097901215016285,1.0000 0.0000
chipmean,sentinel2,treatment_0014,treatment,treatment_0014,3,6,10,path,1,1.0,0.015980477088631772,inf,True,,,
chipmean,sentinel2,treatment_0014,treatment,treatment_0014,3,6,10,path,2,2.0,0.015980477088631772,0.0,False,,,
chipmean,sentinel2,treatment_0014,treatment,treatment_0014,3,6,10,candidate,1,,,,,1.0,0.015980477088631772,1.0000
chipmean,sentinel2,treatment_0014,treatment,treatment_0014,3,6,10,candidate,1,,,,,2.0,0.028437079531742453,1.0000
chipmean,sentinel2,treatment_0014,treatment,treatment_0014,3,6,10,candidate,2,,,0.0,,2.0,0.015980477088631772,1.0000 0.0000
chipmean,sentinel2,treatment_0015,treatment,treatment_0015,3,6,10,path,1,1.0,0.013389330912463101,inf,True,,,
chipmean,sentinel2,treatment_0015,treatment,treatment_0015,3,6,10,path,2,2.0,0.013389330912463101,0.0,False,,,
chipmean,sentinel2,treatment_0015,treatment,treatment_0015,3,6,10,candidate,1,,,,,1.0,0.013389330912463101,1.0000
chipmean,sentinel2,treatment_0015,treatment,treatment_0015,3,6,10,candidate,1,,,,,2.0,0.023268937074930808,1.0000
chipmean,sentinel2,treatment_0015,treatment,treatment_0015,3,6,10,candidate,2,,,0.0,,2.0,0.013389330912463101,1.0000 0.0000
chipmean,sentinel2,treatment_0001,treatment,treatment_0001,3,7,10,path,1,1.0,0.014498535177469643,inf,True,,,
chipmean,sentinel2,treatment_0001,treatment,treatment_0001,3,7,10,candidate,1,,,,,1.0,0.014498535177469643,1.0000
chipmean,sentinel2,treatment_0002,treatment,treatment_0002,3,7,10,path,1,1.0,0.011272032835557689,inf,True,,,
chipmean,sentinel2,treatment_0002,treatment,treatment_0002,3,7,10,candidate,1,,,,,1.0,0.011272032835557689,1.0000
chipmean,sentinel2,treatment_0003,treatment,treatment_0003,3,7,10,path,1,1.0,0.011925912157175473,inf,True,,,
chipmean,sentinel2,treatment_0003,treatment,treatment_0003,3,7,10,candidate,1,,,,,1.0,0.011925912157175473,1.0000
chipmean,sentinel2,treatment_0004,treatment,treatment_0004,3,7,10,path,1,1.0,0.013394717975992728,inf,True,,,
chipmean,sentinel2,treatment_0004,treatment,treatment_0004,3,7,10,candidate,1,,,,,1.0,0.013394717975992728,1.0000
chipmean,sentinel2,treatment_0005,treatment,treatment_0005,3,7,10,path,1,1.0,0.010312019403698571,inf,True,,,
chipmean,sentinel2,treatment_0005,treatment,treatment_0005,3,7,10,candidate,1,,,,,1.0,0.010312019403698571,1.0000
chipmean,sentinel2,treatment_0006,treatment,treatment_0006,3,7,10,path,1,1.0,0.013493793160961642,inf,True,,,
chipmean,sentinel2,treatment_0006,treatment,treatment_0006,3,7,10,candidate,1,,,,,1.0,0.013493793160961642,1.0000
chipmean,sentinel2,treatment_0007,treatment,treatment_0007,3,7,10,path,1,1.0,0.012893411236136054,inf,True,,,
chipmean,sentinel2,treatment_0007,treatment,treatment_0007,3,7,10,candidate,1,,,,,1.0,0.012893411236136054,1.0000
chipmean,sentinel2,treatment_0008,treatment,treatment_0008,3,7,10,path,1,1.0,0.014955641917159536,inf,True,,,
chipmean,sentinel2,treatment_0008,treatment,treatment_0008,3,7,10,candidate,1,,,,,1.0,0.014955641917159536,1.0000
chipmean,sentinel2,treatment_0009,treatment,treatment_0009,3,7,10,path,1,1.0,0.01348445117608336,inf,True,,,
chipmean,sentinel2,treatment_0009,treatment,treatment_0009,3,7,10,candidate,1,,,,,1.0,0.01348445117608336,1.0000
chipmean,sentinel2,treatment_0010,treatment,treatment_0010,3,7,10,path,1,1.0,0.01789291008600244,inf,True,,,
chipmean,sentinel2,treatment_0010,treatment,treatment_0010,3,7,10,candidate,1,,,,,1.0,0.01789291008600244,1.0000
chipmean,sentinel2,treatment_0011,treatment,treatment_0011,3,7,10,path,1,1.0,0.012833811258055423,inf,True,,,
chipmean,sentinel2,treatment_0011,treatment,treatment_0011,3,7,10,candidate,1,,,,,1.0,0.012833811258055423,1.0000
chipmean,sentinel2,treatment_0012,treatment,treatment_0012,3,7,10,path,1,1.0,0.013732865593116018,inf,True,,,
chipmean,sentinel2,treatment_0012,treatment,treatment_0012,3,7,10,candidate,1,,,,,1.0,0.013732865593116018,1.0000
chipmean,sentinel2,treatment_0013,treatment,treatment_0013,3,7,10,path,1,1.0,0.015531515979921626,inf,True,,,
chipmean,sentinel2,treatment_0013,treatment,treatment_0013,3,7,10,candidate,1,,,,,1.0,0.015531515979921626,1.0000
chipmean,sentinel2,treatment_0014,treatment,treatment_0014,3,7,10,path,1,1.0,0.01600248329727483,inf,True,,,
chipmean,sentinel2,treatment_0014,treatment,treatment_0014,3,7,10,candidate,1,,,,,1.0,0.01600248329727483,1.0000
chipmean,sentinel2,treatment_0015,treatment,treatment_0015,3,7,10,path,1,1.0,0.014019768186530578,inf,True,,,
chipmean,sentinel2,treatment_0015,treatment,treatment_0015,3,7,10,candidate,1,,,,,1.0,0.014019768186530578,1.0000
histfill,sentinel1,treatment_0015,treatment,treatment_0015,2,2,10,path,1,1.0,0.004266762900776133,inf,True,,,
histfill,sentinel1,treatment_0015,treatment,treatment_0015,2,2,10,path,2,2.0,0.004266762900776133,0.0,False,,,
histfill,sentinel1,treatment_0015,treatment,treatment_0015,2,2,10,candidate,1,,,,,1.0,0.004266762900776133,1.0000
histfill,sentinel1,treatment_0015,treatment,treatment_0015,2,2,10,candidate,1,,,,,2.0,0.009383672052006003,1.0000
histfill,sentinel1,treatment_0015,treatment,treatment_0015,2,2,10,candidate,1,,,,,3.0,0.016322255384938433,1.0000
histfill,sentinel1,treatment_0015,treatment,treatment_0015,2,2,10,candidate,1,,,,,4.0,0.02498087726379964,1.0000
histfill,sentinel1,treatment_0015,treatment,treatment_0015,2,2,10,candidate,1,,,,,5.0,0.03527759705901182,1.0000
histfill,sentinel1,treatment_0015,treatment,treatment_0015,2,2,10,candidate,1,,,,,6.0,0.04715096834324501,1.0000
histfill,sentinel1,treatment_0015,treatment,treatment_0015,2,2,10,candidate,1,,,,,7.0,0.06056110244963151,1.0000
histfill,sentinel1,treatment_0015,treatment,treatment_0015,2,2,10,candidate,2,,,0.0,,2.0,0.004266762900776133,1.0000 0.0000
histfill,sentinel1,treatment_0015,treatment,treatment_0015,2,2,10,candidate,2,,,0.0,,3.0,0.004266762900776133,1.0000 0.0000
histfill,sentinel1,treatment_0015,treatment,treatment_0015,2,2,10,candidate,2,,,0.0,,4.0,0.004266762900776133,1.0000 0.0000
histfill,sentinel1,treatment_0015,treatment,treatment_0015,2,2,10,candidate,2,,,0.0,,5.0,0.004266762900776133,1.0000 0.0000
histfill,sentinel1,treatment_0015,treatment,treatment_0015,2,2,10,candidate,2,,,0.0,,6.0,0.004266762900776133,1.0000 0.0000
histfill,sentinel1,treatment_0015,treatment,treatment_0015,2,2,10,candidate,2,,,0.0,,7.0,0.004266762900776133,1.0000 0.0000
histfill,sentinel1,treatment_0016,treatment,treatment_0016,2,2,10,path,1,1.0,0.005889971122695721,inf,True,,,
histfill,sentinel1,treatment_0016,treatment,treatment_0016,2,2,10,path,2,2.0,0.005889971122695721,0.0,False,,,
histfill,sentinel1,treatment_0016,treatment,treatment_0016,2,2,10,candidate,1,,,,,1.0,0.005889971122695721,1.0000
histfill,sentinel1,treatment_0016,treatment,treatment_0016,2,2,10,candidate,1,,,,,2.0,0.012457537368207146,1.0000
histfill,sentinel1,treatment_0016,treatment,treatment_0016,2,2,10,candidate,1,,,,,3.0,0.020849565305806065,1.0000
histfill,sentinel1,treatment_0016,treatment,treatment_0016,2,2,10,candidate,1,,,,,4.0,0.030734214043221162,1.0000
histfill,sentinel1,treatment_0016,treatment,treatment_0016,2,2,10,candidate,1,,,,,5.0,0.04187669189298471,1.0000
histfill,sentinel1,treatment_0016,treatment,treatment_0016,2,2,10,candidate,1,,,,,6.0,0.054151966691090174,1.0000
histfill,sentinel1,treatment_0016,treatment,treatment_0016,2,2,10,candidate,1,,,,,7.0,0.06756272341317793,1.0000
histfill,sentinel1,treatment_0016,treatment,treatment_0016,2,2,10,candidate,2,,,0.0,,2.0,0.005889971122695721,1.0000 0.0000
histfill,sentinel1,treatment_0016,treatment,treatment_0016,2,2,10,candidate,2,,,0.0,,3.0,0.005889971122695721,1.0000 0.0000
histfill,sentinel1,treatment_0016,treatment,treatment_0016,2,2,10,candidate,2,,,0.0,,4.0,0.005889971122695721,1.0000 0.0000
histfill,sentinel1,treatment_0016,treatment,treatment_0016,2,2,10,candidate,2,,,0.0,,5.0,0.005889971122695721,1.0000 0.0000
histfill,sentinel1,treatment_0016,treatment,treatment_0016,2,2,10,candidate,2,,,0.0,,6.0,0.005889971122695721,1.0000 0.0000
histfill,sentinel1,treatment_0016,treatment,treatment_0016,2,2,10,candidate,2,,,0.0,,7.0,0.005889971122695721,1.0000 0.0000
histfill,sentinel1,treatment_0017,treatment,treatment_0017,2,2,10,path,1,1.0,0.004386547425103756,inf,True,,,
histfill,sentinel1,treatment_0017,treatment,treatment_0017,2,2,10,path,2,2.0,0.004386547425103756,0.0,False,,,
histfill,sentinel1,treatment_0017,treatment,treatment_0017,2,2,10,candidate,1,,,,,1.0,0.004386547425103756,1.0000
histfill,sentinel1,treatment_0017,treatment,treatment_0017,2,2,10,candidate,1,,,,,2.0,0.009503059330219337,1.0000
histfill,sentinel1,treatment_0017,treatment,treatment_0017,2,2,10,candidate,1,,,,,3.0,0.01628459894897531,1.0000
histfill,sentinel1,treatment_0017,treatment,treatment_0017,2,2,10,candidate,1,,,,,4.0,0.02455969402890934,1.0000
histfill,sentinel1,treatment_0017,treatment,treatment_0017,2,2,10,candidate,1,,,,,5.0,0.03419284089967107,1.0000
histfill,sentinel1,treatment_0017,treatment,treatment_0017,2,2,10,candidate,1,,,,,6.0,0.04508796755030081,1.0000
histfill,sentinel1,treatment_0017,treatment,treatment_0017,2,2,10,candidate,1,,,,,7.0,0.0571928551840777,1.0000
histfill,sentinel1,treatment_0017,treatment,treatment_0017,2,2,10,candidate,2,,,0.0,,2.0,0.004386547425103756,1.0000 0.0000
histfill,sentinel1,treatment_0017,treatment,treatment_0017,2,2,10,candidate,2,,,0.0,,3.0,0.004386547425103756,1.0000 0.0000
histfill,sentinel1,treatment_0017,treatment,treatment_0017,2,2,10,candidate,2,,,0.0,,4.0,0.004386547425103756,1.0000 0.0000
histfill,sentinel1,treatment_0017,treatment,treatment_0017,2,2,10,candidate,2,,,0.0,,5.0,0.004386547425103756,1.0000 0.0000
histfill,sentinel1,treatment_0017,treatment,treatment_0017,2,2,10,candidate,2,,,0.0,,6.0,0.004386547425103756,1.0000 0.0000
histfill,sentinel1,treatment_0017,treatment,treatment_0017,2,2,10,candidate,2,,,0.0,,7.0,0.004386547425103756,1.0000 0.0000
histfill,sentinel1,treatment_0018,treatment,treatment_0018,2,2,10,path,1,1.0,0.00407540156102511,inf,True,,,
histfill,sentinel1,treatment_0018,treatment,treatment_0018,2,2,10,path,2,2.0,0.00407540156102511,0.0,False,,,
histfill,sentinel1,treatment_0018,treatment,treatment_0018,2,2,10,candidate,1,,,,,1.0,0.00407540156102511,1.0000
histfill,sentinel1,treatment_0018,treatment,treatment_0018,2,2,10,candidate,1,,,,,2.0,0.008966924730040073,1.0000
histfill,sentinel1,treatment_0018,treatment,treatment_0018,2,2,10,candidate,1,,,,,3.0,0.015596106079397152,1.0000
histfill,sentinel1,treatment_0018,treatment,treatment_0018,2,2,10,candidate,1,,,,,4.0,0.02385416630233985,1.0000
histfill,sentinel1,treatment_0018,treatment,treatment_0018,2,2,10,candidate,1,,,,,5.0,0.033644939486302566,1.0000
histfill,sentinel1,treatment_0018,treatment,treatment_0018,2,2,10,candidate,1,,,,,6.0,0.04488565020955226,1.0000
histfill,sentinel1,treatment_0018,treatment,treatment_0018,2,2,10,candidate,1,,,,,7.0,0.057507859916265724,1.0000
histfill,sentinel1,treatment_0018,treatment,treatment_0018,2,2,10,candidate,2,,,0.0,,2.0,0.00407540156102511,1.0000 0.0000
histfill,sentinel1,treatment_0018,treatment,treatment_0018,2,2,10,candidate,2,,,0.0,,3.0,0.00407540156102511,1.0000 0.0000
histfill,sentinel1,treatment_0018,treatment,treatment_0018,2,2,10,candidate,2,,,0.0,,4.0,0.00407540156102511,1.0000 0.0000
histfill,sentinel1,treatment_0018,treatment,treatment_0018,2,2,10,candidate,2,,,0.0,,5.0,0.00407540156102511,1.0000 0.0000
histfill,sentinel1,treatment_0018,treatment,treatment_0018,2,2,10,candidate,2,,,0.0,,6.0,0.00407540156102511,1.0000 0.0000
histfill,sentinel1,treatment_0018,treatment,treatment_0018,2,2,10,candidate,2,,,0.0,,7.0,0.00407540156102511,1.0000 0.0000
histfill,sentinel1,treatment_0019,treatment,treatment_0019,2,2,10,path,1,1.0,0.003964440876127087,inf,True,,,
histfill,sentinel1,treatment_0019,treatment,treatment_0019,2,2,10,path,2,2.0,0.003964440876127087,0.0,False,,,
histfill,sentinel1,treatment_0019,treatment,treatment_0019,2,2,10,candidate,1,,,,,1.0,0.003964440876127087,1.0000
histfill,sentinel1,treatment_0019,treatment,treatment_0019,2,2,10,candidate,1,,,,,2.0,0.008684854575178856,1.0000
histfill,sentinel1,treatment_0019,treatment,treatment_0019,2,2,10,candidate,1,,,,,3.0,0.015041198860616245,1.0000
histfill,sentinel1,treatment_0019,treatment,treatment_0019,2,2,10,candidate,1,,,,,4.0,0.02290987975011816,1.0000
histfill,sentinel1,treatment_0019,treatment,treatment_0019,2,2,10,candidate,1,,,,,5.0,0.0321826616539017,1.0000
histfill,sentinel1,treatment_0019,treatment,treatment_0019,2,2,10,candidate,1,,,,,6.0,0.04276732856300778,1.0000
histfill,sentinel1,treatment_0019,treatment,treatment_0019,2,2,10,candidate,1,,,,,7.0,0.054588549920296575,1.0000
histfill,sentinel1,treatment_0019,treatment,treatment_0019,2,2,10,candidate,2,,,0.0,,2.0,0.003964440876127087,1.0000 0.0000
histfill,sentinel1,treatment_0019,treatment,treatment_0019,2,2,10,candidate,2,,,0.0,,3.0,0.003964440876127087,1.0000 0.0000
histfill,sentinel1,treatment_0019,treatment,treatment_0019,2,2,10,candidate,2,,,0.0,,4.0,0.003964440876127087,1.0000 0.0000
histfill,sentinel1,treatment_0019,treatment,treatment_0019,2,2,10,candidate,2,,,0.0,,5.0,0.003964440876127087,1.0000 0.0000
histfill,sentinel1,treatment_0019,treatment,treatment_0019,2,2,10,candidate,2,,,0.0,,6.0,0.003964440876127087,1.0000 0.0000
histfill,sentinel1,treatment_0019,treatment,treatment_0019,2,2,10,candidate,2,,,0.0,,7.0,0.003964440876127087,1.0000 0.0000
histfill,sentinel1,treatment_0020,treatment,treatment_0020,2,2,10,path,1,1.0,0.004705794572645367,inf,True,,,
histfill,sentinel1,treatment_0020,treatment,treatment_0020,2,2,10,path,2,2.0,0.004705794572645367,0.0,False,,,
histfill,sentinel1,treatment_0020,treatment,treatment_0020,2,2,10,candidate,1,,,,,1.0,0.004705794572645367,1.0000
histfill,sentinel1,treatment_0020,treatment,treatment_0020,2,2,10,candidate,1,,,,,2.0,0.010190314447936118,1.0000
histfill,sentinel1,treatment_0020,treatment,treatment_0020,2,2,10,candidate,1,,,,,3.0,0.017452422191562657,1.0000
histfill,sentinel1,treatment_0020,treatment,treatment_0020,2,2,10,candidate,1,,,,,4.0,0.026300858365689735,1.0000
histfill,sentinel1,treatment_0020,treatment,treatment_0020,2,2,10,candidate,1,,,,,5.0,0.036579657641228544,1.0000
histfill,sentinel1,treatment_0020,treatment,treatment_0020,2,2,10,candidate,1,,,,,6.0,0.04817153667146258,1.0000
histfill,sentinel1,treatment_0020,treatment,treatment_0020,2,2,10,candidate,1,,,,,7.0,0.061002675353040464,1.0000
histfill,sentinel1,treatment_0020,treatment,treatment_0020,2,2,10,candidate,2,,,0.0,,2.0,0.004705794572645367,1.0000 0.0000
histfill,sentinel1,treatment_0020,treatment,treatment_0020,2,2,10,candidate,2,,,0.0,,3.0,0.004705794572645367,1.0000 0.0000
histfill,sentinel1,treatment_0020,treatment,treatment_0020,2,2,10,candidate,2,,,0.0,,4.0,0.004705794572645367,1.0000 0.0000
histfill,sentinel1,treatment_0020,treatment,treatment_0020,2,2,10,candidate,2,,,0.0,,5.0,0.004705794572645367,1.0000 0.0000
histfill,sentinel1,treatment_0020,treatment,treatment_0020,2,2,10,candidate,2,,,0.0,,6.0,0.004705794572645367,1.0000 0.0000
histfill,sentinel1,treatment_0020,treatment,treatment_0020,2,2,10,candidate,2,,,0.0,,7.0,0.004705794572645367,1.0000 0.0000
histfill,sentinel1,treatment_0021,treatment,treatment_0021,2,2,10,path,1,1.0,0.00436079494793396,inf,True,,,
histfill,sentinel1,treatment_0021,treatment,treatment_0021,2,2,10,path,2,2.0,0.00436079494793396,0.0,False,,,
histfill,sentinel1,treatment_0021,treatment,treatment_0021,2,2,10,candidate,1,,,,,1.0,0.00436079494793396,1.0000
histfill,sentinel1,treatment_0021,treatment,treatment_0021,2,2,10,candidate,1,,,,,2.0,0.009438568580196528,1.0000
histfill,sentinel1,treatment_0021,treatment,treatment_0021,2,2,10,candidate,1,,,,,3.0,0.01617204212335984,1.0000
histfill,sentinel1,treatment_0021,treatment,treatment_0021,2,2,10,candidate,1,,,,,4.0,0.024407331055769133,1.0000
histfill,sentinel1,treatment_0021,treatment,treatment_0021,2,2,10,candidate,1,,,,,5.0,0.03403501937775179,1.0000
histfill,sentinel1,treatment_0021,treatment,treatment_0021,2,2,10,candidate,1,,,,,6.0,0.044993290223242485,1.0000
histfill,sentinel1,treatment_0021,treatment,treatment_0021,2,2,10,candidate,1,,,,,7.0,0.05727232455465449,1.0000
histfill,sentinel1,treatment_0021,treatment,treatment_0021,2,2,10,candidate,2,,,0.0,,2.0,0.00436079494793396,1.0000 0.0000
histfill,sentinel1,treatment_0021,treatment,treatment_0021,2,2,10,candidate,2,,,0.0,,3.0,0.00436079494793396,1.0000 0.0000
histfill,sentinel1,treatment_0021,treatment,treatment_0021,2,2,10,candidate,2,,,0.0,,4.0,0.00436079494793396,1.0000 0.0000
histfill,sentinel1,treatment_0021,treatment,treatment_0021,2,2,10,candidate,2,,,0.0,,5.0,0.00436079494793396,1.0000 0.0000
histfill,sentinel1,treatment_0021,treatment,treatment_0021,2,2,10,candidate,2,,,0.0,,6.0,0.00436079494793396,1.0000 0.0000
histfill,sentinel1,treatment_0021,treatment,treatment_0021,2,2,10,candidate,2,,,0.0,,7.0,0.00436079494793396,1.0000 0.0000
histfill,sentinel1,treatment_0022,treatment,treatment_0022,2,2,10,path,1,1.0,0.004413345635229939,inf,True,,,
histfill,sentinel1,treatment_0022,treatment,treatment_0022,2,2,10,path,2,2.0,0.004413345635229939,0.0,False,,,
histfill,sentinel1,treatment_0022,treatment,treatment_0022,2,2,10,candidate,1,,,,,1.0,0.004413345635229939,1.0000
histfill,sentinel1,treatment_0022,treatment,treatment_0022,2,2,10,candidate,1,,,,,2.0,0.009508069909539335,1.0000
histfill,sentinel1,treatment_0022,treatment,treatment_0022,2,2,10,candidate,1,,,,,3.0,0.01621253123613957,1.0000
histfill,sentinel1,treatment_0022,treatment,treatment_0022,2,2,10,candidate,1,,,,,4.0,0.024346200360668695,1.0000
histfill,sentinel1,treatment_0022,treatment,treatment_0022,2,2,10,candidate,1,,,,,5.0,0.033775170279067505,1.0000
histfill,sentinel1,treatment_0022,treatment,treatment_0022,2,2,10,candidate,1,,,,,6.0,0.04441477660496274,1.0000
histfill,sentinel1,treatment_0022,treatment,treatment_0022,2,2,10,candidate,1,,,,,7.0,0.056233312117876626,1.0000
histfill,sentinel1,treatment_0022,treatment,treatment_0022,2,2,10,candidate,2,,,0.0,,2.0,0.004413345635229939,1.0000 0.0000
histfill,sentinel1,treatment_0022,treatment,treatment_0022,2,2,10,candidate,2,,,0.0,,3.0,0.004413345635229939,1.0000 0.0000
histfill,sentinel1,treatment_0022,treatment,treatment_0022,2,2,10,candidate,2,,,0.0,,4.0,0.004413345635229939,1.0000 0.0000
histfill,sentinel1,treatment_0022,treatment,treatment_0022,2,2,10,candidate,2,,,0.0,,5.0,0.004413345635229939,1.0000 0.0000
histfill,sentinel1,treatment_0022,treatment,treatment_0022,2,2,10,candidate,2,,,0.0,,6.0,0.004413345635229939,1.0000 0.0000
histfill,sentinel1,treatment_0022,treatment,treatment_0022,2,2,10,candidate,2,,,0.0,,7.0,0.004413345635229939,1.0000 0.0000
histfill,sentinel1,treatment_0023,treatment,treatment_0023,2,2,10,path,1,1.0,0.0036245299167216158,inf,True,,,
histfill,sentinel1,treatment_0023,treatment,treatment_0023,2,2,10,path,2,2.0,0.0036245299167216158,0.0,False,,,
histfill,sentinel1,treatment_0023,treatment,treatment_0023,2,2,10,candidate,1,,,,,1.0,0.0036245299167216158,1.0000
histfill,sentinel1,treatment_0023,treatment,treatment_0023,2,2,10,candidate,1,,,,,2.0,0.008133130536046574,1.0000
histfill,sentinel1,treatment_0023,treatment,treatment_0023,2,2,10,candidate,1,,,,,3.0,0.014419941810180517,1.0000
histfill,sentinel1,treatment_0023,treatment,treatment_0023,2,2,10,candidate,1,,,,,4.0,0.02247070488402839,1.0000
histfill,sentinel1,treatment_0023,treatment,treatment_0023,2,2,10,candidate,1,,,,,5.0,0.03227136517442743,1.0000
histfill,sentinel1,treatment_0023,treatment,treatment_0023,2,2,10,candidate,1,,,,,6.0,0.04380807542352413,1.0000
histfill,sentinel1,treatment_0023,treatment,treatment_0023,2,2,10,candidate,1,,,,,7.0,0.05706719888069458,1.0000
histfill,sentinel1,treatment_0023,treatment,treatment_0023,2,2,10,candidate,2,,,0.0,,2.0,0.0036245299167216158,1.0000 0.0000
histfill,sentinel1,treatment_0023,treatment,treatment_0023,2,2,10,candidate,2,,,0.0,,3.0,0.0036245299167216158,1.0000 0.0000
histfill,sentinel1,treatment_0023,treatment,treatment_0023,2,2,10,candidate,2,,,0.0,,4.0,0.0036245299167216158,1.0000 0.0000
histfill,sentinel1,treatment_0023,treatment,treatment_0023,2,2,10,candidate,2,,,0.0,,5.0,0.0036245299167216158,1.0000 0.0000
histfill,sentinel1,treatment_0023,treatment,treatment_0023,2,2,10,candidate,2,,,0.0,,6.0,0.0036245299167216158,1.0000 0.0000
histfill,sentinel1,treatment_0023,treatment,treatment_0023,2,2,10,candidate,2,,,0.0,,7.0,0.0036245299167216158,1.0000 0.0000
histfill,sentinel1,treatment_0024,treatment,treatment_0024,2,2,10,path,1,1.0,0.004160398560296494,inf,True,,,
histfill,sentinel1,treatment_0024,treatment,treatment_0024,2,2,10,path,2,2.0,0.004160398560296494,0.0,False,,,
histfill,sentinel1,treatment_0024,treatment,treatment_0024,2,2,10,candidate,1,,,,,1.0,0.004160398560296494,1.0000
histfill,sentinel1,treatment_0024,treatment,treatment_0024,2,2,10,candidate,1,,,,,2.0,0.009240205600317424,1.0000
histfill,sentinel1,treatment_0024,treatment,treatment_0024,2,2,10,candidate,1,,,,,3.0,0.016219689319810444,1.0000
histfill,sentinel1,treatment_0024,treatment,treatment_0024,2,2,10,candidate,1,,,,,4.0,0.025030725406489145,1.0000
histfill,sentinel1,treatment_0024,treatment,treatment_0024,2,2,10,candidate,1,,,,,5.0,0.03561091194249062,1.0000
histfill,sentinel1,treatment_0024,treatment,treatment_0024,2,2,10,candidate,1,,,,,6.0,0.04790375965504915,1.0000
histfill,sentinel1,treatment_0024,treatment,treatment_0024,2,2,10,candidate,1,,,,,7.0,0.06185891378708813,1.0000
histfill,sentinel1,treatment_0024,treatment,treatment_0024,2,2,10,candidate,2,,,0.0,,2.0,0.004160398560296494,1.0000 0.0000
histfill,sentinel1,treatment_0024,treatment,treatment_0024,2,2,10,candidate,2,,,0.0,,3.0,0.004160398560296494,1.0000 0.0000
histfill,sentinel1,treatment_0024,treatment,treatment_0024,2,2,10,candidate,2,,,0.0,,4.0,0.004160398560296494,1.0000 0.0000
histfill,sentinel1,treatment_0024,treatment,treatment_0024,2,2,10,candidate,2,,,0.0,,5.0,0.004160398560296494,1.0000 0.0000
histfill,sentinel1,treatment_0024,treatment,treatment_0024,2,2,10,candidate,2,,,0.0,,6.0,0.004160398560296494,1.0000 0.0000
histfill,sentinel1,treatment_0024,treatment,treatment_0024,2,2,10,candidate,2,,,0.0,,7.0,0.004160398560296494,1.0000 0.0000
histfill,sentinel1,treatment_0025,treatment,treatment_0025,2,2,10,path,1,1.0,0.003667346607128615,inf,True,,,
histfill,sentinel1,treatment_0025,treatment,treatment_0025,2,2,10,path,2,2.0,0.003667346607128615,0.0,False,,,
histfill,sentinel1,treatment_0025,treatment,treatment_0025,2,2,10,candidate,1,,,,,1.0,0.003667346607128615,1.0000
histfill,sentinel1,treatment_0025,treatment,treatment_0025,2,2,10,candidate,1,,,,,2.0,0.008144483356421556,1.0000
histfill,sentinel1,treatment_0025,treatment,treatment_0025,2,2,10,candidate,1,,,,,3.0,0.014296435354451421,1.0000
histfill,sentinel1,treatment_0025,treatment,treatment_0025,2,2,10,candidate,1,,,,,4.0,0.02206484856894866,1.0000
histfill,sentinel1,treatment_0025,treatment,treatment_0025,2,2,10,candidate,1,,,,,5.0,0.031397305921904345,1.0000
histfill,sentinel1,treatment_0025,treatment,treatment_0025,2,2,10,candidate,1,,,,,6.0,0.042247471205058416,1.0000
histfill,sentinel1,treatment_0025,treatment,treatment_0025,2,2,10,candidate,1,,,,,7.0,0.05457526840794458,1.0000
histfill,sentinel1,treatment_0025,treatment,treatment_0025,2,2,10,candidate,2,,,0.0,,2.0,0.003667346607128615,1.0000 0.0000
histfill,sentinel1,treatment_0025,treatment,treatment_0025,2,2,10,candidate,2,,,0.0,,3.0,0.003667346607128615,1.0000 0.0000
histfill,sentinel1,treatment_0025,treatment,treatment_0025,2,2,10,candidate,2,,,0.0,,4.0,0.003667346607128615,1.0000 0.0000
histfill,sentinel1,treatment_0025,treatment,treatment_0025,2,2,10,candidate,2,,,0.0,,5.0,0.003667346607128615,1.0000 0.0000
histfill,sentinel1,treatment_0025,treatment,treatment_0025,2,2,10,candidate,2,,,0.0,,6.0,0.003667346607128615,1.0000 0.0000
histfill,sentinel1,treatment_0025,treatment,treatment_0025,2,2,10,candidate,2,,,0.0,,7.0,0.003667346607128615,1.0000 0.0000
histfill,sentinel1,treatment_0027,treatment,treatment_0027,2,2,10,path,1,1.0,0.0039628525973025115,inf,True,,,
histfill,sentinel1,treatment_0027,treatment,treatment_0027,2,2,10,path,2,2.0,0.0039628525973025115,0.0,False,,,
histfill,sentinel1,treatment_0027,treatment,treatment_0027,2,2,10,candidate,1,,,,,1.0,0.0039628525973025115,1.0000
histfill,sentinel1,treatment_0027,treatment,treatment_0027,2,2,10,candidate,1,,,,,2.0,0.00827911058285688,1.0000
histfill,sentinel1,treatment_0027,treatment,treatment_0027,2,2,10,candidate,1,,,,,3.0,0.013685835810360095,1.0000
histfill,sentinel1,treatment_0027,treatment,treatment_0027,2,2,10,candidate,1,,,,,4.0,0.019925430129429517,1.0000
histfill,sentinel1,treatment_0027,treatment,treatment_0027,2,2,10,candidate,1,,,,,5.0,0.026815713175849534,1.0000
histfill,sentinel1,treatment_0027,treatment,treatment_0027,2,2,10,candidate,1,,,,,6.0,0.034255614369160844,1.0000
histfill,sentinel1,treatment_0027,treatment,treatment_0027,2,2,10,candidate,1,,,,,7.0,0.042234721546856924,1.0000
histfill,sentinel1,treatment_0027,treatment,treatment_0027,2,2,10,candidate,2,,,0.0,,2.0,0.0039628525973025115,1.0000 0.0000
histfill,sentinel1,treatment_0027,treatment,treatment_0027,2,2,10,candidate,2,,,0.0,,3.0,0.0039628525973025115,1.0000 0.0000
histfill,sentinel1,treatment_0027,treatment,treatment_0027,2,2,10,candidate,2,,,0.0,,4.0,0.0039628525973025115,1.0000 0.0000
histfill,sentinel1,treatment_0027,treatment,treatment_0027,2,2,10,candidate,2,,,0.0,,5.0,0.0039628525973025115,1.0000 0.0000
histfill,sentinel1,treatment_0027,treatment,treatment_0027,2,2,10,candidate,2,,,0.0,,6.0,0.0039628525973025115,1.0000 0.0000
histfill,sentinel1,treatment_0027,treatment,treatment_0027,2,2,10,candidate,2,,,0.0,,7.0,0.0039628525973025115,1.0000 0.0000
histfill,sentinel1,treatment_0015,treatment,treatment_0015,2,3,10,path,1,1.0,0.004176730544104808,inf,True,,,
histfill,sentinel1,treatment_0015,treatment,treatment_0015,2,3,10,path,2,2.0,0.004176730544104808,0.0,False,,,
histfill,sentinel1,treatment_0015,treatment,treatment_0015,2,3,10,candidate,1,,,,,1.0,0.004176730544104808,1.0000
histfill,sentinel1,treatment_0015,treatment,treatment_0015,2,3,10,candidate,1,,,,,2.0,0.009195899524636756,1.0000
histfill,sentinel1,treatment_0015,treatment,treatment_0015,2,3,10,candidate,1,,,,,3.0,0.01601492274653627,1.0000
histfill,sentinel1,treatment_0015,treatment,treatment_0015,2,3,10,candidate,1,,,,,4.0,0.024542483974092717,1.0000
histfill,sentinel1,treatment_0015,treatment,treatment_0015,2,3,10,candidate,1,,,,,5.0,0.03470737528533014,1.0000
histfill,sentinel1,treatment_0015,treatment,treatment_0015,2,3,10,candidate,1,,,,,6.0,0.04645942816850037,1.0000
histfill,sentinel1,treatment_0015,treatment,treatment_0015,2,3,10,candidate,2,,,0.0,,2.0,0.004176730544104808,1.0000 0.0000
histfill,sentinel1,treatment_0015,treatment,treatment_0015,2,3,10,candidate,2,,,0.0,,3.0,0.004176730544104808,1.0000 0.0000
histfill,sentinel1,treatment_0015,treatment,treatment_0015,2,3,10,candidate,2,,,0.0,,4.0,0.004176730544104808,1.0000 0.0000
histfill,sentinel1,treatment_0015,treatment,treatment_0015,2,3,10,candidate,2,,,0.0,,5.0,0.004176730544104808,1.0000 0.0000
histfill,sentinel1,treatment_0015,treatment,treatment_0015,2,3,10,candidate,2,,,0.0,,6.0,0.004176730544104808,1.0000 0.0000
histfill,sentinel1,treatment_0016,treatment,treatment_0016,2,3,10,path,1,1.0,0.005577651950417454,inf,True,,,
histfill,sentinel1,treatment_0016,treatment,treatment_0016,2,3,10,path,2,2.0,0.005577651950417454,0.0,False,,,
histfill,sentinel1,treatment_0016,treatment,treatment_0016,2,3,10,candidate,1,,,,,1.0,0.005577651950417454,1.0000
histfill,sentinel1,treatment_0016,treatment,treatment_0016,2,3,10,candidate,1,,,,,2.0,0.011829630037377114,1.0000
histfill,sentinel1,treatment_0016,treatment,treatment_0016,2,3,10,candidate,1,,,,,3.0,0.019866894290353435,1.0000
histfill,sentinel1,treatment_0016,treatment,treatment_0016,2,3,10,candidate,1,,,,,4.0,0.02941163922987632,1.0000
histfill,sentinel1,treatment_0016,treatment,treatment_0016,2,3,10,candidate,1,,,,,5.0,0.04028909815804927,1.0000
histfill,sentinel1,treatment_0016,treatment,treatment_0016,2,3,10,candidate,1,,,,,6.0,0.05244278823539698,1.0000
histfill,sentinel1,treatment_0016,treatment,treatment_0016,2,3,10,candidate,2,,,0.0,,2.0,0.005577651950417454,1.0000 0.0000
histfill,sentinel1,treatment_0016,treatment,treatment_0016,2,3,10,candidate,2,,,0.0,,3.0,0.005577651950417454,1.0000 0.0000
histfill,sentinel1,treatment_0016,treatment,treatment_0016,2,3,10,candidate,2,,,0.0,,4.0,0.005577651950417454,1.0000 0.0000
histfill,sentinel1,treatment_0016,treatment,treatment_0016,2,3,10,candidate,2,,,0.0,,5.0,0.005577651950417454,1.0000 0.0000
histfill,sentinel1,treatment_0016,treatment,treatment_0016,2,3,10,candidate,2,,,0.0,,6.0,0.005577651950417454,1.0000 0.0000
histfill,sentinel1,treatment_0017,treatment,treatment_0017,2,3,10,path,1,1.0,0.004236681576851775,inf,True,,,
histfill,sentinel1,treatment_0017,treatment,treatment_0017,2,3,10,path,2,2.0,0.004236681576851775,0.0,False,,,
histfill,sentinel1,treatment_0017,treatment,treatment_0017,2,3,10,candidate,1,,,,,1.0,0.004236681576851775,1.0000
histfill,sentinel1,treatment_0017,treatment,treatment_0017,2,3,10,candidate,1,,,,,2.0,0.009192470512205104,1.0000
histfill,sentinel1,treatment_0017,treatment,treatment_0017,2,3,10,candidate,1,,,,,3.0,0.015780671463961598,1.0000
histfill,sentinel1,treatment_0017,treatment,treatment_0017,2,3,10,candidate,1,,,,,4.0,0.023849673057682007,1.0000
histfill,sentinel1,treatment_0017,treatment,treatment_0017,2,3,10,candidate,1,,,,,5.0,0.03328552573190152,1.0000
histfill,sentinel1,treatment_0017,treatment,treatment_0017,2,3,10,candidate,1,,,,,6.0,0.044015877044354654,1.0000
histfill,sentinel1,treatment_0017,treatment,treatment_0017,2,3,10,candidate,2,,,0.0,,2.0,0.004236681576851775,1.0000 0.0000
histfill,sentinel1,treatment_0017,treatment,treatment_0017,2,3,10,candidate,2,,,0.0,,3.0,0.004236681576851775,1.0000 0.0000
histfill,sentinel1,treatment_0017,treatment,treatment_0017,2,3,10,candidate,2,,,0.0,,4.0,0.004236681576851775,1.0000 0.0000
histfill,sentinel1,treatment_0017,treatment,treatment_0017,2,3,10,candidate,2,,,0.0,,5.0,0.004236681576851775,1.0000 0.0000
histfill,sentinel1,treatment_0017,treatment,treatment_0017,2,3,10,candidate,2,,,0.0,,6.0,0.004236681576851775,1.0000 0.0000
histfill,sentinel1,treatment_0018,treatment,treatment_0018,2,3,10,path,1,1.0,0.003990180418663937,inf,True,,,
histfill,sentinel1,treatment_0018,treatment,treatment_0018,2,3,10,path,2,2.0,0.003990180418663937,0.0,False,,,
histfill,sentinel1,treatment_0018,treatment,treatment_0018,2,3,10,candidate,1,,,,,1.0,0.003990180418663937,1.0000
histfill,sentinel1,treatment_0018,treatment,treatment_0018,2,3,10,candidate,1,,,,,2.0,0.008784958373325148,1.0000
histfill,sentinel1,treatment_0018,treatment,treatment_0018,2,3,10,candidate,1,,,,,3.0,0.01529026592176665,1.0000
histfill,sentinel1,treatment_0018,treatment,treatment_0018,2,3,10,candidate,1,,,,,4.0,0.023404395811928155,1.0000
histfill,sentinel1,treatment_0018,treatment,treatment_0018,2,3,10,candidate,1,,,,,5.0,0.033038634087558354,1.0000
histfill,sentinel1,treatment_0018,treatment,treatment_0018,2,3,10,candidate,1,,,,,6.0,0.04411812172779765,1.0000
histfill,sentinel1,treatment_0018,treatment,treatment_0018,2,3,10,candidate,2,,,0.0,,2.0,0.003990180418663937,1.0000 0.0000
histfill,sentinel1,treatment_0018,treatment,treatment_0018,2,3,10,candidate,2,,,0.0,,3.0,0.003990180418663937,1.0000 0.0000
histfill,sentinel1,treatment_0018,treatment,treatment_0018,2,3,10,candidate,2,,,0.0,,4.0,0.003990180418663937,1.0000 0.0000
histfill,sentinel1,treatment_0018,treatment,treatment_0018,2,3,10,candidate,2,,,0.0,,5.0,0.003990180418663937,1.0000 0.0000
histfill,sentinel1,treatment_0018,treatment,treatment_0018,2,3,10,candidate,2,,,0.0,,6.0,0.003990180418663937,1.0000 0.0000
histfill,sentinel1,treatment_0019,treatment,treatment_0019,2,3,10,path,1,1.0,0.00386529799894968,inf,True,,,
histfill,sentinel1,treatment_0019,treatment,treatment_0019,2,3,10,path,2,2.0,0.00386529799894968,0.0,False,,,
histfill,sentinel1,treatment_0019,treatment,treatment_0019,2,3,10,candidate,1,,,,,1.0,0.00386529799894968,1.0000
histfill,sentinel1,treatment_0019,treatment,treatment_0019,2,3,10,candidate,1,,,,,2.0,0.008473615721538872,1.0000
histfill,sentinel1,treatment_0019,treatment,treatment_0019,2,3,10,candidate,1,,,,,3.0,0.014686850331155374,1.0000
histfill,sentinel1,treatment_0019,treatment,treatment_0019,2,3,10,candidate,1,,,,,4.0,0.022389674199400734,1.0000
histfill,sentinel1,treatment_0019,treatment,treatment_0019,2,3,10,candidate,1,,,,,5.0,0.03148244918172345,1.0000
histfill,sentinel1,treatment_0019,treatment,treatment_0019,2,3,10,candidate,1,,,,,6.0,0.041881989688445975,1.0000
histfill,sentinel1,treatment_0019,treatment,treatment_0019,2,3,10,candidate,2,,,0.0,,2.0,0.00386529799894968,1.0000 0.0000
histfill,sentinel1,treatment_0019,treatment,treatment_0019,2,3,10,candidate,2,,,0.0,,3.0,0.00386529799894968,1.0000 0.0000
histfill,sentinel1,treatment_0019,treatment,treatment_0019,2,3,10,candidate,2,,,0.0,,4.0,0.00386529799894968,1.0000 0.0000
histfill,sentinel1,treatment_0019,treatment,treatment_0019,2,3,10,candidate,2,,,0.0,,5.0,0.00386529799894968,1.0000 0.0000
histfill,sentinel1,treatment_0019,treatment,treatment_0019,2,3,10,candidate,2,,,0.0,,6.0,0.00386529799894968,1.0000 0.0000
histfill,sentinel1,treatment_0020,treatment,treatment_0020,2,3,10,path,1,1.0,0.0045428796821388555,inf,True,,,
histfill,sentinel1,treatment_0020,treatment,treatment_0020,2,3,10,path,2,2.0,0.0045428796821388555,0.0,False,,,
histfill,sentinel1,treatment_0020,treatment,treatment_0020,2,3,10,candidate,1,,,,,1.0,0.0045428796821388555,1.0000
histfill,sentinel1,treatment_0020,treatment,treatment_0020,2,3,10,candidate,1,,,,,2.0,0.009851174163933584,1.0000
histfill,sentinel1,treatment_0020,treatment,treatment_0020,2,3,10,candidate,1,,,,,3.0,0.016898603441078724,1.0000
histfill,sentinel1,treatment_0020,treatment,treatment_0020,2,3,10,candidate,1,,,,,4.0,0.025513593843095185,1.0000
histfill,sentinel1,treatment_0020,treatment,treatment_0020,2,3,10,candidate,1,,,,,5.0,0.03556158173714025,1.0000
histfill,sentinel1,treatment_0020,treatment,treatment_0020,2,3,10,candidate,1,,,,,6.0,0.046949096768512964,1.0000
histfill,sentinel1,treatment_0020,treatment,treatment_0020,2,3,10,candidate,2,,,0.0,,2.0,0.0045428796821388555,1.0000 0.0000
histfill,sentinel1,treatment_0020,treatment,treatment_0020,2,3,10,candidate,2,,,0.0,,3.0,0.0045428796821388555,1.0000 0.0000
histfill,sentinel1,treatment_0020,treatment,treatment_0020,2,3,10,candidate,2,,,0.0,,4.0,0.0045428796821388555,1.0000 0.0000
histfill,sentinel1,treatment_0020,treatment,treatment_0020,2,3,10,candidate,2,,,0.0,,5.0,0.0045428796821388555,1.0000 0.0000
histfill,sentinel1,treatment_0020,treatment,treatment_0020,2,3,10,candidate,2,,,0.0,,6.0,0.0045428796821388555,1.0000 0.0000
histfill,sentinel1,treatment_0021,treatment,treatment_0021,2,3,10,path,1,1.0,0.004209485800975572,inf,True,,,
histfill,sentinel1,treatment_0021,treatment,treatment_0021,2,3,10,path,2,2.0,0.004209485800975572,0.0,False,,,
histfill,sentinel1,treatment_0021,treatment,treatment_0021,2,3,10,candidate,1,,,,,1.0,0.004209485800975572,1.0000
histfill,sentinel1,treatment_0021,treatment,treatment_0021,2,3,10,candidate,1,,,,,2.0,0.009131296889495615,1.0000
histfill,sentinel1,treatment_0021,treatment,treatment_0021,2,3,10,candidate,1,,,,,3.0,0.015685071882498562,1.0000
histfill,sentinel1,treatment_0021,treatment,treatment_0021,2,3,10,candidate,1,,,,,4.0,0.023740319698241072,1.0000
histfill,sentinel1,treatment_0021,treatment,treatment_0021,2,3,10,candidate,1,,,,,5.0,0.033212586053312426,1.0000
histfill,sentinel1,treatment_0021,treatment,treatment_0021,2,3,10,candidate,1,,,,,6.0,0.04406721393250852,1.0000
histfill,sentinel1,treatment_0021,treatment,treatment_0021,2,3,10,candidate,2,,,0.0,,2.0,0.004209485800975572,1.0000 0.0000
histfill,sentinel1,treatment_0021,treatment,treatment_0021,2,3,10,candidate,2,,,0.0,,3.0,0.004209485800975572,1.0000 0.0000
histfill,sentinel1,treatment_0021,treatment,treatment_0021,2,3,10,candidate,2,,,0.0,,4.0,0.004209485800975572,1.0000 0.0000
histfill,sentinel1,treatment_0021,treatment,treatment_0021,2,3,10,candidate,2,,,0.0,,5.0,0.004209485800975572,1.0000 0.0000
histfill,sentinel1,treatment_0021,treatment,treatment_0021,2,3,10,candidate,2,,,0.0,,6.0,0.004209485800975572,1.0000 0.0000
histfill,sentinel1,treatment_0022,treatment,treatment_0022,2,3,10,path,1,1.0,0.004240049232015564,inf,True,,,
histfill,sentinel1,treatment_0022,treatment,treatment_0022,2,3,10,path,2,2.0,0.004240049232015564,0.0,False,,,
histfill,sentinel1,treatment_0022,treatment,treatment_0022,2,3,10,candidate,1,,,,,1.0,0.004240049232015564,1.0000
histfill,sentinel1,treatment_0022,treatment,treatment_0022,2,3,10,candidate,1,,,,,2.0,0.00915255444153847,1.0000
histfill,sentinel1,treatment_0022,treatment,treatment_0022,2,3,10,candidate,1,,,,,3.0,0.015641821787287628,1.0000
histfill,sentinel1,treatment_0022,treatment,treatment_0022,2,3,10,candidate,1,,,,,4.0,0.023551168349377417,1.0000
histfill,sentinel1,treatment_0022,treatment,treatment_0022,2,3,10,candidate,1,,,,,5.0,0.03277179998876175,1.0000
histfill,sentinel1,treatment_0022,treatment,treatment_0022,2,3,10,candidate,1,,,,,6.0,0.04324597217920581,1.0000
histfill,sentinel1,treatment_0022,treatment,treatment_0022,2,3,10,candidate,2,,,0.0,,2.0,0.004240049232015564,1.0000 0.0000
histfill,sentinel1,treatment_0022,treatment,treatment_0022,2,3,10,candidate,2,,,0.0,,3.0,0.004240049232015564,1.0000 0.0000
histfill,sentinel1,treatment_0022,treatment,treatment_0022,2,3,10,candidate,2,,,0.0,,4.0,0.004240049232015564,1.0000 0.0000
histfill,sentinel1,treatment_0022,treatment,treatment_0022,2,3,10,candidate,2,,,0.0,,5.0,0.004240049232015564,1.0000 0.0000
histfill,sentinel1,treatment_0022,treatment,treatment_0022,2,3,10,candidate,2,,,0.0,,6.0,0.004240049232015564,1.0000 0.0000
histfill,sentinel1,treatment_0023,treatment,treatment_0023,2,3,10,path,1,1.0,0.003614835832809993,inf,True,,,
histfill,sentinel1,treatment_0023,treatment,treatment_0023,2,3,10,path,2,2.0,0.003614835832809993,0.0,False,,,
histfill,sentinel1,treatment_0023,treatment,treatment_0023,2,3,10,candidate,1,,,,,1.0,0.003614835832809993,1.0000
histfill,sentinel1,treatment_0023,treatment,treatment_0023,2,3,10,candidate,1,,,,,2.0,0.008111505603283692,1.0000
histfill,sentinel1,treatment_0023,treatment,treatment_0023,2,3,10,candidate,1,,,,,3.0,0.014381831194736232,1.0000
histfill,sentinel1,treatment_0023,treatment,treatment_0023,2,3,10,candidate,1,,,,,4.0,0.022411681203845152,1.0000
histfill,sentinel1,treatment_0023,treatment,treatment_0023,2,3,10,candidate,1,,,,,5.0,0.032187129916169344,1.0000
histfill,sentinel1,treatment_0023,treatment,treatment_0023,2,3,10,candidate,1,,,,,6.0,0.043694460424628684,1.0000
histfill,sentinel1,treatment_0023,treatment,treatment_0023,2,3,10,candidate,2,,,0.0,,2.0,0.003614835832809993,1.0000 0.0000
histfill,sentinel1,treatment_0023,treatment,treatment_0023,2,3,10,candidate,2,,,0.0,,3.0,0.003614835832809993,1.0000 0.0000
histfill,sentinel1,treatment_0023,treatment,treatment_0023,2,3,10,candidate,2,,,0.0,,4.0,0.003614835832809993,1.0000 0.0000
histfill,sentinel1,treatment_0023,treatment,treatment_0023,2,3,10,candidate,2,,,0.0,,5.0,0.003614835832809993,1.0000 0.0000
histfill,sentinel1,treatment_0023,treatment,treatment_0023,2,3,10,candidate,2,,,0.0,,6.0,0.003614835832809993,1.0000 0.0000
histfill,sentinel1,treatment_0024,treatment,treatment_0024,2,3,10,path,1,1.0,0.004108920517140826,inf,True,,,
histfill,sentinel1,treatment_0024,treatment,treatment_0024,2,3,10,path,2,2.0,0.004108920517140826,0.0,False,,,
histfill,sentinel1,treatment_0024,treatment,treatment_0024,2,3,10,candidate,1,,,,,1.0,0.004108920517140826,1.0000
histfill,sentinel1,treatment_0024,treatment,treatment_0024,2,3,10,candidate,1,,,,,2.0,0.009128893455821865,1.0000
histfill,sentinel1,treatment_0024,treatment,treatment_0024,2,3,10,candidate,1,,,,,3.0,0.01602989959933085,1.0000
histfill,sentinel1,treatment_0024,treatment,treatment_0024,2,3,10,candidate,1,,,,,4.0,0.024746968961998548,1.0000
histfill,sentinel1,treatment_0024,treatment,treatment_0024,2,3,10,candidate,1,,,,,5.0,0.035220944311023884,1.0000
histfill,sentinel1,treatment_0024,treatment,treatment_0024,2,3,10,candidate,1,,,,,6.0,0.047398687327010566,1.0000
histfill,sentinel1,treatment_0024,treatment,treatment_0024,2,3,10,candidate,2,,,0.0,,2.0,0.004108920517140826,1.0000 0.0000
histfill,sentinel1,treatment_0024,treatment,treatment_0024,2,3,10,candidate,2,,,0.0,,3.0,0.004108920517140826,1.0000 0.0000
histfill,sentinel1,treatment_0024,treatment,treatment_0024,2,3,10,candidate,2,,,0.0,,4.0,0.004108920517140826,1.0000 0.0000
histfill,sentinel1,treatment_0024,treatment,treatment_0024,2,3,10,candidate,2,,,0.0,,5.0,0.004108920517140826,1.0000 0.0000
histfill,sentinel1,treatment_0024,treatment,treatment_0024,2,3,10,candidate,2,,,0.0,,6.0,0.004108920517140826,1.0000 0.0000
histfill,sentinel1,treatment_0025,treatment,treatment_0025,2,3,10,path,1,1.0,0.0036218263726737754,inf,True,,,
histfill,sentinel1,treatment_0025,treatment,treatment_0025,2,3,10,path,2,2.0,0.0036218263726737754,0.0,False,,,
histfill,sentinel1,treatment_0025,treatment,treatment_0025,2,3,10,candidate,1,,,,,1.0,0.0036218263726737754,1.0000
histfill,sentinel1,treatment_0025,treatment,treatment_0025,2,3,10,candidate,1,,,,,2.0,0.008046685069224437,1.0000
histfill,sentinel1,treatment_0025,treatment,treatment_0025,2,3,10,candidate,1,,,,,3.0,0.01413083301935508,1.0000
histfill,sentinel1,treatment_0025,treatment,treatment_0025,2,3,10,candidate,1,,,,,4.0,0.0218190934331043,1.0000
histfill,sentinel1,treatment_0025,treatment,treatment_0025,2,3,10,candidate,1,,,,,5.0,0.031062297621778603,1.0000
histfill,sentinel1,treatment_0025,treatment,treatment_0025,2,3,10,candidate,1,,,,,6.0,0.041817446613391554,1.0000
histfill,sentinel1,treatment_0025,treatment,treatment_0025,2,3,10,candidate,2,,,0.0,,2.0,0.0036218263726737754,1.0000 0.0000
histfill,sentinel1,treatment_0025,treatment,treatment_0025,2,3,10,candidate,2,,,0.0,,3.0,0.0036218263726737754,1.0000 0.0000
histfill,sentinel1,treatment_0025,treatment,treatment_0025,2,3,10,candidate,2,,,0.0,,4.0,0.0036218263726737754,1.0000 0.0000
histfill,sentinel1,treatment_0025,treatment,treatment_0025,2,3,10,candidate,2,,,0.0,,5.0,0.0036218263726737754,1.0000 0.0000
histfill,sentinel1,treatment_0025,treatment,treatment_0025,2,3,10,candidate,2,,,0.0,,6.0,0.0036218263726737754,1.0000 0.0000
histfill,sentinel1,treatment_0027,treatment,treatment_0027,2,3,10,path,1,1.0,0.003706440599082371,inf,True,,,
histfill,sentinel1,treatment_0027,treatment,treatment_0027,2,3,10,path,2,2.0,0.003706440599082371,0.0,False,,,
histfill,sentinel1,treatment_0027,treatment,treatment_0027,2,3,10,candidate,1,,,,,1.0,0.003706440599082371,1.0000
histfill,sentinel1,treatment_0027,treatment,treatment_0027,2,3,10,candidate,1,,,,,2.0,0.00776127830683388,1.0000
histfill,sentinel1,treatment_0027,treatment,treatment_0027,2,3,10,candidate,1,,,,,3.0,0.012869011905083081,1.0000
histfill,sentinel1,treatment_0027,treatment,treatment_0027,2,3,10,candidate,1,,,,,4.0,0.01881135331441954,1.0000
histfill,sentinel1,treatment_0027,treatment,treatment_0027,2,3,10,candidate,1,,,,,5.0,0.0254482707111506,1.0000
histfill,sentinel1,treatment_0027,treatment,treatment_0027,2,3,10,candidate,1,,,,,6.0,0.032725555666525595,1.0000
histfill,sentinel1,treatment_0027,treatment,treatment_0027,2,3,10,candidate,2,,,0.0,,2.0,0.003706440599082371,1.0000 0.0000
histfill,sentinel1,treatment_0027,treatment,treatment_0027,2,3,10,candidate,2,,,0.0,,3.0,0.003706440599082371,1.0000 0.0000
histfill,sentinel1,treatment_0027,treatment,treatment_0027,2,3,10,candidate,2,,,0.0,,4.0,0.003706440599082371,1.0000 0.0000
histfill,sentinel1,treatment_0027,treatment,treatment_0027,2,3,10,candidate,2,,,0.0,,5.0,0.003706440599082371,1.0000 0.0000
histfill,sentinel1,treatment_0027,treatment,treatment_0027,2,3,10,candidate,2,,,0.0,,6.0,0.003706440599082371,1.0000 0.0000
histfill,sentinel1,treatment_0015,treatment,treatment_0015,2,4,10,path,1,1.0,0.004095472631975499,inf,True,,,
histfill,sentinel1,treatment_0015,treatment,treatment_0015,2,4,10,path,2,2.0,0.004095472631975499,0.0,False,,,
histfill,sentinel1,treatment_0015,treatment,treatment_0015,2,4,10,candidate,1,,,,,1.0,0.004095472631975499,1.0000
histfill,sentinel1,treatment_0015,treatment,treatment_0015,2,4,10,candidate,1,,,,,2.0,0.009027999473257591,1.0000
histfill,sentinel1,treatment_0015,treatment,treatment_0015,2,4,10,candidate,1,,,,,3.0,0.015743262861406166,1.0000
histfill,sentinel1,treatment_0015,treatment,treatment_0015,2,4,10,candidate,1,,,,,4.0,0.024160544216949294,1.0000
histfill,sentinel1,treatment_0015,treatment,treatment_0015,2,4,10,candidate,1,,,,,5.0,0.0342197335048575,1.0000
histfill,sentinel1,treatment_0015,treatment,treatment_0015,2,4,10,candidate,2,,,0.0,,2.0,0.004095472631975499,1.0000 0.0000
histfill,sentinel1,treatment_0015,treatment,treatment_0015,2,4,10,candidate,2,,,0.0,,3.0,0.004095472631975499,1.0000 0.0000
histfill,sentinel1,treatment_0015,treatment,treatment_0015,2,4,10,candidate,2,,,0.0,,4.0,0.004095472631975499,1.0000 0.0000
histfill,sentinel1,treatment_0015,treatment,treatment_0015,2,4,10,candidate,2,,,0.0,,5.0,0.004095472631975499,1.0000 0.0000
histfill,sentinel1,treatment_0016,treatment,treatment_0016,2,4,10,path,1,1.0,0.0053089472846132146,inf,True,,,
histfill,sentinel1,treatment_0016,treatment,treatment_0016,2,4,10,path,2,2.0,0.0053089472846132146,0.0,False,,,
histfill,sentinel1,treatment_0016,treatment,treatment_0016,2,4,10,candidate,1,,,,,1.0,0.0053089472846132146,1.0000
histfill,sentinel1,treatment_0016,treatment,treatment_0016,2,4,10,candidate,1,,,,,2.0,0.011300349750966696,1.0000
histfill,sentinel1,treatment_0016,treatment,treatment_0016,2,4,10,candidate,1,,,,,3.0,0.01906274311191141,1.0000
histfill,sentinel1,treatment_0016,treatment,treatment_0016,2,4,10,candidate,1,,,,,4.0,0.028376551146255913,1.0000
histfill,sentinel1,treatment_0016,treatment,treatment_0016,2,4,10,candidate,1,,,,,5.0,0.03913290559291813,1.0000
histfill,sentinel1,treatment_0016,treatment,treatment_0016,2,4,10,candidate,2,,,0.0,,2.0,0.0053089472846132146,1.0000 0.0000
histfill,sentinel1,treatment_0016,treatment,treatment_0016,2,4,10,candidate,2,,,0.0,,3.0,0.0053089472846132146,1.0000 0.0000
histfill,sentinel1,treatment_0016,treatment,treatment_0016,2,4,10,candidate,2,,,0.0,,4.0,0.0053089472846132146,1.0000 0.0000
histfill,sentinel1,treatment_0016,treatment,treatment_0016,2,4,10,candidate,2,,,0.0,,5.0,0.0053089472846132146,1.0000 0.0000
histfill,sentinel1,treatment_0017,treatment,treatment_0017,2,4,10,path,1,1.0,0.004102569715644932,inf,True,,,
histfill,sentinel1,treatment_0017,treatment,treatment_0017,2,4,10,path,2,2.0,0.004102569715644932,0.0,False,,,
histfill,sentinel1,treatment_0017,treatment,treatment_0017,2,4,10,candidate,1,,,,,1.0,0.004102569715644932,1.0000
histfill,sentinel1,treatment_0017,treatment,treatment_0017,2,4,10,candidate,1,,,,,2.0,0.008917961220492718,1.0000
histfill,sentinel1,treatment_0017,treatment,treatment_0017,2,4,10,candidate,1,,,,,3.0,0.015342413081214664,1.0000
histfill,sentinel1,treatment_0017,treatment,treatment_0017,2,4,10,candidate,1,,,,,4.0,0.023245281196703136,1.0000
histfill,sentinel1,treatment_0017,treatment,treatment_0017,2,4,10,candidate,1,,,,,5.0,0.03253558809980294,1.0000
histfill,sentinel1,treatment_0017,treatment,treatment_0017,2,4,10,candidate,2,,,0.0,,2.0,0.004102569715644932,1.0000 0.0000
histfill,sentinel1,treatment_0017,treatment,treatment_0017,2,4,10,candidate,2,,,0.0,,3.0,0.004102569715644932,1.0000 0.0000
histfill,sentinel1,treatment_0017,treatment,treatment_0017,2,4,10,candidate,2,,,0.0,,4.0,0.004102569715644932,1.0000 0.0000
histfill,sentinel1,treatment_0017,treatment,treatment_0017,2,4,10,candidate,2,,,0.0,,5.0,0.004102569715644932,1.0000 0.0000
histfill,sentinel1,treatment_0018,treatment,treatment_0018,2,4,10,path,1,1.0,0.0039107622544248466,inf,True,,,
histfill,sentinel1,treatment_0018,treatment,treatment_0018,2,4,10,path,2,2.0,0.0039107622544248466,0.0,False,,,
histfill,sentinel1,treatment_0018,treatment,treatment_0018,2,4,10,candidate,1,,,,,1.0,0.0039107622544248466,1.0000
histfill,sentinel1,treatment_0018,treatment,treatment_0018,2,4,10,candidate,1,,,,,2.0,0.008616228491259263,1.0000
histfill,sentinel1,treatment_0018,treatment,treatment_0018,2,4,10,candidate,1,,,,,3.0,0.015008349599500691,1.0000
histfill,sentinel1,treatment_0018,treatment,treatment_0018,2,4,10,candidate,1,,,,,4.0,0.0229927339663022,1.0000
histfill,sentinel1,treatment_0018,treatment,treatment_0018,2,4,10,candidate,1,,,,,5.0,0.0324884196347658,1.0000
histfill,sentinel1,treatment_0018,treatment,treatment_0018,2,4,10,candidate,2,,,0.0,,2.0,0.0039107622544248466,1.0000 0.0000
histfill,sentinel1,treatment_0018,treatment,treatment_0018,2,4,10,candidate,2,,,0.0,,3.0,0.0039107622544248466,1.0000 0.0000
histfill,sentinel1,treatment_0018,treatment,treatment_0018,2,4,10,candidate,2,,,0.0,,4.0,0.0039107622544248466,1.0000 0.0000
histfill,sentinel1,treatment_0018,treatment,treatment_0018,2,4,10,candidate,2,,,0.0,,5.0,0.0039107622544248466,1.0000 0.0000
histfill,sentinel1,treatment_0019,treatment,treatment_0019,2,4,10,path,1,1.0,0.003773164371393339,inf,True,,,
histfill,sentinel1,treatment_0019,treatment,treatment_0019,2,4,10,path,2,2.0,0.003773164371393339,0.0,False,,,
histfill,sentinel1,treatment_0019,treatment,treatment_0019,2,4,10,candidate,1,,,,,1.0,0.003773164371393339,1.0000
histfill,sentinel1,treatment_0019,treatment,treatment_0019,2,4,10,candidate,1,,,,,2.0,0.00827825483328214,1.0000
histfill,sentinel1,treatment_0019,treatment,treatment_0019,2,4,10,candidate,1,,,,,3.0,0.014361006807925021,1.0000
histfill,sentinel1,treatment_0019,treatment,treatment_0019,2,4,10,candidate,1,,,,,4.0,0.02191457840502323,1.0000
histfill,sentinel1,treatment_0019,treatment,treatment_0019,2,4,10,candidate,1,,,,,5.0,0.030848215639168876,1.0000
histfill,sentinel1,treatment_0019,treatment,treatment_0019,2,4,10,candidate,2,,,0.0,,2.0,0.003773164371393339,1.0000 0.0000
histfill,sentinel1,treatment_0019,treatment,treatment_0019,2,4,10,candidate,2,,,0.0,,3.0,0.003773164371393339,1.0000 0.0000
histfill,sentinel1,treatment_0019,treatment,treatment_0019,2,4,10,candidate,2,,,0.0,,4.0,0.003773164371393339,1.0000 0.0000
histfill,sentinel1,treatment_0019,treatment,treatment_0019,2,4,10,candidate,2,,,0.0,,5.0,0.003773164371393339,1.0000 0.0000
histfill,sentinel1,treatment_0020,treatment,treatment_0020,2,4,10,path,1,1.0,0.004396126012813461,inf,True,,,
histfill,sentinel1,treatment_0020,treatment,treatment_0020,2,4,10,path,2,2.0,0.004396126012813461,0.0,False,,,
histfill,sentinel1,treatment_0020,treatment,treatment_0020,2,4,10,candidate,1,,,,,1.0,0.004396126012813461,1.0000
histfill,sentinel1,treatment_0020,treatment,treatment_0020,2,4,10,candidate,1,,,,,2.0,0.009548678011009388,1.0000
histfill,sentinel1,treatment_0020,treatment,treatment_0020,2,4,10,candidate,1,,,,,3.0,0.01641101016475858,1.0000
histfill,sentinel1,treatment_0020,treatment,treatment_0020,2,4,10,candidate,1,,,,,4.0,0.024832415056388345,1.0000
histfill,sentinel1,treatment_0020,treatment,treatment_0020,2,4,10,candidate,1,,,,,5.0,0.03470137227090059,1.0000
histfill,sentinel1,treatment_0020,treatment,treatment_0020,2,4,10,candidate,2,,,0.0,,2.0,0.004396126012813461,1.0000 0.0000
histfill,sentinel1,treatment_0020,treatment,treatment_0020,2,4,10,candidate,2,,,0.0,,3.0,0.004396126012813461,1.0000 0.0000
histfill,sentinel1,treatment_0020,treatment,treatment_0020,2,4,10,candidate,2,,,0.0,,4.0,0.004396126012813461,1.0000 0.0000
histfill,sentinel1,treatment_0020,treatment,treatment_0020,2,4,10,candidate,2,,,0.0,,5.0,0.004396126012813461,1.0000 0.0000
histfill,sentinel1,treatment_0021,treatment,treatment_0021,2,4,10,path,1,1.0,0.004077747603313224,inf,True,,,
histfill,sentinel1,treatment_0021,treatment,treatment_0021,2,4,10,path,2,2.0,0.004077747603313224,0.0,False,,,
histfill,sentinel1,treatment_0021,treatment,treatment_0021,2,4,10,candidate,1,,,,,1.0,0.004077747603313224,1.0000
histfill,sentinel1,treatment_0021,treatment,treatment_0021,2,4,10,candidate,1,,,,,2.0,0.00886830728254653,1.0000
histfill,sentinel1,treatment_0021,treatment,treatment_0021,2,4,10,candidate,1,,,,,3.0,0.015277799760282486,1.0000
histfill,sentinel1,treatment_0021,treatment,treatment_0021,2,4,10,candidate,1,,,,,4.0,0.023200204113547618,1.0000
histfill,sentinel1,treatment_0021,treatment,treatment_0021,2,4,10,candidate,1,,,,,5.0,0.03257752232712221,1.0000
histfill,sentinel1,treatment_0021,treatment,treatment_0021,2,4,10,candidate,2,,,0.0,,2.0,0.004077747603313224,1.0000 0.0000
histfill,sentinel1,treatment_0021,treatment,treatment_0021,2,4,10,candidate,2,,,0.0,,3.0,0.004077747603313224,1.0000 0.0000
histfill,sentinel1,treatment_0021,treatment,treatment_0021,2,4,10,candidate,2,,,0.0,,4.0,0.004077747603313224,1.0000 0.0000
histfill,sentinel1,treatment_0021,treatment,treatment_0021,2,4,10,candidate,2,,,0.0,,5.0,0.004077747603313224,1.0000 0.0000
histfill,sentinel1,treatment_0022,treatment,treatment_0022,2,4,10,path,1,1.0,0.004087017081999174,inf,True,,,
histfill,sentinel1,treatment_0022,treatment,treatment_0022,2,4,10,path,2,2.0,0.004087017081999174,0.0,False,,,
histfill,sentinel1,treatment_0022,treatment,treatment_0022,2,4,10,candidate,1,,,,,1.0,0.004087017081999174,1.0000
histfill,sentinel1,treatment_0022,treatment,treatment_0022,2,4,10,candidate,1,,,,,2.0,0.008842752026621601,1.0000
histfill,sentinel1,treatment_0022,treatment,treatment_0022,2,4,10,candidate,1,,,,,3.0,0.015153052881619526,1.0000
histfill,sentinel1,treatment_0022,treatment,treatment_0022,2,4,10,candidate,1,,,,,4.0,0.02288594972653666,1.0000
histfill,sentinel1,treatment_0022,treatment,treatment_0022,2,4,10,candidate,1,,,,,5.0,0.03195898657033985,1.0000
histfill,sentinel1,treatment_0022,treatment,treatment_0022,2,4,10,candidate,2,,,0.0,,2.0,0.004087017081999174,1.0000 0.0000
histfill,sentinel1,treatment_0022,treatment,treatment_0022,2,4,10,candidate,2,,,0.0,,3.0,0.004087017081999174,1.0000 0.0000
histfill,sentinel1,treatment_0022,treatment,treatment_0022,2,4,10,candidate,2,,,0.0,,4.0,0.004087017081999174,1.0000 0.0000
histfill,sentinel1,treatment_0022,treatment,treatment_0022,2,4,10,candidate,2,,,0.0,,5.0,0.004087017081999174,1.0000 0.0000
histfill,sentinel1,treatment_0023,treatment,treatment_0023,2,4,10,path,1,1.0,0.003605252508896465,inf,True,,,
histfill,sentinel1,treatment_0023,treatment,treatment_0023,2,4,10,path,2,2.0,0.003605252508896465,0.0,False,,,
histfill,sentinel1,treatment_0023,treatment,treatment_0023,2,4,10,candidate,1,,,,,1.0,0.003605252508896465,1.0000
histfill,sentinel1,treatment_0023,treatment,treatment_0023,2,4,10,candidate,1,,,,,2.0,0.008090130963230314,1.0000
histfill,sentinel1,treatment_0023,treatment,treatment_0023,2,4,10,candidate,1,,,,,3.0,0.01434416752692668,1.0000
histfill,sentinel1,treatment_0023,treatment,treatment_0023,2,4,10,candidate,1,,,,,4.0,0.02235335906814655,1.0000
histfill,sentinel1,treatment_0023,treatment,treatment_0023,2,4,10,candidate,1,,,,,5.0,0.03210390960445096,1.0000
histfill,sentinel1,treatment_0023,treatment,treatment_0023,2,4,10,candidate,2,,,0.0,,2.0,0.003605252508896465,1.0000 0.0000
histfill,sentinel1,treatment_0023,treatment,treatment_0023,2,4,10,candidate,2,,,0.0,,3.0,0.003605252508896465,1.0000 0.0000
histfill,sentinel1,treatment_0023,treatment,treatment_0023,2,4,10,candidate,2,,,0.0,,4.0,0.003605252508896465,1.0000 0.0000
histfill,sentinel1,treatment_0023,treatment,treatment_0023,2,4,10,candidate,2,,,0.0,,5.0,0.003605252508896465,1.0000 0.0000
histfill,sentinel1,treatment_0024,treatment,treatment_0024,2,4,10,path,1,1.0,0.00406011834148977,inf,True,,,
histfill,sentinel1,treatment_0024,treatment,treatment_0024,2,4,10,path,2,2.0,0.00406011834148977,0.0,False,,,
histfill,sentinel1,treatment_0024,treatment,treatment_0024,2,4,10,candidate,1,,,,,1.0,0.00406011834148977,1.0000
histfill,sentinel1,treatment_0024,treatment,treatment_0024,2,4,10,candidate,1,,,,,2.0,0.009023650348948904,1.0000
histfill,sentinel1,treatment_0024,treatment,treatment_0024,2,4,10,candidate,1,,,,,3.0,0.015850999203154012,1.0000
histfill,sentinel1,treatment_0024,treatment,treatment_0024,2,4,10,candidate,1,,,,,4.0,0.02448040517830844,1.0000
histfill,sentinel1,treatment_0024,treatment,treatment_0024,2,4,10,candidate,1,,,,,5.0,0.03485602234013588,1.0000
histfill,sentinel1,treatment_0024,treatment,treatment_0024,2,4,10,candidate,2,,,0.0,,2.0,0.00406011834148977,1.0000 0.0000
histfill,sentinel1,treatment_0024,treatment,treatment_0024,2,4,10,candidate,2,,,0.0,,3.0,0.00406011834148977,1.0000 0.0000
histfill,sentinel1,treatment_0024,treatment,treatment_0024,2,4,10,candidate,2,,,0.0,,4.0,0.00406011834148977,1.0000 0.0000
histfill,sentinel1,treatment_0024,treatment,treatment_0024,2,4,10,candidate,2,,,0.0,,5.0,0.00406011834148977,1.0000 0.0000
histfill,sentinel1,treatment_0025,treatment,treatment_0025,2,4,10,path,1,1.0,0.0035790460177832625,inf,True,,,
histfill,sentinel1,treatment_0025,treatment,treatment_0025,2,4,10,path,2,2.0,0.0035790460177832625,0.0,False,,,
histfill,sentinel1,treatment_0025,treatment,treatment_0025,2,4,10,candidate,1,,,,,1.0,0.0035790460177832625,1.0000
histfill,sentinel1,treatment_0025,treatment,treatment_0025,2,4,10,candidate,1,,,,,2.0,0.0079550814255732,1.0000
histfill,sentinel1,treatment_0025,treatment,treatment_0025,2,4,10,candidate,1,,,,,3.0,0.013976311845753677,1.0000
histfill,sentinel1,treatment_0025,treatment,treatment_0025,2,4,10,candidate,1,,,,,4.0,0.021590783601763638,1.0000
histfill,sentinel1,treatment_0025,treatment,treatment_0025,2,4,10,candidate,1,,,,,5.0,0.030752633991452876,1.0000
histfill,sentinel1,treatment_0025,treatment,treatment_0025,2,4,10,candidate,2,,,0.0,,2.0,0.0035790460177832625,1.0000 0.0000
histfill,sentinel1,treatment_0025,treatment,treatment_0025,2,4,10,candidate,2,,,0.0,,3.0,0.0035790460177832625,1.0000 0.0000
histfill,sentinel1,treatment_0025,treatment,treatment_0025,2,4,10,candidate,2,,,0.0,,4.0,0.0035790460177832625,1.0000 0.0000
histfill,sentinel1,treatment_0025,treatment,treatment_0025,2,4,10,candidate,2,,,0.0,,5.0,0.0035790460177832625,1.0000 0.0000
histfill,sentinel1,treatment_0027,treatment,treatment_0027,2,4,10,path,1,1.0,0.003484560515220048,inf,True,,,
histfill,sentinel1,treatment_0027,treatment,treatment_0027,2,4,10,path,2,2.0,0.003484560515220048,0.0,False,,,
histfill,sentinel1,treatment_0027,treatment,treatment_0027,2,4,10,candidate,1,,,,,1.0,0.003484560515220048,1.0000
histfill,sentinel1,treatment_0027,treatment,treatment_0027,2,4,10,candidate,1,,,,,2.0,0.007320430126991108,1.0000
histfill,sentinel1,treatment_0027,treatment,treatment_0027,2,4,10,candidate,1,,,,,3.0,0.012189309196163373,1.0000
histfill,sentinel1,treatment_0027,treatment,treatment_0027,2,4,10,candidate,1,,,,,4.0,0.017914380777188193,1.0000
histfill,sentinel1,treatment_0027,treatment,treatment_0027,2,4,10,candidate,1,,,,,5.0,0.024401157720206255,1.0000
histfill,sentinel1,treatment_0027,treatment,treatment_0027,2,4,10,candidate,2,,,0.0,,2.0,0.003484560515220048,1.0000 0.0000
histfill,sentinel1,treatment_0027,treatment,treatment_0027,2,4,10,candidate,2,,,0.0,,3.0,0.003484560515220048,1.0000 0.0000
histfill,sentinel1,treatment_0027,treatment,treatment_0027,2,4,10,candidate,2,,,0.0,,4.0,0.003484560515220048,1.0000 0.0000
histfill,sentinel1,treatment_0027,treatment,treatment_0027,2,4,10,candidate,2,,,0.0,,5.0,0.003484560515220048,1.0000 0.0000
histfill,sentinel1,treatment_0015,treatment,treatment_0015,2,5,10,path,1,1.0,0.00402308770623711,inf,True,,,
histfill,sentinel1,treatment_0015,treatment,treatment_0015,2,5,10,path,2,2.0,0.00402308770623711,0.0,False,,,
histfill,sentinel1,treatment_0015,treatment,treatment_0015,2,5,10,candidate,1,,,,,1.0,0.00402308770623711,1.0000
histfill,sentinel1,treatment_0015,treatment,treatment_0015,2,5,10,candidate,1,,,,,2.0,0.008880278858946081,1.0000
histfill,sentinel1,treatment_0015,treatment,treatment_0015,2,5,10,candidate,1,,,,,3.0,0.015507973728260753,1.0000
histfill,sentinel1,treatment_0015,treatment,treatment_0015,2,5,10,candidate,1,,,,,4.0,0.023836387944093037,1.0000
histfill,sentinel1,treatment_0015,treatment,treatment_0015,2,5,10,candidate,2,,,0.0,,2.0,0.00402308770623711,1.0000 0.0000
histfill,sentinel1,treatment_0015,treatment,treatment_0015,2,5,10,candidate,2,,,0.0,,3.0,0.00402308770623711,1.0000 0.0000
histfill,sentinel1,treatment_0015,treatment,treatment_0015,2,5,10,candidate,2,,,0.0,,4.0,0.00402308770623711,1.0000 0.0000
histfill,sentinel1,treatment_0016,treatment,treatment_0016,2,5,10,path,1,1.0,0.005084516867766111,inf,True,,,
histfill,sentinel1,treatment_0016,treatment,treatment_0016,2,5,10,path,2,2.0,0.005084516867766111,0.0,False,,,
histfill,sentinel1,treatment_0016,treatment,treatment_0016,2,5,10,candidate,1,,,,,1.0,0.005084516867766111,1.0000
histfill,sentinel1,treatment_0016,treatment,treatment_0016,2,5,10,candidate,1,,,,,2.0,0.010872955103389283,1.0000
histfill,sentinel1,treatment_0016,treatment,treatment_0016,2,5,10,candidate,1,,,,,3.0,0.018446023606585378,1.0000
histfill,sentinel1,treatment_0016,treatment,treatment_0016,2,5,10,candidate,1,,,,,4.0,0.0276476946188294,1.0000
histfill,sentinel1,treatment_0016,treatment,treatment_0016,2,5,10,candidate,2,,,0.0,,2.0,0.005084516867766111,1.0000 0.0000
histfill,sentinel1,treatment_0016,treatment,treatment_0016,2,5,10,candidate,2,,,0.0,,3.0,0.005084516867766111,1.0000 0.0000
histfill,sentinel1,treatment_0016,treatment,treatment_0016,2,5,10,candidate,2,,,0.0,,4.0,0.005084516867766111,1.0000 0.0000
histfill,sentinel1,treatment_0017,treatment,treatment_0017,2,5,10,path,1,1.0,0.003984681717826349,inf,True,,,
histfill,sentinel1,treatment_0017,treatment,treatment_0017,2,5,10,path,2,2.0,0.003984681717826349,0.0,False,,,
histfill,sentinel1,treatment_0017,treatment,treatment_0017,2,5,10,candidate,1,,,,,1.0,0.003984681717826349,1.0000
histfill,sentinel1,treatment_0017,treatment,treatment_0017,2,5,10,candidate,1,,,,,2.0,0.008680894787173465,1.0000
histfill,sentinel1,treatment_0017,treatment,treatment_0017,2,5,10,candidate,1,,,,,3.0,0.014972794157739343,1.0000
histfill,sentinel1,treatment_0017,treatment,treatment_0017,2,5,10,candidate,1,,,,,4.0,0.022752018272599008,1.0000
histfill,sentinel1,treatment_0017,treatment,treatment_0017,2,5,10,candidate,2,,,0.0,,2.0,0.003984681717826349,1.0000 0.0000
histfill,sentinel1,treatment_0017,treatment,treatment_0017,2,5,10,candidate,2,,,0.0,,3.0,0.003984681717826349,1.0000 0.0000
histfill,sentinel1,treatment_0017,treatment,treatment_0017,2,5,10,candidate,2,,,0.0,,4.0,0.003984681717826349,1.0000 0.0000
histfill,sentinel1,treatment_0018,treatment,treatment_0018,2,5,10,path,1,1.0,0.0038372755191115123,inf,True,,,
histfill,sentinel1,treatment_0018,treatment,treatment_0018,2,5,10,path,2,2.0,0.0038372755191115123,0.0,False,,,
histfill,sentinel1,treatment_0018,treatment,treatment_0018,2,5,10,candidate,1,,,,,1.0,0.0038372755191115123,1.0000
histfill,sentinel1,treatment_0018,treatment,treatment_0018,2,5,10,candidate,1,,,,,2.0,0.008461079669511595,1.0000
histfill,sentinel1,treatment_0018,treatment,treatment_0018,2,5,10,candidate,1,,,,,3.0,0.014751069105667317,1.0000
histfill,sentinel1,treatment_0018,treatment,treatment_0018,2,5,10,candidate,1,,,,,4.0,0.022620449638680904,1.0000
histfill,sentinel1,treatment_0018,treatment,treatment_0018,2,5,10,candidate,2,,,0.0,,2.0,0.0038372755191115123,1.0000 0.0000
histfill,sentinel1,treatment_0018,treatment,treatment_0018,2,5,10,candidate,2,,,0.0,,3.0,0.0038372755191115123,1.0000 0.0000
histfill,sentinel1,treatment_0018,treatment,treatment_0018,2,5,10,candidate,2,,,0.0,,4.0,0.0038372755191115123,1.0000 0.0000
histfill,sentinel1,treatment_0019,treatment,treatment_0019,2,5,10,path,1,1.0,0.003688120995307439,inf,True,,,
histfill,sentinel1,treatment_0019,treatment,treatment_0019,2,5,10,path,2,2.0,0.003688120995307439,0.0,False,,,
histfill,sentinel1,treatment_0019,treatment,treatment_0019,2,5,10,candidate,1,,,,,1.0,0.003688120995307439,1.0000
histfill,sentinel1,treatment_0019,treatment,treatment_0019,2,5,10,candidate,1,,,,,2.0,0.008099020138765995,1.0000
histfill,sentinel1,treatment_0019,treatment,treatment_0019,2,5,10,candidate,1,,,,,3.0,0.014064227532229454,1.0000
histfill,sentinel1,treatment_0019,treatment,treatment_0019,2,5,10,candidate,1,,,,,4.0,0.021485651631378083,1.0000
histfill,sentinel1,treatment_0019,treatment,treatment_0019,2,5,10,candidate,2,,,0.0,,2.0,0.003688120995307439,1.0000 0.0000
histfill,sentinel1,treatment_0019,treatment,treatment_0019,2,5,10,candidate,2,,,0.0,,3.0,0.003688120995307439,1.0000 0.0000
histfill,sentinel1,treatment_0019,treatment,treatment_0019,2,5,10,candidate,2,,,0.0,,4.0,0.003688120995307439,1.0000 0.0000
histfill,sentinel1,treatment_0020,treatment,treatment_0020,2,5,10,path,1,1.0,0.00426578777011844,inf,True,,,
histfill,sentinel1,treatment_0020,treatment,treatment_0020,2,5,10,path,2,2.0,0.00426578777011844,0.0,False,,,
histfill,sentinel1,treatment_0020,treatment,treatment_0020,2,5,10,candidate,1,,,,,1.0,0.00426578777011844,1.0000
histfill,sentinel1,treatment_0020,treatment,treatment_0020,2,5,10,candidate,1,,,,,2.0,0.009283839659892875,1.0000
histfill,sentinel1,treatment_0020,treatment,treatment_0020,2,5,10,candidate,1,,,,,3.0,0.015992238769151366,1.0000
histfill,sentinel1,treatment_0020,treatment,treatment_0020,2,5,10,candidate,1,,,,,4.0,0.024262635723440555,1.0000
histfill,sentinel1,treatment_0020,treatment,treatment_0020,2,5,10,candidate,2,,,0.0,,2.0,0.00426578777011844,1.0000 0.0000
histfill,sentinel1,treatment_0020,treatment,treatment_0020,2,5,10,candidate,2,,,0.0,,3.0,0.00426578777011844,1.0000 0.0000
histfill,sentinel1,treatment_0020,treatment,treatment_0020,2,5,10,candidate,2,,,0.0,,4.0,0.00426578777011844,1.0000 0.0000
histfill,sentinel1,treatment_0021,treatment,treatment_0021,2,5,10,path,1,1.0,0.0039658068849719105,inf,True,,,
histfill,sentinel1,treatment_0021,treatment,treatment_0021,2,5,10,path,2,2.0,0.0039658068849719105,0.0,False,,,
histfill,sentinel1,treatment_0021,treatment,treatment_0021,2,5,10,candidate,1,,,,,1.0,0.0039658068849719105,1.0000
histfill,sentinel1,treatment_0021,treatment,treatment_0021,2,5,10,candidate,1,,,,,2.0,0.008650516374867781,1.0000
histfill,sentinel1,treatment_0021,treatment,treatment_0021,2,5,10,candidate,1,,,,,3.0,0.014952584908772538,1.0000
histfill,sentinel1,treatment_0021,treatment,treatment_0021,2,5,10,candidate,1,,,,,4.0,0.022791820659918395,1.0000
histfill,sentinel1,treatment_0021,treatment,treatment_0021,2,5,10,candidate,2,,,0.0,,2.0,0.0039658068849719105,1.0000 0.0000
histfill,sentinel1,treatment_0021,treatment,treatment_0021,2,5,10,candidate,2,,,0.0,,3.0,0.0039658068849719105,1.0000 0.0000
histfill,sentinel1,treatment_0021,treatment,treatment_0021,2,5,10,candidate,2,,,0.0,,4.0,0.0039658068849719105,1.0000 0.0000
histfill,sentinel1,treatment_0022,treatment,treatment_0022,2,5,10,path,1,1.0,0.003954383741309393,inf,True,,,
histfill,sentinel1,treatment_0022,treatment,treatment_0022,2,5,10,path,2,2.0,0.003954383741309393,0.0,False,,,
histfill,sentinel1,treatment_0022,treatment,treatment_0022,2,5,10,candidate,1,,,,,1.0,0.003954383741309393,1.0000
histfill,sentinel1,treatment_0022,treatment,treatment_0022,2,5,10,candidate,1,,,,,2.0,0.008579318153102795,1.0000
histfill,sentinel1,treatment_0022,treatment,treatment_0022,2,5,10,candidate,1,,,,,3.0,0.014748021031894749,1.0000
histfill,sentinel1,treatment_0022,treatment,treatment_0022,2,5,10,candidate,1,,,,,4.0,0.02235434386893104,1.0000
histfill,sentinel1,treatment_0022,treatment,treatment_0022,2,5,10,candidate,2,,,0.0,,2.0,0.003954383741309393,1.0000 0.0000
histfill,sentinel1,treatment_0022,treatment,treatment_0022,2,5,10,candidate,2,,,0.0,,3.0,0.003954383741309393,1.0000 0.0000
histfill,sentinel1,treatment_0022,treatment,treatment_0022,2,5,10,candidate,2,,,0.0,,4.0,0.003954383741309393,1.0000 0.0000
histfill,sentinel1,treatment_0023,treatment,treatment_0023,2,5,10,path,1,1.0,0.0035957806733185388,inf,True,,,
histfill,sentinel1,treatment_0023,treatment,treatment_0023,2,5,10,path,2,2.0,0.0035957806733185388,0.0,False,,,
histfill,sentinel1,treatment_0023,treatment,treatment_0023,2,5,10,candidate,1,,,,,1.0,0.0035957806733185388,1.0000
histfill,sentinel1,treatment_0023,treatment,treatment_0023,2,5,10,candidate,1,,,,,2.0,0.008069008298821168,1.0000
histfill,sentinel1,treatment_0023,treatment,treatment_0023,2,5,10,candidate,1,,,,,3.0,0.014306953877176126,1.0000
histfill,sentinel1,treatment_0023,treatment,treatment_0023,2,5,10,candidate,1,,,,,4.0,0.022295743397206025,1.0000
histfill,sentinel1,treatment_0023,treatment,treatment_0023,2,5,10,candidate,2,,,0.0,,2.0,0.0035957806733185388,1.0000 0.0000
histfill,sentinel1,treatment_0023,treatment,treatment_0023,2,5,10,candidate,2,,,0.0,,3.0,0.0035957806733185388,1.0000 0.0000
histfill,sentinel1,treatment_0023,treatment,treatment_0023,2,5,10,candidate,2,,,0.0,,4.0,0.0035957806733185388,1.0000 0.0000
histfill,sentinel1,treatment_0024,treatment,treatment_0024,2,5,10,path,1,1.0,0.0040140259119138925,inf,True,,,
histfill,sentinel1,treatment_0024,treatment,treatment_0024,2,5,10,path,2,2.0,0.0040140259119138925,0.0,False,,,
histfill,sentinel1,treatment_0024,treatment,treatment_0024,2,5,10,candidate,1,,,,,1.0,0.0040140259119138925,1.0000
histfill,sentinel1,treatment_0024,treatment,treatment_0024,2,5,10,candidate,1,,,,,2.0,0.008924563210507391,1.0000
histfill,sentinel1,treatment_0024,treatment,treatment_0024,2,5,10,candidate,1,,,,,3.0,0.015683161757358018,1.0000
histfill,sentinel1,treatment_0024,treatment,treatment_0024,2,5,10,candidate,1,,,,,4.0,0.02423133526165159,1.0000
histfill,sentinel1,treatment_0024,treatment,treatment_0024,2,5,10,candidate,2,,,0.0,,2.0,0.0040140259119138925,1.0000 0.0000
histfill,sentinel1,treatment_0024,treatment,treatment_0024,2,5,10,candidate,2,,,0.0,,3.0,0.0040140259119138925,1.0000 0.0000
histfill,sentinel1,treatment_0024,treatment,treatment_0024,2,5,10,candidate,2,,,0.0,,4.0,0.0040140259119138925,1.0000 0.0000
histfill,sentinel1,treatment_0025,treatment,treatment_0025,2,5,10,path,1,1.0,0.0035390271199311116,inf,True,,,
histfill,sentinel1,treatment_0025,treatment,treatment_0025,2,5,10,path,2,2.0,0.0035390271199311116,0.0,False,,,
histfill,sentinel1,treatment_0025,treatment,treatment_0025,2,5,10,candidate,1,,,,,1.0,0.0035390271199311116,1.0000
histfill,sentinel1,treatment_0025,treatment,treatment_0025,2,5,10,candidate,1,,,,,2.0,0.007869732551922734,1.0000
histfill,sentinel1,treatment_0025,treatment,treatment_0025,2,5,10,candidate,1,,,,,3.0,0.013832999402155786,1.0000
histfill,sentinel1,treatment_0025,treatment,treatment_0025,2,5,10,candidate,1,,,,,4.0,0.0213801508721024,1.0000
histfill,sentinel1,treatment_0025,treatment,treatment_0025,2,5,10,candidate,2,,,0.0,,2.0,0.0035390271199311116,1.0000 0.0000
histfill,sentinel1,treatment_0025,treatment,treatment_0025,2,5,10,candidate,2,,,0.0,,3.0,0.0035390271199311116,1.0000 0.0000
histfill,sentinel1,treatment_0025,treatment,treatment_0025,2,5,10,candidate,2,,,0.0,,4.0,0.0035390271199311116,1.0000 0.0000
histfill,sentinel1,treatment_0027,treatment,treatment_0027,2,5,10,path,1,1.0,0.0032969400590412536,inf,True,,,
histfill,sentinel1,treatment_0027,treatment,treatment_0027,2,5,10,path,2,2.0,0.0032969400590412536,0.0,False,,,
histfill,sentinel1,treatment_0027,treatment,treatment_0027,2,5,10,candidate,1,,,,,1.0,0.0032969400590412536,1.0000
histfill,sentinel1,treatment_0027,treatment,treatment_0027,2,5,10,candidate,1,,,,,2.0,0.006957124579259749,1.0000
histfill,sentinel1,treatment_0027,treatment,treatment_0027,2,5,10,candidate,1,,,,,3.0,0.011649835172213099,1.0000
histfill,sentinel1,treatment_0027,treatment,treatment_0027,2,5,10,candidate,1,,,,,4.0,0.017242719168955655,1.0000
histfill,sentinel1,treatment_0027,treatment,treatment_0027,2,5,10,candidate,2,,,0.0,,2.0,0.0032969400590412536,1.0000 0.0000
histfill,sentinel1,treatment_0027,treatment,treatment_0027,2,5,10,candidate,2,,,0.0,,3.0,0.0032969400590412536,1.0000 0.0000
histfill,sentinel1,treatment_0027,treatment,treatment_0027,2,5,10,candidate,2,,,0.0,,4.0,0.0032969400590412536,1.0000 0.0000
histfill,sentinel1,treatment_0015,treatment,treatment_0015,2,6,10,path,1,1.0,0.0039597348190085575,inf,True,,,
histfill,sentinel1,treatment_0015,treatment,treatment_0015,2,6,10,path,2,2.0,0.0039597348190085575,0.0,False,,,
histfill,sentinel1,treatment_0015,treatment,treatment_0015,2,6,10,candidate,1,,,,,1.0,0.0039597348190085575,1.0000
histfill,sentinel1,treatment_0015,treatment,treatment_0015,2,6,10,candidate,1,,,,,2.0,0.008753181346372022,1.0000
histfill,sentinel1,treatment_0015,treatment,treatment_0015,2,6,10,candidate,1,,,,,3.0,0.015309997583669178,1.0000
histfill,sentinel1,treatment_0015,treatment,treatment_0015,2,6,10,candidate,2,,,0.0,,2.0,0.0039597348190085575,1.0000 0.0000
histfill,sentinel1,treatment_0015,treatment,treatment_0015,2,6,10,candidate,2,,,0.0,,3.0,0.0039597348190085575,1.0000 0.0000
histfill,sentinel1,treatment_0016,treatment,treatment_0016,2,6,10,path,1,1.0,0.004906265475451185,inf,True,,,
histfill,sentinel1,treatment_0016,treatment,treatment_0016,2,6,10,path,2,2.0,0.004906265475451185,0.0,False,,,
histfill,sentinel1,treatment_0016,treatment,treatment_0016,2,6,10,candidate,1,,,,,1.0,0.004906265475451185,1.0000
histfill,sentinel1,treatment_0016,treatment,treatment_0016,2,6,10,candidate,1,,,,,2.0,0.010553478411997955,1.0000
histfill,sentinel1,treatment_0016,treatment,treatment_0016,2,6,10,candidate,1,,,,,3.0,0.01803054018547236,1.0000
histfill,sentinel1,treatment_0016,treatment,treatment_0016,2,6,10,candidate,2,,,0.0,,2.0,0.004906265475451185,1.0000 0.0000
histfill,sentinel1,treatment_0016,treatment,treatment_0016,2,6,10,candidate,2,,,0.0,,3.0,0.004906265475451185,1.0000 0.0000
histfill,sentinel1,treatment_0017,treatment,treatment_0017,2,6,10,path,1,1.0,0.0038837037926926572,inf,True,,,
histfill,sentinel1,treatment_0017,treatment,treatment_0017,2,6,10,path,2,2.0,0.0038837037926926572,0.0,False,,,
histfill,sentinel1,treatment_0017,treatment,treatment_0017,2,6,10,candidate,1,,,,,1.0,0.0038837037926926572,1.0000
histfill,sentinel1,treatment_0017,treatment,treatment_0017,2,6,10,candidate,1,,,,,2.0,0.008483122912564063,1.0000
histfill,sentinel1,treatment_0017,treatment,treatment_0017,2,6,10,candidate,1,,,,,3.0,0.014675657275612609,1.0000
histfill,sentinel1,treatment_0017,treatment,treatment_0017,2,6,10,candidate,2,,,0.0,,2.0,0.0038837037926926572,1.0000 0.0000
histfill,sentinel1,treatment_0017,treatment,treatment_0017,2,6,10,candidate,2,,,0.0,,3.0,0.0038837037926926572,1.0000 0.0000
histfill,sentinel1,treatment_0018,treatment,treatment_0018,2,6,10,path,1,1.0,0.0037698880774216176,inf,True,,,
histfill,sentinel1,treatment_0018,treatment,treatment_0018,2,6,10,path,2,2.0,0.0037698880774216176,0.0,False,,,
histfill,sentinel1,treatment_0018,treatment,treatment_0018,2,6,10,candidate,1,,,,,1.0,0.0037698880774216176,1.0000
histfill,sentinel1,treatment_0018,treatment,treatment_0018,2,6,10,candidate,1,,,,,2.0,0.008319945596291674,1.0000
histfill,sentinel1,treatment_0018,treatment,treatment_0018,2,6,10,candidate,1,,,,,3.0,0.014519295733137193,1.0000
histfill,sentinel1,treatment_0018,treatment,treatment_0018,2,6,10,candidate,2,,,0.0,,2.0,0.0037698880774216176,1.0000 0.0000
histfill,sentinel1,treatment_0018,treatment,treatment_0018,2,6,10,candidate,2,,,0.0,,3.0,0.0037698880774216176,1.0000 0.0000
histfill,sentinel1,treatment_0019,treatment,treatment_0019,2,6,10,path,1,1.0,0.003610295668798525,inf,True,,,
histfill,sentinel1,treatment_0019,treatment,treatment_0019,2,6,10,path,2,2.0,0.003610295668798525,0.0,False,,,
histfill,sentinel1,treatment_0019,treatment,treatment_0019,2,6,10,candidate,1,,,,,1.0,0.003610295668798525,1.0000
histfill,sentinel1,treatment_0019,treatment,treatment_0019,2,6,10,candidate,1,,,,,2.0,0.007936265616096548,1.0000
histfill,sentinel1,treatment_0019,treatment,treatment_0019,2,6,10,candidate,1,,,,,3.0,0.013797260707258379,1.0000
histfill,sentinel1,treatment_0019,treatment,treatment_0019,2,6,10,candidate,2,,,0.0,,2.0,0.003610295668798525,1.0000 0.0000
histfill,sentinel1,treatment_0019,treatment,treatment_0019,2,6,10,candidate,2,,,0.0,,3.0,0.003610295668798525,1.0000 0.0000
histfill,sentinel1,treatment_0020,treatment,treatment_0020,2,6,10,path,1,1.0,0.00415243245620763,inf,True,,,
histfill,sentinel1,treatment_0020,treatment,treatment_0020,2,6,10,path,2,2.0,0.00415243245620763,0.0,False,,,
histfill,sentinel1,treatment_0020,treatment,treatment_0020,2,6,10,candidate,1,,,,,1.0,0.00415243245620763,1.0000
histfill,sentinel1,treatment_0020,treatment,treatment_0020,2,6,10,candidate,1,,,,,2.0,0.009058384577841042,1.0000
histfill,sentinel1,treatment_0020,treatment,treatment_0020,2,6,10,candidate,1,,,,,3.0,0.01564616512617334,1.0000
histfill,sentinel1,treatment_0020,treatment,treatment_0020,2,6,10,candidate,2,,,0.0,,2.0,0.00415243245620763,1.0000 0.0000
histfill,sentinel1,treatment_0020,treatment,treatment_0020,2,6,10,candidate,2,,,0.0,,3.0,0.00415243245620763,1.0000 0.0000
histfill,sentinel1,treatment_0021,treatment,treatment_0021,2,6,10,path,1,1.0,0.003874178743447081,inf,True,,,
histfill,sentinel1,treatment_0021,treatment,treatment_0021,2,6,10,path,2,2.0,0.003874178743447081,0.0,False,,,
histfill,sentinel1,treatment_0021,treatment,treatment_0021,2,6,10,candidate,1,,,,,1.0,0.003874178743447081,1.0000
histfill,sentinel1,treatment_0021,treatment,treatment_0021,2,6,10,candidate,1,,,,,2.0,0.008479494911469477,1.0000
histfill,sentinel1,treatment_0021,treatment,treatment_0021,2,6,10,candidate,1,,,,,3.0,0.014712959119504342,1.0000
histfill,sentinel1,treatment_0021,treatment,treatment_0021,2,6,10,candidate,2,,,0.0,,2.0,0.003874178743447081,1.0000 0.0000
histfill,sentinel1,treatment_0021,treatment,treatment_0021,2,6,10,candidate,2,,,0.0,,3.0,0.003874178743447081,1.0000 0.0000
histfill,sentinel1,treatment_0022,treatment,treatment_0022,2,6,10,path,1,1.0,0.0038425333417621793,inf,True,,,
histfill,sentinel1,treatment_0022,treatment,treatment_0022,2,6,10,path,2,2.0,0.0038425333417621793,0.0,False,,,
histfill,sentinel1,treatment_0022,treatment,treatment_0022,2,6,10,candidate,1,,,,,1.0,0.0038425333417621793,1.0000
histfill,sentinel1,treatment_0022,treatment,treatment_0022,2,6,10,candidate,1,,,,,2.0,0.008363472830396748,1.0000
histfill,sentinel1,treatment_0022,treatment,treatment_0022,2,6,10,candidate,1,,,,,3.0,0.014429532150627747,1.0000
histfill,sentinel1,treatment_0022,treatment,treatment_0022,2,6,10,candidate,2,,,0.0,,2.0,0.0038425333417621793,1.0000 0.0000
histfill,sentinel1,treatment_0022,treatment,treatment_0022,2,6,10,candidate,2,,,0.0,,3.0,0.0038425333417621793,1.0000 0.0000
histfill,sentinel1,treatment_0023,treatment,treatment_0023,2,6,10,path,1,1.0,0.003586421085809882,inf,True,,,
histfill,sentinel1,treatment_0023,treatment,treatment_0023,2,6,10,path,2,2.0,0.003586421085809882,0.0,False,,,
histfill,sentinel1,treatment_0023,treatment,treatment_0023,2,6,10,candidate,1,,,,,1.0,0.003586421085809882,1.0000
histfill,sentinel1,treatment_0023,treatment,treatment_0023,2,6,10,candidate,1,,,,,2.0,0.008048139363625256,1.0000
histfill,sentinel1,treatment_0023,treatment,treatment_0023,2,6,10,candidate,1,,,,,3.0,0.014270193441473837,1.0000
histfill,sentinel1,treatment_0023,treatment,treatment_0023,2,6,10,candidate,2,,,0.0,,2.0,0.003586421085809882,1.0000 0.0000
histfill,sentinel1,treatment_0023,treatment,treatment_0023,2,6,10,candidate,2,,,0.0,,3.0,0.003586421085809882,1.0000 0.0000
histfill,sentinel1,treatment_0024,treatment,treatment_0024,2,6,10,path,1,1.0,0.00397068470561359,inf,True,,,
histfill,sentinel1,treatment_0024,treatment,treatment_0024,2,6,10,path,2,2.0,0.00397068470561359,0.0,False,,,
histfill,sentinel1,treatment_0024,treatment,treatment_0024,2,6,10,candidate,1,,,,,1.0,0.00397068470561359,1.0000
histfill,sentinel1,treatment_0024,treatment,treatment_0024,2,6,10,candidate,1,,,,,2.0,0.008831736102270407,1.0000
histfill,sentinel1,treatment_0024,treatment,treatment_0024,2,6,10,candidate,1,,,,,3.0,0.015526591419689394,1.0000
histfill,sentinel1,treatment_0024,treatment,treatment_0024,2,6,10,candidate,2,,,0.0,,2.0,0.00397068470561359,1.0000 0.0000
histfill,sentinel1,treatment_0024,treatment,treatment_0024,2,6,10,candidate,2,,,0.0,,3.0,0.00397068470561359,1.0000 0.0000
histfill,sentinel1,treatment_0025,treatment,treatment_0025,2,6,10,path,1,1.0,0.0035017994838108055,inf,True,,,
histfill,sentinel1,treatment_0025,treatment,treatment_0025,2,6,10,path,2,2.0,0.0035017994838108055,0.0,False,,,
histfill,sentinel1,treatment_0025,treatment,treatment_0025,2,6,10,candidate,1,,,,,1.0,0.0035017994838108055,1.0000
histfill,sentinel1,treatment_0025,treatment,treatment_0025,2,6,10,candidate,1,,,,,2.0,0.007790717156554738,1.0000
histfill,sentinel1,treatment_0025,treatment,treatment_0025,2,6,10,candidate,1,,,,,3.0,0.0137010564313725,1.0000
histfill,sentinel1,treatment_0025,treatment,treatment_0025,2,6,10,candidate,2,,,0.0,,2.0,0.0035017994838108055,1.0000 0.0000
histfill,sentinel1,treatment_0025,treatment,treatment_0025,2,6,10,candidate,2,,,0.0,,3.0,0.0035017994838108055,1.0000 0.0000
histfill,sentinel1,treatment_0027,treatment,treatment_0027,2,6,10,path,1,1.0,0.0031441315940568533,inf,True,,,
histfill,sentinel1,treatment_0027,treatment,treatment_0027,2,6,10,path,2,2.0,0.0031441315940568533,0.0,False,,,
histfill,sentinel1,treatment_0027,treatment,treatment_0027,2,6,10,candidate,1,,,,,1.0,0.0031441315940568533,1.0000
histfill,sentinel1,treatment_0027,treatment,treatment_0027,2,6,10,candidate,1,,,,,2.0,0.00667380092426899,1.0000
histfill,sentinel1,treatment_0027,treatment,treatment_0027,2,6,10,candidate,1,,,,,3.0,0.011257089988196307,1.0000
histfill,sentinel1,treatment_0027,treatment,treatment_0027,2,6,10,candidate,2,,,0.0,,2.0,0.0031441315940568533,1.0000 0.0000
histfill,sentinel1,treatment_0027,treatment,treatment_0027,2,6,10,candidate,2,,,0.0,,3.0,0.0031441315940568533,1.0000 0.0000
histfill,sentinel1,treatment_0015,treatment,treatment_0015,2,7,10,path,1,1.0,0.003905634003230502,inf,True,,,
histfill,sentinel1,treatment_0015,treatment,treatment_0015,2,7,10,path,2,2.0,0.003905634003230502,0.0,False,,,
histfill,sentinel1,treatment_0015,treatment,treatment_0015,2,7,10,candidate,1,,,,,1.0,0.003905634003230502,1.0000
histfill,sentinel1,treatment_0015,treatment,treatment_0015,2,7,10,candidate,1,,,,,2.0,0.008647288577041827,1.0000
histfill,sentinel1,treatment_0015,treatment,treatment_0015,2,7,10,candidate,2,,,0.0,,2.0,0.003905634003230502,1.0000 0.0000
histfill,sentinel1,treatment_0016,treatment,treatment_0016,2,7,10,path,1,1.0,0.004777330021923284,inf,True,,,
histfill,sentinel1,treatment_0016,treatment,treatment_0016,2,7,10,path,2,2.0,0.004777330021923284,0.0,False,,,
histfill,sentinel1,treatment_0016,treatment,treatment_0016,2,7,10,candidate,1,,,,,1.0,0.004777330021923284,1.0000
histfill,sentinel1,treatment_0016,treatment,treatment_0016,2,7,10,candidate,1,,,,,2.0,0.01035071095218339,1.0000
histfill,sentinel1,treatment_0016,treatment,treatment_0016,2,7,10,candidate,2,,,0.0,,2.0,0.004777330021923284,1.0000 0.0000
histfill,sentinel1,treatment_0017,treatment,treatment_0017,2,7,10,path,1,1.0,0.003800540257450798,inf,True,,,
histfill,sentinel1,treatment_0017,treatment,treatment_0017,2,7,10,path,2,2.0,0.003800540257450798,0.0,False,,,
histfill,sentinel1,treatment_0017,treatment,treatment_0017,2,7,10,candidate,1,,,,,1.0,0.003800540257450798,1.0000
histfill,sentinel1,treatment_0017,treatment,treatment_0017,2,7,10,candidate,1,,,,,2.0,0.008326990970677874,1.0000
histfill,sentinel1,treatment_0017,treatment,treatment_0017,2,7,10,candidate,2,,,0.0,,2.0,0.003800540257450798,1.0000 0.0000
histfill,sentinel1,treatment_0018,treatment,treatment_0018,2,7,10,path,1,1.0,0.0037088075586237785,inf,True,,,
histfill,sentinel1,treatment_0018,treatment,treatment_0018,2,7,10,path,2,2.0,0.0037088075586237785,0.0,False,,,
histfill,sentinel1,treatment_0018,treatment,treatment_0018,2,7,10,candidate,1,,,,,1.0,0.0037088075586237785,1.0000
histfill,sentinel1,treatment_0018,treatment,treatment_0018,2,7,10,candidate,1,,,,,2.0,0.008193349993560924,1.0000
histfill,sentinel1,treatment_0018,treatment,treatment_0018,2,7,10,candidate,2,,,0.0,,2.0,0.0037088075586237785,1.0000 0.0000
histfill,sentinel1,treatment_0019,treatment,treatment_0019,2,7,10,path,1,1.0,0.0035398633693941215,inf,True,,,
histfill,sentinel1,treatment_0019,treatment,treatment_0019,2,7,10,path,2,2.0,0.0035398633693941215,0.0,False,,,
histfill,sentinel1,treatment_0019,treatment,treatment_0019,2,7,10,candidate,1,,,,,1.0,0.0035398633693941215,1.0000
histfill,sentinel1,treatment_0019,treatment,treatment_0019,2,7,10,candidate,1,,,,,2.0,0.007790452002402036,1.0000
histfill,sentinel1,treatment_0019,treatment,treatment_0019,2,7,10,candidate,2,,,0.0,,2.0,0.0035398633693941215,1.0000 0.0000
histfill,sentinel1,treatment_0020,treatment,treatment_0020,2,7,10,path,1,1.0,0.004056946544832515,inf,True,,,
histfill,sentinel1,treatment_0020,treatment,treatment_0020,2,7,10,path,2,2.0,0.004056946544832515,0.0,False,,,
histfill,sentinel1,treatment_0020,treatment,treatment_0020,2,7,10,candidate,1,,,,,1.0,0.004056946544832515,1.0000
histfill,sentinel1,treatment_0020,treatment,treatment_0020,2,7,10,candidate,1,,,,,2.0,0.008874764648204934,1.0000
histfill,sentinel1,treatment_0020,treatment,treatment_0020,2,7,10,candidate,2,,,0.0,,2.0,0.004056946544832515,1.0000 0.0000
histfill,sentinel1,treatment_0021,treatment,treatment_0021,2,7,10,path,1,1.0,0.0038036710903882826,inf,True,,,
histfill,sentinel1,treatment_0021,treatment,treatment_0021,2,7,10,path,2,2.0,0.0038036710903882826,0.0,False,,,
histfill,sentinel1,treatment_0021,treatment,treatment_0021,2,7,10,candidate,1,,,,,1.0,0.0038036710903882826,1.0000
histfill,sentinel1,treatment_0021,treatment,treatment_0021,2,7,10,candidate,1,,,,,2.0,0.008357478683106677,1.0000
histfill,sentinel1,treatment_0021,treatment,treatment_0021,2,7,10,candidate,2,,,0.0,,2.0,0.0038036710903882826,1.0000 0.0000
histfill,sentinel1,treatment_0022,treatment,treatment_0022,2,7,10,path,1,1.0,0.003752102451230778,inf,True,,,
histfill,sentinel1,treatment_0022,treatment,treatment_0022,2,7,10,path,2,2.0,0.003752102451230778,0.0,False,,,
histfill,sentinel1,treatment_0022,treatment,treatment_0022,2,7,10,candidate,1,,,,,1.0,0.003752102451230778,1.0000
histfill,sentinel1,treatment_0022,treatment,treatment_0022,2,7,10,candidate,1,,,,,2.0,0.008197007941087875,1.0000
histfill,sentinel1,treatment_0022,treatment,treatment_0022,2,7,10,candidate,2,,,0.0,,2.0,0.003752102451230778,1.0000 0.0000
histfill,sentinel1,treatment_0023,treatment,treatment_0023,2,7,10,path,1,1.0,0.0035771745374957357,inf,True,,,
histfill,sentinel1,treatment_0023,treatment,treatment_0023,2,7,10,path,2,2.0,0.0035771745374957357,0.0,False,,,
histfill,sentinel1,treatment_0023,treatment,treatment_0023,2,7,10,candidate,1,,,,,1.0,0.0035771745374957357,1.0000
histfill,sentinel1,treatment_0023,treatment,treatment_0023,2,7,10,candidate,1,,,,,2.0,0.008027525981840292,1.0000
histfill,sentinel1,treatment_0023,treatment,treatment_0023,2,7,10,candidate,2,,,0.0,,2.0,0.0035771745374957357,1.0000 0.0000
histfill,sentinel1,treatment_0024,treatment,treatment_0024,2,7,10,path,1,1.0,0.00393014382692048,inf,True,,,
histfill,sentinel1,treatment_0024,treatment,treatment_0024,2,7,10,path,2,2.0,0.00393014382692048,0.0,False,,,
histfill,sentinel1,treatment_0024,treatment,treatment_0024,2,7,10,candidate,1,,,,,1.0,0.00393014382692048,1.0000
histfill,sentinel1,treatment_0024,treatment,treatment_0024,2,7,10,candidate,1,,,,,2.0,0.008745290295945214,1.0000
histfill,sentinel1,treatment_0024,treatment,treatment_0024,2,7,10,candidate,2,,,0.0,,2.0,0.00393014382692048,1.0000 0.0000
histfill,sentinel1,treatment_0025,treatment,treatment_0025,2,7,10,path,1,1.0,0.003467401196760477,inf,True,,,
histfill,sentinel1,treatment_0025,treatment,treatment_0025,2,7,10,path,2,2.0,0.003467401196760477,0.0,False,,,
histfill,sentinel1,treatment_0025,treatment,treatment_0025,2,7,10,candidate,1,,,,,1.0,0.003467401196760477,1.0000
histfill,sentinel1,treatment_0025,treatment,treatment_0025,2,7,10,candidate,1,,,,,2.0,0.007718132667768216,1.0000
histfill,sentinel1,treatment_0025,treatment,treatment_0025,2,7,10,candidate,2,,,0.0,,2.0,0.003467401196760477,1.0000 0.0000
histfill,sentinel1,treatment_0027,treatment,treatment_0027,2,7,10,path,1,1.0,0.003027536406088953,inf,True,,,
histfill,sentinel1,treatment_0027,treatment,treatment_0027,2,7,10,path,2,2.0,0.003027536406088953,0.0,False,,,
histfill,sentinel1,treatment_0027,treatment,treatment_0027,2,7,10,candidate,1,,,,,1.0,0.003027536406088953,1.0000
histfill,sentinel1,treatment_0027,treatment,treatment_0027,2,7,10,candidate,1,,,,,2.0,0.0064748416204762444,1.0000
histfill,sentinel1,treatment_0027,treatment,treatment_0027,2,7,10,candidate,2,,,0.0,,2.0,0.003027536406088953,1.0000 0.0000
histfill,sentinel1,treatment_0015,treatment,treatment_0015,2,8,10,path,1,1.0,0.0038610669075864533,inf,True,,,
histfill,sentinel1,treatment_0015,treatment,treatment_0015,2,8,10,candidate,1,,,,,1.0,0.0038610669075864533,1.0000
histfill,sentinel1,treatment_0016,treatment,treatment_0016,2,8,10,path,1,1.0,0.004702078117187657,inf,True,,,
histfill,sentinel1,treatment_0016,treatment,treatment_0016,2,8,10,candidate,1,,,,,1.0,0.004702078117187657,1.0000
histfill,sentinel1,treatment_0017,treatment,treatment_0017,2,8,10,path,1,1.0,0.0037363163365087427,inf,True,,,
histfill,sentinel1,treatment_0017,treatment,treatment_0017,2,8,10,candidate,1,,,,,1.0,0.0037363163365087427,1.0000
histfill,sentinel1,treatment_0018,treatment,treatment_0018,2,8,10,path,1,1.0,0.0036542818170584848,inf,True,,,
histfill,sentinel1,treatment_0018,treatment,treatment_0018,2,8,10,candidate,1,,,,,1.0,0.0036542818170584848,1.0000
histfill,sentinel1,treatment_0019,treatment,treatment_0019,2,8,10,path,1,1.0,0.0034770467507468238,inf,True,,,
histfill,sentinel1,treatment_0019,treatment,treatment_0019,2,8,10,candidate,1,,,,,1.0,0.0034770467507468238,1.0000
histfill,sentinel1,treatment_0020,treatment,treatment_0020,2,8,10,path,1,1.0,0.0039805425987062,inf,True,,,
histfill,sentinel1,treatment_0020,treatment,treatment_0020,2,8,10,candidate,1,,,,,1.0,0.0039805425987062,1.0000
histfill,sentinel1,treatment_0021,treatment,treatment_0021,2,8,10,path,1,1.0,0.0037553899634500242,inf,True,,,
histfill,sentinel1,treatment_0021,treatment,treatment_0021,2,8,10,candidate,1,,,,,1.0,0.0037553899634500242,1.0000
histfill,sentinel1,treatment_0022,treatment,treatment_0022,2,8,10,path,1,1.0,0.0036839836673983255,inf,True,,,
histfill,sentinel1,treatment_0022,treatment,treatment_0022,2,8,10,candidate,1,,,,,1.0,0.0036839836673983255,1.0000
histfill,sentinel1,treatment_0023,treatment,treatment_0023,2,8,10,path,1,1.0,0.0035680418508919507,inf,True,,,
histfill,sentinel1,treatment_0023,treatment,treatment_0023,2,8,10,candidate,1,,,,,1.0,0.0035680418508919507,1.0000
histfill,sentinel1,treatment_0024,treatment,treatment_0024,2,8,10,path,1,1.0,0.0038924600471678147,inf,True,,,
histfill,sentinel1,treatment_0024,treatment,treatment_0024,2,8,10,candidate,1,,,,,1.0,0.0038924600471678147,1.0000
histfill,sentinel1,treatment_0025,treatment,treatment_0025,2,8,10,path,1,1.0,0.003435878694513464,inf,True,,,
histfill,sentinel1,treatment_0025,treatment,treatment_0025,2,8,10,candidate,1,,,,,1.0,0.003435878694513464,1.0000
histfill,sentinel1,treatment_0027,treatment,treatment_0027,2,8,10,path,1,1.0,0.002949435393998144,inf,True,,,
histfill,sentinel1,treatment_0027,treatment,treatment_0027,2,8,10,candidate,1,,,,,1.0,0.002949435393998144,1.0000
histfill,sentinel1,treatment_0015,treatment,treatment_0015,3,2,10,path,1,1.0,0.009383672052006003,inf,True,,,
histfill,sentinel1,treatment_0015,treatment,treatment_0015,3,2,10,path,2,2.0,0.009383672052006003,0.0,False,,,
histfill,sentinel1,treatment_0015,treatment,treatment_0015,3,2,10,candidate,1,,,,,1.0,0.009383672052006003,1.0000
histfill,sentinel1,treatment_0015,treatment,treatment_0015,3,2,10,candidate,1,,,,,2.0,0.016322255384938433,1.0000
histfill,sentinel1,treatment_0015,treatment,treatment_0015,3,2,10,candidate,1,,,,,3.0,0.02498087726379964,1.0000
histfill,sentinel1,treatment_0015,treatment,treatment_0015,3,2,10,candidate,1,,,,,4.0,0.03527759705901182,1.0000
histfill,sentinel1,treatment_0015,treatment,treatment_0015,3,2,10,candidate,1,,,,,5.0,0.04715096834324501,1.0000
histfill,sentinel1,treatment_0015,treatment,treatment_0015,3,2,10,candidate,1,,,,,6.0,0.06056110244963151,1.0000
histfill,sentinel1,treatment_0015,treatment,treatment_0015,3,2,10,candidate,2,,,0.0,,2.0,0.009383672052006003,1.0000 0.0000
histfill,sentinel1,treatment_0015,treatment,treatment_0015,3,2,10,candidate,2,,,0.0,,3.0,0.009383672052006003,1.0000 0.0000
histfill,sentinel1,treatment_0015,treatment,treatment_0015,3,2,10,candidate,2,,,0.0,,4.0,0.009383672052006003,1.0000 0.0000
histfill,sentinel1,treatment_0015,treatment,treatment_0015,3,2,10,candidate,2,,,0.0,,5.0,0.009383672052006003,1.0000 0.0000
histfill,sentinel1,treatment_0015,treatment,treatment_0015,3,2,10,candidate,2,,,0.0,,6.0,0.009383672052006003,1.0000 0.0000
histfill,sentinel1,treatment_0016,treatment,treatment_0016,3,2,10,path,1,1.0,0.012457537368207146,inf,True,,,
histfill,sentinel1,treatment_0016,treatment,treatment_0016,3,2,10,path,2,2.0,0.012457537368207146,0.0,False,,,
histfill,sentinel1,treatment_0016,treatment,treatment_0016,3,2,10,candidate,1,,,,,1.0,0.012457537368207146,1.0000
histfill,sentinel1,treatment_0016,treatment,treatment_0016,3,2,10,candidate,1,,,,,2.0,0.020849565305806065,1.0000
histfill,sentinel1,treatment_0016,treatment,treatment_0016,3,2,10,candidate,1,,,,,3.0,0.030734214043221162,1.0000
histfill,sentinel1,treatment_0016,treatment,treatment_0016,3,2,10,candidate,1,,,,,4.0,0.04187669189298471,1.0000
histfill,sentinel1,treatment_0016,treatment,treatment_0016,3,2,10,candidate,1,,,,,5.0,0.054151966691090174,1.0000
histfill,sentinel1,treatment_0016,treatment,treatment_0016,3,2,10,candidate,1,,,,,6.0,0.06756272341317793,1.0000
histfill,sentinel1,treatment_0016,treatment,treatment_0016,3,2,10,candidate,2,,,0.0,,2.0,0.012457537368207146,1.0000 0.0000
histfill,sentinel1,treatment_0016,treatment,treatment_0016,3,2,10,candidate,2,,,0.0,,3.0,0.012457537368207146,1.0000 0.0000
histfill,sentinel1,treatment_0016,treatment,treatment_0016,3,2,10,candidate,2,,,0.0,,4.0,0.012457537368207146,1.0000 0.0000
histfill,sentinel1,treatment_0016,treatment,treatment_0016,3,2,10,candidate,2,,,0.0,,5.0,0.012457537368207146,1.0000 0.0000
histfill,sentinel1,treatment_0016,treatment,treatment_0016,3,2,10,candidate,2,,,0.0,,6.0,0.012457537368207146,1.0000 0.0000
histfill,sentinel1,treatment_0017,treatment,treatment_0017,3,2,10,path,1,1.0,0.009503059330219337,inf,True,,,
histfill,sentinel1,treatment_0017,treatment,treatment_0017,3,2,10,path,2,2.0,0.009503059330219337,0.0,False,,,
histfill,sentinel1,treatment_0017,treatment,treatment_0017,3,2,10,candidate,1,,,,,1.0,0.009503059330219337,1.0000
histfill,sentinel1,treatment_0017,treatment,treatment_0017,3,2,10,candidate,1,,,,,2.0,0.01628459894897531,1.0000
histfill,sentinel1,treatment_0017,treatment,treatment_0017,3,2,10,candidate,1,,,,,3.0,0.02455969402890934,1.0000
histfill,sentinel1,treatment_0017,treatment,treatment_0017,3,2,10,candidate,1,,,,,4.0,0.03419284089967107,1.0000
histfill,sentinel1,treatment_0017,treatment,treatment_0017,3,2,10,candidate,1,,,,,5.0,0.04508796755030081,1.0000
histfill,sentinel1,treatment_0017,treatment,treatment_0017,3,2,10,candidate,1,,,,,6.0,0.0571928551840777,1.0000
histfill,sentinel1,treatment_0017,treatment,treatment_0017,3,2,10,candidate,2,,,0.0,,2.0,0.009503059330219337,1.0000 0.0000
histfill,sentinel1,treatment_0017,treatment,treatment_0017,3,2,10,candidate,2,,,0.0,,3.0,0.009503059330219337,1.0000 0.0000
histfill,sentinel1,treatment_0017,treatment,treatment_0017,3,2,10,candidate,2,,,0.0,,4.0,0.009503059330219337,1.0000 0.0000
histfill,sentinel1,treatment_0017,treatment,treatment_0017,3,2,10,candidate,2,,,0.0,,5.0,0.009503059330219337,1.0000 0.0000
histfill,sentinel1,treatment_0017,treatment,treatment_0017,3,2,10,candidate,2,,,0.0,,6.0,0.009503059330219337,1.0000 0.0000
histfill,sentinel1,treatment_0018,treatment,treatment_0018,3,2,10,path,1,1.0,0.008966924730040073,inf,True,,,
histfill,sentinel1,treatment_0018,treatment,treatment_0018,3,2,10,path,2,2.0,0.008966924730040073,0.0,False,,,
histfill,sentinel1,treatment_0018,treatment,treatment_0018,3,2,10,candidate,1,,,,,1.0,0.008966924730040073,1.0000
histfill,sentinel1,treatment_0018,treatment,treatment_0018,3,2,10,candidate,1,,,,,2.0,0.015596106079397152,1.0000
histfill,sentinel1,treatment_0018,treatment,treatment_0018,3,2,10,candidate,1,,,,,3.0,0.02385416630233985,1.0000
histfill,sentinel1,treatment_0018,treatment,treatment_0018,3,2,10,candidate,1,,,,,4.0,0.033644939486302566,1.0000
histfill,sentinel1,treatment_0018,treatment,treatment_0018,3,2,10,candidate,1,,,,,5.0,0.04488565020955226,1.0000
histfill,sentinel1,treatment_0018,treatment,treatment_0018,3,2,10,candidate,1,,,,,6.0,0.057507859916265724,1.0000
histfill,sentinel1,treatment_0018,treatment,treatment_0018,3,2,10,candidate,2,,,0.0,,2.0,0.008966924730040073,1.0000 0.0000
histfill,sentinel1,treatment_0018,treatment,treatment_0018,3,2,10,candidate,2,,,0.0,,3.0,0.008966924730040073,1.0000 0.0000
histfill,sentinel1,treatment_0018,treatment,treatment_0018,3,2,10,candidate,2,,,0.0,,4.0,0.008966924730040073,1.0000 0.0000
histfill,sentinel1,treatment_0018,treatment,treatment_0018,3,2,10,candidate,2,,,0.0,,5.0,0.008966924730040073,1.0000 0.0000
histfill,sentinel1,treatment_0018,treatment,treatment_0018,3,2,10,candidate,2,,,0.0,,6.0,0.008966924730040073,1.0000 0.0000
histfill,sentinel1,treatment_0019,treatment,treatment_0019,3,2,10,path,1,1.0,0.008684854575178856,inf,True,,,
histfill,sentinel1,treatment_0019,treatment,treatment_0019,3,2,10,path,2,2.0,0.008684854575178856,0.0,False,,,
histfill,sentinel1,treatment_0019,treatment,treatment_0019,3,2,10,candidate,1,,,,,1.0,0.008684854575178856,1.0000
histfill,sentinel1,treatment_0019,treatment,treatment_0019,3,2,10,candidate,1,,,,,2.0,0.015041198860616245,1.0000
histfill,sentinel1,treatment_0019,treatment,treatment_0019,3,2,10,candidate,1,,,,,3.0,0.02290987975011816,1.0000
histfill,sentinel1,treatment_0019,treatment,treatment_0019,3,2,10,candidate,1,,,,,4.0,0.0321826616539017,1.0000
histfill,sentinel1,treatment_0019,treatment,treatment_0019,3,2,10,candidate,1,,,,,5.0,0.04276732856300778,1.0000
histfill,sentinel1,treatment_0019,treatment,treatment_0019,3,2,10,candidate,1,,,,,6.0,0.054588549920296575,1.0000
histfill,sentinel1,treatment_0019,treatment,treatment_0019,3,2,10,candidate,2,,,0.0,,2.0,0.008684854575178856,1.0000 0.0000
histfill,sentinel1,treatment_0019,treatment,treatment_0019,3,2,10,candidate,2,,,0.0,,3.0,0.008684854575178856,1.0000 0.0000
histfill,sentinel1,treatment_0019,treatment,treatment_0019,3,2,10,candidate,2,,,0.0,,4.0,0.008684854575178856,1.0000 0.0000
histfill,sentinel1,treatment_0019,treatment,treatment_0019,3,2,10,candidate,2,,,0.0,,5.0,0.008684854575178856,1.0000 0.0000
histfill,sentinel1,treatment_0019,treatment,treatment_0019,3,2,10,candidate,2,,,0.0,,6.0,0.008684854575178856,1.0000 0.0000
histfill,sentinel1,treatment_0020,treatment,treatment_0020,3,2,10,path,1,1.0,0.010190314447936118,inf,True,,,
histfill,sentinel1,treatment_0020,treatment,treatment_0020,3,2,10,path,2,2.0,0.010190314447936118,0.0,False,,,
histfill,sentinel1,treatment_0020,treatment,treatment_0020,3,2,10,candidate,1,,,,,1.0,0.010190314447936118,1.0000
histfill,sentinel1,treatment_0020,treatment,treatment_0020,3,2,10,candidate,1,,,,,2.0,0.017452422191562657,1.0000
histfill,sentinel1,treatment_0020,treatment,treatment_0020,3,2,10,candidate,1,,,,,3.0,0.026300858365689735,1.0000
histfill,sentinel1,treatment_0020,treatment,treatment_0020,3,2,10,candidate,1,,,,,4.0,0.036579657641228544,1.0000
histfill,sentinel1,treatment_0020,treatment,treatment_0020,3,2,10,candidate,1,,,,,5.0,0.04817153667146258,1.0000
histfill,sentinel1,treatment_0020,treatment,treatment_0020,3,2,10,candidate,1,,,,,6.0,0.061002675353040464,1.0000
histfill,sentinel1,treatment_0020,treatment,treatment_0020,3,2,10,candidate,2,,,0.0,,2.0,0.010190314447936118,1.0000 0.0000
histfill,sentinel1,treatment_0020,treatment,treatment_0020,3,2,10,candidate,2,,,0.0,,3.0,0.010190314447936118,1.0000 0.0000
histfill,sentinel1,treatment_0020,treatment,treatment_0020,3,2,10,candidate,2,,,0.0,,4.0,0.010190314447936118,1.0000 0.0000
histfill,sentinel1,treatment_0020,treatment,treatment_0020,3,2,10,candidate,2,,,0.0,,5.0,0.010190314447936118,1.0000 0.0000
histfill,sentinel1,treatment_0020,treatment,treatment_0020,3,2,10,candidate,2,,,0.0,,6.0,0.010190314447936118,1.0000 0.0000
histfill,sentinel1,treatment_0021,treatment,treatment_0021,3,2,10,path,1,1.0,0.009438568580196528,inf,True,,,
histfill,sentinel1,treatment_0021,treatment,treatment_0021,3,2,10,path,2,2.0,0.009438568580196528,0.0,False,,,
histfill,sentinel1,treatment_0021,treatment,treatment_0021,3,2,10,candidate,1,,,,,1.0,0.009438568580196528,1.0000
histfill,sentinel1,treatment_0021,treatment,treatment_0021,3,2,10,candidate,1,,,,,2.0,0.01617204212335984,1.0000
histfill,sentinel1,treatment_0021,treatment,treatment_0021,3,2,10,candidate,1,,,,,3.0,0.024407331055769133,1.0000
histfill,sentinel1,treatment_0021,treatment,treatment_0021,3,2,10,candidate,1,,,,,4.0,0.03403501937775179,1.0000
histfill,sentinel1,treatment_0021,treatment,treatment_0021,3,2,10,candidate,1,,,,,5.0,0.044993290223242485,1.0000
histfill,sentinel1,treatment_0021,treatment,treatment_0021,3,2,10,candidate,1,,,,,6.0,0.05727232455465449,1.0000
histfill,sentinel1,treatment_0021,treatment,treatment_0021,3,2,10,candidate,2,,,0.0,,2.0,0.009438568580196528,1.0000 0.0000
histfill,sentinel1,treatment_0021,treatment,treatment_0021,3,2,10,candidate,2,,,0.0,,3.0,0.009438568580196528,1.0000 0.0000
histfill,sentinel1,treatment_0021,treatment,treatment_0021,3,2,10,candidate,2,,,0.0,,4.0,0.009438568580196528,1.0000 0.0000
histfill,sentinel1,treatment_0021,treatment,treatment_0021,3,2,10,candidate,2,,,0.0,,5.0,0.009438568580196528,1.0000 0.0000
histfill,sentinel1,treatment_0021,treatment,treatment_0021,3,2,10,candidate,2,,,0.0,,6.0,0.009438568580196528,1.0000 0.0000
histfill,sentinel1,treatment_0022,treatment,treatment_0022,3,2,10,path,1,1.0,0.009508069909539335,inf,True,,,
histfill,sentinel1,treatment_0022,treatment,treatment_0022,3,2,10,path,2,2.0,0.009508069909539335,0.0,False,,,
histfill,sentinel1,treatment_0022,treatment,treatment_0022,3,2,10,candidate,1,,,,,1.0,0.009508069909539335,1.0000
histfill,sentinel1,treatment_0022,treatment,treatment_0022,3,2,10,candidate,1,,,,,2.0,0.01621253123613957,1.0000
histfill,sentinel1,treatment_0022,treatment,treatment_0022,3,2,10,candidate,1,,,,,3.0,0.024346200360668695,1.0000
histfill,sentinel1,treatment_0022,treatment,treatment_0022,3,2,10,candidate,1,,,,,4.0,0.033775170279067505,1.0000
histfill,sentinel1,treatment_0022,treatment,treatment_0022,3,2,10,candidate,1,,,,,5.0,0.04441477660496274,1.0000
histfill,sentinel1,treatment_0022,treatment,treatment_0022,3,2,10,candidate,1,,,,,6.0,0.056233312117876626,1.0000
histfill,sentinel1,treatment_0022,treatment,treatment_0022,3,2,10,candidate,2,,,0.0,,2.0,0.009508069909539335,1.0000 0.0000
histfill,sentinel1,treatment_0022,treatment,treatment_0022,3,2,10,candidate,2,,,0.0,,3.0,0.009508069909539335,1.0000 0.0000
histfill,sentinel1,treatment_0022,treatment,treatment_0022,3,2,10,candidate,2,,,0.0,,4.0,0.009508069909539335,1.0000 0.0000
histfill,sentinel1,treatment_0022,treatment,treatment_0022,3,2,10,candidate,2,,,0.0,,5.0,0.009508069909539335,1.0000 0.0000
histfill,sentinel1,treatment_0022,treatment,treatment_0022,3,2,10,candidate,2,,,0.0,,6.0,0.009508069909539335,1.0000 0.0000
histfill,sentinel1,treatment_0023,treatment,treatment_0023,3,2,10,path,1,1.0,0.008133130536046574,inf,True,,,
histfill,sentinel1,treatment_0023,treatment,treatment_0023,3,2,10,path,2,2.0,0.008133130536046574,0.0,False,,,
histfill,sentinel1,treatment_0023,treatment,treatment_0023,3,2,10,candidate,1,,,,,1.0,0.008133130536046574,1.0000
histfill,sentinel1,treatment_0023,treatment,treatment_0023,3,2,10,candidate,1,,,,,2.0,0.014419941810180517,1.0000
histfill,sentinel1,treatment_0023,treatment,treatment_0023,3,2,10,candidate,1,,,,,3.0,0.02247070488402839,1.0000
histfill,sentinel1,treatment_0023,treatment,treatment_0023,3,2,10,candidate,1,,,,,4.0,0.03227136517442743,1.0000
histfill,sentinel1,treatment_0023,treatment,treatment_0023,3,2,10,candidate,1,,,,,5.0,0.04380807542352413,1.0000
histfill,sentinel1,treatment_0023,treatment,treatment_0023,3,2,10,candidate,1,,,,,6.0,0.05706719888069458,1.0000
histfill,sentinel1,treatment_0023,treatment,treatment_0023,3,2,10,candidate,2,,,0.0,,2.0,0.008133130536046574,1.0000 0.0000
histfill,sentinel1,treatment_0023,treatment,treatment_0023,3,2,10,candidate,2,,,0.0,,3.0,0.008133130536046574,1.0000 0.0000
histfill,sentinel1,treatment_0023,treatment,treatment_0023,3,2,10,candidate,2,,,0.0,,4.0,0.008133130536046574,1.0000 0.0000
histfill,sentinel1,treatment_0023,treatment,treatment_0023,3,2,10,candidate,2,,,0.0,,5.0,0.008133130536046574,1.0000 0.0000
histfill,sentinel1,treatment_0023,treatment,treatment_0023,3,2,10,candidate,2,,,0.0,,6.0,0.008133130536046574,1.0000 0.0000
histfill,sentinel1,treatment_0024,treatment,treatment_0024,3,2,10,path,1,1.0,0.009240205600317424,inf,True,,,
histfill,sentinel1,treatment_0024,treatment,treatment_0024,3,2,10,path,2,2.0,0.009240205600317424,0.0,False,,,
histfill,sentinel1,treatment_0024,treatment,treatment_0024,3,2,10,candidate,1,,,,,1.0,0.009240205600317424,1.0000
histfill,sentinel1,treatment_0024,treatment,treatment_0024,3,2,10,candidate,1,,,,,2.0,0.016219689319810444,1.0000
histfill,sentinel1,treatment_0024,treatment,treatment_0024,3,2,10,candidate,1,,,,,3.0,0.025030725406489145,1.0000
histfill,sentinel1,treatment_0024,treatment,treatment_0024,3,2,10,candidate,1,,,,,4.0,0.03561091194249062,1.0000
histfill,sentinel1,treatment_0024,treatment,treatment_0024,3,2,10,candidate,1,,,,,5.0,0.04790375965504915,1.0000
histfill,sentinel1,treatment_0024,treatment,treatment_0024,3,2,10,candidate,1,,,,,6.0,0.06185891378708813,1.0000
histfill,sentinel1,treatment_0024,treatment,treatment_0024,3,2,10,candidate,2,,,0.0,,2.0,0.009240205600317424,1.0000 0.0000
histfill,sentinel1,treatment_0024,treatment,treatment_0024,3,2,10,candidate,2,,,0.0,,3.0,0.009240205600317424,1.0000 0.0000
histfill,sentinel1,treatment_0024,treatment,treatment_0024,3,2,10,candidate,2,,,0.0,,4.0,0.009240205600317424,1.0000 0.0000
histfill,sentinel1,treatment_0024,treatment,treatment_0024,3,2,10,candidate,2,,,0.0,,5.0,0.009240205600317424,1.0000 0.0000
histfill,sentinel1,treatment_0024,treatment,treatment_0024,3,2,10,candidate,2,,,0.0,,6.0,0.009240205600317424,1.0000 0.0000
histfill,sentinel1,treatment_0025,treatment,treatment_0025,3,2,10,path,1,1.0,0.008144483356421556,inf,True,,,
histfill,sentinel1,treatment_0025,treatment,treatment_0025,3,2,10,path,2,2.0,0.008144483356421556,0.0,False,,,
histfill,sentinel1,treatment_0025,treatment,treatment_0025,3,2,10,candidate,1,,,,,1.0,0.008144483356421556,1.0000
histfill,sentinel1,treatment_0025,treatment,treatment_0025,3,2,10,candidate,1,,,,,2.0,0.014296435354451421,1.0000
histfill,sentinel1,treatment_0025,treatment,treatment_0025,3,2,10,candidate,1,,,,,3.0,0.02206484856894866,1.0000
histfill,sentinel1,treatment_0025,treatment,treatment_0025,3,2,10,candidate,1,,,,,4.0,0.031397305921904345,1.0000
histfill,sentinel1,treatment_0025,treatment,treatment_0025,3,2,10,candidate,1,,,,,5.0,0.042247471205058416,1.0000
histfill,sentinel1,treatment_0025,treatment,treatment_0025,3,2,10,candidate,1,,,,,6.0,0.05457526840794458,1.0000
histfill,sentinel1,treatment_0025,treatment,treatment_0025,3,2,10,candidate,2,,,0.0,,2.0,0.008144483356421556,1.0000 0.0000
histfill,sentinel1,treatment_0025,treatment,treatment_0025,3,2,10,candidate,2,,,0.0,,3.0,0.008144483356421556,1.0000 0.0000
histfill,sentinel1,treatment_0025,treatment,treatment_0025,3,2,10,candidate,2,,,0.0,,4.0,0.008144483356421556,1.0000 0.0000
histfill,sentinel1,treatment_0025,treatment,treatment_0025,3,2,10,candidate,2,,,0.0,,5.0,0.008144483356421556,1.0000 0.0000
histfill,sentinel1,treatment_0025,treatment,treatment_0025,3,2,10,candidate,2,,,0.0,,6.0,0.008144483356421556,1.0000 0.0000
histfill,sentinel1,treatment_0027,treatment,treatment_0027,3,2,10,path,1,1.0,0.00827911058285688,inf,True,,,
histfill,sentinel1,treatment_0027,treatment,treatment_0027,3,2,10,path,2,2.0,0.00827911058285688,0.0,False,,,
histfill,sentinel1,treatment_0027,treatment,treatment_0027,3,2,10,candidate,1,,,,,1.0,0.00827911058285688,1.0000
histfill,sentinel1,treatment_0027,treatment,treatment_0027,3,2,10,candidate,1,,,,,2.0,0.013685835810360095,1.0000
histfill,sentinel1,treatment_0027,treatment,treatment_0027,3,2,10,candidate,1,,,,,3.0,0.019925430129429517,1.0000
histfill,sentinel1,treatment_0027,treatment,treatment_0027,3,2,10,candidate,1,,,,,4.0,0.026815713175849534,1.0000
histfill,sentinel1,treatment_0027,treatment,treatment_0027,3,2,10,candidate,1,,,,,5.0,0.034255614369160844,1.0000
histfill,sentinel1,treatment_0027,treatment,treatment_0027,3,2,10,candidate,1,,,,,6.0,0.042234721546856924,1.0000
histfill,sentinel1,treatment_0027,treatment,treatment_0027,3,2,10,candidate,2,,,0.0,,2.0,0.00827911058285688,1.0000 0.0000
histfill,sentinel1,treatment_0027,treatment,treatment_0027,3,2,10,candidate,2,,,0.0,,3.0,0.00827911058285688,1.0000 0.0000
histfill,sentinel1,treatment_0027,treatment,treatment_0027,3,2,10,candidate,2,,,0.0,,4.0,0.00827911058285688,1.0000 0.0000
histfill,sentinel1,treatment_0027,treatment,treatment_0027,3,2,10,candidate,2,,,0.0,,5.0,0.00827911058285688,1.0000 0.0000
histfill,sentinel1,treatment_0027,treatment,treatment_0027,3,2,10,candidate,2,,,0.0,,6.0,0.00827911058285688,1.0000 0.0000
histfill,sentinel1,treatment_0015,treatment,treatment_0015,3,3,10,path,1,1.0,0.009195899524636756,inf,True,,,
histfill,sentinel1,treatment_0015,treatment,treatment_0015,3,3,10,path,2,2.0,0.009195899524636756,0.0,False,,,
histfill,sentinel1,treatment_0015,treatment,treatment_0015,3,3,10,candidate,1,,,,,1.0,0.009195899524636756,1.0000
histfill,sentinel1,treatment_0015,treatment,treatment_0015,3,3,10,candidate,1,,,,,2.0,0.01601492274653627,1.0000
histfill,sentinel1,treatment_0015,treatment,treatment_0015,3,3,10,candidate,1,,,,,3.0,0.024542483974092717,1.0000
histfill,sentinel1,treatment_0015,treatment,treatment_0015,3,3,10,candidate,1,,,,,4.0,0.03470737528533014,1.0000
histfill,sentinel1,treatment_0015,treatment,treatment_0015,3,3,10,candidate,1,,,,,5.0,0.04645942816850037,1.0000
histfill,sentinel1,treatment_0015,treatment,treatment_0015,3,3,10,candidate,2,,,0.0,,2.0,0.009195899524636756,1.0000 0.0000
histfill,sentinel1,treatment_0015,treatment,treatment_0015,3,3,10,candidate,2,,,0.0,,3.0,0.009195899524636756,1.0000 0.0000
histfill,sentinel1,treatment_0015,treatment,treatment_0015,3,3,10,candidate,2,,,0.0,,4.0,0.009195899524636756,1.0000 0.0000
histfill,sentinel1,treatment_0015,treatment,treatment_0015,3,3,10,candidate,2,,,0.0,,5.0,0.009195899524636756,1.0000 0.0000
histfill,sentinel1,treatment_0016,treatment,treatment_0016,3,3,10,path,1,1.0,0.011829630037377114,inf,True,,,
histfill,sentinel1,treatment_0016,treatment,treatment_0016,3,3,10,path,2,2.0,0.011829630037377114,0.0,False,,,
histfill,sentinel1,treatment_0016,treatment,treatment_0016,3,3,10,candidate,1,,,,,1.0,0.011829630037377114,1.0000
histfill,sentinel1,treatment_0016,treatment,treatment_0016,3,3,10,candidate,1,,,,,2.0,0.019866894290353435,1.0000
histfill,sentinel1,treatment_0016,treatment,treatment_0016,3,3,10,candidate,1,,,,,3.0,0.02941163922987632,1.0000
histfill,sentinel1,treatment_0016,treatment,treatment_0016,3,3,10,candidate,1,,,,,4.0,0.04028909815804927,1.0000
histfill,sentinel1,treatment_0016,treatment,treatment_0016,3,3,10,candidate,1,,,,,5.0,0.05244278823539698,1.0000
histfill,sentinel1,treatment_0016,treatment,treatment_0016,3,3,10,candidate,2,,,0.0,,2.0,0.011829630037377114,1.0000 0.0000
histfill,sentinel1,treatment_0016,treatment,treatment_0016,3,3,10,candidate,2,,,0.0,,3.0,0.011829630037377114,1.0000 0.0000
histfill,sentinel1,treatment_0016,treatment,treatment_0016,3,3,10,candidate,2,,,0.0,,4.0,0.011829630037377114,1.0000 0.0000
histfill,sentinel1,treatment_0016,treatment,treatment_0016,3,3,10,candidate,2,,,0.0,,5.0,0.011829630037377114,1.0000 0.0000
histfill,sentinel1,treatment_0017,treatment,treatment_0017,3,3,10,path,1,1.0,0.009192470512205104,inf,True,,,
histfill,sentinel1,treatment_0017,treatment,treatment_0017,3,3,10,path,2,2.0,0.009192470512205104,0.0,False,,,
histfill,sentinel1,treatment_0017,treatment,treatment_0017,3,3,10,candidate,1,,,,,1.0,0.009192470512205104,1.0000
histfill,sentinel1,treatment_0017,treatment,treatment_0017,3,3,10,candidate,1,,,,,2.0,0.015780671463961598,1.0000
histfill,sentinel1,treatment_0017,treatment,treatment_0017,3,3,10,candidate,1,,,,,3.0,0.023849673057682007,1.0000
histfill,sentinel1,treatment_0017,treatment,treatment_0017,3,3,10,candidate,1,,,,,4.0,0.03328552573190152,1.0000
histfill,sentinel1,treatment_0017,treatment,treatment_0017,3,3,10,candidate,1,,,,,5.0,0.044015877044354654,1.0000
histfill,sentinel1,treatment_0017,treatment,treatment_0017,3,3,10,candidate,2,,,0.0,,2.0,0.009192470512205104,1.0000 0.0000
histfill,sentinel1,treatment_0017,treatment,treatment_0017,3,3,10,candidate,2,,,0.0,,3.0,0.009192470512205104,1.0000 0.0000
histfill,sentinel1,treatment_0017,treatment,treatment_0017,3,3,10,candidate,2,,,0.0,,4.0,0.009192470512205104,1.0000 0.0000
histfill,sentinel1,treatment_0017,treatment,treatment_0017,3,3,10,candidate,2,,,0.0,,5.0,0.009192470512205104,1.0000 0.0000
histfill,sentinel1,treatment_0018,treatment,treatment_0018,3,3,10,path,1,1.0,0.008784958373325148,inf,True,,,
histfill,sentinel1,treatment_0018,treatment,treatment_0018,3,3,10,path,2,2.0,0.008784958373325148,0.0,False,,,
histfill,sentinel1,treatment_0018,treatment,treatment_0018,3,3,10,candidate,1,,,,,1.0,0.008784958373325148,1.0000
histfill,sentinel1,treatment_0018,treatment,treatment_0018,3,3,10,candidate,1,,,,,2.0,0.01529026592176665,1.0000
histfill,sentinel1,treatment_0018,treatment,treatment_0018,3,3,10,candidate,1,,,,,3.0,0.023404395811928155,1.0000
histfill,sentinel1,treatment_0018,treatment,treatment_0018,3,3,10,candidate,1,,,,,4.0,0.033038634087558354,1.0000
histfill,sentinel1,treatment_0018,treatment,treatment_0018,3,3,10,candidate,1,,,,,5.0,0.04411812172779765,1.0000
histfill,sentinel1,treatment_0018,treatment,treatment_0018,3,3,10,candidate,2,,,0.0,,2.0,0.008784958373325148,1.0000 0.0000
histfill,sentinel1,treatment_0018,treatment,treatment_0018,3,3,10,candidate,2,,,0.0,,3.0,0.008784958373325148,1.0000 0.0000
histfill,sentinel1,treatment_0018,treatment,treatment_0018,3,3,10,candidate,2,,,0.0,,4.0,0.008784958373325148,1.0000 0.0000
histfill,sentinel1,treatment_0018,treatment,treatment_0018,3,3,10,candidate,2,,,0.0,,5.0,0.008784958373325148,1.0000 0.0000
histfill,sentinel1,treatment_0019,treatment,treatment_0019,3,3,10,path,1,1.0,0.008473615721538872,inf,True,,,
histfill,sentinel1,treatment_0019,treatment,treatment_0019,3,3,10,path,2,2.0,0.008473615721538872,0.0,False,,,
histfill,sentinel1,treatment_0019,treatment,treatment_0019,3,3,10,candidate,1,,,,,1.0,0.008473615721538872,1.0000
histfill,sentinel1,treatment_0019,treatment,treatment_0019,3,3,10,candidate,1,,,,,2.0,0.014686850331155374,1.0000
histfill,sentinel1,treatment_0019,treatment,treatment_0019,3,3,10,candidate,1,,,,,3.0,0.022389674199400734,1.0000
histfill,sentinel1,treatment_0019,treatment,treatment_0019,3,3,10,candidate,1,,,,,4.0,0.03148244918172345,1.0000
histfill,sentinel1,treatment_0019,treatment,treatment_0019,3,3,10,candidate,1,,,,,5.0,0.041881989688445975,1.0000
histfill,sentinel1,treatment_0019,treatment,treatment_0019,3,3,10,candidate,2,,,0.0,,2.0,0.008473615721538872,1.0000 0.0000
histfill,sentinel1,treatment_0019,treatment,treatment_0019,3,3,10,candidate,2,,,0.0,,3.0,0.008473615721538872,1.0000 0.0000
histfill,sentinel1,treatment_0019,treatment,treatment_0019,3,3,10,candidate,2,,,0.0,,4.0,0.008473615721538872,1.0000 0.0000
histfill,sentinel1,treatment_0019,treatment,treatment_0019,3,3,10,candidate,2,,,0.0,,5.0,0.008473615721538872,1.0000 0.0000
histfill,sentinel1,treatment_0020,treatment,treatment_0020,3,3,10,path,1,1.0,0.009851174163933584,inf,True,,,
histfill,sentinel1,treatment_0020,treatment,treatment_0020,3,3,10,path,2,2.0,0.009851174163933584,0.0,False,,,
histfill,sentinel1,treatment_0020,treatment,treatment_0020,3,3,10,candidate,1,,,,,1.0,0.009851174163933584,1.0000
histfill,sentinel1,treatment_0020,treatment,treatment_0020,3,3,10,candidate,1,,,,,2.0,0.016898603441078724,1.0000
histfill,sentinel1,treatment_0020,treatment,treatment_0020,3,3,10,candidate,1,,,,,3.0,0.025513593843095185,1.0000
histfill,sentinel1,treatment_0020,treatment,treatment_0020,3,3,10,candidate,1,,,,,4.0,0.03556158173714025,1.0000
histfill,sentinel1,treatment_0020,treatment,treatment_0020,3,3,10,candidate,1,,,,,5.0,0.046949096768512964,1.0000
histfill,sentinel1,treatment_0020,treatment,treatment_0020,3,3,10,candidate,2,,,0.0,,2.0,0.009851174163933584,1.0000 0.0000
histfill,sentinel1,treatment_0020,treatment,treatment_0020,3,3,10,candidate,2,,,0.0,,3.0,0.009851174163933584,1.0000 0.0000
histfill,sentinel1,treatment_0020,treatment,treatment_0020,3,3,10,candidate,2,,,0.0,,4.0,0.009851174163933584,1.0000 0.0000
histfill,sentinel1,treatment_0020,treatment,treatment_0020,3,3,10,candidate,2,,,0.0,,5.0,0.009851174163933584,1.0000 0.0000
histfill,sentinel1,treatment_0021,treatment,treatment_0021,3,3,10,path,1,1.0,0.009131296889495615,inf,True,,,
histfill,sentinel1,treatment_0021,treatment,treatment_0021,3,3,10,path,2,2.0,0.009131296889495615,0.0,False,,,
histfill,sentinel1,treatment_0021,treatment,treatment_0021,3,3,10,candidate,1,,,,,1.0,0.009131296889495615,1.0000
histfill,sentinel1,treatment_0021,treatment,treatment_0021,3,3,10,candidate,1,,,,,2.0,0.015685071882498562,1.0000
histfill,sentinel1,treatment_0021,treatment,treatment_0021,3,3,10,candidate,1,,,,,3.0,0.023740319698241072,1.0000
histfill,sentinel1,treatment_0021,treatment,treatment_0021,3,3,10,candidate,1,,,,,4.0,0.033212586053312426,1.0000
histfill,sentinel1,treatment_0021,treatment,treatment_0021,3,3,10,candidate,1,,,,,5.0,0.04406721393250852,1.0000
histfill,sentinel1,treatment_0021,treatment,treatment_0021,3,3,10,candidate,2,,,0.0,,2.0,0.009131296889495615,1.0000 0.0000
histfill,sentinel1,treatment_0021,treatment,treatment_0021,3,3,10,candidate,2,,,0.0,,3.0,0.009131296889495615,1.0000 0.0000
histfill,sentinel1,treatment_0021,treatment,treatment_0021,3,3,10,candidate,2,,,0.0,,4.0,0.009131296889495615,1.0000 0.0000
histfill,sentinel1,treatment_0021,treatment,treatment_0021,3,3,10,candidate,2,,,0.0,,5.0,0.009131296889495615,1.0000 0.0000
histfill,sentinel1,treatment_0022,treatment,treatment_0022,3,3,10,path,1,1.0,0.00915255444153847,inf,True,,,
histfill,sentinel1,treatment_0022,treatment,treatment_0022,3,3,10,path,2,2.0,0.00915255444153847,0.0,False,,,
histfill,sentinel1,treatment_0022,treatment,treatment_0022,3,3,10,candidate,1,,,,,1.0,0.00915255444153847,1.0000
histfill,sentinel1,treatment_0022,treatment,treatment_0022,3,3,10,candidate,1,,,,,2.0,0.015641821787287628,1.0000
histfill,sentinel1,treatment_0022,treatment,treatment_0022,3,3,10,candidate,1,,,,,3.0,0.023551168349377417,1.0000
histfill,sentinel1,treatment_0022,treatment,treatment_0022,3,3,10,candidate,1,,,,,4.0,0.03277179998876175,1.0000
histfill,sentinel1,treatment_0022,treatment,treatment_0022,3,3,10,candidate,1,,,,,5.0,0.04324597217920581,1.0000
histfill,sentinel1,treatment_0022,treatment,treatment_0022,3,3,10,candidate,2,,,0.0,,2.0,0.00915255444153847,1.0000 0.0000
histfill,sentinel1,treatment_0022,treatment,treatment_0022,3,3,10,candidate,2,,,0.0,,3.0,0.00915255444153847,1.0000 0.0000
histfill,sentinel1,treatment_0022,treatment,treatment_0022,3,3,10,candidate,2,,,0.0,,4.0,0.00915255444153847,1.0000 0.0000
histfill,sentinel1,treatment_0022,treatment,treatment_0022,3,3,10,candidate,2,,,0.0,,5.0,0.00915255444153847,1.0000 0.0000
histfill,sentinel1,treatment_0023,treatment,treatment_0023,3,3,10,path,1,1.0,0.008111505603283692,inf,True,,,
histfill,sentinel1,treatment_0023,treatment,treatment_0023,3,3,10,path,2,2.0,0.008111505603283692,0.0,False,,,
histfill,sentinel1,treatment_0023,treatment,treatment_0023,3,3,10,candidate,1,,,,,1.0,0.008111505603283692,1.0000
histfill,sentinel1,treatment_0023,treatment,treatment_0023,3,3,10,candidate,1,,,,,2.0,0.014381831194736232,1.0000
histfill,sentinel1,treatment_0023,treatment,treatment_0023,3,3,10,candidate,1,,,,,3.0,0.022411681203845152,1.0000
histfill,sentinel1,treatment_0023,treatment,treatment_0023,3,3,10,candidate,1,,,,,4.0,0.032187129916169344,1.0000
histfill,sentinel1,treatment_0023,treatment,treatment_0023,3,3,10,candidate,1,,,,,5.0,0.043694460424628684,1.0000
histfill,sentinel1,treatment_0023,treatment,treatment_0023,3,3,10,candidate,2,,,0.0,,2.0,0.008111505603283692,1.0000 0.0000
histfill,sentinel1,treatment_0023,treatment,treatment_0023,3,3,10,candidate,2,,,0.0,,3.0,0.008111505603283692,1.0000 0.0000
histfill,sentinel1,treatment_0023,treatment,treatment_0023,3,3,10,candidate,2,,,0.0,,4.0,0.008111505603283692,1.0000 0.0000
histfill,sentinel1,treatment_0023,treatment,treatment_0023,3,3,10,candidate,2,,,0.0,,5.0,0.008111505603283692,1.0000 0.0000
histfill,sentinel1,treatment_0024,treatment,treatment_0024,3,3,10,path,1,1.0,0.009128893455821865,inf,True,,,
histfill,sentinel1,treatment_0024,treatment,treatment_0024,3,3,10,path,2,2.0,0.009128893455821865,0.0,False,,,
histfill,sentinel1,treatment_0024,treatment,treatment_0024,3,3,10,candidate,1,,,,,1.0,0.009128893455821865,1.0000
histfill,sentinel1,treatment_0024,treatment,treatment_0024,3,3,10,candidate,1,,,,,2.0,0.01602989959933085,1.0000
histfill,sentinel1,treatment_0024,treatment,treatment_0024,3,3,10,candidate,1,,,,,3.0,0.024746968961998548,1.0000
histfill,sentinel1,treatment_0024,treatment,treatment_0024,3,3,10,candidate,1,,,,,4.0,0.035220944311023884,1.0000
histfill,sentinel1,treatment_0024,treatment,treatment_0024,3,3,10,candidate,1,,,,,5.0,0.047398687327010566,1.0000
histfill,sentinel1,treatment_0024,treatment,treatment_0024,3,3,10,candidate,2,,,0.0,,2.0,0.009128893455821865,1.0000 0.0000
histfill,sentinel1,treatment_0024,treatment,treatment_0024,3,3,10,candidate,2,,,0.0,,3.0,0.009128893455821865,1.0000 0.0000
histfill,sentinel1,treatment_0024,treatment,treatment_0024,3,3,10,candidate,2,,,0.0,,4.0,0.009128893455821865,1.0000 0.0000
histfill,sentinel1,treatment_0024,treatment,treatment_0024,3,3,10,candidate,2,,,0.0,,5.0,0.009128893455821865,1.0000 0.0000
histfill,sentinel1,treatment_0025,treatment,treatment_0025,3,3,10,path,1,1.0,0.008046685069224437,inf,True,,,
histfill,sentinel1,treatment_0025,treatment,treatment_0025,3,3,10,path,2,2.0,0.008046685069224437,0.0,False,,,
histfill,sentinel1,treatment_0025,treatment,treatment_0025,3,3,10,candidate,1,,,,,1.0,0.008046685069224437,1.0000
histfill,sentinel1,treatment_0025,treatment,treatment_0025,3,3,10,candidate,1,,,,,2.0,0.01413083301935508,1.0000
histfill,sentinel1,treatment_0025,treatment,treatment_0025,3,3,10,candidate,1,,,,,3.0,0.0218190934331043,1.0000
histfill,sentinel1,treatment_0025,treatment,treatment_0025,3,3,10,candidate,1,,,,,4.0,0.031062297621778603,1.0000
histfill,sentinel1,treatment_0025,treatment,treatment_0025,3,3,10,candidate,1,,,,,5.0,0.041817446613391554,1.0000
histfill,sentinel1,treatment_0025,treatment,treatment_0025,3,3,10,candidate,2,,,0.0,,2.0,0.008046685069224437,1.0000 0.0000
histfill,sentinel1,treatment_0025,treatment,treatment_0025,3,3,10,candidate,2,,,0.0,,3.0,0.008046685069224437,1.0000 0.0000
histfill,sentinel1,treatment_0025,treatment,treatment_0025,3,3,10,candidate,2,,,0.0,,4.0,0.008046685069224437,1.0000 0.0000
histfill,sentinel1,treatment_0025,treatment,treatment_0025,3,3,10,candidate,2,,,0.0,,5.0,0.008046685069224437,1.0000 0.0000
histfill,sentinel1,treatment_0027,treatment,treatment_0027,3,3,10,path,1,1.0,0.00776127830683388,inf,True,,,
histfill,sentinel1,treatment_0027,treatment,treatment_0027,3,3,10,path,2,2.0,0.00776127830683388,0.0,False,,,
histfill,sentinel1,treatment_0027,treatment,treatment_0027,3,3,10,candidate,1,,,,,1.0,0.00776127830683388,1.0000
histfill,sentinel1,treatment_0027,treatment,treatment_0027,3,3,10,candidate,1,,,,,2.0,0.012869011905083081,1.0000
histfill,sentinel1,treatment_0027,treatment,treatment_0027,3,3,10,candidate,1,,,,,3.0,0.01881135331441954,1.0000
histfill,sentinel1,treatment_0027,treatment,treatment_0027,3,3,10,candidate,1,,,,,4.0,0.0254482707111506,1.0000
histfill,sentinel1,treatment_0027,treatment,treatment_0027,3,3,10,candidate,1,,,,,5.0,0.032725555666525595,1.0000
histfill,sentinel1,treatment_0027,treatment,treatment_0027,3,3,10,candidate,2,,,0.0,,2.0,0.00776127830683388,1.0000 0.0000
histfill,sentinel1,treatment_0027,treatment,treatment_0027,3,3,10,candidate,2,,,0.0,,3.0,0.00776127830683388,1.0000 0.0000
histfill,sentinel1,treatment_0027,treatment,treatment_0027,3,3,10,candidate,2,,,0.0,,4.0,0.00776127830683388,1.0000 0.0000
histfill,sentinel1,treatment_0027,treatment,treatment_0027,3,3,10,candidate,2,,,0.0,,5.0,0.00776127830683388,1.0000 0.0000
histfill,sentinel1,treatment_0015,treatment,treatment_0015,3,4,10,path,1,1.0,0.009027999473257591,inf,True,,,
histfill,sentinel1,treatment_0015,treatment,treatment_0015,3,4,10,path,2,2.0,0.009027999473257591,0.0,False,,,
histfill,sentinel1,treatment_0015,treatment,treatment_0015,3,4,10,candidate,1,,,,,1.0,0.009027999473257591,1.0000
histfill,sentinel1,treatment_0015,treatment,treatment_0015,3,4,10,candidate,1,,,,,2.0,0.015743262861406166,1.0000
histfill,sentinel1,treatment_0015,treatment,treatment_0015,3,4,10,candidate,1,,,,,3.0,0.024160544216949294,1.0000
histfill,sentinel1,treatment_0015,treatment,treatment_0015,3,4,10,candidate,1,,,,,4.0,0.0342197335048575,1.0000
histfill,sentinel1,treatment_0015,treatment,treatment_0015,3,4,10,candidate,2,,,0.0,,2.0,0.009027999473257591,1.0000 0.0000
histfill,sentinel1,treatment_0015,treatment,treatment_0015,3,4,10,candidate,2,,,0.0,,3.0,0.009027999473257591,1.0000 0.0000
histfill,sentinel1,treatment_0015,treatment,treatment_0015,3,4,10,candidate,2,,,0.0,,4.0,0.009027999473257591,1.0000 0.0000
histfill,sentinel1,treatment_0016,treatment,treatment_0016,3,4,10,path,1,1.0,0.011300349750966696,inf,True,,,
histfill,sentinel1,treatment_0016,treatment,treatment_0016,3,4,10,path,2,2.0,0.011300349750966696,0.0,False,,,
histfill,sentinel1,treatment_0016,treatment,treatment_0016,3,4,10,candidate,1,,,,,1.0,0.011300349750966696,1.0000
histfill,sentinel1,treatment_0016,treatment,treatment_0016,3,4,10,candidate,1,,,,,2.0,0.01906274311191141,1.0000
histfill,sentinel1,treatment_0016,treatment,treatment_0016,3,4,10,candidate,1,,,,,3.0,0.028376551146255913,1.0000
histfill,sentinel1,treatment_0016,treatment,treatment_0016,3,4,10,candidate,1,,,,,4.0,0.03913290559291813,1.0000
histfill,sentinel1,treatment_0016,treatment,treatment_0016,3,4,10,candidate,2,,,0.0,,2.0,0.011300349750966696,1.0000 0.0000
histfill,sentinel1,treatment_0016,treatment,treatment_0016,3,4,10,candidate,2,,,0.0,,3.0,0.011300349750966696,1.0000 0.0000
histfill,sentinel1,treatment_0016,treatment,treatment_0016,3,4,10,candidate,2,,,0.0,,4.0,0.011300349750966696,1.0000 0.0000
histfill,sentinel1,treatment_0017,treatment,treatment_0017,3,4,10,path,1,1.0,0.008917961220492718,inf,True,,,
histfill,sentinel1,treatment_0017,treatment,treatment_0017,3,4,10,path,2,2.0,0.008917961220492718,0.0,False,,,
histfill,sentinel1,treatment_0017,treatment,treatment_0017,3,4,10,candidate,1,,,,,1.0,0.008917961220492718,1.0000
histfill,sentinel1,treatment_0017,treatment,treatment_0017,3,4,10,candidate,1,,,,,2.0,0.015342413081214664,1.0000
histfill,sentinel1,treatment_0017,treatment,treatment_0017,3,4,10,candidate,1,,,,,3.0,0.023245281196703136,1.0000
histfill,sentinel1,treatment_0017,treatment,treatment_0017,3,4,10,candidate,1,,,,,4.0,0.03253558809980294,1.0000
histfill,sentinel1,treatment_0017,treatment,treatment_0017,3,4,10,candidate,2,,,0.0,,2.0,0.008917961220492718,1.0000 0.0000
histfill,sentinel1,treatment_0017,treatment,treatment_0017,3,4,10,candidate,2,,,0.0,,3.0,0.008917961220492718,1.0000 0.0000
histfill,sentinel1,treatment_0017,treatment,treatment_0017,3,4,10,candidate,2,,,0.0,,4.0,0.008917961220492718,1.0000 0.0000
histfill,sentinel1,treatment_0018,treatment,treatment_0018,3,4,10,path,1,1.0,0.008616228491259263,inf,True,,,
histfill,sentinel1,treatment_0018,treatment,treatment_0018,3,4,10,path,2,2.0,0.008616228491259263,0.0,False,,,
histfill,sentinel1,treatment_0018,treatment,treatment_0018,3,4,10,candidate,1,,,,,1.0,0.008616228491259263,1.0000
histfill,sentinel1,treatment_0018,treatment,treatment_0018,3,4,10,candidate,1,,,,,2.0,0.015008349599500691,1.0000
histfill,sentinel1,treatment_0018,treatment,treatment_0018,3,4,10,candidate,1,,,,,3.0,0.0229927339663022,1.0000
histfill,sentinel1,treatment_0018,treatment,treatment_0018,3,4,10,candidate,1,,,,,4.0,0.0324884196347658,1.0000
histfill,sentinel1,treatment_0018,treatment,treatment_0018,3,4,10,candidate,2,,,0.0,,2.0,0.008616228491259263,1.0000 0.0000
histfill,sentinel1,treatment_0018,treatment,treatment_0018,3,4,10,candidate,2,,,0.0,,3.0,0.008616228491259263,1.0000 0.0000
histfill,sentinel1,treatment_0018,treatment,treatment_0018,3,4,10,candidate,2,,,0.0,,4.0,0.008616228491259263,1.0000 0.0000
histfill,sentinel1,treatment_0019,treatment,treatment_0019,3,4,10,path,1,1.0,0.00827825483328214,inf,True,,,
histfill,sentinel1,treatment_0019,treatment,treatment_0019,3,4,10,path,2,2.0,0.00827825483328214,0.0,False,,,
histfill,sentinel1,treatment_0019,treatment,treatment_0019,3,4,10,candidate,1,,,,,1.0,0.00827825483328214,1.0000
histfill,sentinel1,treatment_0019,treatment,treatment_0019,3,4,10,candidate,1,,,,,2.0,0.014361006807925021,1.0000
histfill,sentinel1,treatment_0019,treatment,treatment_0019,3,4,10,candidate,1,,,,,3.0,0.02191457840502323,1.0000
histfill,sentinel1,treatment_0019,treatment,treatment_0019,3,4,10,candidate,1,,,,,4.0,0.030848215639168876,1.0000
histfill,sentinel1,treatment_0019,treatment,treatment_0019,3,4,10,candidate,2,,,0.0,,2.0,0.00827825483328214,1.0000 0.0000
histfill,sentinel1,treatment_0019,treatment,treatment_0019,3,4,10,candidate,2,,,0.0,,3.0,0.00827825483328214,1.0000 0.0000
histfill,sentinel1,treatment_0019,treatment,treatment_0019,3,4,10,candidate,2,,,0.0,,4.0,0.00827825483328214,1.0000 0.0000
histfill,sentinel1,treatment_0020,treatment,treatment_0020,3,4,10,path,1,1.0,0.009548678011009388,inf,True,,,
histfill,sentinel1,treatment_0020,treatment,treatment_0020,3,4,10,path,2,2.0,0.009548678011009388,0.0,False,,,
histfill,sentinel1,treatment_0020,treatment,treatment_0020,3,4,10,candidate,1,,,,,1.0,0.009548678011009388,1.0000
histfill,sentinel1,treatment_0020,treatment,treatment_0020,3,4,10,candidate,1,,,,,2.0,0.01641101016475858,1.0000
histfill,sentinel1,treatment_0020,treatment,treatment_0020,3,4,10,candidate,1,,,,,3.0,0.024832415056388345,1.0000
histfill,sentinel1,treatment_0020,treatment,treatment_0020,3,4,10,candidate,1,,,,,4.0,0.03470137227090059,1.0000
histfill,sentinel1,treatment_0020,treatment,treatment_0020,3,4,10,candidate,2,,,0.0,,2.0,0.009548678011009388,1.0000 0.0000
histfill,sentinel1,treatment_0020,treatment,treatment_0020,3,4,10,candidate,2,,,0.0,,3.0,0.009548678011009388,1.0000 0.0000
histfill,sentinel1,treatment_0020,treatment,treatment_0020,3,4,10,candidate,2,,,0.0,,4.0,0.009548678011009388,1.0000 0.0000
histfill,sentinel1,treatment_0021,treatment,treatment_0021,3,4,10,path,1,1.0,0.00886830728254653,inf,True,,,
histfill,sentinel1,treatment_0021,treatment,treatment_0021,3,4,10,path,2,2.0,0.00886830728254653,0.0,False,,,
histfill,sentinel1,treatment_0021,treatment,treatment_0021,3,4,10,candidate,1,,,,,1.0,0.00886830728254653,1.0000
histfill,sentinel1,treatment_0021,treatment,treatment_0021,3,4,10,candidate,1,,,,,2.0,0.015277799760282486,1.0000
histfill,sentinel1,treatment_0021,treatment,treatment_0021,3,4,10,candidate,1,,,,,3.0,0.023200204113547618,1.0000
histfill,sentinel1,treatment_0021,treatment,treatment_0021,3,4,10,candidate,1,,,,,4.0,0.03257752232712221,1.0000
histfill,sentinel1,treatment_0021,treatment,treatment_0021,3,4,10,candidate,2,,,0.0,,2.0,0.00886830728254653,1.0000 0.0000
histfill,sentinel1,treatment_0021,treatment,treatment_0021,3,4,10,candidate,2,,,0.0,,3.0,0.00886830728254653,1.0000 0.0000
histfill,sentinel1,treatment_0021,treatment,treatment_0021,3,4,10,candidate,2,,,0.0,,4.0,0.00886830728254653,1.0000 0.0000
histfill,sentinel1,treatment_0022,treatment,treatment_0022,3,4,10,path,1,1.0,0.008842752026621601,inf,True,,,
histfill,sentinel1,treatment_0022,treatment,treatment_0022,3,4,10,path,2,2.0,0.008842752026621601,0.0,False,,,
histfill,sentinel1,treatment_0022,treatment,treatment_0022,3,4,10,candidate,1,,,,,1.0,0.008842752026621601,1.0000
histfill,sentinel1,treatment_0022,treatment,treatment_0022,3,4,10,candidate,1,,,,,2.0,0.015153052881619526,1.0000
histfill,sentinel1,treatment_0022,treatment,treatment_0022,3,4,10,candidate,1,,,,,3.0,0.02288594972653666,1.0000
histfill,sentinel1,treatment_0022,treatment,treatment_0022,3,4,10,candidate,1,,,,,4.0,0.03195898657033985,1.0000
histfill,sentinel1,treatment_0022,treatment,treatment_0022,3,4,10,candidate,2,,,0.0,,2.0,0.008842752026621601,1.0000 0.0000
histfill,sentinel1,treatment_0022,treatment,treatment_0022,3,4,10,candidate,2,,,0.0,,3.0,0.008842752026621601,1.0000 0.0000
histfill,sentinel1,treatment_0022,treatment,treatment_0022,3,4,10,candidate,2,,,0.0,,4.0,0.008842752026621601,1.0000 0.0000
histfill,sentinel1,treatment_0023,treatment,treatment_0023,3,4,10,path,1,1.0,0.008090130963230314,inf,True,,,
histfill,sentinel1,treatment_0023,treatment,treatment_0023,3,4,10,path,2,2.0,0.008090130963230314,0.0,False,,,
histfill,sentinel1,treatment_0023,treatment,treatment_0023,3,4,10,candidate,1,,,,,1.0,0.008090130963230314,1.0000
histfill,sentinel1,treatment_0023,treatment,treatment_0023,3,4,10,candidate,1,,,,,2.0,0.01434416752692668,1.0000
histfill,sentinel1,treatment_0023,treatment,treatment_0023,3,4,10,candidate,1,,,,,3.0,0.02235335906814655,1.0000
histfill,sentinel1,treatment_0023,treatment,treatment_0023,3,4,10,candidate,1,,,,,4.0,0.03210390960445096,1.0000
histfill,sentinel1,treatment_0023,treatment,treatment_0023,3,4,10,candidate,2,,,0.0,,2.0,0.008090130963230314,1.0000 0.0000
histfill,sentinel1,treatment_0023,treatment,treatment_0023,3,4,10,candidate,2,,,0.0,,3.0,0.008090130963230314,1.0000 0.0000
histfill,sentinel1,treatment_0023,treatment,treatment_0023,3,4,10,candidate,2,,,0.0,,4.0,0.008090130963230314,1.0000 0.0000
histfill,sentinel1,treatment_0024,treatment,treatment_0024,3,4,10,path,1,1.0,0.009023650348948904,inf,True,,,
histfill,sentinel1,treatment_0024,treatment,treatment_0024,3,4,10,path,2,2.0,0.009023650348948904,0.0,False,,,
histfill,sentinel1,treatment_0024,treatment,treatment_0024,3,4,10,candidate,1,,,,,1.0,0.009023650348948904,1.0000
histfill,sentinel1,treatment_0024,treatment,treatment_0024,3,4,10,candidate,1,,,,,2.0,0.015850999203154012,1.0000
histfill,sentinel1,treatment_0024,treatment,treatment_0024,3,4,10,candidate,1,,,,,3.0,0.02448040517830844,1.0000
histfill,sentinel1,treatment_0024,treatment,treatment_0024,3,4,10,candidate,1,,,,,4.0,0.03485602234013588,1.0000
histfill,sentinel1,treatment_0024,treatment,treatment_0024,3,4,10,candidate,2,,,0.0,,2.0,0.009023650348948904,1.0000 0.0000
histfill,sentinel1,treatment_0024,treatment,treatment_0024,3,4,10,candidate,2,,,0.0,,3.0,0.009023650348948904,1.0000 0.0000
histfill,sentinel1,treatment_0024,treatment,treatment_0024,3,4,10,candidate,2,,,0.0,,4.0,0.009023650348948904,1.0000 0.0000
histfill,sentinel1,treatment_0025,treatment,treatment_0025,3,4,10,path,1,1.0,0.0079550814255732,inf,True,,,
histfill,sentinel1,treatment_0025,treatment,treatment_0025,3,4,10,path,2,2.0,0.0079550814255732,0.0,False,,,
histfill,sentinel1,treatment_0025,treatment,treatment_0025,3,4,10,candidate,1,,,,,1.0,0.0079550814255732,1.0000
histfill,sentinel1,treatment_0025,treatment,treatment_0025,3,4,10,candidate,1,,,,,2.0,0.013976311845753677,1.0000
histfill,sentinel1,treatment_0025,treatment,treatment_0025,3,4,10,candidate,1,,,,,3.0,0.021590783601763638,1.0000
histfill,sentinel1,treatment_0025,treatment,treatment_0025,3,4,10,candidate,1,,,,,4.0,0.030752633991452876,1.0000
histfill,sentinel1,treatment_0025,treatment,treatment_0025,3,4,10,candidate,2,,,0.0,,2.0,0.0079550814255732,1.0000 0.0000
histfill,sentinel1,treatment_0025,treatment,treatment_0025,3,4,10,candidate,2,,,0.0,,3.0,0.0079550814255732,1.0000 0.0000
histfill,sentinel1,treatment_0025,treatment,treatment_0025,3,4,10,candidate,2,,,0.0,,4.0,0.0079550814255732,1.0000 0.0000
histfill,sentinel1,treatment_0027,treatment,treatment_0027,3,4,10,path,1,1.0,0.007320430126991108,inf,True,,,
histfill,sentinel1,treatment_0027,treatment,treatment_0027,3,4,10,path,2,2.0,0.007320430126991108,0.0,False,,,
histfill,sentinel1,treatment_0027,treatment,treatment_0027,3,4,10,candidate,1,,,,,1.0,0.007320430126991108,1.0000
histfill,sentinel1,treatment_0027,treatment,treatment_0027,3,4,10,candidate,1,,,,,2.0,0.012189309196163373,1.0000
histfill,sentinel1,treatment_0027,treatment,treatment_0027,3,4,10,candidate,1,,,,,3.0,0.017914380777188193,1.0000
histfill,sentinel1,treatment_0027,treatment,treatment_0027,3,4,10,candidate,1,,,,,4.0,0.024401157720206255,1.0000
histfill,sentinel1,treatment_0027,treatment,treatment_0027,3,4,10,candidate,2,,,0.0,,2.0,0.007320430126991108,1.0000 0.0000
histfill,sentinel1,treatment_0027,treatment,treatment_0027,3,4,10,candidate,2,,,0.0,,3.0,0.007320430126991108,1.0000 0.0000
histfill,sentinel1,treatment_0027,treatment,treatment_0027,3,4,10,candidate,2,,,0.0,,4.0,0.007320430126991108,1.0000 0.0000
histfill,sentinel1,treatment_0015,treatment,treatment_0015,3,5,10,path,1,1.0,0.008880278858946081,inf,True,,,
histfill,sentinel1,treatment_0015,treatment,treatment_0015,3,5,10,path,2,2.0,0.008880278858946081,0.0,False,,,
histfill,sentinel1,treatment_0015,treatment,treatment_0015,3,5,10,candidate,1,,,,,1.0,0.008880278858946081,1.0000
histfill,sentinel1,treatment_0015,treatment,treatment_0015,3,5,10,candidate,1,,,,,2.0,0.015507973728260753,1.0000
histfill,sentinel1,treatment_0015,treatment,treatment_0015,3,5,10,candidate,1,,,,,3.0,0.023836387944093037,1.0000
histfill,sentinel1,treatment_0015,treatment,treatment_0015,3,5,10,candidate,2,,,0.0,,2.0,0.008880278858946081,1.0000 0.0000
histfill,sentinel1,treatment_0015,treatment,treatment_0015,3,5,10,candidate,2,,,0.0,,3.0,0.008880278858946081,1.0000 0.0000
histfill,sentinel1,treatment_0016,treatment,treatment_0016,3,5,10,path,1,1.0,0.010872955103389283,inf,True,,,
histfill,sentinel1,treatment_0016,treatment,treatment_0016,3,5,10,path,2,2.0,0.010872955103389283,0.0,False,,,
histfill,sentinel1,treatment_0016,treatment,treatment_0016,3,5,10,candidate,1,,,,,1.0,0.010872955103389283,1.0000
histfill,sentinel1,treatment_0016,treatment,treatment_0016,3,5,10,candidate,1,,,,,2.0,0.018446023606585378,1.0000
histfill,sentinel1,treatment_0016,treatment,treatment_0016,3,5,10,candidate,1,,,,,3.0,0.0276476946188294,1.0000
histfill,sentinel1,treatment_0016,treatment,treatment_0016,3,5,10,candidate,2,,,0.0,,2.0,0.010872955103389283,1.0000 0.0000
histfill,sentinel1,treatment_0016,treatment,treatment_0016,3,5,10,candidate,2,,,0.0,,3.0,0.010872955103389283,1.0000 0.0000
histfill,sentinel1,treatment_0017,treatment,treatment_0017,3,5,10,path,1,1.0,0.008680894787173465,inf,True,,,
histfill,sentinel1,treatment_0017,treatment,treatment_0017,3,5,10,path,2,2.0,0.008680894787173465,0.0,False,,,
histfill,sentinel1,treatment_0017,treatment,treatment_0017,3,5,10,candidate,1,,,,,1.0,0.008680894787173465,1.0000
histfill,sentinel1,treatment_0017,treatment,treatment_0017,3,5,10,candidate,1,,,,,2.0,0.014972794157739343,1.0000
histfill,sentinel1,treatment_0017,treatment,treatment_0017,3,5,10,candidate,1,,,,,3.0,0.022752018272599008,1.0000
histfill,sentinel1,treatment_0017,treatment,treatment_0017,3,5,10,candidate,2,,,0.0,,2.0,0.008680894787173465,1.0000 0.0000
histfill,sentinel1,treatment_0017,treatment,treatment_0017,3,5,10,candidate,2,,,0.0,,3.0,0.008680894787173465,1.0000 0.0000
histfill,sentinel1,treatment_0018,treatment,treatment_0018,3,5,10,path,1,1.0,0.008461079669511595,inf,True,,,
histfill,sentinel1,treatment_0018,treatment,treatment_0018,3,5,10,path,2,2.0,0.008461079669511595,0.0,False,,,
histfill,sentinel1,treatment_0018,treatment,treatment_0018,3,5,10,candidate,1,,,,,1.0,0.008461079669511595,1.0000
histfill,sentinel1,treatment_0018,treatment,treatment_0018,3,5,10,candidate,1,,,,,2.0,0.014751069105667317,1.0000
histfill,sentinel1,treatment_0018,treatment,treatment_0018,3,5,10,candidate,1,,,,,3.0,0.022620449638680904,1.0000
histfill,sentinel1,treatment_0018,treatment,treatment_0018,3,5,10,candidate,2,,,0.0,,2.0,0.008461079669511595,1.0000 0.0000
histfill,sentinel1,treatment_0018,treatment,treatment_0018,3,5,10,candidate,2,,,0.0,,3.0,0.008461079669511595,1.0000 0.0000
histfill,sentinel1,treatment_0019,treatment,treatment_0019,3,5,10,path,1,1.0,0.008099020138765995,inf,True,,,
histfill,sentinel1,treatment_0019,treatment,treatment_0019,3,5,10,path,2,2.0,0.008099020138765995,0.0,False,,,
histfill,sentinel1,treatment_0019,treatment,treatment_0019,3,5,10,candidate,1,,,,,1.0,0.008099020138765995,1.0000
histfill,sentinel1,treatment_0019,treatment,treatment_0019,3,5,10,candidate,1,,,,,2.0,0.014064227532229454,1.0000
histfill,sentinel1,treatment_0019,treatment,treatment_0019,3,5,10,candidate,1,,,,,3.0,0.021485651631378083,1.0000
histfill,sentinel1,treatment_0019,treatment,treatment_0019,3,5,10,candidate,2,,,0.0,,2.0,0.008099020138765995,1.0000 0.0000
histfill,sentinel1,treatment_0019,treatment,treatment_0019,3,5,10,candidate,2,,,0.0,,3.0,0.008099020138765995,1.0000 0.0000
histfill,sentinel1,treatment_0020,treatment,treatment_0020,3,5,10,path,1,1.0,0.009283839659892875,inf,True,,,
histfill,sentinel1,treatment_0020,treatment,treatment_0020,3,5,10,path,2,2.0,0.009283839659892875,0.0,False,,,
histfill,sentinel1,treatment_0020,treatment,treatment_0020,3,5,10,candidate,1,,,,,1.0,0.009283839659892875,1.0000
histfill,sentinel1,treatment_0020,treatment,treatment_0020,3,5,10,candidate,1,,,,,2.0,0.015992238769151366,1.0000
histfill,sentinel1,treatment_0020,treatment,treatment_0020,3,5,10,candidate,1,,,,,3.0,0.024262635723440555,1.0000
histfill,sentinel1,treatment_0020,treatment,treatment_0020,3,5,10,candidate,2,,,0.0,,2.0,0.009283839659892875,1.0000 0.0000
histfill,sentinel1,treatment_0020,treatment,treatment_0020,3,5,10,candidate,2,,,0.0,,3.0,0.009283839659892875,1.0000 0.0000
histfill,sentinel1,treatment_0021,treatment,treatment_0021,3,5,10,path,1,1.0,0.008650516374867781,inf,True,,,
histfill,sentinel1,treatment_0021,treatment,treatment_0021,3,5,10,path,2,2.0,0.008650516374867781,0.0,False,,,
histfill,sentinel1,treatment_0021,treatment,treatment_0021,3,5,10,candidate,1,,,,,1.0,0.008650516374867781,1.0000
histfill,sentinel1,treatment_0021,treatment,treatment_0021,3,5,10,candidate,1,,,,,2.0,0.014952584908772538,1.0000
histfill,sentinel1,treatment_0021,treatment,treatment_0021,3,5,10,candidate,1,,,,,3.0,0.022791820659918395,1.0000
histfill,sentinel1,treatment_0021,treatment,treatment_0021,3,5,10,candidate,2,,,0.0,,2.0,0.008650516374867781,1.0000 0.0000
histfill,sentinel1,treatment_0021,treatment,treatment_0021,3,5,10,candidate,2,,,0.0,,3.0,0.008650516374867781,1.0000 0.0000
histfill,sentinel1,treatment_0022,treatment,treatment_0022,3,5,10,path,1,1.0,0.008579318153102795,inf,True,,,
histfill,sentinel1,treatment_0022,treatment,treatment_0022,3,5,10,path,2,2.0,0.008579318153102795,0.0,False,,,
histfill,sentinel1,treatment_0022,treatment,treatment_0022,3,5,10,candidate,1,,,,,1.0,0.008579318153102795,1.0000
histfill,sentinel1,treatment_0022,treatment,treatment_0022,3,5,10,candidate,1,,,,,2.0,0.014748021031894749,1.0000
histfill,sentinel1,treatment_0022,treatment,treatment_0022,3,5,10,candidate,1,,,,,3.0,0.02235434386893104,1.0000
histfill,sentinel1,treatment_0022,treatment,treatment_0022,3,5,10,candidate,2,,,0.0,,2.0,0.008579318153102795,1.0000 0.0000
histfill,sentinel1,treatment_0022,treatment,treatment_0022,3,5,10,candidate,2,,,0.0,,3.0,0.008579318153102795,1.0000 0.0000
histfill,sentinel1,treatment_0023,treatment,treatment_0023,3,5,10,path,1,1.0,0.008069008298821168,inf,True,,,
histfill,sentinel1,treatment_0023,treatment,treatment_0023,3,5,10,path,2,2.0,0.008069008298821168,0.0,False,,,
histfill,sentinel1,treatment_0023,treatment,treatment_0023,3,5,10,candidate,1,,,,,1.0,0.008069008298821168,1.0000
histfill,sentinel1,treatment_0023,treatment,treatment_0023,3,5,10,candidate,1,,,,,2.0,0.014306953877176126,1.0000
histfill,sentinel1,treatment_0023,treatment,treatment_0023,3,5,10,candidate,1,,,,,3.0,0.022295743397206025,1.0000
histfill,sentinel1,treatment_0023,treatment,treatment_0023,3,5,10,candidate,2,,,0.0,,2.0,0.008069008298821168,1.0000 0.0000
histfill,sentinel1,treatment_0023,treatment,treatment_0023,3,5,10,candidate,2,,,0.0,,3.0,0.008069008298821168,1.0000 0.0000
histfill,sentinel1,treatment_0024,treatment,treatment_0024,3,5,10,path,1,1.0,0.008924563210507391,inf,True,,,
histfill,sentinel1,treatment_0024,treatment,treatment_0024,3,5,10,path,2,2.0,0.008924563210507391,0.0,False,,,
histfill,sentinel1,treatment_0024,treatment,treatment_0024,3,5,10,candidate,1,,,,,1.0,0.008924563210507391,1.0000
histfill,sentinel1,treatment_0024,treatment,treatment_0024,3,5,10,candidate,1,,,,,2.0,0.015683161757358018,1.0000
histfill,sentinel1,treatment_0024,treatment,treatment_0024,3,5,10,candidate,1,,,,,3.0,0.02423133526165159,1.0000
histfill,sentinel1,treatment_0024,treatment,treatment_0024,3,5,10,candidate,2,,,0.0,,2.0,0.008924563210507391,1.0000 0.0000
histfill,sentinel1,treatment_0024,treatment,treatment_0024,3,5,10,candidate,2,,,0.0,,3.0,0.008924563210507391,1.0000 0.0000
histfill,sentinel1,treatment_0025,treatment,treatment_0025,3,5,10,path,1,1.0,0.007869732551922734,inf,True,,,
histfill,sentinel1,treatment_0025,treatment,treatment_0025,3,5,10,path,2,2.0,0.007869732551922734,0.0,False,,,
histfill,sentinel1,treatment_0025,treatment,treatment_0025,3,5,10,candidate,1,,,,,1.0,0.007869732551922734,1.0000
histfill,sentinel1,treatment_0025,treatment,treatment_0025,3,5,10,candidate,1,,,,,2.0,0.013832999402155786,1.0000
histfill,sentinel1,treatment_0025,treatment,treatment_0025,3,5,10,candidate,1,,,,,3.0,0.0213801508721024,1.0000
histfill,sentinel1,treatment_0025,treatment,treatment_0025,3,5,10,candidate,2,,,0.0,,2.0,0.007869732551922734,1.0000 0.0000
histfill,sentinel1,treatment_0025,treatment,treatment_0025,3,5,10,candidate,2,,,0.0,,3.0,0.007869732551922734,1.0000 0.0000
histfill,sentinel1,treatment_0027,treatment,treatment_0027,3,5,10,path,1,1.0,0.006957124579259749,inf,True,,,
histfill,sentinel1,treatment_0027,treatment,treatment_0027,3,5,10,path,2,2.0,0.006957124579259749,0.0,False,,,
histfill,sentinel1,treatment_0027,treatment,treatment_0027,3,5,10,candidate,1,,,,,1.0,0.006957124579259749,1.0000
histfill,sentinel1,treatment_0027,treatment,treatment_0027,3,5,10,candidate,1,,,,,2.0,0.011649835172213099,1.0000
histfill,sentinel1,treatment_0027,treatment,treatment_0027,3,5,10,candidate,1,,,,,3.0,0.017242719168955655,1.0000
histfill,sentinel1,treatment_0027,treatment,treatment_0027,3,5,10,candidate,2,,,0.0,,2.0,0.006957124579259749,1.0000 0.0000
histfill,sentinel1,treatment_0027,treatment,treatment_0027,3,5,10,candidate,2,,,0.0,,3.0,0.006957124579259749,1.0000 0.0000
histfill,sentinel1,treatment_0015,treatment,treatment_0015,3,6,10,path,1,1.0,0.008753181346372022,inf,True,,,
histfill,sentinel1,treatment_0015,treatment,treatment_0015,3,6,10,path,2,2.0,0.008753181346372022,0.0,False,,,
histfill,sentinel1,treatment_0015,treatment,treatment_0015,3,6,10,candidate,1,,,,,1.0,0.008753181346372022,1.0000
histfill,sentinel1,treatment_0015,treatment,treatment_0015,3,6,10,candidate,1,,,,,2.0,0.015309997583669178,1.0000
histfill,sentinel1,treatment_0015,treatment,treatment_0015,3,6,10,candidate,2,,,0.0,,2.0,0.008753181346372022,1.0000 0.0000
histfill,sentinel1,treatment_0016,treatment,treatment_0016,3,6,10,path,1,1.0,0.010553478411997955,inf,True,,,
histfill,sentinel1,treatment_0016,treatment,treatment_0016,3,6,10,path,2,2.0,0.010553478411997955,0.0,False,,,
histfill,sentinel1,treatment_0016,treatment,treatment_0016,3,6,10,candidate,1,,,,,1.0,0.010553478411997955,1.0000
histfill,sentinel1,treatment_0016,treatment,treatment_0016,3,6,10,candidate,1,,,,,2.0,0.01803054018547236,1.0000
histfill,sentinel1,treatment_0016,treatment,treatment_0016,3,6,10,candidate,2,,,0.0,,2.0,0.010553478411997955,1.0000 0.0000
histfill,sentinel1,treatment_0017,treatment,treatment_0017,3,6,10,path,1,1.0,0.008483122912564063,inf,True,,,
histfill,sentinel1,treatment_0017,treatment,treatment_0017,3,6,10,path,2,2.0,0.008483122912564063,0.0,False,,,
histfill,sentinel1,treatment_0017,treatment,treatment_0017,3,6,10,candidate,1,,,,,1.0,0.008483122912564063,1.0000
histfill,sentinel1,treatment_0017,treatment,treatment_0017,3,6,10,candidate,1,,,,,2.0,0.014675657275612609,1.0000
histfill,sentinel1,treatment_0017,treatment,treatment_0017,3,6,10,candidate,2,,,0.0,,2.0,0.008483122912564063,1.0000 0.0000
histfill,sentinel1,treatment_0018,treatment,treatment_0018,3,6,10,path,1,1.0,0.008319945596291674,inf,True,,,
histfill,sentinel1,treatment_0018,treatment,treatment_0018,3,6,10,path,2,2.0,0.008319945596291674,0.0,False,,,
histfill,sentinel1,treatment_0018,treatment,treatment_0018,3,6,10,candidate,1,,,,,1.0,0.008319945596291674,1.0000
histfill,sentinel1,treatment_0018,treatment,treatment_0018,3,6,10,candidate,1,,,,,2.0,0.014519295733137193,1.0000
histfill,sentinel1,treatment_0018,treatment,treatment_0018,3,6,10,candidate,2,,,0.0,,2.0,0.008319945596291674,1.0000 0.0000
histfill,sentinel1,treatment_0019,treatment,treatment_0019,3,6,10,path,1,1.0,0.007936265616096548,inf,True,,,
histfill,sentinel1,treatment_0019,treatment,treatment_0019,3,6,10,path,2,2.0,0.007936265616096548,0.0,False,,,
histfill,sentinel1,treatment_0019,treatment,treatment_0019,3,6,10,candidate,1,,,,,1.0,0.007936265616096548,1.0000
histfill,sentinel1,treatment_0019,treatment,treatment_0019,3,6,10,candidate,1,,,,,2.0,0.013797260707258379,1.0000
histfill,sentinel1,treatment_0019,treatment,treatment_0019,3,6,10,candidate,2,,,0.0,,2.0,0.007936265616096548,1.0000 0.0000
histfill,sentinel1,treatment_0020,treatment,treatment_0020,3,6,10,path,1,1.0,0.009058384577841042,inf,True,,,
histfill,sentinel1,treatment_0020,treatment,treatment_0020,3,6,10,path,2,2.0,0.009058384577841042,0.0,False,,,
histfill,sentinel1,treatment_0020,treatment,treatment_0020,3,6,10,candidate,1,,,,,1.0,0.009058384577841042,1.0000
histfill,sentinel1,treatment_0020,treatment,treatment_0020,3,6,10,candidate,1,,,,,2.0,0.01564616512617334,1.0000
histfill,sentinel1,treatment_0020,treatment,treatment_0020,3,6,10,candidate,2,,,0.0,,2.0,0.009058384577841042,1.0000 0.0000
histfill,sentinel1,treatment_0021,treatment,treatment_0021,3,6,10,path,1,1.0,0.008479494911469477,inf,True,,,
histfill,sentinel1,treatment_0021,treatment,treatment_0021,3,6,10,path,2,2.0,0.008479494911469477,0.0,False,,,
histfill,sentinel1,treatment_0021,treatment,treatment_0021,3,6,10,candidate,1,,,,,1.0,0.008479494911469477,1.0000
histfill,sentinel1,treatment_0021,treatment,treatment_0021,3,6,10,candidate,1,,,,,2.0,0.014712959119504342,1.0000
histfill,sentinel1,treatment_0021,treatment,treatment_0021,3,6,10,candidate,2,,,0.0,,2.0,0.008479494911469477,1.0000 0.0000
histfill,sentinel1,treatment_0022,treatment,treatment_0022,3,6,10,path,1,1.0,0.008363472830396748,inf,True,,,
histfill,sentinel1,treatment_0022,treatment,treatment_0022,3,6,10,path,2,2.0,0.008363472830396748,0.0,False,,,
histfill,sentinel1,treatment_0022,treatment,treatment_0022,3,6,10,candidate,1,,,,,1.0,0.008363472830396748,1.0000
histfill,sentinel1,treatment_0022,treatment,treatment_0022,3,6,10,candidate,1,,,,,2.0,0.014429532150627747,1.0000
histfill,sentinel1,treatment_0022,treatment,treatment_0022,3,6,10,candidate,2,,,0.0,,2.0,0.008363472830396748,1.0000 0.0000
histfill,sentinel1,treatment_0023,treatment,treatment_0023,3,6,10,path,1,1.0,0.008048139363625256,inf,True,,,
histfill,sentinel1,treatment_0023,treatment,treatment_0023,3,6,10,path,2,2.0,0.008048139363625256,0.0,False,,,
histfill,sentinel1,treatment_0023,treatment,treatment_0023,3,6,10,candidate,1,,,,,1.0,0.008048139363625256,1.0000
histfill,sentinel1,treatment_0023,treatment,treatment_0023,3,6,10,candidate,1,,,,,2.0,0.014270193441473837,1.0000
histfill,sentinel1,treatment_0023,treatment,treatment_0023,3,6,10,candidate,2,,,0.0,,2.0,0.008048139363625256,1.0000 0.0000
histfill,sentinel1,treatment_0024,treatment,treatment_0024,3,6,10,path,1,1.0,0.008831736102270407,inf,True,,,
histfill,sentinel1,treatment_0024,treatment,treatment_0024,3,6,10,path,2,2.0,0.008831736102270407,0.0,False,,,
histfill,sentinel1,treatment_0024,treatment,treatment_0024,3,6,10,candidate,1,,,,,1.0,0.008831736102270407,1.0000
histfill,sentinel1,treatment_0024,treatment,treatment_0024,3,6,10,candidate,1,,,,,2.0,0.015526591419689394,1.0000
histfill,sentinel1,treatment_0024,treatment,treatment_0024,3,6,10,candidate,2,,,0.0,,2.0,0.008831736102270407,1.0000 0.0000
histfill,sentinel1,treatment_0025,treatment,treatment_0025,3,6,10,path,1,1.0,0.007790717156554738,inf,True,,,
histfill,sentinel1,treatment_0025,treatment,treatment_0025,3,6,10,path,2,2.0,0.007790717156554738,0.0,False,,,
histfill,sentinel1,treatment_0025,treatment,treatment_0025,3,6,10,candidate,1,,,,,1.0,0.007790717156554738,1.0000
histfill,sentinel1,treatment_0025,treatment,treatment_0025,3,6,10,candidate,1,,,,,2.0,0.0137010564313725,1.0000
histfill,sentinel1,treatment_0025,treatment,treatment_0025,3,6,10,candidate,2,,,0.0,,2.0,0.007790717156554738,1.0000 0.0000
histfill,sentinel1,treatment_0027,treatment,treatment_0027,3,6,10,path,1,1.0,0.00667380092426899,inf,True,,,
histfill,sentinel1,treatment_0027,treatment,treatment_0027,3,6,10,path,2,2.0,0.00667380092426899,0.0,False,,,
histfill,sentinel1,treatment_0027,treatment,treatment_0027,3,6,10,candidate,1,,,,,1.0,0.00667380092426899,1.0000
histfill,sentinel1,treatment_0027,treatment,treatment_0027,3,6,10,candidate,1,,,,,2.0,0.011257089988196307,1.0000
histfill,sentinel1,treatment_0027,treatment,treatment_0027,3,6,10,candidate,2,,,0.0,,2.0,0.00667380092426899,1.0000 0.0000
histfill,sentinel1,treatment_0015,treatment,treatment_0015,3,7,10,path,1,1.0,0.008647288577041827,inf,True,,,
histfill,sentinel1,treatment_0015,treatment,treatment_0015,3,7,10,candidate,1,,,,,1.0,0.008647288577041827,1.0000
histfill,sentinel1,treatment_0016,treatment,treatment_0016,3,7,10,path,1,1.0,0.01035071095218339,inf,True,,,
histfill,sentinel1,treatment_0016,treatment,treatment_0016,3,7,10,candidate,1,,,,,1.0,0.01035071095218339,1.0000
histfill,sentinel1,treatment_0017,treatment,treatment_0017,3,7,10,path,1,1.0,0.008326990970677874,inf,True,,,
histfill,sentinel1,treatment_0017,treatment,treatment_0017,3,7,10,candidate,1,,,,,1.0,0.008326990970677874,1.0000
histfill,sentinel1,treatment_0018,treatment,treatment_0018,3,7,10,path,1,1.0,0.008193349993560924,inf,True,,,
histfill,sentinel1,treatment_0018,treatment,treatment_0018,3,7,10,candidate,1,,,,,1.0,0.008193349993560924,1.0000
histfill,sentinel1,treatment_0019,treatment,treatment_0019,3,7,10,path,1,1.0,0.007790452002402036,inf,True,,,
histfill,sentinel1,treatment_0019,treatment,treatment_0019,3,7,10,candidate,1,,,,,1.0,0.007790452002402036,1.0000
histfill,sentinel1,treatment_0020,treatment,treatment_0020,3,7,10,path,1,1.0,0.008874764648204934,inf,True,,,
histfill,sentinel1,treatment_0020,treatment,treatment_0020,3,7,10,candidate,1,,,,,1.0,0.008874764648204934,1.0000
histfill,sentinel1,treatment_0021,treatment,treatment_0021,3,7,10,path,1,1.0,0.008357478683106677,inf,True,,,
histfill,sentinel1,treatment_0021,treatment,treatment_0021,3,7,10,candidate,1,,,,,1.0,0.008357478683106677,1.0000
histfill,sentinel1,treatment_0022,treatment,treatment_0022,3,7,10,path,1,1.0,0.008197007941087875,inf,True,,,
histfill,sentinel1,treatment_0022,treatment,treatment_0022,3,7,10,candidate,1,,,,,1.0,0.008197007941087875,1.0000
histfill,sentinel1,treatment_0023,treatment,treatment_0023,3,7,10,path,1,1.0,0.008027525981840292,inf,True,,,
histfill,sentinel1,treatment_0023,treatment,treatment_0023,3,7,10,candidate,1,,,,,1.0,0.008027525981840292,1.0000
histfill,sentinel1,treatment_0024,treatment,treatment_0024,3,7,10,path,1,1.0,0.008745290295945214,inf,True,,,
histfill,sentinel1,treatment_0024,treatment,treatment_0024,3,7,10,candidate,1,,,,,1.0,0.008745290295945214,1.0000
histfill,sentinel1,treatment_0025,treatment,treatment_0025,3,7,10,path,1,1.0,0.007718132667768216,inf,True,,,
histfill,sentinel1,treatment_0025,treatment,treatment_0025,3,7,10,candidate,1,,,,,1.0,0.007718132667768216,1.0000
histfill,sentinel1,treatment_0027,treatment,treatment_0027,3,7,10,path,1,1.0,0.0064748416204762444,inf,True,,,
histfill,sentinel1,treatment_0027,treatment,treatment_0027,3,7,10,candidate,1,,,,,1.0,0.0064748416204762444,1.0000
histfill,sentinel2,treatment_0001,treatment,treatment_0001,2,2,10,path,1,1.0,0.007358962030044836,inf,True,,,
histfill,sentinel2,treatment_0001,treatment,treatment_0001,2,2,10,path,2,2.0,0.007358962030044836,0.0,False,,,
histfill,sentinel2,treatment_0001,treatment,treatment_0001,2,2,10,candidate,1,,,,,1.0,0.007358962030044836,1.0000
histfill,sentinel2,treatment_0001,treatment,treatment_0001,2,2,10,candidate,1,,,,,2.0,0.01552312567870872,1.0000
histfill,sentinel2,treatment_0001,treatment,treatment_0001,2,2,10,candidate,1,,,,,3.0,0.025933827489246525,1.0000
histfill,sentinel2,treatment_0001,treatment,treatment_0001,2,2,10,candidate,1,,,,,4.0,0.03819226498442043,1.0000
histfill,sentinel2,treatment_0001,treatment,treatment_0001,2,2,10,candidate,1,,,,,5.0,0.05204699348998042,1.0000
histfill,sentinel2,treatment_0001,treatment,treatment_0001,2,2,10,candidate,1,,,,,6.0,0.0674374127238639,1.0000
histfill,sentinel2,treatment_0001,treatment,treatment_0001,2,2,10,candidate,1,,,,,7.0,0.08456099062318456,1.0000
histfill,sentinel2,treatment_0001,treatment,treatment_0001,2,2,10,candidate,2,,,0.0,,2.0,0.007358962030044836,1.0000 0.0000
histfill,sentinel2,treatment_0001,treatment,treatment_0001,2,2,10,candidate,2,,,0.0,,3.0,0.007358962030044836,1.0000 0.0000
histfill,sentinel2,treatment_0001,treatment,treatment_0001,2,2,10,candidate,2,,,0.0,,4.0,0.007358962030044836,1.0000 0.0000
histfill,sentinel2,treatment_0001,treatment,treatment_0001,2,2,10,candidate,2,,,0.0,,5.0,0.007358962030044836,1.0000 0.0000
histfill,sentinel2,treatment_0001,treatment,treatment_0001,2,2,10,candidate,2,,,0.0,,6.0,0.007358962030044836,1.0000 0.0000
histfill,sentinel2,treatment_0001,treatment,treatment_0001,2,2,10,candidate,2,,,0.0,,7.0,0.007358962030044836,1.0000 0.0000
histfill,sentinel2,treatment_0002,treatment,treatment_0002,2,2,10,path,1,1.0,0.00386275543510917,inf,True,,,
histfill,sentinel2,treatment_0002,treatment,treatment_0002,2,2,10,path,2,2.0,0.00386275543510917,0.0,False,,,
histfill,sentinel2,treatment_0002,treatment,treatment_0002,2,2,10,candidate,1,,,,,1.0,0.00386275543510917,1.0000
histfill,sentinel2,treatment_0002,treatment,treatment_0002,2,2,10,candidate,1,,,,,2.0,0.008607172961874791,1.0000
histfill,sentinel2,treatment_0002,treatment,treatment_0002,2,2,10,candidate,1,,,,,3.0,0.015166147642330246,1.0000
histfill,sentinel2,treatment_0002,treatment,treatment_0002,2,2,10,candidate,1,,,,,4.0,0.023506495443705616,1.0000
histfill,sentinel2,treatment_0002,treatment,treatment_0002,2,2,10,candidate,1,,,,,5.0,0.033604542413776015,1.0000
histfill,sentinel2,treatment_0002,treatment,treatment_0002,2,2,10,candidate,1,,,,,6.0,0.04544592537257682,1.0000
histfill,sentinel2,treatment_0002,treatment,treatment_0002,2,2,10,candidate,1,,,,,7.0,0.05902553111170435,1.0000
histfill,sentinel2,treatment_0002,treatment,treatment_0002,2,2,10,candidate,2,,,0.0,,2.0,0.00386275543510917,1.0000 0.0000
histfill,sentinel2,treatment_0002,treatment,treatment_0002,2,2,10,candidate,2,,,0.0,,3.0,0.00386275543510917,1.0000 0.0000
histfill,sentinel2,treatment_0002,treatment,treatment_0002,2,2,10,candidate,2,,,0.0,,4.0,0.00386275543510917,1.0000 0.0000
histfill,sentinel2,treatment_0002,treatment,treatment_0002,2,2,10,candidate,2,,,0.0,,5.0,0.00386275543510917,1.0000 0.0000
histfill,sentinel2,treatment_0002,treatment,treatment_0002,2,2,10,candidate,2,,,0.0,,6.0,0.00386275543510917,1.0000 0.0000
histfill,sentinel2,treatment_0002,treatment,treatment_0002,2,2,10,candidate,2,,,0.0,,7.0,0.00386275543510917,1.0000 0.0000
histfill,sentinel2,treatment_0003,treatment,treatment_0003,2,2,10,path,1,1.0,0.005662270895833076,inf,True,,,
histfill,sentinel2,treatment_0003,treatment,treatment_0003,2,2,10,path,2,2.0,0.005662270895833076,0.0,False,,,
histfill,sentinel2,treatment_0003,treatment,treatment_0003,2,2,10,candidate,1,,,,,1.0,0.005662270895833076,1.0000
histfill,sentinel2,treatment_0003,treatment,treatment_0003,2,2,10,candidate,1,,,,,2.0,0.012341541123765745,1.0000
histfill,sentinel2,treatment_0003,treatment,treatment_0003,2,2,10,candidate,1,,,,,3.0,0.021327738411609565,1.0000
histfill,sentinel2,treatment_0003,treatment,treatment_0003,2,2,10,candidate,1,,,,,4.0,0.03249845457835437,1.0000
histfill,sentinel2,treatment_0003,treatment,treatment_0003,2,2,10,candidate,1,,,,,5.0,0.04577901612492541,1.0000
histfill,sentinel2,treatment_0003,treatment,treatment_0003,2,2,10,candidate,1,,,,,6.0,0.061142042981207505,1.0000
histfill,sentinel2,treatment_0003,treatment,treatment_0003,2,2,10,candidate,1,,,,,7.0,0.07861310083395906,1.0000
histfill,sentinel2,treatment_0003,treatment,treatment_0003,2,2,10,candidate,2,,,0.0,,2.0,0.005662270895833076,1.0000 0.0000
histfill,sentinel2,treatment_0003,treatment,treatment_0003,2,2,10,candidate,2,,,0.0,,3.0,0.005662270895833076,1.0000 0.0000
histfill,sentinel2,treatment_0003,treatment,treatment_0003,2,2,10,candidate,2,,,0.0,,4.0,0.005662270895833076,1.0000 0.0000
histfill,sentinel2,treatment_0003,treatment,treatment_0003,2,2,10,candidate,2,,,0.0,,5.0,0.005662270895833076,1.0000 0.0000
histfill,sentinel2,treatment_0003,treatment,treatment_0003,2,2,10,candidate,2,,,0.0,,6.0,0.005662270895833076,1.0000 0.0000
histfill,sentinel2,treatment_0003,treatment,treatment_0003,2,2,10,candidate,2,,,0.0,,7.0,0.005662270895833076,1.0000 0.0000
histfill,sentinel2,treatment_0004,treatment,treatment_0004,2,2,10,path,1,1.0,0.005795242179138075,inf,True,,,
histfill,sentinel2,treatment_0004,treatment,treatment_0004,2,2,10,path,2,2.0,0.005795242179138075,0.0,False,,,
histfill,sentinel2,treatment_0004,treatment,treatment_0004,2,2,10,candidate,1,,,,,1.0,0.005795242179138075,1.0000
histfill,sentinel2,treatment_0004,treatment,treatment_0004,2,2,10,candidate,1,,,,,2.0,0.012306494336807954,1.0000
histfill,sentinel2,treatment_0004,treatment,treatment_0004,2,2,10,candidate,1,,,,,3.0,0.02080482823894981,1.0000
histfill,sentinel2,treatment_0004,treatment,treatment_0004,2,2,10,candidate,1,,,,,4.0,0.031126457748745825,1.0000
histfill,sentinel2,treatment_0004,treatment,treatment_0004,2,2,10,candidate,1,,,,,5.0,0.0431883897281407,1.0000
histfill,sentinel2,treatment_0004,treatment,treatment_0004,2,2,10,candidate,1,,,,,6.0,0.05698080501286515,1.0000
histfill,sentinel2,treatment_0004,treatment,treatment_0004,2,2,10,candidate,1,,,,,7.0,0.07259179884598711,1.0000
histfill,sentinel2,treatment_0004,treatment,treatment_0004,2,2,10,candidate,2,,,0.0,,2.0,0.005795242179138075,1.0000 0.0000
histfill,sentinel2,treatment_0004,treatment,treatment_0004,2,2,10,candidate,2,,,0.0,,3.0,0.005795242179138075,1.0000 0.0000
histfill,sentinel2,treatment_0004,treatment,treatment_0004,2,2,10,candidate,2,,,0.0,,4.0,0.005795242179138075,1.0000 0.0000
histfill,sentinel2,treatment_0004,treatment,treatment_0004,2,2,10,candidate,2,,,0.0,,5.0,0.005795242179138075,1.0000 0.0000
histfill,sentinel2,treatment_0004,treatment,treatment_0004,2,2,10,candidate,2,,,0.0,,6.0,0.005795242179138075,1.0000 0.0000
histfill,sentinel2,treatment_0004,treatment,treatment_0004,2,2,10,candidate,2,,,0.0,,7.0,0.005795242179138075,1.0000 0.0000
histfill,sentinel2,treatment_0005,treatment,treatment_0005,2,2,10,path,1,1.0,0.004829231289027162,inf,True,,,
histfill,sentinel2,treatment_0005,treatment,treatment_0005,2,2,10,path,2,2.0,0.004829231289027162,0.0,False,,,
histfill,sentinel2,treatment_0005,treatment,treatment_0005,2,2,10,candidate,1,,,,,1.0,0.004829231289027162,1.0000
histfill,sentinel2,treatment_0005,treatment,treatment_0005,2,2,10,candidate,1,,,,,2.0,0.01044848789421774,1.0000
histfill,sentinel2,treatment_0005,treatment,treatment_0005,2,2,10,candidate,1,,,,,3.0,0.01789121750552306,1.0000
histfill,sentinel2,treatment_0005,treatment,treatment_0005,2,2,10,candidate,1,,,,,4.0,0.026979839840440115,1.0000
histfill,sentinel2,treatment_0005,treatment,treatment_0005,2,2,10,candidate,1,,,,,5.0,0.0375894990242169,1.0000
histfill,sentinel2,treatment_0005,treatment,treatment_0005,2,2,10,candidate,1,,,,,6.0,0.049659019351635775,1.0000
histfill,sentinel2,treatment_0005,treatment,treatment_0005,2,2,10,candidate,1,,,,,7.0,0.0632072169228942,1.0000
histfill,sentinel2,treatment_0005,treatment,treatment_0005,2,2,10,candidate,2,,,0.0,,2.0,0.004829231289027162,1.0000 0.0000
histfill,sentinel2,treatment_0005,treatment,treatment_0005,2,2,10,candidate,2,,,0.0,,3.0,0.004829231289027162,1.0000 0.0000
histfill,sentinel2,treatment_0005,treatment,treatment_0005,2,2,10,candidate,2,,,0.0,,4.0,0.004829231289027162,1.0000 0.0000
histfill,sentinel2,treatment_0005,treatment,treatment_0005,2,2,10,candidate,2,,,0.0,,5.0,0.004829231289027162,1.0000 0.0000
histfill,sentinel2,treatment_0005,treatment,treatment_0005,2,2,10,candidate,2,,,0.0,,6.0,0.004829231289027162,1.0000 0.0000
histfill,sentinel2,treatment_0005,treatment,treatment_0005,2,2,10,candidate,2,,,0.0,,7.0,0.004829231289027162,1.0000 0.0000
histfill,sentinel2,treatment_0006,treatment,treatment_0006,2,2,10,path,1,1.0,0.00639670079409951,inf,True,,,
histfill,sentinel2,treatment_0006,treatment,treatment_0006,2,2,10,path,2,2.0,0.00639670079409951,0.0,False,,,
histfill,sentinel2,treatment_0006,treatment,treatment_0006,2,2,10,candidate,1,,,,,1.0,0.00639670079409951,1.0000
histfill,sentinel2,treatment_0006,treatment,treatment_0006,2,2,10,candidate,1,,,,,2.0,0.01406458533950148,1.0000
histfill,sentinel2,treatment_0006,treatment,treatment_0006,2,2,10,candidate,1,,,,,3.0,0.02444359529643473,1.0000
histfill,sentinel2,treatment_0006,treatment,treatment_0006,2,2,10,candidate,1,,,,,4.0,0.03735525942509785,1.0000
histfill,sentinel2,treatment_0006,treatment,treatment_0006,2,2,10,candidate,1,,,,,5.0,0.05264168145402517,1.0000
histfill,sentinel2,treatment_0006,treatment,treatment_0006,2,2,10,candidate,1,,,,,6.0,0.07016826374745061,1.0000
histfill,sentinel2,treatment_0006,treatment,treatment_0006,2,2,10,candidate,1,,,,,7.0,0.08982724425761064,1.0000
histfill,sentinel2,treatment_0006,treatment,treatment_0006,2,2,10,candidate,2,,,0.0,,2.0,0.00639670079409951,1.0000 0.0000
histfill,sentinel2,treatment_0006,treatment,treatment_0006,2,2,10,candidate,2,,,0.0,,3.0,0.00639670079409951,1.0000 0.0000
histfill,sentinel2,treatment_0006,treatment,treatment_0006,2,2,10,candidate,2,,,0.0,,4.0,0.00639670079409951,1.0000 0.0000
histfill,sentinel2,treatment_0006,treatment,treatment_0006,2,2,10,candidate,2,,,0.0,,5.0,0.00639670079409951,1.0000 0.0000
histfill,sentinel2,treatment_0006,treatment,treatment_0006,2,2,10,candidate,2,,,0.0,,6.0,0.00639670079409951,1.0000 0.0000
histfill,sentinel2,treatment_0006,treatment,treatment_0006,2,2,10,candidate,2,,,0.0,,7.0,0.00639670079409951,1.0000 0.0000
histfill,sentinel2,treatment_0007,treatment,treatment_0007,2,2,10,path,1,1.0,0.005363601337948385,inf,True,,,
histfill,sentinel2,treatment_0007,treatment,treatment_0007,2,2,10,path,2,2.0,0.005363601337948385,0.0,False,,,
histfill,sentinel2,treatment_0007,treatment,treatment_0007,2,2,10,candidate,1,,,,,1.0,0.005363601337948385,1.0000
histfill,sentinel2,treatment_0007,treatment,treatment_0007,2,2,10,candidate,1,,,,,2.0,0.011952187814283562,1.0000
histfill,sentinel2,treatment_0007,treatment,treatment_0007,2,2,10,candidate,1,,,,,3.0,0.021063328425443697,1.0000
histfill,sentinel2,treatment_0007,treatment,treatment_0007,2,2,10,candidate,1,,,,,4.0,0.03265718811623597,1.0000
histfill,sentinel2,treatment_0007,treatment,treatment_0007,2,2,10,candidate,1,,,,,5.0,0.04671383726648307,1.0000
histfill,sentinel2,treatment_0007,treatment,treatment_0007,2,2,10,candidate,1,,,,,6.0,0.06323621040563594,1.0000
histfill,sentinel2,treatment_0007,treatment,treatment_0007,2,2,10,candidate,1,,,,,7.0,0.08225380496706929,1.0000
histfill,sentinel2,treatment_0007,treatment,treatment_0007,2,2,10,candidate,2,,,0.0,,2.0,0.005363601337948385,1.0000 0.0000
histfill,sentinel2,treatment_0007,treatment,treatment_0007,2,2,10,candidate,2,,,0.0,,3.0,0.005363601337948385,1.0000 0.0000
histfill,sentinel2,treatment_0007,treatment,treatment_0007,2,2,10,candidate,2,,,0.0,,4.0,0.005363601337948385,1.0000 0.0000
histfill,sentinel2,treatment_0007,treatment,treatment_0007,2,2,10,candidate,2,,,0.0,,5.0,0.005363601337948385,1.0000 0.0000
histfill,sentinel2,treatment_0007,treatment,treatment_0007,2,2,10,candidate,2,,,0.0,,6.0,0.005363601337948385,1.0000 0.0000
histfill,sentinel2,treatment_0007,treatment,treatment_0007,2,2,10,candidate,2,,,0.0,,7.0,0.005363601337948385,1.0000 0.0000
histfill,sentinel2,treatment_0008,treatment,treatment_0008,2,2,10,path,1,1.0,0.006302852426119646,inf,True,,,
histfill,sentinel2,treatment_0008,treatment,treatment_0008,2,2,10,path,2,2.0,0.006302852426119646,0.0,False,,,
histfill,sentinel2,treatment_0008,treatment,treatment_0008,2,2,10,candidate,1,,,,,1.0,0.006302852426119646,1.0000
histfill,sentinel2,treatment_0008,treatment,treatment_0008,2,2,10,candidate,1,,,,,2.0,0.013207270146661855,1.0000
histfill,sentinel2,treatment_0008,treatment,treatment_0008,2,2,10,candidate,1,,,,,3.0,0.02197978156646287,1.0000
histfill,sentinel2,treatment_0008,treatment,treatment_0008,2,2,10,candidate,1,,,,,4.0,0.03234681006445784,1.0000
histfill,sentinel2,treatment_0008,treatment,treatment_0008,2,2,10,candidate,1,,,,,5.0,0.044190638075468844,1.0000
histfill,sentinel2,treatment_0008,treatment,treatment_0008,2,2,10,candidate,1,,,,,6.0,0.05756335336133175,1.0000
histfill,sentinel2,treatment_0008,treatment,treatment_0008,2,2,10,candidate,1,,,,,7.0,0.07272598714871505,1.0000
histfill,sentinel2,treatment_0008,treatment,treatment_0008,2,2,10,candidate,2,,,0.0,,2.0,0.006302852426119646,1.0000 0.0000
histfill,sentinel2,treatment_0008,treatment,treatment_0008,2,2,10,candidate,2,,,0.0,,3.0,0.006302852426119646,1.0000 0.0000
histfill,sentinel2,treatment_0008,treatment,treatment_0008,2,2,10,candidate,2,,,0.0,,4.0,0.006302852426119646,1.0000 0.0000
histfill,sentinel2,treatment_0008,treatment,treatment_0008,2,2,10,candidate,2,,,0.0,,5.0,0.006302852426119646,1.0000 0.0000
histfill,sentinel2,treatment_0008,treatment,treatment_0008,2,2,10,candidate,2,,,0.0,,6.0,0.006302852426119646,1.0000 0.0000
histfill,sentinel2,treatment_0008,treatment,treatment_0008,2,2,10,candidate,2,,,0.0,,7.0,0.006302852426119646,1.0000 0.0000
histfill,sentinel2,treatment_0009,treatment,treatment_0009,2,2,10,path,1,1.0,0.005878471594398151,inf,True,,,
histfill,sentinel2,treatment_0009,treatment,treatment_0009,2,2,10,path,2,2.0,0.005878471594398151,0.0,False,,,
histfill,sentinel2,treatment_0009,treatment,treatment_0009,2,2,10,candidate,1,,,,,1.0,0.005878471594398151,1.0000
histfill,sentinel2,treatment_0009,treatment,treatment_0009,2,2,10,candidate,1,,,,,2.0,0.012131079870116664,1.0000
histfill,sentinel2,treatment_0009,treatment,treatment_0009,2,2,10,candidate,1,,,,,3.0,0.019923548238842334,1.0000
histfill,sentinel2,treatment_0009,treatment,treatment_0009,2,2,10,candidate,1,,,,,4.0,0.02901494258187224,1.0000
histfill,sentinel2,treatment_0009,treatment,treatment_0009,2,2,10,candidate,1,,,,,5.0,0.03935741343482892,1.0000
histfill,sentinel2,treatment_0009,treatment,treatment_0009,2,2,10,candidate,1,,,,,6.0,0.05110100115105348,1.0000
histfill,sentinel2,treatment_0009,treatment,treatment_0009,2,2,10,candidate,1,,,,,7.0,0.06462275429973763,1.0000
histfill,sentinel2,treatment_0009,treatment,treatment_0009,2,2,10,candidate,2,,,0.0,,2.0,0.005878471594398151,1.0000 0.0000
histfill,sentinel2,treatment_0009,treatment,treatment_0009,2,2,10,candidate,2,,,0.0,,3.0,0.005878471594398151,1.0000 0.0000
histfill,sentinel2,treatment_0009,treatment,treatment_0009,2,2,10,candidate,2,,,0.0,,4.0,0.005878471594398151,1.0000 0.0000
histfill,sentinel2,treatment_0009,treatment,treatment_0009,2,2,10,candidate,2,,,0.0,,5.0,0.005878471594398151,1.0000 0.0000
histfill,sentinel2,treatment_0009,treatment,treatment_0009,2,2,10,candidate,2,,,0.0,,6.0,0.005878471594398151,1.0000 0.0000
histfill,sentinel2,treatment_0009,treatment,treatment_0009,2,2,10,candidate,2,,,0.0,,7.0,0.005878471594398151,1.0000 0.0000
histfill,sentinel2,treatment_0010,treatment,treatment_0010,2,2,10,path,1,1.0,0.010355451425231638,inf,True,,,
histfill,sentinel2,treatment_0010,treatment,treatment_0010,2,2,10,path,2,2.0,0.010355451425231638,0.0,False,,,
histfill,sentinel2,treatment_0010,treatment,treatment_0010,2,2,10,candidate,1,,,,,1.0,0.010355451425231638,1.0000
histfill,sentinel2,treatment_0010,treatment,treatment_0010,2,2,10,candidate,1,,,,,2.0,0.02030788882337487,1.0000
histfill,sentinel2,treatment_0010,treatment,treatment_0010,2,2,10,candidate,1,,,,,3.0,0.03148128770438402,1.0000
histfill,sentinel2,treatment_0010,treatment,treatment_0010,2,2,10,candidate,1,,,,,4.0,0.04305424235827618,1.0000
histfill,sentinel2,treatment_0010,treatment,treatment_0010,2,2,10,candidate,1,,,,,5.0,0.0546549118252173,1.0000
histfill,sentinel2,treatment_0010,treatment,treatment_0010,2,2,10,candidate,1,,,,,6.0,0.06630169276006036,1.0000
histfill,sentinel2,treatment_0010,treatment,treatment_0010,2,2,10,candidate,1,,,,,7.0,0.07842080884333452,1.0000
histfill,sentinel2,treatment_0010,treatment,treatment_0010,2,2,10,candidate,2,,,0.0,,2.0,0.010355451425231638,1.0000 0.0000
histfill,sentinel2,treatment_0010,treatment,treatment_0010,2,2,10,candidate,2,,,0.0,,3.0,0.010355451425231638,1.0000 0.0000
histfill,sentinel2,treatment_0010,treatment,treatment_0010,2,2,10,candidate,2,,,0.0,,4.0,0.010355451425231638,1.0000 0.0000
histfill,sentinel2,treatment_0010,treatment,treatment_0010,2,2,10,candidate,2,,,0.0,,5.0,0.010355451425231638,1.0000 0.0000
histfill,sentinel2,treatment_0010,treatment,treatment_0010,2,2,10,candidate,2,,,0.0,,6.0,0.010355451425231638,1.0000 0.0000
histfill,sentinel2,treatment_0010,treatment,treatment_0010,2,2,10,candidate,2,,,0.0,,7.0,0.010355451425231638,1.0000 0.0000
histfill,sentinel2,treatment_0011,treatment,treatment_0011,2,2,10,path,1,1.0,0.0050330288510081495,inf,True,,,
histfill,sentinel2,treatment_0011,treatment,treatment_0011,2,2,10,path,2,2.0,0.0050330288510081495,0.0,False,,,
histfill,sentinel2,treatment_0011,treatment,treatment_0011,2,2,10,candidate,1,,,,,1.0,0.0050330288510081495,1.0000
histfill,sentinel2,treatment_0011,treatment,treatment_0011,2,2,10,candidate,1,,,,,2.0,0.011224687469355855,1.0000
histfill,sentinel2,treatment_0011,treatment,treatment_0011,2,2,10,candidate,1,,,,,3.0,0.019799152089346066,1.0000
histfill,sentinel2,treatment_0011,treatment,treatment_0011,2,2,10,candidate,1,,,,,4.0,0.030723112832370253,1.0000
histfill,sentinel2,treatment_0011,treatment,treatment_0011,2,2,10,candidate,1,,,,,5.0,0.043975325410460966,1.0000
histfill,sentinel2,treatment_0011,treatment,treatment_0011,2,2,10,candidate,1,,,,,6.0,0.05954625652173066,1.0000
histfill,sentinel2,treatment_0011,treatment,treatment_0011,2,2,10,candidate,1,,,,,7.0,0.07743867499128883,1.0000
histfill,sentinel2,treatment_0011,treatment,treatment_0011,2,2,10,candidate,2,,,0.0,,2.0,0.0050330288510081495,1.0000 0.0000
histfill,sentinel2,treatment_0011,treatment,treatment_0011,2,2,10,candidate,2,,,0.0,,3.0,0.0050330288510081495,1.0000 0.0000
histfill,sentinel2,treatment_0011,treatment,treatment_0011,2,2,10,candidate,2,,,0.0,,4.0,0.0050330288510081495,1.0000 0.0000
histfill,sentinel2,treatment_0011,treatment,treatment_0011,2,2,10,candidate,2,,,0.0,,5.0,0.0050330288510081495,1.0000 0.0000
histfill,sentinel2,treatment_0011,treatment,treatment_0011,2,2,10,candidate,2,,,0.0,,6.0,0.0050330288510081495,1.0000 0.0000
histfill,sentinel2,treatment_0011,treatment,treatment_0011,2,2,10,candidate,2,,,0.0,,7.0,0.0050330288510081495,1.0000 0.0000
histfill,sentinel2,treatment_0012,treatment,treatment_0012,2,2,10,path,1,1.0,0.006082319211361755,inf,True,,,
histfill,sentinel2,treatment_0012,treatment,treatment_0012,2,2,10,path,2,2.0,0.006082319211361755,0.0,False,,,
histfill,sentinel2,treatment_0012,treatment,treatment_0012,2,2,10,candidate,1,,,,,1.0,0.006082319211361755,1.0000
histfill,sentinel2,treatment_0012,treatment,treatment_0012,2,2,10,candidate,1,,,,,2.0,0.01363877909634715,1.0000
histfill,sentinel2,treatment_0012,treatment,treatment_0012,2,2,10,candidate,1,,,,,3.0,0.02416003980896808,1.0000
histfill,sentinel2,treatment_0012,treatment,treatment_0012,2,2,10,candidate,1,,,,,4.0,0.037608779523272434,1.0000
histfill,sentinel2,treatment_0012,treatment,treatment_0012,2,2,10,candidate,1,,,,,5.0,0.053945833938576195,1.0000
histfill,sentinel2,treatment_0012,treatment,treatment_0012,2,2,10,candidate,1,,,,,6.0,0.0731310515890346,1.0000
histfill,sentinel2,treatment_0012,treatment,treatment_0012,2,2,10,candidate,1,,,,,7.0,0.09512433729525592,1.0000
histfill,sentinel2,treatment_0012,treatment,treatment_0012,2,2,10,candidate,2,,,0.0,,2.0,0.006082319211361755,1.0000 0.0000
histfill,sentinel2,treatment_0012,treatment,treatment_0012,2,2,10,candidate,2,,,0.0,,3.0,0.006082319211361755,1.0000 0.0000
histfill,sentinel2,treatment_0012,treatment,treatment_0012,2,2,10,candidate,2,,,0.0,,4.0,0.006082319211361755,1.0000 0.0000
histfill,sentinel2,treatment_0012,treatment,treatment_0012,2,2,10,candidate,2,,,0.0,,5.0,0.006082319211361755,1.0000 0.0000
histfill,sentinel2,treatment_0012,treatment,treatment_0012,2,2,10,candidate,2,,,0.0,,6.0,0.006082319211361755,1.0000 0.0000
histfill,sentinel2,treatment_0012,treatment,treatment_0012,2,2,10,candidate,2,,,0.0,,7.0,0.006082319211361755,1.0000 0.0000
histfill,sentinel2,treatment_0013,treatment,treatment_0013,2,2,10,path,1,1.0,0.006411895419212184,inf,True,,,
histfill,sentinel2,treatment_0013,treatment,treatment_0013,2,2,10,path,2,2.0,0.006411895419212184,0.0,False,,,
histfill,sentinel2,treatment_0013,treatment,treatment_0013,2,2,10,candidate,1,,,,,1.0,0.006411895419212184,1.0000
histfill,sentinel2,treatment_0013,treatment,treatment_0013,2,2,10,candidate,1,,,,,2.0,0.01433055442471623,1.0000
histfill,sentinel2,treatment_0013,treatment,treatment_0013,2,2,10,candidate,1,,,,,3.0,0.025321125556719313,1.0000
histfill,sentinel2,treatment_0013,treatment,treatment_0013,2,2,10,candidate,1,,,,,4.0,0.039328543938202384,1.0000
histfill,sentinel2,treatment_0013,treatment,treatment_0013,2,2,10,candidate,1,,,,,5.0,0.056299826868882456,1.0000
histfill,sentinel2,treatment_0013,treatment,treatment_0013,2,2,10,candidate,1,,,,,6.0,0.07620987142846002,1.0000
histfill,sentinel2,treatment_0013,treatment,treatment_0013,2,2,10,candidate,1,,,,,7.0,0.09911232253892928,1.0000
histfill,sentinel2,treatment_0013,treatment,treatment_0013,2,2,10,candidate,2,,,0.0,,2.0,0.006411895419212184,1.0000 0.0000
histfill,sentinel2,treatment_0013,treatment,treatment_0013,2,2,10,candidate,2,,,0.0,,3.0,0.006411895419212184,1.0000 0.0000
histfill,sentinel2,treatment_0013,treatment,treatment_0013,2,2,10,candidate,2,,,0.0,,4.0,0.006411895419212184,1.0000 0.0000
histfill,sentinel2,treatment_0013,treatment,treatment_0013,2,2,10,candidate,2,,,0.0,,5.0,0.006411895419212184,1.0000 0.0000
histfill,sentinel2,treatment_0013,treatment,treatment_0013,2,2,10,candidate,2,,,0.0,,6.0,0.006411895419212184,1.0000 0.0000
histfill,sentinel2,treatment_0013,treatment,treatment_0013,2,2,10,candidate,2,,,0.0,,7.0,0.006411895419212184,1.0000 0.0000
histfill,sentinel2,treatment_0014,treatment,treatment_0014,2,2,10,path,1,1.0,0.007002283758349855,inf,True,,,
histfill,sentinel2,treatment_0014,treatment,treatment_0014,2,2,10,path,2,2.0,0.007002283758349855,0.0,False,,,
histfill,sentinel2,treatment_0014,treatment,treatment_0014,2,2,10,candidate,1,,,,,1.0,0.007002283758349855,1.0000
histfill,sentinel2,treatment_0014,treatment,treatment_0014,2,2,10,candidate,1,,,,,2.0,0.015761876280066194,1.0000
histfill,sentinel2,treatment_0014,treatment,treatment_0014,2,2,10,candidate,1,,,,,3.0,0.028029588986006614,1.0000
histfill,sentinel2,treatment_0014,treatment,treatment_0014,2,2,10,candidate,1,,,,,4.0,0.04380422918654734,1.0000
histfill,sentinel2,treatment_0014,treatment,treatment_0014,2,2,10,candidate,1,,,,,5.0,0.06308264747874447,1.0000
histfill,sentinel2,treatment_0014,treatment,treatment_0014,2,2,10,candidate,1,,,,,6.0,0.08586042411856172,1.0000
histfill,sentinel2,treatment_0014,treatment,treatment_0014,2,2,10,candidate,1,,,,,7.0,0.11213281121948383,1.0000
histfill,sentinel2,treatment_0014,treatment,treatment_0014,2,2,10,candidate,2,,,0.0,,2.0,0.007002283758349855,1.0000 0.0000
histfill,sentinel2,treatment_0014,treatment,treatment_0014,2,2,10,candidate,2,,,0.0,,3.0,0.007002283758349855,1.0000 0.0000
histfill,sentinel2,treatment_0014,treatment,treatment_0014,2,2,10,candidate,2,,,0.0,,4.0,0.007002283758349855,1.0000 0.0000
histfill,sentinel2,treatment_0014,treatment,treatment_0014,2,2,10,candidate,2,,,0.0,,5.0,0.007002283758349855,1.0000 0.0000
histfill,sentinel2,treatment_0014,treatment,treatment_0014,2,2,10,candidate,2,,,0.0,,6.0,0.007002283758349855,1.0000 0.0000
histfill,sentinel2,treatment_0014,treatment,treatment_0014,2,2,10,candidate,2,,,0.0,,7.0,0.007002283758349855,1.0000 0.0000
histfill,sentinel2,treatment_0015,treatment,treatment_0015,2,2,10,path,1,1.0,0.007696622867991713,inf,True,,,
histfill,sentinel2,treatment_0015,treatment,treatment_0015,2,2,10,path,2,2.0,0.007696622867991713,0.0,False,,,
histfill,sentinel2,treatment_0015,treatment,treatment_0015,2,2,10,candidate,1,,,,,1.0,0.007696622867991713,1.0000
histfill,sentinel2,treatment_0015,treatment,treatment_0015,2,2,10,candidate,1,,,,,2.0,0.015294708626497464,1.0000
histfill,sentinel2,treatment_0015,treatment,treatment_0015,2,2,10,candidate,1,,,,,3.0,0.02413308228075818,1.0000
histfill,sentinel2,treatment_0015,treatment,treatment_0015,2,2,10,candidate,1,,,,,4.0,0.033729505664364126,1.0000
histfill,sentinel2,treatment_0015,treatment,treatment_0015,2,2,10,candidate,1,,,,,5.0,0.04398851949833921,1.0000
histfill,sentinel2,treatment_0015,treatment,treatment_0015,2,2,10,candidate,1,,,,,6.0,0.05529479181828732,1.0000
histfill,sentinel2,treatment_0015,treatment,treatment_0015,2,2,10,candidate,1,,,,,7.0,0.06870007142308321,1.0000
histfill,sentinel2,treatment_0015,treatment,treatment_0015,2,2,10,candidate,2,,,0.0,,2.0,0.007696622867991713,1.0000 0.0000
histfill,sentinel2,treatment_0015,treatment,treatment_0015,2,2,10,candidate,2,,,0.0,,3.0,0.007696622867991713,1.0000 0.0000
histfill,sentinel2,treatment_0015,treatment,treatment_0015,2,2,10,candidate,2,,,0.0,,4.0,0.007696622867991713,1.0000 0.0000
histfill,sentinel2,treatment_0015,treatment,treatment_0015,2,2,10,candidate,2,,,0.0,,5.0,0.007696622867991713,1.0000 0.0000
histfill,sentinel2,treatment_0015,treatment,treatment_0015,2,2,10,candidate,2,,,0.0,,6.0,0.007696622867991713,1.0000 0.0000
histfill,sentinel2,treatment_0015,treatment,treatment_0015,2,2,10,candidate,2,,,0.0,,7.0,0.007696622867991713,1.0000 0.0000
histfill,sentinel2,treatment_0001,treatment,treatment_0001,2,3,10,path,1,1.0,0.006984442082950817,inf,True,,,
histfill,sentinel2,treatment_0001,treatment,treatment_0001,2,3,10,path,2,2.0,0.006984442082950817,0.0,False,,,
histfill,sentinel2,treatment_0001,treatment,treatment_0001,2,3,10,candidate,1,,,,,1.0,0.006984442082950817,1.0000
histfill,sentinel2,treatment_0001,treatment,treatment_0001,2,3,10,candidate,1,,,,,2.0,0.014801125915471912,1.0000
histfill,sentinel2,treatment_0001,treatment,treatment_0001,2,3,10,candidate,1,,,,,3.0,0.02485809385930123,1.0000
histfill,sentinel2,treatment_0001,treatment,treatment_0001,2,3,10,candidate,1,,,,,4.0,0.036839779271227335,1.0000
histfill,sentinel2,treatment_0001,treatment,treatment_0001,2,3,10,candidate,1,,,,,5.0,0.0505976102933996,1.0000
histfill,sentinel2,treatment_0001,treatment,treatment_0001,2,3,10,candidate,1,,,,,6.0,0.06620475355477104,1.0000
histfill,sentinel2,treatment_0001,treatment,treatment_0001,2,3,10,candidate,2,,,0.0,,2.0,0.006984442082950817,1.0000 0.0000
histfill,sentinel2,treatment_0001,treatment,treatment_0001,2,3,10,candidate,2,,,0.0,,3.0,0.006984442082950817,1.0000 0.0000
histfill,sentinel2,treatment_0001,treatment,treatment_0001,2,3,10,candidate,2,,,0.0,,4.0,0.006984442082950817,1.0000 0.0000
histfill,sentinel2,treatment_0001,treatment,treatment_0001,2,3,10,candidate,2,,,0.0,,5.0,0.006984442082950817,1.0000 0.0000
histfill,sentinel2,treatment_0001,treatment,treatment_0001,2,3,10,candidate,2,,,0.0,,6.0,0.006984442082950817,1.0000 0.0000
histfill,sentinel2,treatment_0002,treatment,treatment_0002,2,3,10,path,1,1.0,0.0038303725266164066,inf,True,,,
histfill,sentinel2,treatment_0002,treatment,treatment_0002,2,3,10,path,2,2.0,0.0038303725266164066,0.0,False,,,
histfill,sentinel2,treatment_0002,treatment,treatment_0002,2,3,10,candidate,1,,,,,1.0,0.0038303725266164066,1.0000
histfill,sentinel2,treatment_0002,treatment,treatment_0002,2,3,10,candidate,1,,,,,2.0,0.008543394562075679,1.0000
histfill,sentinel2,treatment_0002,treatment,treatment_0002,2,3,10,candidate,1,,,,,3.0,0.01506859588372454,1.0000
histfill,sentinel2,treatment_0002,treatment,treatment_0002,2,3,10,candidate,1,,,,,4.0,0.023378396758322893,1.0000
histfill,sentinel2,treatment_0002,treatment,treatment_0002,2,3,10,candidate,1,,,,,5.0,0.03345463700952181,1.0000
histfill,sentinel2,treatment_0002,treatment,treatment_0002,2,3,10,candidate,1,,,,,6.0,0.04528844712400369,1.0000
histfill,sentinel2,treatment_0002,treatment,treatment_0002,2,3,10,candidate,2,,,0.0,,2.0,0.0038303725266164066,1.0000 0.0000
histfill,sentinel2,treatment_0002,treatment,treatment_0002,2,3,10,candidate,2,,,0.0,,3.0,0.0038303725266164066,1.0000 0.0000
histfill,sentinel2,treatment_0002,treatment,treatment_0002,2,3,10,candidate,2,,,0.0,,4.0,0.0038303725266164066,1.0000 0.0000
histfill,sentinel2,treatment_0002,treatment,treatment_0002,2,3,10,candidate,2,,,0.0,,5.0,0.0038303725266164066,1.0000 0.0000
histfill,sentinel2,treatment_0002,treatment,treatment_0002,2,3,10,candidate,2,,,0.0,,6.0,0.0038303725266164066,1.0000 0.0000
histfill,sentinel2,treatment_0003,treatment,treatment_0003,2,3,10,path,1,1.0,0.005518520845064863,inf,True,,,
histfill,sentinel2,treatment_0003,treatment,treatment_0003,2,3,10,path,2,2.0,0.005518520845064863,0.0,False,,,
histfill,sentinel2,treatment_0003,treatment,treatment_0003,2,3,10,candidate,1,,,,,1.0,0.005518520845064863,1.0000
histfill,sentinel2,treatment_0003,treatment,treatment_0003,2,3,10,candidate,1,,,,,2.0,0.012077034691937577,1.0000
histfill,sentinel2,treatment_0003,treatment,treatment_0003,2,3,10,candidate,1,,,,,3.0,0.020953026404281032,1.0000
histfill,sentinel2,treatment_0003,treatment,treatment_0003,2,3,10,candidate,1,,,,,4.0,0.03205193107448265,1.0000
histfill,sentinel2,treatment_0003,treatment,treatment_0003,2,3,10,candidate,1,,,,,5.0,0.045327014921439125,1.0000
histfill,sentinel2,treatment_0003,treatment,treatment_0003,2,3,10,candidate,1,,,,,6.0,0.06078186020204157,1.0000
histfill,sentinel2,treatment_0003,treatment,treatment_0003,2,3,10,candidate,2,,,0.0,,2.0,0.005518520845064863,1.0000 0.0000
histfill,sentinel2,treatment_0003,treatment,treatment_0003,2,3,10,candidate,2,,,0.0,,3.0,0.005518520845064863,1.0000 0.0000
histfill,sentinel2,treatment_0003,treatment,treatment_0003,2,3,10,candidate,2,,,0.0,,4.0,0.005518520845064863,1.0000 0.0000
histfill,sentinel2,treatment_0003,treatment,treatment_0003,2,3,10,candidate,2,,,0.0,,5.0,0.005518520845064863,1.0000 0.0000
histfill,sentinel2,treatment_0003,treatment,treatment_0003,2,3,10,candidate,2,,,0.0,,6.0,0.005518520845064863,1.0000 0.0000
histfill,sentinel2,treatment_0004,treatment,treatment_0004,2,3,10,path,1,1.0,0.005568097398734126,inf,True,,,
histfill,sentinel2,treatment_0004,treatment,treatment_0004,2,3,10,path,2,2.0,0.005568097398734126,0.0,False,,,
histfill,sentinel2,treatment_0004,treatment,treatment_0004,2,3,10,candidate,1,,,,,1.0,0.005568097398734126,1.0000
histfill,sentinel2,treatment_0004,treatment,treatment_0004,2,3,10,candidate,1,,,,,2.0,0.011946059873658923,1.0000
histfill,sentinel2,treatment_0004,treatment,treatment_0004,2,3,10,candidate,1,,,,,3.0,0.020399514796293948,1.0000
histfill,sentinel2,treatment_0004,treatment,treatment_0004,2,3,10,candidate,1,,,,,4.0,0.030821094559613064,1.0000
histfill,sentinel2,treatment_0004,treatment,treatment_0004,2,3,10,candidate,1,,,,,5.0,0.04318270404811732,1.0000
histfill,sentinel2,treatment_0004,treatment,treatment_0004,2,3,10,candidate,1,,,,,6.0,0.05754406339630956,1.0000
histfill,sentinel2,treatment_0004,treatment,treatment_0004,2,3,10,candidate,2,,,0.0,,2.0,0.005568097398734126,1.0000 0.0000
histfill,sentinel2,treatment_0004,treatment,treatment_0004,2,3,10,candidate,2,,,0.0,,3.0,0.005568097398734126,1.0000 0.0000
histfill,sentinel2,treatment_0004,treatment,treatment_0004,2,3,10,candidate,2,,,0.0,,4.0,0.005568097398734126,1.0000 0.0000
histfill,sentinel2,treatment_0004,treatment,treatment_0004,2,3,10,candidate,2,,,0.0,,5.0,0.005568097398734126,1.0000 0.0000
histfill,sentinel2,treatment_0004,treatment,treatment_0004,2,3,10,candidate,2,,,0.0,,6.0,0.005568097398734126,1.0000 0.0000
histfill,sentinel2,treatment_0005,treatment,treatment_0005,2,3,10,path,1,1.0,0.004674694672933975,inf,True,,,
histfill,sentinel2,treatment_0005,treatment,treatment_0005,2,3,10,path,2,2.0,0.004674694672933975,0.0,False,,,
histfill,sentinel2,treatment_0005,treatment,treatment_0005,2,3,10,candidate,1,,,,,1.0,0.004674694672933975,1.0000
histfill,sentinel2,treatment_0005,treatment,treatment_0005,2,3,10,candidate,1,,,,,2.0,0.010145627668245612,1.0000
histfill,sentinel2,treatment_0005,treatment,treatment_0005,2,3,10,candidate,1,,,,,3.0,0.017434009049806052,1.0000
histfill,sentinel2,treatment_0005,treatment,treatment_0005,2,3,10,candidate,1,,,,,4.0,0.026397048756937925,1.0000
histfill,sentinel2,treatment_0005,treatment,treatment_0005,2,3,10,candidate,1,,,,,5.0,0.03695042646015984,1.0000
histfill,sentinel2,treatment_0005,treatment,treatment_0005,2,3,10,candidate,1,,,,,6.0,0.04908195464517833,1.0000
histfill,sentinel2,treatment_0005,treatment,treatment_0005,2,3,10,candidate,2,,,0.0,,2.0,0.004674694672933975,1.0000 0.0000
histfill,sentinel2,treatment_0005,treatment,treatment_0005,2,3,10,candidate,2,,,0.0,,3.0,0.004674694672933975,1.0000 0.0000
histfill,sentinel2,treatment_0005,treatment,treatment_0005,2,3,10,candidate,2,,,0.0,,4.0,0.004674694672933975,1.0000 0.0000
histfill,sentinel2,treatment_0005,treatment,treatment_0005,2,3,10,candidate,2,,,0.0,,5.0,0.004674694672933975,1.0000 0.0000
histfill,sentinel2,treatment_0005,treatment,treatment_0005,2,3,10,candidate,2,,,0.0,,6.0,0.004674694672933975,1.0000 0.0000
histfill,sentinel2,treatment_0006,treatment,treatment_0006,2,3,10,path,1,1.0,0.006263220971344902,inf,True,,,
histfill,sentinel2,treatment_0006,treatment,treatment_0006,2,3,10,path,2,2.0,0.006263220971344902,0.0,False,,,
histfill,sentinel2,treatment_0006,treatment,treatment_0006,2,3,10,candidate,1,,,,,1.0,0.006263220971344902,1.0000
histfill,sentinel2,treatment_0006,treatment,treatment_0006,2,3,10,candidate,1,,,,,2.0,0.013782029429031164,1.0000
histfill,sentinel2,treatment_0006,treatment,treatment_0006,2,3,10,candidate,1,,,,,3.0,0.02397341403473855,1.0000
histfill,sentinel2,treatment_0006,treatment,treatment_0006,2,3,10,candidate,1,,,,,4.0,0.0366721303287178,1.0000
histfill,sentinel2,treatment_0006,treatment,treatment_0006,2,3,10,candidate,1,,,,,5.0,0.05173474424482327,1.0000
histfill,sentinel2,treatment_0006,treatment,treatment_0006,2,3,10,candidate,1,,,,,6.0,0.06904276348637914,1.0000
histfill,sentinel2,treatment_0006,treatment,treatment_0006,2,3,10,candidate,2,,,0.0,,2.0,0.006263220971344902,1.0000 0.0000
histfill,sentinel2,treatment_0006,treatment,treatment_0006,2,3,10,candidate,2,,,0.0,,3.0,0.006263220971344902,1.0000 0.0000
histfill,sentinel2,treatment_0006,treatment,treatment_0006,2,3,10,candidate,2,,,0.0,,4.0,0.006263220971344902,1.0000 0.0000
histfill,sentinel2,treatment_0006,treatment,treatment_0006,2,3,10,candidate,2,,,0.0,,5.0,0.006263220971344902,1.0000 0.0000
histfill,sentinel2,treatment_0006,treatment,treatment_0006,2,3,10,candidate,2,,,0.0,,6.0,0.006263220971344902,1.0000 0.0000
histfill,sentinel2,treatment_0007,treatment,treatment_0007,2,3,10,path,1,1.0,0.005324182537099631,inf,True,,,
histfill,sentinel2,treatment_0007,treatment,treatment_0007,2,3,10,path,2,2.0,0.005324182537099631,0.0,False,,,
histfill,sentinel2,treatment_0007,treatment,treatment_0007,2,3,10,candidate,1,,,,,1.0,0.005324182537099631,1.0000
histfill,sentinel2,treatment_0007,treatment,treatment_0007,2,3,10,candidate,1,,,,,2.0,0.011880521293741416,1.0000
histfill,sentinel2,treatment_0007,treatment,treatment_0007,2,3,10,candidate,1,,,,,3.0,0.020967064947455212,1.0000
histfill,sentinel2,treatment_0007,treatment,treatment_0007,2,3,10,candidate,1,,,,,4.0,0.032557224857604455,1.0000
histfill,sentinel2,treatment_0007,treatment,treatment_0007,2,3,10,candidate,1,,,,,5.0,0.04664573210995749,1.0000
histfill,sentinel2,treatment_0007,treatment,treatment_0007,2,3,10,candidate,1,,,,,6.0,0.06325197301778679,1.0000
histfill,sentinel2,treatment_0007,treatment,treatment_0007,2,3,10,candidate,2,,,0.0,,2.0,0.005324182537099631,1.0000 0.0000
histfill,sentinel2,treatment_0007,treatment,treatment_0007,2,3,10,candidate,2,,,0.0,,3.0,0.005324182537099631,1.0000 0.0000
histfill,sentinel2,treatment_0007,treatment,treatment_0007,2,3,10,candidate,2,,,0.0,,4.0,0.005324182537099631,1.0000 0.0000
histfill,sentinel2,treatment_0007,treatment,treatment_0007,2,3,10,candidate,2,,,0.0,,5.0,0.005324182537099631,1.0000 0.0000
histfill,sentinel2,treatment_0007,treatment,treatment_0007,2,3,10,candidate,2,,,0.0,,6.0,0.005324182537099631,1.0000 0.0000
histfill,sentinel2,treatment_0008,treatment,treatment_0008,2,3,10,path,1,1.0,0.00595514282558672,inf,True,,,
histfill,sentinel2,treatment_0008,treatment,treatment_0008,2,3,10,path,2,2.0,0.00595514282558672,0.0,False,,,
histfill,sentinel2,treatment_0008,treatment,treatment_0008,2,3,10,candidate,1,,,,,1.0,0.00595514282558672,1.0000
histfill,sentinel2,treatment_0008,treatment,treatment_0008,2,3,10,candidate,1,,,,,2.0,0.012573501715450424,1.0000
histfill,sentinel2,treatment_0008,treatment,treatment_0008,2,3,10,candidate,1,,,,,3.0,0.02110720257728001,1.0000
histfill,sentinel2,treatment_0008,treatment,treatment_0008,2,3,10,candidate,1,,,,,4.0,0.03137095353326681,1.0000
histfill,sentinel2,treatment_0008,treatment,treatment_0008,2,3,10,candidate,1,,,,,5.0,0.043342993824012695,1.0000
histfill,sentinel2,treatment_0008,treatment,treatment_0008,2,3,10,candidate,1,,,,,6.0,0.05719177687385944,1.0000
histfill,sentinel2,treatment_0008,treatment,treatment_0008,2,3,10,candidate,2,,,0.0,,2.0,0.00595514282558672,1.0000 0.0000
histfill,sentinel2,treatment_0008,treatment,treatment_0008,2,3,10,candidate,2,,,0.0,,3.0,0.00595514282558672,1.0000 0.0000
histfill,sentinel2,treatment_0008,treatment,treatment_0008,2,3,10,candidate,2,,,0.0,,4.0,0.00595514282558672,1.0000 0.0000
histfill,sentinel2,treatment_0008,treatment,treatment_0008,2,3,10,candidate,2,,,0.0,,5.0,0.00595514282558672,1.0000 0.0000
histfill,sentinel2,treatment_0008,treatment,treatment_0008,2,3,10,candidate,2,,,0.0,,6.0,0.00595514282558672,1.0000 0.0000
histfill,sentinel2,treatment_0009,treatment,treatment_0009,2,3,10,path,1,1.0,0.005478791100778744,inf,True,,,
histfill,sentinel2,treatment_0009,treatment,treatment_0009,2,3,10,path,2,2.0,0.005478791100778744,0.0,False,,,
histfill,sentinel2,treatment_0009,treatment,treatment_0009,2,3,10,candidate,1,,,,,1.0,0.005478791100778744,1.0000
histfill,sentinel2,treatment_0009,treatment,treatment_0009,2,3,10,candidate,1,,,,,2.0,0.011411967850725511,1.0000
histfill,sentinel2,treatment_0009,treatment,treatment_0009,2,3,10,candidate,1,,,,,3.0,0.018951106536124657,1.0000
histfill,sentinel2,treatment_0009,treatment,treatment_0009,2,3,10,candidate,1,,,,,4.0,0.02795670574783475,1.0000
histfill,sentinel2,treatment_0009,treatment,treatment_0009,2,3,10,candidate,1,,,,,5.0,0.03848580454839534,1.0000
histfill,sentinel2,treatment_0009,treatment,treatment_0009,2,3,10,candidate,1,,,,,6.0,0.05080908949887599,1.0000
histfill,sentinel2,treatment_0009,treatment,treatment_0009,2,3,10,candidate,2,,,0.0,,2.0,0.005478791100778744,1.0000 0.0000
histfill,sentinel2,treatment_0009,treatment,treatment_0009,2,3,10,candidate,2,,,0.0,,3.0,0.005478791100778744,1.0000 0.0000
histfill,sentinel2,treatment_0009,treatment,treatment_0009,2,3,10,candidate,2,,,0.0,,4.0,0.005478791100778744,1.0000 0.0000
histfill,sentinel2,treatment_0009,treatment,treatment_0009,2,3,10,candidate,2,,,0.0,,5.0,0.005478791100778744,1.0000 0.0000
histfill,sentinel2,treatment_0009,treatment,treatment_0009,2,3,10,candidate,2,,,0.0,,6.0,0.005478791100778744,1.0000 0.0000
histfill,sentinel2,treatment_0010,treatment,treatment_0010,2,3,10,path,1,1.0,0.009273810374347312,inf,True,,,
histfill,sentinel2,treatment_0010,treatment,treatment_0010,2,3,10,path,2,2.0,0.009273810374347312,0.0,False,,,
histfill,sentinel2,treatment_0010,treatment,treatment_0010,2,3,10,candidate,1,,,,,1.0,0.009273810374347312,1.0000
histfill,sentinel2,treatment_0010,treatment,treatment_0010,2,3,10,candidate,1,,,,,2.0,0.01830747060354054,1.0000
histfill,sentinel2,treatment_0010,treatment,treatment_0010,2,3,10,candidate,1,,,,,3.0,0.028666814185304194,1.0000
histfill,sentinel2,treatment_0010,treatment,treatment_0010,2,3,10,candidate,1,,,,,4.0,0.039746053994590295,1.0000
histfill,sentinel2,treatment_0010,treatment,treatment_0010,2,3,10,candidate,1,,,,,5.0,0.051353609540060643,1.0000
histfill,sentinel2,treatment_0010,treatment,treatment_0010,2,3,10,candidate,1,,,,,6.0,0.0636956652968861,1.0000
histfill,sentinel2,treatment_0010,treatment,treatment_0010,2,3,10,candidate,2,,,0.0,,2.0,0.009273810374347312,1.0000 0.0000
histfill,sentinel2,treatment_0010,treatment,treatment_0010,2,3,10,candidate,2,,,0.0,,3.0,0.009273810374347312,1.0000 0.0000
histfill,sentinel2,treatment_0010,treatment,treatment_0010,2,3,10,candidate,2,,,0.0,,4.0,0.009273810374347312,1.0000 0.0000
histfill,sentinel2,treatment_0010,treatment,treatment_0010,2,3,10,candidate,2,,,0.0,,5.0,0.009273810374347312,1.0000 0.0000
histfill,sentinel2,treatment_0010,treatment,treatment_0010,2,3,10,candidate,2,,,0.0,,6.0,0.009273810374347312,1.0000 0.0000
histfill,sentinel2,treatment_0011,treatment,treatment_0011,2,3,10,path,1,1.0,0.004998719820570834,inf,True,,,
histfill,sentinel2,treatment_0011,treatment,treatment_0011,2,3,10,path,2,2.0,0.004998719820570834,0.0,False,,,
histfill,sentinel2,treatment_0011,treatment,treatment_0011,2,3,10,candidate,1,,,,,1.0,0.004998719820570834,1.0000
histfill,sentinel2,treatment_0011,treatment,treatment_0011,2,3,10,candidate,1,,,,,2.0,0.011162805289449126,1.0000
histfill,sentinel2,treatment_0011,treatment,treatment_0011,2,3,10,candidate,1,,,,,3.0,0.019715085435401077,1.0000
histfill,sentinel2,treatment_0011,treatment,treatment_0011,2,3,10,candidate,1,,,,,4.0,0.030630827561718928,1.0000
histfill,sentinel2,treatment_0011,treatment,treatment_0011,2,3,10,candidate,1,,,,,5.0,0.043897352469084557,1.0000
histfill,sentinel2,treatment_0011,treatment,treatment_0011,2,3,10,candidate,1,,,,,6.0,0.05951414950629738,1.0000
histfill,sentinel2,treatment_0011,treatment,treatment_0011,2,3,10,candidate,2,,,0.0,,2.0,0.004998719820570834,1.0000 0.0000
histfill,sentinel2,treatment_0011,treatment,treatment_0011,2,3,10,candidate,2,,,0.0,,3.0,0.004998719820570834,1.0000 0.0000
histfill,sentinel2,treatment_0011,treatment,treatment_0011,2,3,10,candidate,2,,,0.0,,4.0,0.004998719820570834,1.0000 0.0000
histfill,sentinel2,treatment_0011,treatment,treatment_0011,2,3,10,candidate,2,,,0.0,,5.0,0.004998719820570834,1.0000 0.0000
histfill,sentinel2,treatment_0011,treatment,treatment_0011,2,3,10,candidate,2,,,0.0,,6.0,0.004998719820570834,1.0000 0.0000
histfill,sentinel2,treatment_0012,treatment,treatment_0012,2,3,10,path,1,1.0,0.006065811413185672,inf,True,,,
histfill,sentinel2,treatment_0012,treatment,treatment_0012,2,3,10,path,2,2.0,0.006065811413185672,0.0,False,,,
histfill,sentinel2,treatment_0012,treatment,treatment_0012,2,3,10,candidate,1,,,,,1.0,0.006065811413185672,1.0000
histfill,sentinel2,treatment_0012,treatment,treatment_0012,2,3,10,candidate,1,,,,,2.0,0.01360272589981493,1.0000
histfill,sentinel2,treatment_0012,treatment,treatment_0012,2,3,10,candidate,1,,,,,3.0,0.024098186131697643,1.0000
histfill,sentinel2,treatment_0012,treatment,treatment_0012,2,3,10,candidate,1,,,,,4.0,0.03751622185973485,1.0000
histfill,sentinel2,treatment_0012,treatment,treatment_0012,2,3,10,candidate,1,,,,,5.0,0.05381944864898434,1.0000
histfill,sentinel2,treatment_0012,treatment,treatment_0012,2,3,10,candidate,1,,,,,6.0,0.07297001961164264,1.0000
histfill,sentinel2,treatment_0012,treatment,treatment_0012,2,3,10,candidate,2,,,0.0,,2.0,0.006065811413185672,1.0000 0.0000
histfill,sentinel2,treatment_0012,treatment,treatment_0012,2,3,10,candidate,2,,,0.0,,3.0,0.006065811413185672,1.0000 0.0000
histfill,sentinel2,treatment_0012,treatment,treatment_0012,2,3,10,candidate,2,,,0.0,,4.0,0.006065811413185672,1.0000 0.0000
histfill,sentinel2,treatment_0012,treatment,treatment_0012,2,3,10,candidate,2,,,0.0,,5.0,0.006065811413185672,1.0000 0.0000
histfill,sentinel2,treatment_0012,treatment,treatment_0012,2,3,10,candidate,2,,,0.0,,6.0,0.006065811413185672,1.0000 0.0000
histfill,sentinel2,treatment_0013,treatment,treatment_0013,2,3,10,path,1,1.0,0.006440261859810519,inf,True,,,
histfill,sentinel2,treatment_0013,treatment,treatment_0013,2,3,10,path,2,2.0,0.006440261859810519,0.0,False,,,
histfill,sentinel2,treatment_0013,treatment,treatment_0013,2,3,10,candidate,1,,,,,1.0,0.006440261859810519,1.0000
histfill,sentinel2,treatment_0013,treatment,treatment_0013,2,3,10,candidate,1,,,,,2.0,0.014441982928344777,1.0000
histfill,sentinel2,treatment_0013,treatment,treatment_0013,2,3,10,candidate,1,,,,,3.0,0.025594561369247468,1.0000
histfill,sentinel2,treatment_0013,treatment,treatment_0013,2,3,10,candidate,1,,,,,4.0,0.03986976207133749,1.0000
histfill,sentinel2,treatment_0013,treatment,treatment_0013,2,3,10,candidate,1,,,,,5.0,0.057254513473585816,1.0000
histfill,sentinel2,treatment_0013,treatment,treatment_0013,2,3,10,candidate,1,,,,,6.0,0.07778903795740041,1.0000
histfill,sentinel2,treatment_0013,treatment,treatment_0013,2,3,10,candidate,2,,,0.0,,2.0,0.006440261859810519,1.0000 0.0000
histfill,sentinel2,treatment_0013,treatment,treatment_0013,2,3,10,candidate,2,,,0.0,,3.0,0.006440261859810519,1.0000 0.0000
histfill,sentinel2,treatment_0013,treatment,treatment_0013,2,3,10,candidate,2,,,0.0,,4.0,0.006440261859810519,1.0000 0.0000
histfill,sentinel2,treatment_0013,treatment,treatment_0013,2,3,10,candidate,2,,,0.0,,5.0,0.006440261859810519,1.0000 0.0000
histfill,sentinel2,treatment_0013,treatment,treatment_0013,2,3,10,candidate,2,,,0.0,,6.0,0.006440261859810519,1.0000 0.0000
histfill,sentinel2,treatment_0014,treatment,treatment_0014,2,3,10,path,1,1.0,0.007009862515047066,inf,True,,,
histfill,sentinel2,treatment_0014,treatment,treatment_0014,2,3,10,path,2,2.0,0.007009862515047066,0.0,False,,,
histfill,sentinel2,treatment_0014,treatment,treatment_0014,2,3,10,candidate,1,,,,,1.0,0.007009862515047066,1.0000
histfill,sentinel2,treatment_0014,treatment,treatment_0014,2,3,10,candidate,1,,,,,2.0,0.01578057297681358,1.0000
histfill,sentinel2,treatment_0014,treatment,treatment_0014,2,3,10,candidate,1,,,,,3.0,0.028065908886899978,1.0000
histfill,sentinel2,treatment_0014,treatment,treatment_0014,2,3,10,candidate,1,,,,,4.0,0.04386618531818666,1.0000
histfill,sentinel2,treatment_0014,treatment,treatment_0014,2,3,10,candidate,1,,,,,5.0,0.06318014188811469,1.0000
histfill,sentinel2,treatment_0014,treatment,treatment_0014,2,3,10,candidate,1,,,,,6.0,0.0860057600731466,1.0000
histfill,sentinel2,treatment_0014,treatment,treatment_0014,2,3,10,candidate,2,,,0.0,,2.0,0.007009862515047066,1.0000 0.0000
histfill,sentinel2,treatment_0014,treatment,treatment_0014,2,3,10,candidate,2,,,0.0,,3.0,0.007009862515047066,1.0000 0.0000
histfill,sentinel2,treatment_0014,treatment,treatment_0014,2,3,10,candidate,2,,,0.0,,4.0,0.007009862515047066,1.0000 0.0000
histfill,sentinel2,treatment_0014,treatment,treatment_0014,2,3,10,candidate,2,,,0.0,,5.0,0.007009862515047066,1.0000 0.0000
histfill,sentinel2,treatment_0014,treatment,treatment_0014,2,3,10,candidate,2,,,0.0,,6.0,0.007009862515047066,1.0000 0.0000
histfill,sentinel2,treatment_0015,treatment,treatment_0015,2,3,10,path,1,1.0,0.007020694942355019,inf,True,,,
histfill,sentinel2,treatment_0015,treatment,treatment_0015,2,3,10,path,2,2.0,0.007020694942355019,0.0,False,,,
histfill,sentinel2,treatment_0015,treatment,treatment_0015,2,3,10,candidate,1,,,,,1.0,0.007020694942355019,1.0000
histfill,sentinel2,treatment_0015,treatment,treatment_0015,2,3,10,candidate,1,,,,,2.0,0.014111996333239816,1.0000
histfill,sentinel2,treatment_0015,treatment,treatment_0015,2,3,10,candidate,1,,,,,3.0,0.022594752446763445,1.0000
histfill,sentinel2,treatment_0015,treatment,treatment_0015,2,3,10,candidate,1,,,,,4.0,0.032182874145012856,1.0000
histfill,sentinel2,treatment_0015,treatment,treatment_0015,2,3,10,candidate,1,,,,,5.0,0.043017311891494346,1.0000
histfill,sentinel2,treatment_0015,treatment,treatment_0015,2,3,10,candidate,1,,,,,6.0,0.05580565978790967,1.0000
histfill,sentinel2,treatment_0015,treatment,treatment_0015,2,3,10,candidate,2,,,0.0,,2.0,0.007020694942355019,1.0000 0.0000
histfill,sentinel2,treatment_0015,treatment,treatment_0015,2,3,10,candidate,2,,,0.0,,3.0,0.007020694942355019,1.0000 0.0000
histfill,sentinel2,treatment_0015,treatment,treatment_0015,2,3,10,candidate,2,,,0.0,,4.0,0.007020694942355019,1.0000 0.0000
histfill,sentinel2,treatment_0015,treatment,treatment_0015,2,3,10,candidate,2,,,0.0,,5.0,0.007020694942355019,1.0000 0.0000
histfill,sentinel2,treatment_0015,treatment,treatment_0015,2,3,10,candidate,2,,,0.0,,6.0,0.007020694942355019,1.0000 0.0000
histfill,sentinel2,treatment_0001,treatment,treatment_0001,2,4,10,path,1,1.0,0.006677255426340805,inf,True,,,
histfill,sentinel2,treatment_0001,treatment,treatment_0001,2,4,10,path,2,2.0,0.006677255426340805,0.0,False,,,
histfill,sentinel2,treatment_0001,treatment,treatment_0001,2,4,10,candidate,1,,,,,1.0,0.006677255426340805,1.0000
histfill,sentinel2,treatment_0001,treatment,treatment_0001,2,4,10,candidate,1,,,,,2.0,0.014226762126445358,1.0000
histfill,sentinel2,treatment_0001,treatment,treatment_0001,2,4,10,candidate,1,,,,,3.0,0.024048307169108316,1.0000
histfill,sentinel2,treatment_0001,treatment,treatment_0001,2,4,10,candidate,1,,,,,4.0,0.035924099561644246,1.0000
histfill,sentinel2,treatment_0001,treatment,treatment_0001,2,4,10,candidate,1,,,,,5.0,0.04983030669989554,1.0000
histfill,sentinel2,treatment_0001,treatment,treatment_0001,2,4,10,candidate,2,,,0.0,,2.0,0.006677255426340805,1.0000 0.0000
histfill,sentinel2,treatment_0001,treatment,treatment_0001,2,4,10,candidate,2,,,0.0,,3.0,0.006677255426340805,1.0000 0.0000
histfill,sentinel2,treatment_0001,treatment,treatment_0001,2,4,10,candidate,2,,,0.0,,4.0,0.006677255426340805,1.0000 0.0000
histfill,sentinel2,treatment_0001,treatment,treatment_0001,2,4,10,candidate,2,,,0.0,,5.0,0.006677255426340805,1.0000 0.0000
histfill,sentinel2,treatment_0002,treatment,treatment_0002,2,4,10,path,1,1.0,0.0038033297325214877,inf,True,,,
histfill,sentinel2,treatment_0002,treatment,treatment_0002,2,4,10,path,2,2.0,0.0038033297325214877,0.0,False,,,
histfill,sentinel2,treatment_0002,treatment,treatment_0002,2,4,10,candidate,1,,,,,1.0,0.0038033297325214877,1.0000
histfill,sentinel2,treatment_0002,treatment,treatment_0002,2,4,10,candidate,1,,,,,2.0,0.008491430132832786,1.0000
histfill,sentinel2,treatment_0002,treatment,treatment_0002,2,4,10,candidate,1,,,,,3.0,0.014991749660765864,1.0000
histfill,sentinel2,treatment_0002,treatment,treatment_0002,2,4,10,candidate,1,,,,,4.0,0.023282282850890415,1.0000
histfill,sentinel2,treatment_0002,treatment,treatment_0002,2,4,10,candidate,1,,,,,5.0,0.03335040206285345,1.0000
histfill,sentinel2,treatment_0002,treatment,treatment_0002,2,4,10,candidate,2,,,0.0,,2.0,0.0038033297325214877,1.0000 0.0000
histfill,sentinel2,treatment_0002,treatment,treatment_0002,2,4,10,candidate,2,,,0.0,,3.0,0.0038033297325214877,1.0000 0.0000
histfill,sentinel2,treatment_0002,treatment,treatment_0002,2,4,10,candidate,2,,,0.0,,4.0,0.0038033297325214877,1.0000 0.0000
histfill,sentinel2,treatment_0002,treatment,treatment_0002,2,4,10,candidate,2,,,0.0,,5.0,0.0038033297325214877,1.0000 0.0000
histfill,sentinel2,treatment_0003,treatment,treatment_0003,2,4,10,path,1,1.0,0.005408346858109034,inf,True,,,
histfill,sentinel2,treatment_0003,treatment,treatment_0003,2,4,10,path,2,2.0,0.005408346858109034,0.0,False,,,
histfill,sentinel2,treatment_0003,treatment,treatment_0003,2,4,10,candidate,1,,,,,1.0,0.005408346858109034,1.0000
histfill,sentinel2,treatment_0003,treatment,treatment_0003,2,4,10,candidate,1,,,,,2.0,0.01188230374305856,1.0000
histfill,sentinel2,treatment_0003,treatment,treatment_0003,2,4,10,candidate,1,,,,,3.0,0.02069500167855006,1.0000
histfill,sentinel2,treatment_0003,treatment,treatment_0003,2,4,10,candidate,1,,,,,4.0,0.03178056276195689,1.0000
histfill,sentinel2,treatment_0003,treatment,treatment_0003,2,4,10,candidate,1,,,,,5.0,0.045122932317558484,1.0000
histfill,sentinel2,treatment_0003,treatment,treatment_0003,2,4,10,candidate,2,,,0.0,,2.0,0.005408346858109034,1.0000 0.0000
histfill,sentinel2,treatment_0003,treatment,treatment_0003,2,4,10,candidate,2,,,0.0,,3.0,0.005408346858109034,1.0000 0.0000
histfill,sentinel2,treatment_0003,treatment,treatment_0003,2,4,10,candidate,2,,,0.0,,4.0,0.005408346858109034,1.0000 0.0000
histfill,sentinel2,treatment_0003,treatment,treatment_0003,2,4,10,candidate,2,,,0.0,,5.0,0.005408346858109034,1.0000 0.0000
histfill,sentinel2,treatment_0004,treatment,treatment_0004,2,4,10,path,1,1.0,0.005426886573867364,inf,True,,,
histfill,sentinel2,treatment_0004,treatment,treatment_0004,2,4,10,path,2,2.0,0.005426886573867364,0.0,False,,,
histfill,sentinel2,treatment_0004,treatment,treatment_0004,2,4,10,candidate,1,,,,,1.0,0.005426886573867364,1.0000
histfill,sentinel2,treatment_0004,treatment,treatment_0004,2,4,10,candidate,1,,,,,2.0,0.011759677248829628,1.0000
histfill,sentinel2,treatment_0004,treatment,treatment_0004,2,4,10,candidate,1,,,,,3.0,0.020277640867218782,1.0000
histfill,sentinel2,treatment_0004,treatment,treatment_0004,2,4,10,candidate,1,,,,,4.0,0.03093355503090057,1.0000
histfill,sentinel2,treatment_0004,treatment,treatment_0004,2,4,10,candidate,1,,,,,5.0,0.04376882783993306,1.0000
histfill,sentinel2,treatment_0004,treatment,treatment_0004,2,4,10,candidate,2,,,0.0,,2.0,0.005426886573867364,1.0000 0.0000
histfill,sentinel2,treatment_0004,treatment,treatment_0004,2,4,10,candidate,2,,,0.0,,3.0,0.005426886573867364,1.0000 0.0000
histfill,sentinel2,treatment_0004,treatment,treatment_0004,2,4,10,candidate,2,,,0.0,,4.0,0.005426886573867364,1.0000 0.0000
histfill,sentinel2,treatment_0004,treatment,treatment_0004,2,4,10,candidate,2,,,0.0,,5.0,0.005426886573867364,1.0000 0.0000
histfill,sentinel2,treatment_0005,treatment,treatment_0005,2,4,10,path,1,1.0,0.004546683417551485,inf,True,,,
histfill,sentinel2,treatment_0005,treatment,treatment_0005,2,4,10,path,2,2.0,0.004546683417551485,0.0,False,,,
histfill,sentinel2,treatment_0005,treatment,treatment_0005,2,4,10,candidate,1,,,,,1.0,0.004546683417551485,1.0000
histfill,sentinel2,treatment_0005,treatment,treatment_0005,2,4,10,candidate,1,,,,,2.0,0.009903774839373478,1.0000
histfill,sentinel2,treatment_0005,treatment,treatment_0005,2,4,10,candidate,1,,,,,3.0,0.017089430970569402,1.0000
histfill,sentinel2,treatment_0005,treatment,treatment_0005,2,4,10,candidate,1,,,,,4.0,0.02599986685259337,1.0000
histfill,sentinel2,treatment_0005,treatment,treatment_0005,2,4,10,candidate,1,,,,,5.0,0.03659735637163142,1.0000
histfill,sentinel2,treatment_0005,treatment,treatment_0005,2,4,10,candidate,2,,,0.0,,2.0,0.004546683417551485,1.0000 0.0000
histfill,sentinel2,treatment_0005,treatment,treatment_0005,2,4,10,candidate,2,,,0.0,,3.0,0.004546683417551485,1.0000 0.0000
histfill,sentinel2,treatment_0005,treatment,treatment_0005,2,4,10,candidate,2,,,0.0,,4.0,0.004546683417551485,1.0000 0.0000
histfill,sentinel2,treatment_0005,treatment,treatment_0005,2,4,10,candidate,2,,,0.0,,5.0,0.004546683417551485,1.0000 0.0000
histfill,sentinel2,treatment_0006,treatment,treatment_0006,2,4,10,path,1,1.0,0.006140148213908993,inf,True,,,
histfill,sentinel2,treatment_0006,treatment,treatment_0006,2,4,10,path,2,2.0,0.006140148213908993,0.0,False,,,
histfill,sentinel2,treatment_0006,treatment,treatment_0006,2,4,10,candidate,1,,,,,1.0,0.006140148213908993,1.0000
histfill,sentinel2,treatment_0006,treatment,treatment_0006,2,4,10,candidate,1,,,,,2.0,0.01352321166037695,1.0000
histfill,sentinel2,treatment_0006,treatment,treatment_0006,2,4,10,candidate,1,,,,,3.0,0.023546347262068817,1.0000
histfill,sentinel2,treatment_0006,treatment,treatment_0006,2,4,10,candidate,1,,,,,4.0,0.03605833457830179,1.0000
histfill,sentinel2,treatment_0006,treatment,treatment_0006,2,4,10,candidate,1,,,,,5.0,0.05093127486819414,1.0000
histfill,sentinel2,treatment_0006,treatment,treatment_0006,2,4,10,candidate,2,,,0.0,,2.0,0.006140148213908993,1.0000 0.0000
histfill,sentinel2,treatment_0006,treatment,treatment_0006,2,4,10,candidate,2,,,0.0,,3.0,0.006140148213908993,1.0000 0.0000
histfill,sentinel2,treatment_0006,treatment,treatment_0006,2,4,10,candidate,2,,,0.0,,4.0,0.006140148213908993,1.0000 0.0000
histfill,sentinel2,treatment_0006,treatment,treatment_0006,2,4,10,candidate,2,,,0.0,,5.0,0.006140148213908993,1.0000 0.0000
histfill,sentinel2,treatment_0007,treatment,treatment_0007,2,4,10,path,1,1.0,0.00529482774323499,inf,True,,,
histfill,sentinel2,treatment_0007,treatment,treatment_0007,2,4,10,path,2,2.0,0.00529482774323499,0.0,False,,,
histfill,sentinel2,treatment_0007,treatment,treatment_0007,2,4,10,candidate,1,,,,,1.0,0.00529482774323499,1.0000
histfill,sentinel2,treatment_0007,treatment,treatment_0007,2,4,10,candidate,1,,,,,2.0,0.011832086320664216,1.0000
histfill,sentinel2,treatment_0007,treatment,treatment_0007,2,4,10,candidate,1,,,,,3.0,0.020913462191378424,1.0000
histfill,sentinel2,treatment_0007,treatment,treatment_0007,2,4,10,candidate,1,,,,,4.0,0.032526550441832655,1.0000
histfill,sentinel2,treatment_0007,treatment,treatment_0007,2,4,10,candidate,1,,,,,5.0,0.0466819416925071,1.0000
histfill,sentinel2,treatment_0007,treatment,treatment_0007,2,4,10,candidate,2,,,0.0,,2.0,0.00529482774323499,1.0000 0.0000
histfill,sentinel2,treatment_0007,treatment,treatment_0007,2,4,10,candidate,2,,,0.0,,3.0,0.00529482774323499,1.0000 0.0000
histfill,sentinel2,treatment_0007,treatment,treatment_0007,2,4,10,candidate,2,,,0.0,,4.0,0.00529482774323499,1.0000 0.0000
histfill,sentinel2,treatment_0007,treatment,treatment_0007,2,4,10,candidate,2,,,0.0,,5.0,0.00529482774323499,1.0000 0.0000
histfill,sentinel2,treatment_0008,treatment,treatment_0008,2,4,10,path,1,1.0,0.0056936810287636416,inf,True,,,
histfill,sentinel2,treatment_0008,treatment,treatment_0008,2,4,10,path,2,2.0,0.0056936810287636416,0.0,False,,,
histfill,sentinel2,treatment_0008,treatment,treatment_0008,2,4,10,candidate,1,,,,,1.0,0.0056936810287636416,1.0000
histfill,sentinel2,treatment_0008,treatment,treatment_0008,2,4,10,candidate,1,,,,,2.0,0.012128433588809157,1.0000
histfill,sentinel2,treatment_0008,treatment,treatment_0008,2,4,10,candidate,1,,,,,3.0,0.02056595391947751,1.0000
histfill,sentinel2,treatment_0008,treatment,treatment_0008,2,4,10,candidate,1,,,,,4.0,0.030917460161244574,1.0000
histfill,sentinel2,treatment_0008,treatment,treatment_0008,2,4,10,candidate,1,,,,,5.0,0.043274132362189834,1.0000
histfill,sentinel2,treatment_0008,treatment,treatment_0008,2,4,10,candidate,2,,,0.0,,2.0,0.0056936810287636416,1.0000 0.0000
histfill,sentinel2,treatment_0008,treatment,treatment_0008,2,4,10,candidate,2,,,0.0,,3.0,0.0056936810287636416,1.0000 0.0000
histfill,sentinel2,treatment_0008,treatment,treatment_0008,2,4,10,candidate,2,,,0.0,,4.0,0.0056936810287636416,1.0000 0.0000
histfill,sentinel2,treatment_0008,treatment,treatment_0008,2,4,10,candidate,2,,,0.0,,5.0,0.0056936810287636416,1.0000 0.0000
histfill,sentinel2,treatment_0009,treatment,treatment_0009,2,4,10,path,1,1.0,0.0051841746841101485,inf,True,,,
histfill,sentinel2,treatment_0009,treatment,treatment_0009,2,4,10,path,2,2.0,0.0051841746841101485,0.0,False,,,
histfill,sentinel2,treatment_0009,treatment,treatment_0009,2,4,10,candidate,1,,,,,1.0,0.0051841746841101485,1.0000
histfill,sentinel2,treatment_0009,treatment,treatment_0009,2,4,10,candidate,1,,,,,2.0,0.010921296786384453,1.0000
histfill,sentinel2,treatment_0009,treatment,treatment_0009,2,4,10,candidate,1,,,,,3.0,0.018375578858512483,1.0000
histfill,sentinel2,treatment_0009,treatment,treatment_0009,2,4,10,candidate,1,,,,,4.0,0.027514807114012572,1.0000
histfill,sentinel2,treatment_0009,treatment,treatment_0009,2,4,10,candidate,1,,,,,5.0,0.038515294459197554,1.0000
histfill,sentinel2,treatment_0009,treatment,treatment_0009,2,4,10,candidate,2,,,0.0,,2.0,0.0051841746841101485,1.0000 0.0000
histfill,sentinel2,treatment_0009,treatment,treatment_0009,2,4,10,candidate,2,,,0.0,,3.0,0.0051841746841101485,1.0000 0.0000
histfill,sentinel2,treatment_0009,treatment,treatment_0009,2,4,10,candidate,2,,,0.0,,4.0,0.0051841746841101485,1.0000 0.0000
histfill,sentinel2,treatment_0009,treatment,treatment_0009,2,4,10,candidate,2,,,0.0,,5.0,0.0051841746841101485,1.0000 0.0000
histfill,sentinel2,treatment_0010,treatment,treatment_0010,2,4,10,path,1,1.0,0.008440831731336584,inf,True,,,
histfill,sentinel2,treatment_0010,treatment,treatment_0010,2,4,10,path,2,2.0,0.008440831731336584,0.0,False,,,
histfill,sentinel2,treatment_0010,treatment,treatment_0010,2,4,10,candidate,1,,,,,1.0,0.008440831731336584,1.0000
histfill,sentinel2,treatment_0010,treatment,treatment_0010,2,4,10,candidate,1,,,,,2.0,0.01684932802091299,1.0000
histfill,sentinel2,treatment_0010,treatment,treatment_0010,2,4,10,candidate,1,,,,,3.0,0.02677546092649283,1.0000
histfill,sentinel2,treatment_0010,treatment,treatment_0010,2,4,10,candidate,1,,,,,4.0,0.03781821700959608,1.0000
histfill,sentinel2,treatment_0010,treatment,treatment_0010,2,4,10,candidate,1,,,,,5.0,0.04998594105714177,1.0000
histfill,sentinel2,treatment_0010,treatment,treatment_0010,2,4,10,candidate,2,,,0.0,,2.0,0.008440831731336584,1.0000 0.0000
histfill,sentinel2,treatment_0010,treatment,treatment_0010,2,4,10,candidate,2,,,0.0,,3.0,0.008440831731336584,1.0000 0.0000
histfill,sentinel2,treatment_0010,treatment,treatment_0010,2,4,10,candidate,2,,,0.0,,4.0,0.008440831731336584,1.0000 0.0000
histfill,sentinel2,treatment_0010,treatment,treatment_0010,2,4,10,candidate,2,,,0.0,,5.0,0.008440831731336584,1.0000 0.0000
histfill,sentinel2,treatment_0011,treatment,treatment_0011,2,4,10,path,1,1.0,0.004973405368138703,inf,True,,,
histfill,sentinel2,treatment_0011,treatment,treatment_0011,2,4,10,path,2,2.0,0.004973405368138703,0.0,False,,,
histfill,sentinel2,treatment_0011,treatment,treatment_0011,2,4,10,candidate,1,,,,,1.0,0.004973405368138703,1.0000
histfill,sentinel2,treatment_0011,treatment,treatment_0011,2,4,10,candidate,1,,,,,2.0,0.011120428910563685,1.0000
histfill,sentinel2,treatment_0011,treatment,treatment_0011,2,4,10,candidate,1,,,,,3.0,0.019664767947158497,1.0000
histfill,sentinel2,treatment_0011,treatment,treatment_0011,2,4,10,candidate,1,,,,,4.0,0.03059042523871367,1.0000
histfill,sentinel2,treatment_0011,treatment,treatment_0011,2,4,10,candidate,1,,,,,5.0,0.04389375787378586,1.0000
histfill,sentinel2,treatment_0011,treatment,treatment_0011,2,4,10,candidate,2,,,0.0,,2.0,0.004973405368138703,1.0000 0.0000
histfill,sentinel2,treatment_0011,treatment,treatment_0011,2,4,10,candidate,2,,,0.0,,3.0,0.004973405368138703,1.0000 0.0000
histfill,sentinel2,treatment_0011,treatment,treatment_0011,2,4,10,candidate,2,,,0.0,,4.0,0.004973405368138703,1.0000 0.0000
histfill,sentinel2,treatment_0011,treatment,treatment_0011,2,4,10,candidate,2,,,0.0,,5.0,0.004973405368138703,1.0000 0.0000
histfill,sentinel2,treatment_0012,treatment,treatment_0012,2,4,10,path,1,1.0,0.006049961761218238,inf,True,,,
histfill,sentinel2,treatment_0012,treatment,treatment_0012,2,4,10,path,2,2.0,0.006049961761218238,0.0,False,,,
histfill,sentinel2,treatment_0012,treatment,treatment_0012,2,4,10,candidate,1,,,,,1.0,0.006049961761218238,1.0000
histfill,sentinel2,treatment_0012,treatment,treatment_0012,2,4,10,candidate,1,,,,,2.0,0.013568362372565892,1.0000
histfill,sentinel2,treatment_0012,treatment,treatment_0012,2,4,10,candidate,1,,,,,3.0,0.02403978911899583,1.0000
histfill,sentinel2,treatment_0012,treatment,treatment_0012,2,4,10,candidate,1,,,,,4.0,0.03742990219770734,1.0000
histfill,sentinel2,treatment_0012,treatment,treatment_0012,2,4,10,candidate,1,,,,,5.0,0.0537034414055578,1.0000
histfill,sentinel2,treatment_0012,treatment,treatment_0012,2,4,10,candidate,2,,,0.0,,2.0,0.006049961761218238,1.0000 0.0000
histfill,sentinel2,treatment_0012,treatment,treatment_0012,2,4,10,candidate,2,,,0.0,,3.0,0.006049961761218238,1.0000 0.0000
histfill,sentinel2,treatment_0012,treatment,treatment_0012,2,4,10,candidate,2,,,0.0,,4.0,0.006049961761218238,1.0000 0.0000
histfill,sentinel2,treatment_0012,treatment,treatment_0012,2,4,10,candidate,2,,,0.0,,5.0,0.006049961761218238,1.0000 0.0000
histfill,sentinel2,treatment_0013,treatment,treatment_0013,2,4,10,path,1,1.0,0.006495322818296621,inf,True,,,
histfill,sentinel2,treatment_0013,treatment,treatment_0013,2,4,10,path,2,2.0,0.006495322818296621,0.0,False,,,
histfill,sentinel2,treatment_0013,treatment,treatment_0013,2,4,10,candidate,1,,,,,1.0,0.006495322818296621,1.0000
histfill,sentinel2,treatment_0013,treatment,treatment_0013,2,4,10,candidate,1,,,,,2.0,0.014609159358129526,1.0000
histfill,sentinel2,treatment_0013,treatment,treatment_0013,2,4,10,candidate,1,,,,,3.0,0.02596751422535133,1.0000
histfill,sentinel2,treatment_0013,treatment,treatment_0013,2,4,10,candidate,1,,,,,4.0,0.0405804023785156,1.0000
histfill,sentinel2,treatment_0013,treatment,treatment_0013,2,4,10,candidate,1,,,,,5.0,0.05849436664882857,1.0000
histfill,sentinel2,treatment_0013,treatment,treatment_0013,2,4,10,candidate,2,,,0.0,,2.0,0.006495322818296621,1.0000 0.0000
histfill,sentinel2,treatment_0013,treatment,treatment_0013,2,4,10,candidate,2,,,0.0,,3.0,0.006495322818296621,1.0000 0.0000
histfill,sentinel2,treatment_0013,treatment,treatment_0013,2,4,10,candidate,2,,,0.0,,4.0,0.006495322818296621,1.0000 0.0000
histfill,sentinel2,treatment_0013,treatment,treatment_0013,2,4,10,candidate,2,,,0.0,,5.0,0.006495322818296621,1.0000 0.0000
histfill,sentinel2,treatment_0014,treatment,treatment_0014,2,4,10,path,1,1.0,0.007018436518647616,inf,True,,,
histfill,sentinel2,treatment_0014,treatment,treatment_0014,2,4,10,path,2,2.0,0.007018436518647616,0.0,False,,,
histfill,sentinel2,treatment_0014,treatment,treatment_0014,2,4,10,candidate,1,,,,,1.0,0.007018436518647616,1.0000
histfill,sentinel2,treatment_0014,treatment,treatment_0014,2,4,10,candidate,1,,,,,2.0,0.015801640455765372,1.0000
histfill,sentinel2,treatment_0014,treatment,treatment_0014,2,4,10,candidate,1,,,,,3.0,0.028106781849400367,1.0000
histfill,sentinel2,treatment_0014,treatment,treatment_0014,2,4,10,candidate,1,,,,,4.0,0.043935952821979624,1.0000
histfill,sentinel2,treatment_0014,treatment,treatment_0014,2,4,10,candidate,1,,,,,5.0,0.06329013964514091,1.0000
histfill,sentinel2,treatment_0014,treatment,treatment_0014,2,4,10,candidate,2,,,0.0,,2.0,0.007018436518647616,1.0000 0.0000
histfill,sentinel2,treatment_0014,treatment,treatment_0014,2,4,10,candidate,2,,,0.0,,3.0,0.007018436518647616,1.0000 0.0000
histfill,sentinel2,treatment_0014,treatment,treatment_0014,2,4,10,candidate,2,,,0.0,,4.0,0.007018436518647616,1.0000 0.0000
histfill,sentinel2,treatment_0014,treatment,treatment_0014,2,4,10,candidate,2,,,0.0,,5.0,0.007018436518647616,1.0000 0.0000
histfill,sentinel2,treatment_0015,treatment,treatment_0015,2,4,10,path,1,1.0,0.006533061453579016,inf,True,,,
histfill,sentinel2,treatment_0015,treatment,treatment_0015,2,4,10,path,2,2.0,0.006533061453579016,0.0,False,,,
histfill,sentinel2,treatment_0015,treatment,treatment_0015,2,4,10,candidate,1,,,,,1.0,0.006533061453579016,1.0000
histfill,sentinel2,treatment_0015,treatment,treatment_0015,2,4,10,candidate,1,,,,,2.0,0.013332194869356705,1.0000
histfill,sentinel2,treatment_0015,treatment,treatment_0015,2,4,10,candidate,1,,,,,3.0,0.02176187119025808,1.0000
histfill,sentinel2,treatment_0015,treatment,treatment_0015,2,4,10,candidate,1,,,,,4.0,0.031767262514728625,1.0000
histfill,sentinel2,treatment_0015,treatment,treatment_0015,2,4,10,candidate,1,,,,,5.0,0.043791171339961424,1.0000
histfill,sentinel2,treatment_0015,treatment,treatment_0015,2,4,10,candidate,2,,,0.0,,2.0,0.006533061453579016,1.0000 0.0000
histfill,sentinel2,treatment_0015,treatment,treatment_0015,2,4,10,candidate,2,,,0.0,,3.0,0.006533061453579016,1.0000 0.0000
histfill,sentinel2,treatment_0015,treatment,treatment_0015,2,4,10,candidate,2,,,0.0,,4.0,0.006533061453579016,1.0000 0.0000
histfill,sentinel2,treatment_0015,treatment,treatment_0015,2,4,10,candidate,2,,,0.0,,5.0,0.006533061453579016,1.0000 0.0000
histfill,sentinel2,treatment_0001,treatment,treatment_0001,2,5,10,path,1,1.0,0.006436352570285009,inf,True,,,
histfill,sentinel2,treatment_0001,treatment,treatment_0001,2,5,10,path,2,2.0,0.006436352570285009,0.0,False,,,
histfill,sentinel2,treatment_0001,treatment,treatment_0001,2,5,10,candidate,1,,,,,1.0,0.006436352570285009,1.0000
histfill,sentinel2,treatment_0001,treatment,treatment_0001,2,5,10,candidate,1,,,,,2.0,0.013805574273009413,1.0000
histfill,sentinel2,treatment_0001,treatment,treatment_0001,2,5,10,candidate,1,,,,,3.0,0.02352799960334863,1.0000
histfill,sentinel2,treatment_0001,treatment,treatment_0001,2,5,10,candidate,1,,,,,4.0,0.03550301215528356,1.0000
histfill,sentinel2,treatment_0001,treatment,treatment_0001,2,5,10,candidate,2,,,0.0,,2.0,0.006436352570285009,1.0000 0.0000
histfill,sentinel2,treatment_0001,treatment,treatment_0001,2,5,10,candidate,2,,,0.0,,3.0,0.006436352570285009,1.0000 0.0000
histfill,sentinel2,treatment_0001,treatment,treatment_0001,2,5,10,candidate,2,,,0.0,,4.0,0.006436352570285009,1.0000 0.0000
histfill,sentinel2,treatment_0002,treatment,treatment_0002,2,5,10,path,1,1.0,0.0037815012275551714,inf,True,,,
histfill,sentinel2,treatment_0002,treatment,treatment_0002,2,5,10,path,2,2.0,0.0037815012275551714,0.0,False,,,
histfill,sentinel2,treatment_0002,treatment,treatment_0002,2,5,10,candidate,1,,,,,1.0,0.0037815012275551714,1.0000
histfill,sentinel2,treatment_0002,treatment,treatment_0002,2,5,10,candidate,1,,,,,2.0,0.008451044043670638,1.0000
histfill,sentinel2,treatment_0002,treatment,treatment_0002,2,5,10,candidate,1,,,,,3.0,0.01493527568994743,1.0000
histfill,sentinel2,treatment_0002,treatment,treatment_0002,2,5,10,candidate,1,,,,,4.0,0.023217768943679874,1.0000
histfill,sentinel2,treatment_0002,treatment,treatment_0002,2,5,10,candidate,2,,,0.0,,2.0,0.0037815012275551714,1.0000 0.0000
histfill,sentinel2,treatment_0002,treatment,treatment_0002,2,5,10,candidate,2,,,0.0,,3.0,0.0037815012275551714,1.0000 0.0000
histfill,sentinel2,treatment_0002,treatment,treatment_0002,2,5,10,candidate,2,,,0.0,,4.0,0.0037815012275551714,1.0000 0.0000
histfill,sentinel2,treatment_0003,treatment,treatment_0003,2,5,10,path,1,1.0,0.00532821574452664,inf,True,,,
histfill,sentinel2,treatment_0003,treatment,treatment_0003,2,5,10,path,2,2.0,0.00532821574452664,0.0,False,,,
histfill,sentinel2,treatment_0003,treatment,treatment_0003,2,5,10,candidate,1,,,,,1.0,0.00532821574452664,1.0000
histfill,sentinel2,treatment_0003,treatment,treatment_0003,2,5,10,candidate,1,,,,,2.0,0.011751570934027795,1.0000
histfill,sentinel2,treatment_0003,treatment,treatment_0003,2,5,10,candidate,1,,,,,3.0,0.02054710249434281,1.0000
histfill,sentinel2,treatment_0003,treatment,treatment_0003,2,5,10,candidate,1,,,,,4.0,0.03167971859451293,1.0000
histfill,sentinel2,treatment_0003,treatment,treatment_0003,2,5,10,candidate,2,,,0.0,,2.0,0.00532821574452664,1.0000 0.0000
histfill,sentinel2,treatment_0003,treatment,treatment_0003,2,5,10,candidate,2,,,0.0,,3.0,0.00532821574452664,1.0000 0.0000
histfill,sentinel2,treatment_0003,treatment,treatment_0003,2,5,10,candidate,2,,,0.0,,4.0,0.00532821574452664,1.0000 0.0000
histfill,sentinel2,treatment_0004,treatment,treatment_0004,2,5,10,path,1,1.0,0.005359942634042827,inf,True,,,
histfill,sentinel2,treatment_0004,treatment,treatment_0004,2,5,10,path,2,2.0,0.005359942634042827,0.0,False,,,
histfill,sentinel2,treatment_0004,treatment,treatment_0004,2,5,10,candidate,1,,,,,1.0,0.005359942634042827,1.0000
histfill,sentinel2,treatment_0004,treatment,treatment_0004,2,5,10,candidate,1,,,,,2.0,0.011727780188263764,1.0000
histfill,sentinel2,treatment_0004,treatment,treatment_0004,2,5,10,candidate,1,,,,,3.0,0.02041816004257278,1.0000
histfill,sentinel2,treatment_0004,treatment,treatment_0004,2,5,10,candidate,1,,,,,4.0,0.031455452552243704,1.0000
histfill,sentinel2,treatment_0004,treatment,treatment_0004,2,5,10,candidate,2,,,0.0,,2.0,0.005359942634042827,1.0000 0.0000
histfill,sentinel2,treatment_0004,treatment,treatment_0004,2,5,10,candidate,2,,,0.0,,3.0,0.005359942634042827,1.0000 0.0000
histfill,sentinel2,treatment_0004,treatment,treatment_0004,2,5,10,candidate,2,,,0.0,,4.0,0.005359942634042827,1.0000 0.0000
histfill,sentinel2,treatment_0005,treatment,treatment_0005,2,5,10,path,1,1.0,0.004446338696505663,inf,True,,,
histfill,sentinel2,treatment_0005,treatment,treatment_0005,2,5,10,path,2,2.0,0.004446338696505663,0.0,False,,,
histfill,sentinel2,treatment_0005,treatment,treatment_0005,2,5,10,candidate,1,,,,,1.0,0.004446338696505663,1.0000
histfill,sentinel2,treatment_0005,treatment,treatment_0005,2,5,10,candidate,1,,,,,2.0,0.009726927695523586,1.0000
histfill,sentinel2,treatment_0005,treatment,treatment_0005,2,5,10,candidate,1,,,,,3.0,0.01686732661315259,1.0000
histfill,sentinel2,treatment_0005,treatment,treatment_0005,2,5,10,candidate,1,,,,,4.0,0.025808260242165187,1.0000
histfill,sentinel2,treatment_0005,treatment,treatment_0005,2,5,10,candidate,2,,,0.0,,2.0,0.004446338696505663,1.0000 0.0000
histfill,sentinel2,treatment_0005,treatment,treatment_0005,2,5,10,candidate,2,,,0.0,,3.0,0.004446338696505663,1.0000 0.0000
histfill,sentinel2,treatment_0005,treatment,treatment_0005,2,5,10,candidate,2,,,0.0,,4.0,0.004446338696505663,1.0000 0.0000
histfill,sentinel2,treatment_0006,treatment,treatment_0006,2,5,10,path,1,1.0,0.0060277442519358765,inf,True,,,
histfill,sentinel2,treatment_0006,treatment,treatment_0006,2,5,10,path,2,2.0,0.0060277442519358765,0.0,False,,,
histfill,sentinel2,treatment_0006,treatment,treatment_0006,2,5,10,candidate,1,,,,,1.0,0.0060277442519358765,1.0000
histfill,sentinel2,treatment_0006,treatment,treatment_0006,2,5,10,candidate,1,,,,,2.0,0.013288984638277287,1.0000
histfill,sentinel2,treatment_0006,treatment,treatment_0006,2,5,10,candidate,1,,,,,3.0,0.023164384196468466,1.0000
histfill,sentinel2,treatment_0006,treatment,treatment_0006,2,5,10,candidate,1,,,,,4.0,0.035517732765284526,1.0000
histfill,sentinel2,treatment_0006,treatment,treatment_0006,2,5,10,candidate,2,,,0.0,,2.0,0.0060277442519358765,1.0000 0.0000
histfill,sentinel2,treatment_0006,treatment,treatment_0006,2,5,10,candidate,2,,,0.0,,3.0,0.0060277442519358765,1.0000 0.0000
histfill,sentinel2,treatment_0006,treatment,treatment_0006,2,5,10,candidate,2,,,0.0,,4.0,0.0060277442519358765,1.0000 0.0000
histfill,sentinel2,treatment_0007,treatment,treatment_0007,2,5,10,path,1,1.0,0.00527597488801888,inf,True,,,
histfill,sentinel2,treatment_0007,treatment,treatment_0007,2,5,10,path,2,2.0,0.00527597488801888,0.0,False,,,
histfill,sentinel2,treatment_0007,treatment,treatment_0007,2,5,10,candidate,1,,,,,1.0,0.00527597488801888,1.0000
histfill,sentinel2,treatment_0007,treatment,treatment_0007,2,5,10,candidate,1,,,,,2.0,0.011808116342506553,1.0000
histfill,sentinel2,treatment_0007,treatment,treatment_0007,2,5,10,candidate,1,,,,,3.0,0.020905163043984726,1.0000
histfill,sentinel2,treatment_0007,treatment,treatment_0007,2,5,10,candidate,1,,,,,4.0,0.032570013495936884,1.0000
histfill,sentinel2,treatment_0007,treatment,treatment_0007,2,5,10,candidate,2,,,0.0,,2.0,0.00527597488801888,1.0000 0.0000
histfill,sentinel2,treatment_0007,treatment,treatment_0007,2,5,10,candidate,2,,,0.0,,3.0,0.00527597488801888,1.0000 0.0000
histfill,sentinel2,treatment_0007,treatment,treatment_0007,2,5,10,candidate,2,,,0.0,,4.0,0.00527597488801888,1.0000 0.0000
histfill,sentinel2,treatment_0008,treatment,treatment_0008,2,5,10,path,1,1.0,0.005515970429698301,inf,True,,,
histfill,sentinel2,treatment_0008,treatment,treatment_0008,2,5,10,path,2,2.0,0.005515970429698301,0.0,False,,,
histfill,sentinel2,treatment_0008,treatment,treatment_0008,2,5,10,candidate,1,,,,,1.0,0.005515970429698301,1.0000
histfill,sentinel2,treatment_0008,treatment,treatment_0008,2,5,10,candidate,1,,,,,2.0,0.011870995189146595,1.0000
histfill,sentinel2,treatment_0008,treatment,treatment_0008,2,5,10,candidate,1,,,,,3.0,0.02036417764100099,1.0000
histfill,sentinel2,treatment_0008,treatment,treatment_0008,2,5,10,candidate,1,,,,,4.0,0.031017835147636542,1.0000
histfill,sentinel2,treatment_0008,treatment,treatment_0008,2,5,10,candidate,2,,,0.0,,2.0,0.005515970429698301,1.0000 0.0000
histfill,sentinel2,treatment_0008,treatment,treatment_0008,2,5,10,candidate,2,,,0.0,,3.0,0.005515970429698301,1.0000 0.0000
histfill,sentinel2,treatment_0008,treatment,treatment_0008,2,5,10,candidate,2,,,0.0,,4.0,0.005515970429698301,1.0000 0.0000
histfill,sentinel2,treatment_0009,treatment,treatment_0009,2,5,10,path,1,1.0,0.00499033728041778,inf,True,,,
histfill,sentinel2,treatment_0009,treatment,treatment_0009,2,5,10,path,2,2.0,0.00499033728041778,0.0,False,,,
histfill,sentinel2,treatment_0009,treatment,treatment_0009,2,5,10,candidate,1,,,,,1.0,0.00499033728041778,1.0000
histfill,sentinel2,treatment_0009,treatment,treatment_0009,2,5,10,candidate,1,,,,,2.0,0.010653634443889509,1.0000
histfill,sentinel2,treatment_0009,treatment,treatment_0009,2,5,10,candidate,1,,,,,3.0,0.01819686442586799,1.0000
histfill,sentinel2,treatment_0009,treatment,treatment_0009,2,5,10,candidate,1,,,,,4.0,0.027707221978085932,1.0000
histfill,sentinel2,treatment_0009,treatment,treatment_0009,2,5,10,candidate,2,,,0.0,,2.0,0.00499033728041778,1.0000 0.0000
histfill,sentinel2,treatment_0009,treatment,treatment_0009,2,5,10,candidate,2,,,0.0,,3.0,0.00499033728041778,1.0000 0.0000
histfill,sentinel2,treatment_0009,treatment,treatment_0009,2,5,10,candidate,2,,,0.0,,4.0,0.00499033728041778,1.0000 0.0000
histfill,sentinel2,treatment_0010,treatment,treatment_0010,2,5,10,path,1,1.0,0.007848781130310935,inf,True,,,
histfill,sentinel2,treatment_0010,treatment,treatment_0010,2,5,10,path,2,2.0,0.007848781130310935,0.0,False,,,
histfill,sentinel2,treatment_0010,treatment,treatment_0010,2,5,10,candidate,1,,,,,1.0,0.007848781130310935,1.0000
histfill,sentinel2,treatment_0010,treatment,treatment_0010,2,5,10,candidate,1,,,,,2.0,0.01591119844726478,1.0000
histfill,sentinel2,treatment_0010,treatment,treatment_0010,2,5,10,candidate,1,,,,,3.0,0.02577175662624586,1.0000
histfill,sentinel2,treatment_0010,treatment,treatment_0010,2,5,10,candidate,1,,,,,4.0,0.03724735077958039,1.0000
histfill,sentinel2,treatment_0010,treatment,treatment_0010,2,5,10,candidate,2,,,0.0,,2.0,0.007848781130310935,1.0000 0.0000
histfill,sentinel2,treatment_0010,treatment,treatment_0010,2,5,10,candidate,2,,,0.0,,3.0,0.007848781130310935,1.0000 0.0000
histfill,sentinel2,treatment_0010,treatment,treatment_0010,2,5,10,candidate,2,,,0.0,,4.0,0.007848781130310935,1.0000 0.0000
histfill,sentinel2,treatment_0011,treatment,treatment_0011,2,5,10,path,1,1.0,0.004956637465656471,inf,True,,,
histfill,sentinel2,treatment_0011,treatment,treatment_0011,2,5,10,path,2,2.0,0.004956637465656471,0.0,False,,,
histfill,sentinel2,treatment_0011,treatment,treatment_0011,2,5,10,candidate,1,,,,,1.0,0.004956637465656471,1.0000
histfill,sentinel2,treatment_0011,treatment,treatment_0011,2,5,10,candidate,1,,,,,2.0,0.011096834562816666,1.0000
histfill,sentinel2,treatment_0011,treatment,treatment_0011,2,5,10,candidate,1,,,,,3.0,0.01964743064315605,1.0000
histfill,sentinel2,treatment_0011,treatment,treatment_0011,2,5,10,candidate,1,,,,,4.0,0.030601536152847154,1.0000
histfill,sentinel2,treatment_0011,treatment,treatment_0011,2,5,10,candidate,2,,,0.0,,2.0,0.004956637465656471,1.0000 0.0000
histfill,sentinel2,treatment_0011,treatment,treatment_0011,2,5,10,candidate,2,,,0.0,,3.0,0.004956637465656471,1.0000 0.0000
histfill,sentinel2,treatment_0011,treatment,treatment_0011,2,5,10,candidate,2,,,0.0,,4.0,0.004956637465656471,1.0000 0.0000
histfill,sentinel2,treatment_0012,treatment,treatment_0012,2,5,10,path,1,1.0,0.0060349195871725395,inf,True,,,
histfill,sentinel2,treatment_0012,treatment,treatment_0012,2,5,10,path,2,2.0,0.0060349195871725395,0.0,False,,,
histfill,sentinel2,treatment_0012,treatment,treatment_0012,2,5,10,candidate,1,,,,,1.0,0.0060349195871725395,1.0000
histfill,sentinel2,treatment_0012,treatment,treatment_0012,2,5,10,candidate,1,,,,,2.0,0.013536087375676091,1.0000
histfill,sentinel2,treatment_0012,treatment,treatment_0012,2,5,10,candidate,1,,,,,3.0,0.02398567109927122,1.0000
histfill,sentinel2,treatment_0012,treatment,treatment_0012,2,5,10,candidate,1,,,,,4.0,0.03735128521659023,1.0000
histfill,sentinel2,treatment_0012,treatment,treatment_0012,2,5,10,candidate,2,,,0.0,,2.0,0.0060349195871725395,1.0000 0.0000
histfill,sentinel2,treatment_0012,treatment,treatment_0012,2,5,10,candidate,2,,,0.0,,3.0,0.0060349195871725395,1.0000 0.0000
histfill,sentinel2,treatment_0012,treatment,treatment_0012,2,5,10,candidate,2,,,0.0,,4.0,0.0060349195871725395,1.0000 0.0000
histfill,sentinel2,treatment_0013,treatment,treatment_0013,2,5,10,path,1,1.0,0.006575357717331256,inf,True,,,
histfill,sentinel2,treatment_0013,treatment,treatment_0013,2,5,10,path,2,2.0,0.006575357717331256,0.0,False,,,
histfill,sentinel2,treatment_0013,treatment,treatment_0013,2,5,10,candidate,1,,,,,1.0,0.006575357717331256,1.0000
histfill,sentinel2,treatment_0013,treatment,treatment_0013,2,5,10,candidate,1,,,,,2.0,0.014834544938794235,1.0000
histfill,sentinel2,treatment_0013,treatment,treatment_0013,2,5,10,candidate,1,,,,,3.0,0.02645611436521216,1.0000
histfill,sentinel2,treatment_0013,treatment,treatment_0013,2,5,10,candidate,1,,,,,4.0,0.041505570106173326,1.0000
histfill,sentinel2,treatment_0013,treatment,treatment_0013,2,5,10,candidate,2,,,0.0,,2.0,0.006575357717331256,1.0000 0.0000
histfill,sentinel2,treatment_0013,treatment,treatment_0013,2,5,10,candidate,2,,,0.0,,3.0,0.006575357717331256,1.0000 0.0000
histfill,sentinel2,treatment_0013,treatment,treatment_0013,2,5,10,candidate,2,,,0.0,,4.0,0.006575357717331256,1.0000 0.0000
histfill,sentinel2,treatment_0014,treatment,treatment_0014,2,5,10,path,1,1.0,0.007028105169274297,inf,True,,,
histfill,sentinel2,treatment_0014,treatment,treatment_0014,2,5,10,path,2,2.0,0.007028105169274297,0.0,False,,,
histfill,sentinel2,treatment_0014,treatment,treatment_0014,2,5,10,candidate,1,,,,,1.0,0.007028105169274297,1.0000
histfill,sentinel2,treatment_0014,treatment,treatment_0014,2,5,10,candidate,1,,,,,2.0,0.01582538256556291,1.0000
histfill,sentinel2,treatment_0014,treatment,treatment_0014,2,5,10,candidate,1,,,,,3.0,0.028152894572161354,1.0000
histfill,sentinel2,treatment_0014,treatment,treatment_0014,2,5,10,candidate,1,,,,,4.0,0.04401484041872922,1.0000
histfill,sentinel2,treatment_0014,treatment,treatment_0014,2,5,10,candidate,2,,,0.0,,2.0,0.007028105169274297,1.0000 0.0000
histfill,sentinel2,treatment_0014,treatment,treatment_0014,2,5,10,candidate,2,,,0.0,,3.0,0.007028105169274297,1.0000 0.0000
histfill,sentinel2,treatment_0014,treatment,treatment_0014,2,5,10,candidate,2,,,0.0,,4.0,0.007028105169274297,1.0000 0.0000
histfill,sentinel2,treatment_0015,treatment,treatment_0015,2,5,10,path,1,1.0,0.0062247207567037565,inf,True,,,
histfill,sentinel2,treatment_0015,treatment,treatment_0015,2,5,10,path,2,2.0,0.0062247207567037565,0.0,False,,,
histfill,sentinel2,treatment_0015,treatment,treatment_0015,2,5,10,candidate,1,,,,,1.0,0.0062247207567037565,1.0000
histfill,sentinel2,treatment_0015,treatment,treatment_0015,2,5,10,candidate,1,,,,,2.0,0.01295555298499356,1.0000
histfill,sentinel2,treatment_0015,treatment,treatment_0015,2,5,10,candidate,1,,,,,3.0,0.021674637597902453,1.0000
histfill,sentinel2,treatment_0015,treatment,treatment_0015,2,5,10,candidate,1,,,,,4.0,0.03261503406327659,1.0000
histfill,sentinel2,treatment_0015,treatment,treatment_0015,2,5,10,candidate,2,,,0.0,,2.0,0.0062247207567037565,1.0000 0.0000
histfill,sentinel2,treatment_0015,treatment,treatment_0015,2,5,10,candidate,2,,,0.0,,3.0,0.0062247207567037565,1.0000 0.0000
histfill,sentinel2,treatment_0015,treatment,treatment_0015,2,5,10,candidate,2,,,0.0,,4.0,0.0062247207567037565,1.0000 0.0000
histfill,sentinel2,treatment_0001,treatment,treatment_0001,2,6,10,path,1,1.0,0.00626619891961602,inf,True,,,
histfill,sentinel2,treatment_0001,treatment,treatment_0001,2,6,10,path,2,2.0,0.00626619891961602,0.0,False,,,
histfill,sentinel2,treatment_0001,treatment,treatment_0001,2,6,10,candidate,1,,,,,1.0,0.00626619891961602,1.0000
histfill,sentinel2,treatment_0001,treatment,treatment_0001,2,6,10,candidate,1,,,,,2.0,0.01355526135047462,1.0000
histfill,sentinel2,treatment_0001,treatment,treatment_0001,2,6,10,candidate,1,,,,,3.0,0.02334211424668125,1.0000
histfill,sentinel2,treatment_0001,treatment,treatment_0001,2,6,10,candidate,2,,,0.0,,2.0,0.00626619891961602,1.0000 0.0000
histfill,sentinel2,treatment_0001,treatment,treatment_0001,2,6,10,candidate,2,,,0.0,,3.0,0.00626619891961602,1.0000 0.0000
histfill,sentinel2,treatment_0002,treatment,treatment_0002,2,6,10,path,1,1.0,0.003764794990530625,inf,True,,,
histfill,sentinel2,treatment_0002,treatment,treatment_0002,2,6,10,path,2,2.0,0.003764794990530625,0.0,False,,,
histfill,sentinel2,treatment_0002,treatment,treatment_0002,2,6,10,candidate,1,,,,,1.0,0.003764794990530625,1.0000
histfill,sentinel2,treatment_0002,treatment,treatment_0002,2,6,10,candidate,1,,,,,2.0,0.008422077707409032,1.0000
histfill,sentinel2,treatment_0002,treatment,treatment_0002,2,6,10,candidate,1,,,,,3.0,0.014898979686071505,1.0000
histfill,sentinel2,treatment_0002,treatment,treatment_0002,2,6,10,candidate,2,,,0.0,,2.0,0.003764794990530625,1.0000 0.0000
histfill,sentinel2,treatment_0002,treatment,treatment_0002,2,6,10,candidate,2,,,0.0,,3.0,0.003764794990530625,1.0000 0.0000
histfill,sentinel2,treatment_0003,treatment,treatment_0003,2,6,10,path,1,1.0,0.005276128134790181,inf,True,,,
histfill,sentinel2,treatment_0003,treatment,treatment_0003,2,6,10,path,2,2.0,0.005276128134790181,0.0,False,,,
histfill,sentinel2,treatment_0003,treatment,treatment_0003,2,6,10,candidate,1,,,,,1.0,0.005276128134790181,1.0000
histfill,sentinel2,treatment_0003,treatment,treatment_0003,2,6,10,candidate,1,,,,,2.0,0.011682399643283563,1.0000
histfill,sentinel2,treatment_0003,treatment,treatment_0003,2,6,10,candidate,1,,,,,3.0,0.020508567156243204,1.0000
histfill,sentinel2,treatment_0003,treatment,treatment_0003,2,6,10,candidate,2,,,0.0,,2.0,0.005276128134790181,1.0000 0.0000
histfill,sentinel2,treatment_0003,treatment,treatment_0003,2,6,10,candidate,2,,,0.0,,3.0,0.005276128134790181,1.0000 0.0000
histfill,sentinel2,treatment_0004,treatment,treatment_0004,2,6,10,path,1,1.0,0.00536047117457335,inf,True,,,
histfill,sentinel2,treatment_0004,treatment,treatment_0004,2,6,10,path,2,2.0,0.00536047117457335,0.0,False,,,
histfill,sentinel2,treatment_0004,treatment,treatment_0004,2,6,10,candidate,1,,,,,1.0,0.00536047117457335,1.0000
histfill,sentinel2,treatment_0004,treatment,treatment_0004,2,6,10,candidate,1,,,,,2.0,0.011843258028998872,1.0000
histfill,sentinel2,treatment_0004,treatment,treatment_0004,2,6,10,candidate,1,,,,,3.0,0.02082496009411417,1.0000
histfill,sentinel2,treatment_0004,treatment,treatment_0004,2,6,10,candidate,2,,,0.0,,2.0,0.00536047117457335,1.0000 0.0000
histfill,sentinel2,treatment_0004,treatment,treatment_0004,2,6,10,candidate,2,,,0.0,,3.0,0.00536047117457335,1.0000 0.0000
histfill,sentinel2,treatment_0005,treatment,treatment_0005,2,6,10,path,1,1.0,0.00437582453445624,inf,True,,,
histfill,sentinel2,treatment_0005,treatment,treatment_0005,2,6,10,path,2,2.0,0.00437582453445624,0.0,False,,,
histfill,sentinel2,treatment_0005,treatment,treatment_0005,2,6,10,candidate,1,,,,,1.0,0.00437582453445624,1.0000
histfill,sentinel2,treatment_0005,treatment,treatment_0005,2,6,10,candidate,1,,,,,2.0,0.009621537660193694,1.0000
histfill,sentinel2,treatment_0005,treatment,treatment_0005,2,6,10,candidate,1,,,,,3.0,0.016782184403766637,1.0000
histfill,sentinel2,treatment_0005,treatment,treatment_0005,2,6,10,candidate,2,,,0.0,,2.0,0.00437582453445624,1.0000 0.0000
histfill,sentinel2,treatment_0005,treatment,treatment_0005,2,6,10,candidate,2,,,0.0,,3.0,0.00437582453445624,1.0000 0.0000
histfill,sentinel2,treatment_0006,treatment,treatment_0006,2,6,10,path,1,1.0,0.0059264572849648265,inf,True,,,
histfill,sentinel2,treatment_0006,treatment,treatment_0006,2,6,10,path,2,2.0,0.0059264572849648265,0.0,False,,,
histfill,sentinel2,treatment_0006,treatment,treatment_0006,2,6,10,candidate,1,,,,,1.0,0.0059264572849648265,1.0000
histfill,sentinel2,treatment_0006,treatment,treatment_0006,2,6,10,candidate,1,,,,,2.0,0.013080624039134906,1.0000
histfill,sentinel2,treatment_0006,treatment,treatment_0006,2,6,10,candidate,1,,,,,3.0,0.022830277158515024,1.0000
histfill,sentinel2,treatment_0006,treatment,treatment_0006,2,6,10,candidate,2,,,0.0,,2.0,0.0059264572849648265,1.0000 0.0000
histfill,sentinel2,treatment_0006,treatment,treatment_0006,2,6,10,candidate,2,,,0.0,,3.0,0.0059264572849648265,1.0000 0.0000
histfill,sentinel2,treatment_0007,treatment,treatment_0007,2,6,10,path,1,1.0,0.005268238306908335,inf,True,,,
histfill,sentinel2,treatment_0007,treatment,treatment_0007,2,6,10,path,2,2.0,0.005268238306908335,0.0,False,,,
histfill,sentinel2,treatment_0007,treatment,treatment_0007,2,6,10,candidate,1,,,,,1.0,0.005268238306908335,1.0000
histfill,sentinel2,treatment_0007,treatment,treatment_0007,2,6,10,candidate,1,,,,,2.0,0.0118102489122563,1.0000
histfill,sentinel2,treatment_0007,treatment,treatment_0007,2,6,10,candidate,1,,,,,3.0,0.020945543372487257,1.0000
histfill,sentinel2,treatment_0007,treatment,treatment_0007,2,6,10,candidate,2,,,0.0,,2.0,0.005268238306908335,1.0000 0.0000
histfill,sentinel2,treatment_0007,treatment,treatment_0007,2,6,10,candidate,2,,,0.0,,3.0,0.005268238306908335,1.0000 0.0000
histfill,sentinel2,treatment_0008,treatment,treatment_0008,2,6,10,path,1,1.0,0.005422826959659982,inf,True,,,
histfill,sentinel2,treatment_0008,treatment,treatment_0008,2,6,10,path,2,2.0,0.005422826959659982,0.0,False,,,
histfill,sentinel2,treatment_0008,treatment,treatment_0008,2,6,10,candidate,1,,,,,1.0,0.005422826959659982,1.0000
histfill,sentinel2,treatment_0008,treatment,treatment_0008,2,6,10,candidate,1,,,,,2.0,0.011809143143332555,1.0000
histfill,sentinel2,treatment_0008,treatment,treatment_0008,2,6,10,candidate,1,,,,,3.0,0.020528945692088234,1.0000
histfill,sentinel2,treatment_0008,treatment,treatment_0008,2,6,10,candidate,2,,,0.0,,2.0,0.005422826959659982,1.0000 0.0000
histfill,sentinel2,treatment_0008,treatment,treatment_0008,2,6,10,candidate,2,,,0.0,,3.0,0.005422826959659982,1.0000 0.0000
histfill,sentinel2,treatment_0009,treatment,treatment_0009,2,6,10,path,1,1.0,0.004896073628811713,inf,True,,,
histfill,sentinel2,treatment_0009,treatment,treatment_0009,2,6,10,path,2,2.0,0.004896073628811713,0.0,False,,,
histfill,sentinel2,treatment_0009,treatment,treatment_0009,2,6,10,candidate,1,,,,,1.0,0.004896073628811713,1.0000
histfill,sentinel2,treatment_0009,treatment,treatment_0009,2,6,10,candidate,1,,,,,2.0,0.010612157173920065,1.0000
histfill,sentinel2,treatment_0009,treatment,treatment_0009,2,6,10,candidate,1,,,,,3.0,0.01843319537208742,1.0000
histfill,sentinel2,treatment_0009,treatment,treatment_0009,2,6,10,candidate,2,,,0.0,,2.0,0.004896073628811713,1.0000 0.0000
histfill,sentinel2,treatment_0009,treatment,treatment_0009,2,6,10,candidate,2,,,0.0,,3.0,0.004896073628811713,1.0000 0.0000
histfill,sentinel2,treatment_0010,treatment,treatment_0010,2,6,10,path,1,1.0,0.007486438122255753,inf,True,,,
histfill,sentinel2,treatment_0010,treatment,treatment_0010,2,6,10,path,2,2.0,0.007486438122255753,0.0,False,,,
histfill,sentinel2,treatment_0010,treatment,treatment_0010,2,6,10,candidate,1,,,,,1.0,0.007486438122255753,1.0000
histfill,sentinel2,treatment_0010,treatment,treatment_0010,2,6,10,candidate,1,,,,,2.0,0.015473296849618132,1.0000
histfill,sentinel2,treatment_0010,treatment,treatment_0010,2,6,10,candidate,1,,,,,3.0,0.02564812440088853,1.0000
histfill,sentinel2,treatment_0010,treatment,treatment_0010,2,6,10,candidate,2,,,0.0,,2.0,0.007486438122255753,1.0000 0.0000
histfill,sentinel2,treatment_0010,treatment,treatment_0010,2,6,10,candidate,2,,,0.0,,3.0,0.007486438122255753,1.0000 0.0000
histfill,sentinel2,treatment_0011,treatment,treatment_0011,2,6,10,path,1,1.0,0.004948171096316672,inf,True,,,
histfill,sentinel2,treatment_0011,treatment,treatment_0011,2,6,10,path,2,2.0,0.004948171096316672,0.0,False,,,
histfill,sentinel2,treatment_0011,treatment,treatment_0011,2,6,10,candidate,1,,,,,1.0,0.004948171096316672,1.0000
histfill,sentinel2,treatment_0011,treatment,treatment_0011,2,6,10,candidate,1,,,,,2.0,0.011091765430314884,1.0000
histfill,sentinel2,treatment_0011,treatment,treatment_0011,2,6,10,candidate,1,,,,,3.0,0.019663155916076407,1.0000
histfill,sentinel2,treatment_0011,treatment,treatment_0011,2,6,10,candidate,2,,,0.0,,2.0,0.004948171096316672,1.0000 0.0000
histfill,sentinel2,treatment_0011,treatment,treatment_0011,2,6,10,candidate,2,,,0.0,,3.0,0.004948171096316672,1.0000 0.0000
histfill,sentinel2,treatment_0012,treatment,treatment_0012,2,6,10,path,1,1.0,0.00602087895503655,inf,True,,,
histfill,sentinel2,treatment_0012,treatment,treatment_0012,2,6,10,path,2,2.0,0.00602087895503655,0.0,False,,,
histfill,sentinel2,treatment_0012,treatment,treatment_0012,2,6,10,candidate,1,,,,,1.0,0.00602087895503655,1.0000
histfill,sentinel2,treatment_0012,treatment,treatment_0012,2,6,10,candidate,1,,,,,2.0,0.013506401563514734,1.0000
histfill,sentinel2,treatment_0012,treatment,treatment_0012,2,6,10,candidate,1,,,,,3.0,0.023936837827308714,1.0000
histfill,sentinel2,treatment_0012,treatment,treatment_0012,2,6,10,candidate,2,,,0.0,,2.0,0.00602087895503655,1.0000 0.0000
histfill,sentinel2,treatment_0012,treatment,treatment_0012,2,6,10,candidate,2,,,0.0,,3.0,0.00602087895503655,1.0000 0.0000
histfill,sentinel2,treatment_0013,treatment,treatment_0013,2,6,10,path,1,1.0,0.006683198016535546,inf,True,,,
histfill,sentinel2,treatment_0013,treatment,treatment_0013,2,6,10,path,2,2.0,0.006683198016535546,0.0,False,,,
histfill,sentinel2,treatment_0013,treatment,treatment_0013,2,6,10,candidate,1,,,,,1.0,0.006683198016535546,1.0000
histfill,sentinel2,treatment_0013,treatment,treatment_0013,2,6,10,candidate,1,,,,,2.0,0.015131292874334745,1.0000
histfill,sentinel2,treatment_0013,treatment,treatment_0013,2,6,10,candidate,1,,,,,3.0,0.027096900017258316,1.0000
histfill,sentinel2,treatment_0013,treatment,treatment_0013,2,6,10,candidate,2,,,0.0,,2.0,0.006683198016535546,1.0000 0.0000
histfill,sentinel2,treatment_0013,treatment,treatment_0013,2,6,10,candidate,2,,,0.0,,3.0,0.006683198016535546,1.0000 0.0000
histfill,sentinel2,treatment_0014,treatment,treatment_0014,2,6,10,path,1,1.0,0.007039025185607182,inf,True,,,
histfill,sentinel2,treatment_0014,treatment,treatment_0014,2,6,10,path,2,2.0,0.007039025185607182,0.0,False,,,
histfill,sentinel2,treatment_0014,treatment,treatment_0014,2,6,10,candidate,1,,,,,1.0,0.007039025185607182,1.0000
histfill,sentinel2,treatment_0014,treatment,treatment_0014,2,6,10,candidate,1,,,,,2.0,0.015852235271418283,1.0000
histfill,sentinel2,treatment_0014,treatment,treatment_0014,2,6,10,candidate,1,,,,,3.0,0.028205174736104177,1.0000
histfill,sentinel2,treatment_0014,treatment,treatment_0014,2,6,10,candidate,2,,,0.0,,2.0,0.007039025185607182,1.0000 0.0000
histfill,sentinel2,treatment_0014,treatment,treatment_0014,2,6,10,candidate,2,,,0.0,,3.0,0.007039025185607182,1.0000 0.0000
histfill,sentinel2,treatment_0015,treatment,treatment_0015,2,6,10,path,1,1.0,0.006101197543827892,inf,True,,,
histfill,sentinel2,treatment_0015,treatment,treatment_0015,2,6,10,path,2,2.0,0.006101197543827892,0.0,False,,,
histfill,sentinel2,treatment_0015,treatment,treatment_0015,2,6,10,candidate,1,,,,,1.0,0.006101197543827892,1.0000
histfill,sentinel2,treatment_0015,treatment,treatment_0015,2,6,10,candidate,1,,,,,2.0,0.01301805836064676,1.0000
histfill,sentinel2,treatment_0015,treatment,treatment_0015,2,6,10,candidate,1,,,,,3.0,0.02244462378843486,1.0000
histfill,sentinel2,treatment_0015,treatment,treatment_0015,2,6,10,candidate,2,,,0.0,,2.0,0.006101197543827892,1.0000 0.0000
histfill,sentinel2,treatment_0015,treatment,treatment_0015,2,6,10,candidate,2,,,0.0,,3.0,0.006101197543827892,1.0000 0.0000
histfill,sentinel2,treatment_0001,treatment,treatment_0001,2,7,10,path,1,1.0,0.006176653989640026,inf,True,,,
histfill,sentinel2,treatment_0001,treatment,treatment_0001,2,7,10,path,2,2.0,0.006176653989640026,0.0,False,,,
histfill,sentinel2,treatment_0001,treatment,treatment_0001,2,7,10,candidate,1,,,,,1.0,0.006176653989640026,1.0000
histfill,sentinel2,treatment_0001,treatment,treatment_0001,2,7,10,candidate,1,,,,,2.0,0.013505651093713381,1.0000
histfill,sentinel2,treatment_0001,treatment,treatment_0001,2,7,10,candidate,2,,,0.0,,2.0,0.006176653989640026,1.0000 0.0000
histfill,sentinel2,treatment_0002,treatment,treatment_0002,2,7,10,path,1,1.0,0.0037531535755290337,inf,True,,,
histfill,sentinel2,treatment_0002,treatment,treatment_0002,2,7,10,path,2,2.0,0.0037531535755290337,0.0,False,,,
histfill,sentinel2,treatment_0002,treatment,treatment_0002,2,7,10,candidate,1,,,,,1.0,0.0037531535755290337,1.0000
histfill,sentinel2,treatment_0002,treatment,treatment_0002,2,7,10,candidate,1,,,,,2.0,0.00840445156436771,1.0000
histfill,sentinel2,treatment_0002,treatment,treatment_0002,2,7,10,candidate,2,,,0.0,,2.0,0.0037531535755290337,1.0000 0.0000
histfill,sentinel2,treatment_0003,treatment,treatment_0003,2,7,10,path,1,1.0,0.005251543142445857,inf,True,,,
histfill,sentinel2,treatment_0003,treatment,treatment_0003,2,7,10,path,2,2.0,0.005251543142445857,0.0,False,,,
histfill,sentinel2,treatment_0003,treatment,treatment_0003,2,7,10,candidate,1,,,,,1.0,0.005251543142445857,1.0000
histfill,sentinel2,treatment_0003,treatment,treatment_0003,2,7,10,candidate,1,,,,,2.0,0.01167557368440935,1.0000
histfill,sentinel2,treatment_0003,treatment,treatment_0003,2,7,10,candidate,2,,,0.0,,2.0,0.005251543142445857,1.0000 0.0000
histfill,sentinel2,treatment_0004,treatment,treatment_0004,2,7,10,path,1,1.0,0.005427689252095747,inf,True,,,
histfill,sentinel2,treatment_0004,treatment,treatment_0004,2,7,10,path,2,2.0,0.005427689252095747,0.0,False,,,
histfill,sentinel2,treatment_0004,treatment,treatment_0004,2,7,10,candidate,1,,,,,1.0,0.005427689252095747,1.0000
histfill,sentinel2,treatment_0004,treatment,treatment_0004,2,7,10,candidate,1,,,,,2.0,0.012114141806107235,1.0000
histfill,sentinel2,treatment_0004,treatment,treatment_0004,2,7,10,candidate,2,,,0.0,,2.0,0.005427689252095747,1.0000 0.0000
histfill,sentinel2,treatment_0005,treatment,treatment_0005,2,7,10,path,1,1.0,0.0043384451301891,inf,True,,,
histfill,sentinel2,treatment_0005,treatment,treatment_0005,2,7,10,path,2,2.0,0.0043384451301891,0.0,False,,,
histfill,sentinel2,treatment_0005,treatment,treatment_0005,2,7,10,candidate,1,,,,,1.0,0.0043384451301891,1.0000
histfill,sentinel2,treatment_0005,treatment,treatment_0005,2,7,10,candidate,1,,,,,2.0,0.00959678785817967,1.0000
histfill,sentinel2,treatment_0005,treatment,treatment_0005,2,7,10,candidate,2,,,0.0,,2.0,0.0043384451301891,1.0000 0.0000
histfill,sentinel2,treatment_0006,treatment,treatment_0006,2,7,10,path,1,1.0,0.0058369251509938205,inf,True,,,
histfill,sentinel2,treatment_0006,treatment,treatment_0006,2,7,10,path,2,2.0,0.0058369251509938205,0.0,False,,,
histfill,sentinel2,treatment_0006,treatment,treatment_0006,2,7,10,candidate,1,,,,,1.0,0.0058369251509938205,1.0000
histfill,sentinel2,treatment_0006,treatment,treatment_0006,2,7,10,candidate,1,,,,,2.0,0.012899839836179317,1.0000
histfill,sentinel2,treatment_0006,treatment,treatment_0006,2,7,10,candidate,2,,,0.0,,2.0,0.0058369251509938205,1.0000 0.0000
histfill,sentinel2,treatment_0007,treatment,treatment_0007,2,7,10,path,1,1.0,0.005272414481754729,inf,True,,,
histfill,sentinel2,treatment_0007,treatment,treatment_0007,2,7,10,path,2,2.0,0.005272414481754729,0.0,False,,,
histfill,sentinel2,treatment_0007,treatment,treatment_0007,2,7,10,candidate,1,,,,,1.0,0.005272414481754729,1.0000
histfill,sentinel2,treatment_0007,treatment,treatment_0007,2,7,10,candidate,1,,,,,2.0,0.011840540284370833,1.0000
histfill,sentinel2,treatment_0007,treatment,treatment_0007,2,7,10,candidate,2,,,0.0,,2.0,0.005272414481754729,1.0000 0.0000
histfill,sentinel2,treatment_0008,treatment,treatment_0008,2,7,10,path,1,1.0,0.005419604678080272,inf,True,,,
histfill,sentinel2,treatment_0008,treatment,treatment_0008,2,7,10,path,2,2.0,0.005419604678080272,0.0,False,,,
histfill,sentinel2,treatment_0008,treatment,treatment_0008,2,7,10,candidate,1,,,,,1.0,0.005419604678080272,1.0000
histfill,sentinel2,treatment_0008,treatment,treatment_0008,2,7,10,candidate,1,,,,,2.0,0.01196272710682936,1.0000
histfill,sentinel2,treatment_0008,treatment,treatment_0008,2,7,10,candidate,2,,,0.0,,2.0,0.005419604678080272,1.0000 0.0000
histfill,sentinel2,treatment_0009,treatment,treatment_0009,2,7,10,path,1,1.0,0.00490457459938726,inf,True,,,
histfill,sentinel2,treatment_0009,treatment,treatment_0009,2,7,10,path,2,2.0,0.00490457459938726,0.0,False,,,
histfill,sentinel2,treatment_0009,treatment,treatment_0009,2,7,10,candidate,1,,,,,1.0,0.00490457459938726,1.0000
histfill,sentinel2,treatment_0009,treatment,treatment_0009,2,7,10,candidate,1,,,,,2.0,0.010811689442391643,1.0000
histfill,sentinel2,treatment_0009,treatment,treatment_0009,2,7,10,candidate,2,,,0.0,,2.0,0.00490457459938726,1.0000 0.0000
histfill,sentinel2,treatment_0010,treatment,treatment_0010,2,7,10,path,1,1.0,0.0073474223451077,inf,True,,,
histfill,sentinel2,treatment_0010,treatment,treatment_0010,2,7,10,path,2,2.0,0.0073474223451077,0.0,False,,,
histfill,sentinel2,treatment_0010,treatment,treatment_0010,2,7,10,candidate,1,,,,,1.0,0.0073474223451077,1.0000
histfill,sentinel2,treatment_0010,treatment,treatment_0010,2,7,10,candidate,1,,,,,2.0,0.01554142378656531,1.0000
histfill,sentinel2,treatment_0010,treatment,treatment_0010,2,7,10,candidate,2,,,0.0,,2.0,0.0073474223451077,1.0000 0.0000
histfill,sentinel2,treatment_0011,treatment,treatment_0011,2,7,10,path,1,1.0,0.004947972139392044,inf,True,,,
histfill,sentinel2,treatment_0011,treatment,treatment_0011,2,7,10,path,2,2.0,0.004947972139392044,0.0,False,,,
histfill,sentinel2,treatment_0011,treatment,treatment_0011,2,7,10,candidate,1,,,,,1.0,0.004947972139392044,1.0000
histfill,sentinel2,treatment_0011,treatment,treatment_0011,2,7,10,candidate,1,,,,,2.0,0.011105452053730178,1.0000
histfill,sentinel2,treatment_0011,treatment,treatment_0011,2,7,10,candidate,2,,,0.0,,2.0,0.004947972139392044,1.0000 0.0000
histfill,sentinel2,treatment_0012,treatment,treatment_0012,2,7,10,path,1,1.0,0.006008079529390974,inf,True,,,
histfill,sentinel2,treatment_0012,treatment,treatment_0012,2,7,10,path,2,2.0,0.006008079529390974,0.0,False,,,
histfill,sentinel2,treatment_0012,treatment,treatment_0012,2,7,10,candidate,1,,,,,1.0,0.006008079529390974,1.0000
histfill,sentinel2,treatment_0012,treatment,treatment_0012,2,7,10,candidate,1,,,,,2.0,0.013479909678323916,1.0000
histfill,sentinel2,treatment_0012,treatment,treatment_0012,2,7,10,candidate,2,,,0.0,,2.0,0.006008079529390974,1.0000 0.0000
histfill,sentinel2,treatment_0013,treatment,treatment_0013,2,7,10,path,1,1.0,0.006826590091453194,inf,True,,,
histfill,sentinel2,treatment_0013,treatment,treatment_0013,2,7,10,path,2,2.0,0.006826590091453194,0.0,False,,,
histfill,sentinel2,treatment_0013,treatment,treatment_0013,2,7,10,candidate,1,,,,,1.0,0.006826590091453194,1.0000
histfill,sentinel2,treatment_0013,treatment,treatment_0013,2,7,10,candidate,1,,,,,2.0,0.015524549530918518,1.0000
histfill,sentinel2,treatment_0013,treatment,treatment_0013,2,7,10,candidate,2,,,0.0,,2.0,0.006826590091453194,1.0000 0.0000
histfill,sentinel2,treatment_0014,treatment,treatment_0014,2,7,10,path,1,1.0,0.00705141296008284,inf,True,,,
histfill,sentinel2,treatment_0014,treatment,treatment_0014,2,7,10,path,2,2.0,0.00705141296008284,0.0,False,,,
histfill,sentinel2,treatment_0014,treatment,treatment_0014,2,7,10,candidate,1,,,,,1.0,0.00705141296008284,1.0000
histfill,sentinel2,treatment_0014,treatment,treatment_0014,2,7,10,candidate,1,,,,,2.0,0.015882772363044365,1.0000
histfill,sentinel2,treatment_0014,treatment,treatment_0014,2,7,10,candidate,2,,,0.0,,2.0,0.00705141296008284,1.0000 0.0000
histfill,sentinel2,treatment_0015,treatment,treatment_0015,2,7,10,path,1,1.0,0.0061852873455201605,inf,True,,,
histfill,sentinel2,treatment_0015,treatment,treatment_0015,2,7,10,path,2,2.0,0.0061852873455201605,0.0,False,,,
histfill,sentinel2,treatment_0015,treatment,treatment_0015,2,7,10,candidate,1,,,,,1.0,0.0061852873455201605,1.0000
histfill,sentinel2,treatment_0015,treatment,treatment_0015,2,7,10,candidate,1,,,,,2.0,0.013599884193314413,1.0000
histfill,sentinel2,treatment_0015,treatment,treatment_0015,2,7,10,candidate,2,,,0.0,,2.0,0.0061852873455201605,1.0000 0.0000
histfill,sentinel2,treatment_0001,treatment,treatment_0001,2,8,10,path,1,1.0,0.006183043659245732,inf,True,,,
histfill,sentinel2,treatment_0001,treatment,treatment_0001,2,8,10,candidate,1,,,,,1.0,0.006183043659245732,1.0000
histfill,sentinel2,treatment_0002,treatment,treatment_0002,2,8,10,path,1,1.0,0.0037465550728840785,inf,True,,,
histfill,sentinel2,treatment_0002,treatment,treatment_0002,2,8,10,candidate,1,,,,,1.0,0.0037465550728840785,1.0000
histfill,sentinel2,treatment_0003,treatment,treatment_0003,2,8,10,path,1,1.0,0.005255340826577409,inf,True,,,
histfill,sentinel2,treatment_0003,treatment,treatment_0003,2,8,10,candidate,1,,,,,1.0,0.005255340826577409,1.0000
histfill,sentinel2,treatment_0004,treatment,treatment_0004,2,8,10,path,1,1.0,0.005568048843001954,inf,True,,,
histfill,sentinel2,treatment_0004,treatment,treatment_0004,2,8,10,candidate,1,,,,,1.0,0.005568048843001954,1.0000
histfill,sentinel2,treatment_0005,treatment,treatment_0005,2,8,10,path,1,1.0,0.004338773444985728,inf,True,,,
histfill,sentinel2,treatment_0005,treatment,treatment_0005,2,8,10,candidate,1,,,,,1.0,0.004338773444985728,1.0000
histfill,sentinel2,treatment_0006,treatment,treatment_0006,2,8,10,path,1,1.0,0.005759981658704068,inf,True,,,
histfill,sentinel2,treatment_0006,treatment,treatment_0006,2,8,10,candidate,1,,,,,1.0,0.005759981658704068,1.0000
histfill,sentinel2,treatment_0007,treatment,treatment_0007,2,8,10,path,1,1.0,0.005289489073283838,inf,True,,,
histfill,sentinel2,treatment_0007,treatment,treatment_0007,2,8,10,candidate,1,,,,,1.0,0.005289489073283838,1.0000
histfill,sentinel2,treatment_0008,treatment,treatment_0008,2,8,10,path,1,1.0,0.005517501115467883,inf,True,,,
histfill,sentinel2,treatment_0008,treatment,treatment_0008,2,8,10,candidate,1,,,,,1.0,0.005517501115467883,1.0000
histfill,sentinel2,treatment_0009,treatment,treatment_0009,2,8,10,path,1,1.0,0.00502479253225399,inf,True,,,
histfill,sentinel2,treatment_0009,treatment,treatment_0009,2,8,10,candidate,1,,,,,1.0,0.00502479253225399,1.0000
histfill,sentinel2,treatment_0010,treatment,treatment_0010,2,8,10,path,1,1.0,0.007441668691515494,inf,True,,,
histfill,sentinel2,treatment_0010,treatment,treatment_0010,2,8,10,candidate,1,,,,,1.0,0.007441668691515494,1.0000
histfill,sentinel2,treatment_0011,treatment,treatment_0011,2,8,10,path,1,1.0,0.004956227275199071,inf,True,,,
histfill,sentinel2,treatment_0011,treatment,treatment_0011,2,8,10,candidate,1,,,,,1.0,0.004956227275199071,1.0000
histfill,sentinel2,treatment_0012,treatment,treatment_0012,2,8,10,path,1,1.0,0.005996807704377442,inf,True,,,
histfill,sentinel2,treatment_0012,treatment,treatment_0012,2,8,10,candidate,1,,,,,1.0,0.005996807704377442,1.0000
histfill,sentinel2,treatment_0013,treatment,treatment_0013,2,8,10,path,1,1.0,0.007018926566791836,inf,True,,,
histfill,sentinel2,treatment_0013,treatment,treatment_0013,2,8,10,candidate,1,,,,,1.0,0.007018926566791836,1.0000
histfill,sentinel2,treatment_0014,treatment,treatment_0014,2,8,10,path,1,1.0,0.007065547226707593,inf,True,,,
histfill,sentinel2,treatment_0014,treatment,treatment_0014,2,8,10,candidate,1,,,,,1.0,0.007065547226707593,1.0000
histfill,sentinel2,treatment_0015,treatment,treatment_0015,2,8,10,path,1,1.0,0.006521501971361903,inf,True,,,
histfill,sentinel2,treatment_0015,treatment,treatment_0015,2,8,10,candidate,1,,,,,1.0,0.006521501971361903,1.0000
histfill,sentinel2,treatment_0001,treatment,treatment_0001,3,2,10,path,1,1.0,0.01552312567870872,inf,True,,,
histfill,sentinel2,treatment_0001,treatment,treatment_0001,3,2,10,path,2,2.0,0.01552312567870872,0.0,False,,,
histfill,sentinel2,treatment_0001,treatment,treatment_0001,3,2,10,candidate,1,,,,,1.0,0.01552312567870872,1.0000
histfill,sentinel2,treatment_0001,treatment,treatment_0001,3,2,10,candidate,1,,,,,2.0,0.025933827489246525,1.0000
histfill,sentinel2,treatment_0001,treatment,treatment_0001,3,2,10,candidate,1,,,,,3.0,0.03819226498442043,1.0000
histfill,sentinel2,treatment_0001,treatment,treatment_0001,3,2,10,candidate,1,,,,,4.0,0.05204699348998042,1.0000
histfill,sentinel2,treatment_0001,treatment,treatment_0001,3,2,10,candidate,1,,,,,5.0,0.0674374127238639,1.0000
histfill,sentinel2,treatment_0001,treatment,treatment_0001,3,2,10,candidate,1,,,,,6.0,0.08456099062318456,1.0000
histfill,sentinel2,treatment_0001,treatment,treatment_0001,3,2,10,candidate,2,,,0.0,,2.0,0.01552312567870872,1.0000 0.0000
histfill,sentinel2,treatment_0001,treatment,treatment_0001,3,2,10,candidate,2,,,0.0,,3.0,0.01552312567870872,1.0000 0.0000
histfill,sentinel2,treatment_0001,treatment,treatment_0001,3,2,10,candidate,2,,,0.0,,4.0,0.01552312567870872,1.0000 0.0000
histfill,sentinel2,treatment_0001,treatment,treatment_0001,3,2,10,candidate,2,,,0.0,,5.0,0.01552312567870872,1.0000 0.0000
histfill,sentinel2,treatment_0001,treatment,treatment_0001,3,2,10,candidate,2,,,0.0,,6.0,0.01552312567870872,1.0000 0.0000
histfill,sentinel2,treatment_0002,treatment,treatment_0002,3,2,10,path,1,1.0,0.008607172961874791,inf,True,,,
histfill,sentinel2,treatment_0002,treatment,treatment_0002,3,2,10,path,2,2.0,0.008607172961874791,0.0,False,,,
histfill,sentinel2,treatment_0002,treatment,treatment_0002,3,2,10,candidate,1,,,,,1.0,0.008607172961874791,1.0000
histfill,sentinel2,treatment_0002,treatment,treatment_0002,3,2,10,candidate,1,,,,,2.0,0.015166147642330246,1.0000
histfill,sentinel2,treatment_0002,treatment,treatment_0002,3,2,10,candidate,1,,,,,3.0,0.023506495443705616,1.0000
histfill,sentinel2,treatment_0002,treatment,treatment_0002,3,2,10,candidate,1,,,,,4.0,0.033604542413776015,1.0000
histfill,sentinel2,treatment_0002,treatment,treatment_0002,3,2,10,candidate,1,,,,,5.0,0.04544592537257682,1.0000
histfill,sentinel2,treatment_0002,treatment,treatment_0002,3,2,10,candidate,1,,,,,6.0,0.05902553111170435,1.0000
histfill,sentinel2,treatment_0002,treatment,treatment_0002,3,2,10,candidate,2,,,0.0,,2.0,0.008607172961874791,1.0000 0.0000
histfill,sentinel2,treatment_0002,treatment,treatment_0002,3,2,10,candidate,2,,,0.0,,3.0,0.008607172961874791,1.0000 0.0000
histfill,sentinel2,treatment_0002,treatment,treatment_0002,3,2,10,candidate,2,,,0.0,,4.0,0.008607172961874791,1.0000 0.0000
histfill,sentinel2,treatment_0002,treatment,treatment_0002,3,2,10,candidate,2,,,0.0,,5.0,0.008607172961874791,1.0000 0.0000
histfill,sentinel2,treatment_0002,treatment,treatment_0002,3,2,10,candidate,2,,,0.0,,6.0,0.008607172961874791,1.0000 0.0000
histfill,sentinel2,treatment_0003,treatment,treatment_0003,3,2,10,path,1,1.0,0.012341541123765745,inf,True,,,
histfill,sentinel2,treatment_0003,treatment,treatment_0003,3,2,10,path,2,2.0,0.012341541123765745,0.0,False,,,
histfill,sentinel2,treatment_0003,treatment,treatment_0003,3,2,10,candidate,1,,,,,1.0,0.012341541123765745,1.0000
histfill,sentinel2,treatment_0003,treatment,treatment_0003,3,2,10,candidate,1,,,,,2.0,0.021327738411609565,1.0000
histfill,sentinel2,treatment_0003,treatment,treatment_0003,3,2,10,candidate,1,,,,,3.0,0.03249845457835437,1.0000
histfill,sentinel2,treatment_0003,treatment,treatment_0003,3,2,10,candidate,1,,,,,4.0,0.04577901612492541,1.0000
histfill,sentinel2,treatment_0003,treatment,treatment_0003,3,2,10,candidate,1,,,,,5.0,0.061142042981207505,1.0000
histfill,sentinel2,treatment_0003,treatment,treatment_0003,3,2,10,candidate,1,,,,,6.0,0.07861310083395906,1.0000
histfill,sentinel2,treatment_0003,treatment,treatment_0003,3,2,10,candidate,2,,,0.0,,2.0,0.012341541123765745,1.0000 0.0000
histfill,sentinel2,treatment_0003,treatment,treatment_0003,3,2,10,candidate,2,,,0.0,,3.0,0.012341541123765745,1.0000 0.0000
histfill,sentinel2,treatment_0003,treatment,treatment_0003,3,2,10,candidate,2,,,0.0,,4.0,0.012341541123765745,1.0000 0.0000
histfill,sentinel2,treatment_0003,treatment,treatment_0003,3,2,10,candidate,2,,,0.0,,5.0,0.012341541123765745,1.0000 0.0000
histfill,sentinel2,treatment_0003,treatment,treatment_0003,3,2,10,candidate,2,,,0.0,,6.0,0.012341541123765745,1.0000 0.0000
histfill,sentinel2,treatment_0004,treatment,treatment_0004,3,2,10,path,1,1.0,0.012306494336807954,inf,True,,,
histfill,sentinel2,treatment_0004,treatment,treatment_0004,3,2,10,path,2,2.0,0.012306494336807954,0.0,False,,,
histfill,sentinel2,treatment_0004,treatment,treatment_0004,3,2,10,candidate,1,,,,,1.0,0.012306494336807954,1.0000
histfill,sentinel2,treatment_0004,treatment,treatment_0004,3,2,10,candidate,1,,,,,2.0,0.02080482823894981,1.0000
histfill,sentinel2,treatment_0004,treatment,treatment_0004,3,2,10,candidate,1,,,,,3.0,0.031126457748745825,1.0000
histfill,sentinel2,treatment_0004,treatment,treatment_0004,3,2,10,candidate,1,,,,,4.0,0.0431883897281407,1.0000
histfill,sentinel2,treatment_0004,treatment,treatment_0004,3,2,10,candidate,1,,,,,5.0,0.05698080501286515,1.0000
histfill,sentinel2,treatment_0004,treatment,treatment_0004,3,2,10,candidate,1,,,,,6.0,0.07259179884598711,1.0000
histfill,sentinel2,treatment_0004,treatment,treatment_0004,3,2,10,candidate,2,,,0.0,,2.0,0.012306494336807954,1.0000 0.0000
histfill,sentinel2,treatment_0004,treatment,treatment_0004,3,2,10,candidate,2,,,0.0,,3.0,0.012306494336807954,1.0000 0.0000
histfill,sentinel2,treatment_0004,treatment,treatment_0004,3,2,10,candidate,2,,,0.0,,4.0,0.012306494336807954,1.0000 0.0000
histfill,sentinel2,treatment_0004,treatment,treatment_0004,3,2,10,candidate,2,,,0.0,,5.0,0.012306494336807954,1.0000 0.0000
histfill,sentinel2,treatment_0004,treatment,treatment_0004,3,2,10,candidate,2,,,0.0,,6.0,0.012306494336807954,1.0000 0.0000
histfill,sentinel2,treatment_0005,treatment,treatment_0005,3,2,10,path,1,1.0,0.01044848789421774,inf,True,,,
histfill,sentinel2,treatment_0005,treatment,treatment_0005,3,2,10,path,2,2.0,0.01044848789421774,0.0,False,,,
histfill,sentinel2,treatment_0005,treatment,treatment_0005,3,2,10,candidate,1,,,,,1.0,0.01044848789421774,1.0000
histfill,sentinel2,treatment_0005,treatment,treatment_0005,3,2,10,candidate,1,,,,,2.0,0.01789121750552306,1.0000
histfill,sentinel2,treatment_0005,treatment,treatment_0005,3,2,10,candidate,1,,,,,3.0,0.026979839840440115,1.0000
histfill,sentinel2,treatment_0005,treatment,treatment_0005,3,2,10,candidate,1,,,,,4.0,0.0375894990242169,1.0000
histfill,sentinel2,treatment_0005,treatment,treatment_0005,3,2,10,candidate,1,,,,,5.0,0.049659019351635775,1.0000
histfill,sentinel2,treatment_0005,treatment,treatment_0005,3,2,10,candidate,1,,,,,6.0,0.0632072169228942,1.0000
histfill,sentinel2,treatment_0005,treatment,treatment_0005,3,2,10,candidate,2,,,0.0,,2.0,0.01044848789421774,1.0000 0.0000
histfill,sentinel2,treatment_0005,treatment,treatment_0005,3,2,10,candidate,2,,,0.0,,3.0,0.01044848789421774,1.0000 0.0000
histfill,sentinel2,treatment_0005,treatment,treatment_0005,3,2,10,candidate,2,,,0.0,,4.0,0.01044848789421774,1.0000 0.0000
histfill,sentinel2,treatment_0005,treatment,treatment_0005,3,2,10,candidate,2,,,0.0,,5.0,0.01044848789421774,1.0000 0.0000
histfill,sentinel2,treatment_0005,treatment,treatment_0005,3,2,10,candidate,2,,,0.0,,6.0,0.01044848789421774,1.0000 0.0000
histfill,sentinel2,treatment_0006,treatment,treatment_0006,3,2,10,path,1,1.0,0.01406458533950148,inf,True,,,
histfill,sentinel2,treatment_0006,treatment,treatment_0006,3,2,10,path,2,2.0,0.01406458533950148,0.0,False,,,
histfill,sentinel2,treatment_0006,treatment,treatment_0006,3,2,10,candidate,1,,,,,1.0,0.01406458533950148,1.0000
histfill,sentinel2,treatment_0006,treatment,treatment_0006,3,2,10,candidate,1,,,,,2.0,0.02444359529643473,1.0000
histfill,sentinel2,treatment_0006,treatment,treatment_0006,3,2,10,candidate,1,,,,,3.0,0.03735525942509785,1.0000
histfill,sentinel2,treatment_0006,treatment,treatment_0006,3,2,10,candidate,1,,,,,4.0,0.05264168145402517,1.0000
histfill,sentinel2,treatment_0006,treatment,treatment_0006,3,2,10,candidate,1,,,,,5.0,0.07016826374745061,1.0000
histfill,sentinel2,treatment_0006,treatment,treatment_0006,3,2,10,candidate,1,,,,,6.0,0.08982724425761064,1.0000
histfill,sentinel2,treatment_0006,treatment,treatment_0006,3,2,10,candidate,2,,,0.0,,2.0,0.01406458533950148,1.0000 0.0000
histfill,sentinel2,treatment_0006,treatment,treatment_0006,3,2,10,candidate,2,,,0.0,,3.0,0.01406458533950148,1.0000 0.0000
histfill,sentinel2,treatment_0006,treatment,treatment_0006,3,2,10,candidate,2,,,0.0,,4.0,0.01406458533950148,1.0000 0.0000
histfill,sentinel2,treatment_0006,treatment,treatment_0006,3,2,10,candidate,2,,,0.0,,5.0,0.01406458533950148,1.0000 0.0000
histfill,sentinel2,treatment_0006,treatment,treatment_0006,3,2,10,candidate,2,,,0.0,,6.0,0.01406458533950148,1.0000 0.0000
histfill,sentinel2,treatment_0007,treatment,treatment_0007,3,2,10,path,1,1.0,0.011952187814283562,inf,True,,,
histfill,sentinel2,treatment_0007,treatment,treatment_0007,3,2,10,path,2,2.0,0.011952187814283562,0.0,False,,,
histfill,sentinel2,treatment_0007,treatment,treatment_0007,3,2,10,candidate,1,,,,,1.0,0.011952187814283562,1.0000
histfill,sentinel2,treatment_0007,treatment,treatment_0007,3,2,10,candidate,1,,,,,2.0,0.021063328425443697,1.0000
histfill,sentinel2,treatment_0007,treatment,treatment_0007,3,2,10,candidate,1,,,,,3.0,0.03265718811623597,1.0000
histfill,sentinel2,treatment_0007,treatment,treatment_0007,3,2,10,candidate,1,,,,,4.0,0.04671383726648307,1.0000
histfill,sentinel2,treatment_0007,treatment,treatment_0007,3,2,10,candidate,1,,,,,5.0,0.06323621040563594,1.0000
histfill,sentinel2,treatment_0007,treatment,treatment_0007,3,2,10,candidate,1,,,,,6.0,0.08225380496706929,1.0000
histfill,sentinel2,treatment_0007,treatment,treatment_0007,3,2,10,candidate,2,,,0.0,,2.0,0.011952187814283562,1.0000 0.0000
histfill,sentinel2,treatment_0007,treatment,treatment_0007,3,2,10,candidate,2,,,0.0,,3.0,0.011952187814283562,1.0000 0.0000
histfill,sentinel2,treatment_0007,treatment,treatment_0007,3,2,10,candidate,2,,,0.0,,4.0,0.011952187814283562,1.0000 0.0000
histfill,sentinel2,treatment_0007,treatment,treatment_0007,3,2,10,candidate,2,,,0.0,,5.0,0.011952187814283562,1.0000 0.0000
histfill,sentinel2,treatment_0007,treatment,treatment_0007,3,2,10,candidate,2,,,0.0,,6.0,0.011952187814283562,1.0000 0.0000
histfill,sentinel2,treatment_0008,treatment,treatment_0008,3,2,10,path,1,1.0,0.013207270146661855,inf,True,,,
histfill,sentinel2,treatment_0008,treatment,treatment_0008,3,2,10,path,2,2.0,0.013207270146661855,0.0,False,,,
histfill,sentinel2,treatment_0008,treatment,treatment_0008,3,2,10,candidate,1,,,,,1.0,0.013207270146661855,1.0000
histfill,sentinel2,treatment_0008,treatment,treatment_0008,3,2,10,candidate,1,,,,,2.0,0.02197978156646287,1.0000
histfill,sentinel2,treatment_0008,treatment,treatment_0008,3,2,10,candidate,1,,,,,3.0,0.03234681006445784,1.0000
histfill,sentinel2,treatment_0008,treatment,treatment_0008,3,2,10,candidate,1,,,,,4.0,0.044190638075468844,1.0000
histfill,sentinel2,treatment_0008,treatment,treatment_0008,3,2,10,candidate,1,,,,,5.0,0.05756335336133175,1.0000
histfill,sentinel2,treatment_0008,treatment,treatment_0008,3,2,10,candidate,1,,,,,6.0,0.07272598714871505,1.0000
histfill,sentinel2,treatment_0008,treatment,treatment_0008,3,2,10,candidate,2,,,0.0,,2.0,0.013207270146661855,1.0000 0.0000
histfill,sentinel2,treatment_0008,treatment,treatment_0008,3,2,10,candidate,2,,,0.0,,3.0,0.013207270146661855,1.0000 0.0000
histfill,sentinel2,treatment_0008,treatment,treatment_0008,3,2,10,candidate,2,,,0.0,,4.0,0.013207270146661855,1.0000 0.0000
histfill,sentinel2,treatment_0008,treatment,treatment_0008,3,2,10,candidate,2,,,0.0,,5.0,0.013207270146661855,1.0000 0.0000
histfill,sentinel2,treatment_0008,treatment,treatment_0008,3,2,10,candidate,2,,,0.0,,6.0,0.013207270146661855,1.0000 0.0000
histfill,sentinel2,treatment_0009,treatment,treatment_0009,3,2,10,path,1,1.0,0.012131079870116664,inf,True,,,
histfill,sentinel2,treatment_0009,treatment,treatment_0009,3,2,10,path,2,2.0,0.012131079870116664,0.0,False,,,
histfill,sentinel2,treatment_0009,treatment,treatment_0009,3,2,10,candidate,1,,,,,1.0,0.012131079870116664,1.0000
histfill,sentinel2,treatment_0009,treatment,treatment_0009,3,2,10,candidate,1,,,,,2.0,0.019923548238842334,1.0000
histfill,sentinel2,treatment_0009,treatment,treatment_0009,3,2,10,candidate,1,,,,,3.0,0.02901494258187224,1.0000
histfill,sentinel2,treatment_0009,treatment,treatment_0009,3,2,10,candidate,1,,,,,4.0,0.03935741343482892,1.0000
histfill,sentinel2,treatment_0009,treatment,treatment_0009,3,2,10,candidate,1,,,,,5.0,0.05110100115105348,1.0000
histfill,sentinel2,treatment_0009,treatment,treatment_0009,3,2,10,candidate,1,,,,,6.0,0.06462275429973763,1.0000
histfill,sentinel2,treatment_0009,treatment,treatment_0009,3,2,10,candidate,2,,,0.0,,2.0,0.012131079870116664,1.0000 0.0000
histfill,sentinel2,treatment_0009,treatment,treatment_0009,3,2,10,candidate,2,,,0.0,,3.0,0.012131079870116664,1.0000 0.0000
histfill,sentinel2,treatment_0009,treatment,treatment_0009,3,2,10,candidate,2,,,0.0,,4.0,0.012131079870116664,1.0000 0.0000
histfill,sentinel2,treatment_0009,treatment,treatment_0009,3,2,10,candidate,2,,,0.0,,5.0,0.012131079870116664,1.0000 0.0000
histfill,sentinel2,treatment_0009,treatment,treatment_0009,3,2,10,candidate,2,,,0.0,,6.0,0.012131079870116664,1.0000 0.0000
histfill,sentinel2,treatment_0010,treatment,treatment_0010,3,2,10,path,1,1.0,0.02030788882337487,inf,True,,,
histfill,sentinel2,treatment_0010,treatment,treatment_0010,3,2,10,path,2,2.0,0.02030788882337487,0.0,False,,,
histfill,sentinel2,treatment_0010,treatment,treatment_0010,3,2,10,candidate,1,,,,,1.0,0.02030788882337487,1.0000
histfill,sentinel2,treatment_0010,treatment,treatment_0010,3,2,10,candidate,1,,,,,2.0,0.03148128770438402,1.0000
histfill,sentinel2,treatment_0010,treatment,treatment_0010,3,2,10,candidate,1,,,,,3.0,0.04305424235827618,1.0000
histfill,sentinel2,treatment_0010,treatment,treatment_0010,3,2,10,candidate,1,,,,,4.0,0.0546549118252173,1.0000
histfill,sentinel2,treatment_0010,treatment,treatment_0010,3,2,10,candidate,1,,,,,5.0,0.06630169276006036,1.0000
histfill,sentinel2,treatment_0010,treatment,treatment_0010,3,2,10,candidate,1,,,,,6.0,0.07842080884333452,1.0000
histfill,sentinel2,treatment_0010,treatment,treatment_0010,3,2,10,candidate,2,,,0.0,,2.0,0.02030788882337487,1.0000 0.0000
histfill,sentinel2,treatment_0010,treatment,treatment_0010,3,2,10,candidate,2,,,0.0,,3.0,0.02030788882337487,1.0000 0.0000
histfill,sentinel2,treatment_0010,treatment,treatment_0010,3,2,10,candidate,2,,,0.0,,4.0,0.02030788882337487,1.0000 0.0000
histfill,sentinel2,treatment_0010,treatment,treatment_0010,3,2,10,candidate,2,,,0.0,,5.0,0.02030788882337487,1.0000 0.0000
histfill,sentinel2,treatment_0010,treatment,treatment_0010,3,2,10,candidate,2,,,0.0,,6.0,0.02030788882337487,1.0000 0.0000
histfill,sentinel2,treatment_0011,treatment,treatment_0011,3,2,10,path,1,1.0,0.011224687469355855,inf,True,,,
histfill,sentinel2,treatment_0011,treatment,treatment_0011,3,2,10,path,2,2.0,0.011224687469355855,0.0,False,,,
histfill,sentinel2,treatment_0011,treatment,treatment_0011,3,2,10,candidate,1,,,,,1.0,0.011224687469355855,1.0000
histfill,sentinel2,treatment_0011,treatment,treatment_0011,3,2,10,candidate,1,,,,,2.0,0.019799152089346066,1.0000
histfill,sentinel2,treatment_0011,treatment,treatment_0011,3,2,10,candidate,1,,,,,3.0,0.030723112832370253,1.0000
histfill,sentinel2,treatment_0011,treatment,treatment_0011,3,2,10,candidate,1,,,,,4.0,0.043975325410460966,1.0000
histfill,sentinel2,treatment_0011,treatment,treatment_0011,3,2,10,candidate,1,,,,,5.0,0.05954625652173066,1.0000
histfill,sentinel2,treatment_0011,treatment,treatment_0011,3,2,10,candidate,1,,,,,6.0,0.07743867499128883,1.0000
histfill,sentinel2,treatment_0011,treatment,treatment_0011,3,2,10,candidate,2,,,0.0,,2.0,0.011224687469355855,1.0000 0.0000
histfill,sentinel2,treatment_0011,treatment,treatment_0011,3,2,10,candidate,2,,,0.0,,3.0,0.011224687469355855,1.0000 0.0000
histfill,sentinel2,treatment_0011,treatment,treatment_0011,3,2,10,candidate,2,,,0.0,,4.0,0.011224687469355855,1.0000 0.0000
histfill,sentinel2,treatment_0011,treatment,treatment_0011,3,2,10,candidate,2,,,0.0,,5.0,0.011224687469355855,1.0000 0.0000
histfill,sentinel2,treatment_0011,treatment,treatment_0011,3,2,10,candidate,2,,,0.0,,6.0,0.011224687469355855,1.0000 0.0000
histfill,sentinel2,treatment_0012,treatment,treatment_0012,3,2,10,path,1,1.0,0.01363877909634715,inf,True,,,
histfill,sentinel2,treatment_0012,treatment,treatment_0012,3,2,10,path,2,2.0,0.01363877909634715,0.0,False,,,
histfill,sentinel2,treatment_0012,treatment,treatment_0012,3,2,10,candidate,1,,,,,1.0,0.01363877909634715,1.0000
histfill,sentinel2,treatment_0012,treatment,treatment_0012,3,2,10,candidate,1,,,,,2.0,0.02416003980896808,1.0000
histfill,sentinel2,treatment_0012,treatment,treatment_0012,3,2,10,candidate,1,,,,,3.0,0.037608779523272434,1.0000
histfill,sentinel2,treatment_0012,treatment,treatment_0012,3,2,10,candidate,1,,,,,4.0,0.053945833938576195,1.0000
histfill,sentinel2,treatment_0012,treatment,treatment_0012,3,2,10,candidate,1,,,,,5.0,0.0731310515890346,1.0000
histfill,sentinel2,treatment_0012,treatment,treatment_0012,3,2,10,candidate,1,,,,,6.0,0.09512433729525592,1.0000
histfill,sentinel2,treatment_0012,treatment,treatment_0012,3,2,10,candidate,2,,,0.0,,2.0,0.01363877909634715,1.0000 0.0000
histfill,sentinel2,treatment_0012,treatment,treatment_0012,3,2,10,candidate,2,,,0.0,,3.0,0.01363877909634715,1.0000 0.0000
histfill,sentinel2,treatment_0012,treatment,treatment_0012,3,2,10,candidate,2,,,0.0,,4.0,0.01363877909634715,1.0000 0.0000
histfill,sentinel2,treatment_0012,treatment,treatment_0012,3,2,10,candidate,2,,,0.0,,5.0,0.01363877909634715,1.0000 0.0000
histfill,sentinel2,treatment_0012,treatment,treatment_0012,3,2,10,candidate,2,,,0.0,,6.0,0.01363877909634715,1.0000 0.0000
histfill,sentinel2,treatment_0013,treatment,treatment_0013,3,2,10,path,1,1.0,0.01433055442471623,inf,True,,,
histfill,sentinel2,treatment_0013,treatment,treatment_0013,3,2,10,path,2,2.0,0.01433055442471623,0.0,False,,,
histfill,sentinel2,treatment_0013,treatment,treatment_0013,3,2,10,candidate,1,,,,,1.0,0.01433055442471623,1.0000
histfill,sentinel2,treatment_0013,treatment,treatment_0013,3,2,10,candidate,1,,,,,2.0,0.025321125556719313,1.0000
histfill,sentinel2,treatment_0013,treatment,treatment_0013,3,2,10,candidate,1,,,,,3.0,0.039328543938202384,1.0000
histfill,sentinel2,treatment_0013,treatment,treatment_0013,3,2,10,candidate,1,,,,,4.0,0.056299826868882456,1.0000
histfill,sentinel2,treatment_0013,treatment,treatment_0013,3,2,10,candidate,1,,,,,5.0,0.07620987142846002,1.0000
histfill,sentinel2,treatment_0013,treatment,treatment_0013,3,2,10,candidate,1,,,,,6.0,0.09911232253892928,1.0000
histfill,sentinel2,treatment_0013,treatment,treatment_0013,3,2,10,candidate,2,,,0.0,,2.0,0.01433055442471623,1.0000 0.0000
histfill,sentinel2,treatment_0013,treatment,treatment_0013,3,2,10,candidate,2,,,0.0,,3.0,0.01433055442471623,1.0000 0.0000
histfill,sentinel2,treatment_0013,treatment,treatment_0013,3,2,10,candidate,2,,,0.0,,4.0,0.01433055442471623,1.0000 0.0000
histfill,sentinel2,treatment_0013,treatment,treatment_0013,3,2,10,candidate,2,,,0.0,,5.0,0.01433055442471623,1.0000 0.0000
histfill,sentinel2,treatment_0013,treatment,treatment_0013,3,2,10,candidate,2,,,0.0,,6.0,0.01433055442471623,1.0000 0.0000
histfill,sentinel2,treatment_0014,treatment,treatment_0014,3,2,10,path,1,1.0,0.015761876280066194,inf,True,,,
histfill,sentinel2,treatment_0014,treatment,treatment_0014,3,2,10,path,2,2.0,0.015761876280066194,0.0,False,,,
histfill,sentinel2,treatment_0014,treatment,treatment_0014,3,2,10,candidate,1,,,,,1.0,0.015761876280066194,1.0000
histfill,sentinel2,treatment_0014,treatment,treatment_0014,3,2,10,candidate,1,,,,,2.0,0.028029588986006614,1.0000
histfill,sentinel2,treatment_0014,treatment,treatment_0014,3,2,10,candidate,1,,,,,3.0,0.04380422918654734,1.0000
histfill,sentinel2,treatment_0014,treatment,treatment_0014,3,2,10,candidate,1,,,,,4.0,0.06308264747874447,1.0000
histfill,sentinel2,treatment_0014,treatment,treatment_0014,3,2,10,candidate,1,,,,,5.0,0.08586042411856172,1.0000
histfill,sentinel2,treatment_0014,treatment,treatment_0014,3,2,10,candidate,1,,,,,6.0,0.11213281121948383,1.0000
histfill,sentinel2,treatment_0014,treatment,treatment_0014,3,2,10,candidate,2,,,0.0,,2.0,0.015761876280066194,1.0000 0.0000
histfill,sentinel2,treatment_0014,treatment,treatment_0014,3,2,10,candidate,2,,,0.0,,3.0,0.015761876280066194,1.0000 0.0000
histfill,sentinel2,treatment_0014,treatment,treatment_0014,3,2,10,candidate,2,,,0.0,,4.0,0.015761876280066194,1.0000 0.0000
histfill,sentinel2,treatment_0014,treatment,treatment_0014,3,2,10,candidate,2,,,0.0,,5.0,0.015761876280066194,1.0000 0.0000
histfill,sentinel2,treatment_0014,treatment,treatment_0014,3,2,10,candidate,2,,,0.0,,6.0,0.015761876280066194,1.0000 0.0000
histfill,sentinel2,treatment_0015,treatment,treatment_0015,3,2,10,path,1,1.0,0.015294708626497464,inf,True,,,
histfill,sentinel2,treatment_0015,treatment,treatment_0015,3,2,10,path,2,2.0,0.015294708626497464,0.0,False,,,
histfill,sentinel2,treatment_0015,treatment,treatment_0015,3,2,10,candidate,1,,,,,1.0,0.015294708626497464,1.0000
histfill,sentinel2,treatment_0015,treatment,treatment_0015,3,2,10,candidate,1,,,,,2.0,0.02413308228075818,1.0000
histfill,sentinel2,treatment_0015,treatment,treatment_0015,3,2,10,candidate,1,,,,,3.0,0.033729505664364126,1.0000
histfill,sentinel2,treatment_0015,treatment,treatment_0015,3,2,10,candidate,1,,,,,4.0,0.04398851949833921,1.0000
histfill,sentinel2,treatment_0015,treatment,treatment_0015,3,2,10,candidate,1,,,,,5.0,0.05529479181828732,1.0000
histfill,sentinel2,treatment_0015,treatment,treatment_0015,3,2,10,candidate,1,,,,,6.0,0.06870007142308321,1.0000
histfill,sentinel2,treatment_0015,treatment,treatment_0015,3,2,10,candidate,2,,,0.0,,2.0,0.015294708626497464,1.0000 0.0000
histfill,sentinel2,treatment_0015,treatment,treatment_0015,3,2,10,candidate,2,,,0.0,,3.0,0.015294708626497464,1.0000 0.0000
histfill,sentinel2,treatment_0015,treatment,treatment_0015,3,2,10,candidate,2,,,0.0,,4.0,0.015294708626497464,1.0000 0.0000
histfill,sentinel2,treatment_0015,treatment,treatment_0015,3,2,10,candidate,2,,,0.0,,5.0,0.015294708626497464,1.0000 0.0000
histfill,sentinel2,treatment_0015,treatment,treatment_0015,3,2,10,candidate,2,,,0.0,,6.0,0.015294708626497464,1.0000 0.0000
histfill,sentinel2,treatment_0001,treatment,treatment_0001,3,3,10,path,1,1.0,0.014801125915471912,inf,True,,,
histfill,sentinel2,treatment_0001,treatment,treatment_0001,3,3,10,path,2,2.0,0.014801125915471912,0.0,False,,,
histfill,sentinel2,treatment_0001,treatment,treatment_0001,3,3,10,candidate,1,,,,,1.0,0.014801125915471912,1.0000
histfill,sentinel2,treatment_0001,treatment,treatment_0001,3,3,10,candidate,1,,,,,2.0,0.02485809385930123,1.0000
histfill,sentinel2,treatment_0001,treatment,treatment_0001,3,3,10,candidate,1,,,,,3.0,0.036839779271227335,1.0000
histfill,sentinel2,treatment_0001,treatment,treatment_0001,3,3,10,candidate,1,,,,,4.0,0.0505976102933996,1.0000
histfill,sentinel2,treatment_0001,treatment,treatment_0001,3,3,10,candidate,1,,,,,5.0,0.06620475355477104,1.0000
histfill,sentinel2,treatment_0001,treatment,treatment_0001,3,3,10,candidate,2,,,0.0,,2.0,0.014801125915471912,1.0000 0.0000
histfill,sentinel2,treatment_0001,treatment,treatment_0001,3,3,10,candidate,2,,,0.0,,3.0,0.014801125915471912,1.0000 0.0000
histfill,sentinel2,treatment_0001,treatment,treatment_0001,3,3,10,candidate,2,,,0.0,,4.0,0.014801125915471912,1.0000 0.0000
histfill,sentinel2,treatment_0001,treatment,treatment_0001,3,3,10,candidate,2,,,0.0,,5.0,0.014801125915471912,1.0000 0.0000
histfill,sentinel2,treatment_0002,treatment,treatment_0002,3,3,10,path,1,1.0,0.008543394562075679,inf,True,,,
histfill,sentinel2,treatment_0002,treatment,treatment_0002,3,3,10,path,2,2.0,0.008543394562075679,0.0,False,,,
histfill,sentinel2,treatment_0002,treatment,treatment_0002,3,3,10,candidate,1,,,,,1.0,0.008543394562075679,1.0000
histfill,sentinel2,treatment_0002,treatment,treatment_0002,3,3,10,candidate,1,,,,,2.0,0.01506859588372454,1.0000
histfill,sentinel2,treatment_0002,treatment,treatment_0002,3,3,10,candidate,1,,,,,3.0,0.023378396758322893,1.0000
histfill,sentinel2,treatment_0002,treatment,treatment_0002,3,3,10,candidate,1,,,,,4.0,0.03345463700952181,1.0000
histfill,sentinel2,treatment_0002,treatment,treatment_0002,3,3,10,candidate,1,,,,,5.0,0.04528844712400369,1.0000
histfill,sentinel2,treatment_0002,treatment,treatment_0002,3,3,10,candidate,2,,,0.0,,2.0,0.008543394562075679,1.0000 0.0000
histfill,sentinel2,treatment_0002,treatment,treatment_0002,3,3,10,candidate,2,,,0.0,,3.0,0.008543394562075679,1.0000 0.0000
histfill,sentinel2,treatment_0002,treatment,treatment_0002,3,3,10,candidate,2,,,0.0,,4.0,0.008543394562075679,1.0000 0.0000
histfill,sentinel2,treatment_0002,treatment,treatment_0002,3,3,10,candidate,2,,,0.0,,5.0,0.008543394562075679,1.0000 0.0000
histfill,sentinel2,treatment_0003,treatment,treatment_0003,3,3,10,path,1,1.0,0.012077034691937577,inf,True,,,
histfill,sentinel2,treatment_0003,treatment,treatment_0003,3,3,10,path,2,2.0,0.012077034691937577,0.0,False,,,
histfill,sentinel2,treatment_0003,treatment,treatment_0003,3,3,10,candidate,1,,,,,1.0,0.012077034691937577,1.0000
histfill,sentinel2,treatment_0003,treatment,treatment_0003,3,3,10,candidate,1,,,,,2.0,0.020953026404281032,1.0000
histfill,sentinel2,treatment_0003,treatment,treatment_0003,3,3,10,candidate,1,,,,,3.0,0.03205193107448265,1.0000
histfill,sentinel2,treatment_0003,treatment,treatment_0003,3,3,10,candidate,1,,,,,4.0,0.045327014921439125,1.0000
histfill,sentinel2,treatment_0003,treatment,treatment_0003,3,3,10,candidate,1,,,,,5.0,0.06078186020204157,1.0000
histfill,sentinel2,treatment_0003,treatment,treatment_0003,3,3,10,candidate,2,,,0.0,,2.0,0.012077034691937577,1.0000 0.0000
histfill,sentinel2,treatment_0003,treatment,treatment_0003,3,3,10,candidate,2,,,0.0,,3.0,0.012077034691937577,1.0000 0.0000
histfill,sentinel2,treatment_0003,treatment,treatment_0003,3,3,10,candidate,2,,,0.0,,4.0,0.012077034691937577,1.0000 0.0000
histfill,sentinel2,treatment_0003,treatment,treatment_0003,3,3,10,candidate,2,,,0.0,,5.0,0.012077034691937577,1.0000 0.0000
histfill,sentinel2,treatment_0004,treatment,treatment_0004,3,3,10,path,1,1.0,0.011946059873658923,inf,True,,,
histfill,sentinel2,treatment_0004,treatment,treatment_0004,3,3,10,path,2,2.0,0.011946059873658923,0.0,False,,,
histfill,sentinel2,treatment_0004,treatment,treatment_0004,3,3,10,candidate,1,,,,,1.0,0.011946059873658923,1.0000
histfill,sentinel2,treatment_0004,treatment,treatment_0004,3,3,10,candidate,1,,,,,2.0,0.020399514796293948,1.0000
histfill,sentinel2,treatment_0004,treatment,treatment_0004,3,3,10,candidate,1,,,,,3.0,0.030821094559613064,1.0000
histfill,sentinel2,treatment_0004,treatment,treatment_0004,3,3,10,candidate,1,,,,,4.0,0.04318270404811732,1.0000
histfill,sentinel2,treatment_0004,treatment,treatment_0004,3,3,10,candidate,1,,,,,5.0,0.05754406339630956,1.0000
histfill,sentinel2,treatment_0004,treatment,treatment_0004,3,3,10,candidate,2,,,0.0,,2.0,0.011946059873658923,1.0000 0.0000
histfill,sentinel2,treatment_0004,treatment,treatment_0004,3,3,10,candidate,2,,,0.0,,3.0,0.011946059873658923,1.0000 0.0000
histfill,sentinel2,treatment_0004,treatment,treatment_0004,3,3,10,candidate,2,,,0.0,,4.0,0.011946059873658923,1.0000 0.0000
histfill,sentinel2,treatment_0004,treatment,treatment_0004,3,3,10,candidate,2,,,0.0,,5.0,0.011946059873658923,1.0000 0.0000
histfill,sentinel2,treatment_0005,treatment,treatment_0005,3,3,10,path,1,1.0,0.010145627668245612,inf,True,,,
histfill,sentinel2,treatment_0005,treatment,treatment_0005,3,3,10,path,2,2.0,0.010145627668245612,0.0,False,,,
histfill,sentinel2,treatment_0005,treatment,treatment_0005,3,3,10,candidate,1,,,,,1.0,0.010145627668245612,1.0000
histfill,sentinel2,treatment_0005,treatment,treatment_0005,3,3,10,candidate,1,,,,,2.0,0.017434009049806052,1.0000
histfill,sentinel2,treatment_0005,treatment,treatment_0005,3,3,10,candidate,1,,,,,3.0,0.026397048756937925,1.0000
histfill,sentinel2,treatment_0005,treatment,treatment_0005,3,3,10,candidate,1,,,,,4.0,0.03695042646015984,1.0000
histfill,sentinel2,treatment_0005,treatment,treatment_0005,3,3,10,candidate,1,,,,,5.0,0.04908195464517833,1.0000
histfill,sentinel2,treatment_0005,treatment,treatment_0005,3,3,10,candidate,2,,,0.0,,2.0,0.010145627668245612,1.0000 0.0000
histfill,sentinel2,treatment_0005,treatment,treatment_0005,3,3,10,candidate,2,,,0.0,,3.0,0.010145627668245612,1.0000 0.0000
histfill,sentinel2,treatment_0005,treatment,treatment_0005,3,3,10,candidate,2,,,0.0,,4.0,0.010145627668245612,1.0000 0.0000
histfill,sentinel2,treatment_0005,treatment,treatment_0005,3,3,10,candidate,2,,,0.0,,5.0,0.010145627668245612,1.0000 0.0000
histfill,sentinel2,treatment_0006,treatment,treatment_0006,3,3,10,path,1,1.0,0.013782029429031164,inf,True,,,
histfill,sentinel2,treatment_0006,treatment,treatment_0006,3,3,10,path,2,2.0,0.013782029429031164,0.0,False,,,
histfill,sentinel2,treatment_0006,treatment,treatment_0006,3,3,10,candidate,1,,,,,1.0,0.013782029429031164,1.0000
histfill,sentinel2,treatment_0006,treatment,treatment_0006,3,3,10,candidate,1,,,,,2.0,0.02397341403473855,1.0000
histfill,sentinel2,treatment_0006,treatment,treatment_0006,3,3,10,candidate,1,,,,,3.0,0.0366721303287178,1.0000
histfill,sentinel2,treatment_0006,treatment,treatment_0006,3,3,10,candidate,1,,,,,4.0,0.05173474424482327,1.0000
histfill,sentinel2,treatment_0006,treatment,treatment_0006,3,3,10,candidate,1,,,,,5.0,0.06904276348637914,1.0000
histfill,sentinel2,treatment_0006,treatment,treatment_0006,3,3,10,candidate,2,,,0.0,,2.0,0.013782029429031164,1.0000 0.0000
histfill,sentinel2,treatment_0006,treatment,treatment_0006,3,3,10,candidate,2,,,0.0,,3.0,0.013782029429031164,1.0000 0.0000
histfill,sentinel2,treatment_0006,treatment,treatment_0006,3,3,10,candidate,2,,,0.0,,4.0,0.013782029429031164,1.0000 0.0000
histfill,sentinel2,treatment_0006,treatment,treatment_0006,3,3,10,candidate,2,,,0.0,,5.0,0.013782029429031164,1.0000 0.0000
histfill,sentinel2,treatment_0007,treatment,treatment_0007,3,3,10,path,1,1.0,0.011880521293741416,inf,True,,,
histfill,sentinel2,treatment_0007,treatment,treatment_0007,3,3,10,path,2,2.0,0.011880521293741416,0.0,False,,,
histfill,sentinel2,treatment_0007,treatment,treatment_0007,3,3,10,candidate,1,,,,,1.0,0.011880521293741416,1.0000
histfill,sentinel2,treatment_0007,treatment,treatment_0007,3,3,10,candidate,1,,,,,2.0,0.020967064947455212,1.0000
histfill,sentinel2,treatment_0007,treatment,treatment_0007,3,3,10,candidate,1,,,,,3.0,0.032557224857604455,1.0000
histfill,sentinel2,treatment_0007,treatment,treatment_0007,3,3,10,candidate,1,,,,,4.0,0.04664573210995749,1.0000
histfill,sentinel2,treatment_0007,treatment,treatment_0007,3,3,10,candidate,1,,,,,5.0,0.06325197301778679,1.0000
histfill,sentinel2,treatment_0007,treatment,treatment_0007,3,3,10,candidate,2,,,0.0,,2.0,0.011880521293741416,1.0000 0.0000
histfill,sentinel2,treatment_0007,treatment,treatment_0007,3,3,10,candidate,2,,,0.0,,3.0,0.011880521293741416,1.0000 0.0000
histfill,sentinel2,treatment_0007,treatment,treatment_0007,3,3,10,candidate,2,,,0.0,,4.0,0.011880521293741416,1.0000 0.0000
histfill,sentinel2,treatment_0007,treatment,treatment_0007,3,3,10,candidate,2,,,0.0,,5.0,0.011880521293741416,1.0000 0.0000
histfill,sentinel2,treatment_0008,treatment,treatment_0008,3,3,10,path,1,1.0,0.012573501715450424,inf,True,,,
histfill,sentinel2,treatment_0008,treatment,treatment_0008,3,3,10,path,2,2.0,0.012573501715450424,0.0,False,,,
histfill,sentinel2,treatment_0008,treatment,treatment_0008,3,3,10,candidate,1,,,,,1.0,0.012573501715450424,1.0000
histfill,sentinel2,treatment_0008,treatment,treatment_0008,3,3,10,candidate,1,,,,,2.0,0.02110720257728001,1.0000
histfill,sentinel2,treatment_0008,treatment,treatment_0008,3,3,10,candidate,1,,,,,3.0,0.03137095353326681,1.0000
histfill,sentinel2,treatment_0008,treatment,treatment_0008,3,3,10,candidate,1,,,,,4.0,0.043342993824012695,1.0000
histfill,sentinel2,treatment_0008,treatment,treatment_0008,3,3,10,candidate,1,,,,,5.0,0.05719177687385944,1.0000
histfill,sentinel2,treatment_0008,treatment,treatment_0008,3,3,10,candidate,2,,,0.0,,2.0,0.012573501715450424,1.0000 0.0000
histfill,sentinel2,treatment_0008,treatment,treatment_0008,3,3,10,candidate,2,,,0.0,,3.0,0.012573501715450424,1.0000 0.0000
histfill,sentinel2,treatment_0008,treatment,treatment_0008,3,3,10,candidate,2,,,0.0,,4.0,0.012573501715450424,1.0000 0.0000
histfill,sentinel2,treatment_0008,treatment,treatment_0008,3,3,10,candidate,2,,,0.0,,5.0,0.012573501715450424,1.0000 0.0000
histfill,sentinel2,treatment_0009,treatment,treatment_0009,3,3,10,path,1,1.0,0.011411967850725511,inf,True,,,
histfill,sentinel2,treatment_0009,treatment,treatment_0009,3,3,10,path,2,2.0,0.011411967850725511,0.0,False,,,
histfill,sentinel2,treatment_0009,treatment,treatment_0009,3,3,10,candidate,1,,,,,1.0,0.011411967850725511,1.0000
histfill,sentinel2,treatment_0009,treatment,treatment_0009,3,3,10,candidate,1,,,,,2.0,0.018951106536124657,1.0000
histfill,sentinel2,treatment_0009,treatment,treatment_0009,3,3,10,candidate,1,,,,,3.0,0.02795670574783475,1.0000
histfill,sentinel2,treatment_0009,treatment,treatment_0009,3,3,10,candidate,1,,,,,4.0,0.03848580454839534,1.0000
histfill,sentinel2,treatment_0009,treatment,treatment_0009,3,3,10,candidate,1,,,,,5.0,0.05080908949887599,1.0000
histfill,sentinel2,treatment_0009,treatment,treatment_0009,3,3,10,candidate,2,,,0.0,,2.0,0.011411967850725511,1.0000 0.0000
histfill,sentinel2,treatment_0009,treatment,treatment_0009,3,3,10,candidate,2,,,0.0,,3.0,0.011411967850725511,1.0000 0.0000
histfill,sentinel2,treatment_0009,treatment,treatment_0009,3,3,10,candidate,2,,,0.0,,4.0,0.011411967850725511,1.0000 0.0000
histfill,sentinel2,treatment_0009,treatment,treatment_0009,3,3,10,candidate,2,,,0.0,,5.0,0.011411967850725511,1.0000 0.0000
histfill,sentinel2,treatment_0010,treatment,treatment_0010,3,3,10,path,1,1.0,0.01830747060354054,inf,True,,,
histfill,sentinel2,treatment_0010,treatment,treatment_0010,3,3,10,path,2,2.0,0.01830747060354054,0.0,False,,,
histfill,sentinel2,treatment_0010,treatment,treatment_0010,3,3,10,candidate,1,,,,,1.0,0.01830747060354054,1.0000
histfill,sentinel2,treatment_0010,treatment,treatment_0010,3,3,10,candidate,1,,,,,2.0,0.028666814185304194,1.0000
histfill,sentinel2,treatment_0010,treatment,treatment_0010,3,3,10,candidate,1,,,,,3.0,0.039746053994590295,1.0000
histfill,sentinel2,treatment_0010,treatment,treatment_0010,3,3,10,candidate,1,,,,,4.0,0.051353609540060643,1.0000
histfill,sentinel2,treatment_0010,treatment,treatment_0010,3,3,10,candidate,1,,,,,5.0,0.0636956652968861,1.0000
histfill,sentinel2,treatment_0010,treatment,treatment_0010,3,3,10,candidate,2,,,0.0,,2.0,0.01830747060354054,1.0000 0.0000
histfill,sentinel2,treatment_0010,treatment,treatment_0010,3,3,10,candidate,2,,,0.0,,3.0,0.01830747060354054,1.0000 0.0000
histfill,sentinel2,treatment_0010,treatment,treatment_0010,3,3,10,candidate,2,,,0.0,,4.0,0.01830747060354054,1.0000 0.0000
histfill,sentinel2,treatment_0010,treatment,treatment_0010,3,3,10,candidate,2,,,0.0,,5.0,0.01830747060354054,1.0000 0.0000
histfill,sentinel2,treatment_0011,treatment,treatment_0011,3,3,10,path,1,1.0,0.011162805289449126,inf,True,,,
histfill,sentinel2,treatment_0011,treatment,treatment_0011,3,3,10,path,2,2.0,0.011162805289449126,0.0,False,,,
histfill,sentinel2,treatment_0011,treatment,treatment_0011,3,3,10,candidate,1,,,,,1.0,0.011162805289449126,1.0000
histfill,sentinel2,treatment_0011,treatment,treatment_0011,3,3,10,candidate,1,,,,,2.0,0.019715085435401077,1.0000
histfill,sentinel2,treatment_0011,treatment,treatment_0011,3,3,10,candidate,1,,,,,3.0,0.030630827561718928,1.0000
histfill,sentinel2,treatment_0011,treatment,treatment_0011,3,3,10,candidate,1,,,,,4.0,0.043897352469084557,1.0000
histfill,sentinel2,treatment_0011,treatment,treatment_0011,3,3,10,candidate,1,,,,,5.0,0.05951414950629738,1.0000
histfill,sentinel2,treatment_0011,treatment,treatment_0011,3,3,10,candidate,2,,,0.0,,2.0,0.011162805289449126,1.0000 0.0000
histfill,sentinel2,treatment_0011,treatment,treatment_0011,3,3,10,candidate,2,,,0.0,,3.0,0.011162805289449126,1.0000 0.0000
histfill,sentinel2,treatment_0011,treatment,treatment_0011,3,3,10,candidate,2,,,0.0,,4.0,0.011162805289449126,1.0000 0.0000
histfill,sentinel2,treatment_0011,treatment,treatment_0011,3,3,10,candidate,2,,,0.0,,5.0,0.011162805289449126,1.0000 0.0000
histfill,sentinel2,treatment_0012,treatment,treatment_0012,3,3,10,path,1,1.0,0.01360272589981493,inf,True,,,
histfill,sentinel2,treatment_0012,treatment,treatment_0012,3,3,10,path,2,2.0,0.01360272589981493,0.0,False,,,
histfill,sentinel2,treatment_0012,treatment,treatment_0012,3,3,10,candidate,1,,,,,1.0,0.01360272589981493,1.0000
histfill,sentinel2,treatment_0012,treatment,treatment_0012,3,3,10,candidate,1,,,,,2.0,0.024098186131697643,1.0000
histfill,sentinel2,treatment_0012,treatment,treatment_0012,3,3,10,candidate,1,,,,,3.0,0.03751622185973485,1.0000
histfill,sentinel2,treatment_0012,treatment,treatment_0012,3,3,10,candidate,1,,,,,4.0,0.05381944864898434,1.0000
histfill,sentinel2,treatment_0012,treatment,treatment_0012,3,3,10,candidate,1,,,,,5.0,0.07297001961164264,1.0000
histfill,sentinel2,treatment_0012,treatment,treatment_0012,3,3,10,candidate,2,,,0.0,,2.0,0.01360272589981493,1.0000 0.0000
histfill,sentinel2,treatment_0012,treatment,treatment_0012,3,3,10,candidate,2,,,0.0,,3.0,0.01360272589981493,1.0000 0.0000
histfill,sentinel2,treatment_0012,treatment,treatment_0012,3,3,10,candidate,2,,,0.0,,4.0,0.01360272589981493,1.0000 0.0000
histfill,sentinel2,treatment_0012,treatment,treatment_0012,3,3,10,candidate,2,,,0.0,,5.0,0.01360272589981493,1.0000 0.0000
histfill,sentinel2,treatment_0013,treatment,treatment_0013,3,3,10,path,1,1.0,0.014441982928344777,inf,True,,,
histfill,sentinel2,treatment_0013,treatment,treatment_0013,3,3,10,path,2,2.0,0.014441982928344777,0.0,False,,,
histfill,sentinel2,treatment_0013,treatment,treatment_0013,3,3,10,candidate,1,,,,,1.0,0.014441982928344777,1.0000
histfill,sentinel2,treatment_0013,treatment,treatment_0013,3,3,10,candidate,1,,,,,2.0,0.025594561369247468,1.0000
histfill,sentinel2,treatment_0013,treatment,treatment_0013,3,3,10,candidate,1,,,,,3.0,0.03986976207133749,1.0000
histfill,sentinel2,treatment_0013,treatment,treatment_0013,3,3,10,candidate,1,,,,,4.0,0.057254513473585816,1.0000
histfill,sentinel2,treatment_0013,treatment,treatment_0013,3,3,10,candidate,1,,,,,5.0,0.07778903795740041,1.0000
histfill,sentinel2,treatment_0013,treatment,treatment_0013,3,3,10,candidate,2,,,0.0,,2.0,0.014441982928344777,1.0000 0.0000
histfill,sentinel2,treatment_0013,treatment,treatment_0013,3,3,10,candidate,2,,,0.0,,3.0,0.014441982928344777,1.0000 0.0000
histfill,sentinel2,treatment_0013,treatment,treatment_0013,3,3,10,candidate,2,,,0.0,,4.0,0.014441982928344777,1.0000 0.0000
histfill,sentinel2,treatment_0013,treatment,treatment_0013,3,3,10,candidate,2,,,0.0,,5.0,0.014441982928344777,1.0000 0.0000
histfill,sentinel2,treatment_0014,treatment,treatment_0014,3,3,10,path,1,1.0,0.01578057297681358,inf,True,,,
histfill,sentinel2,treatment_0014,treatment,treatment_0014,3,3,10,path,2,2.0,0.01578057297681358,0.0,False,,,
histfill,sentinel2,treatment_0014,treatment,treatment_0014,3,3,10,candidate,1,,,,,1.0,0.01578057297681358,1.0000
histfill,sentinel2,treatment_0014,treatment,treatment_0014,3,3,10,candidate,1,,,,,2.0,0.028065908886899978,1.0000
histfill,sentinel2,treatment_0014,treatment,treatment_0014,3,3,10,candidate,1,,,,,3.0,0.04386618531818666,1.0000
histfill,sentinel2,treatment_0014,treatment,treatment_0014,3,3,10,candidate,1,,,,,4.0,0.06318014188811469,1.0000
histfill,sentinel2,treatment_0014,treatment,treatment_0014,3,3,10,candidate,1,,,,,5.0,0.0860057600731466,1.0000
histfill,sentinel2,treatment_0014,treatment,treatment_0014,3,3,10,candidate,2,,,0.0,,2.0,0.01578057297681358,1.0000 0.0000
histfill,sentinel2,treatment_0014,treatment,treatment_0014,3,3,10,candidate,2,,,0.0,,3.0,0.01578057297681358,1.0000 0.0000
histfill,sentinel2,treatment_0014,treatment,treatment_0014,3,3,10,candidate,2,,,0.0,,4.0,0.01578057297681358,1.0000 0.0000
histfill,sentinel2,treatment_0014,treatment,treatment_0014,3,3,10,candidate,2,,,0.0,,5.0,0.01578057297681358,1.0000 0.0000
histfill,sentinel2,treatment_0015,treatment,treatment_0015,3,3,10,path,1,1.0,0.014111996333239816,inf,True,,,
histfill,sentinel2,treatment_0015,treatment,treatment_0015,3,3,10,path,2,2.0,0.014111996333239816,0.0,False,,,
histfill,sentinel2,treatment_0015,treatment,treatment_0015,3,3,10,candidate,1,,,,,1.0,0.014111996333239816,1.0000
histfill,sentinel2,treatment_0015,treatment,treatment_0015,3,3,10,candidate,1,,,,,2.0,0.022594752446763445,1.0000
histfill,sentinel2,treatment_0015,treatment,treatment_0015,3,3,10,candidate,1,,,,,3.0,0.032182874145012856,1.0000
histfill,sentinel2,treatment_0015,treatment,treatment_0015,3,3,10,candidate,1,,,,,4.0,0.043017311891494346,1.0000
histfill,sentinel2,treatment_0015,treatment,treatment_0015,3,3,10,candidate,1,,,,,5.0,0.05580565978790967,1.0000
histfill,sentinel2,treatment_0015,treatment,treatment_0015,3,3,10,candidate,2,,,0.0,,2.0,0.014111996333239816,1.0000 0.0000
histfill,sentinel2,treatment_0015,treatment,treatment_0015,3,3,10,candidate,2,,,0.0,,3.0,0.014111996333239816,1.0000 0.0000
histfill,sentinel2,treatment_0015,treatment,treatment_0015,3,3,10,candidate,2,,,0.0,,4.0,0.014111996333239816,1.0000 0.0000
histfill,sentinel2,treatment_0015,treatment,treatment_0015,3,3,10,candidate,2,,,0.0,,5.0,0.014111996333239816,1.0000 0.0000
histfill,sentinel2,treatment_0001,treatment,treatment_0001,3,4,10,path,1,1.0,0.014226762126445358,inf,True,,,
histfill,sentinel2,treatment_0001,treatment,treatment_0001,3,4,10,path,2,2.0,0.014226762126445358,0.0,False,,,
histfill,sentinel2,treatment_0001,treatment,treatment_0001,3,4,10,candidate,1,,,,,1.0,0.014226762126445358,1.0000
histfill,sentinel2,treatment_0001,treatment,treatment_0001,3,4,10,candidate,1,,,,,2.0,0.024048307169108316,1.0000
histfill,sentinel2,treatment_0001,treatment,treatment_0001,3,4,10,candidate,1,,,,,3.0,0.035924099561644246,1.0000
histfill,sentinel2,treatment_0001,treatment,treatment_0001,3,4,10,candidate,1,,,,,4.0,0.04983030669989554,1.0000
histfill,sentinel2,treatment_0001,treatment,treatment_0001,3,4,10,candidate,2,,,0.0,,2.0,0.014226762126445358,1.0000 0.0000
histfill,sentinel2,treatment_0001,treatment,treatment_0001,3,4,10,candidate,2,,,0.0,,3.0,0.014226762126445358,1.0000 0.0000
histfill,sentinel2,treatment_0001,treatment,treatment_0001,3,4,10,candidate,2,,,0.0,,4.0,0.014226762126445358,1.0000 0.0000
histfill,sentinel2,treatment_0002,treatment,treatment_0002,3,4,10,path,1,1.0,0.008491430132832786,inf,True,,,
histfill,sentinel2,treatment_0002,treatment,treatment_0002,3,4,10,path,2,2.0,0.008491430132832786,0.0,False,,,
histfill,sentinel2,treatment_0002,treatment,treatment_0002,3,4,10,candidate,1,,,,,1.0,0.008491430132832786,1.0000
histfill,sentinel2,treatment_0002,treatment,treatment_0002,3,4,10,candidate,1,,,,,2.0,0.014991749660765864,1.0000
histfill,sentinel2,treatment_0002,treatment,treatment_0002,3,4,10,candidate,1,,,,,3.0,0.023282282850890415,1.0000
histfill,sentinel2,treatment_0002,treatment,treatment_0002,3,4,10,candidate,1,,,,,4.0,0.03335040206285345,1.0000
histfill,sentinel2,treatment_0002,treatment,treatment_0002,3,4,10,candidate,2,,,0.0,,2.0,0.008491430132832786,1.0000 0.0000
histfill,sentinel2,treatment_0002,treatment,treatment_0002,3,4,10,candidate,2,,,0.0,,3.0,0.008491430132832786,1.0000 0.0000
histfill,sentinel2,treatment_0002,treatment,treatment_0002,3,4,10,candidate,2,,,0.0,,4.0,0.008491430132832786,1.0000 0.0000
histfill,sentinel2,treatment_0003,treatment,treatment_0003,3,4,10,path,1,1.0,0.01188230374305856,inf,True,,,
histfill,sentinel2,treatment_0003,treatment,treatment_0003,3,4,10,path,2,2.0,0.01188230374305856,0.0,False,,,
histfill,sentinel2,treatment_0003,treatment,treatment_0003,3,4,10,candidate,1,,,,,1.0,0.01188230374305856,1.0000
histfill,sentinel2,treatment_0003,treatment,treatment_0003,3,4,10,candidate,1,,,,,2.0,0.02069500167855006,1.0000
histfill,sentinel2,treatment_0003,treatment,treatment_0003,3,4,10,candidate,1,,,,,3.0,0.03178056276195689,1.0000
histfill,sentinel2,treatment_0003,treatment,treatment_0003,3,4,10,candidate,1,,,,,4.0,0.045122932317558484,1.0000
histfill,sentinel2,treatment_0003,treatment,treatment_0003,3,4,10,candidate,2,,,0.0,,2.0,0.01188230374305856,1.0000 0.0000
histfill,sentinel2,treatment_0003,treatment,treatment_0003,3,4,10,candidate,2,,,0.0,,3.0,0.01188230374305856,1.0000 0.0000
histfill,sentinel2,treatment_0003,treatment,treatment_0003,3,4,10,candidate,2,,,0.0,,4.0,0.01188230374305856,1.0000 0.0000
histfill,sentinel2,treatment_0004,treatment,treatment_0004,3,4,10,path,1,1.0,0.011759677248829628,inf,True,,,
histfill,sentinel2,treatment_0004,treatment,treatment_0004,3,4,10,path,2,2.0,0.011759677248829628,0.0,False,,,
histfill,sentinel2,treatment_0004,treatment,treatment_0004,3,4,10,candidate,1,,,,,1.0,0.011759677248829628,1.0000
histfill,sentinel2,treatment_0004,treatment,treatment_0004,3,4,10,candidate,1,,,,,2.0,0.020277640867218782,1.0000
histfill,sentinel2,treatment_0004,treatment,treatment_0004,3,4,10,candidate,1,,,,,3.0,0.03093355503090057,1.0000
histfill,sentinel2,treatment_0004,treatment,treatment_0004,3,4,10,candidate,1,,,,,4.0,0.04376882783993306,1.0000
histfill,sentinel2,treatment_0004,treatment,treatment_0004,3,4,10,candidate,2,,,0.0,,2.0,0.011759677248829628,1.0000 0.0000
histfill,sentinel2,treatment_0004,treatment,treatment_0004,3,4,10,candidate,2,,,0.0,,3.0,0.011759677248829628,1.0000 0.0000
histfill,sentinel2,treatment_0004,treatment,treatment_0004,3,4,10,candidate,2,,,0.0,,4.0,0.011759677248829628,1.0000 0.0000
histfill,sentinel2,treatment_0005,treatment,treatment_0005,3,4,10,path,1,1.0,0.009903774839373478,inf,True,,,
histfill,sentinel2,treatment_0005,treatment,treatment_0005,3,4,10,path,2,2.0,0.009903774839373478,0.0,False,,,
histfill,sentinel2,treatment_0005,treatment,treatment_0005,3,4,10,candidate,1,,,,,1.0,0.009903774839373478,1.0000
histfill,sentinel2,treatment_0005,treatment,treatment_0005,3,4,10,candidate,1,,,,,2.0,0.017089430970569402,1.0000
histfill,sentinel2,treatment_0005,treatment,treatment_0005,3,4,10,candidate,1,,,,,3.0,0.02599986685259337,1.0000
histfill,sentinel2,treatment_0005,treatment,treatment_0005,3,4,10,candidate,1,,,,,4.0,0.03659735637163142,1.0000
histfill,sentinel2,treatment_0005,treatment,treatment_0005,3,4,10,candidate,2,,,0.0,,2.0,0.009903774839373478,1.0000 0.0000
histfill,sentinel2,treatment_0005,treatment,treatment_0005,3,4,10,candidate,2,,,0.0,,3.0,0.009903774839373478,1.0000 0.0000
histfill,sentinel2,treatment_0005,treatment,treatment_0005,3,4,10,candidate,2,,,0.0,,4.0,0.009903774839373478,1.0000 0.0000
histfill,sentinel2,treatment_0006,treatment,treatment_0006,3,4,10,path,1,1.0,0.01352321166037695,inf,True,,,
histfill,sentinel2,treatment_0006,treatment,treatment_0006,3,4,10,path,2,2.0,0.01352321166037695,0.0,False,,,
histfill,sentinel2,treatment_0006,treatment,treatment_0006,3,4,10,candidate,1,,,,,1.0,0.01352321166037695,1.0000
histfill,sentinel2,treatment_0006,treatment,treatment_0006,3,4,10,candidate,1,,,,,2.0,0.023546347262068817,1.0000
histfill,sentinel2,treatment_0006,treatment,treatment_0006,3,4,10,candidate,1,,,,,3.0,0.03605833457830179,1.0000
histfill,sentinel2,treatment_0006,treatment,treatment_0006,3,4,10,candidate,1,,,,,4.0,0.05093127486819414,1.0000
histfill,sentinel2,treatment_0006,treatment,treatment_0006,3,4,10,candidate,2,,,0.0,,2.0,0.01352321166037695,1.0000 0.0000
histfill,sentinel2,treatment_0006,treatment,treatment_0006,3,4,10,candidate,2,,,0.0,,3.0,0.01352321166037695,1.0000 0.0000
histfill,sentinel2,treatment_0006,treatment,treatment_0006,3,4,10,candidate,2,,,0.0,,4.0,0.01352321166037695,1.0000 0.0000
histfill,sentinel2,treatment_0007,treatment,treatment_0007,3,4,10,path,1,1.0,0.011832086320664216,inf,True,,,
histfill,sentinel2,treatment_0007,treatment,treatment_0007,3,4,10,path,2,2.0,0.011832086320664216,0.0,False,,,
histfill,sentinel2,treatment_0007,treatment,treatment_0007,3,4,10,candidate,1,,,,,1.0,0.011832086320664216,1.0000
histfill,sentinel2,treatment_0007,treatment,treatment_0007,3,4,10,candidate,1,,,,,2.0,0.020913462191378424,1.0000
histfill,sentinel2,treatment_0007,treatment,treatment_0007,3,4,10,candidate,1,,,,,3.0,0.032526550441832655,1.0000
histfill,sentinel2,treatment_0007,treatment,treatment_0007,3,4,10,candidate,1,,,,,4.0,0.0466819416925071,1.0000
histfill,sentinel2,treatment_0007,treatment,treatment_0007,3,4,10,candidate,2,,,0.0,,2.0,0.011832086320664216,1.0000 0.0000
histfill,sentinel2,treatment_0007,treatment,treatment_0007,3,4,10,candidate,2,,,0.0,,3.0,0.011832086320664216,1.0000 0.0000
histfill,sentinel2,treatment_0007,treatment,treatment_0007,3,4,10,candidate,2,,,0.0,,4.0,0.011832086320664216,1.0000 0.0000
histfill,sentinel2,treatment_0008,treatment,treatment_0008,3,4,10,path,1,1.0,0.012128433588809157,inf,True,,,
histfill,sentinel2,treatment_0008,treatment,treatment_0008,3,4,10,path,2,2.0,0.012128433588809157,0.0,False,,,
histfill,sentinel2,treatment_0008,treatment,treatment_0008,3,4,10,candidate,1,,,,,1.0,0.012128433588809157,1.0000
histfill,sentinel2,treatment_0008,treatment,treatment_0008,3,4,10,candidate,1,,,,,2.0,0.02056595391947751,1.0000
histfill,sentinel2,treatment_0008,treatment,treatment_0008,3,4,10,candidate,1,,,,,3.0,0.030917460161244574,1.0000
histfill,sentinel2,treatment_0008,treatment,treatment_0008,3,4,10,candidate,1,,,,,4.0,0.043274132362189834,1.0000
histfill,sentinel2,treatment_0008,treatment,treatment_0008,3,4,10,candidate,2,,,0.0,,2.0,0.012128433588809157,1.0000 0.0000
histfill,sentinel2,treatment_0008,treatment,treatment_0008,3,4,10,candidate,2,,,0.0,,3.0,0.012128433588809157,1.0000 0.0000
histfill,sentinel2,treatment_0008,treatment,treatment_0008,3,4,10,candidate,2,,,0.0,,4.0,0.012128433588809157,1.0000 0.0000
histfill,sentinel2,treatment_0009,treatment,treatment_0009,3,4,10,path,1,1.0,0.010921296786384453,inf,True,,,
histfill,sentinel2,treatment_0009,treatment,treatment_0009,3,4,10,path,2,2.0,0.010921296786384453,0.0,False,,,
histfill,sentinel2,treatment_0009,treatment,treatment_0009,3,4,10,candidate,1,,,,,1.0,0.010921296786384453,1.0000
histfill,sentinel2,treatment_0009,treatment,treatment_0009,3,4,10,candidate,1,,,,,2.0,0.018375578858512483,1.0000
histfill,sentinel2,treatment_0009,treatment,treatment_0009,3,4,10,candidate,1,,,,,3.0,0.027514807114012572,1.0000
histfill,sentinel2,treatment_0009,treatment,treatment_0009,3,4,10,candidate,1,,,,,4.0,0.038515294459197554,1.0000
histfill,sentinel2,treatment_0009,treatment,treatment_0009,3,4,10,candidate,2,,,0.0,,2.0,0.010921296786384453,1.0000 0.0000
histfill,sentinel2,treatment_0009,treatment,treatment_0009,3,4,10,candidate,2,,,0.0,,3.0,0.010921296786384453,1.0000 0.0000
histfill,sentinel2,treatment_0009,treatment,treatment_0009,3,4,10,candidate,2,,,0.0,,4.0,0.010921296786384453,1.0000 0.0000
histfill,sentinel2,treatment_0010,treatment,treatment_0010,3,4,10,path,1,1.0,0.01684932802091299,inf,True,,,
histfill,sentinel2,treatment_0010,treatment,treatment_0010,3,4,10,path,2,2.0,0.01684932802091299,0.0,False,,,
histfill,sentinel2,treatment_0010,treatment,treatment_0010,3,4,10,candidate,1,,,,,1.0,0.01684932802091299,1.0000
histfill,sentinel2,treatment_0010,treatment,treatment_0010,3,4,10,candidate,1,,,,,2.0,0.02677546092649283,1.0000
histfill,sentinel2,treatment_0010,treatment,treatment_0010,3,4,10,candidate,1,,,,,3.0,0.03781821700959608,1.0000
histfill,sentinel2,treatment_0010,treatment,treatment_0010,3,4,10,candidate,1,,,,,4.0,0.04998594105714177,1.0000
histfill,sentinel2,treatment_0010,treatment,treatment_0010,3,4,10,candidate,2,,,0.0,,2.0,0.01684932802091299,1.0000 0.0000
histfill,sentinel2,treatment_0010,treatment,treatment_0010,3,4,10,candidate,2,,,0.0,,3.0,0.01684932802091299,1.0000 0.0000
histfill,sentinel2,treatment_0010,treatment,treatment_0010,3,4,10,candidate,2,,,0.0,,4.0,0.01684932802091299,1.0000 0.0000
histfill,sentinel2,treatment_0011,treatment,treatment_0011,3,4,10,path,1,1.0,0.011120428910563685,inf,True,,,
histfill,sentinel2,treatment_0011,treatment,treatment_0011,3,4,10,path,2,2.0,0.011120428910563685,0.0,False,,,
histfill,sentinel2,treatment_0011,treatment,treatment_0011,3,4,10,candidate,1,,,,,1.0,0.011120428910563685,1.0000
histfill,sentinel2,treatment_0011,treatment,treatment_0011,3,4,10,candidate,1,,,,,2.0,0.019664767947158497,1.0000
histfill,sentinel2,treatment_0011,treatment,treatment_0011,3,4,10,candidate,1,,,,,3.0,0.03059042523871367,1.0000
histfill,sentinel2,treatment_0011,treatment,treatment_0011,3,4,10,candidate,1,,,,,4.0,0.04389375787378586,1.0000
histfill,sentinel2,treatment_0011,treatment,treatment_0011,3,4,10,candidate,2,,,0.0,,2.0,0.011120428910563685,1.0000 0.0000
histfill,sentinel2,treatment_0011,treatment,treatment_0011,3,4,10,candidate,2,,,0.0,,3.0,0.011120428910563685,1.0000 0.0000
histfill,sentinel2,treatment_0011,treatment,treatment_0011,3,4,10,candidate,2,,,0.0,,4.0,0.011120428910563685,1.0000 0.0000
histfill,sentinel2,treatment_0012,treatment,treatment_0012,3,4,10,path,1,1.0,0.013568362372565892,inf,True,,,
histfill,sentinel2,treatment_0012,treatment,treatment_0012,3,4,10,path,2,2.0,0.013568362372565892,0.0,False,,,
histfill,sentinel2,treatment_0012,treatment,treatment_0012,3,4,10,candidate,1,,,,,1.0,0.013568362372565892,1.0000
histfill,sentinel2,treatment_0012,treatment,treatment_0012,3,4,10,candidate,1,,,,,2.0,0.02403978911899583,1.0000
histfill,sentinel2,treatment_0012,treatment,treatment_0012,3,4,10,candidate,1,,,,,3.0,0.03742990219770734,1.0000
histfill,sentinel2,treatment_0012,treatment,treatment_0012,3,4,10,candidate,1,,,,,4.0,0.0537034414055578,1.0000
histfill,sentinel2,treatment_0012,treatment,treatment_0012,3,4,10,candidate,2,,,0.0,,2.0,0.013568362372565892,1.0000 0.0000
histfill,sentinel2,treatment_0012,treatment,treatment_0012,3,4,10,candidate,2,,,0.0,,3.0,0.013568362372565892,1.0000 0.0000
histfill,sentinel2,treatment_0012,treatment,treatment_0012,3,4,10,candidate,2,,,0.0,,4.0,0.013568362372565892,1.0000 0.0000
histfill,sentinel2,treatment_0013,treatment,treatment_0013,3,4,10,path,1,1.0,0.014609159358129526,inf,True,,,
histfill,sentinel2,treatment_0013,treatment,treatment_0013,3,4,10,path,2,2.0,0.014609159358129526,0.0,False,,,
histfill,sentinel2,treatment_0013,treatment,treatment_0013,3,4,10,candidate,1,,,,,1.0,0.014609159358129526,1.0000
histfill,sentinel2,treatment_0013,treatment,treatment_0013,3,4,10,candidate,1,,,,,2.0,0.02596751422535133,1.0000
histfill,sentinel2,treatment_0013,treatment,treatment_0013,3,4,10,candidate,1,,,,,3.0,0.0405804023785156,1.0000
histfill,sentinel2,treatment_0013,treatment,treatment_0013,3,4,10,candidate,1,,,,,4.0,0.05849436664882857,1.0000
histfill,sentinel2,treatment_0013,treatment,treatment_0013,3,4,10,candidate,2,,,0.0,,2.0,0.014609159358129526,1.0000 0.0000
histfill,sentinel2,treatment_0013,treatment,treatment_0013,3,4,10,candidate,2,,,0.0,,3.0,0.014609159358129526,1.0000 0.0000
histfill,sentinel2,treatment_0013,treatment,treatment_0013,3,4,10,candidate,2,,,0.0,,4.0,0.014609159358129526,1.0000 0.0000
histfill,sentinel2,treatment_0014,treatment,treatment_0014,3,4,10,path,1,1.0,0.015801640455765372,inf,True,,,
histfill,sentinel2,treatment_0014,treatment,treatment_0014,3,4,10,path,2,2.0,0.015801640455765372,0.0,False,,,
histfill,sentinel2,treatment_0014,treatment,treatment_0014,3,4,10,candidate,1,,,,,1.0,0.015801640455765372,1.0000
histfill,sentinel2,treatment_0014,treatment,treatment_0014,3,4,10,candidate,1,,,,,2.0,0.028106781849400367,1.0000
histfill,sentinel2,treatment_0014,treatment,treatment_0014,3,4,10,candidate,1,,,,,3.0,0.043935952821979624,1.0000
histfill,sentinel2,treatment_0014,treatment,treatment_0014,3,4,10,candidate,1,,,,,4.0,0.06329013964514091,1.0000
histfill,sentinel2,treatment_0014,treatment,treatment_0014,3,4,10,candidate,2,,,0.0,,2.0,0.015801640455765372,1.0000 0.0000
histfill,sentinel2,treatment_0014,treatment,treatment_0014,3,4,10,candidate,2,,,0.0,,3.0,0.015801640455765372,1.0000 0.0000
histfill,sentinel2,treatment_0014,treatment,treatment_0014,3,4,10,candidate,2,,,0.0,,4.0,0.015801640455765372,1.0000 0.0000
histfill,sentinel2,treatment_0015,treatment,treatment_0015,3,4,10,path,1,1.0,0.013332194869356705,inf,True,,,
histfill,sentinel2,treatment_0015,treatment,treatment_0015,3,4,10,path,2,2.0,0.013332194869356705,0.0,False,,,
histfill,sentinel2,treatment_0015,treatment,treatment_0015,3,4,10,candidate,1,,,,,1.0,0.013332194869356705,1.0000
histfill,sentinel2,treatment_0015,treatment,treatment_0015,3,4,10,candidate,1,,,,,2.0,0.02176187119025808,1.0000
histfill,sentinel2,treatment_0015,treatment,treatment_0015,3,4,10,candidate,1,,,,,3.0,0.031767262514728625,1.0000
histfill,sentinel2,treatment_0015,treatment,treatment_0015,3,4,10,candidate,1,,,,,4.0,0.043791171339961424,1.0000
histfill,sentinel2,treatment_0015,treatment,treatment_0015,3,4,10,candidate,2,,,0.0,,2.0,0.013332194869356705,1.0000 0.0000
histfill,sentinel2,treatment_0015,treatment,treatment_0015,3,4,10,candidate,2,,,0.0,,3.0,0.013332194869356705,1.0000 0.0000
histfill,sentinel2,treatment_0015,treatment,treatment_0015,3,4,10,candidate,2,,,0.0,,4.0,0.013332194869356705,1.0000 0.0000
histfill,sentinel2,treatment_0001,treatment,treatment_0001,3,5,10,path,1,1.0,0.013805574273009413,inf,True,,,
histfill,sentinel2,treatment_0001,treatment,treatment_0001,3,5,10,path,2,2.0,0.013805574273009413,0.0,False,,,
histfill,sentinel2,treatment_0001,treatment,treatment_0001,3,5,10,candidate,1,,,,,1.0,0.013805574273009413,1.0000
histfill,sentinel2,treatment_0001,treatment,treatment_0001,3,5,10,candidate,1,,,,,2.0,0.02352799960334863,1.0000
histfill,sentinel2,treatment_0001,treatment,treatment_0001,3,5,10,candidate,1,,,,,3.0,0.03550301215528356,1.0000
histfill,sentinel2,treatment_0001,treatment,treatment_0001,3,5,10,candidate,2,,,0.0,,2.0,0.013805574273009413,1.0000 0.0000
histfill,sentinel2,treatment_0001,treatment,treatment_0001,3,5,10,candidate,2,,,0.0,,3.0,0.013805574273009413,1.0000 0.0000
histfill,sentinel2,treatment_0002,treatment,treatment_0002,3,5,10,path,1,1.0,0.008451044043670638,inf,True,,,
histfill,sentinel2,treatment_0002,treatment,treatment_0002,3,5,10,path,2,2.0,0.008451044043670638,0.0,False,,,
histfill,sentinel2,treatment_0002,treatment,treatment_0002,3,5,10,candidate,1,,,,,1.0,0.008451044043670638,1.0000
histfill,sentinel2,treatment_0002,treatment,treatment_0002,3,5,10,candidate,1,,,,,2.0,0.01493527568994743,1.0000
histfill,sentinel2,treatment_0002,treatment,treatment_0002,3,5,10,candidate,1,,,,,3.0,0.023217768943679874,1.0000
histfill,sentinel2,treatment_0002,treatment,treatment_0002,3,5,10,candidate,2,,,0.0,,2.0,0.008451044043670638,1.0000 0.0000
histfill,sentinel2,treatment_0002,treatment,treatment_0002,3,5,10,candidate,2,,,0.0,,3.0,0.008451044043670638,1.0000 0.0000
histfill,sentinel2,treatment_0003,treatment,treatment_0003,3,5,10,path,1,1.0,0.011751570934027795,inf,True,,,
histfill,sentinel2,treatment_0003,treatment,treatment_0003,3,5,10,path,2,2.0,0.011751570934027795,0.0,False,,,
histfill,sentinel2,treatment_0003,treatment,treatment_0003,3,5,10,candidate,1,,,,,1.0,0.011751570934027795,1.0000
histfill,sentinel2,treatment_0003,treatment,treatment_0003,3,5,10,candidate,1,,,,,2.0,0.02054710249434281,1.0000
histfill,sentinel2,treatment_0003,treatment,treatment_0003,3,5,10,candidate,1,,,,,3.0,0.03167971859451293,1.0000
histfill,sentinel2,treatment_0003,treatment,treatment_0003,3,5,10,candidate,2,,,0.0,,2.0,0.011751570934027795,1.0000 0.0000
histfill,sentinel2,treatment_0003,treatment,treatment_0003,3,5,10,candidate,2,,,0.0,,3.0,0.011751570934027795,1.0000 0.0000
histfill,sentinel2,treatment_0004,treatment,treatment_0004,3,5,10,path,1,1.0,0.011727780188263764,inf,True,,,
histfill,sentinel2,treatment_0004,treatment,treatment_0004,3,5,10,path,2,2.0,0.011727780188263764,0.0,False,,,
histfill,sentinel2,treatment_0004,treatment,treatment_0004,3,5,10,candidate,1,,,,,1.0,0.011727780188263764,1.0000
histfill,sentinel2,treatment_0004,treatment,treatment_0004,3,5,10,candidate,1,,,,,2.0,0.02041816004257278,1.0000
histfill,sentinel2,treatment_0004,treatment,treatment_0004,3,5,10,candidate,1,,,,,3.0,0.031455452552243704,1.0000
histfill,sentinel2,treatment_0004,treatment,treatment_0004,3,5,10,candidate,2,,,0.0,,2.0,0.011727780188263764,1.0000 0.0000
histfill,sentinel2,treatment_0004,treatment,treatment_0004,3,5,10,candidate,2,,,0.0,,3.0,0.011727780188263764,1.0000 0.0000
histfill,sentinel2,treatment_0005,treatment,treatment_0005,3,5,10,path,1,1.0,0.009726927695523586,inf,True,,,
histfill,sentinel2,treatment_0005,treatment,treatment_0005,3,5,10,path,2,2.0,0.009726927695523586,0.0,False,,,
histfill,sentinel2,treatment_0005,treatment,treatment_0005,3,5,10,candidate,1,,,,,1.0,0.009726927695523586,1.0000
histfill,sentinel2,treatment_0005,treatment,treatment_0005,3,5,10,candidate,1,,,,,2.0,0.01686732661315259,1.0000
histfill,sentinel2,treatment_0005,treatment,treatment_0005,3,5,10,candidate,1,,,,,3.0,0.025808260242165187,1.0000
histfill,sentinel2,treatment_0005,treatment,treatment_0005,3,5,10,candidate,2,,,0.0,,2.0,0.009726927695523586,1.0000 0.0000
histfill,sentinel2,treatment_0005,treatment,treatment_0005,3,5,10,candidate,2,,,0.0,,3.0,0.009726927695523586,1.0000 0.0000
histfill,sentinel2,treatment_0006,treatment,treatment_0006,3,5,10,path,1,1.0,0.013288984638277287,inf,True,,,
histfill,sentinel2,treatment_0006,treatment,treatment_0006,3,5,10,path,2,2.0,0.013288984638277287,0.0,False,,,
histfill,sentinel2,treatment_0006,treatment,treatment_0006,3,5,10,candidate,1,,,,,1.0,0.013288984638277287,1.0000
histfill,sentinel2,treatment_0006,treatment,treatment_0006,3,5,10,candidate,1,,,,,2.0,0.023164384196468466,1.0000
histfill,sentinel2,treatment_0006,treatment,treatment_0006,3,5,10,candidate,1,,,,,3.0,0.035517732765284526,1.0000
histfill,sentinel2,treatment_0006,treatment,treatment_0006,3,5,10,candidate,2,,,0.0,,2.0,0.013288984638277287,1.0000 0.0000
histfill,sentinel2,treatment_0006,treatment,treatment_0006,3,5,10,candidate,2,,,0.0,,3.0,0.013288984638277287,1.0000 0.0000
histfill,sentinel2,treatment_0007,treatment,treatment_0007,3,5,10,path,1,1.0,0.011808116342506553,inf,True,,,
histfill,sentinel2,treatment_0007,treatment,treatment_0007,3,5,10,path,2,2.0,0.011808116342506553,0.0,False,,,
histfill,sentinel2,treatment_0007,treatment,treatment_0007,3,5,10,candidate,1,,,,,1.0,0.011808116342506553,1.0000
histfill,sentinel2,treatment_0007,treatment,treatment_0007,3,5,10,candidate,1,,,,,2.0,0.020905163043984726,1.0000
histfill,sentinel2,treatment_0007,treatment,treatment_0007,3,5,10,candidate,1,,,,,3.0,0.032570013495936884,1.0000
histfill,sentinel2,treatment_0007,treatment,treatment_0007,3,5,10,candidate,2,,,0.0,,2.0,0.011808116342506553,1.0000 0.0000
histfill,sentinel2,treatment_0007,treatment,treatment_0007,3,5,10,candidate,2,,,0.0,,3.0,0.011808116342506553,1.0000 0.0000
histfill,sentinel2,treatment_0008,treatment,treatment_0008,3,5,10,path,1,1.0,0.011870995189146595,inf,True,,,
histfill,sentinel2,treatment_0008,treatment,treatment_0008,3,5,10,path,2,2.0,0.011870995189146595,0.0,False,,,
histfill,sentinel2,treatment_0008,treatment,treatment_0008,3,5,10,candidate,1,,,,,1.0,0.011870995189146595,1.0000
histfill,sentinel2,treatment_0008,treatment,treatment_0008,3,5,10,candidate,1,,,,,2.0,0.02036417764100099,1.0000
histfill,sentinel2,treatment_0008,treatment,treatment_0008,3,5,10,candidate,1,,,,,3.0,0.031017835147636542,1.0000
histfill,sentinel2,treatment_0008,treatment,treatment_0008,3,5,10,candidate,2,,,0.0,,2.0,0.011870995189146595,1.0000 0.0000
histfill,sentinel2,treatment_0008,treatment,treatment_0008,3,5,10,candidate,2,,,0.0,,3.0,0.011870995189146595,1.0000 0.0000
histfill,sentinel2,treatment_0009,treatment,treatment_0009,3,5,10,path,1,1.0,0.010653634443889509,inf,True,,,
histfill,sentinel2,treatment_0009,treatment,treatment_0009,3,5,10,path,2,2.0,0.010653634443889509,0.0,False,,,
histfill,sentinel2,treatment_0009,treatment,treatment_0009,3,5,10,candidate,1,,,,,1.0,0.010653634443889509,1.0000
histfill,sentinel2,treatment_0009,treatment,treatment_0009,3,5,10,candidate,1,,,,,2.0,0.01819686442586799,1.0000
histfill,sentinel2,treatment_0009,treatment,treatment_0009,3,5,10,candidate,1,,,,,3.0,0.027707221978085932,1.0000
histfill,sentinel2,treatment_0009,treatment,treatment_0009,3,5,10,candidate,2,,,0.0,,2.0,0.010653634443889509,1.0000 0.0000
histfill,sentinel2,treatment_0009,treatment,treatment_0009,3,5,10,candidate,2,,,0.0,,3.0,0.010653634443889509,1.0000 0.0000
histfill,sentinel2,treatment_0010,treatment,treatment_0010,3,5,10,path,1,1.0,0.01591119844726478,inf,True,,,
histfill,sentinel2,treatment_0010,treatment,treatment_0010,3,5,10,path,2,2.0,0.01591119844726478,0.0,False,,,
histfill,sentinel2,treatment_0010,treatment,treatment_0010,3,5,10,candidate,1,,,,,1.0,0.01591119844726478,1.0000
histfill,sentinel2,treatment_0010,treatment,treatment_0010,3,5,10,candidate,1,,,,,2.0,0.02577175662624586,1.0000
histfill,sentinel2,treatment_0010,treatment,treatment_0010,3,5,10,candidate,1,,,,,3.0,0.03724735077958039,1.0000
histfill,sentinel2,treatment_0010,treatment,treatment_0010,3,5,10,candidate,2,,,0.0,,2.0,0.01591119844726478,1.0000 0.0000
histfill,sentinel2,treatment_0010,treatment,treatment_0010,3,5,10,candidate,2,,,0.0,,3.0,0.01591119844726478,1.0000 0.0000
histfill,sentinel2,treatment_0011,treatment,treatment_0011,3,5,10,path,1,1.0,0.011096834562816666,inf,True,,,
histfill,sentinel2,treatment_0011,treatment,treatment_0011,3,5,10,path,2,2.0,0.011096834562816666,0.0,False,,,
histfill,sentinel2,treatment_0011,treatment,treatment_0011,3,5,10,candidate,1,,,,,1.0,0.011096834562816666,1.0000
histfill,sentinel2,treatment_0011,treatment,treatment_0011,3,5,10,candidate,1,,,,,2.0,0.01964743064315605,1.0000
histfill,sentinel2,treatment_0011,treatment,treatment_0011,3,5,10,candidate,1,,,,,3.0,0.030601536152847154,1.0000
histfill,sentinel2,treatment_0011,treatment,treatment_0011,3,5,10,candidate,2,,,0.0,,2.0,0.011096834562816666,1.0000 0.0000
histfill,sentinel2,treatment_0011,treatment,treatment_0011,3,5,10,candidate,2,,,0.0,,3.0,0.011096834562816666,1.0000 0.0000
histfill,sentinel2,treatment_0012,treatment,treatment_0012,3,5,10,path,1,1.0,0.013536087375676091,inf,True,,,
histfill,sentinel2,treatment_0012,treatment,treatment_0012,3,5,10,path,2,2.0,0.013536087375676091,0.0,False,,,
histfill,sentinel2,treatment_0012,treatment,treatment_0012,3,5,10,candidate,1,,,,,1.0,0.013536087375676091,1.0000
histfill,sentinel2,treatment_0012,treatment,treatment_0012,3,5,10,candidate,1,,,,,2.0,0.02398567109927122,1.0000
histfill,sentinel2,treatment_0012,treatment,treatment_0012,3,5,10,candidate,1,,,,,3.0,0.03735128521659023,1.0000
histfill,sentinel2,treatment_0012,treatment,treatment_0012,3,5,10,candidate,2,,,0.0,,2.0,0.013536087375676091,1.0000 0.0000
histfill,sentinel2,treatment_0012,treatment,treatment_0012,3,5,10,candidate,2,,,0.0,,3.0,0.013536087375676091,1.0000 0.0000
histfill,sentinel2,treatment_0013,treatment,treatment_0013,3,5,10,path,1,1.0,0.014834544938794235,inf,True,,,
histfill,sentinel2,treatment_0013,treatment,treatment_0013,3,5,10,path,2,2.0,0.014834544938794235,0.0,False,,,
histfill,sentinel2,treatment_0013,treatment,treatment_0013,3,5,10,candidate,1,,,,,1.0,0.014834544938794235,1.0000
histfill,sentinel2,treatment_0013,treatment,treatment_0013,3,5,10,candidate,1,,,,,2.0,0.02645611436521216,1.0000
histfill,sentinel2,treatment_0013,treatment,treatment_0013,3,5,10,candidate,1,,,,,3.0,0.041505570106173326,1.0000
histfill,sentinel2,treatment_0013,treatment,treatment_0013,3,5,10,candidate,2,,,0.0,,2.0,0.014834544938794235,1.0000 0.0000
histfill,sentinel2,treatment_0013,treatment,treatment_0013,3,5,10,candidate,2,,,0.0,,3.0,0.014834544938794235,1.0000 0.0000
histfill,sentinel2,treatment_0014,treatment,treatment_0014,3,5,10,path,1,1.0,0.01582538256556291,inf,True,,,
histfill,sentinel2,treatment_0014,treatment,treatment_0014,3,5,10,path,2,2.0,0.01582538256556291,0.0,False,,,
histfill,sentinel2,treatment_0014,treatment,treatment_0014,3,5,10,candidate,1,,,,,1.0,0.01582538256556291,1.0000
histfill,sentinel2,treatment_0014,treatment,treatment_0014,3,5,10,candidate,1,,,,,2.0,0.028152894572161354,1.0000
histfill,sentinel2,treatment_0014,treatment,treatment_0014,3,5,10,candidate,1,,,,,3.0,0.04401484041872922,1.0000
histfill,sentinel2,treatment_0014,treatment,treatment_0014,3,5,10,candidate,2,,,0.0,,2.0,0.01582538256556291,1.0000 0.0000
histfill,sentinel2,treatment_0014,treatment,treatment_0014,3,5,10,candidate,2,,,0.0,,3.0,0.01582538256556291,1.0000 0.0000
histfill,sentinel2,treatment_0015,treatment,treatment_0015,3,5,10,path,1,1.0,0.01295555298499356,inf,True,,,
histfill,sentinel2,treatment_0015,treatment,treatment_0015,3,5,10,path,2,2.0,0.01295555298499356,0.0,False,,,
histfill,sentinel2,treatment_0015,treatment,treatment_0015,3,5,10,candidate,1,,,,,1.0,0.01295555298499356,1.0000
histfill,sentinel2,treatment_0015,treatment,treatment_0015,3,5,10,candidate,1,,,,,2.0,0.021674637597902453,1.0000
histfill,sentinel2,treatment_0015,treatment,treatment_0015,3,5,10,candidate,1,,,,,3.0,0.03261503406327659,1.0000
histfill,sentinel2,treatment_0015,treatment,treatment_0015,3,5,10,candidate,2,,,0.0,,2.0,0.01295555298499356,1.0000 0.0000
histfill,sentinel2,treatment_0015,treatment,treatment_0015,3,5,10,candidate,2,,,0.0,,3.0,0.01295555298499356,1.0000 0.0000
histfill,sentinel2,treatment_0001,treatment,treatment_0001,3,6,10,path,1,1.0,0.01355526135047462,inf,True,,,
histfill,sentinel2,treatment_0001,treatment,treatment_0001,3,6,10,path,2,2.0,0.01355526135047462,0.0,False,,,
histfill,sentinel2,treatment_0001,treatment,treatment_0001,3,6,10,candidate,1,,,,,1.0,0.01355526135047462,1.0000
histfill,sentinel2,treatment_0001,treatment,treatment_0001,3,6,10,candidate,1,,,,,2.0,0.02334211424668125,1.0000
histfill,sentinel2,treatment_0001,treatment,treatment_0001,3,6,10,candidate,2,,,0.0,,2.0,0.01355526135047462,1.0000 0.0000
histfill,sentinel2,treatment_0002,treatment,treatment_0002,3,6,10,path,1,1.0,0.008422077707409032,inf,True,,,
histfill,sentinel2,treatment_0002,treatment,treatment_0002,3,6,10,path,2,2.0,0.008422077707409032,0.0,False,,,
histfill,sentinel2,treatment_0002,treatment,treatment_0002,3,6,10,candidate,1,,,,,1.0,0.008422077707409032,1.0000
histfill,sentinel2,treatment_0002,treatment,treatment_0002,3,6,10,candidate,1,,,,,2.0,0.014898979686071505,1.0000
histfill,sentinel2,treatment_0002,treatment,treatment_0002,3,6,10,candidate,2,,,0.0,,2.0,0.008422077707409032,1.0000 0.0000
histfill,sentinel2,treatment_0003,treatment,treatment_0003,3,6,10,path,1,1.0,0.011682399643283563,inf,True,,,
histfill,sentinel2,treatment_0003,treatment,treatment_0003,3,6,10,path,2,2.0,0.011682399643283563,0.0,False,,,
histfill,sentinel2,treatment_0003,treatment,treatment_0003,3,6,10,candidate,1,,,,,1.0,0.011682399643283563,1.0000
histfill,sentinel2,treatment_0003,treatment,treatment_0003,3,6,10,candidate,1,,,,,2.0,0.020508567156243204,1.0000
histfill,sentinel2,treatment_0003,treatment,treatment_0003,3,6,10,candidate,2,,,0.0,,2.0,0.011682399643283563,1.0000 0.0000
histfill,sentinel2,treatment_0004,treatment,treatment_0004,3,6,10,path,1,1.0,0.011843258028998872,inf,True,,,
histfill,sentinel2,treatment_0004,treatment,treatment_0004,3,6,10,path,2,2.0,0.011843258028998872,0.0,False,,,
histfill,sentinel2,treatment_0004,treatment,treatment_0004,3,6,10,candidate,1,,,,,1.0,0.011843258028998872,1.0000
histfill,sentinel2,treatment_0004,treatment,treatment_0004,3,6,10,candidate,1,,,,,2.0,0.02082496009411417,1.0000
histfill,sentinel2,treatment_0004,treatment,treatment_0004,3,6,10,candidate,2,,,0.0,,2.0,0.011843258028998872,1.0000 0.0000
histfill,sentinel2,treatment_0005,treatment,treatment_0005,3,6,10,path,1,1.0,0.009621537660193694,inf,True,,,
histfill,sentinel2,treatment_0005,treatment,treatment_0005,3,6,10,path,2,2.0,0.009621537660193694,0.0,False,,,
histfill,sentinel2,treatment_0005,treatment,treatment_0005,3,6,10,candidate,1,,,,,1.0,0.009621537660193694,1.0000
histfill,sentinel2,treatment_0005,treatment,treatment_0005,3,6,10,candidate,1,,,,,2.0,0.016782184403766637,1.0000
histfill,sentinel2,treatment_0005,treatment,treatment_0005,3,6,10,candidate,2,,,0.0,,2.0,0.009621537660193694,1.0000 0.0000
histfill,sentinel2,treatment_0006,treatment,treatment_0006,3,6,10,path,1,1.0,0.013080624039134906,inf,True,,,
histfill,sentinel2,treatment_0006,treatment,treatment_0006,3,6,10,path,2,2.0,0.013080624039134906,0.0,False,,,
histfill,sentinel2,treatment_0006,treatment,treatment_0006,3,6,10,candidate,1,,,,,1.0,0.013080624039134906,1.0000
histfill,sentinel2,treatment_0006,treatment,treatment_0006,3,6,10,candidate,1,,,,,2.0,0.022830277158515024,1.0000
histfill,sentinel2,treatment_0006,treatment,treatment_0006,3,6,10,candidate,2,,,0.0,,2.0,0.013080624039134906,1.0000 0.0000
histfill,sentinel2,treatment_0007,treatment,treatment_0007,3,6,10,path,1,1.0,0.0118102489122563,inf,True,,,
histfill,sentinel2,treatment_0007,treatment,treatment_0007,3,6,10,path,2,2.0,0.0118102489122563,0.0,False,,,
histfill,sentinel2,treatment_0007,treatment,treatment_0007,3,6,10,candidate,1,,,,,1.0,0.0118102489122563,1.0000
histfill,sentinel2,treatment_0007,treatment,treatment_0007,3,6,10,candidate,1,,,,,2.0,0.020945543372487257,1.0000
histfill,sentinel2,treatment_0007,treatment,treatment_0007,3,6,10,candidate,2,,,0.0,,2.0,0.0118102489122563,1.0000 0.0000
histfill,sentinel2,treatment_0008,treatment,treatment_0008,3,6,10,path,1,1.0,0.011809143143332555,inf,True,,,
histfill,sentinel2,treatment_0008,treatment,treatment_0008,3,6,10,path,2,2.0,0.011809143143332555,0.0,False,,,
histfill,sentinel2,treatment_0008,treatment,treatment_0008,3,6,10,candidate,1,,,,,1.0,0.011809143143332555,1.0000
histfill,sentinel2,treatment_0008,treatment,treatment_0008,3,6,10,candidate,1,,,,,2.0,0.020528945692088234,1.0000
histfill,sentinel2,treatment_0008,treatment,treatment_0008,3,6,10,candidate,2,,,0.0,,2.0,0.011809143143332555,1.0000 0.0000
histfill,sentinel2,treatment_0009,treatment,treatment_0009,3,6,10,path,1,1.0,0.010612157173920065,inf,True,,,
histfill,sentinel2,treatment_0009,treatment,treatment_0009,3,6,10,path,2,2.0,0.010612157173920065,0.0,False,,,
histfill,sentinel2,treatment_0009,treatment,treatment_0009,3,6,10,candidate,1,,,,,1.0,0.010612157173920065,1.0000
histfill,sentinel2,treatment_0009,treatment,treatment_0009,3,6,10,candidate,1,,,,,2.0,0.01843319537208742,1.0000
histfill,sentinel2,treatment_0009,treatment,treatment_0009,3,6,10,candidate,2,,,0.0,,2.0,0.010612157173920065,1.0000 0.0000
histfill,sentinel2,treatment_0010,treatment,treatment_0010,3,6,10,path,1,1.0,0.015473296849618132,inf,True,,,
histfill,sentinel2,treatment_0010,treatment,treatment_0010,3,6,10,path,2,2.0,0.015473296849618132,0.0,False,,,
histfill,sentinel2,treatment_0010,treatment,treatment_0010,3,6,10,candidate,1,,,,,1.0,0.015473296849618132,1.0000
histfill,sentinel2,treatment_0010,treatment,treatment_0010,3,6,10,candidate,1,,,,,2.0,0.02564812440088853,1.0000
histfill,sentinel2,treatment_0010,treatment,treatment_0010,3,6,10,candidate,2,,,0.0,,2.0,0.015473296849618132,1.0000 0.0000
histfill,sentinel2,treatment_0011,treatment,treatment_0011,3,6,10,path,1,1.0,0.011091765430314884,inf,True,,,
histfill,sentinel2,treatment_0011,treatment,treatment_0011,3,6,10,path,2,2.0,0.011091765430314884,0.0,False,,,
histfill,sentinel2,treatment_0011,treatment,treatment_0011,3,6,10,candidate,1,,,,,1.0,0.011091765430314884,1.0000
histfill,sentinel2,treatment_0011,treatment,treatment_0011,3,6,10,candidate,1,,,,,2.0,0.019663155916076407,1.0000
histfill,sentinel2,treatment_0011,treatment,treatment_0011,3,6,10,candidate,2,,,0.0,,2.0,0.011091765430314884,1.0000 0.0000
histfill,sentinel2,treatment_0012,treatment,treatment_0012,3,6,10,path,1,1.0,0.013506401563514734,inf,True,,,
histfill,sentinel2,treatment_0012,treatment,treatment_0012,3,6,10,path,2,2.0,0.013506401563514734,0.0,False,,,
histfill,sentinel2,treatment_0012,treatment,treatment_0012,3,6,10,candidate,1,,,,,1.0,0.013506401563514734,1.0000
histfill,sentinel2,treatment_0012,treatment,treatment_0012,3,6,10,candidate,1,,,,,2.0,0.023936837827308714,1.0000
histfill,sentinel2,treatment_0012,treatment,treatment_0012,3,6,10,candidate,2,,,0.0,,2.0,0.013506401563514734,1.0000 0.0000
histfill,sentinel2,treatment_0013,treatment,treatment_0013,3,6,10,path,1,1.0,0.015131292874334745,inf,True,,,
histfill,sentinel2,treatment_0013,treatment,treatment_0013,3,6,10,path,2,2.0,0.015131292874334745,0.0,False,,,
histfill,sentinel2,treatment_0013,treatment,treatment_0013,3,6,10,candidate,1,,,,,1.0,0.015131292874334745,1.0000
histfill,sentinel2,treatment_0013,treatment,treatment_0013,3,6,10,candidate,1,,,,,2.0,0.027096900017258316,1.0000
histfill,sentinel2,treatment_0013,treatment,treatment_0013,3,6,10,candidate,2,,,0.0,,2.0,0.015131292874334745,1.0000 0.0000
histfill,sentinel2,treatment_0014,treatment,treatment_0014,3,6,10,path,1,1.0,0.015852235271418283,inf,True,,,
histfill,sentinel2,treatment_0014,treatment,treatment_0014,3,6,10,path,2,2.0,0.015852235271418283,0.0,False,,,
histfill,sentinel2,treatment_0014,treatment,treatment_0014,3,6,10,candidate,1,,,,,1.0,0.015852235271418283,1.0000
histfill,sentinel2,treatment_0014,treatment,treatment_0014,3,6,10,candidate,1,,,,,2.0,0.028205174736104177,1.0000
histfill,sentinel2,treatment_0014,treatment,treatment_0014,3,6,10,candidate,2,,,0.0,,2.0,0.015852235271418283,1.0000 0.0000
histfill,sentinel2,treatment_0015,treatment,treatment_0015,3,6,10,path,1,1.0,0.01301805836064676,inf,True,,,
histfill,sentinel2,treatment_0015,treatment,treatment_0015,3,6,10,path,2,2.0,0.01301805836064676,0.0,False,,,
histfill,sentinel2,treatment_0015,treatment,treatment_0015,3,6,10,candidate,1,,,,,1.0,0.01301805836064676,1.0000
histfill,sentinel2,treatment_0015,treatment,treatment_0015,3,6,10,candidate,1,,,,,2.0,0.02244462378843486,1.0000
histfill,sentinel2,treatment_0015,treatment,treatment_0015,3,6,10,candidate,2,,,0.0,,2.0,0.01301805836064676,1.0000 0.0000
histfill,sentinel2,treatment_0001,treatment,treatment_0001,3,7,10,path,1,1.0,0.013505651093713381,inf,True,,,
histfill,sentinel2,treatment_0001,treatment,treatment_0001,3,7,10,candidate,1,,,,,1.0,0.013505651093713381,1.0000
histfill,sentinel2,treatment_0002,treatment,treatment_0002,3,7,10,path,1,1.0,0.00840445156436771,inf,True,,,
histfill,sentinel2,treatment_0002,treatment,treatment_0002,3,7,10,candidate,1,,,,,1.0,0.00840445156436771,1.0000
histfill,sentinel2,treatment_0003,treatment,treatment_0003,3,7,10,path,1,1.0,0.01167557368440935,inf,True,,,
histfill,sentinel2,treatment_0003,treatment,treatment_0003,3,7,10,candidate,1,,,,,1.0,0.01167557368440935,1.0000
histfill,sentinel2,treatment_0004,treatment,treatment_0004,3,7,10,path,1,1.0,0.012114141806107235,inf,True,,,
histfill,sentinel2,treatment_0004,treatment,treatment_0004,3,7,10,candidate,1,,,,,1.0,0.012114141806107235,1.0000
histfill,sentinel2,treatment_0005,treatment,treatment_0005,3,7,10,path,1,1.0,0.00959678785817967,inf,True,,,
histfill,sentinel2,treatment_0005,treatment,treatment_0005,3,7,10,candidate,1,,,,,1.0,0.00959678785817967,1.0000
histfill,sentinel2,treatment_0006,treatment,treatment_0006,3,7,10,path,1,1.0,0.012899839836179317,inf,True,,,
histfill,sentinel2,treatment_0006,treatment,treatment_0006,3,7,10,candidate,1,,,,,1.0,0.012899839836179317,1.0000
histfill,sentinel2,treatment_0007,treatment,treatment_0007,3,7,10,path,1,1.0,0.011840540284370833,inf,True,,,
histfill,sentinel2,treatment_0007,treatment,treatment_0007,3,7,10,candidate,1,,,,,1.0,0.011840540284370833,1.0000
histfill,sentinel2,treatment_0008,treatment,treatment_0008,3,7,10,path,1,1.0,0.01196272710682936,inf,True,,,
histfill,sentinel2,treatment_0008,treatment,treatment_0008,3,7,10,candidate,1,,,,,1.0,0.01196272710682936,1.0000
histfill,sentinel2,treatment_0009,treatment,treatment_0009,3,7,10,path,1,1.0,0.010811689442391643,inf,True,,,
histfill,sentinel2,treatment_0009,treatment,treatment_0009,3,7,10,candidate,1,,,,,1.0,0.010811689442391643,1.0000
histfill,sentinel2,treatment_0010,treatment,treatment_0010,3,7,10,path,1,1.0,0.01554142378656531,inf,True,,,
histfill,sentinel2,treatment_0010,treatment,treatment_0010,3,7,10,candidate,1,,,,,1.0,0.01554142378656531,1.0000
histfill,sentinel2,treatment_0011,treatment,treatment_0011,3,7,10,path,1,1.0,0.011105452053730178,inf,True,,,
histfill,sentinel2,treatment_0011,treatment,treatment_0011,3,7,10,candidate,1,,,,,1.0,0.011105452053730178,1.0000
histfill,sentinel2,treatment_0012,treatment,treatment_0012,3,7,10,path,1,1.0,0.013479909678323916,inf,True,,,
histfill,sentinel2,treatment_0012,treatment,treatment_0012,3,7,10,candidate,1,,,,,1.0,0.013479909678323916,1.0000
histfill,sentinel2,treatment_0013,treatment,treatment_0013,3,7,10,path,1,1.0,0.015524549530918518,inf,True,,,
histfill,sentinel2,treatment_0013,treatment,treatment_0013,3,7,10,candidate,1,,,,,1.0,0.015524549530918518,1.0000
histfill,sentinel2,treatment_0014,treatment,treatment_0014,3,7,10,path,1,1.0,0.015882772363044365,inf,True,,,
histfill,sentinel2,treatment_0014,treatment,treatment_0014,3,7,10,candidate,1,,,,,1.0,0.015882772363044365,1.0000
histfill,sentinel2,treatment_0015,treatment,treatment_0015,3,7,10,path,1,1.0,0.013599884193314413,inf,True,,,
histfill,sentinel2,treatment_0015,treatment,treatment_0015,3,7,10,candidate,1,,,,,1.0,0.013599884193314413,1.0000
