fill,sensor,site,group,matched_treatment,n,m,T0,kind,step,added,mse,improvement,accepted,candidate,trial_mse,trial_w
chipmean,sentinel1,treatment_0015,treatment,treatment_0015,2,2,10,path,1,1.0,0.004284711298060595,inf,True,,,
chipmean,sentinel1,treatment_0015,treatment,treatment_0015,2,2,10,path,2,2.0,0.004284711298060595,0.0,False,,,
chipmean,sentinel1,treatment_0015,treatment,treatment_0015,2,2,10,candidate,1,,,,,1.0,0.004284711298060595,1.0000
chipmean,sentinel1,treatment_0015,treatment,treatment_0015,2,2,10,candidate,1,,,,,2.0,0.009426502435307052,1.0000
chipmean,sentinel1,treatment_0015,treatment,treatment_0015,2,2,10,candidate,1,,,,,3.0,0.016402545921964478,1.0000
chipmean,sentinel1,treatment_0015,treatment,treatment_0015,2,2,10,candidate,1,,,,,4.0,0.025112492992854153,1.0000
chipmean,sentinel1,treatment_0015,treatment,treatment_0015,2,2,10,candidate,1,,,,,5.0,0.0354755240409741,1.0000
chipmean,sentinel1,treatment_0015,treatment,treatment_0015,2,2,10,candidate,1,,,,,6.0,0.047431130350097724,1.0000
chipmean,sentinel1,treatment_0015,treatment,treatment_0015,2,2,10,candidate,1,,,,,7.0,0.06094015330937386,1.0000
chipmean,sentinel1,treatment_0015,treatment,treatment_0015,2,2,10,candidate,2,,,0.0,,2.0,0.004284711298060595,1.0000 0.0000
chipmean,sentinel1,treatment_0015,treatment,treatment_0015,2,2,10,candidate,2,,,0.0,,3.0,0.004284711298060595,1.0000 0.0000
chipmean,sentinel1,treatment_0015,treatment,treatment_0015,2,2,10,candidate,2,,,0.0,,4.0,0.004284711298060595,1.0000 0.0000
chipmean,sentinel1,treatment_0015,treatment,treatment_0015,2,2,10,candidate,2,,,0.0,,5.0,0.004284711298060595,1.0000 0.0000
chipmean,sentinel1,treatment_0015,treatment,treatment_0015,2,2,10,candidate,2,,,0.0,,6.0,0.004284711298060595,1.0000 0.0000
chipmean,sentinel1,treatment_0015,treatment,treatment_0015,2,2,10,candidate,2,,,0.0,,7.0,0.004284711298060595,1.0000 0.0000
chipmean,sentinel1,treatment_0016,treatment,treatment_0016,2,2,10,path,1,1.0,0.005701192348228597,inf,True,,,
chipmean,sentinel1,treatment_0016,treatment,treatment_0016,2,2,10,path,2,2.0,0.005701192348228597,0.0,False,,,
chipmean,sentinel1,treatment_0016,treatment,treatment_0016,2,2,10,candidate,1,,,,,1.0,0.005701192348228597,1.0000
chipmean,sentinel1,treatment_0016,treatment,treatment_0016,2,2,10,candidate,1,,,,,2.0,0.01205585713109198,1.0000
chipmean,sentinel1,treatment_0016,treatment,treatment_0016,2,2,10,candidate,1,,,,,3.0,0.020174644290669876,1.0000
chipmean,sentinel1,treatment_0016,treatment,treatment_0016,2,2,10,candidate,1,,,,,4.0,0.029737532688022216,1.0000
chipmean,sentinel1,treatment_0016,treatment,treatment_0016,2,2,10,candidate,1,,,,,5.0,0.04051959569525015,1.0000
chipmean,sentinel1,treatment_0016,treatment,treatment_0016,2,2,10,candidate,1,,,,,6.0,0.05240378672727401,1.0000
chipmean,sentinel1,treatment_0016,treatment,treatment_0016,2,2,10,candidate,1,,,,,7.0,0.06539921465378849,1.0000
chipmean,sentinel1,treatment_0016,treatment,treatment_0016,2,2,10,candidate,2,,,0.0,,2.0,0.005701192348228597,1.0000 0.0000
chipmean,sentinel1,treatment_0016,treatment,treatment_0016,2,2,10,candidate,2,,,0.0,,3.0,0.005701192348228597,1.0000 0.0000
chipmean,sentinel1,treatment_0016,treatment,treatment_0016,2,2,10,candidate,2,,,0.0,,4.0,0.005701192348228597,1.0000 0.0000
chipmean,sentinel1,treatment_0016,treatment,treatment_0016,2,2,10,candidate,2,,,0.0,,5.0,0.005701192348228597,1.0000 0.0000
chipmean,sentinel1,treatment_0016,treatment,treatment_0016,2,2,10,candidate,2,,,0.0,,6.0,0.005701192348228597,1.0000 0.0000
chipmean,sentinel1,treatment_0016,treatment,treatment_0016,2,2,10,candidate,2,,,0.0,,7.0,0.005701192348228597,1.0000 0.0000
chipmean,sentinel1,treatment_0017,treatment,treatment_0017,2,2,10,path,1,1.0,0.004400757279666424,inf,True,,,
chipmean,sentinel1,treatment_0017,treatment,treatment_0017,2,2,10,path,2,2.0,0.004400757279666424,0.0,False,,,
chipmean,sentinel1,treatment_0017,treatment,treatment_0017,2,2,10,candidate,1,,,,,1.0,0.004400757279666424,1.0000
chipmean,sentinel1,treatment_0017,treatment,treatment_0017,2,2,10,candidate,1,,,,,2.0,0.009531731158325233,1.0000
chipmean,sentinel1,treatment_0017,treatment,treatment_0017,2,2,10,candidate,1,,,,,3.0,0.016329567985597582,1.0000
chipmean,sentinel1,treatment_0017,treatment,treatment_0017,2,2,10,candidate,1,,,,,4.0,0.024620391119582086,1.0000
chipmean,sentinel1,treatment_0017,treatment,treatment_0017,2,2,10,candidate,1,,,,,5.0,0.034266220544082016,1.0000
chipmean,sentinel1,treatment_0017,treatment,treatment_0017,2,2,10,candidate,1,,,,,6.0,0.045168432539417464,1.0000
chipmean,sentinel1,treatment_0017,treatment,treatment_0017,2,2,10,candidate,1,,,,,7.0,0.05727216976803032,1.0000
chipmean,sentinel1,treatment_0017,treatment,treatment_0017,2,2,10,candidate,2,,,0.0,,2.0,0.004400757279666424,1.0000 0.0000
chipmean,sentinel1,treatment_0017,treatment,treatment_0017,2,2,10,candidate,2,,,0.0,,3.0,0.004400757279666424,1.0000 0.0000
chipmean,sentinel1,treatment_0017,treatment,treatment_0017,2,2,10,candidate,2,,,0.0,,4.0,0.004400757279666424,1.0000 0.0000
chipmean,sentinel1,treatment_0017,treatment,treatment_0017,2,2,10,candidate,2,,,0.0,,5.0,0.004400757279666424,1.0000 0.0000
chipmean,sentinel1,treatment_0017,treatment,treatment_0017,2,2,10,candidate,2,,,0.0,,6.0,0.004400757279666424,1.0000 0.0000
chipmean,sentinel1,treatment_0017,treatment,treatment_0017,2,2,10,candidate,2,,,0.0,,7.0,0.004400757279666424,1.0000 0.0000
chipmean,sentinel1,treatment_0018,treatment,treatment_0018,2,2,10,path,1,1.0,0.00414999724596836,inf,True,,,
chipmean,sentinel1,treatment_0018,treatment,treatment_0018,2,2,10,path,2,2.0,0.00414999724596836,0.0,False,,,
chipmean,sentinel1,treatment_0018,treatment,treatment_0018,2,2,10,candidate,1,,,,,1.0,0.00414999724596836,1.0000
chipmean,sentinel1,treatment_0018,treatment,treatment_0018,2,2,10,candidate,1,,,,,2.0,0.009132068462842802,1.0000
chipmean,sentinel1,treatment_0018,treatment,treatment_0018,2,2,10,candidate,1,,,,,3.0,0.015884753365819196,1.0000
chipmean,sentinel1,treatment_0018,treatment,treatment_0018,2,2,10,candidate,1,,,,,4.0,0.024297231996770505,1.0000
chipmean,sentinel1,treatment_0018,treatment,treatment_0018,2,2,10,candidate,1,,,,,5.0,0.03427119436014988,1.0000
chipmean,sentinel1,treatment_0018,treatment,treatment_0018,2,2,10,candidate,1,,,,,6.0,0.045721615975163915,1.0000
chipmean,sentinel1,treatment_0018,treatment,treatment_0018,2,2,10,candidate,1,,,,,7.0,0.058577699868024025,1.0000
chipmean,sentinel1,treatment_0018,treatment,treatment_0018,2,2,10,candidate,2,,,0.0,,2.0,0.00414999724596836,1.0000 0.0000
chipmean,sentinel1,treatment_0018,treatment,treatment_0018,2,2,10,candidate,2,,,0.0,,3.0,0.00414999724596836,1.0000 0.0000
chipmean,sentinel1,treatment_0018,treatment,treatment_0018,2,2,10,candidate,2,,,0.0,,4.0,0.00414999724596836,1.0000 0.0000
chipmean,sentinel1,treatment_0018,treatment,treatment_0018,2,2,10,candidate,2,,,0.0,,5.0,0.00414999724596836,1.0000 0.0000
chipmean,sentinel1,treatment_0018,treatment,treatment_0018,2,2,10,candidate,2,,,0.0,,6.0,0.00414999724596836,1.0000 0.0000
chipmean,sentinel1,treatment_0018,treatment,treatment_0018,2,2,10,candidate,2,,,0.0,,7.0,0.00414999724596836,1.0000 0.0000
chipmean,sentinel1,treatment_0019,treatment,treatment_0019,2,2,10,path,1,1.0,0.00405201837010657,inf,True,,,
chipmean,sentinel1,treatment_0019,treatment,treatment_0019,2,2,10,path,2,2.0,0.00405201837010657,0.0,False,,,
chipmean,sentinel1,treatment_0019,treatment,treatment_0019,2,2,10,candidate,1,,,,,1.0,0.00405201837010657,1.0000
chipmean,sentinel1,treatment_0019,treatment,treatment_0019,2,2,10,candidate,1,,,,,2.0,0.00888064920114607,1.0000
chipmean,sentinel1,treatment_0019,treatment,treatment_0019,2,2,10,candidate,1,,,,,3.0,0.015386681815303324,1.0000
chipmean,sentinel1,treatment_0019,treatment,treatment_0019,2,2,10,candidate,1,,,,,4.0,0.02344510162369924,1.0000
chipmean,sentinel1,treatment_0019,treatment,treatment_0019,2,2,10,candidate,1,,,,,5.0,0.03294602995064061,1.0000
chipmean,sentinel1,treatment_0019,treatment,treatment_0019,2,2,10,candidate,1,,,,,6.0,0.04379540024687193,1.0000
chipmean,sentinel1,treatment_0019,treatment,treatment_0019,2,2,10,candidate,1,,,,,7.0,0.055915833804700235,1.0000
chipmean,sentinel1,treatment_0019,treatment,treatment_0019,2,2,10,candidate,2,,,0.0,,2.0,0.00405201837010657,1.0000 0.0000
chipmean,sentinel1,treatment_0019,treatment,treatment_0019,2,2,10,candidate,2,,,0.0,,3.0,0.00405201837010657,1.0000 0.0000
chipmean,sentinel1,treatment_0019,treatment,treatment_0019,2,2,10,candidate,2,,,0.0,,4.0,0.00405201837010657,1.0000 0.0000
chipmean,sentinel1,treatment_0019,treatment,treatment_0019,2,2,10,candidate,2,,,0.0,,5.0,0.00405201837010657,1.0000 0.0000
chipmean,sentinel1,treatment_0019,treatment,treatment_0019,2,2,10,candidate,2,,,0.0,,6.0,0.00405201837010657,1.0000 0.0000
chipmean,sentinel1,treatment_0019,treatment,treatment_0019,2,2,10,candidate,2,,,0.0,,7.0,0.00405201837010657,1.0000 0.0000
chipmean,sentinel1,treatment_0020,treatment,treatment_0020,2,2,10,path,1,1.0,0.00474271521271193,inf,True,,,
chipmean,sentinel1,treatment_0020,treatment,treatment_0020,2,2,10,path,2,2.0,0.00474271521271193,0.0,False,,,
chipmean,sentinel1,treatment_0020,treatment,treatment_0020,2,2,10,candidate,1,,,,,1.0,0.00474271521271193,1.0000
chipmean,sentinel1,treatment_0020,treatment,treatment_0020,2,2,10,candidate,1,,,,,2.0,0.010269309999605339,1.0000
chipmean,sentinel1,treatment_0020,treatment,treatment_0020,2,2,10,candidate,1,,,,,3.0,0.017585490994420604,1.0000
chipmean,sentinel1,treatment_0020,treatment,treatment_0020,2,2,10,candidate,1,,,,,4.0,0.026497134097379634,1.0000
chipmean,sentinel1,treatment_0020,treatment,treatment_0020,2,2,10,candidate,1,,,,,5.0,0.0368454123315371,1.0000
chipmean,sentinel1,treatment_0020,treatment,treatment_0020,2,2,10,candidate,1,,,,,6.0,0.048510219225307946,1.0000
chipmean,sentinel1,treatment_0020,treatment,treatment_0020,2,2,10,candidate,1,,,,,7.0,0.061414985180380056,1.0000
chipmean,sentinel1,treatment_0020,treatment,treatment_0020,2,2,10,candidate,2,,,0.0,,2.0,0.00474271521271193,1.0000 0.0000
chipmean,sentinel1,treatment_0020,treatment,treatment_0020,2,2,10,candidate,2,,,0.0,,3.0,0.00474271521271193,1.0000 0.0000
chipmean,sentinel1,treatment_0020,treatment,treatment_0020,2,2,10,candidate,2,,,0.0,,4.0,0.00474271521271193,1.0000 0.0000
chipmean,sentinel1,treatment_0020,treatment,treatment_0020,2,2,10,candidate,2,,,0.0,,5.0,0.00474271521271193,1.0000 0.0000
chipmean,sentinel1,treatment_0020,treatment,treatment_0020,2,2,10,candidate,2,,,0.0,,6.0,0.00474271521271193,1.0000 0.0000
chipmean,sentinel1,treatment_0020,treatment,treatment_0020,2,2,10,candidate,2,,,0.0,,7.0,0.00474271521271193,1.0000 0.0000
chipmean,sentinel1,treatment_0021,treatment,treatment_0021,2,2,10,path,1,1.0,0.004367788455593412,inf,True,,,
chipmean,sentinel1,treatment_0021,treatment,treatment_0021,2,2,10,path,2,2.0,0.004367788455593412,0.0,False,,,
chipmean,sentinel1,treatment_0021,treatment,treatment_0021,2,2,10,candidate,1,,,,,1.0,0.004367788455593412,1.0000
chipmean,sentinel1,treatment_0021,treatment,treatment_0021,2,2,10,candidate,1,,,,,2.0,0.009457335615924654,1.0000
chipmean,sentinel1,treatment_0021,treatment,treatment_0021,2,2,10,candidate,1,,,,,3.0,0.016209197143708685,1.0000
chipmean,sentinel1,treatment_0021,treatment,treatment_0021,2,2,10,candidate,1,,,,,4.0,0.02446886470019926,1.0000
chipmean,sentinel1,treatment_0021,treatment,treatment_0021,2,2,10,candidate,1,,,,,5.0,0.03412516793541924,1.0000
chipmean,sentinel1,treatment_0021,treatment,treatment_0021,2,2,10,candidate,1,,,,,6.0,0.045113410408575895,1.0000
chipmean,sentinel1,treatment_0021,treatment,treatment_0021,2,2,10,candidate,1,,,,,7.0,0.05741976635144651,1.0000
chipmean,sentinel1,treatment_0021,treatment,treatment_0021,2,2,10,candidate,2,,,0.0,,2.0,0.004367788455593412,1.0000 0.0000
chipmean,sentinel1,treatment_0021,treatment,treatment_0021,2,2,10,candidate,2,,,0.0,,3.0,0.004367788455593412,1.0000 0.0000
chipmean,sentinel1,treatment_0021,treatment,treatment_0021,2,2,10,candidate,2,,,0.0,,4.0,0.004367788455593412,1.0000 0.0000
chipmean,sentinel1,treatment_0021,treatment,treatment_0021,2,2,10,candidate,2,,,0.0,,5.0,0.004367788455593412,1.0000 0.0000
chipmean,sentinel1,treatment_0021,treatment,treatment_0021,2,2,10,candidate,2,,,0.0,,6.0,0.004367788455593412,1.0000 0.0000
chipmean,sentinel1,treatment_0021,treatment,treatment_0021,2,2,10,candidate,2,,,0.0,,7.0,0.004367788455593412,1.0000 0.0000
chipmean,sentinel1,treatment_0022,treatment,treatment_0022,2,2,10,path,1,1.0,0.004454397315462652,inf,True,,,
chipmean,sentinel1,treatment_0022,treatment,treatment_0022,2,2,10,path,2,2.0,0.004454397315462652,0.0,False,,,
chipmean,sentinel1,treatment_0022,treatment,treatment_0022,2,2,10,candidate,1,,,,,1.0,0.004454397315462652,1.0000
chipmean,sentinel1,treatment_0022,treatment,treatment_0022,2,2,10,candidate,1,,,,,2.0,0.009593296094979498,1.0000
chipmean,sentinel1,treatment_0022,treatment,treatment_0022,2,2,10,candidate,1,,,,,3.0,0.01635119250263079,1.0000
chipmean,sentinel1,treatment_0022,treatment,treatment_0022,2,2,10,candidate,1,,,,,4.0,0.02454255057362005,1.0000
chipmean,sentinel1,treatment_0022,treatment,treatment_0022,2,2,10,candidate,1,,,,,5.0,0.0340283568928731,1.0000
chipmean,sentinel1,treatment_0022,treatment,treatment_0022,2,2,10,candidate,1,,,,,6.0,0.0447187266042964,1.0000
chipmean,sentinel1,treatment_0022,treatment,treatment_0022,2,2,10,candidate,1,,,,,7.0,0.05657658961235965,1.0000
chipmean,sentinel1,treatment_0022,treatment,treatment_0022,2,2,10,candidate,2,,,0.0,,2.0,0.004454397315462652,1.0000 0.0000
chipmean,sentinel1,treatment_0022,treatment,treatment_0022,2,2,10,candidate,2,,,0.0,,3.0,0.004454397315462652,1.0000 0.0000
chipmean,sentinel1,treatment_0022,treatment,treatment_0022,2,2,10,candidate,2,,,0.0,,4.0,0.004454397315462652,1.0000 0.0000
chipmean,sentinel1,treatment_0022,treatment,treatment_0022,2,2,10,candidate,2,,,0.0,,5.0,0.004454397315462652,1.0000 0.0000
chipmean,sentinel1,treatment_0022,treatment,treatment_0022,2,2,10,candidate,2,,,0.0,,6.0,0.004454397315462652,1.0000 0.0000
chipmean,sentinel1,treatment_0022,treatment,treatment_0022,2,2,10,candidate,2,,,0.0,,7.0,0.004454397315462652,1.0000 0.0000
chipmean,sentinel1,treatment_0023,treatment,treatment_0023,2,2,10,path,1,1.0,0.003703634157298865,inf,True,,,
chipmean,sentinel1,treatment_0023,treatment,treatment_0023,2,2,10,path,2,2.0,0.003703634157298865,0.0,False,,,
chipmean,sentinel1,treatment_0023,treatment,treatment_0023,2,2,10,candidate,1,,,,,1.0,0.003703634157298865,1.0000
chipmean,sentinel1,treatment_0023,treatment,treatment_0023,2,2,10,candidate,1,,,,,2.0,0.008311079599520337,1.0000
chipmean,sentinel1,treatment_0023,treatment,treatment_0023,2,2,10,candidate,1,,,,,3.0,0.014736218809223173,1.0000
chipmean,sentinel1,treatment_0023,treatment,treatment_0023,2,2,10,candidate,1,,,,,4.0,0.02296474601944034,1.0000
chipmean,sentinel1,treatment_0023,treatment,treatment_0023,2,2,10,candidate,1,,,,,5.0,0.03298254947319698,1.0000
chipmean,sentinel1,treatment_0023,treatment,treatment_0023,2,2,10,candidate,1,,,,,6.0,0.04477571451759381,1.0000
chipmean,sentinel1,treatment_0023,treatment,treatment_0023,2,2,10,candidate,1,,,,,7.0,0.05833052682266514,1.0000
chipmean,sentinel1,treatment_0023,treatment,treatment_0023,2,2,10,candidate,2,,,0.0,,2.0,0.003703634157298865,1.0000 0.0000
chipmean,sentinel1,treatment_0023,treatment,treatment_0023,2,2,10,candidate,2,,,0.0,,3.0,0.003703634157298865,1.0000 0.0000
chipmean,sentinel1,treatment_0023,treatment,treatment_0023,2,2,10,candidate,2,,,0.0,,4.0,0.003703634157298865,1.0000 0.0000
chipmean,sentinel1,treatment_0023,treatment,treatment_0023,2,2,10,candidate,2,,,0.0,,5.0,0.003703634157298865,1.0000 0.0000
chipmean,sentinel1,treatment_0023,treatment,treatment_0023,2,2,10,candidate,2,,,0.0,,6.0,0.003703634157298865,1.0000 0.0000
chipmean,sentinel1,treatment_0023,treatment,treatment_0023,2,2,10,candidate,2,,,0.0,,7.0,0.003703634157298865,1.0000 0.0000
chipmean,sentinel1,treatment_0024,treatment,treatment_0024,2,2,10,path,1,1.0,0.004210911108427135,inf,True,,,
chipmean,sentinel1,treatment_0024,treatment,treatment_0024,2,2,10,path,2,2.0,0.004210911108427135,0.0,False,,,
chipmean,sentinel1,treatment_0024,treatment,treatment_0024,2,2,10,candidate,1,,,,,1.0,0.004210911108427135,1.0000
chipmean,sentinel1,treatment_0024,treatment,treatment_0024,2,2,10,candidate,1,,,,,2.0,0.009348658746179727,1.0000
chipmean,sentinel1,treatment_0024,treatment,treatment_0024,2,2,10,candidate,1,,,,,3.0,0.01640319927245106,1.0000
chipmean,sentinel1,treatment_0024,treatment,treatment_0024,2,2,10,candidate,1,,,,,4.0,0.025302853484369888,1.0000
chipmean,sentinel1,treatment_0024,treatment,treatment_0024,2,2,10,candidate,1,,,,,5.0,0.03598162178896033,1.0000
chipmean,sentinel1,treatment_0024,treatment,treatment_0024,2,2,10,candidate,1,,,,,6.0,0.048379371185125045,1.0000
chipmean,sentinel1,treatment_0024,treatment,treatment_0024,2,2,10,candidate,1,,,,,7.0,0.06244205314099948,1.0000
chipmean,sentinel1,treatment_0024,treatment,treatment_0024,2,2,10,candidate,2,,,0.0,,2.0,0.004210911108427135,1.0000 0.0000
chipmean,sentinel1,treatment_0024,treatment,treatment_0024,2,2,10,candidate,2,,,0.0,,3.0,0.004210911108427135,1.0000 0.0000
chipmean,sentinel1,treatment_0024,treatment,treatment_0024,2,2,10,candidate,2,,,0.0,,4.0,0.004210911108427135,1.0000 0.0000
chipmean,sentinel1,treatment_0024,treatment,treatment_0024,2,2,10,candidate,2,,,0.0,,5.0,0.004210911108427135,1.0000 0.0000
chipmean,sentinel1,treatment_0024,treatment,treatment_0024,2,2,10,candidate,2,,,0.0,,6.0,0.004210911108427135,1.0000 0.0000
chipmean,sentinel1,treatment_0024,treatment,treatment_0024,2,2,10,candidate,2,,,0.0,,7.0,0.004210911108427135,1.0000 0.0000
chipmean,sentinel1,treatment_0025,treatment,treatment_0025,2,2,10,path,1,1.0,0.0037319836312370703,inf,True,,,
chipmean,sentinel1,treatment_0025,treatment,treatment_0025,2,2,10,path,2,2.0,0.0037319836312370703,0.0,False,,,
chipmean,sentinel1,treatment_0025,treatment,treatment_0025,2,2,10,candidate,1,,,,,1.0,0.0037319836312370703,1.0000
chipmean,sentinel1,treatment_0025,treatment,treatment_0025,2,2,10,candidate,1,,,,,2.0,0.00828678697251949,1.0000
chipmean,sentinel1,treatment_0025,treatment,treatment_0025,2,2,10,candidate,1,,,,,3.0,0.014543756873387754,1.0000
chipmean,sentinel1,treatment_0025,treatment,treatment_0025,2,2,10,candidate,1,,,,,4.0,0.022442288544813505,1.0000
chipmean,sentinel1,treatment_0025,treatment,treatment_0025,2,2,10,candidate,1,,,,,5.0,0.0319276428641964,1.0000
chipmean,sentinel1,treatment_0025,treatment,treatment_0025,2,2,10,candidate,1,,,,,6.0,0.042951089614027035,1.0000
chipmean,sentinel1,treatment_0025,treatment,treatment_0025,2,2,10,candidate,1,,,,,7.0,0.05547008493598672,1.0000
chipmean,sentinel1,treatment_0025,treatment,treatment_0025,2,2,10,candidate,2,,,0.0,,2.0,0.0037319836312370703,1.0000 0.0000
chipmean,sentinel1,treatment_0025,treatment,treatment_0025,2,2,10,candidate,2,,,0.0,,3.0,0.0037319836312370703,1.0000 0.0000
chipmean,sentinel1,treatment_0025,treatment,treatment_0025,2,2,10,candidate,2,,,0.0,,4.0,0.0037319836312370703,1.0000 0.0000
chipmean,sentinel1,treatment_0025,treatment,treatment_0025,2,2,10,candidate,2,,,0.0,,5.0,0.0037319836312370703,1.0000 0.0000
chipmean,sentinel1,treatment_0025,treatment,treatment_0025,2,2,10,candidate,2,,,0.0,,6.0,0.0037319836312370703,1.0000 0.0000
chipmean,sentinel1,treatment_0025,treatment,treatment_0025,2,2,10,candidate,2,,,0.0,,7.0,0.0037319836312370703,1.0000 0.0000
chipmean,sentinel1,treatment_0027,treatment,treatment_0027,2,2,10,path,1,1.0,0.003945834516034326,inf,True,,,
chipmean,sentinel1,treatment_0027,treatment,treatment_0027,2,2,10,path,2,2.0,0.003945834516034326,0.0,False,,,
chipmean,sentinel1,treatment_0027,treatment,treatment_0027,2,2,10,candidate,1,,,,,1.0,0.003945834516034326,1.0000
chipmean,sentinel1,treatment_0027,treatment,treatment_0027,2,2,10,candidate,1,,,,,2.0,0.008244087299481308,1.0000
chipmean,sentinel1,treatment_0027,treatment,treatment_0027,2,2,10,candidate,1,,,,,3.0,0.013628220059212798,1.0000
chipmean,sentinel1,treatment_0027,treatment,treatment_0027,2,2,10,candidate,1,,,,,4.0,0.019841131280833337,1.0000
chipmean,sentinel1,treatment_0027,treatment,treatment_0027,2,2,10,candidate,1,,,,,5.0,0.026700646453999728,1.0000
chipmean,sentinel1,treatment_0027,treatment,treatment_0027,2,2,10,candidate,1,,,,,6.0,0.034105234824987785,1.0000
chipmean,sentinel1,treatment_0027,treatment,treatment_0027,2,2,10,candidate,1,,,,,7.0,0.04204348940942031,1.0000
chipmean,sentinel1,treatment_0027,treatment,treatment_0027,2,2,10,candidate,2,,,0.0,,2.0,0.003945834516034326,1.0000 0.0000
chipmean,sentinel1,treatment_0027,treatment,treatment_0027,2,2,10,candidate,2,,,0.0,,3.0,0.003945834516034326,1.0000 0.0000
chipmean,sentinel1,treatment_0027,treatment,treatment_0027,2,2,10,candidate,2,,,0.0,,4.0,0.003945834516034326,1.0000 0.0000
chipmean,sentinel1,treatment_0027,treatment,treatment_0027,2,2,10,candidate,2,,,0.0,,5.0,0.003945834516034326,1.0000 0.0000
chipmean,sentinel1,treatment_0027,treatment,treatment_0027,2,2,10,candidate,2,,,0.0,,6.0,0.003945834516034326,1.0000 0.0000
chipmean,sentinel1,treatment_0027,treatment,treatment_0027,2,2,10,candidate,2,,,0.0,,7.0,0.003945834516034326,1.0000 0.0000
chipmean,sentinel1,treatment_0015,treatment,treatment_0015,2,3,10,path,1,1.0,0.004195682563052657,inf,True,,,
chipmean,sentinel1,treatment_0015,treatment,treatment_0015,2,3,10,path,2,2.0,0.004195682563052657,0.0,False,,,
chipmean,sentinel1,treatment_0015,treatment,treatment_0015,2,3,10,candidate,1,,,,,1.0,0.004195682563052657,1.0000
chipmean,sentinel1,treatment_0015,treatment,treatment_0015,2,3,10,candidate,1,,,,,2.0,0.009240845254308407,1.0000
chipmean,sentinel1,treatment_0015,treatment,treatment_0015,2,3,10,candidate,1,,,,,3.0,0.0160987163697529,1.0000
chipmean,sentinel1,treatment_0015,treatment,treatment_0015,2,3,10,candidate,1,,,,,4.0,0.02467916109010631,1.0000
chipmean,sentinel1,treatment_0015,treatment,treatment_0015,2,3,10,candidate,1,,,,,5.0,0.03491197707796543,1.0000
chipmean,sentinel1,treatment_0015,treatment,treatment_0015,2,3,10,candidate,1,,,,,6.0,0.04674780471640763,1.0000
chipmean,sentinel1,treatment_0015,treatment,treatment_0015,2,3,10,candidate,2,,,0.0,,2.0,0.004195682563052657,1.0000 0.0000
chipmean,sentinel1,treatment_0015,treatment,treatment_0015,2,3,10,candidate,2,,,0.0,,3.0,0.004195682563052657,1.0000 0.0000
chipmean,sentinel1,treatment_0015,treatment,treatment_0015,2,3,10,candidate,2,,,0.0,,4.0,0.004195682563052657,1.0000 0.0000
chipmean,sentinel1,treatment_0015,treatment,treatment_0015,2,3,10,candidate,2,,,0.0,,5.0,0.004195682563052657,1.0000 0.0000
chipmean,sentinel1,treatment_0015,treatment,treatment_0015,2,3,10,candidate,2,,,0.0,,6.0,0.004195682563052657,1.0000 0.0000
chipmean,sentinel1,treatment_0016,treatment,treatment_0016,2,3,10,path,1,1.0,0.005398543081687751,inf,True,,,
chipmean,sentinel1,treatment_0016,treatment,treatment_0016,2,3,10,path,2,2.0,0.005398543081687751,0.0,False,,,
chipmean,sentinel1,treatment_0016,treatment,treatment_0016,2,3,10,candidate,1,,,,,1.0,0.005398543081687751,1.0000
chipmean,sentinel1,treatment_0016,treatment,treatment_0016,2,3,10,candidate,1,,,,,2.0,0.011448551803848319,1.0000
chipmean,sentinel1,treatment_0016,treatment,treatment_0016,2,3,10,candidate,1,,,,,3.0,0.019226402832493772,1.0000
chipmean,sentinel1,treatment_0016,treatment,treatment_0016,2,3,10,candidate,1,,,,,4.0,0.028465220450391193,1.0000
chipmean,sentinel1,treatment_0016,treatment,treatment_0016,2,3,10,candidate,1,,,,,5.0,0.03899933401996255,1.0000
chipmean,sentinel1,treatment_0016,treatment,treatment_0016,2,3,10,candidate,1,,,,,6.0,0.05077972411750975,1.0000
chipmean,sentinel1,treatment_0016,treatment,treatment_0016,2,3,10,candidate,2,,,0.0,,2.0,0.005398543081687751,1.0000 0.0000
chipmean,sentinel1,treatment_0016,treatment,treatment_0016,2,3,10,candidate,2,,,0.0,,3.0,0.005398543081687751,1.0000 0.0000
chipmean,sentinel1,treatment_0016,treatment,treatment_0016,2,3,10,candidate,2,,,0.0,,4.0,0.005398543081687751,1.0000 0.0000
chipmean,sentinel1,treatment_0016,treatment,treatment_0016,2,3,10,candidate,2,,,0.0,,5.0,0.005398543081687751,1.0000 0.0000
chipmean,sentinel1,treatment_0016,treatment,treatment_0016,2,3,10,candidate,2,,,0.0,,6.0,0.005398543081687751,1.0000 0.0000
chipmean,sentinel1,treatment_0017,treatment,treatment_0017,2,3,10,path,1,1.0,0.004249416119202094,inf,True,,,
chipmean,sentinel1,treatment_0017,treatment,treatment_0017,2,3,10,path,2,2.0,0.004249416119202094,0.0,False,,,
chipmean,sentinel1,treatment_0017,treatment,treatment_0017,2,3,10,candidate,1,,,,,1.0,0.004249416119202094,1.0000
chipmean,sentinel1,treatment_0017,treatment,treatment_0017,2,3,10,candidate,1,,,,,2.0,0.009217757343058264,1.0000
chipmean,sentinel1,treatment_0017,treatment,treatment_0017,2,3,10,candidate,1,,,,,3.0,0.015819512532621257,1.0000
chipmean,sentinel1,treatment_0017,treatment,treatment_0017,2,3,10,candidate,1,,,,,4.0,0.023900626236902783,1.0000
chipmean,sentinel1,treatment_0017,treatment,treatment_0017,2,3,10,candidate,1,,,,,5.0,0.03334462693579225,1.0000
chipmean,sentinel1,treatment_0017,treatment,treatment_0017,2,3,10,candidate,1,,,,,6.0,0.044076555455674564,1.0000
chipmean,sentinel1,treatment_0017,treatment,treatment_0017,2,3,10,candidate,2,,,0.0,,2.0,0.004249416119202094,1.0000 0.0000
chipmean,sentinel1,treatment_0017,treatment,treatment_0017,2,3,10,candidate,2,,,0.0,,3.0,0.004249416119202094,1.0000 0.0000
chipmean,sentinel1,treatment_0017,treatment,treatment_0017,2,3,10,candidate,2,,,0.0,,4.0,0.004249416119202094,1.0000 0.0000
chipmean,sentinel1,treatment_0017,treatment,treatment_0017,2,3,10,candidate,2,,,0.0,,5.0,0.004249416119202094,1.0000 0.0000
chipmean,sentinel1,treatment_0017,treatment,treatment_0017,2,3,10,candidate,2,,,0.0,,6.0,0.004249416119202094,1.0000 0.0000
chipmean,sentinel1,treatment_0018,treatment,treatment_0018,2,3,10,path,1,1.0,0.004063527646311664,inf,True,,,
chipmean,sentinel1,treatment_0018,treatment,treatment_0018,2,3,10,path,2,2.0,0.004063527646311664,0.0,False,,,
chipmean,sentinel1,treatment_0018,treatment,treatment_0018,2,3,10,candidate,1,,,,,1.0,0.004063527646311664,1.0000
chipmean,sentinel1,treatment_0018,treatment,treatment_0018,2,3,10,candidate,1,,,,,2.0,0.008947195177485089,1.0000
chipmean,sentinel1,treatment_0018,treatment,treatment_0018,2,3,10,candidate,1,,,,,3.0,0.015573571787505147,1.0000
chipmean,sentinel1,treatment_0018,treatment,treatment_0018,2,3,10,candidate,1,,,,,4.0,0.023838843231938894,1.0000
chipmean,sentinel1,treatment_0018,treatment,treatment_0018,2,3,10,candidate,1,,,,,5.0,0.033652082206921285,1.0000
chipmean,sentinel1,treatment_0018,treatment,treatment_0018,2,3,10,candidate,1,,,,,6.0,0.04493610703776909,1.0000
chipmean,sentinel1,treatment_0018,treatment,treatment_0018,2,3,10,candidate,2,,,0.0,,2.0,0.004063527646311664,1.0000 0.0000
chipmean,sentinel1,treatment_0018,treatment,treatment_0018,2,3,10,candidate,2,,,0.0,,3.0,0.004063527646311664,1.0000 0.0000
chipmean,sentinel1,treatment_0018,treatment,treatment_0018,2,3,10,candidate,2,,,0.0,,4.0,0.004063527646311664,1.0000 0.0000
chipmean,sentinel1,treatment_0018,treatment,treatment_0018,2,3,10,candidate,2,,,0.0,,5.0,0.004063527646311664,1.0000 0.0000
chipmean,sentinel1,treatment_0018,treatment,treatment_0018,2,3,10,candidate,2,,,0.0,,6.0,0.004063527646311664,1.0000 0.0000
chipmean,sentinel1,treatment_0019,treatment,treatment_0019,2,3,10,path,1,1.0,0.003952258167486962,inf,True,,,
chipmean,sentinel1,treatment_0019,treatment,treatment_0019,2,3,10,path,2,2.0,0.003952258167486962,0.0,False,,,
chipmean,sentinel1,treatment_0019,treatment,treatment_0019,2,3,10,candidate,1,,,,,1.0,0.003952258167486962,1.0000
chipmean,sentinel1,treatment_0019,treatment,treatment_0019,2,3,10,candidate,1,,,,,2.0,0.008667827095305638,1.0000
chipmean,sentinel1,treatment_0019,treatment,treatment_0019,2,3,10,candidate,1,,,,,3.0,0.015029185813154192,1.0000
chipmean,sentinel1,treatment_0019,treatment,treatment_0019,2,3,10,candidate,1,,,,,4.0,0.022919474466539403,1.0000
chipmean,sentinel1,treatment_0019,treatment,treatment_0019,2,3,10,candidate,1,,,,,5.0,0.03223730383491021,1.0000
chipmean,sentinel1,treatment_0019,treatment,treatment_0019,2,3,10,candidate,1,,,,,6.0,0.042897530830159354,1.0000
chipmean,sentinel1,treatment_0019,treatment,treatment_0019,2,3,10,candidate,2,,,0.0,,2.0,0.003952258167486962,1.0000 0.0000
chipmean,sentinel1,treatment_0019,treatment,treatment_0019,2,3,10,candidate,2,,,0.0,,3.0,0.003952258167486962,1.0000 0.0000
chipmean,sentinel1,treatment_0019,treatment,treatment_0019,2,3,10,candidate,2,,,0.0,,4.0,0.003952258167486962,1.0000 0.0000
chipmean,sentinel1,treatment_0019,treatment,treatment_0019,2,3,10,candidate,2,,,0.0,,5.0,0.003952258167486962,1.0000 0.0000
chipmean,sentinel1,treatment_0019,treatment,treatment_0019,2,3,10,candidate,2,,,0.0,,6.0,0.003952258167486962,1.0000 0.0000
chipmean,sentinel1,treatment_0020,treatment,treatment_0020,2,3,10,path,1,1.0,0.0045778638593294944,inf,True,,,
chipmean,sentinel1,treatment_0020,treatment,treatment_0020,2,3,10,path,2,2.0,0.0045778638593294944,0.0,False,,,
chipmean,sentinel1,treatment_0020,treatment,treatment_0020,2,3,10,candidate,1,,,,,1.0,0.0045778638593294944,1.0000
chipmean,sentinel1,treatment_0020,treatment,treatment_0020,2,3,10,candidate,1,,,,,2.0,0.00992567490455207,1.0000
chipmean,sentinel1,treatment_0020,treatment,treatment_0020,2,3,10,candidate,1,,,,,3.0,0.01702345676791673,1.0000
chipmean,sentinel1,treatment_0020,treatment,treatment_0020,2,3,10,candidate,1,,,,,4.0,0.02569670950379768,1.0000
chipmean,sentinel1,treatment_0020,treatment,treatment_0020,2,3,10,candidate,1,,,,,5.0,0.03580795613563101,1.0000
chipmean,sentinel1,treatment_0020,treatment,treatment_0020,2,3,10,candidate,1,,,,,6.0,0.04726086137667411,1.0000
chipmean,sentinel1,treatment_0020,treatment,treatment_0020,2,3,10,candidate,2,,,0.0,,2.0,0.0045778638593294944,1.0000 0.0000
chipmean,sentinel1,treatment_0020,treatment,treatment_0020,2,3,10,candidate,2,,,0.0,,3.0,0.0045778638593294944,1.0000 0.0000
chipmean,sentinel1,treatment_0020,treatment,treatment_0020,2,3,10,candidate,2,,,0.0,,4.0,0.0045778638593294944,1.0000 0.0000
chipmean,sentinel1,treatment_0020,treatment,treatment_0020,2,3,10,candidate,2,,,0.0,,5.0,0.0045778638593294944,1.0000 0.0000
chipmean,sentinel1,treatment_0020,treatment,treatment_0020,2,3,10,candidate,2,,,0.0,,6.0,0.0045778638593294944,1.0000 0.0000
chipmean,sentinel1,treatment_0021,treatment,treatment_0021,2,3,10,path,1,1.0,0.004217629259194483,inf,True,,,
chipmean,sentinel1,treatment_0021,treatment,treatment_0021,2,3,10,path,2,2.0,0.004217629259194483,0.0,False,,,
chipmean,sentinel1,treatment_0021,treatment,treatment_0021,2,3,10,candidate,1,,,,,1.0,0.004217629259194483,1.0000
chipmean,sentinel1,treatment_0021,treatment,treatment_0021,2,3,10,candidate,1,,,,,2.0,0.009151850234089652,1.0000
chipmean,sentinel1,treatment_0021,treatment,treatment_0021,2,3,10,candidate,1,,,,,3.0,0.015724000896351478,1.0000
chipmean,sentinel1,treatment_0021,treatment,treatment_0021,2,3,10,candidate,1,,,,,4.0,0.02380245896911147,1.0000
chipmean,sentinel1,treatment_0021,treatment,treatment_0021,2,3,10,candidate,1,,,,,5.0,0.033300508706679506,1.0000
chipmean,sentinel1,treatment_0021,treatment,treatment_0021,2,3,10,candidate,1,,,,,6.0,0.04418010406739068,1.0000
chipmean,sentinel1,treatment_0021,treatment,treatment_0021,2,3,10,candidate,2,,,0.0,,2.0,0.004217629259194483,1.0000 0.0000
chipmean,sentinel1,treatment_0021,treatment,treatment_0021,2,3,10,candidate,2,,,0.0,,3.0,0.004217629259194483,1.0000 0.0000
chipmean,sentinel1,treatment_0021,treatment,treatment_0021,2,3,10,candidate,2,,,0.0,,4.0,0.004217629259194483,1.0000 0.0000
chipmean,sentinel1,treatment_0021,treatment,treatment_0021,2,3,10,candidate,2,,,0.0,,5.0,0.004217629259194483,1.0000 0.0000
chipmean,sentinel1,treatment_0021,treatment,treatment_0021,2,3,10,candidate,2,,,0.0,,6.0,0.004217629259194483,1.0000 0.0000
chipmean,sentinel1,treatment_0022,treatment,treatment_0022,2,3,10,path,1,1.0,0.004277920226717897,inf,True,,,
chipmean,sentinel1,treatment_0022,treatment,treatment_0022,2,3,10,path,2,2.0,0.004277920226717897,0.0,False,,,
chipmean,sentinel1,treatment_0022,treatment,treatment_0022,2,3,10,candidate,1,,,,,1.0,0.004277920226717897,1.0000
chipmean,sentinel1,treatment_0022,treatment,treatment_0022,2,3,10,candidate,1,,,,,2.0,0.009230547858733356,1.0000
chipmean,sentinel1,treatment_0022,treatment,treatment_0022,2,3,10,candidate,1,,,,,3.0,0.0157674913498327,1.0000
chipmean,sentinel1,treatment_0022,treatment,treatment_0022,2,3,10,candidate,1,,,,,4.0,0.0237270045918638,1.0000
chipmean,sentinel1,treatment_0022,treatment,treatment_0022,2,3,10,candidate,1,,,,,5.0,0.032995116081183544,1.0000
chipmean,sentinel1,treatment_0022,treatment,treatment_0022,2,3,10,candidate,1,,,,,6.0,0.04350876807306328,1.0000
chipmean,sentinel1,treatment_0022,treatment,treatment_0022,2,3,10,candidate,2,,,0.0,,2.0,0.004277920226717897,1.0000 0.0000
chipmean,sentinel1,treatment_0022,treatment,treatment_0022,2,3,10,candidate,2,,,0.0,,3.0,0.004277920226717897,1.0000 0.0000
chipmean,sentinel1,treatment_0022,treatment,treatment_0022,2,3,10,candidate,2,,,0.0,,4.0,0.004277920226717897,1.0000 0.0000
chipmean,sentinel1,treatment_0022,treatment,treatment_0022,2,3,10,candidate,2,,,0.0,,5.0,0.004277920226717897,1.0000 0.0000
chipmean,sentinel1,treatment_0022,treatment,treatment_0022,2,3,10,candidate,2,,,0.0,,6.0,0.004277920226717897,1.0000 0.0000
chipmean,sentinel1,treatment_0023,treatment,treatment_0023,2,3,10,path,1,1.0,0.0036939220251052726,inf,True,,,
chipmean,sentinel1,treatment_0023,treatment,treatment_0023,2,3,10,path,2,2.0,0.0036939220251052726,0.0,False,,,
chipmean,sentinel1,treatment_0023,treatment,treatment_0023,2,3,10,candidate,1,,,,,1.0,0.0036939220251052726,1.0000
chipmean,sentinel1,treatment_0023,treatment,treatment_0023,2,3,10,candidate,1,,,,,2.0,0.008289406679366944,1.0000
chipmean,sentinel1,treatment_0023,treatment,treatment_0023,2,3,10,candidate,1,,,,,3.0,0.01469800978173104,1.0000
chipmean,sentinel1,treatment_0023,treatment,treatment_0023,2,3,10,candidate,1,,,,,4.0,0.022905548123642042,1.0000
chipmean,sentinel1,treatment_0023,treatment,treatment_0023,2,3,10,candidate,1,,,,,5.0,0.03289803393192879,1.0000
chipmean,sentinel1,treatment_0023,treatment,treatment_0023,2,3,10,candidate,1,,,,,6.0,0.04466167802614602,1.0000
chipmean,sentinel1,treatment_0023,treatment,treatment_0023,2,3,10,candidate,2,,,0.0,,2.0,0.0036939220251052726,1.0000 0.0000
chipmean,sentinel1,treatment_0023,treatment,treatment_0023,2,3,10,candidate,2,,,0.0,,3.0,0.0036939220251052726,1.0000 0.0000
chipmean,sentinel1,treatment_0023,treatment,treatment_0023,2,3,10,candidate,2,,,0.0,,4.0,0.0036939220251052726,1.0000 0.0000
chipmean,sentinel1,treatment_0023,treatment,treatment_0023,2,3,10,candidate,2,,,0.0,,5.0,0.0036939220251052726,1.0000 0.0000
chipmean,sentinel1,treatment_0023,treatment,treatment_0023,2,3,10,candidate,2,,,0.0,,6.0,0.0036939220251052726,1.0000 0.0000
chipmean,sentinel1,treatment_0024,treatment,treatment_0024,2,3,10,path,1,1.0,0.004157124281069254,inf,True,,,
chipmean,sentinel1,treatment_0024,treatment,treatment_0024,2,3,10,path,2,2.0,0.004157124281069254,0.0,False,,,
chipmean,sentinel1,treatment_0024,treatment,treatment_0024,2,3,10,candidate,1,,,,,1.0,0.004157124281069254,1.0000
chipmean,sentinel1,treatment_0024,treatment,treatment_0024,2,3,10,candidate,1,,,,,2.0,0.00923213129497731,1.0000
chipmean,sentinel1,treatment_0024,treatment,treatment_0024,2,3,10,candidate,1,,,,,3.0,0.016204099928552318,1.0000
chipmean,sentinel1,treatment_0024,treatment,treatment_0024,2,3,10,candidate,1,,,,,4.0,0.025004488687118694,1.0000
chipmean,sentinel1,treatment_0024,treatment,treatment_0024,2,3,10,candidate,1,,,,,5.0,0.03557052412320193,1.0000
chipmean,sentinel1,treatment_0024,treatment,treatment_0024,2,3,10,candidate,1,,,,,6.0,0.04784540336270413,1.0000
chipmean,sentinel1,treatment_0024,treatment,treatment_0024,2,3,10,candidate,2,,,0.0,,2.0,0.004157124281069254,1.0000 0.0000
chipmean,sentinel1,treatment_0024,treatment,treatment_0024,2,3,10,candidate,2,,,0.0,,3.0,0.004157124281069254,1.0000 0.0000
chipmean,sentinel1,treatment_0024,treatment,treatment_0024,2,3,10,candidate,2,,,0.0,,4.0,0.004157124281069254,1.0000 0.0000
chipmean,sentinel1,treatment_0024,treatment,treatment_0024,2,3,10,candidate,2,,,0.0,,5.0,0.004157124281069254,1.0000 0.0000
chipmean,sentinel1,treatment_0024,treatment,treatment_0024,2,3,10,candidate,2,,,0.0,,6.0,0.004157124281069254,1.0000 0.0000
chipmean,sentinel1,treatment_0025,treatment,treatment_0025,2,3,10,path,1,1.0,0.003685062662768398,inf,True,,,
chipmean,sentinel1,treatment_0025,treatment,treatment_0025,2,3,10,path,2,2.0,0.003685062662768398,0.0,False,,,
chipmean,sentinel1,treatment_0025,treatment,treatment_0025,2,3,10,candidate,1,,,,,1.0,0.003685062662768398,1.0000
chipmean,sentinel1,treatment_0025,treatment,treatment_0025,2,3,10,candidate,1,,,,,2.0,0.008185788616657665,1.0000
chipmean,sentinel1,treatment_0025,treatment,treatment_0025,2,3,10,candidate,1,,,,,3.0,0.014372380093560216,1.0000
chipmean,sentinel1,treatment_0025,treatment,treatment_0025,2,3,10,candidate,1,,,,,4.0,0.022187377602225663,1.0000
chipmean,sentinel1,treatment_0025,treatment,treatment_0025,2,3,10,candidate,1,,,,,5.0,0.03157925763218896,1.0000
chipmean,sentinel1,treatment_0025,treatment,treatment_0025,2,3,10,candidate,1,,,,,6.0,0.0425025929983726,1.0000
chipmean,sentinel1,treatment_0025,treatment,treatment_0025,2,3,10,candidate,2,,,0.0,,2.0,0.003685062662768398,1.0000 0.0000
chipmean,sentinel1,treatment_0025,treatment,treatment_0025,2,3,10,candidate,2,,,0.0,,3.0,0.003685062662768398,1.0000 0.0000
chipmean,sentinel1,treatment_0025,treatment,treatment_0025,2,3,10,candidate,2,,,0.0,,4.0,0.003685062662768398,1.0000 0.0000
chipmean,sentinel1,treatment_0025,treatment,treatment_0025,2,3,10,candidate,2,,,0.0,,5.0,0.003685062662768398,1.0000 0.0000
chipmean,sentinel1,treatment_0025,treatment,treatment_0025,2,3,10,candidate,2,,,0.0,,6.0,0.003685062662768398,1.0000 0.0000
chipmean,sentinel1,treatment_0027,treatment,treatment_0027,2,3,10,path,1,1.0,0.003690652976094005,inf,True,,,
chipmean,sentinel1,treatment_0027,treatment,treatment_0027,2,3,10,path,2,2.0,0.003690652976094005,0.0,False,,,
chipmean,sentinel1,treatment_0027,treatment,treatment_0027,2,3,10,candidate,1,,,,,1.0,0.003690652976094005,1.0000
chipmean,sentinel1,treatment_0027,treatment,treatment_0027,2,3,10,candidate,1,,,,,2.0,0.007728414154477523,1.0000
chipmean,sentinel1,treatment_0027,treatment,treatment_0027,2,3,10,candidate,1,,,,,3.0,0.012814269384682808,1.0000
chipmean,sentinel1,treatment_0027,treatment,treatment_0027,2,3,10,candidate,1,,,,,4.0,0.018730163703921384,1.0000
chipmean,sentinel1,treatment_0027,treatment,treatment_0027,2,3,10,candidate,1,,,,,5.0,0.02533579596737567,1.0000
chipmean,sentinel1,treatment_0027,treatment,treatment_0027,2,3,10,candidate,1,,,,,6.0,0.03257616432708544,1.0000
chipmean,sentinel1,treatment_0027,treatment,treatment_0027,2,3,10,candidate,2,,,0.0,,2.0,0.003690652976094005,1.0000 0.0000
chipmean,sentinel1,treatment_0027,treatment,treatment_0027,2,3,10,candidate,2,,,0.0,,3.0,0.003690652976094005,1.0000 0.0000
chipmean,sentinel1,treatment_0027,treatment,treatment_0027,2,3,10,candidate,2,,,0.0,,4.0,0.003690652976094005,1.0000 0.0000
chipmean,sentinel1,treatment_0027,treatment,treatment_0027,2,3,10,candidate,2,,,0.0,,5.0,0.003690652976094005,1.0000 0.0000
chipmean,sentinel1,treatment_0027,treatment,treatment_0027,2,3,10,candidate,2,,,0.0,,6.0,0.003690652976094005,1.0000 0.0000
chipmean,sentinel1,treatment_0015,treatment,treatment_0015,2,4,10,path,1,1.0,0.004115342894387952,inf,True,,,
chipmean,sentinel1,treatment_0015,treatment,treatment_0015,2,4,10,path,2,2.0,0.004115342894387952,0.0,False,,,
chipmean,sentinel1,treatment_0015,treatment,treatment_0015,2,4,10,candidate,1,,,,,1.0,0.004115342894387952,1.0000
chipmean,sentinel1,treatment_0015,treatment,treatment_0015,2,4,10,candidate,1,,,,,2.0,0.00907486528904668,1.0000
chipmean,sentinel1,treatment_0015,treatment,treatment_0015,2,4,10,candidate,1,,,,,3.0,0.01583020407619076,1.0000
chipmean,sentinel1,treatment_0015,treatment,treatment_0015,2,4,10,candidate,1,,,,,4.0,0.024301709856807935,1.0000
chipmean,sentinel1,treatment_0015,treatment,treatment_0015,2,4,10,candidate,1,,,,,5.0,0.034430153820707,1.0000
chipmean,sentinel1,treatment_0015,treatment,treatment_0015,2,4,10,candidate,2,,,0.0,,2.0,0.004115342894387952,1.0000 0.0000
chipmean,sentinel1,treatment_0015,treatment,treatment_0015,2,4,10,candidate,2,,,0.0,,3.0,0.004115342894387952,1.0000 0.0000
chipmean,sentinel1,treatment_0015,treatment,treatment_0015,2,4,10,candidate,2,,,0.0,,4.0,0.004115342894387952,1.0000 0.0000
chipmean,sentinel1,treatment_0015,treatment,treatment_0015,2,4,10,candidate,2,,,0.0,,5.0,0.004115342894387952,1.0000 0.0000
chipmean,sentinel1,treatment_0016,treatment,treatment_0016,2,4,10,path,1,1.0,0.0051388526655851835,inf,True,,,
chipmean,sentinel1,treatment_0016,treatment,treatment_0016,2,4,10,path,2,2.0,0.0051388526655851835,0.0,False,,,
chipmean,sentinel1,treatment_0016,treatment,treatment_0016,2,4,10,candidate,1,,,,,1.0,0.0051388526655851835,1.0000
chipmean,sentinel1,treatment_0016,treatment,treatment_0016,2,4,10,candidate,1,,,,,2.0,0.010938345813511736,1.0000
chipmean,sentinel1,treatment_0016,treatment,treatment_0016,2,4,10,candidate,1,,,,,3.0,0.018453954967104263,1.0000
chipmean,sentinel1,treatment_0016,treatment,treatment_0016,2,4,10,candidate,1,,,,,4.0,0.027476260896929963,1.0000
chipmean,sentinel1,treatment_0016,treatment,treatment_0016,2,4,10,candidate,1,,,,,5.0,0.03790492362691725,1.0000
chipmean,sentinel1,treatment_0016,treatment,treatment_0016,2,4,10,candidate,2,,,0.0,,2.0,0.0051388526655851835,1.0000 0.0000
chipmean,sentinel1,treatment_0016,treatment,treatment_0016,2,4,10,candidate,2,,,0.0,,3.0,0.0051388526655851835,1.0000 0.0000
chipmean,sentinel1,treatment_0016,treatment,treatment_0016,2,4,10,candidate,2,,,0.0,,4.0,0.0051388526655851835,1.0000 0.0000
chipmean,sentinel1,treatment_0016,treatment,treatment_0016,2,4,10,candidate,2,,,0.0,,5.0,0.0051388526655851835,1.0000 0.0000
chipmean,sentinel1,treatment_0017,treatment,treatment_0017,2,4,10,path,1,1.0,0.0041137869858812945,inf,True,,,
chipmean,sentinel1,treatment_0017,treatment,treatment_0017,2,4,10,path,2,2.0,0.0041137869858812945,0.0,False,,,
chipmean,sentinel1,treatment_0017,treatment,treatment_0017,2,4,10,candidate,1,,,,,1.0,0.0041137869858812945,1.0000
chipmean,sentinel1,treatment_0017,treatment,treatment_0017,2,4,10,candidate,1,,,,,2.0,0.008939769323903658,1.0000
chipmean,sentinel1,treatment_0017,treatment,treatment_0017,2,4,10,candidate,1,,,,,3.0,0.015374956321799107,1.0000
chipmean,sentinel1,treatment_0017,treatment,treatment_0017,2,4,10,candidate,1,,,,,4.0,0.023286213802958068,1.0000
chipmean,sentinel1,treatment_0017,treatment,treatment_0017,2,4,10,candidate,1,,,,,5.0,0.03257998831453118,1.0000
chipmean,sentinel1,treatment_0017,treatment,treatment_0017,2,4,10,candidate,2,,,0.0,,2.0,0.0041137869858812945,1.0000 0.0000
chipmean,sentinel1,treatment_0017,treatment,treatment_0017,2,4,10,candidate,2,,,0.0,,3.0,0.0041137869858812945,1.0000 0.0000
chipmean,sentinel1,treatment_0017,treatment,treatment_0017,2,4,10,candidate,2,,,0.0,,4.0,0.0041137869858812945,1.0000 0.0000
chipmean,sentinel1,treatment_0017,treatment,treatment_0017,2,4,10,candidate,2,,,0.0,,5.0,0.0041137869858812945,1.0000 0.0000
chipmean,sentinel1,treatment_0018,treatment,treatment_0018,2,4,10,path,1,1.0,0.003982801655064917,inf,True,,,
chipmean,sentinel1,treatment_0018,treatment,treatment_0018,2,4,10,path,2,2.0,0.003982801655064917,0.0,False,,,
chipmean,sentinel1,treatment_0018,treatment,treatment_0018,2,4,10,candidate,1,,,,,1.0,0.003982801655064917,1.0000
chipmean,sentinel1,treatment_0018,treatment,treatment_0018,2,4,10,candidate,1,,,,,2.0,0.008775423924082293,1.0000
chipmean,sentinel1,treatment_0018,treatment,treatment_0018,2,4,10,candidate,1,,,,,3.0,0.015286072239853368,1.0000
chipmean,sentinel1,treatment_0018,treatment,treatment_0018,2,4,10,candidate,1,,,,,4.0,0.02341817899171494,1.0000
chipmean,sentinel1,treatment_0018,treatment,treatment_0018,2,4,10,candidate,1,,,,,5.0,0.033088496074204395,1.0000
chipmean,sentinel1,treatment_0018,treatment,treatment_0018,2,4,10,candidate,2,,,0.0,,2.0,0.003982801655064917,1.0000 0.0000
chipmean,sentinel1,treatment_0018,treatment,treatment_0018,2,4,10,candidate,2,,,0.0,,3.0,0.003982801655064917,1.0000 0.0000
chipmean,sentinel1,treatment_0018,treatment,treatment_0018,2,4,10,candidate,2,,,0.0,,4.0,0.003982801655064917,1.0000 0.0000
chipmean,sentinel1,treatment_0018,treatment,treatment_0018,2,4,10,candidate,2,,,0.0,,5.0,0.003982801655064917,1.0000 0.0000
chipmean,sentinel1,treatment_0019,treatment,treatment_0019,2,4,10,path,1,1.0,0.0038593910683732274,inf,True,,,
chipmean,sentinel1,treatment_0019,treatment,treatment_0019,2,4,10,path,2,2.0,0.0038593910683732274,0.0,False,,,
chipmean,sentinel1,treatment_0019,treatment,treatment_0019,2,4,10,candidate,1,,,,,1.0,0.0038593910683732274,1.0000
chipmean,sentinel1,treatment_0019,treatment,treatment_0019,2,4,10,candidate,1,,,,,2.0,0.008470628017616612,1.0000
chipmean,sentinel1,treatment_0019,treatment,treatment_0019,2,4,10,candidate,1,,,,,3.0,0.014699750765570976,1.0000
chipmean,sentinel1,treatment_0019,treatment,treatment_0019,2,4,10,candidate,1,,,,,4.0,0.02243827415507309,1.0000
chipmean,sentinel1,treatment_0019,treatment,treatment_0019,2,4,10,candidate,1,,,,,5.0,0.031593584093674125,1.0000
chipmean,sentinel1,treatment_0019,treatment,treatment_0019,2,4,10,candidate,2,,,0.0,,2.0,0.0038593910683732274,1.0000 0.0000
chipmean,sentinel1,treatment_0019,treatment,treatment_0019,2,4,10,candidate,2,,,0.0,,3.0,0.0038593910683732274,1.0000 0.0000
chipmean,sentinel1,treatment_0019,treatment,treatment_0019,2,4,10,candidate,2,,,0.0,,4.0,0.0038593910683732274,1.0000 0.0000
chipmean,sentinel1,treatment_0019,treatment,treatment_0019,2,4,10,candidate,2,,,0.0,,5.0,0.0038593910683732274,1.0000 0.0000
chipmean,sentinel1,treatment_0020,treatment,treatment_0020,2,4,10,path,1,1.0,0.004429088493333882,inf,True,,,
chipmean,sentinel1,treatment_0020,treatment,treatment_0020,2,4,10,path,2,2.0,0.004429088493333882,0.0,False,,,
chipmean,sentinel1,treatment_0020,treatment,treatment_0020,2,4,10,candidate,1,,,,,1.0,0.004429088493333882,1.0000
chipmean,sentinel1,treatment_0020,treatment,treatment_0020,2,4,10,candidate,1,,,,,2.0,0.009618500932963975,1.0000
chipmean,sentinel1,treatment_0020,treatment,treatment_0020,2,4,10,candidate,1,,,,,3.0,0.01652733562255935,1.0000
chipmean,sentinel1,treatment_0020,treatment,treatment_0020,2,4,10,candidate,1,,,,,4.0,0.025001899759344262,1.0000
chipmean,sentinel1,treatment_0020,treatment,treatment_0020,2,4,10,candidate,1,,,,,5.0,0.03492771050647727,1.0000
chipmean,sentinel1,treatment_0020,treatment,treatment_0020,2,4,10,candidate,2,,,0.0,,2.0,0.004429088493333882,1.0000 0.0000
chipmean,sentinel1,treatment_0020,treatment,treatment_0020,2,4,10,candidate,2,,,0.0,,3.0,0.004429088493333882,1.0000 0.0000
chipmean,sentinel1,treatment_0020,treatment,treatment_0020,2,4,10,candidate,2,,,0.0,,4.0,0.004429088493333882,1.0000 0.0000
chipmean,sentinel1,treatment_0020,treatment,treatment_0020,2,4,10,candidate,2,,,0.0,,5.0,0.004429088493333882,1.0000 0.0000
chipmean,sentinel1,treatment_0021,treatment,treatment_0021,2,4,10,path,1,1.0,0.004086567634743083,inf,True,,,
chipmean,sentinel1,treatment_0021,treatment,treatment_0021,2,4,10,path,2,2.0,0.004086567634743083,0.0,False,,,
chipmean,sentinel1,treatment_0021,treatment,treatment_0021,2,4,10,candidate,1,,,,,1.0,0.004086567634743083,1.0000
chipmean,sentinel1,treatment_0021,treatment,treatment_0021,2,4,10,candidate,1,,,,,2.0,0.008889594770815757,1.0000
chipmean,sentinel1,treatment_0021,treatment,treatment_0021,2,4,10,candidate,1,,,,,3.0,0.015316648008649798,1.0000
chipmean,sentinel1,treatment_0021,treatment,treatment_0021,2,4,10,candidate,1,,,,,4.0,0.02326006649527223,1.0000
chipmean,sentinel1,treatment_0021,treatment,treatment_0021,2,4,10,candidate,1,,,,,5.0,0.03265908117273031,1.0000
chipmean,sentinel1,treatment_0021,treatment,treatment_0021,2,4,10,candidate,2,,,0.0,,2.0,0.004086567634743083,1.0000 0.0000
chipmean,sentinel1,treatment_0021,treatment,treatment_0021,2,4,10,candidate,2,,,0.0,,3.0,0.004086567634743083,1.0000 0.0000
chipmean,sentinel1,treatment_0021,treatment,treatment_0021,2,4,10,candidate,2,,,0.0,,4.0,0.004086567634743083,1.0000 0.0000
chipmean,sentinel1,treatment_0021,treatment,treatment_0021,2,4,10,candidate,2,,,0.0,,5.0,0.004086567634743083,1.0000 0.0000
chipmean,sentinel1,treatment_0022,treatment,treatment_0022,2,4,10,path,1,1.0,0.004121658513856967,inf,True,,,
chipmean,sentinel1,treatment_0022,treatment,treatment_0022,2,4,10,path,2,2.0,0.004121658513856967,0.0,False,,,
chipmean,sentinel1,treatment_0022,treatment,treatment_0022,2,4,10,candidate,1,,,,,1.0,0.004121658513856967,1.0000
chipmean,sentinel1,treatment_0022,treatment,treatment_0022,2,4,10,candidate,1,,,,,2.0,0.00891340020754349,1.0000
chipmean,sentinel1,treatment_0022,treatment,treatment_0022,2,4,10,candidate,1,,,,,3.0,0.015265520114150404,1.0000
chipmean,sentinel1,treatment_0022,treatment,treatment_0022,2,4,10,candidate,1,,,,,4.0,0.023040916426687826,1.0000
chipmean,sentinel1,treatment_0022,treatment,treatment_0022,2,4,10,candidate,1,,,,,5.0,0.03215186782392686,1.0000
chipmean,sentinel1,treatment_0022,treatment,treatment_0022,2,4,10,candidate,2,,,0.0,,2.0,0.004121658513856967,1.0000 0.0000
chipmean,sentinel1,treatment_0022,treatment,treatment_0022,2,4,10,candidate,2,,,0.0,,3.0,0.004121658513856967,1.0000 0.0000
chipmean,sentinel1,treatment_0022,treatment,treatment_0022,2,4,10,candidate,2,,,0.0,,4.0,0.004121658513856967,1.0000 0.0000
chipmean,sentinel1,treatment_0022,treatment,treatment_0022,2,4,10,candidate,2,,,0.0,,5.0,0.004121658513856967,1.0000 0.0000
chipmean,sentinel1,treatment_0023,treatment,treatment_0023,2,4,10,path,1,1.0,0.0036843162725208184,inf,True,,,
chipmean,sentinel1,treatment_0023,treatment,treatment_0023,2,4,10,path,2,2.0,0.0036843162725208184,0.0,False,,,
chipmean,sentinel1,treatment_0023,treatment,treatment_0023,2,4,10,candidate,1,,,,,1.0,0.0036843162725208184,1.0000
chipmean,sentinel1,treatment_0023,treatment,treatment_0023,2,4,10,candidate,1,,,,,2.0,0.008267974200094348,1.0000
chipmean,sentinel1,treatment_0023,treatment,treatment_0023,2,4,10,candidate,1,,,,,3.0,0.01466023019313658,1.0000
chipmean,sentinel1,treatment_0023,treatment,treatment_0023,2,4,10,candidate,1,,,,,4.0,0.022847024421262668,1.0000
chipmean,sentinel1,treatment_0023,treatment,treatment_0023,2,4,10,candidate,1,,,,,5.0,0.03281449395725348,1.0000
chipmean,sentinel1,treatment_0023,treatment,treatment_0023,2,4,10,candidate,2,,,0.0,,2.0,0.0036843162725208184,1.0000 0.0000
chipmean,sentinel1,treatment_0023,treatment,treatment_0023,2,4,10,candidate,2,,,0.0,,3.0,0.0036843162725208184,1.0000 0.0000
chipmean,sentinel1,treatment_0023,treatment,treatment_0023,2,4,10,candidate,2,,,0.0,,4.0,0.0036843162725208184,1.0000 0.0000
chipmean,sentinel1,treatment_0023,treatment,treatment_0023,2,4,10,candidate,2,,,0.0,,5.0,0.0036843162725208184,1.0000 0.0000
chipmean,sentinel1,treatment_0024,treatment,treatment_0024,2,4,10,path,1,1.0,0.004106000844587687,inf,True,,,
chipmean,sentinel1,treatment_0024,treatment,treatment_0024,2,4,10,path,2,2.0,0.004106000844587687,0.0,False,,,
chipmean,sentinel1,treatment_0024,treatment,treatment_0024,2,4,10,candidate,1,,,,,1.0,0.004106000844587687,1.0000
chipmean,sentinel1,treatment_0024,treatment,treatment_0024,2,4,10,candidate,1,,,,,2.0,0.009121643678811447,1.0000
chipmean,sentinel1,treatment_0024,treatment,treatment_0024,2,4,10,candidate,1,,,,,3.0,0.01601583565740119,1.0000
chipmean,sentinel1,treatment_0024,treatment,treatment_0024,2,4,10,candidate,1,,,,,4.0,0.024723227628976798,1.0000
chipmean,sentinel1,treatment_0024,treatment,treatment_0024,2,4,10,candidate,1,,,,,5.0,0.03518433737286506,1.0000
chipmean,sentinel1,treatment_0024,treatment,treatment_0024,2,4,10,candidate,2,,,0.0,,2.0,0.004106000844587687,1.0000 0.0000
chipmean,sentinel1,treatment_0024,treatment,treatment_0024,2,4,10,candidate,2,,,0.0,,3.0,0.004106000844587687,1.0000 0.0000
chipmean,sentinel1,treatment_0024,treatment,treatment_0024,2,4,10,candidate,2,,,0.0,,4.0,0.004106000844587687,1.0000 0.0000
chipmean,sentinel1,treatment_0024,treatment,treatment_0024,2,4,10,candidate,2,,,0.0,,5.0,0.004106000844587687,1.0000 0.0000
chipmean,sentinel1,treatment_0025,treatment,treatment_0025,2,4,10,path,1,1.0,0.003640852678709561,inf,True,,,
chipmean,sentinel1,treatment_0025,treatment,treatment_0025,2,4,10,path,2,2.0,0.003640852678709561,0.0,False,,,
chipmean,sentinel1,treatment_0025,treatment,treatment_0025,2,4,10,candidate,1,,,,,1.0,0.003640852678709561,1.0000
chipmean,sentinel1,treatment_0025,treatment,treatment_0025,2,4,10,candidate,1,,,,,2.0,0.008090920040626576,1.0000
chipmean,sentinel1,treatment_0025,treatment,treatment_0025,2,4,10,candidate,1,,,,,3.0,0.014211968924317921,1.0000
chipmean,sentinel1,treatment_0025,treatment,treatment_0025,2,4,10,candidate,1,,,,,4.0,0.02194973025730149,1.0000
chipmean,sentinel1,treatment_0025,treatment,treatment_0025,2,4,10,candidate,1,,,,,5.0,0.03125595261154406,1.0000
chipmean,sentinel1,treatment_0025,treatment,treatment_0025,2,4,10,candidate,2,,,0.0,,2.0,0.003640852678709561,1.0000 0.0000
chipmean,sentinel1,treatment_0025,treatment,treatment_0025,2,4,10,candidate,2,,,0.0,,3.0,0.003640852678709561,1.0000 0.0000
chipmean,sentinel1,treatment_0025,treatment,treatment_0025,2,4,10,candidate,2,,,0.0,,4.0,0.003640852678709561,1.0000 0.0000
chipmean,sentinel1,treatment_0025,treatment,treatment_0025,2,4,10,candidate,2,,,0.0,,5.0,0.003640852678709561,1.0000 0.0000
chipmean,sentinel1,treatment_0027,treatment,treatment_0027,2,4,10,path,1,1.0,0.0034696462555461943,inf,True,,,
chipmean,sentinel1,treatment_0027,treatment,treatment_0027,2,4,10,path,2,2.0,0.0034696462555461943,0.0,False,,,
chipmean,sentinel1,treatment_0027,treatment,treatment_0027,2,4,10,candidate,1,,,,,1.0,0.0034696462555461943,1.0000
chipmean,sentinel1,treatment_0027,treatment,treatment_0027,2,4,10,candidate,1,,,,,2.0,0.007288986585242465,1.0000
chipmean,sentinel1,treatment_0027,treatment,treatment_0027,2,4,10,candidate,1,,,,,3.0,0.012136203249080792,1.0000
chipmean,sentinel1,treatment_0027,treatment,treatment_0027,2,4,10,candidate,1,,,,,4.0,0.01783442594470245,1.0000
chipmean,sentinel1,treatment_0027,treatment,treatment_0027,2,4,10,candidate,1,,,,,5.0,0.024288570414252576,1.0000
chipmean,sentinel1,treatment_0027,treatment,treatment_0027,2,4,10,candidate,2,,,0.0,,2.0,0.0034696462555461943,1.0000 0.0000
chipmean,sentinel1,treatment_0027,treatment,treatment_0027,2,4,10,candidate,2,,,0.0,,3.0,0.0034696462555461943,1.0000 0.0000
chipmean,sentinel1,treatment_0027,treatment,treatment_0027,2,4,10,candidate,2,,,0.0,,4.0,0.0034696462555461943,1.0000 0.0000
chipmean,sentinel1,treatment_0027,treatment,treatment_0027,2,4,10,candidate,2,,,0.0,,5.0,0.0034696462555461943,1.0000 0.0000
chipmean,sentinel1,treatment_0015,treatment,treatment_0015,2,5,10,path,1,1.0,0.004043788535903547,inf,True,,,
chipmean,sentinel1,treatment_0015,treatment,treatment_0015,2,5,10,path,2,2.0,0.004043788535903547,0.0,False,,,
chipmean,sentinel1,treatment_0015,treatment,treatment_0015,2,5,10,candidate,1,,,,,1.0,0.004043788535903547,1.0000
chipmean,sentinel1,treatment_0015,treatment,treatment_0015,2,5,10,candidate,1,,,,,2.0,0.008928862323175265,1.0000
chipmean,sentinel1,treatment_0015,treatment,treatment_0015,2,5,10,candidate,1,,,,,3.0,0.015597690688348691,1.0000
chipmean,sentinel1,treatment_0015,treatment,treatment_0015,2,5,10,candidate,1,,,,,4.0,0.02398143803593604,1.0000
chipmean,sentinel1,treatment_0015,treatment,treatment_0015,2,5,10,candidate,2,,,0.0,,2.0,0.004043788535903547,1.0000 0.0000
chipmean,sentinel1,treatment_0015,treatment,treatment_0015,2,5,10,candidate,2,,,0.0,,3.0,0.004043788535903547,1.0000 0.0000
chipmean,sentinel1,treatment_0015,treatment,treatment_0015,2,5,10,candidate,2,,,0.0,,4.0,0.004043788535903547,1.0000 0.0000
chipmean,sentinel1,treatment_0016,treatment,treatment_0016,2,5,10,path,1,1.0,0.0049227508267892135,inf,True,,,
chipmean,sentinel1,treatment_0016,treatment,treatment_0016,2,5,10,path,2,2.0,0.0049227508267892135,0.0,False,,,
chipmean,sentinel1,treatment_0016,treatment,treatment_0016,2,5,10,candidate,1,,,,,1.0,0.0049227508267892135,1.0000
chipmean,sentinel1,treatment_0016,treatment,treatment_0016,2,5,10,candidate,1,,,,,2.0,0.010528492609178597,1.0000
chipmean,sentinel1,treatment_0016,treatment,treatment_0016,2,5,10,candidate,1,,,,,3.0,0.017866324417122957,1.0000
chipmean,sentinel1,treatment_0016,treatment,treatment_0016,2,5,10,candidate,1,,,,,4.0,0.026789778515759095,1.0000
chipmean,sentinel1,treatment_0016,treatment,treatment_0016,2,5,10,candidate,2,,,0.0,,2.0,0.0049227508267892135,1.0000 0.0000
chipmean,sentinel1,treatment_0016,treatment,treatment_0016,2,5,10,candidate,2,,,0.0,,3.0,0.0049227508267892135,1.0000 0.0000
chipmean,sentinel1,treatment_0016,treatment,treatment_0016,2,5,10,candidate,2,,,0.0,,4.0,0.0049227508267892135,1.0000 0.0000
chipmean,sentinel1,treatment_0017,treatment,treatment_0017,2,5,10,path,1,1.0,0.003994339858943881,inf,True,,,
chipmean,sentinel1,treatment_0017,treatment,treatment_0017,2,5,10,path,2,2.0,0.003994339858943881,0.0,False,,,
chipmean,sentinel1,treatment_0017,treatment,treatment_0017,2,5,10,candidate,1,,,,,1.0,0.003994339858943881,1.0000
chipmean,sentinel1,treatment_0017,treatment,treatment_0017,2,5,10,candidate,1,,,,,2.0,0.00869912746799123,1.0000
chipmean,sentinel1,treatment_0017,treatment,treatment_0017,2,5,10,candidate,1,,,,,3.0,0.014998859303157782,1.0000
chipmean,sentinel1,treatment_0017,treatment,treatment_0017,2,5,10,candidate,1,,,,,4.0,0.022782630180732507,1.0000
chipmean,sentinel1,treatment_0017,treatment,treatment_0017,2,5,10,candidate,2,,,0.0,,2.0,0.003994339858943881,1.0000 0.0000
chipmean,sentinel1,treatment_0017,treatment,treatment_0017,2,5,10,candidate,2,,,0.0,,3.0,0.003994339858943881,1.0000 0.0000
chipmean,sentinel1,treatment_0017,treatment,treatment_0017,2,5,10,candidate,2,,,0.0,,4.0,0.003994339858943881,1.0000 0.0000
chipmean,sentinel1,treatment_0018,treatment,treatment_0018,2,5,10,path,1,1.0,0.003907947075404615,inf,True,,,
chipmean,sentinel1,treatment_0018,treatment,treatment_0018,2,5,10,path,2,2.0,0.003907947075404615,0.0,False,,,
chipmean,sentinel1,treatment_0018,treatment,treatment_0018,2,5,10,candidate,1,,,,,1.0,0.003907947075404615,1.0000
chipmean,sentinel1,treatment_0018,treatment,treatment_0018,2,5,10,candidate,1,,,,,2.0,0.008617096918637403,1.0000
chipmean,sentinel1,treatment_0018,treatment,treatment_0018,2,5,10,candidate,1,,,,,3.0,0.015022960912442875,1.0000
chipmean,sentinel1,treatment_0018,treatment,treatment_0018,2,5,10,candidate,1,,,,,4.0,0.02303649664445652,1.0000
chipmean,sentinel1,treatment_0018,treatment,treatment_0018,2,5,10,candidate,2,,,0.0,,2.0,0.003907947075404615,1.0000 0.0000
chipmean,sentinel1,treatment_0018,treatment,treatment_0018,2,5,10,candidate,2,,,0.0,,3.0,0.003907947075404615,1.0000 0.0000
chipmean,sentinel1,treatment_0018,treatment,treatment_0018,2,5,10,candidate,2,,,0.0,,4.0,0.003907947075404615,1.0000 0.0000
chipmean,sentinel1,treatment_0019,treatment,treatment_0019,2,5,10,path,1,1.0,0.003773502211271356,inf,True,,,
chipmean,sentinel1,treatment_0019,treatment,treatment_0019,2,5,10,path,2,2.0,0.003773502211271356,0.0,False,,,
chipmean,sentinel1,treatment_0019,treatment,treatment_0019,2,5,10,candidate,1,,,,,1.0,0.003773502211271356,1.0000
chipmean,sentinel1,treatment_0019,treatment,treatment_0019,2,5,10,candidate,1,,,,,2.0,0.008289307919449198,1.0000
chipmean,sentinel1,treatment_0019,treatment,treatment_0019,2,5,10,candidate,1,,,,,3.0,0.014398946836184647,1.0000
chipmean,sentinel1,treatment_0019,treatment,treatment_0019,2,5,10,candidate,1,,,,,4.0,0.022002572642748394,1.0000
chipmean,sentinel1,treatment_0019,treatment,treatment_0019,2,5,10,candidate,2,,,0.0,,2.0,0.003773502211271356,1.0000 0.0000
chipmean,sentinel1,treatment_0019,treatment,treatment_0019,2,5,10,candidate,2,,,0.0,,3.0,0.003773502211271356,1.0000 0.0000
chipmean,sentinel1,treatment_0019,treatment,treatment_0019,2,5,10,candidate,2,,,0.0,,4.0,0.003773502211271356,1.0000 0.0000
chipmean,sentinel1,treatment_0020,treatment,treatment_0020,2,5,10,path,1,1.0,0.004296648889597859,inf,True,,,
chipmean,sentinel1,treatment_0020,treatment,treatment_0020,2,5,10,path,2,2.0,0.004296648889597859,0.0,False,,,
chipmean,sentinel1,treatment_0020,treatment,treatment_0020,2,5,10,candidate,1,,,,,1.0,0.004296648889597859,1.0000
chipmean,sentinel1,treatment_0020,treatment,treatment_0020,2,5,10,candidate,1,,,,,2.0,0.009348812387684166,1.0000
chipmean,sentinel1,treatment_0020,treatment,treatment_0020,2,5,10,candidate,1,,,,,3.0,0.016099740342672666,1.0000
chipmean,sentinel1,treatment_0020,treatment,treatment_0020,2,5,10,candidate,1,,,,,4.0,0.02441804168502339,1.0000
chipmean,sentinel1,treatment_0020,treatment,treatment_0020,2,5,10,candidate,2,,,0.0,,2.0,0.004296648889597859,1.0000 0.0000
chipmean,sentinel1,treatment_0020,treatment,treatment_0020,2,5,10,candidate,2,,,0.0,,3.0,0.004296648889597859,1.0000 0.0000
chipmean,sentinel1,treatment_0020,treatment,treatment_0020,2,5,10,candidate,2,,,0.0,,4.0,0.004296648889597859,1.0000 0.0000
chipmean,sentinel1,treatment_0021,treatment,treatment_0021,2,5,10,path,1,1.0,0.0039748382406797084,inf,True,,,
chipmean,sentinel1,treatment_0021,treatment,treatment_0021,2,5,10,path,2,2.0,0.0039748382406797084,0.0,False,,,
chipmean,sentinel1,treatment_0021,treatment,treatment_0021,2,5,10,candidate,1,,,,,1.0,0.0039748382406797084,1.0000
chipmean,sentinel1,treatment_0021,treatment,treatment_0021,2,5,10,candidate,1,,,,,2.0,0.00867149905886726,1.0000
chipmean,sentinel1,treatment_0021,treatment,treatment_0021,2,5,10,candidate,1,,,,,3.0,0.01498951382404567,1.0000
chipmean,sentinel1,treatment_0021,treatment,treatment_0021,2,5,10,candidate,1,,,,,4.0,0.02284654047212253,1.0000
chipmean,sentinel1,treatment_0021,treatment,treatment_0021,2,5,10,candidate,2,,,0.0,,2.0,0.0039748382406797084,1.0000 0.0000
chipmean,sentinel1,treatment_0021,treatment,treatment_0021,2,5,10,candidate,2,,,0.0,,3.0,0.0039748382406797084,1.0000 0.0000
chipmean,sentinel1,treatment_0021,treatment,treatment_0021,2,5,10,candidate,2,,,0.0,,4.0,0.0039748382406797084,1.0000 0.0000
chipmean,sentinel1,treatment_0022,treatment,treatment_0022,2,5,10,path,1,1.0,0.0039857446132414865,inf,True,,,
chipmean,sentinel1,treatment_0022,treatment,treatment_0022,2,5,10,path,2,2.0,0.0039857446132414865,0.0,False,,,
chipmean,sentinel1,treatment_0022,treatment,treatment_0022,2,5,10,candidate,1,,,,,1.0,0.0039857446132414865,1.0000
chipmean,sentinel1,treatment_0022,treatment,treatment_0022,2,5,10,candidate,1,,,,,2.0,0.008642499254060706,1.0000
chipmean,sentinel1,treatment_0022,treatment,treatment_0022,2,5,10,candidate,1,,,,,3.0,0.014847050416248739,1.0000
chipmean,sentinel1,treatment_0022,treatment,treatment_0022,2,5,10,candidate,1,,,,,4.0,0.022488033595842,1.0000
chipmean,sentinel1,treatment_0022,treatment,treatment_0022,2,5,10,candidate,2,,,0.0,,2.0,0.0039857446132414865,1.0000 0.0000
chipmean,sentinel1,treatment_0022,treatment,treatment_0022,2,5,10,candidate,2,,,0.0,,3.0,0.0039857446132414865,1.0000 0.0000
chipmean,sentinel1,treatment_0022,treatment,treatment_0022,2,5,10,candidate,2,,,0.0,,4.0,0.0039857446132414865,1.0000 0.0000
chipmean,sentinel1,treatment_0023,treatment,treatment_0023,2,5,10,path,1,1.0,0.0036748176304569466,inf,True,,,
chipmean,sentinel1,treatment_0023,treatment,treatment_0023,2,5,10,path,2,2.0,0.0036748176304569466,0.0,False,,,
chipmean,sentinel1,treatment_0023,treatment,treatment_0023,2,5,10,candidate,1,,,,,1.0,0.0036748176304569466,1.0000
chipmean,sentinel1,treatment_0023,treatment,treatment_0023,2,5,10,candidate,1,,,,,2.0,0.008246783849270958,1.0000
chipmean,sentinel1,treatment_0023,treatment,treatment_0023,2,5,10,candidate,1,,,,,3.0,0.01462288312004156,1.0000
chipmean,sentinel1,treatment_0023,treatment,treatment_0023,2,5,10,candidate,1,,,,,4.0,0.022789179839005823,1.0000
chipmean,sentinel1,treatment_0023,treatment,treatment_0023,2,5,10,candidate,2,,,0.0,,2.0,0.0036748176304569466,1.0000 0.0000
chipmean,sentinel1,treatment_0023,treatment,treatment_0023,2,5,10,candidate,2,,,0.0,,3.0,0.0036748176304569466,1.0000 0.0000
chipmean,sentinel1,treatment_0023,treatment,treatment_0023,2,5,10,candidate,2,,,0.0,,4.0,0.0036748176304569466,1.0000 0.0000
chipmean,sentinel1,treatment_0024,treatment,treatment_0024,2,5,10,path,1,1.0,0.004057573899161451,inf,True,,,
chipmean,sentinel1,treatment_0024,treatment,treatment_0024,2,5,10,path,2,2.0,0.004057573899161451,0.0,False,,,
chipmean,sentinel1,treatment_0024,treatment,treatment_0024,2,5,10,candidate,1,,,,,1.0,0.004057573899161451,1.0000
chipmean,sentinel1,treatment_0024,treatment,treatment_0024,2,5,10,candidate,1,,,,,2.0,0.009017280836782052,1.0000
chipmean,sentinel1,treatment_0024,treatment,treatment_0024,2,5,10,candidate,1,,,,,3.0,0.015838576121381513,1.0000
chipmean,sentinel1,treatment_0024,treatment,treatment_0024,2,5,10,candidate,1,,,,,4.0,0.024459364668598653,1.0000
chipmean,sentinel1,treatment_0024,treatment,treatment_0024,2,5,10,candidate,2,,,0.0,,2.0,0.004057573899161451,1.0000 0.0000
chipmean,sentinel1,treatment_0024,treatment,treatment_0024,2,5,10,candidate,2,,,0.0,,3.0,0.004057573899161451,1.0000 0.0000
chipmean,sentinel1,treatment_0024,treatment,treatment_0024,2,5,10,candidate,2,,,0.0,,4.0,0.004057573899161451,1.0000 0.0000
chipmean,sentinel1,treatment_0025,treatment,treatment_0025,2,5,10,path,1,1.0,0.003599375321006351,inf,True,,,
chipmean,sentinel1,treatment_0025,treatment,treatment_0025,2,5,10,path,2,2.0,0.003599375321006351,0.0,False,,,
chipmean,sentinel1,treatment_0025,treatment,treatment_0025,2,5,10,candidate,1,,,,,1.0,0.003599375321006351,1.0000
chipmean,sentinel1,treatment_0025,treatment,treatment_0025,2,5,10,candidate,1,,,,,2.0,0.008002241146314112,1.0000
chipmean,sentinel1,treatment_0025,treatment,treatment_0025,2,5,10,candidate,1,,,,,3.0,0.014062649878857001,1.0000
chipmean,sentinel1,treatment_0025,treatment,treatment_0025,2,5,10,candidate,1,,,,,4.0,0.021729575633800378,1.0000
chipmean,sentinel1,treatment_0025,treatment,treatment_0025,2,5,10,candidate,2,,,0.0,,2.0,0.003599375321006351,1.0000 0.0000
chipmean,sentinel1,treatment_0025,treatment,treatment_0025,2,5,10,candidate,2,,,0.0,,3.0,0.003599375321006351,1.0000 0.0000
chipmean,sentinel1,treatment_0025,treatment,treatment_0025,2,5,10,candidate,2,,,0.0,,4.0,0.003599375321006351,1.0000 0.0000
chipmean,sentinel1,treatment_0027,treatment,treatment_0027,2,5,10,path,1,1.0,0.0032825818749066906,inf,True,,,
chipmean,sentinel1,treatment_0027,treatment,treatment_0027,2,5,10,path,2,2.0,0.0032825818749066906,0.0,False,,,
chipmean,sentinel1,treatment_0027,treatment,treatment_0027,2,5,10,candidate,1,,,,,1.0,0.0032825818749066906,1.0000
chipmean,sentinel1,treatment_0027,treatment,treatment_0027,2,5,10,candidate,1,,,,,2.0,0.006926423834292882,1.0000
chipmean,sentinel1,treatment_0027,treatment,treatment_0027,2,5,10,candidate,1,,,,,3.0,0.011597185924870208,1.0000
chipmean,sentinel1,treatment_0027,treatment,treatment_0027,2,5,10,candidate,1,,,,,4.0,0.017162133675056118,1.0000
chipmean,sentinel1,treatment_0027,treatment,treatment_0027,2,5,10,candidate,2,,,0.0,,2.0,0.0032825818749066906,1.0000 0.0000
chipmean,sentinel1,treatment_0027,treatment,treatment_0027,2,5,10,candidate,2,,,0.0,,3.0,0.0032825818749066906,1.0000 0.0000
chipmean,sentinel1,treatment_0027,treatment,treatment_0027,2,5,10,candidate,2,,,0.0,,4.0,0.0032825818749066906,1.0000 0.0000
chipmean,sentinel1,treatment_0015,treatment,treatment_0015,2,6,10,path,1,1.0,0.0039811748167485035,inf,True,,,
chipmean,sentinel1,treatment_0015,treatment,treatment_0015,2,6,10,path,2,2.0,0.0039811748167485035,0.0,False,,,
chipmean,sentinel1,treatment_0015,treatment,treatment_0015,2,6,10,candidate,1,,,,,1.0,0.0039811748167485035,1.0000
chipmean,sentinel1,treatment_0015,treatment,treatment_0015,2,6,10,candidate,1,,,,,2.0,0.008803269621049627,1.0000
chipmean,sentinel1,treatment_0015,treatment,treatment_0015,2,6,10,candidate,1,,,,,3.0,0.015402096323987154,1.0000
chipmean,sentinel1,treatment_0015,treatment,treatment_0015,2,6,10,candidate,2,,,0.0,,2.0,0.0039811748167485035,1.0000 0.0000
chipmean,sentinel1,treatment_0015,treatment,treatment_0015,2,6,10,candidate,2,,,0.0,,3.0,0.0039811748167485035,1.0000 0.0000
chipmean,sentinel1,treatment_0016,treatment,treatment_0016,2,6,10,path,1,1.0,0.004752158028821863,inf,True,,,
chipmean,sentinel1,treatment_0016,treatment,treatment_0016,2,6,10,path,2,2.0,0.004752158028821863,0.0,False,,,
chipmean,sentinel1,treatment_0016,treatment,treatment_0016,2,6,10,candidate,1,,,,,1.0,0.004752158028821863,1.0000
chipmean,sentinel1,treatment_0016,treatment,treatment_0016,2,6,10,candidate,1,,,,,2.0,0.010225130459163215,1.0000
chipmean,sentinel1,treatment_0016,treatment,treatment_0016,2,6,10,candidate,1,,,,,3.0,0.017477639334951403,1.0000
chipmean,sentinel1,treatment_0016,treatment,treatment_0016,2,6,10,candidate,2,,,0.0,,2.0,0.004752158028821863,1.0000 0.0000
chipmean,sentinel1,treatment_0016,treatment,treatment_0016,2,6,10,candidate,2,,,0.0,,3.0,0.004752158028821863,1.0000 0.0000
chipmean,sentinel1,treatment_0017,treatment,treatment_0017,2,6,10,path,1,1.0,0.0038917588157550984,inf,True,,,
chipmean,sentinel1,treatment_0017,treatment,treatment_0017,2,6,10,path,2,2.0,0.0038917588157550984,0.0,False,,,
chipmean,sentinel1,treatment_0017,treatment,treatment_0017,2,6,10,candidate,1,,,,,1.0,0.0038917588157550984,1.0000
chipmean,sentinel1,treatment_0017,treatment,treatment_0017,2,6,10,candidate,1,,,,,2.0,0.008497675906362119,1.0000
chipmean,sentinel1,treatment_0017,treatment,treatment_0017,2,6,10,candidate,1,,,,,3.0,0.01469504619610287,1.0000
chipmean,sentinel1,treatment_0017,treatment,treatment_0017,2,6,10,candidate,2,,,0.0,,2.0,0.0038917588157550984,1.0000 0.0000
chipmean,sentinel1,treatment_0017,treatment,treatment_0017,2,6,10,candidate,2,,,0.0,,3.0,0.0038917588157550984,1.0000 0.0000
chipmean,sentinel1,treatment_0018,treatment,treatment_0018,2,6,10,path,1,1.0,0.0038391304757607074,inf,True,,,
chipmean,sentinel1,treatment_0018,treatment,treatment_0018,2,6,10,path,2,2.0,0.0038391304757607074,0.0,False,,,
chipmean,sentinel1,treatment_0018,treatment,treatment_0018,2,6,10,candidate,1,,,,,1.0,0.0038391304757607074,1.0000
chipmean,sentinel1,treatment_0018,treatment,treatment_0018,2,6,10,candidate,1,,,,,2.0,0.008472644043373173,1.0000
chipmean,sentinel1,treatment_0018,treatment,treatment_0018,2,6,10,candidate,1,,,,,3.0,0.014785100781869386,1.0000
chipmean,sentinel1,treatment_0018,treatment,treatment_0018,2,6,10,candidate,2,,,0.0,,2.0,0.0038391304757607074,1.0000 0.0000
chipmean,sentinel1,treatment_0018,treatment,treatment_0018,2,6,10,candidate,2,,,0.0,,3.0,0.0038391304757607074,1.0000 0.0000
chipmean,sentinel1,treatment_0019,treatment,treatment_0019,2,6,10,path,1,1.0,0.0036947224021111006,inf,True,,,
chipmean,sentinel1,treatment_0019,treatment,treatment_0019,2,6,10,path,2,2.0,0.0036947224021111006,0.0,False,,,
chipmean,sentinel1,treatment_0019,treatment,treatment_0019,2,6,10,candidate,1,,,,,1.0,0.0036947224021111006,1.0000
chipmean,sentinel1,treatment_0019,treatment,treatment_0019,2,6,10,candidate,1,,,,,2.0,0.00812422596683139,1.0000
chipmean,sentinel1,treatment_0019,treatment,treatment_0019,2,6,10,candidate,1,,,,,3.0,0.014127528648181103,1.0000
chipmean,sentinel1,treatment_0019,treatment,treatment_0019,2,6,10,candidate,2,,,0.0,,2.0,0.0036947224021111006,1.0000 0.0000
chipmean,sentinel1,treatment_0019,treatment,treatment_0019,2,6,10,candidate,2,,,0.0,,3.0,0.0036947224021111006,1.0000 0.0000
chipmean,sentinel1,treatment_0020,treatment,treatment_0020,2,6,10,path,1,1.0,0.004181116816952221,inf,True,,,
chipmean,sentinel1,treatment_0020,treatment,treatment_0020,2,6,10,path,2,2.0,0.004181116816952221,0.0,False,,,
chipmean,sentinel1,treatment_0020,treatment,treatment_0020,2,6,10,candidate,1,,,,,1.0,0.004181116816952221,1.0000
chipmean,sentinel1,treatment_0020,treatment,treatment_0020,2,6,10,candidate,1,,,,,2.0,0.00911834311245457,1.0000
chipmean,sentinel1,treatment_0020,treatment,treatment_0020,2,6,10,candidate,1,,,,,3.0,0.01574456047601423,1.0000
chipmean,sentinel1,treatment_0020,treatment,treatment_0020,2,6,10,candidate,2,,,0.0,,2.0,0.004181116816952221,1.0000 0.0000
chipmean,sentinel1,treatment_0020,treatment,treatment_0020,2,6,10,candidate,2,,,0.0,,3.0,0.004181116816952221,1.0000 0.0000
chipmean,sentinel1,treatment_0021,treatment,treatment_0021,2,6,10,path,1,1.0,0.003882960806173232,inf,True,,,
chipmean,sentinel1,treatment_0021,treatment,treatment_0021,2,6,10,path,2,2.0,0.003882960806173232,0.0,False,,,
chipmean,sentinel1,treatment_0021,treatment,treatment_0021,2,6,10,candidate,1,,,,,1.0,0.003882960806173232,1.0000
chipmean,sentinel1,treatment_0021,treatment,treatment_0021,2,6,10,candidate,1,,,,,2.0,0.008499140532601267,1.0000
chipmean,sentinel1,treatment_0021,treatment,treatment_0021,2,6,10,candidate,1,,,,,3.0,0.014746137313733582,1.0000
chipmean,sentinel1,treatment_0021,treatment,treatment_0021,2,6,10,candidate,2,,,0.0,,2.0,0.003882960806173232,1.0000 0.0000
chipmean,sentinel1,treatment_0021,treatment,treatment_0021,2,6,10,candidate,2,,,0.0,,3.0,0.003882960806173232,1.0000 0.0000
chipmean,sentinel1,treatment_0022,treatment,treatment_0022,2,6,10,path,1,1.0,0.0038705572449106323,inf,True,,,
chipmean,sentinel1,treatment_0022,treatment,treatment_0022,2,6,10,path,2,2.0,0.0038705572449106323,0.0,False,,,
chipmean,sentinel1,treatment_0022,treatment,treatment_0022,2,6,10,candidate,1,,,,,1.0,0.0038705572449106323,1.0000
chipmean,sentinel1,treatment_0022,treatment,treatment_0022,2,6,10,candidate,1,,,,,2.0,0.008419048182886779,1.0000
chipmean,sentinel1,treatment_0022,treatment,treatment_0022,2,6,10,candidate,1,,,,,3.0,0.014514849914239276,1.0000
chipmean,sentinel1,treatment_0022,treatment,treatment_0022,2,6,10,candidate,2,,,0.0,,2.0,0.0038705572449106323,1.0000 0.0000
chipmean,sentinel1,treatment_0022,treatment,treatment_0022,2,6,10,candidate,2,,,0.0,,3.0,0.0038705572449106323,1.0000 0.0000
chipmean,sentinel1,treatment_0023,treatment,treatment_0023,2,6,10,path,1,1.0,0.0036654268603976657,inf,True,,,
chipmean,sentinel1,treatment_0023,treatment,treatment_0023,2,6,10,path,2,2.0,0.0036654268603976657,0.0,False,,,
chipmean,sentinel1,treatment_0023,treatment,treatment_0023,2,6,10,candidate,1,,,,,1.0,0.0036654268603976657,1.0000
chipmean,sentinel1,treatment_0023,treatment,treatment_0023,2,6,10,candidate,1,,,,,2.0,0.008225837383244573,1.0000
chipmean,sentinel1,treatment_0023,treatment,treatment_0023,2,6,10,candidate,1,,,,,3.0,0.014585971761311996,1.0000
chipmean,sentinel1,treatment_0023,treatment,treatment_0023,2,6,10,candidate,2,,,0.0,,2.0,0.0036654268603976657,1.0000 0.0000
chipmean,sentinel1,treatment_0023,treatment,treatment_0023,2,6,10,candidate,2,,,0.0,,3.0,0.0036654268603976657,1.0000 0.0000
chipmean,sentinel1,treatment_0024,treatment,treatment_0024,2,6,10,path,1,1.0,0.0040118839725966525,inf,True,,,
chipmean,sentinel1,treatment_0024,treatment,treatment_0024,2,6,10,path,2,2.0,0.0040118839725966525,0.0,False,,,
chipmean,sentinel1,treatment_0024,treatment,treatment_0024,2,6,10,candidate,1,,,,,1.0,0.0040118839725966525,1.0000
chipmean,sentinel1,treatment_0024,treatment,treatment_0024,2,6,10,candidate,1,,,,,2.0,0.008919144457280953,1.0000
chipmean,sentinel1,treatment_0024,treatment,treatment_0024,2,6,10,candidate,1,,,,,3.0,0.015672520841178636,1.0000
chipmean,sentinel1,treatment_0024,treatment,treatment_0024,2,6,10,candidate,2,,,0.0,,2.0,0.0040118839725966525,1.0000 0.0000
chipmean,sentinel1,treatment_0024,treatment,treatment_0024,2,6,10,candidate,2,,,0.0,,3.0,0.0040118839725966525,1.0000 0.0000
chipmean,sentinel1,treatment_0025,treatment,treatment_0025,2,6,10,path,1,1.0,0.003560660195886175,inf,True,,,
chipmean,sentinel1,treatment_0025,treatment,treatment_0025,2,6,10,path,2,2.0,0.003560660195886175,0.0,False,,,
chipmean,sentinel1,treatment_0025,treatment,treatment_0025,2,6,10,candidate,1,,,,,1.0,0.003560660195886175,1.0000
chipmean,sentinel1,treatment_0025,treatment,treatment_0025,2,6,10,candidate,1,,,,,2.0,0.007919829826427789,1.0000
chipmean,sentinel1,treatment_0025,treatment,treatment_0025,2,6,10,candidate,1,,,,,3.0,0.013924581594274392,1.0000
chipmean,sentinel1,treatment_0025,treatment,treatment_0025,2,6,10,candidate,2,,,0.0,,2.0,0.003560660195886175,1.0000 0.0000
chipmean,sentinel1,treatment_0025,treatment,treatment_0025,2,6,10,candidate,2,,,0.0,,3.0,0.003560660195886175,1.0000 0.0000
chipmean,sentinel1,treatment_0027,treatment,treatment_0027,2,6,10,path,1,1.0,0.003130031706377632,inf,True,,,
chipmean,sentinel1,treatment_0027,treatment,treatment_0027,2,6,10,path,2,2.0,0.003130031706377632,0.0,False,,,
chipmean,sentinel1,treatment_0027,treatment,treatment_0027,2,6,10,candidate,1,,,,,1.0,0.003130031706377632,1.0000
chipmean,sentinel1,treatment_0027,treatment,treatment_0027,2,6,10,candidate,1,,,,,2.0,0.006643180443971188,1.0000
chipmean,sentinel1,treatment_0027,treatment,treatment_0027,2,6,10,candidate,1,,,,,3.0,0.011203693973470435,1.0000
chipmean,sentinel1,treatment_0027,treatment,treatment_0027,2,6,10,candidate,2,,,0.0,,2.0,0.003130031706377632,1.0000 0.0000
chipmean,sentinel1,treatment_0027,treatment,treatment_0027,2,6,10,candidate,2,,,0.0,,3.0,0.003130031706377632,1.0000 0.0000
chipmean,sentinel1,treatment_0015,treatment,treatment_0015,2,7,10,path,1,1.0,0.003927716609105794,inf,True,,,
chipmean,sentinel1,treatment_0015,treatment,treatment_0015,2,7,10,path,2,2.0,0.003927716609105794,0.0,False,,,
chipmean,sentinel1,treatment_0015,treatment,treatment_0015,2,7,10,candidate,1,,,,,1.0,0.003927716609105794,1.0000
chipmean,sentinel1,treatment_0015,treatment,treatment_0015,2,7,10,candidate,1,,,,,2.0,0.00869865516570769,1.0000
chipmean,sentinel1,treatment_0015,treatment,treatment_0015,2,7,10,candidate,2,,,0.0,,2.0,0.003927716609105794,1.0000 0.0000
chipmean,sentinel1,treatment_0016,treatment,treatment_0016,2,7,10,path,1,1.0,0.00463027859767722,inf,True,,,
chipmean,sentinel1,treatment_0016,treatment,treatment_0016,2,7,10,path,2,2.0,0.00463027859767722,0.0,False,,,
chipmean,sentinel1,treatment_0016,treatment,treatment_0016,2,7,10,candidate,1,,,,,1.0,0.00463027859767722,1.0000
chipmean,sentinel1,treatment_0016,treatment,treatment_0016,2,7,10,candidate,1,,,,,2.0,0.010037280795367396,1.0000
chipmean,sentinel1,treatment_0016,treatment,treatment_0016,2,7,10,candidate,2,,,0.0,,2.0,0.00463027859767722,1.0000 0.0000
chipmean,sentinel1,treatment_0017,treatment,treatment_0017,2,7,10,path,1,1.0,0.003806944117806064,inf,True,,,
chipmean,sentinel1,treatment_0017,treatment,treatment_0017,2,7,10,path,2,2.0,0.003806944117806064,0.0,False,,,
chipmean,sentinel1,treatment_0017,treatment,treatment_0017,2,7,10,candidate,1,,,,,1.0,0.003806944117806064,1.0000
chipmean,sentinel1,treatment_0017,treatment,treatment_0017,2,7,10,candidate,1,,,,,2.0,0.008337748521154646,1.0000
chipmean,sentinel1,treatment_0017,treatment,treatment_0017,2,7,10,candidate,2,,,0.0,,2.0,0.003806944117806064,1.0000 0.0000
chipmean,sentinel1,treatment_0018,treatment,treatment_0018,2,7,10,path,1,1.0,0.0037765575574957616,inf,True,,,
chipmean,sentinel1,treatment_0018,treatment,treatment_0018,2,7,10,path,2,2.0,0.0037765575574957616,0.0,False,,,
chipmean,sentinel1,treatment_0018,treatment,treatment_0018,2,7,10,candidate,1,,,,,1.0,0.0037765575574957616,1.0000
chipmean,sentinel1,treatment_0018,treatment,treatment_0018,2,7,10,candidate,1,,,,,2.0,0.00834258381585321,1.0000
chipmean,sentinel1,treatment_0018,treatment,treatment_0018,2,7,10,candidate,2,,,0.0,,2.0,0.0037765575574957616,1.0000 0.0000
chipmean,sentinel1,treatment_0019,treatment,treatment_0019,2,7,10,path,1,1.0,0.003623228500620218,inf,True,,,
chipmean,sentinel1,treatment_0019,treatment,treatment_0019,2,7,10,path,2,2.0,0.003623228500620218,0.0,False,,,
chipmean,sentinel1,treatment_0019,treatment,treatment_0019,2,7,10,candidate,1,,,,,1.0,0.003623228500620218,1.0000
chipmean,sentinel1,treatment_0019,treatment,treatment_0019,2,7,10,candidate,1,,,,,2.0,0.007975845553743395,1.0000
chipmean,sentinel1,treatment_0019,treatment,treatment_0019,2,7,10,candidate,2,,,0.0,,2.0,0.003623228500620218,1.0000 0.0000
chipmean,sentinel1,treatment_0020,treatment,treatment_0020,2,7,10,path,1,1.0,0.004083382222775349,inf,True,,,
chipmean,sentinel1,treatment_0020,treatment,treatment_0020,2,7,10,path,2,2.0,0.004083382222775349,0.0,False,,,
chipmean,sentinel1,treatment_0020,treatment,treatment_0020,2,7,10,candidate,1,,,,,1.0,0.004083382222775349,1.0000
chipmean,sentinel1,treatment_0020,treatment,treatment_0020,2,7,10,candidate,1,,,,,2.0,0.00892955234964885,1.0000
chipmean,sentinel1,treatment_0020,treatment,treatment_0020,2,7,10,candidate,2,,,0.0,,2.0,0.004083382222775349,1.0000 0.0000
chipmean,sentinel1,treatment_0021,treatment,treatment_0021,2,7,10,path,1,1.0,0.0038117453696987305,inf,True,,,
chipmean,sentinel1,treatment_0021,treatment,treatment_0021,2,7,10,path,2,2.0,0.0038117453696987305,0.0,False,,,
chipmean,sentinel1,treatment_0021,treatment,treatment_0021,2,7,10,candidate,1,,,,,1.0,0.0038117453696987305,1.0000
chipmean,sentinel1,treatment_0021,treatment,treatment_0021,2,7,10,candidate,1,,,,,2.0,0.008374757539988698,1.0000
chipmean,sentinel1,treatment_0021,treatment,treatment_0021,2,7,10,candidate,2,,,0.0,,2.0,0.0038117453696987305,1.0000 0.0000
chipmean,sentinel1,treatment_0022,treatment,treatment_0022,2,7,10,path,1,1.0,0.0037767242395302485,inf,True,,,
chipmean,sentinel1,treatment_0022,treatment,treatment_0022,2,7,10,path,2,2.0,0.0037767242395302485,0.0,False,,,
chipmean,sentinel1,treatment_0022,treatment,treatment_0022,2,7,10,candidate,1,,,,,1.0,0.0037767242395302485,1.0000
chipmean,sentinel1,treatment_0022,treatment,treatment_0022,2,7,10,candidate,1,,,,,2.0,0.008244814493591004,1.0000
chipmean,sentinel1,treatment_0022,treatment,treatment_0022,2,7,10,candidate,2,,,0.0,,2.0,0.0037767242395302485,1.0000 0.0000
chipmean,sentinel1,treatment_0023,treatment,treatment_0023,2,7,10,path,1,1.0,0.003656144754393619,inf,True,,,
chipmean,sentinel1,treatment_0023,treatment,treatment_0023,2,7,10,path,2,2.0,0.003656144754393619,0.0,False,,,
chipmean,sentinel1,treatment_0023,treatment,treatment_0023,2,7,10,candidate,1,,,,,1.0,0.003656144754393619,1.0000
chipmean,sentinel1,treatment_0023,treatment,treatment_0023,2,7,10,candidate,1,,,,,2.0,0.008205136627133802,1.0000
chipmean,sentinel1,treatment_0023,treatment,treatment_0023,2,7,10,candidate,2,,,0.0,,2.0,0.003656144754393619,1.0000 0.0000
chipmean,sentinel1,treatment_0024,treatment,treatment_0024,2,7,10,path,1,1.0,0.003968979051082004,inf,True,,,
chipmean,sentinel1,treatment_0024,treatment,treatment_0024,2,7,10,path,2,2.0,0.003968979051082004,0.0,False,,,
chipmean,sentinel1,treatment_0024,treatment,treatment_0024,2,7,10,candidate,1,,,,,1.0,0.003968979051082004,1.0000
chipmean,sentinel1,treatment_0024,treatment,treatment_0024,2,7,10,candidate,1,,,,,2.0,0.008827353061769017,1.0000
chipmean,sentinel1,treatment_0024,treatment,treatment_0024,2,7,10,candidate,2,,,0.0,,2.0,0.003968979051082004,1.0000 0.0000
chipmean,sentinel1,treatment_0025,treatment,treatment_0025,2,7,10,path,1,1.0,0.003524744929676842,inf,True,,,
chipmean,sentinel1,treatment_0025,treatment,treatment_0025,2,7,10,path,2,2.0,0.003524744929676842,0.0,False,,,
chipmean,sentinel1,treatment_0025,treatment,treatment_0025,2,7,10,candidate,1,,,,,1.0,0.003524744929676842,1.0000
chipmean,sentinel1,treatment_0025,treatment,treatment_0025,2,7,10,candidate,1,,,,,2.0,0.007843782102924293,1.0000
chipmean,sentinel1,treatment_0025,treatment,treatment_0025,2,7,10,candidate,2,,,0.0,,2.0,0.003524744929676842,1.0000 0.0000
chipmean,sentinel1,treatment_0027,treatment,treatment_0027,2,7,10,path,1,1.0,0.003013396400821058,inf,True,,,
chipmean,sentinel1,treatment_0027,treatment,treatment_0027,2,7,10,path,2,2.0,0.003013396400821058,0.0,False,,,
chipmean,sentinel1,treatment_0027,treatment,treatment_0027,2,7,10,candidate,1,,,,,1.0,0.003013396400821058,1.0000
chipmean,sentinel1,treatment_0027,treatment,treatment_0027,2,7,10,candidate,1,,,,,2.0,0.006443609028297439,1.0000
chipmean,sentinel1,treatment_0027,treatment,treatment_0027,2,7,10,candidate,2,,,0.0,,2.0,0.003013396400821058,1.0000 0.0000
chipmean,sentinel1,treatment_0015,treatment,treatment_0015,2,8,10,path,1,1.0,0.0038836889453645793,inf,True,,,
chipmean,sentinel1,treatment_0015,treatment,treatment_0015,2,8,10,candidate,1,,,,,1.0,0.0038836889453645793,1.0000
chipmean,sentinel1,treatment_0016,treatment,treatment_0016,2,8,10,path,1,1.0,0.004561604901027069,inf,True,,,
chipmean,sentinel1,treatment_0016,treatment,treatment_0016,2,8,10,candidate,1,,,,,1.0,0.004561604901027069,1.0000
chipmean,sentinel1,treatment_0017,treatment,treatment_0017,2,8,10,path,1,1.0,0.0037410153090530894,inf,True,,,
chipmean,sentinel1,treatment_0017,treatment,treatment_0017,2,8,10,candidate,1,,,,,1.0,0.0037410153090530894,1.0000
chipmean,sentinel1,treatment_0018,treatment,treatment_0018,2,8,10,path,1,1.0,0.0037204736322005777,inf,True,,,
chipmean,sentinel1,treatment_0018,treatment,treatment_0018,2,8,10,candidate,1,,,,,1.0,0.0037204736322005777,1.0000
chipmean,sentinel1,treatment_0019,treatment,treatment_0019,2,8,10,path,1,1.0,0.003559243917898451,inf,True,,,
chipmean,sentinel1,treatment_0019,treatment,treatment_0019,2,8,10,candidate,1,,,,,1.0,0.003559243917898451,1.0000
chipmean,sentinel1,treatment_0020,treatment,treatment_0020,2,8,10,path,1,1.0,0.00400466093139433,inf,True,,,
chipmean,sentinel1,treatment_0020,treatment,treatment_0020,2,8,10,candidate,1,,,,,1.0,0.00400466093139433,1.0000
chipmean,sentinel1,treatment_0021,treatment,treatment_0021,2,8,10,path,1,1.0,0.003762298708922941,inf,True,,,
chipmean,sentinel1,treatment_0021,treatment,treatment_0021,2,8,10,candidate,1,,,,,1.0,0.003762298708922941,1.0000
chipmean,sentinel1,treatment_0022,treatment,treatment_0022,2,8,10,path,1,1.0,0.0037051260743909803,inf,True,,,
chipmean,sentinel1,treatment_0022,treatment,treatment_0022,2,8,10,candidate,1,,,,,1.0,0.0037051260743909803,1.0000
chipmean,sentinel1,treatment_0023,treatment,treatment_0023,2,8,10,path,1,1.0,0.0036469721350597846,inf,True,,,
chipmean,sentinel1,treatment_0023,treatment,treatment_0023,2,8,10,candidate,1,,,,,1.0,0.0036469721350597846,1.0000
chipmean,sentinel1,treatment_0024,treatment,treatment_0024,2,8,10,path,1,1.0,0.003928914621114737,inf,True,,,
chipmean,sentinel1,treatment_0024,treatment,treatment_0024,2,8,10,candidate,1,,,,,1.0,0.003928914621114737,1.0000
chipmean,sentinel1,treatment_0025,treatment,treatment_0025,2,8,10,path,1,1.0,0.003491675234460684,inf,True,,,
chipmean,sentinel1,treatment_0025,treatment,treatment_0025,2,8,10,candidate,1,,,,,1.0,0.003491675234460684,1.0000
chipmean,sentinel1,treatment_0027,treatment,treatment_0027,2,8,10,path,1,1.0,0.002934936208828654,inf,True,,,
chipmean,sentinel1,treatment_0027,treatment,treatment_0027,2,8,10,candidate,1,,,,,1.0,0.002934936208828654,1.0000
chipmean,sentinel1,treatment_0015,treatment,treatment_0015,3,2,10,path,1,1.0,0.009426502435307052,inf,True,,,
chipmean,sentinel1,treatment_0015,treatment,treatment_0015,3,2,10,path,2,2.0,0.009426502435307052,0.0,False,,,
chipmean,sentinel1,treatment_0015,treatment,treatment_0015,3,2,10,candidate,1,,,,,1.0,0.009426502435307052,1.0000
chipmean,sentinel1,treatment_0015,treatment,treatment_0015,3,2,10,candidate,1,,,,,2.0,0.016402545921964478,1.0000
chipmean,sentinel1,treatment_0015,treatment,treatment_0015,3,2,10,candidate,1,,,,,3.0,0.025112492992854153,1.0000
chipmean,sentinel1,treatment_0015,treatment,treatment_0015,3,2,10,candidate,1,,,,,4.0,0.0354755240409741,1.0000
chipmean,sentinel1,treatment_0015,treatment,treatment_0015,3,2,10,candidate,1,,,,,5.0,0.047431130350097724,1.0000
chipmean,sentinel1,treatment_0015,treatment,treatment_0015,3,2,10,candidate,1,,,,,6.0,0.06094015330937386,1.0000
chipmean,sentinel1,treatment_0015,treatment,treatment_0015,3,2,10,candidate,2,,,0.0,,2.0,0.009426502435307052,1.0000 0.0000
chipmean,sentinel1,treatment_0015,treatment,treatment_0015,3,2,10,candidate,2,,,0.0,,3.0,0.009426502435307052,1.0000 0.0000
chipmean,sentinel1,treatment_0015,treatment,treatment_0015,3,2,10,candidate,2,,,0.0,,4.0,0.009426502435307052,1.0000 0.0000
chipmean,sentinel1,treatment_0015,treatment,treatment_0015,3,2,10,candidate,2,,,0.0,,5.0,0.009426502435307052,1.0000 0.0000
chipmean,sentinel1,treatment_0015,treatment,treatment_0015,3,2,10,candidate,2,,,0.0,,6.0,0.009426502435307052,1.0000 0.0000
chipmean,sentinel1,treatment_0016,treatment,treatment_0016,3,2,10,path,1,1.0,0.01205585713109198,inf,True,,,
chipmean,sentinel1,treatment_0016,treatment,treatment_0016,3,2,10,path,2,2.0,0.01205585713109198,0.0,False,,,
chipmean,sentinel1,treatment_0016,treatment,treatment_0016,3,2,10,candidate,1,,,,,1.0,0.01205585713109198,1.0000
chipmean,sentinel1,treatment_0016,treatment,treatment_0016,3,2,10,candidate,1,,,,,2.0,0.020174644290669876,1.0000
chipmean,sentinel1,treatment_0016,treatment,treatment_0016,3,2,10,candidate,1,,,,,3.0,0.029737532688022216,1.0000
chipmean,sentinel1,treatment_0016,treatment,treatment_0016,3,2,10,candidate,1,,,,,4.0,0.04051959569525015,1.0000
chipmean,sentinel1,treatment_0016,treatment,treatment_0016,3,2,10,candidate,1,,,,,5.0,0.05240378672727401,1.0000
chipmean,sentinel1,treatment_0016,treatment,treatment_0016,3,2,10,candidate,1,,,,,6.0,0.06539921465378849,1.0000
chipmean,sentinel1,treatment_0016,treatment,treatment_0016,3,2,10,candidate,2,,,0.0,,2.0,0.01205585713109198,1.0000 0.0000
chipmean,sentinel1,treatment_0016,treatment,treatment_0016,3,2,10,candidate,2,,,0.0,,3.0,0.01205585713109198,1.0000 0.0000
chipmean,sentinel1,treatment_0016,treatment,treatment_0016,3,2,10,candidate,2,,,0.0,,4.0,0.01205585713109198,1.0000 0.0000
chipmean,sentinel1,treatment_0016,treatment,treatment_0016,3,2,10,candidate,2,,,0.0,,5.0,0.01205585713109198,1.0000 0.0000
chipmean,sentinel1,treatment_0016,treatment,treatment_0016,3,2,10,candidate,2,,,0.0,,6.0,0.01205585713109198,1.0000 0.0000
chipmean,sentinel1,treatment_0017,treatment,treatment_0017,3,2,10,path,1,1.0,0.009531731158325233,inf,True,,,
chipmean,sentinel1,treatment_0017,treatment,treatment_0017,3,2,10,path,2,2.0,0.009531731158325233,0.0,False,,,
chipmean,sentinel1,treatment_0017,treatment,treatment_0017,3,2,10,candidate,1,,,,,1.0,0.009531731158325233,1.0000
chipmean,sentinel1,treatment_0017,treatment,treatment_0017,3,2,10,candidate,1,,,,,2.0,0.016329567985597582,1.0000
chipmean,sentinel1,treatment_0017,treatment,treatment_0017,3,2,10,candidate,1,,,,,3.0,0.024620391119582086,1.0000
chipmean,sentinel1,treatment_0017,treatment,treatment_0017,3,2,10,candidate,1,,,,,4.0,0.034266220544082016,1.0000
chipmean,sentinel1,treatment_0017,treatment,treatment_0017,3,2,10,candidate,1,,,,,5.0,0.045168432539417464,1.0000
chipmean,sentinel1,treatment_0017,treatment,treatment_0017,3,2,10,candidate,1,,,,,6.0,0.05727216976803032,1.0000
chipmean,sentinel1,treatment_0017,treatment,treatment_0017,3,2,10,candidate,2,,,0.0,,2.0,0.009531731158325233,1.0000 0.0000
chipmean,sentinel1,treatment_0017,treatment,treatment_0017,3,2,10,candidate,2,,,0.0,,3.0,0.009531731158325233,1.0000 0.0000
chipmean,sentinel1,treatment_0017,treatment,treatment_0017,3,2,10,candidate,2,,,0.0,,4.0,0.009531731158325233,1.0000 0.0000
chipmean,sentinel1,treatment_0017,treatment,treatment_0017,3,2,10,candidate,2,,,0.0,,5.0,0.009531731158325233,1.0000 0.0000
chipmean,sentinel1,treatment_0017,treatment,treatment_0017,3,2,10,candidate,2,,,0.0,,6.0,0.009531731158325233,1.0000 0.0000
chipmean,sentinel1,treatment_0018,treatment,treatment_0018,3,2,10,path,1,1.0,0.009132068462842802,inf,True,,,
chipmean,sentinel1,treatment_0018,treatment,treatment_0018,3,2,10,path,2,2.0,0.009132068462842802,0.0,False,,,
chipmean,sentinel1,treatment_0018,treatment,treatment_0018,3,2,10,candidate,1,,,,,1.0,0.009132068462842802,1.0000
chipmean,sentinel1,treatment_0018,treatment,treatment_0018,3,2,10,candidate,1,,,,,2.0,0.015884753365819196,1.0000
chipmean,sentinel1,treatment_0018,treatment,treatment_0018,3,2,10,candidate,1,,,,,3.0,0.024297231996770505,1.0000
chipmean,sentinel1,treatment_0018,treatment,treatment_0018,3,2,10,candidate,1,,,,,4.0,0.03427119436014988,1.0000
chipmean,sentinel1,treatment_0018,treatment,treatment_0018,3,2,10,candidate,1,,,,,5.0,0.045721615975163915,1.0000
chipmean,sentinel1,treatment_0018,treatment,treatment_0018,3,2,10,candidate,1,,,,,6.0,0.058577699868024025,1.0000
chipmean,sentinel1,treatment_0018,treatment,treatment_0018,3,2,10,candidate,2,,,0.0,,2.0,0.009132068462842802,1.0000 0.0000
chipmean,sentinel1,treatment_0018,treatment,treatment_0018,3,2,10,candidate,2,,,0.0,,3.0,0.009132068462842802,1.0000 0.0000
chipmean,sentinel1,treatment_0018,treatment,treatment_0018,3,2,10,candidate,2,,,0.0,,4.0,0.009132068462842802,1.0000 0.0000
chipmean,sentinel1,treatment_0018,treatment,treatment_0018,3,2,10,candidate,2,,,0.0,,5.0,0.009132068462842802,1.0000 0.0000
chipmean,sentinel1,treatment_0018,treatment,treatment_0018,3,2,10,candidate,2,,,0.0,,6.0,0.009132068462842802,1.0000 0.0000
chipmean,sentinel1,treatment_0019,treatment,treatment_0019,3,2,10,path,1,1.0,0.00888064920114607,inf,True,,,
chipmean,sentinel1,treatment_0019,treatment,treatment_0019,3,2,10,path,2,2.0,0.00888064920114607,0.0,False,,,
chipmean,sentinel1,treatment_0019,treatment,treatment_0019,3,2,10,candidate,1,,,,,1.0,0.00888064920114607,1.0000
chipmean,sentinel1,treatment_0019,treatment,treatment_0019,3,2,10,candidate,1,,,,,2.0,0.015386681815303324,1.0000
chipmean,sentinel1,treatment_0019,treatment,treatment_0019,3,2,10,candidate,1,,,,,3.0,0.02344510162369924,1.0000
chipmean,sentinel1,treatment_0019,treatment,treatment_0019,3,2,10,candidate,1,,,,,4.0,0.03294602995064061,1.0000
chipmean,sentinel1,treatment_0019,treatment,treatment_0019,3,2,10,candidate,1,,,,,5.0,0.04379540024687193,1.0000
chipmean,sentinel1,treatment_0019,treatment,treatment_0019,3,2,10,candidate,1,,,,,6.0,0.055915833804700235,1.0000
chipmean,sentinel1,treatment_0019,treatment,treatment_0019,3,2,10,candidate,2,,,0.0,,2.0,0.00888064920114607,1.0000 0.0000
chipmean,sentinel1,treatment_0019,treatment,treatment_0019,3,2,10,candidate,2,,,0.0,,3.0,0.00888064920114607,1.0000 0.0000
chipmean,sentinel1,treatment_0019,treatment,treatment_0019,3,2,10,candidate,2,,,0.0,,4.0,0.00888064920114607,1.0000 0.0000
chipmean,sentinel1,treatment_0019,treatment,treatment_0019,3,2,10,candidate,2,,,0.0,,5.0,0.00888064920114607,1.0000 0.0000
chipmean,sentinel1,treatment_0019,treatment,treatment_0019,3,2,10,candidate,2,,,0.0,,6.0,0.00888064920114607,1.0000 0.0000
chipmean,sentinel1,treatment_0020,treatment,treatment_0020,3,2,10,path,1,1.0,0.010269309999605339,inf,True,,,
chipmean,sentinel1,treatment_0020,treatment,treatment_0020,3,2,10,path,2,2.0,0.010269309999605339,0.0,False,,,
chipmean,sentinel1,treatment_0020,treatment,treatment_0020,3,2,10,candidate,1,,,,,1.0,0.010269309999605339,1.0000
chipmean,sentinel1,treatment_0020,treatment,treatment_0020,3,2,10,candidate,1,,,,,2.0,0.017585490994420604,1.0000
chipmean,sentinel1,treatment_0020,treatment,treatment_0020,3,2,10,candidate,1,,,,,3.0,0.026497134097379634,1.0000
chipmean,sentinel1,treatment_0020,treatment,treatment_0020,3,2,10,candidate,1,,,,,4.0,0.0368454123315371,1.0000
chipmean,sentinel1,treatment_0020,treatment,treatment_0020,3,2,10,candidate,1,,,,,5.0,0.048510219225307946,1.0000
chipmean,sentinel1,treatment_0020,treatment,treatment_0020,3,2,10,candidate,1,,,,,6.0,0.061414985180380056,1.0000
chipmean,sentinel1,treatment_0020,treatment,treatment_0020,3,2,10,candidate,2,,,0.0,,2.0,0.010269309999605339,1.0000 0.0000
chipmean,sentinel1,treatment_0020,treatment,treatment_0020,3,2,10,candidate,2,,,0.0,,3.0,0.010269309999605339,1.0000 0.0000
chipmean,sentinel1,treatment_0020,treatment,treatment_0020,3,2,10,candidate,2,,,0.0,,4.0,0.010269309999605339,1.0000 0.0000
chipmean,sentinel1,treatment_0020,treatment,treatment_0020,3,2,10,candidate,2,,,0.0,,5.0,0.010269309999605339,1.0000 0.0000
chipmean,sentinel1,treatment_0020,treatment,treatment_0020,3,2,10,candidate,2,,,0.0,,6.0,0.010269309999605339,1.0000 0.0000
chipmean,sentinel1,treatment_0021,treatment,treatment_0021,3,2,10,path,1,1.0,0.009457335615924654,inf,True,,,
chipmean,sentinel1,treatment_0021,treatment,treatment_0021,3,2,10,path,2,2.0,0.009457335615924654,0.0,False,,,
chipmean,sentinel1,treatment_0021,treatment,treatment_0021,3,2,10,candidate,1,,,,,1.0,0.009457335615924654,1.0000
chipmean,sentinel1,treatment_0021,treatment,treatment_0021,3,2,10,candidate,1,,,,,2.0,0.016209197143708685,1.0000
chipmean,sentinel1,treatment_0021,treatment,treatment_0021,3,2,10,candidate,1,,,,,3.0,0.02446886470019926,1.0000
chipmean,sentinel1,treatment_0021,treatment,treatment_0021,3,2,10,candidate,1,,,,,4.0,0.03412516793541924,1.0000
chipmean,sentinel1,treatment_0021,treatment,treatment_0021,3,2,10,candidate,1,,,,,5.0,0.045113410408575895,1.0000
chipmean,sentinel1,treatment_0021,treatment,treatment_0021,3,2,10,candidate,1,,,,,6.0,0.05741976635144651,1.0000
chipmean,sentinel1,treatment_0021,treatment,treatment_0021,3,2,10,candidate,2,,,0.0,,2.0,0.009457335615924654,1.0000 0.0000
chipmean,sentinel1,treatment_0021,treatment,treatment_0021,3,2,10,candidate,2,,,0.0,,3.0,0.009457335615924654,1.0000 0.0000
chipmean,sentinel1,treatment_0021,treatment,treatment_0021,3,2,10,candidate,2,,,0.0,,4.0,0.009457335615924654,1.0000 0.0000
chipmean,sentinel1,treatment_0021,treatment,treatment_0021,3,2,10,candidate,2,,,0.0,,5.0,0.009457335615924654,1.0000 0.0000
chipmean,sentinel1,treatment_0021,treatment,treatment_0021,3,2,10,candidate,2,,,0.0,,6.0,0.009457335615924654,1.0000 0.0000
chipmean,sentinel1,treatment_0022,treatment,treatment_0022,3,2,10,path,1,1.0,0.009593296094979498,inf,True,,,
chipmean,sentinel1,treatment_0022,treatment,treatment_0022,3,2,10,path,2,2.0,0.009593296094979498,0.0,False,,,
chipmean,sentinel1,treatment_0022,treatment,treatment_0022,3,2,10,candidate,1,,,,,1.0,0.009593296094979498,1.0000
chipmean,sentinel1,treatment_0022,treatment,treatment_0022,3,2,10,candidate,1,,,,,2.0,0.01635119250263079,1.0000
chipmean,sentinel1,treatment_0022,treatment,treatment_0022,3,2,10,candidate,1,,,,,3.0,0.02454255057362005,1.0000
chipmean,sentinel1,treatment_0022,treatment,treatment_0022,3,2,10,candidate,1,,,,,4.0,0.0340283568928731,1.0000
chipmean,sentinel1,treatment_0022,treatment,treatment_0022,3,2,10,candidate,1,,,,,5.0,0.0447187266042964,1.0000
chipmean,sentinel1,treatment_0022,treatment,treatment_0022,3,2,10,candidate,1,,,,,6.0,0.05657658961235965,1.0000
chipmean,sentinel1,treatment_0022,treatment,treatment_0022,3,2,10,candidate,2,,,0.0,,2.0,0.009593296094979498,1.0000 0.0000
chipmean,sentinel1,treatment_0022,treatment,treatment_0022,3,2,10,candidate,2,,,0.0,,3.0,0.009593296094979498,1.0000 0.0000
chipmean,sentinel1,treatment_0022,treatment,treatment_0022,3,2,10,candidate,2,,,0.0,,4.0,0.009593296094979498,1.0000 0.0000
chipmean,sentinel1,treatment_0022,treatment,treatment_0022,3,2,10,candidate,2,,,0.0,,5.0,0.009593296094979498,1.0000 0.0000
chipmean,sentinel1,treatment_0022,treatment,treatment_0022,3,2,10,candidate,2,,,0.0,,6.0,0.009593296094979498,1.0000 0.0000
chipmean,sentinel1,treatment_0023,treatment,treatment_0023,3,2,10,path,1,1.0,0.008311079599520337,inf,True,,,
chipmean,sentinel1,treatment_0023,treatment,treatment_0023,3,2,10,path,2,2.0,0.008311079599520337,0.0,False,,,
chipmean,sentinel1,treatment_0023,treatment,treatment_0023,3,2,10,candidate,1,,,,,1.0,0.008311079599520337,1.0000
chipmean,sentinel1,treatment_0023,treatment,treatment_0023,3,2,10,candidate,1,,,,,2.0,0.014736218809223173,1.0000
chipmean,sentinel1,treatment_0023,treatment,treatment_0023,3,2,10,candidate,1,,,,,3.0,0.02296474601944034,1.0000
chipmean,sentinel1,treatment_0023,treatment,treatment_0023,3,2,10,candidate,1,,,,,4.0,0.03298254947319698,1.0000
chipmean,sentinel1,treatment_0023,treatment,treatment_0023,3,2,10,candidate,1,,,,,5.0,0.04477571451759381,1.0000
chipmean,sentinel1,treatment_0023,treatment,treatment_0023,3,2,10,candidate,1,,,,,6.0,0.05833052682266514,1.0000
chipmean,sentinel1,treatment_0023,treatment,treatment_0023,3,2,10,candidate,2,,,0.0,,2.0,0.008311079599520337,1.0000 0.0000
chipmean,sentinel1,treatment_0023,treatment,treatment_0023,3,2,10,candidate,2,,,0.0,,3.0,0.008311079599520337,1.0000 0.0000
chipmean,sentinel1,treatment_0023,treatment,treatment_0023,3,2,10,candidate,2,,,0.0,,4.0,0.008311079599520337,1.0000 0.0000
chipmean,sentinel1,treatment_0023,treatment,treatment_0023,3,2,10,candidate,2,,,0.0,,5.0,0.008311079599520337,1.0000 0.0000
chipmean,sentinel1,treatment_0023,treatment,treatment_0023,3,2,10,candidate,2,,,0.0,,6.0,0.008311079599520337,1.0000 0.0000
chipmean,sentinel1,treatment_0024,treatment,treatment_0024,3,2,10,path,1,1.0,0.009348658746179727,inf,True,,,
chipmean,sentinel1,treatment_0024,treatment,treatment_0024,3,2,10,path,2,2.0,0.009348658746179727,0.0,False,,,
chipmean,sentinel1,treatment_0024,treatment,treatment_0024,3,2,10,candidate,1,,,,,1.0,0.009348658746179727,1.0000
chipmean,sentinel1,treatment_0024,treatment,treatment_0024,3,2,10,candidate,1,,,,,2.0,0.01640319927245106,1.0000
chipmean,sentinel1,treatment_0024,treatment,treatment_0024,3,2,10,candidate,1,,,,,3.0,0.025302853484369888,1.0000
chipmean,sentinel1,treatment_0024,treatment,treatment_0024,3,2,10,candidate,1,,,,,4.0,0.03598162178896033,1.0000
chipmean,sentinel1,treatment_0024,treatment,treatment_0024,3,2,10,candidate,1,,,,,5.0,0.048379371185125045,1.0000
chipmean,sentinel1,treatment_0024,treatment,treatment_0024,3,2,10,candidate,1,,,,,6.0,0.06244205314099948,1.0000
chipmean,sentinel1,treatment_0024,treatment,treatment_0024,3,2,10,candidate,2,,,0.0,,2.0,0.009348658746179727,1.0000 0.0000
chipmean,sentinel1,treatment_0024,treatment,treatment_0024,3,2,10,candidate,2,,,0.0,,3.0,0.009348658746179727,1.0000 0.0000
chipmean,sentinel1,treatment_0024,treatment,treatment_0024,3,2,10,candidate,2,,,0.0,,4.0,0.009348658746179727,1.0000 0.0000
chipmean,sentinel1,treatment_0024,treatment,treatment_0024,3,2,10,candidate,2,,,0.0,,5.0,0.009348658746179727,1.0000 0.0000
chipmean,sentinel1,treatment_0024,treatment,treatment_0024,3,2,10,candidate,2,,,0.0,,6.0,0.009348658746179727,1.0000 0.0000
chipmean,sentinel1,treatment_0025,treatment,treatment_0025,3,2,10,path,1,1.0,0.00828678697251949,inf,True,,,
chipmean,sentinel1,treatment_0025,treatment,treatment_0025,3,2,10,path,2,2.0,0.00828678697251949,0.0,False,,,
chipmean,sentinel1,treatment_0025,treatment,treatment_0025,3,2,10,candidate,1,,,,,1.0,0.00828678697251949,1.0000
chipmean,sentinel1,treatment_0025,treatment,treatment_0025,3,2,10,candidate,1,,,,,2.0,0.014543756873387754,1.0000
chipmean,sentinel1,treatment_0025,treatment,treatment_0025,3,2,10,candidate,1,,,,,3.0,0.022442288544813505,1.0000
chipmean,sentinel1,treatment_0025,treatment,treatment_0025,3,2,10,candidate,1,,,,,4.0,0.0319276428641964,1.0000
chipmean,sentinel1,treatment_0025,treatment,treatment_0025,3,2,10,candidate,1,,,,,5.0,0.042951089614027035,1.0000
chipmean,sentinel1,treatment_0025,treatment,treatment_0025,3,2,10,candidate,1,,,,,6.0,0.05547008493598672,1.0000
chipmean,sentinel1,treatment_0025,treatment,treatment_0025,3,2,10,candidate,2,,,0.0,,2.0,0.00828678697251949,1.0000 0.0000
chipmean,sentinel1,treatment_0025,treatment,treatment_0025,3,2,10,candidate,2,,,0.0,,3.0,0.00828678697251949,1.0000 0.0000
chipmean,sentinel1,treatment_0025,treatment,treatment_0025,3,2,10,candidate,2,,,0.0,,4.0,0.00828678697251949,1.0000 0.0000
chipmean,sentinel1,treatment_0025,treatment,treatment_0025,3,2,10,candidate,2,,,0.0,,5.0,0.00828678697251949,1.0000 0.0000
chipmean,sentinel1,treatment_0025,treatment,treatment_0025,3,2,10,candidate,2,,,0.0,,6.0,0.00828678697251949,1.0000 0.0000
chipmean,sentinel1,treatment_0027,treatment,treatment_0027,3,2,10,path,1,1.0,0.008244087299481308,inf,True,,,
chipmean,sentinel1,treatment_0027,treatment,treatment_0027,3,2,10,path,2,2.0,0.008244087299481308,0.0,False,,,
chipmean,sentinel1,treatment_0027,treatment,treatment_0027,3,2,10,candidate,1,,,,,1.0,0.008244087299481308,1.0000
chipmean,sentinel1,treatment_0027,treatment,treatment_0027,3,2,10,candidate,1,,,,,2.0,0.013628220059212798,1.0000
chipmean,sentinel1,treatment_0027,treatment,treatment_0027,3,2,10,candidate,1,,,,,3.0,0.019841131280833337,1.0000
chipmean,sentinel1,treatment_0027,treatment,treatment_0027,3,2,10,candidate,1,,,,,4.0,0.026700646453999728,1.0000
chipmean,sentinel1,treatment_0027,treatment,treatment_0027,3,2,10,candidate,1,,,,,5.0,0.034105234824987785,1.0000
chipmean,sentinel1,treatment_0027,treatment,treatment_0027,3,2,10,candidate,1,,,,,6.0,0.04204348940942031,1.0000
chipmean,sentinel1,treatment_0027,treatment,treatment_0027,3,2,10,candidate,2,,,0.0,,2.0,0.008244087299481308,1.0000 0.0000
chipmean,sentinel1,treatment_0027,treatment,treatment_0027,3,2,10,candidate,2,,,0.0,,3.0,0.008244087299481308,1.0000 0.0000
chipmean,sentinel1,treatment_0027,treatment,treatment_0027,3,2,10,candidate,2,,,0.0,,4.0,0.008244087299481308,1.0000 0.0000
chipmean,sentinel1,treatment_0027,treatment,treatment_0027,3,2,10,candidate,2,,,0.0,,5.0,0.008244087299481308,1.0000 0.0000
chipmean,sentinel1,treatment_0027,treatment,treatment_0027,3,2,10,candidate,2,,,0.0,,6.0,0.008244087299481308,1.0000 0.0000
chipmean,sentinel1,treatment_0015,treatment,treatment_0015,3,3,10,path,1,1.0,0.009240845254308407,inf,True,,,
chipmean,sentinel1,treatment_0015,treatment,treatment_0015,3,3,10,path,2,2.0,0.009240845254308407,0.0,False,,,
chipmean,sentinel1,treatment_0015,treatment,treatment_0015,3,3,10,candidate,1,,,,,1.0,0.009240845254308407,1.0000
chipmean,sentinel1,treatment_0015,treatment,treatment_0015,3,3,10,candidate,1,,,,,2.0,0.0160987163697529,1.0000
chipmean,sentinel1,treatment_0015,treatment,treatment_0015,3,3,10,candidate,1,,,,,3.0,0.02467916109010631,1.0000
chipmean,sentinel1,treatment_0015,treatment,treatment_0015,3,3,10,candidate,1,,,,,4.0,0.03491197707796543,1.0000
chipmean,sentinel1,treatment_0015,treatment,treatment_0015,3,3,10,candidate,1,,,,,5.0,0.04674780471640763,1.0000
chipmean,sentinel1,treatment_0015,treatment,treatment_0015,3,3,10,candidate,2,,,0.0,,2.0,0.009240845254308407,1.0000 0.0000
chipmean,sentinel1,treatment_0015,treatment,treatment_0015,3,3,10,candidate,2,,,0.0,,3.0,0.009240845254308407,1.0000 0.0000
chipmean,sentinel1,treatment_0015,treatment,treatment_0015,3,3,10,candidate,2,,,0.0,,4.0,0.009240845254308407,1.0000 0.0000
chipmean,sentinel1,treatment_0015,treatment,treatment_0015,3,3,10,candidate,2,,,0.0,,5.0,0.009240845254308407,1.0000 0.0000
chipmean,sentinel1,treatment_0016,treatment,treatment_0016,3,3,10,path,1,1.0,0.011448551803848319,inf,True,,,
chipmean,sentinel1,treatment_0016,treatment,treatment_0016,3,3,10,path,2,2.0,0.011448551803848319,0.0,False,,,
chipmean,sentinel1,treatment_0016,treatment,treatment_0016,3,3,10,candidate,1,,,,,1.0,0.011448551803848319,1.0000
chipmean,sentinel1,treatment_0016,treatment,treatment_0016,3,3,10,candidate,1,,,,,2.0,0.019226402832493772,1.0000
chipmean,sentinel1,treatment_0016,treatment,treatment_0016,3,3,10,candidate,1,,,,,3.0,0.028465220450391193,1.0000
chipmean,sentinel1,treatment_0016,treatment,treatment_0016,3,3,10,candidate,1,,,,,4.0,0.03899933401996255,1.0000
chipmean,sentinel1,treatment_0016,treatment,treatment_0016,3,3,10,candidate,1,,,,,5.0,0.05077972411750975,1.0000
chipmean,sentinel1,treatment_0016,treatment,treatment_0016,3,3,10,candidate,2,,,0.0,,2.0,0.011448551803848319,1.0000 0.0000
chipmean,sentinel1,treatment_0016,treatment,treatment_0016,3,3,10,candidate,2,,,0.0,,3.0,0.011448551803848319,1.0000 0.0000
chipmean,sentinel1,treatment_0016,treatment,treatment_0016,3,3,10,candidate,2,,,0.0,,4.0,0.011448551803848319,1.0000 0.0000
chipmean,sentinel1,treatment_0016,treatment,treatment_0016,3,3,10,candidate,2,,,0.0,,5.0,0.011448551803848319,1.0000 0.0000
chipmean,sentinel1,treatment_0017,treatment,treatment_0017,3,3,10,path,1,1.0,0.009217757343058264,inf,True,,,
chipmean,sentinel1,treatment_0017,treatment,treatment_0017,3,3,10,path,2,2.0,0.009217757343058264,0.0,False,,,
chipmean,sentinel1,treatment_0017,treatment,treatment_0017,3,3,10,candidate,1,,,,,1.0,0.009217757343058264,1.0000
chipmean,sentinel1,treatment_0017,treatment,treatment_0017,3,3,10,candidate,1,,,,,2.0,0.015819512532621257,1.0000
chipmean,sentinel1,treatment_0017,treatment,treatment_0017,3,3,10,candidate,1,,,,,3.0,0.023900626236902783,1.0000
chipmean,sentinel1,treatment_0017,treatment,treatment_0017,3,3,10,candidate,1,,,,,4.0,0.03334462693579225,1.0000
chipmean,sentinel1,treatment_0017,treatment,treatment_0017,3,3,10,candidate,1,,,,,5.0,0.044076555455674564,1.0000
chipmean,sentinel1,treatment_0017,treatment,treatment_0017,3,3,10,candidate,2,,,0.0,,2.0,0.009217757343058264,1.0000 0.0000
chipmean,sentinel1,treatment_0017,treatment,treatment_0017,3,3,10,candidate,2,,,0.0,,3.0,0.009217757343058264,1.0000 0.0000
chipmean,sentinel1,treatment_0017,treatment,treatment_0017,3,3,10,candidate,2,,,0.0,,4.0,0.009217757343058264,1.0000 0.0000
chipmean,sentinel1,treatment_0017,treatment,treatment_0017,3,3,10,candidate,2,,,0.0,,5.0,0.009217757343058264,1.0000 0.0000
chipmean,sentinel1,treatment_0018,treatment,treatment_0018,3,3,10,path,1,1.0,0.008947195177485089,inf,True,,,
chipmean,sentinel1,treatment_0018,treatment,treatment_0018,3,3,10,path,2,2.0,0.008947195177485089,0.0,False,,,
chipmean,sentinel1,treatment_0018,treatment,treatment_0018,3,3,10,candidate,1,,,,,1.0,0.008947195177485089,1.0000
chipmean,sentinel1,treatment_0018,treatment,treatment_0018,3,3,10,candidate,1,,,,,2.0,0.015573571787505147,1.0000
chipmean,sentinel1,treatment_0018,treatment,treatment_0018,3,3,10,candidate,1,,,,,3.0,0.023838843231938894,1.0000
chipmean,sentinel1,treatment_0018,treatment,treatment_0018,3,3,10,candidate,1,,,,,4.0,0.033652082206921285,1.0000
chipmean,sentinel1,treatment_0018,treatment,treatment_0018,3,3,10,candidate,1,,,,,5.0,0.04493610703776909,1.0000
chipmean,sentinel1,treatment_0018,treatment,treatment_0018,3,3,10,candidate,2,,,0.0,,2.0,0.008947195177485089,1.0000 0.0000
chipmean,sentinel1,treatment_0018,treatment,treatment_0018,3,3,10,candidate,2,,,0.0,,3.0,0.008947195177485089,1.0000 0.0000
chipmean,sentinel1,treatment_0018,treatment,treatment_0018,3,3,10,candidate,2,,,0.0,,4.0,0.008947195177485089,1.0000 0.0000
chipmean,sentinel1,treatment_0018,treatment,treatment_0018,3,3,10,candidate,2,,,0.0,,5.0,0.008947195177485089,1.0000 0.0000
chipmean,sentinel1,treatment_0019,treatment,treatment_0019,3,3,10,path,1,1.0,0.008667827095305638,inf,True,,,
chipmean,sentinel1,treatment_0019,treatment,treatment_0019,3,3,10,path,2,2.0,0.008667827095305638,0.0,False,,,
chipmean,sentinel1,treatment_0019,treatment,treatment_0019,3,3,10,candidate,1,,,,,1.0,0.008667827095305638,1.0000
chipmean,sentinel1,treatment_0019,treatment,treatment_0019,3,3,10,candidate,1,,,,,2.0,0.015029185813154192,1.0000
chipmean,sentinel1,treatment_0019,treatment,treatment_0019,3,3,10,candidate,1,,,,,3.0,0.022919474466539403,1.0000
chipmean,sentinel1,treatment_0019,treatment,treatment_0019,3,3,10,candidate,1,,,,,4.0,0.03223730383491021,1.0000
chipmean,sentinel1,treatment_0019,treatment,treatment_0019,3,3,10,candidate,1,,,,,5.0,0.042897530830159354,1.0000
chipmean,sentinel1,treatment_0019,treatment,treatment_0019,3,3,10,candidate,2,,,0.0,,2.0,0.008667827095305638,1.0000 0.0000
chipmean,sentinel1,treatment_0019,treatment,treatment_0019,3,3,10,candidate,2,,,0.0,,3.0,0.008667827095305638,1.0000 0.0000
chipmean,sentinel1,treatment_0019,treatment,treatment_0019,3,3,10,candidate,2,,,0.0,,4.0,0.008667827095305638,1.0000 0.0000
chipmean,sentinel1,treatment_0019,treatment,treatment_0019,3,3,10,candidate,2,,,0.0,,5.0,0.008667827095305638,1.0000 0.0000
chipmean,sentinel1,treatment_0020,treatment,treatment_0020,3,3,10,path,1,1.0,0.00992567490455207,inf,True,,,
chipmean,sentinel1,treatment_0020,treatment,treatment_0020,3,3,10,path,2,2.0,0.00992567490455207,0.0,False,,,
chipmean,sentinel1,treatment_0020,treatment,treatment_0020,3,3,10,candidate,1,,,,,1.0,0.00992567490455207,1.0000
chipmean,sentinel1,treatment_0020,treatment,treatment_0020,3,3,10,candidate,1,,,,,2.0,0.01702345676791673,1.0000
chipmean,sentinel1,treatment_0020,treatment,treatment_0020,3,3,10,candidate,1,,,,,3.0,0.02569670950379768,1.0000
chipmean,sentinel1,treatment_0020,treatment,treatment_0020,3,3,10,candidate,1,,,,,4.0,0.03580795613563101,1.0000
chipmean,sentinel1,treatment_0020,treatment,treatment_0020,3,3,10,candidate,1,,,,,5.0,0.04726086137667411,1.0000
chipmean,sentinel1,treatment_0020,treatment,treatment_0020,3,3,10,candidate,2,,,0.0,,2.0,0.00992567490455207,1.0000 0.0000
chipmean,sentinel1,treatment_0020,treatment,treatment_0020,3,3,10,candidate,2,,,0.0,,3.0,0.00992567490455207,1.0000 0.0000
chipmean,sentinel1,treatment_0020,treatment,treatment_0020,3,3,10,candidate,2,,,0.0,,4.0,0.00992567490455207,1.0000 0.0000
chipmean,sentinel1,treatment_0020,treatment,treatment_0020,3,3,10,candidate,2,,,0.0,,5.0,0.00992567490455207,1.0000 0.0000
chipmean,sentinel1,treatment_0021,treatment,treatment_0021,3,3,10,path,1,1.0,0.009151850234089652,inf,True,,,
chipmean,sentinel1,treatment_0021,treatment,treatment_0021,3,3,10,path,2,2.0,0.009151850234089652,0.0,False,,,
chipmean,sentinel1,treatment_0021,treatment,treatment_0021,3,3,10,candidate,1,,,,,1.0,0.009151850234089652,1.0000
chipmean,sentinel1,treatment_0021,treatment,treatment_0021,3,3,10,candidate,1,,,,,2.0,0.015724000896351478,1.0000
chipmean,sentinel1,treatment_0021,treatment,treatment_0021,3,3,10,candidate,1,,,,,3.0,0.02380245896911147,1.0000
chipmean,sentinel1,treatment_0021,treatment,treatment_0021,3,3,10,candidate,1,,,,,4.0,0.033300508706679506,1.0000
chipmean,sentinel1,treatment_0021,treatment,treatment_0021,3,3,10,candidate,1,,,,,5.0,0.04418010406739068,1.0000
chipmean,sentinel1,treatment_0021,treatment,treatment_0021,3,3,10,candidate,2,,,0.0,,2.0,0.009151850234089652,1.0000 0.0000
chipmean,sentinel1,treatment_0021,treatment,treatment_0021,3,3,10,candidate,2,,,0.0,,3.0,0.009151850234089652,1.0000 0.0000
chipmean,sentinel1,treatment_0021,treatment,treatment_0021,3,3,10,candidate,2,,,0.0,,4.0,0.009151850234089652,1.0000 0.0000
chipmean,sentinel1,treatment_0021,treatment,treatment_0021,3,3,10,candidate,2,,,0.0,,5.0,0.009151850234089652,1.0000 0.0000
chipmean,sentinel1,treatment_0022,treatment,treatment_0022,3,3,10,path,1,1.0,0.009230547858733356,inf,True,,,
chipmean,sentinel1,treatment_0022,treatment,treatment_0022,3,3,10,path,2,2.0,0.009230547858733356,0.0,False,,,
chipmean,sentinel1,treatment_0022,treatment,treatment_0022,3,3,10,candidate,1,,,,,1.0,0.009230547858733356,1.0000
chipmean,sentinel1,treatment_0022,treatment,treatment_0022,3,3,10,candidate,1,,,,,2.0,0.0157674913498327,1.0000
chipmean,sentinel1,treatment_0022,treatment,treatment_0022,3,3,10,candidate,1,,,,,3.0,0.0237270045918638,1.0000
chipmean,sentinel1,treatment_0022,treatment,treatment_0022,3,3,10,candidate,1,,,,,4.0,0.032995116081183544,1.0000
chipmean,sentinel1,treatment_0022,treatment,treatment_0022,3,3,10,candidate,1,,,,,5.0,0.04350876807306328,1.0000
chipmean,sentinel1,treatment_0022,treatment,treatment_0022,3,3,10,candidate,2,,,0.0,,2.0,0.009230547858733356,1.0000 0.0000
chipmean,sentinel1,treatment_0022,treatment,treatment_0022,3,3,10,candidate,2,,,0.0,,3.0,0.009230547858733356,1.0000 0.0000
chipmean,sentinel1,treatment_0022,treatment,treatment_0022,3,3,10,candidate,2,,,0.0,,4.0,0.009230547858733356,1.0000 0.0000
chipmean,sentinel1,treatment_0022,treatment,treatment_0022,3,3,10,candidate,2,,,0.0,,5.0,0.009230547858733356,1.0000 0.0000
chipmean,sentinel1,treatment_0023,treatment,treatment_0023,3,3,10,path,1,1.0,0.008289406679366944,inf,True,,,
chipmean,sentinel1,treatment_0023,treatment,treatment_0023,3,3,10,path,2,2.0,0.008289406679366944,0.0,False,,,
chipmean,sentinel1,treatment_0023,treatment,treatment_0023,3,3,10,candidate,1,,,,,1.0,0.008289406679366944,1.0000
chipmean,sentinel1,treatment_0023,treatment,treatment_0023,3,3,10,candidate,1,,,,,2.0,0.01469800978173104,1.0000
chipmean,sentinel1,treatment_0023,treatment,treatment_0023,3,3,10,candidate,1,,,,,3.0,0.022905548123642042,1.0000
chipmean,sentinel1,treatment_0023,treatment,treatment_0023,3,3,10,candidate,1,,,,,4.0,0.03289803393192879,1.0000
chipmean,sentinel1,treatment_0023,treatment,treatment_0023,3,3,10,candidate,1,,,,,5.0,0.04466167802614602,1.0000
chipmean,sentinel1,treatment_0023,treatment,treatment_0023,3,3,10,candidate,2,,,0.0,,2.0,0.008289406679366944,1.0000 0.0000
chipmean,sentinel1,treatment_0023,treatment,treatment_0023,3,3,10,candidate,2,,,0.0,,3.0,0.008289406679366944,1.0000 0.0000
chipmean,sentinel1,treatment_0023,treatment,treatment_0023,3,3,10,candidate,2,,,0.0,,4.0,0.008289406679366944,1.0000 0.0000
chipmean,sentinel1,treatment_0023,treatment,treatment_0023,3,3,10,candidate,2,,,0.0,,5.0,0.008289406679366944,1.0000 0.0000
chipmean,sentinel1,treatment_0024,treatment,treatment_0024,3,3,10,path,1,1.0,0.00923213129497731,inf,True,,,
chipmean,sentinel1,treatment_0024,treatment,treatment_0024,3,3,10,path,2,2.0,0.00923213129497731,0.0,False,,,
chipmean,sentinel1,treatment_0024,treatment,treatment_0024,3,3,10,candidate,1,,,,,1.0,0.00923213129497731,1.0000
chipmean,sentinel1,treatment_0024,treatment,treatment_0024,3,3,10,candidate,1,,,,,2.0,0.016204099928552318,1.0000
chipmean,sentinel1,treatment_0024,treatment,treatment_0024,3,3,10,candidate,1,,,,,3.0,0.025004488687118694,1.0000
chipmean,sentinel1,treatment_0024,treatment,treatment_0024,3,3,10,candidate,1,,,,,4.0,0.03557052412320193,1.0000
chipmean,sentinel1,treatment_0024,treatment,treatment_0024,3,3,10,candidate,1,,,,,5.0,0.04784540336270413,1.0000
chipmean,sentinel1,treatment_0024,treatment,treatment_0024,3,3,10,candidate,2,,,0.0,,2.0,0.00923213129497731,1.0000 0.0000
chipmean,sentinel1,treatment_0024,treatment,treatment_0024,3,3,10,candidate,2,,,0.0,,3.0,0.00923213129497731,1.0000 0.0000
chipmean,sentinel1,treatment_0024,treatment,treatment_0024,3,3,10,candidate,2,,,0.0,,4.0,0.00923213129497731,1.0000 0.0000
chipmean,sentinel1,treatment_0024,treatment,treatment_0024,3,3,10,candidate,2,,,0.0,,5.0,0.00923213129497731,1.0000 0.0000
chipmean,sentinel1,treatment_0025,treatment,treatment_0025,3,3,10,path,1,1.0,0.008185788616657665,inf,True,,,
chipmean,sentinel1,treatment_0025,treatment,treatment_0025,3,3,10,path,2,2.0,0.008185788616657665,0.0,False,,,
chipmean,sentinel1,treatment_0025,treatment,treatment_0025,3,3,10,candidate,1,,,,,1.0,0.008185788616657665,1.0000
chipmean,sentinel1,treatment_0025,treatment,treatment_0025,3,3,10,candidate,1,,,,,2.0,0.014372380093560216,1.0000
chipmean,sentinel1,treatment_0025,treatment,treatment_0025,3,3,10,candidate,1,,,,,3.0,0.022187377602225663,1.0000
chipmean,sentinel1,treatment_0025,treatment,treatment_0025,3,3,10,candidate,1,,,,,4.0,0.03157925763218896,1.0000
chipmean,sentinel1,treatment_0025,treatment,treatment_0025,3,3,10,candidate,1,,,,,5.0,0.0425025929983726,1.0000
chipmean,sentinel1,treatment_0025,treatment,treatment_0025,3,3,10,candidate,2,,,0.0,,2.0,0.008185788616657665,1.0000 0.0000
chipmean,sentinel1,treatment_0025,treatment,treatment_0025,3,3,10,candidate,2,,,0.0,,3.0,0.008185788616657665,1.0000 0.0000
chipmean,sentinel1,treatment_0025,treatment,treatment_0025,3,3,10,candidate,2,,,0.0,,4.0,0.008185788616657665,1.0000 0.0000
chipmean,sentinel1,treatment_0025,treatment,treatment_0025,3,3,10,candidate,2,,,0.0,,5.0,0.008185788616657665,1.0000 0.0000
chipmean,sentinel1,treatment_0027,treatment,treatment_0027,3,3,10,path,1,1.0,0.007728414154477523,inf,True,,,
chipmean,sentinel1,treatment_0027,treatment,treatment_0027,3,3,10,path,2,2.0,0.007728414154477523,0.0,False,,,
chipmean,sentinel1,treatment_0027,treatment,treatment_0027,3,3,10,candidate,1,,,,,1.0,0.007728414154477523,1.0000
chipmean,sentinel1,treatment_0027,treatment,treatment_0027,3,3,10,candidate,1,,,,,2.0,0.012814269384682808,1.0000
chipmean,sentinel1,treatment_0027,treatment,treatment_0027,3,3,10,candidate,1,,,,,3.0,0.018730163703921384,1.0000
chipmean,sentinel1,treatment_0027,treatment,treatment_0027,3,3,10,candidate,1,,,,,4.0,0.02533579596737567,1.0000
chipmean,sentinel1,treatment_0027,treatment,treatment_0027,3,3,10,candidate,1,,,,,5.0,0.03257616432708544,1.0000
chipmean,sentinel1,treatment_0027,treatment,treatment_0027,3,3,10,candidate,2,,,0.0,,2.0,0.007728414154477523,1.0000 0.0000
chipmean,sentinel1,treatment_0027,treatment,treatment_0027,3,3,10,candidate,2,,,0.0,,3.0,0.007728414154477523,1.0000 0.0000
chipmean,sentinel1,treatment_0027,treatment,treatment_0027,3,3,10,candidate,2,,,0.0,,4.0,0.007728414154477523,1.0000 0.0000
chipmean,sentinel1,treatment_0027,treatment,treatment_0027,3,3,10,candidate,2,,,0.0,,5.0,0.007728414154477523,1.0000 0.0000
chipmean,sentinel1,treatment_0015,treatment,treatment_0015,3,4,10,path,1,1.0,0.00907486528904668,inf,True,,,
chipmean,sentinel1,treatment_0015,treatment,treatment_0015,3,4,10,path,2,2.0,0.00907486528904668,0.0,False,,,
chipmean,sentinel1,treatment_0015,treatment,treatment_0015,3,4,10,candidate,1,,,,,1.0,0.00907486528904668,1.0000
chipmean,sentinel1,treatment_0015,treatment,treatment_0015,3,4,10,candidate,1,,,,,2.0,0.01583020407619076,1.0000
chipmean,sentinel1,treatment_0015,treatment,treatment_0015,3,4,10,candidate,1,,,,,3.0,0.024301709856807935,1.0000
chipmean,sentinel1,treatment_0015,treatment,treatment_0015,3,4,10,candidate,1,,,,,4.0,0.034430153820707,1.0000
chipmean,sentinel1,treatment_0015,treatment,treatment_0015,3,4,10,candidate,2,,,0.0,,2.0,0.00907486528904668,1.0000 0.0000
chipmean,sentinel1,treatment_0015,treatment,treatment_0015,3,4,10,candidate,2,,,0.0,,3.0,0.00907486528904668,1.0000 0.0000
chipmean,sentinel1,treatment_0015,treatment,treatment_0015,3,4,10,candidate,2,,,0.0,,4.0,0.00907486528904668,1.0000 0.0000
chipmean,sentinel1,treatment_0016,treatment,treatment_0016,3,4,10,path,1,1.0,0.010938345813511736,inf,True,,,
chipmean,sentinel1,treatment_0016,treatment,treatment_0016,3,4,10,path,2,2.0,0.010938345813511736,0.0,False,,,
chipmean,sentinel1,treatment_0016,treatment,treatment_0016,3,4,10,candidate,1,,,,,1.0,0.010938345813511736,1.0000
chipmean,sentinel1,treatment_0016,treatment,treatment_0016,3,4,10,candidate,1,,,,,2.0,0.018453954967104263,1.0000
chipmean,sentinel1,treatment_0016,treatment,treatment_0016,3,4,10,candidate,1,,,,,3.0,0.027476260896929963,1.0000
chipmean,sentinel1,treatment_0016,treatment,treatment_0016,3,4,10,candidate,1,,,,,4.0,0.03790492362691725,1.0000
chipmean,sentinel1,treatment_0016,treatment,treatment_0016,3,4,10,candidate,2,,,0.0,,2.0,0.010938345813511736,1.0000 0.0000
chipmean,sentinel1,treatment_0016,treatment,treatment_0016,3,4,10,candidate,2,,,0.0,,3.0,0.010938345813511736,1.0000 0.0000
chipmean,sentinel1,treatment_0016,treatment,treatment_0016,3,4,10,candidate,2,,,0.0,,4.0,0.010938345813511736,1.0000 0.0000
chipmean,sentinel1,treatment_0017,treatment,treatment_0017,3,4,10,path,1,1.0,0.008939769323903658,inf,True,,,
chipmean,sentinel1,treatment_0017,treatment,treatment_0017,3,4,10,path,2,2.0,0.008939769323903658,0.0,False,,,
chipmean,sentinel1,treatment_0017,treatment,treatment_0017,3,4,10,candidate,1,,,,,1.0,0.008939769323903658,1.0000
chipmean,sentinel1,treatment_0017,treatment,treatment_0017,3,4,10,candidate,1,,,,,2.0,0.015374956321799107,1.0000
chipmean,sentinel1,treatment_0017,treatment,treatment_0017,3,4,10,candidate,1,,,,,3.0,0.023286213802958068,1.0000
chipmean,sentinel1,treatment_0017,treatment,treatment_0017,3,4,10,candidate,1,,,,,4.0,0.03257998831453118,1.0000
chipmean,sentinel1,treatment_0017,treatment,treatment_0017,3,4,10,candidate,2,,,0.0,,2.0,0.008939769323903658,1.0000 0.0000
chipmean,sentinel1,treatment_0017,treatment,treatment_0017,3,4,10,candidate,2,,,0.0,,3.0,0.008939769323903658,1.0000 0.0000
chipmean,sentinel1,treatment_0017,treatment,treatment_0017,3,4,10,candidate,2,,,0.0,,4.0,0.008939769323903658,1.0000 0.0000
chipmean,sentinel1,treatment_0018,treatment,treatment_0018,3,4,10,path,1,1.0,0.008775423924082293,inf,True,,,
chipmean,sentinel1,treatment_0018,treatment,treatment_0018,3,4,10,path,2,2.0,0.008775423924082293,0.0,False,,,
chipmean,sentinel1,treatment_0018,treatment,treatment_0018,3,4,10,candidate,1,,,,,1.0,0.008775423924082293,1.0000
chipmean,sentinel1,treatment_0018,treatment,treatment_0018,3,4,10,candidate,1,,,,,2.0,0.015286072239853368,1.0000
chipmean,sentinel1,treatment_0018,treatment,treatment_0018,3,4,10,candidate,1,,,,,3.0,0.02341817899171494,1.0000
chipmean,sentinel1,treatment_0018,treatment,treatment_0018,3,4,10,candidate,1,,,,,4.0,0.033088496074204395,1.0000
chipmean,sentinel1,treatment_0018,treatment,treatment_0018,3,4,10,candidate,2,,,0.0,,2.0,0.008775423924082293,1.0000 0.0000
chipmean,sentinel1,treatment_0018,treatment,treatment_0018,3,4,10,candidate,2,,,0.0,,3.0,0.008775423924082293,1.0000 0.0000
chipmean,sentinel1,treatment_0018,treatment,treatment_0018,3,4,10,candidate,2,,,0.0,,4.0,0.008775423924082293,1.0000 0.0000
chipmean,sentinel1,treatment_0019,treatment,treatment_0019,3,4,10,path,1,1.0,0.008470628017616612,inf,True,,,
chipmean,sentinel1,treatment_0019,treatment,treatment_0019,3,4,10,path,2,2.0,0.008470628017616612,0.0,False,,,
chipmean,sentinel1,treatment_0019,treatment,treatment_0019,3,4,10,candidate,1,,,,,1.0,0.008470628017616612,1.0000
chipmean,sentinel1,treatment_0019,treatment,treatment_0019,3,4,10,candidate,1,,,,,2.0,0.014699750765570976,1.0000
chipmean,sentinel1,treatment_0019,treatment,treatment_0019,3,4,10,candidate,1,,,,,3.0,0.02243827415507309,1.0000
chipmean,sentinel1,treatment_0019,treatment,treatment_0019,3,4,10,candidate,1,,,,,4.0,0.031593584093674125,1.0000
chipmean,sentinel1,treatment_0019,treatment,treatment_0019,3,4,10,candidate,2,,,0.0,,2.0,0.008470628017616612,1.0000 0.0000
chipmean,sentinel1,treatment_0019,treatment,treatment_0019,3,4,10,candidate,2,,,0.0,,3.0,0.008470628017616612,1.0000 0.0000
chipmean,sentinel1,treatment_0019,treatment,treatment_0019,3,4,10,candidate,2,,,0.0,,4.0,0.008470628017616612,1.0000 0.0000
chipmean,sentinel1,treatment_0020,treatment,treatment_0020,3,4,10,path,1,1.0,0.009618500932963975,inf,True,,,
chipmean,sentinel1,treatment_0020,treatment,treatment_0020,3,4,10,path,2,2.0,0.009618500932963975,0.0,False,,,
chipmean,sentinel1,treatment_0020,treatment,treatment_0020,3,4,10,candidate,1,,,,,1.0,0.009618500932963975,1.0000
chipmean,sentinel1,treatment_0020,treatment,treatment_0020,3,4,10,candidate,1,,,,,2.0,0.01652733562255935,1.0000
chipmean,sentinel1,treatment_0020,treatment,treatment_0020,3,4,10,candidate,1,,,,,3.0,0.025001899759344262,1.0000
chipmean,sentinel1,treatment_0020,treatment,treatment_0020,3,4,10,candidate,1,,,,,4.0,0.03492771050647727,1.0000
chipmean,sentinel1,treatment_0020,treatment,treatment_0020,3,4,10,candidate,2,,,0.0,,2.0,0.009618500932963975,1.0000 0.0000
chipmean,sentinel1,treatment_0020,treatment,treatment_0020,3,4,10,candidate,2,,,0.0,,3.0,0.009618500932963975,1.0000 0.0000
chipmean,sentinel1,treatment_0020,treatment,treatment_0020,3,4,10,candidate,2,,,0.0,,4.0,0.009618500932963975,1.0000 0.0000
chipmean,sentinel1,treatment_0021,treatment,treatment_0021,3,4,10,path,1,1.0,0.008889594770815757,inf,True,,,
chipmean,sentinel1,treatment_0021,treatment,treatment_0021,3,4,10,path,2,2.0,0.008889594770815757,0.0,False,,,
chipmean,sentinel1,treatment_0021,treatment,treatment_0021,3,4,10,candidate,1,,,,,1.0,0.008889594770815757,1.0000
chipmean,sentinel1,treatment_0021,treatment,treatment_0021,3,4,10,candidate,1,,,,,2.0,0.015316648008649798,1.0000
chipmean,sentinel1,treatment_0021,treatment,treatment_0021,3,4,10,candidate,1,,,,,3.0,0.02326006649527223,1.0000
chipmean,sentinel1,treatment_0021,treatment,treatment_0021,3,4,10,candidate,1,,,,,4.0,0.03265908117273031,1.0000
chipmean,sentinel1,treatment_0021,treatment,treatment_0021,3,4,10,candidate,2,,,0.0,,2.0,0.008889594770815757,1.0000 0.0000
chipmean,sentinel1,treatment_0021,treatment,treatment_0021,3,4,10,candidate,2,,,0.0,,3.0,0.008889594770815757,1.0000 0.0000
chipmean,sentinel1,treatment_0021,treatment,treatment_0021,3,4,10,candidate,2,,,0.0,,4.0,0.008889594770815757,1.0000 0.0000
chipmean,sentinel1,treatment_0022,treatment,treatment_0022,3,4,10,path,1,1.0,0.00891340020754349,inf,True,,,
chipmean,sentinel1,treatment_0022,treatment,treatment_0022,3,4,10,path,2,2.0,0.00891340020754349,0.0,False,,,
chipmean,sentinel1,treatment_0022,treatment,treatment_0022,3,4,10,candidate,1,,,,,1.0,0.00891340020754349,1.0000
chipmean,sentinel1,treatment_0022,treatment,treatment_0022,3,4,10,candidate,1,,,,,2.0,0.015265520114150404,1.0000
chipmean,sentinel1,treatment_0022,treatment,treatment_0022,3,4,10,candidate,1,,,,,3.0,0.023040916426687826,1.0000
chipmean,sentinel1,treatment_0022,treatment,treatment_0022,3,4,10,candidate,1,,,,,4.0,0.03215186782392686,1.0000
chipmean,sentinel1,treatment_0022,treatment,treatment_0022,3,4,10,candidate,2,,,0.0,,2.0,0.00891340020754349,1.0000 0.0000
chipmean,sentinel1,treatment_0022,treatment,treatment_0022,3,4,10,candidate,2,,,0.0,,3.0,0.00891340020754349,1.0000 0.0000
chipmean,sentinel1,treatment_0022,treatment,treatment_0022,3,4,10,candidate,2,,,0.0,,4.0,0.00891340020754349,1.0000 0.0000
chipmean,sentinel1,treatment_0023,treatment,treatment_0023,3,4,10,path,1,1.0,0.008267974200094348,inf,True,,,
chipmean,sentinel1,treatment_0023,treatment,treatment_0023,3,4,10,path,2,2.0,0.008267974200094348,0.0,False,,,
chipmean,sentinel1,treatment_0023,treatment,treatment_0023,3,4,10,candidate,1,,,,,1.0,0.008267974200094348,1.0000
chipmean,sentinel1,treatment_0023,treatment,treatment_0023,3,4,10,candidate,1,,,,,2.0,0.01466023019313658,1.0000
chipmean,sentinel1,treatment_0023,treatment,treatment_0023,3,4,10,candidate,1,,,,,3.0,0.022847024421262668,1.0000
chipmean,sentinel1,treatment_0023,treatment,treatment_0023,3,4,10,candidate,1,,,,,4.0,0.03281449395725348,1.0000
chipmean,sentinel1,treatment_0023,treatment,treatment_0023,3,4,10,candidate,2,,,0.0,,2.0,0.008267974200094348,1.0000 0.0000
chipmean,sentinel1,treatment_0023,treatment,treatment_0023,3,4,10,candidate,2,,,0.0,,3.0,0.008267974200094348,1.0000 0.0000
chipmean,sentinel1,treatment_0023,treatment,treatment_0023,3,4,10,candidate,2,,,0.0,,4.0,0.008267974200094348,1.0000 0.0000
chipmean,sentinel1,treatment_0024,treatment,treatment_0024,3,4,10,path,1,1.0,0.009121643678811447,inf,True,,,
chipmean,sentinel1,treatment_0024,treatment,treatment_0024,3,4,10,path,2,2.0,0.009121643678811447,0.0,False,,,
chipmean,sentinel1,treatment_0024,treatment,treatment_0024,3,4,10,candidate,1,,,,,1.0,0.009121643678811447,1.0000
chipmean,sentinel1,treatment_0024,treatment,treatment_0024,3,4,10,candidate,1,,,,,2.0,0.01601583565740119,1.0000
chipmean,sentinel1,treatment_0024,treatment,treatment_0024,3,4,10,candidate,1,,,,,3.0,0.024723227628976798,1.0000
chipmean,sentinel1,treatment_0024,treatment,treatment_0024,3,4,10,candidate,1,,,,,4.0,0.03518433737286506,1.0000
chipmean,sentinel1,treatment_0024,treatment,treatment_0024,3,4,10,candidate,2,,,0.0,,2.0,0.009121643678811447,1.0000 0.0000
chipmean,sentinel1,treatment_0024,treatment,treatment_0024,3,4,10,candidate,2,,,0.0,,3.0,0.009121643678811447,1.0000 0.0000
chipmean,sentinel1,treatment_0024,treatment,treatment_0024,3,4,10,candidate,2,,,0.0,,4.0,0.009121643678811447,1.0000 0.0000
chipmean,sentinel1,treatment_0025,treatment,treatment_0025,3,4,10,path,1,1.0,0.008090920040626576,inf,True,,,
chipmean,sentinel1,treatment_0025,treatment,treatment_0025,3,4,10,path,2,2.0,0.008090920040626576,0.0,False,,,
chipmean,sentinel1,treatment_0025,treatment,treatment_0025,3,4,10,candidate,1,,,,,1.0,0.008090920040626576,1.0000
chipmean,sentinel1,treatment_0025,treatment,treatment_0025,3,4,10,candidate,1,,,,,2.0,0.014211968924317921,1.0000
chipmean,sentinel1,treatment_0025,treatment,treatment_0025,3,4,10,candidate,1,,,,,3.0,0.02194973025730149,1.0000
chipmean,sentinel1,treatment_0025,treatment,treatment_0025,3,4,10,candidate,1,,,,,4.0,0.03125595261154406,1.0000
chipmean,sentinel1,treatment_0025,treatment,treatment_0025,3,4,10,candidate,2,,,0.0,,2.0,0.008090920040626576,1.0000 0.0000
chipmean,sentinel1,treatment_0025,treatment,treatment_0025,3,4,10,candidate,2,,,0.0,,3.0,0.008090920040626576,1.0000 0.0000
chipmean,sentinel1,treatment_0025,treatment,treatment_0025,3,4,10,candidate,2,,,0.0,,4.0,0.008090920040626576,1.0000 0.0000
chipmean,sentinel1,treatment_0027,treatment,treatment_0027,3,4,10,path,1,1.0,0.007288986585242465,inf,True,,,
chipmean,sentinel1,treatment_0027,treatment,treatment_0027,3,4,10,path,2,2.0,0.007288986585242465,0.0,False,,,
chipmean,sentinel1,treatment_0027,treatment,treatment_0027,3,4,10,candidate,1,,,,,1.0,0.007288986585242465,1.0000
chipmean,sentinel1,treatment_0027,treatment,treatment_0027,3,4,10,candidate,1,,,,,2.0,0.012136203249080792,1.0000
chipmean,sentinel1,treatment_0027,treatment,treatment_0027,3,4,10,candidate,1,,,,,3.0,0.01783442594470245,1.0000
chipmean,sentinel1,treatment_0027,treatment,treatment_0027,3,4,10,candidate,1,,,,,4.0,0.024288570414252576,1.0000
chipmean,sentinel1,treatment_0027,treatment,treatment_0027,3,4,10,candidate,2,,,0.0,,2.0,0.007288986585242465,1.0000 0.0000
chipmean,sentinel1,treatment_0027,treatment,treatment_0027,3,4,10,candidate,2,,,0.0,,3.0,0.007288986585242465,1.0000 0.0000
chipmean,sentinel1,treatment_0027,treatment,treatment_0027,3,4,10,candidate,2,,,0.0,,4.0,0.007288986585242465,1.0000 0.0000
chipmean,sentinel1,treatment_0015,treatment,treatment_0015,3,5,10,path,1,1.0,0.008928862323175265,inf,True,,,
chipmean,sentinel1,treatment_0015,treatment,treatment_0015,3,5,10,path,2,2.0,0.008928862323175265,0.0,False,,,
chipmean,sentinel1,treatment_0015,treatment,treatment_0015,3,5,10,candidate,1,,,,,1.0,0.008928862323175265,1.0000
chipmean,sentinel1,treatment_0015,treatment,treatment_0015,3,5,10,candidate,1,,,,,2.0,0.015597690688348691,1.0000
chipmean,sentinel1,treatment_0015,treatment,treatment_0015,3,5,10,candidate,1,,,,,3.0,0.02398143803593604,1.0000
chipmean,sentinel1,treatment_0015,treatment,treatment_0015,3,5,10,candidate,2,,,0.0,,2.0,0.008928862323175265,1.0000 0.0000
chipmean,sentinel1,treatment_0015,treatment,treatment_0015,3,5,10,candidate,2,,,0.0,,3.0,0.008928862323175265,1.0000 0.0000
chipmean,sentinel1,treatment_0016,treatment,treatment_0016,3,5,10,path,1,1.0,0.010528492609178597,inf,True,,,
chipmean,sentinel1,treatment_0016,treatment,treatment_0016,3,5,10,path,2,2.0,0.010528492609178597,0.0,False,,,
chipmean,sentinel1,treatment_0016,treatment,treatment_0016,3,5,10,candidate,1,,,,,1.0,0.010528492609178597,1.0000
chipmean,sentinel1,treatment_0016,treatment,treatment_0016,3,5,10,candidate,1,,,,,2.0,0.017866324417122957,1.0000
chipmean,sentinel1,treatment_0016,treatment,treatment_0016,3,5,10,candidate,1,,,,,3.0,0.026789778515759095,1.0000
chipmean,sentinel1,treatment_0016,treatment,treatment_0016,3,5,10,candidate,2,,,0.0,,2.0,0.010528492609178597,1.0000 0.0000
chipmean,sentinel1,treatment_0016,treatment,treatment_0016,3,5,10,candidate,2,,,0.0,,3.0,0.010528492609178597,1.0000 0.0000
chipmean,sentinel1,treatment_0017,treatment,treatment_0017,3,5,10,path,1,1.0,0.00869912746799123,inf,True,,,
chipmean,sentinel1,treatment_0017,treatment,treatment_0017,3,5,10,path,2,2.0,0.00869912746799123,0.0,False,,,
chipmean,sentinel1,treatment_0017,treatment,treatment_0017,3,5,10,candidate,1,,,,,1.0,0.00869912746799123,1.0000
chipmean,sentinel1,treatment_0017,treatment,treatment_0017,3,5,10,candidate,1,,,,,2.0,0.014998859303157782,1.0000
chipmean,sentinel1,treatment_0017,treatment,treatment_0017,3,5,10,candidate,1,,,,,3.0,0.022782630180732507,1.0000
chipmean,sentinel1,treatment_0017,treatment,treatment_0017,3,5,10,candidate,2,,,0.0,,2.0,0.00869912746799123,1.0000 0.0000
chipmean,sentinel1,treatment_0017,treatment,treatment_0017,3,5,10,candidate,2,,,0.0,,3.0,0.00869912746799123,1.0000 0.0000
chipmean,sentinel1,treatment_0018,treatment,treatment_0018,3,5,10,path,1,1.0,0.008617096918637403,inf,True,,,
chipmean,sentinel1,treatment_0018,treatment,treatment_0018,3,5,10,path,2,2.0,0.008617096918637403,0.0,False,,,
chipmean,sentinel1,treatment_0018,treatment,treatment_0018,3,5,10,candidate,1,,,,,1.0,0.008617096918637403,1.0000
chipmean,sentinel1,treatment_0018,treatment,treatment_0018,3,5,10,candidate,1,,,,,2.0,0.015022960912442875,1.0000
chipmean,sentinel1,treatment_0018,treatment,treatment_0018,3,5,10,candidate,1,,,,,3.0,0.02303649664445652,1.0000
chipmean,sentinel1,treatment_0018,treatment,treatment_0018,3,5,10,candidate,2,,,0.0,,2.0,0.008617096918637403,1.0000 0.0000
chipmean,sentinel1,treatment_0018,treatment,treatment_0018,3,5,10,candidate,2,,,0.0,,3.0,0.008617096918637403,1.0000 0.0000
chipmean,sentinel1,treatment_0019,treatment,treatment_0019,3,5,10,path,1,1.0,0.008289307919449198,inf,True,,,
chipmean,sentinel1,treatment_0019,treatment,treatment_0019,3,5,10,path,2,2.0,0.008289307919449198,0.0,False,,,
chipmean,sentinel1,treatment_0019,treatment,treatment_0019,3,5,10,candidate,1,,,,,1.0,0.008289307919449198,1.0000
chipmean,sentinel1,treatment_0019,treatment,treatment_0019,3,5,10,candidate,1,,,,,2.0,0.014398946836184647,1.0000
chipmean,sentinel1,treatment_0019,treatment,treatment_0019,3,5,10,candidate,1,,,,,3.0,0.022002572642748394,1.0000
chipmean,sentinel1,treatment_0019,treatment,treatment_0019,3,5,10,candidate,2,,,0.0,,2.0,0.008289307919449198,1.0000 0.0000
chipmean,sentinel1,treatment_0019,treatment,treatment_0019,3,5,10,candidate,2,,,0.0,,3.0,0.008289307919449198,1.0000 0.0000
chipmean,sentinel1,treatment_0020,treatment,treatment_0020,3,5,10,path,1,1.0,0.009348812387684166,inf,True,,,
chipmean,sentinel1,treatment_0020,treatment,treatment_0020,3,5,10,path,2,2.0,0.009348812387684166,0.0,False,,,
chipmean,sentinel1,treatment_0020,treatment,treatment_0020,3,5,10,candidate,1,,,,,1.0,0.009348812387684166,1.0000
chipmean,sentinel1,treatment_0020,treatment,treatment_0020,3,5,10,candidate,1,,,,,2.0,0.016099740342672666,1.0000
chipmean,sentinel1,treatment_0020,treatment,treatment_0020,3,5,10,candidate,1,,,,,3.0,0.02441804168502339,1.0000
chipmean,sentinel1,treatment_0020,treatment,treatment_0020,3,5,10,candidate,2,,,0.0,,2.0,0.009348812387684166,1.0000 0.0000
chipmean,sentinel1,treatment_0020,treatment,treatment_0020,3,5,10,candidate,2,,,0.0,,3.0,0.009348812387684166,1.0000 0.0000
chipmean,sentinel1,treatment_0021,treatment,treatment_0021,3,5,10,path,1,1.0,0.00867149905886726,inf,True,,,
chipmean,sentinel1,treatment_0021,treatment,treatment_0021,3,5,10,path,2,2.0,0.00867149905886726,0.0,False,,,
chipmean,sentinel1,treatment_0021,treatment,treatment_0021,3,5,10,candidate,1,,,,,1.0,0.00867149905886726,1.0000
chipmean,sentinel1,treatment_0021,treatment,treatment_0021,3,5,10,candidate,1,,,,,2.0,0.01498951382404567,1.0000
chipmean,sentinel1,treatment_0021,treatment,treatment_0021,3,5,10,candidate,1,,,,,3.0,0.02284654047212253,1.0000
chipmean,sentinel1,treatment_0021,treatment,treatment_0021,3,5,10,candidate,2,,,0.0,,2.0,0.00867149905886726,1.0000 0.0000
chipmean,sentinel1,treatment_0021,treatment,treatment_0021,3,5,10,candidate,2,,,0.0,,3.0,0.00867149905886726,1.0000 0.0000
chipmean,sentinel1,treatment_0022,treatment,treatment_0022,3,5,10,path,1,1.0,0.008642499254060706,inf,True,,,
chipmean,sentinel1,treatment_0022,treatment,treatment_0022,3,5,10,path,2,2.0,0.008642499254060706,0.0,False,,,
chipmean,sentinel1,treatment_0022,treatment,treatment_0022,3,5,10,candidate,1,,,,,1.0,0.008642499254060706,1.0000
chipmean,sentinel1,treatment_0022,treatment,treatment_0022,3,5,10,candidate,1,,,,,2.0,0.014847050416248739,1.0000
chipmean,sentinel1,treatment_0022,treatment,treatment_0022,3,5,10,candidate,1,,,,,3.0,0.022488033595842,1.0000
chipmean,sentinel1,treatment_0022,treatment,treatment_0022,3,5,10,candidate,2,,,0.0,,2.0,0.008642499254060706,1.0000 0.0000
chipmean,sentinel1,treatment_0022,treatment,treatment_0022,3,5,10,candidate,2,,,0.0,,3.0,0.008642499254060706,1.0000 0.0000
chipmean,sentinel1,treatment_0023,treatment,treatment_0023,3,5,10,path,1,1.0,0.008246783849270958,inf,True,,,
chipmean,sentinel1,treatment_0023,treatment,treatment_0023,3,5,10,path,2,2.0,0.008246783849270958,0.0,False,,,
chipmean,sentinel1,treatment_0023,treatment,treatment_0023,3,5,10,candidate,1,,,,,1.0,0.008246783849270958,1.0000
chipmean,sentinel1,treatment_0023,treatment,treatment_0023,3,5,10,candidate,1,,,,,2.0,0.01462288312004156,1.0000
chipmean,sentinel1,treatment_0023,treatment,treatment_0023,3,5,10,candidate,1,,,,,3.0,0.022789179839005823,1.0000
chipmean,sentinel1,treatment_0023,treatment,treatment_0023,3,5,10,candidate,2,,,0.0,,2.0,0.008246783849270958,1.0000 0.0000
chipmean,sentinel1,treatment_0023,treatment,treatment_0023,3,5,10,candidate,2,,,0.0,,3.0,0.008246783849270958,1.0000 0.0000
chipmean,sentinel1,treatment_0024,treatment,treatment_0024,3,5,10,path,1,1.0,0.009017280836782052,inf,True,,,
chipmean,sentinel1,treatment_0024,treatment,treatment_0024,3,5,10,path,2,2.0,0.009017280836782052,0.0,False,,,
chipmean,sentinel1,treatment_0024,treatment,treatment_0024,3,5,10,candidate,1,,,,,1.0,0.009017280836782052,1.0000
chipmean,sentinel1,treatment_0024,treatment,treatment_0024,3,5,10,candidate,1,,,,,2.0,0.015838576121381513,1.0000
chipmean,sentinel1,treatment_0024,treatment,treatment_0024,3,5,10,candidate,1,,,,,3.0,0.024459364668598653,1.0000
chipmean,sentinel1,treatment_0024,treatment,treatment_0024,3,5,10,candidate,2,,,0.0,,2.0,0.009017280836782052,1.0000 0.0000
chipmean,sentinel1,treatment_0024,treatment,treatment_0024,3,5,10,candidate,2,,,0.0,,3.0,0.009017280836782052,1.0000 0.0000
chipmean,sentinel1,treatment_0025,treatment,treatment_0025,3,5,10,path,1,1.0,0.008002241146314112,inf,True,,,
chipmean,sentinel1,treatment_0025,treatment,treatment_0025,3,5,10,path,2,2.0,0.008002241146314112,0.0,False,,,
chipmean,sentinel1,treatment_0025,treatment,treatment_0025,3,5,10,candidate,1,,,,,1.0,0.008002241146314112,1.0000
chipmean,sentinel1,treatment_0025,treatment,treatment_0025,3,5,10,candidate,1,,,,,2.0,0.014062649878857001,1.0000
chipmean,sentinel1,treatment_0025,treatment,treatment_0025,3,5,10,candidate,1,,,,,3.0,0.021729575633800378,1.0000
chipmean,sentinel1,treatment_0025,treatment,treatment_0025,3,5,10,candidate,2,,,0.0,,2.0,0.008002241146314112,1.0000 0.0000
chipmean,sentinel1,treatment_0025,treatment,treatment_0025,3,5,10,candidate,2,,,0.0,,3.0,0.008002241146314112,1.0000 0.0000
chipmean,sentinel1,treatment_0027,treatment,treatment_0027,3,5,10,path,1,1.0,0.006926423834292882,inf,True,,,
chipmean,sentinel1,treatment_0027,treatment,treatment_0027,3,5,10,path,2,2.0,0.006926423834292882,0.0,False,,,
chipmean,sentinel1,treatment_0027,treatment,treatment_0027,3,5,10,candidate,1,,,,,1.0,0.006926423834292882,1.0000
chipmean,sentinel1,treatment_0027,treatment,treatment_0027,3,5,10,candidate,1,,,,,2.0,0.011597185924870208,1.0000
chipmean,sentinel1,treatment_0027,treatment,treatment_0027,3,5,10,candidate,1,,,,,3.0,0.017162133675056118,1.0000
chipmean,sentinel1,treatment_0027,treatment,treatment_0027,3,5,10,candidate,2,,,0.0,,2.0,0.006926423834292882,1.0000 0.0000
chipmean,sentinel1,treatment_0027,treatment,treatment_0027,3,5,10,candidate,2,,,0.0,,3.0,0.006926423834292882,1.0000 0.0000
chipmean,sentinel1,treatment_0015,treatment,treatment_0015,3,6,10,path,1,1.0,0.008803269621049627,inf,True,,,
chipmean,sentinel1,treatment_0015,treatment,treatment_0015,3,6,10,path,2,2.0,0.008803269621049627,0.0,False,,,
chipmean,sentinel1,treatment_0015,treatment,treatment_0015,3,6,10,candidate,1,,,,,1.0,0.008803269621049627,1.0000
chipmean,sentinel1,treatment_0015,treatment,treatment_0015,3,6,10,candidate,1,,,,,2.0,0.015402096323987154,1.0000
chipmean,sentinel1,treatment_0015,treatment,treatment_0015,3,6,10,candidate,2,,,0.0,,2.0,0.008803269621049627,1.0000 0.0000
chipmean,sentinel1,treatment_0016,treatment,treatment_0016,3,6,10,path,1,1.0,0.010225130459163215,inf,True,,,
chipmean,sentinel1,treatment_0016,treatment,treatment_0016,3,6,10,path,2,2.0,0.010225130459163215,0.0,False,,,
chipmean,sentinel1,treatment_0016,treatment,treatment_0016,3,6,10,candidate,1,,,,,1.0,0.010225130459163215,1.0000
chipmean,sentinel1,treatment_0016,treatment,treatment_0016,3,6,10,candidate,1,,,,,2.0,0.017477639334951403,1.0000
chipmean,sentinel1,treatment_0016,treatment,treatment_0016,3,6,10,candidate,2,,,0.0,,2.0,0.010225130459163215,1.0000 0.0000
chipmean,sentinel1,treatment_0017,treatment,treatment_0017,3,6,10,path,1,1.0,0.008497675906362119,inf,True,,,
chipmean,sentinel1,treatment_0017,treatment,treatment_0017,3,6,10,path,2,2.0,0.008497675906362119,0.0,False,,,
chipmean,sentinel1,treatment_0017,treatment,treatment_0017,3,6,10,candidate,1,,,,,1.0,0.008497675906362119,1.0000
chipmean,sentinel1,treatment_0017,treatment,treatment_0017,3,6,10,candidate,1,,,,,2.0,0.01469504619610287,1.0000
chipmean,sentinel1,treatment_0017,treatment,treatment_0017,3,6,10,candidate,2,,,0.0,,2.0,0.008497675906362119,1.0000 0.0000
chipmean,sentinel1,treatment_0018,treatment,treatment_0018,3,6,10,path,1,1.0,0.008472644043373173,inf,True,,,
chipmean,sentinel1,treatment_0018,treatment,treatment_0018,3,6,10,path,2,2.0,0.008472644043373173,0.0,False,,,
chipmean,sentinel1,treatment_0018,treatment,treatment_0018,3,6,10,candidate,1,,,,,1.0,0.008472644043373173,1.0000
chipmean,sentinel1,treatment_0018,treatment,treatment_0018,3,6,10,candidate,1,,,,,2.0,0.014785100781869386,1.0000
chipmean,sentinel1,treatment_0018,treatment,treatment_0018,3,6,10,candidate,2,,,0.0,,2.0,0.008472644043373173,1.0000 0.0000
chipmean,sentinel1,treatment_0019,treatment,treatment_0019,3,6,10,path,1,1.0,0.00812422596683139,inf,True,,,
chipmean,sentinel1,treatment_0019,treatment,treatment_0019,3,6,10,path,2,2.0,0.00812422596683139,0.0,False,,,
chipmean,sentinel1,treatment_0019,treatment,treatment_0019,3,6,10,candidate,1,,,,,1.0,0.00812422596683139,1.0000
chipmean,sentinel1,treatment_0019,treatment,treatment_0019,3,6,10,candidate,1,,,,,2.0,0.014127528648181103,1.0000
chipmean,sentinel1,treatment_0019,treatment,treatment_0019,3,6,10,candidate,2,,,0.0,,2.0,0.00812422596683139,1.0000 0.0000
chipmean,sentinel1,treatment_0020,treatment,treatment_0020,3,6,10,path,1,1.0,0.00911834311245457,inf,True,,,
chipmean,sentinel1,treatment_0020,treatment,treatment_0020,3,6,10,path,2,2.0,0.00911834311245457,0.0,False,,,
chipmean,sentinel1,treatment_0020,treatment,treatment_0020,3,6,10,candidate,1,,,,,1.0,0.00911834311245457,1.0000
chipmean,sentinel1,treatment_0020,treatment,treatment_0020,3,6,10,candidate,1,,,,,2.0,0.01574456047601423,1.0000
chipmean,sentinel1,treatment_0020,treatment,treatment_0020,3,6,10,candidate,2,,,0.0,,2.0,0.00911834311245457,1.0000 0.0000
chipmean,sentinel1,treatment_0021,treatment,treatment_0021,3,6,10,path,1,1.0,0.008499140532601267,inf,True,,,
chipmean,sentinel1,treatment_0021,treatment,treatment_0021,3,6,10,path,2,2.0,0.008499140532601267,0.0,False,,,
chipmean,sentinel1,treatment_0021,treatment,treatment_0021,3,6,10,candidate,1,,,,,1.0,0.008499140532601267,1.0000
chipmean,sentinel1,treatment_0021,treatment,treatment_0021,3,6,10,candidate,1,,,,,2.0,0.014746137313733582,1.0000
chipmean,sentinel1,treatment_0021,treatment,treatment_0021,3,6,10,candidate,2,,,0.0,,2.0,0.008499140532601267,1.0000 0.0000
chipmean,sentinel1,treatment_0022,treatment,treatment_0022,3,6,10,path,1,1.0,0.008419048182886779,inf,True,,,
chipmean,sentinel1,treatment_0022,treatment,treatment_0022,3,6,10,path,2,2.0,0.008419048182886779,0.0,False,,,
chipmean,sentinel1,treatment_0022,treatment,treatment_0022,3,6,10,candidate,1,,,,,1.0,0.008419048182886779,1.0000
chipmean,sentinel1,treatment_0022,treatment,treatment_0022,3,6,10,candidate,1,,,,,2.0,0.014514849914239276,1.0000
chipmean,sentinel1,treatment_0022,treatment,treatment_0022,3,6,10,candidate,2,,,0.0,,2.0,0.008419048182886779,1.0000 0.0000
chipmean,sentinel1,treatment_0023,treatment,treatment_0023,3,6,10,path,1,1.0,0.008225837383244573,inf,True,,,
chipmean,sentinel1,treatment_0023,treatment,treatment_0023,3,6,10,path,2,2.0,0.008225837383244573,0.0,False,,,
chipmean,sentinel1,treatment_0023,treatment,treatment_0023,3,6,10,candidate,1,,,,,1.0,0.008225837383244573,1.0000
chipmean,sentinel1,treatment_0023,treatment,treatment_0023,3,6,10,candidate,1,,,,,2.0,0.014585971761311996,1.0000
chipmean,sentinel1,treatment_0023,treatment,treatment_0023,3,6,10,candidate,2,,,0.0,,2.0,0.008225837383244573,1.0000 0.0000
chipmean,sentinel1,treatment_0024,treatment,treatment_0024,3,6,10,path,1,1.0,0.008919144457280953,inf,True,,,
chipmean,sentinel1,treatment_0024,treatment,treatment_0024,3,6,10,path,2,2.0,0.008919144457280953,0.0,False,,,
chipmean,sentinel1,treatment_0024,treatment,treatment_0024,3,6,10,candidate,1,,,,,1.0,0.008919144457280953,1.0000
chipmean,sentinel1,treatment_0024,treatment,treatment_0024,3,6,10,candidate,1,,,,,2.0,0.015672520841178636,1.0000
chipmean,sentinel1,treatment_0024,treatment,treatment_0024,3,6,10,candidate,2,,,0.0,,2.0,0.008919144457280953,1.0000 0.0000
chipmean,sentinel1,treatment_0025,treatment,treatment_0025,3,6,10,path,1,1.0,0.007919829826427789,inf,True,,,
chipmean,sentinel1,treatment_0025,treatment,treatment_0025,3,6,10,path,2,2.0,0.007919829826427789,0.0,False,,,
chipmean,sentinel1,treatment_0025,treatment,treatment_0025,3,6,10,candidate,1,,,,,1.0,0.007919829826427789,1.0000
chipmean,sentinel1,treatment_0025,treatment,treatment_0025,3,6,10,candidate,1,,,,,2.0,0.013924581594274392,1.0000
chipmean,sentinel1,treatment_0025,treatment,treatment_0025,3,6,10,candidate,2,,,0.0,,2.0,0.007919829826427789,1.0000 0.0000
chipmean,sentinel1,treatment_0027,treatment,treatment_0027,3,6,10,path,1,1.0,0.006643180443971188,inf,True,,,
chipmean,sentinel1,treatment_0027,treatment,treatment_0027,3,6,10,path,2,2.0,0.006643180443971188,0.0,False,,,
chipmean,sentinel1,treatment_0027,treatment,treatment_0027,3,6,10,candidate,1,,,,,1.0,0.006643180443971188,1.0000
chipmean,sentinel1,treatment_0027,treatment,treatment_0027,3,6,10,candidate,1,,,,,2.0,0.011203693973470435,1.0000
chipmean,sentinel1,treatment_0027,treatment,treatment_0027,3,6,10,candidate,2,,,0.0,,2.0,0.006643180443971188,1.0000 0.0000
chipmean,sentinel1,treatment_0015,treatment,treatment_0015,3,7,10,path,1,1.0,0.00869865516570769,inf,True,,,
chipmean,sentinel1,treatment_0015,treatment,treatment_0015,3,7,10,candidate,1,,,,,1.0,0.00869865516570769,1.0000
chipmean,sentinel1,treatment_0016,treatment,treatment_0016,3,7,10,path,1,1.0,0.010037280795367396,inf,True,,,
chipmean,sentinel1,treatment_0016,treatment,treatment_0016,3,7,10,candidate,1,,,,,1.0,0.010037280795367396,1.0000
chipmean,sentinel1,treatment_0017,treatment,treatment_0017,3,7,10,path,1,1.0,0.008337748521154646,inf,True,,,
chipmean,sentinel1,treatment_0017,treatment,treatment_0017,3,7,10,candidate,1,,,,,1.0,0.008337748521154646,1.0000
chipmean,sentinel1,treatment_0018,treatment,treatment_0018,3,7,10,path,1,1.0,0.00834258381585321,inf,True,,,
chipmean,sentinel1,treatment_0018,treatment,treatment_0018,3,7,10,candidate,1,,,,,1.0,0.00834258381585321,1.0000
chipmean,sentinel1,treatment_0019,treatment,treatment_0019,3,7,10,path,1,1.0,0.007975845553743395,inf,True,,,
chipmean,sentinel1,treatment_0019,treatment,treatment_0019,3,7,10,candidate,1,,,,,1.0,0.007975845553743395,1.0000
chipmean,sentinel1,treatment_0020,treatment,treatment_0020,3,7,10,path,1,1.0,0.00892955234964885,inf,True,,,
chipmean,sentinel1,treatment_0020,treatment,treatment_0020,3,7,10,candidate,1,,,,,1.0,0.00892955234964885,1.0000
chipmean,sentinel1,treatment_0021,treatment,treatment_0021,3,7,10,path,1,1.0,0.008374757539988698,inf,True,,,
chipmean,sentinel1,treatment_0021,treatment,treatment_0021,3,7,10,candidate,1,,,,,1.0,0.008374757539988698,1.0000
chipmean,sentinel1,treatment_0022,treatment,treatment_0022,3,7,10,path,1,1.0,0.008244814493591004,inf,True,,,
chipmean,sentinel1,treatment_0022,treatment,treatment_0022,3,7,10,candidate,1,,,,,1.0,0.008244814493591004,1.0000
chipmean,sentinel1,treatment_0023,treatment,treatment_0023,3,7,10,path,1,1.0,0.008205136627133802,inf,True,,,
chipmean,sentinel1,treatment_0023,treatment,treatment_0023,3,7,10,candidate,1,,,,,1.0,0.008205136627133802,1.0000
chipmean,sentinel1,treatment_0024,treatment,treatment_0024,3,7,10,path,1,1.0,0.008827353061769017,inf,True,,,
chipmean,sentinel1,treatment_0024,treatment,treatment_0024,3,7,10,candidate,1,,,,,1.0,0.008827353061769017,1.0000
chipmean,sentinel1,treatment_0025,treatment,treatment_0025,3,7,10,path,1,1.0,0.007843782102924293,inf,True,,,
chipmean,sentinel1,treatment_0025,treatment,treatment_0025,3,7,10,candidate,1,,,,,1.0,0.007843782102924293,1.0000
chipmean,sentinel1,treatment_0027,treatment,treatment_0027,3,7,10,path,1,1.0,0.006443609028297439,inf,True,,,
chipmean,sentinel1,treatment_0027,treatment,treatment_0027,3,7,10,candidate,1,,,,,1.0,0.006443609028297439,1.0000
chipmean,sentinel2,treatment_0001,treatment,treatment_0001,2,2,10,path,1,1.0,0.007019844752583014,inf,True,,,
chipmean,sentinel2,treatment_0001,treatment,treatment_0001,2,2,10,path,2,2.0,0.007019844752583014,0.0,False,,,
chipmean,sentinel2,treatment_0001,treatment,treatment_0001,2,2,10,candidate,1,,,,,1.0,0.007019844752583014,1.0000
chipmean,sentinel2,treatment_0001,treatment,treatment_0001,2,2,10,candidate,1,,,,,2.0,0.015295907214005564,1.0000
chipmean,sentinel2,treatment_0001,treatment,treatment_0001,2,2,10,candidate,1,,,,,3.0,0.026371325245794115,1.0000
chipmean,sentinel2,treatment_0001,treatment,treatment_0001,2,2,10,candidate,1,,,,,4.0,0.04002061938785609,1.0000
chipmean,sentinel2,treatment_0001,treatment,treatment_0001,2,2,10,candidate,1,,,,,5.0,0.05606744153723537,1.0000
chipmean,sentinel2,treatment_0001,treatment,treatment_0001,2,2,10,candidate,1,,,,,6.0,0.07439247963464726,1.0000
chipmean,sentinel2,treatment_0001,treatment,treatment_0001,2,2,10,candidate,1,,,,,7.0,0.094946639965585,1.0000
chipmean,sentinel2,treatment_0001,treatment,treatment_0001,2,2,10,candidate,2,,,0.0,,2.0,0.007019844752583014,1.0000 0.0000
chipmean,sentinel2,treatment_0001,treatment,treatment_0001,2,2,10,candidate,2,,,0.0,,3.0,0.007019844752583014,1.0000 0.0000
chipmean,sentinel2,treatment_0001,treatment,treatment_0001,2,2,10,candidate,2,,,0.0,,4.0,0.007019844752583014,1.0000 0.0000
chipmean,sentinel2,treatment_0001,treatment,treatment_0001,2,2,10,candidate,2,,,0.0,,5.0,0.007019844752583014,1.0000 0.0000
chipmean,sentinel2,treatment_0001,treatment,treatment_0001,2,2,10,candidate,2,,,0.0,,6.0,0.007019844752583014,1.0000 0.0000
chipmean,sentinel2,treatment_0001,treatment,treatment_0001,2,2,10,candidate,2,,,0.0,,7.0,0.007019844752583014,1.0000 0.0000
chipmean,sentinel2,treatment_0002,treatment,treatment_0002,2,2,10,path,1,1.0,0.0063826203004697865,inf,True,,,
chipmean,sentinel2,treatment_0002,treatment,treatment_0002,2,2,10,path,2,2.0,0.0063826203004697865,0.0,False,,,
chipmean,sentinel2,treatment_0002,treatment,treatment_0002,2,2,10,candidate,1,,,,,1.0,0.0063826203004697865,1.0000
chipmean,sentinel2,treatment_0002,treatment,treatment_0002,2,2,10,candidate,1,,,,,2.0,0.0143430668813785,1.0000
chipmean,sentinel2,treatment_0002,treatment,treatment_0002,2,2,10,candidate,1,,,,,3.0,0.02546669036325928,1.0000
chipmean,sentinel2,treatment_0002,treatment,treatment_0002,2,2,10,candidate,1,,,,,4.0,0.039740777633743715,1.0000
chipmean,sentinel2,treatment_0002,treatment,treatment_0002,2,2,10,candidate,1,,,,,5.0,0.05715207851073812,1.0000
chipmean,sentinel2,treatment_0002,treatment,treatment_0002,2,2,10,candidate,1,,,,,6.0,0.07768674115310664,1.0000
chipmean,sentinel2,treatment_0002,treatment,treatment_0002,2,2,10,candidate,1,,,,,7.0,0.10133027476460135,1.0000
chipmean,sentinel2,treatment_0002,treatment,treatment_0002,2,2,10,candidate,2,,,0.0,,2.0,0.0063826203004697865,1.0000 0.0000
chipmean,sentinel2,treatment_0002,treatment,treatment_0002,2,2,10,candidate,2,,,0.0,,3.0,0.0063826203004697865,1.0000 0.0000
chipmean,sentinel2,treatment_0002,treatment,treatment_0002,2,2,10,candidate,2,,,0.0,,4.0,0.0063826203004697865,1.0000 0.0000
chipmean,sentinel2,treatment_0002,treatment,treatment_0002,2,2,10,candidate,2,,,0.0,,5.0,0.0063826203004697865,1.0000 0.0000
chipmean,sentinel2,treatment_0002,treatment,treatment_0002,2,2,10,candidate,2,,,0.0,,6.0,0.0063826203004697865,1.0000 0.0000
chipmean,sentinel2,treatment_0002,treatment,treatment_0002,2,2,10,candidate,2,,,0.0,,7.0,0.0063826203004697865,1.0000 0.0000
chipmean,sentinel2,treatment_0003,treatment,treatment_0003,2,2,10,path,1,1.0,0.00800487102883358,inf,True,,,
chipmean,sentinel2,treatment_0003,treatment,treatment_0003,2,2,10,path,2,2.0,0.00800487102883358,0.0,False,,,
chipmean,sentinel2,treatment_0003,treatment,treatment_0003,2,2,10,candidate,1,,,,,1.0,0.00800487102883358,1.0000
chipmean,sentinel2,treatment_0003,treatment,treatment_0003,2,2,10,candidate,1,,,,,2.0,0.017739656703637214,1.0000
chipmean,sentinel2,treatment_0003,treatment,treatment_0003,2,2,10,candidate,1,,,,,3.0,0.03106842230246267,1.0000
chipmean,sentinel2,treatment_0003,treatment,treatment_0003,2,2,10,candidate,1,,,,,4.0,0.04782347019290535,1.0000
chipmean,sentinel2,treatment_0003,treatment,treatment_0003,2,2,10,candidate,1,,,,,5.0,0.06783614379983888,1.0000
chipmean,sentinel2,treatment_0003,treatment,treatment_0003,2,2,10,candidate,1,,,,,6.0,0.09093975297451154,1.0000
chipmean,sentinel2,treatment_0003,treatment,treatment_0003,2,2,10,candidate,1,,,,,7.0,0.11697774358096229,1.0000
chipmean,sentinel2,treatment_0003,treatment,treatment_0003,2,2,10,candidate,2,,,0.0,,2.0,0.00800487102883358,1.0000 0.0000
chipmean,sentinel2,treatment_0003,treatment,treatment_0003,2,2,10,candidate,2,,,0.0,,3.0,0.00800487102883358,1.0000 0.0000
chipmean,sentinel2,treatment_0003,treatment,treatment_0003,2,2,10,candidate,2,,,0.0,,4.0,0.00800487102883358,1.0000 0.0000
chipmean,sentinel2,treatment_0003,treatment,treatment_0003,2,2,10,candidate,2,,,0.0,,5.0,0.00800487102883358,1.0000 0.0000
chipmean,sentinel2,treatment_0003,treatment,treatment_0003,2,2,10,candidate,2,,,0.0,,6.0,0.00800487102883358,1.0000 0.0000
chipmean,sentinel2,treatment_0003,treatment,treatment_0003,2,2,10,candidate,2,,,0.0,,7.0,0.00800487102883358,1.0000 0.0000
chipmean,sentinel2,treatment_0004,treatment,treatment_0004,2,2,10,path,1,1.0,0.006218662371433881,inf,True,,,
chipmean,sentinel2,treatment_0004,treatment,treatment_0004,2,2,10,path,2,2.0,0.006218662371433881,0.0,False,,,
chipmean,sentinel2,treatment_0004,treatment,treatment_0004,2,2,10,candidate,1,,,,,1.0,0.006218662371433881,1.0000
chipmean,sentinel2,treatment_0004,treatment,treatment_0004,2,2,10,candidate,1,,,,,2.0,0.013916981563925639,1.0000
chipmean,sentinel2,treatment_0004,treatment,treatment_0004,2,2,10,candidate,1,,,,,3.0,0.024618693088056084,1.0000
chipmean,sentinel2,treatment_0004,treatment,treatment_0004,2,2,10,candidate,1,,,,,4.0,0.038278377562218725,1.0000
chipmean,sentinel2,treatment_0004,treatment,treatment_0004,2,2,10,candidate,1,,,,,5.0,0.05484157627612134,1.0000
chipmean,sentinel2,treatment_0004,treatment,treatment_0004,2,2,10,candidate,1,,,,,6.0,0.07424650450183215,1.0000
chipmean,sentinel2,treatment_0004,treatment,treatment_0004,2,2,10,candidate,1,,,,,7.0,0.0964324916918276,1.0000
chipmean,sentinel2,treatment_0004,treatment,treatment_0004,2,2,10,candidate,2,,,0.0,,2.0,0.006218662371433881,1.0000 0.0000
chipmean,sentinel2,treatment_0004,treatment,treatment_0004,2,2,10,candidate,2,,,0.0,,3.0,0.006218662371433881,1.0000 0.0000
chipmean,sentinel2,treatment_0004,treatment,treatment_0004,2,2,10,candidate,2,,,0.0,,4.0,0.006218662371433881,1.0000 0.0000
chipmean,sentinel2,treatment_0004,treatment,treatment_0004,2,2,10,candidate,2,,,0.0,,5.0,0.006218662371433881,1.0000 0.0000
chipmean,sentinel2,treatment_0004,treatment,treatment_0004,2,2,10,candidate,2,,,0.0,,6.0,0.006218662371433881,1.0000 0.0000
chipmean,sentinel2,treatment_0004,treatment,treatment_0004,2,2,10,candidate,2,,,0.0,,7.0,0.006218662371433881,1.0000 0.0000
chipmean,sentinel2,treatment_0005,treatment,treatment_0005,2,2,10,path,1,1.0,0.0065113130867183715,inf,True,,,
chipmean,sentinel2,treatment_0005,treatment,treatment_0005,2,2,10,path,2,2.0,0.0065113130867183715,0.0,False,,,
chipmean,sentinel2,treatment_0005,treatment,treatment_0005,2,2,10,candidate,1,,,,,1.0,0.0065113130867183715,1.0000
chipmean,sentinel2,treatment_0005,treatment,treatment_0005,2,2,10,candidate,1,,,,,2.0,0.014256561356787108,1.0000
chipmean,sentinel2,treatment_0005,treatment,treatment_0005,2,2,10,candidate,1,,,,,3.0,0.02468184426700541,1.0000
chipmean,sentinel2,treatment_0005,treatment,treatment_0005,2,2,10,candidate,1,,,,,4.0,0.03758531648937876,1.0000
chipmean,sentinel2,treatment_0005,treatment,treatment_0005,2,2,10,candidate,1,,,,,5.0,0.052795318032765375,1.0000
chipmean,sentinel2,treatment_0005,treatment,treatment_0005,2,2,10,candidate,1,,,,,6.0,0.07017954258863611,1.0000
chipmean,sentinel2,treatment_0005,treatment,treatment_0005,2,2,10,candidate,1,,,,,7.0,0.08966007165276167,1.0000
chipmean,sentinel2,treatment_0005,treatment,treatment_0005,2,2,10,candidate,2,,,0.0,,2.0,0.0065113130867183715,1.0000 0.0000
chipmean,sentinel2,treatment_0005,treatment,treatment_0005,2,2,10,candidate,2,,,0.0,,3.0,0.0065113130867183715,1.0000 0.0000
chipmean,sentinel2,treatment_0005,treatment,treatment_0005,2,2,10,candidate,2,,,0.0,,4.0,0.0065113130867183715,1.0000 0.0000
chipmean,sentinel2,treatment_0005,treatment,treatment_0005,2,2,10,candidate,2,,,0.0,,5.0,0.0065113130867183715,1.0000 0.0000
chipmean,sentinel2,treatment_0005,treatment,treatment_0005,2,2,10,candidate,2,,,0.0,,6.0,0.0065113130867183715,1.0000 0.0000
chipmean,sentinel2,treatment_0005,treatment,treatment_0005,2,2,10,candidate,2,,,0.0,,7.0,0.0065113130867183715,1.0000 0.0000
chipmean,sentinel2,treatment_0006,treatment,treatment_0006,2,2,10,path,1,1.0,0.008252319484829998,inf,True,,,
chipmean,sentinel2,treatment_0006,treatment,treatment_0006,2,2,10,path,2,2.0,0.008252319484829998,0.0,False,,,
chipmean,sentinel2,treatment_0006,treatment,treatment_0006,2,2,10,candidate,1,,,,,1.0,0.008252319484829998,1.0000
chipmean,sentinel2,treatment_0006,treatment,treatment_0006,2,2,10,candidate,1,,,,,2.0,0.0179168854816838,1.0000
chipmean,sentinel2,treatment_0006,treatment,treatment_0006,2,2,10,candidate,1,,,,,3.0,0.030744450068512143,1.0000
chipmean,sentinel2,treatment_0006,treatment,treatment_0006,2,2,10,candidate,1,,,,,4.0,0.04638367755356874,1.0000
chipmean,sentinel2,treatment_0006,treatment,treatment_0006,2,2,10,candidate,1,,,,,5.0,0.06452266328579141,1.0000
chipmean,sentinel2,treatment_0006,treatment,treatment_0006,2,2,10,candidate,1,,,,,6.0,0.08489507666892618,1.0000
chipmean,sentinel2,treatment_0006,treatment,treatment_0006,2,2,10,candidate,1,,,,,7.0,0.10729019505430287,1.0000
chipmean,sentinel2,treatment_0006,treatment,treatment_0006,2,2,10,candidate,2,,,0.0,,2.0,0.008252319484829998,1.0000 0.0000
chipmean,sentinel2,treatment_0006,treatment,treatment_0006,2,2,10,candidate,2,,,0.0,,3.0,0.008252319484829998,1.0000 0.0000
chipmean,sentinel2,treatment_0006,treatment,treatment_0006,2,2,10,candidate,2,,,0.0,,4.0,0.008252319484829998,1.0000 0.0000
chipmean,sentinel2,treatment_0006,treatment,treatment_0006,2,2,10,candidate,2,,,0.0,,5.0,0.008252319484829998,1.0000 0.0000
chipmean,sentinel2,treatment_0006,treatment,treatment_0006,2,2,10,candidate,2,,,0.0,,6.0,0.008252319484829998,1.0000 0.0000
chipmean,sentinel2,treatment_0006,treatment,treatment_0006,2,2,10,candidate,2,,,0.0,,7.0,0.008252319484829998,1.0000 0.0000
chipmean,sentinel2,treatment_0007,treatment,treatment_0007,2,2,10,path,1,1.0,0.009067569427803943,inf,True,,,
chipmean,sentinel2,treatment_0007,treatment,treatment_0007,2,2,10,path,2,2.0,0.009067569427803943,0.0,False,,,
chipmean,sentinel2,treatment_0007,treatment,treatment_0007,2,2,10,candidate,1,,,,,1.0,0.009067569427803943,1.0000
chipmean,sentinel2,treatment_0007,treatment,treatment_0007,2,2,10,candidate,1,,,,,2.0,0.019905465533762233,1.0000
chipmean,sentinel2,treatment_0007,treatment,treatment_0007,2,2,10,candidate,1,,,,,3.0,0.03454363588679541,1.0000
chipmean,sentinel2,treatment_0007,treatment,treatment_0007,2,2,10,candidate,1,,,,,4.0,0.052692876648628977,1.0000
chipmean,sentinel2,treatment_0007,treatment,treatment_0007,2,2,10,candidate,1,,,,,5.0,0.07407489938377085,1.0000
chipmean,sentinel2,treatment_0007,treatment,treatment_0007,2,2,10,candidate,1,,,,,6.0,0.09844761207266153,1.0000
chipmean,sentinel2,treatment_0007,treatment,treatment_0007,2,2,10,candidate,1,,,,,7.0,0.12565550668003644,1.0000
chipmean,sentinel2,treatment_0007,treatment,treatment_0007,2,2,10,candidate,2,,,0.0,,2.0,0.009067569427803943,1.0000 0.0000
chipmean,sentinel2,treatment_0007,treatment,treatment_0007,2,2,10,candidate,2,,,0.0,,3.0,0.009067569427803943,1.0000 0.0000
chipmean,sentinel2,treatment_0007,treatment,treatment_0007,2,2,10,candidate,2,,,0.0,,4.0,0.009067569427803943,1.0000 0.0000
chipmean,sentinel2,treatment_0007,treatment,treatment_0007,2,2,10,candidate,2,,,0.0,,5.0,0.009067569427803943,1.0000 0.0000
chipmean,sentinel2,treatment_0007,treatment,treatment_0007,2,2,10,candidate,2,,,0.0,,6.0,0.009067569427803943,1.0000 0.0000
chipmean,sentinel2,treatment_0007,treatment,treatment_0007,2,2,10,candidate,2,,,0.0,,7.0,0.009067569427803943,1.0000 0.0000
chipmean,sentinel2,treatment_0008,treatment,treatment_0008,2,2,10,path,1,1.0,0.008542327131441128,inf,True,,,
chipmean,sentinel2,treatment_0008,treatment,treatment_0008,2,2,10,path,2,2.0,0.008542327131441128,0.0,False,,,
chipmean,sentinel2,treatment_0008,treatment,treatment_0008,2,2,10,candidate,1,,,,,1.0,0.008542327131441128,1.0000
chipmean,sentinel2,treatment_0008,treatment,treatment_0008,2,2,10,candidate,1,,,,,2.0,0.018619749563495963,1.0000
chipmean,sentinel2,treatment_0008,treatment,treatment_0008,2,2,10,candidate,1,,,,,3.0,0.032117588301630334,1.0000
chipmean,sentinel2,treatment_0008,treatment,treatment_0008,2,2,10,candidate,1,,,,,4.0,0.04875342204190996,1.0000
chipmean,sentinel2,treatment_0008,treatment,treatment_0008,2,2,10,candidate,1,,,,,5.0,0.06828407753101257,1.0000
chipmean,sentinel2,treatment_0008,treatment,treatment_0008,2,2,10,candidate,1,,,,,6.0,0.09052232673749766,1.0000
chipmean,sentinel2,treatment_0008,treatment,treatment_0008,2,2,10,candidate,1,,,,,7.0,0.11537963067801153,1.0000
chipmean,sentinel2,treatment_0008,treatment,treatment_0008,2,2,10,candidate,2,,,0.0,,2.0,0.008542327131441128,1.0000 0.0000
chipmean,sentinel2,treatment_0008,treatment,treatment_0008,2,2,10,candidate,2,,,0.0,,3.0,0.008542327131441128,1.0000 0.0000
chipmean,sentinel2,treatment_0008,treatment,treatment_0008,2,2,10,candidate,2,,,0.0,,4.0,0.008542327131441128,1.0000 0.0000
chipmean,sentinel2,treatment_0008,treatment,treatment_0008,2,2,10,candidate,2,,,0.0,,5.0,0.008542327131441128,1.0000 0.0000
chipmean,sentinel2,treatment_0008,treatment,treatment_0008,2,2,10,candidate,2,,,0.0,,6.0,0.008542327131441128,1.0000 0.0000
chipmean,sentinel2,treatment_0008,treatment,treatment_0008,2,2,10,candidate,2,,,0.0,,7.0,0.008542327131441128,1.0000 0.0000
chipmean,sentinel2,treatment_0009,treatment,treatment_0009,2,2,10,path,1,1.0,0.007859194539875646,inf,True,,,
chipmean,sentinel2,treatment_0009,treatment,treatment_0009,2,2,10,path,2,2.0,0.007859194539875646,0.0,False,,,
chipmean,sentinel2,treatment_0009,treatment,treatment_0009,2,2,10,candidate,1,,,,,1.0,0.007859194539875646,1.0000
chipmean,sentinel2,treatment_0009,treatment,treatment_0009,2,2,10,candidate,1,,,,,2.0,0.017048719350082005,1.0000
chipmean,sentinel2,treatment_0009,treatment,treatment_0009,2,2,10,candidate,1,,,,,3.0,0.02931507144228986,1.0000
chipmean,sentinel2,treatment_0009,treatment,treatment_0009,2,2,10,candidate,1,,,,,4.0,0.04442063160206158,1.0000
chipmean,sentinel2,treatment_0009,treatment,treatment_0009,2,2,10,candidate,1,,,,,5.0,0.062181564959003115,1.0000
chipmean,sentinel2,treatment_0009,treatment,treatment_0009,2,2,10,candidate,1,,,,,6.0,0.08248335119708244,1.0000
chipmean,sentinel2,treatment_0009,treatment,treatment_0009,2,2,10,candidate,1,,,,,7.0,0.10532538285268295,1.0000
chipmean,sentinel2,treatment_0009,treatment,treatment_0009,2,2,10,candidate,2,,,0.0,,2.0,0.007859194539875646,1.0000 0.0000
chipmean,sentinel2,treatment_0009,treatment,treatment_0009,2,2,10,candidate,2,,,0.0,,3.0,0.007859194539875646,1.0000 0.0000
chipmean,sentinel2,treatment_0009,treatment,treatment_0009,2,2,10,candidate,2,,,0.0,,4.0,0.007859194539875646,1.0000 0.0000
chipmean,sentinel2,treatment_0009,treatment,treatment_0009,2,2,10,candidate,2,,,0.0,,5.0,0.007859194539875646,1.0000 0.0000
chipmean,sentinel2,treatment_0009,treatment,treatment_0009,2,2,10,candidate,2,,,0.0,,6.0,0.007859194539875646,1.0000 0.0000
chipmean,sentinel2,treatment_0009,treatment,treatment_0009,2,2,10,candidate,2,,,0.0,,7.0,0.007859194539875646,1.0000 0.0000
chipmean,sentinel2,treatment_0010,treatment,treatment_0010,2,2,10,path,1,1.0,0.008535992825026213,inf,True,,,
chipmean,sentinel2,treatment_0010,treatment,treatment_0010,2,2,10,path,2,2.0,0.008535992825026213,0.0,False,,,
chipmean,sentinel2,treatment_0010,treatment,treatment_0010,2,2,10,candidate,1,,,,,1.0,0.008535992825026213,1.0000
chipmean,sentinel2,treatment_0010,treatment,treatment_0010,2,2,10,candidate,1,,,,,2.0,0.018020138420207776,1.0000
chipmean,sentinel2,treatment_0010,treatment,treatment_0010,2,2,10,candidate,1,,,,,3.0,0.03019042105770089,1.0000
chipmean,sentinel2,treatment_0010,treatment,treatment_0010,2,2,10,candidate,1,,,,,4.0,0.04465373515233081,1.0000
chipmean,sentinel2,treatment_0010,treatment,treatment_0010,2,2,10,candidate,1,,,,,5.0,0.06114147589191746,1.0000
chipmean,sentinel2,treatment_0010,treatment,treatment_0010,2,2,10,candidate,1,,,,,6.0,0.07949601018077027,1.0000
chipmean,sentinel2,treatment_0010,treatment,treatment_0010,2,2,10,candidate,1,,,,,7.0,0.09968027851101667,1.0000
chipmean,sentinel2,treatment_0010,treatment,treatment_0010,2,2,10,candidate,2,,,0.0,,2.0,0.008535992825026213,1.0000 0.0000
chipmean,sentinel2,treatment_0010,treatment,treatment_0010,2,2,10,candidate,2,,,0.0,,3.0,0.008535992825026213,1.0000 0.0000
chipmean,sentinel2,treatment_0010,treatment,treatment_0010,2,2,10,candidate,2,,,0.0,,4.0,0.008535992825026213,1.0000 0.0000
chipmean,sentinel2,treatment_0010,treatment,treatment_0010,2,2,10,candidate,2,,,0.0,,5.0,0.008535992825026213,1.0000 0.0000
chipmean,sentinel2,treatment_0010,treatment,treatment_0010,2,2,10,candidate,2,,,0.0,,6.0,0.008535992825026213,1.0000 0.0000
chipmean,sentinel2,treatment_0010,treatment,treatment_0010,2,2,10,candidate,2,,,0.0,,7.0,0.008535992825026213,1.0000 0.0000
chipmean,sentinel2,treatment_0011,treatment,treatment_0011,2,2,10,path,1,1.0,0.007734326845405713,inf,True,,,
chipmean,sentinel2,treatment_0011,treatment,treatment_0011,2,2,10,path,2,2.0,0.007734326845405713,0.0,False,,,
chipmean,sentinel2,treatment_0011,treatment,treatment_0011,2,2,10,candidate,1,,,,,1.0,0.007734326845405713,1.0000
chipmean,sentinel2,treatment_0011,treatment,treatment_0011,2,2,10,candidate,1,,,,,2.0,0.01740107372161803,1.0000
chipmean,sentinel2,treatment_0011,treatment,treatment_0011,2,2,10,candidate,1,,,,,3.0,0.030931933907408858,1.0000
chipmean,sentinel2,treatment_0011,treatment,treatment_0011,2,2,10,candidate,1,,,,,4.0,0.04832401731131918,1.0000
chipmean,sentinel2,treatment_0011,treatment,treatment_0011,2,2,10,candidate,1,,,,,5.0,0.06957347624616311,1.0000
chipmean,sentinel2,treatment_0011,treatment,treatment_0011,2,2,10,candidate,1,,,,,6.0,0.0946755025358315,1.0000
chipmean,sentinel2,treatment_0011,treatment,treatment_0011,2,2,10,candidate,1,,,,,7.0,0.12362432999149293,1.0000
chipmean,sentinel2,treatment_0011,treatment,treatment_0011,2,2,10,candidate,2,,,0.0,,2.0,0.007734326845405713,1.0000 0.0000
chipmean,sentinel2,treatment_0011,treatment,treatment_0011,2,2,10,candidate,2,,,0.0,,3.0,0.007734326845405713,1.0000 0.0000
chipmean,sentinel2,treatment_0011,treatment,treatment_0011,2,2,10,candidate,2,,,0.0,,4.0,0.007734326845405713,1.0000 0.0000
chipmean,sentinel2,treatment_0011,treatment,treatment_0011,2,2,10,candidate,2,,,0.0,,5.0,0.007734326845405713,1.0000 0.0000
chipmean,sentinel2,treatment_0011,treatment,treatment_0011,2,2,10,candidate,2,,,0.0,,6.0,0.007734326845405713,1.0000 0.0000
chipmean,sentinel2,treatment_0011,treatment,treatment_0011,2,2,10,candidate,2,,,0.0,,7.0,0.007734326845405713,1.0000 0.0000
chipmean,sentinel2,treatment_0012,treatment,treatment_0012,2,2,10,path,1,1.0,0.008744961452915971,inf,True,,,
chipmean,sentinel2,treatment_0012,treatment,treatment_0012,2,2,10,path,2,2.0,0.008744961452915971,0.0,False,,,
chipmean,sentinel2,treatment_0012,treatment,treatment_0012,2,2,10,candidate,1,,,,,1.0,0.008744961452915971,1.0000
chipmean,sentinel2,treatment_0012,treatment,treatment_0012,2,2,10,candidate,1,,,,,2.0,0.01968523334051591,1.0000
chipmean,sentinel2,treatment_0012,treatment,treatment_0012,2,2,10,candidate,1,,,,,3.0,0.03500036185764944,1.0000
chipmean,sentinel2,treatment_0012,treatment,treatment_0012,2,2,10,candidate,1,,,,,4.0,0.054675908520956,1.0000
chipmean,sentinel2,treatment_0012,treatment,treatment_0012,2,2,10,candidate,1,,,,,5.0,0.07868767726012421,1.0000
chipmean,sentinel2,treatment_0012,treatment,treatment_0012,2,2,10,candidate,1,,,,,6.0,0.10700162015113548,1.0000
chipmean,sentinel2,treatment_0012,treatment,treatment_0012,2,2,10,candidate,1,,,,,7.0,0.1395739635454669,1.0000
chipmean,sentinel2,treatment_0012,treatment,treatment_0012,2,2,10,candidate,2,,,0.0,,2.0,0.008744961452915971,1.0000 0.0000
chipmean,sentinel2,treatment_0012,treatment,treatment_0012,2,2,10,candidate,2,,,0.0,,3.0,0.008744961452915971,1.0000 0.0000
chipmean,sentinel2,treatment_0012,treatment,treatment_0012,2,2,10,candidate,2,,,0.0,,4.0,0.008744961452915971,1.0000 0.0000
chipmean,sentinel2,treatment_0012,treatment,treatment_0012,2,2,10,candidate,2,,,0.0,,5.0,0.008744961452915971,1.0000 0.0000
chipmean,sentinel2,treatment_0012,treatment,treatment_0012,2,2,10,candidate,2,,,0.0,,6.0,0.008744961452915971,1.0000 0.0000
chipmean,sentinel2,treatment_0012,treatment,treatment_0012,2,2,10,candidate,2,,,0.0,,7.0,0.008744961452915971,1.0000 0.0000
chipmean,sentinel2,treatment_0013,treatment,treatment_0013,2,2,10,path,1,1.0,0.01286754515156139,inf,True,,,
chipmean,sentinel2,treatment_0013,treatment,treatment_0013,2,2,10,path,2,2.0,0.01286754515156139,0.0,False,,,
chipmean,sentinel2,treatment_0013,treatment,treatment_0013,2,2,10,candidate,1,,,,,1.0,0.01286754515156139,1.0000
chipmean,sentinel2,treatment_0013,treatment,treatment_0013,2,2,10,candidate,1,,,,,2.0,0.02630001632845864,1.0000
chipmean,sentinel2,treatment_0013,treatment,treatment_0013,2,2,10,candidate,1,,,,,3.0,0.04399949207586228,1.0000
chipmean,sentinel2,treatment_0013,treatment,treatment_0013,2,2,10,candidate,1,,,,,4.0,0.06230372484424717,1.0000
chipmean,sentinel2,treatment_0013,treatment,treatment_0013,2,2,10,candidate,1,,,,,5.0,0.07780689742459407,1.0000
chipmean,sentinel2,treatment_0013,treatment,treatment_0013,2,2,10,candidate,1,,,,,6.0,0.08961434054642264,1.0000
chipmean,sentinel2,treatment_0013,treatment,treatment_0013,2,2,10,candidate,1,,,,,7.0,0.10139017116058248,1.0000
chipmean,sentinel2,treatment_0013,treatment,treatment_0013,2,2,10,candidate,2,,,0.0,,2.0,0.01286754515156139,1.0000 0.0000
chipmean,sentinel2,treatment_0013,treatment,treatment_0013,2,2,10,candidate,2,,,0.0,,3.0,0.01286754515156139,1.0000 0.0000
chipmean,sentinel2,treatment_0013,treatment,treatment_0013,2,2,10,candidate,2,,,0.0,,4.0,0.01286754515156139,1.0000 0.0000
chipmean,sentinel2,treatment_0013,treatment,treatment_0013,2,2,10,candidate,2,,,0.0,,5.0,0.01286754515156139,1.0000 0.0000
chipmean,sentinel2,treatment_0013,treatment,treatment_0013,2,2,10,candidate,2,,,0.0,,6.0,0.01286754515156139,1.0000 0.0000
chipmean,sentinel2,treatment_0013,treatment,treatment_0013,2,2,10,candidate,2,,,0.0,,7.0,0.01286754515156139,1.0000 0.0000
chipmean,sentinel2,treatment_0014,treatment,treatment_0014,2,2,10,path,1,1.0,0.009002225532890127,inf,True,,,
chipmean,sentinel2,treatment_0014,treatment,treatment_0014,2,2,10,path,2,2.0,0.009002225532890127,0.0,False,,,
chipmean,sentinel2,treatment_0014,treatment,treatment_0014,2,2,10,candidate,1,,,,,1.0,0.009002225532890127,1.0000
chipmean,sentinel2,treatment_0014,treatment,treatment_0014,2,2,10,candidate,1,,,,,2.0,0.020255472851488328,1.0000
chipmean,sentinel2,treatment_0014,treatment,treatment_0014,2,2,10,candidate,1,,,,,3.0,0.03600880904424221,1.0000
chipmean,sentinel2,treatment_0014,treatment,treatment_0014,2,2,10,candidate,1,,,,,4.0,0.05625962804068824,1.0000
chipmean,sentinel2,treatment_0014,treatment,treatment_0014,2,2,10,candidate,1,,,,,5.0,0.08100407953785015,1.0000
chipmean,sentinel2,treatment_0014,treatment,treatment_0014,2,2,10,candidate,1,,,,,6.0,0.11023711062713448,1.0000
chipmean,sentinel2,treatment_0014,treatment,treatment_0014,2,2,10,candidate,1,,,,,7.0,0.14395251458104039,1.0000
chipmean,sentinel2,treatment_0014,treatment,treatment_0014,2,2,10,candidate,2,,,0.0,,2.0,0.009002225532890127,1.0000 0.0000
chipmean,sentinel2,treatment_0014,treatment,treatment_0014,2,2,10,candidate,2,,,0.0,,3.0,0.009002225532890127,1.0000 0.0000
chipmean,sentinel2,treatment_0014,treatment,treatment_0014,2,2,10,candidate,2,,,0.0,,4.0,0.009002225532890127,1.0000 0.0000
chipmean,sentinel2,treatment_0014,treatment,treatment_0014,2,2,10,candidate,2,,,0.0,,5.0,0.009002225532890127,1.0000 0.0000
chipmean,sentinel2,treatment_0014,treatment,treatment_0014,2,2,10,candidate,2,,,0.0,,6.0,0.009002225532890127,1.0000 0.0000
chipmean,sentinel2,treatment_0014,treatment,treatment_0014,2,2,10,candidate,2,,,0.0,,7.0,0.009002225532890127,1.0000 0.0000
chipmean,sentinel2,treatment_0015,treatment,treatment_0015,2,2,10,path,1,1.0,0.018173483275898593,inf,True,,,
chipmean,sentinel2,treatment_0015,treatment,treatment_0015,2,2,10,path,2,7.0,0.018077238530659602,9.624474523899085e-05,True,,,
chipmean,sentinel2,treatment_0015,treatment,treatment_0015,2,2,10,path,3,3.0,0.0180772385306596,3.469446951953614e-18,False,,,
chipmean,sentinel2,treatment_0015,treatment,treatment_0015,2,2,10,candidate,1,,,,,1.0,0.018173483275898593,1.0000
chipmean,sentinel2,treatment_0015,treatment,treatment_0015,2,2,10,candidate,1,,,,,2.0,0.03192183224692918,1.0000
chipmean,sentinel2,treatment_0015,treatment,treatment_0015,2,2,10,candidate,1,,,,,3.0,0.04449037074060149,1.0000
chipmean,sentinel2,treatment_0015,treatment,treatment_0015,2,2,10,candidate,1,,,,,4.0,0.05306346338167523,1.0000
chipmean,sentinel2,treatment_0015,treatment,treatment_0015,2,2,10,candidate,1,,,,,5.0,0.05767031487355936,1.0000
chipmean,sentinel2,treatment_0015,treatment,treatment_0015,2,2,10,candidate,1,,,,,6.0,0.062059429857300216,1.0000
chipmean,sentinel2,treatment_0015,treatment,treatment_0015,2,2,10,candidate,1,,,,,7.0,0.07416892076009388,1.0000
chipmean,sentinel2,treatment_0015,treatment,treatment_0015,2,2,10,candidate,2,,,0.0,,2.0,0.018173483275898593,1.0000 0.0000
chipmean,sentinel2,treatment_0015,treatment,treatment_0015,2,2,10,candidate,2,,,0.0,,3.0,0.018173483275898593,1.0000 0.0000
chipmean,sentinel2,treatment_0015,treatment,treatment_0015,2,2,10,candidate,2,,,0.0,,4.0,0.018173483275898593,1.0000 0.0000
chipmean,sentinel2,treatment_0015,treatment,treatment_0015,2,2,10,candidate,2,,,0.0,,5.0,0.018173483275898593,1.0000 0.0000
chipmean,sentinel2,treatment_0015,treatment,treatment_0015,2,2,10,candidate,2,,,1.6248668569841807e-06,,6.0,0.01817185840904161,0.9940 0.0060
chipmean,sentinel2,treatment_0015,treatment,treatment_0015,2,2,10,candidate,2,,,9.624474523899085e-05,,7.0,0.018077238530659602,0.9602 0.0398
chipmean,sentinel2,treatment_0015,treatment,treatment_0015,2,2,10,candidate,3,,,0.0,,2.0,0.018077238530659602,0.9602 0.0398 0.0000
chipmean,sentinel2,treatment_0015,treatment,treatment_0015,2,2,10,candidate,3,,,3.469446951953614e-18,,3.0,0.0180772385306596,0.9602 0.0398 0.0000
chipmean,sentinel2,treatment_0015,treatment,treatment_0015,2,2,10,candidate,3,,,-1.0755285551056204e-15,,4.0,0.018077238530660678,0.9602 0.0398 0.0000
chipmean,sentinel2,treatment_0015,treatment,treatment_0015,2,2,10,candidate,3,,,3.469446951953614e-18,,5.0,0.0180772385306596,0.9602 0.0398 0.0000
chipmean,sentinel2,treatment_0015,treatment,treatment_0015,2,2,10,candidate,3,,,3.469446951953614e-18,,6.0,0.0180772385306596,0.9602 0.0398 0.0000
chipmean,sentinel2,treatment_0001,treatment,treatment_0001,2,3,10,path,1,1.0,0.006833574523358494,inf,True,,,
chipmean,sentinel2,treatment_0001,treatment,treatment_0001,2,3,10,path,2,2.0,0.006833574523358494,0.0,False,,,
chipmean,sentinel2,treatment_0001,treatment,treatment_0001,2,3,10,candidate,1,,,,,1.0,0.006833574523358494,1.0000
chipmean,sentinel2,treatment_0001,treatment,treatment_0001,2,3,10,candidate,1,,,,,2.0,0.014926077848104792,1.0000
chipmean,sentinel2,treatment_0001,treatment,treatment_0001,2,3,10,candidate,1,,,,,3.0,0.025799491031578116,1.0000
chipmean,sentinel2,treatment_0001,treatment,treatment_0001,2,3,10,candidate,1,,,,,4.0,0.039260853739408255,1.0000
chipmean,sentinel2,treatment_0001,treatment,treatment_0001,2,3,10,candidate,1,,,,,5.0,0.0551701778510293,1.0000
chipmean,sentinel2,treatment_0001,treatment,treatment_0001,2,3,10,candidate,1,,,,,6.0,0.0734509517060064,1.0000
chipmean,sentinel2,treatment_0001,treatment,treatment_0001,2,3,10,candidate,2,,,0.0,,2.0,0.006833574523358494,1.0000 0.0000
chipmean,sentinel2,treatment_0001,treatment,treatment_0001,2,3,10,candidate,2,,,0.0,,3.0,0.006833574523358494,1.0000 0.0000
chipmean,sentinel2,treatment_0001,treatment,treatment_0001,2,3,10,candidate,2,,,0.0,,4.0,0.006833574523358494,1.0000 0.0000
chipmean,sentinel2,treatment_0001,treatment,treatment_0001,2,3,10,candidate,2,,,0.0,,5.0,0.006833574523358494,1.0000 0.0000
chipmean,sentinel2,treatment_0001,treatment,treatment_0001,2,3,10,candidate,2,,,0.0,,6.0,0.006833574523358494,1.0000 0.0000
chipmean,sentinel2,treatment_0002,treatment,treatment_0002,2,3,10,path,1,1.0,0.006376873483667575,inf,True,,,
chipmean,sentinel2,treatment_0002,treatment,treatment_0002,2,3,10,path,2,2.0,0.006376873483667575,0.0,False,,,
chipmean,sentinel2,treatment_0002,treatment,treatment_0002,2,3,10,candidate,1,,,,,1.0,0.006376873483667575,1.0000
chipmean,sentinel2,treatment_0002,treatment,treatment_0002,2,3,10,candidate,1,,,,,2.0,0.014331396752446744,1.0000
chipmean,sentinel2,treatment_0002,treatment,treatment_0002,2,3,10,candidate,1,,,,,3.0,0.025448095454897242,1.0000
chipmean,sentinel2,treatment_0002,treatment,treatment_0002,2,3,10,candidate,1,,,,,4.0,0.03971496445195914,1.0000
chipmean,sentinel2,treatment_0002,treatment,treatment_0002,2,3,10,candidate,1,,,,,5.0,0.05711942528198539,1.0000
chipmean,sentinel2,treatment_0002,treatment,treatment_0002,2,3,10,candidate,1,,,,,6.0,0.07764827552274146,1.0000
chipmean,sentinel2,treatment_0002,treatment,treatment_0002,2,3,10,candidate,2,,,0.0,,2.0,0.006376873483667575,1.0000 0.0000
chipmean,sentinel2,treatment_0002,treatment,treatment_0002,2,3,10,candidate,2,,,0.0,,3.0,0.006376873483667575,1.0000 0.0000
chipmean,sentinel2,treatment_0002,treatment,treatment_0002,2,3,10,candidate,2,,,0.0,,4.0,0.006376873483667575,1.0000 0.0000
chipmean,sentinel2,treatment_0002,treatment,treatment_0002,2,3,10,candidate,2,,,0.0,,5.0,0.006376873483667575,1.0000 0.0000
chipmean,sentinel2,treatment_0002,treatment,treatment_0002,2,3,10,candidate,2,,,0.0,,6.0,0.006376873483667575,1.0000 0.0000
chipmean,sentinel2,treatment_0003,treatment,treatment_0003,2,3,10,path,1,1.0,0.007915728900599647,inf,True,,,
chipmean,sentinel2,treatment_0003,treatment,treatment_0003,2,3,10,path,2,2.0,0.007915728900599647,0.0,False,,,
chipmean,sentinel2,treatment_0003,treatment,treatment_0003,2,3,10,candidate,1,,,,,1.0,0.007915728900599647,1.0000
chipmean,sentinel2,treatment_0003,treatment,treatment_0003,2,3,10,candidate,1,,,,,2.0,0.01756285133403549,1.0000
chipmean,sentinel2,treatment_0003,treatment,treatment_0003,2,3,10,candidate,1,,,,,3.0,0.0307908971299474,1.0000
chipmean,sentinel2,treatment_0003,treatment,treatment_0003,2,3,10,candidate,1,,,,,4.0,0.04744189559873599,1.0000
chipmean,sentinel2,treatment_0003,treatment,treatment_0003,2,3,10,candidate,1,,,,,5.0,0.06735819862760196,1.0000
chipmean,sentinel2,treatment_0003,treatment,treatment_0003,2,3,10,candidate,1,,,,,6.0,0.0903879731164987,1.0000
chipmean,sentinel2,treatment_0003,treatment,treatment_0003,2,3,10,candidate,2,,,0.0,,2.0,0.007915728900599647,1.0000 0.0000
chipmean,sentinel2,treatment_0003,treatment,treatment_0003,2,3,10,candidate,2,,,0.0,,3.0,0.007915728900599647,1.0000 0.0000
chipmean,sentinel2,treatment_0003,treatment,treatment_0003,2,3,10,candidate,2,,,0.0,,4.0,0.007915728900599647,1.0000 0.0000
chipmean,sentinel2,treatment_0003,treatment,treatment_0003,2,3,10,candidate,2,,,0.0,,5.0,0.007915728900599647,1.0000 0.0000
chipmean,sentinel2,treatment_0003,treatment,treatment_0003,2,3,10,candidate,2,,,0.0,,6.0,0.007915728900599647,1.0000 0.0000
chipmean,sentinel2,treatment_0004,treatment,treatment_0004,2,3,10,path,1,1.0,0.006222563816050859,inf,True,,,
chipmean,sentinel2,treatment_0004,treatment,treatment_0004,2,3,10,path,2,2.0,0.006222563816050859,0.0,False,,,
chipmean,sentinel2,treatment_0004,treatment,treatment_0004,2,3,10,candidate,1,,,,,1.0,0.006222563816050859,1.0000
chipmean,sentinel2,treatment_0004,treatment,treatment_0004,2,3,10,candidate,1,,,,,2.0,0.013952421110234658,1.0000
chipmean,sentinel2,treatment_0004,treatment,treatment_0004,2,3,10,candidate,1,,,,,3.0,0.02472238384373559,1.0000
chipmean,sentinel2,treatment_0004,treatment,treatment_0004,2,3,10,candidate,1,,,,,4.0,0.03849706703547138,1.0000
chipmean,sentinel2,treatment_0004,treatment,treatment_0004,2,3,10,candidate,1,,,,,5.0,0.055233513111412745,1.0000
chipmean,sentinel2,treatment_0004,treatment,treatment_0004,2,3,10,candidate,1,,,,,6.0,0.07488629585781363,1.0000
chipmean,sentinel2,treatment_0004,treatment,treatment_0004,2,3,10,candidate,2,,,0.0,,2.0,0.006222563816050859,1.0000 0.0000
chipmean,sentinel2,treatment_0004,treatment,treatment_0004,2,3,10,candidate,2,,,0.0,,3.0,0.006222563816050859,1.0000 0.0000
chipmean,sentinel2,treatment_0004,treatment,treatment_0004,2,3,10,candidate,2,,,0.0,,4.0,0.006222563816050859,1.0000 0.0000
chipmean,sentinel2,treatment_0004,treatment,treatment_0004,2,3,10,candidate,2,,,0.0,,5.0,0.006222563816050859,1.0000 0.0000
chipmean,sentinel2,treatment_0004,treatment,treatment_0004,2,3,10,candidate,2,,,0.0,,6.0,0.006222563816050859,1.0000 0.0000
chipmean,sentinel2,treatment_0005,treatment,treatment_0005,2,3,10,path,1,1.0,0.00637219959951137,inf,True,,,
chipmean,sentinel2,treatment_0005,treatment,treatment_0005,2,3,10,path,2,2.0,0.00637219959951137,0.0,False,,,
chipmean,sentinel2,treatment_0005,treatment,treatment_0005,2,3,10,candidate,1,,,,,1.0,0.00637219959951137,1.0000
chipmean,sentinel2,treatment_0005,treatment,treatment_0005,2,3,10,candidate,1,,,,,2.0,0.01398192231503945,1.0000
chipmean,sentinel2,treatment_0005,treatment,treatment_0005,2,3,10,candidate,1,,,,,3.0,0.02426081650868816,1.0000
chipmean,sentinel2,treatment_0005,treatment,treatment_0005,2,3,10,candidate,1,,,,,4.0,0.03703398418198507,1.0000
chipmean,sentinel2,treatment_0005,treatment,treatment_0005,2,3,10,candidate,1,,,,,5.0,0.05216153762594708,1.0000
chipmean,sentinel2,treatment_0005,treatment,treatment_0005,2,3,10,candidate,1,,,,,6.0,0.06955070861667217,1.0000
chipmean,sentinel2,treatment_0005,treatment,treatment_0005,2,3,10,candidate,2,,,0.0,,2.0,0.00637219959951137,1.0000 0.0000
chipmean,sentinel2,treatment_0005,treatment,treatment_0005,2,3,10,candidate,2,,,0.0,,3.0,0.00637219959951137,1.0000 0.0000
chipmean,sentinel2,treatment_0005,treatment,treatment_0005,2,3,10,candidate,2,,,0.0,,4.0,0.00637219959951137,1.0000 0.0000
chipmean,sentinel2,treatment_0005,treatment,treatment_0005,2,3,10,candidate,2,,,0.0,,5.0,0.00637219959951137,1.0000 0.0000
chipmean,sentinel2,treatment_0005,treatment,treatment_0005,2,3,10,candidate,2,,,0.0,,6.0,0.00637219959951137,1.0000 0.0000
chipmean,sentinel2,treatment_0006,treatment,treatment_0006,2,3,10,path,1,1.0,0.00799956329312136,inf,True,,,
chipmean,sentinel2,treatment_0006,treatment,treatment_0006,2,3,10,path,2,2.0,0.00799956329312136,0.0,False,,,
chipmean,sentinel2,treatment_0006,treatment,treatment_0006,2,3,10,candidate,1,,,,,1.0,0.00799956329312136,1.0000
chipmean,sentinel2,treatment_0006,treatment,treatment_0006,2,3,10,candidate,1,,,,,2.0,0.01739103708829853,1.0000
chipmean,sentinel2,treatment_0006,treatment,treatment_0006,2,3,10,candidate,1,,,,,3.0,0.02988418205092996,1.0000
chipmean,sentinel2,treatment_0006,treatment,treatment_0006,2,3,10,candidate,1,,,,,4.0,0.045155357572279974,1.0000
chipmean,sentinel2,treatment_0006,treatment,treatment_0006,2,3,10,candidate,1,,,,,5.0,0.06292252489817401,1.0000
chipmean,sentinel2,treatment_0006,treatment,treatment_0006,2,3,10,candidate,1,,,,,6.0,0.08295329549069133,1.0000
chipmean,sentinel2,treatment_0006,treatment,treatment_0006,2,3,10,candidate,2,,,0.0,,2.0,0.00799956329312136,1.0000 0.0000
chipmean,sentinel2,treatment_0006,treatment,treatment_0006,2,3,10,candidate,2,,,0.0,,3.0,0.00799956329312136,1.0000 0.0000
chipmean,sentinel2,treatment_0006,treatment,treatment_0006,2,3,10,candidate,2,,,0.0,,4.0,0.00799956329312136,1.0000 0.0000
chipmean,sentinel2,treatment_0006,treatment,treatment_0006,2,3,10,candidate,2,,,0.0,,5.0,0.00799956329312136,1.0000 0.0000
chipmean,sentinel2,treatment_0006,treatment,treatment_0006,2,3,10,candidate,2,,,0.0,,6.0,0.00799956329312136,1.0000 0.0000
chipmean,sentinel2,treatment_0007,treatment,treatment_0007,2,3,10,path,1,1.0,0.008934489432649049,inf,True,,,
chipmean,sentinel2,treatment_0007,treatment,treatment_0007,2,3,10,path,2,2.0,0.008934489432649049,0.0,False,,,
chipmean,sentinel2,treatment_0007,treatment,treatment_0007,2,3,10,candidate,1,,,,,1.0,0.008934489432649049,1.0000
chipmean,sentinel2,treatment_0007,treatment,treatment_0007,2,3,10,candidate,1,,,,,2.0,0.019671278324914197,1.0000
chipmean,sentinel2,treatment_0007,treatment,treatment_0007,2,3,10,candidate,1,,,,,3.0,0.034229483151381614,1.0000
chipmean,sentinel2,treatment_0007,treatment,treatment_0007,2,3,10,candidate,1,,,,,4.0,0.05235253631723619,1.0000
chipmean,sentinel2,treatment_0007,treatment,treatment_0007,2,3,10,candidate,1,,,,,5.0,0.07380694079691627,1.0000
chipmean,sentinel2,treatment_0007,treatment,treatment_0007,2,3,10,candidate,1,,,,,6.0,0.09841960079816023,1.0000
chipmean,sentinel2,treatment_0007,treatment,treatment_0007,2,3,10,candidate,2,,,0.0,,2.0,0.008934489432649049,1.0000 0.0000
chipmean,sentinel2,treatment_0007,treatment,treatment_0007,2,3,10,candidate,2,,,0.0,,3.0,0.008934489432649049,1.0000 0.0000
chipmean,sentinel2,treatment_0007,treatment,treatment_0007,2,3,10,candidate,2,,,0.0,,4.0,0.008934489432649049,1.0000 0.0000
chipmean,sentinel2,treatment_0007,treatment,treatment_0007,2,3,10,candidate,2,,,0.0,,5.0,0.008934489432649049,1.0000 0.0000
chipmean,sentinel2,treatment_0007,treatment,treatment_0007,2,3,10,candidate,2,,,0.0,,6.0,0.008934489432649049,1.0000 0.0000
chipmean,sentinel2,treatment_0008,treatment,treatment_0008,2,3,10,path,1,1.0,0.008375530239447697,inf,True,,,
chipmean,sentinel2,treatment_0008,treatment,treatment_0008,2,3,10,path,2,2.0,0.008375530239447697,0.0,False,,,
chipmean,sentinel2,treatment_0008,treatment,treatment_0008,2,3,10,candidate,1,,,,,1.0,0.008375530239447697,1.0000
chipmean,sentinel2,treatment_0008,treatment,treatment_0008,2,3,10,candidate,1,,,,,2.0,0.01833661412536736,1.0000
chipmean,sentinel2,treatment_0008,treatment,treatment_0008,2,3,10,candidate,1,,,,,3.0,0.03176345567479268,1.0000
chipmean,sentinel2,treatment_0008,treatment,treatment_0008,2,3,10,candidate,1,,,,,4.0,0.048419598775270536,1.0000
chipmean,sentinel2,treatment_0008,treatment,treatment_0008,2,3,10,candidate,1,,,,,5.0,0.06811522171542053,1.0000
chipmean,sentinel2,treatment_0008,treatment,treatment_0008,2,3,10,candidate,1,,,,,6.0,0.09073673621145234,1.0000
chipmean,sentinel2,treatment_0008,treatment,treatment_0008,2,3,10,candidate,2,,,0.0,,2.0,0.008375530239447697,1.0000 0.0000
chipmean,sentinel2,treatment_0008,treatment,treatment_0008,2,3,10,candidate,2,,,0.0,,3.0,0.008375530239447697,1.0000 0.0000
chipmean,sentinel2,treatment_0008,treatment,treatment_0008,2,3,10,candidate,2,,,0.0,,4.0,0.008375530239447697,1.0000 0.0000
chipmean,sentinel2,treatment_0008,treatment,treatment_0008,2,3,10,candidate,2,,,0.0,,5.0,0.008375530239447697,1.0000 0.0000
chipmean,sentinel2,treatment_0008,treatment,treatment_0008,2,3,10,candidate,2,,,0.0,,6.0,0.008375530239447697,1.0000 0.0000
chipmean,sentinel2,treatment_0009,treatment,treatment_0009,2,3,10,path,1,1.0,0.00767562486143295,inf,True,,,
chipmean,sentinel2,treatment_0009,treatment,treatment_0009,2,3,10,path,2,2.0,0.00767562486143295,0.0,False,,,
chipmean,sentinel2,treatment_0009,treatment,treatment_0009,2,3,10,candidate,1,,,,,1.0,0.00767562486143295,1.0000
chipmean,sentinel2,treatment_0009,treatment,treatment_0009,2,3,10,candidate,1,,,,,2.0,0.016745801728674525,1.0000
chipmean,sentinel2,treatment_0009,treatment,treatment_0009,2,3,10,candidate,1,,,,,3.0,0.02894976147310262,1.0000
chipmean,sentinel2,treatment_0009,treatment,treatment_0009,2,3,10,candidate,1,,,,,4.0,0.04409859749821833,1.0000
chipmean,sentinel2,treatment_0009,treatment,treatment_0009,2,3,10,candidate,1,,,,,5.0,0.06206484352908286,1.0000
chipmean,sentinel2,treatment_0009,treatment,treatment_0009,2,3,10,candidate,1,,,,,6.0,0.08281217928447739,1.0000
chipmean,sentinel2,treatment_0009,treatment,treatment_0009,2,3,10,candidate,2,,,0.0,,2.0,0.00767562486143295,1.0000 0.0000
chipmean,sentinel2,treatment_0009,treatment,treatment_0009,2,3,10,candidate,2,,,0.0,,3.0,0.00767562486143295,1.0000 0.0000
chipmean,sentinel2,treatment_0009,treatment,treatment_0009,2,3,10,candidate,2,,,0.0,,4.0,0.00767562486143295,1.0000 0.0000
chipmean,sentinel2,treatment_0009,treatment,treatment_0009,2,3,10,candidate,2,,,0.0,,5.0,0.00767562486143295,1.0000 0.0000
chipmean,sentinel2,treatment_0009,treatment,treatment_0009,2,3,10,candidate,2,,,0.0,,6.0,0.00767562486143295,1.0000 0.0000
chipmean,sentinel2,treatment_0010,treatment,treatment_0010,2,3,10,path,1,1.0,0.008131627536942293,inf,True,,,
chipmean,sentinel2,treatment_0010,treatment,treatment_0010,2,3,10,path,2,2.0,0.008131627536942293,0.0,False,,,
chipmean,sentinel2,treatment_0010,treatment,treatment_0010,2,3,10,candidate,1,,,,,1.0,0.008131627536942293,1.0000
chipmean,sentinel2,treatment_0010,treatment,treatment_0010,2,3,10,candidate,1,,,,,2.0,0.01728961596510113,1.0000
chipmean,sentinel2,treatment_0010,treatment,treatment_0010,2,3,10,candidate,1,,,,,3.0,0.02918258082305733,1.0000
chipmean,sentinel2,treatment_0010,treatment,treatment_0010,2,3,10,candidate,1,,,,,4.0,0.04349556751139586,1.0000
chipmean,sentinel2,treatment_0010,treatment,treatment_0010,2,3,10,candidate,1,,,,,5.0,0.060030795445924254,1.0000
chipmean,sentinel2,treatment_0010,treatment,treatment_0010,2,3,10,candidate,1,,,,,6.0,0.07870573811845433,1.0000
chipmean,sentinel2,treatment_0010,treatment,treatment_0010,2,3,10,candidate,2,,,0.0,,2.0,0.008131627536942293,1.0000 0.0000
chipmean,sentinel2,treatment_0010,treatment,treatment_0010,2,3,10,candidate,2,,,0.0,,3.0,0.008131627536942293,1.0000 0.0000
chipmean,sentinel2,treatment_0010,treatment,treatment_0010,2,3,10,candidate,2,,,0.0,,4.0,0.008131627536942293,1.0000 0.0000
chipmean,sentinel2,treatment_0010,treatment,treatment_0010,2,3,10,candidate,2,,,0.0,,5.0,0.008131627536942293,1.0000 0.0000
chipmean,sentinel2,treatment_0010,treatment,treatment_0010,2,3,10,candidate,2,,,0.0,,6.0,0.008131627536942293,1.0000 0.0000
chipmean,sentinel2,treatment_0011,treatment,treatment_0011,2,3,10,path,1,1.0,0.007734485032596784,inf,True,,,
chipmean,sentinel2,treatment_0011,treatment,treatment_0011,2,3,10,path,2,2.0,0.007734485032596784,0.0,False,,,
chipmean,sentinel2,treatment_0011,treatment,treatment_0011,2,3,10,candidate,1,,,,,1.0,0.007734485032596784,1.0000
chipmean,sentinel2,treatment_0011,treatment,treatment_0011,2,3,10,candidate,1,,,,,2.0,0.017401358528619838,1.0000
chipmean,sentinel2,treatment_0011,treatment,treatment_0011,2,3,10,candidate,1,,,,,3.0,0.03093230603381782,1.0000
chipmean,sentinel2,treatment_0011,treatment,treatment_0011,2,3,10,candidate,1,,,,,4.0,0.04832438027768277,1.0000
chipmean,sentinel2,treatment_0011,treatment,treatment_0011,2,3,10,candidate,1,,,,,5.0,0.06957367647277876,1.0000
chipmean,sentinel2,treatment_0011,treatment,treatment_0011,2,3,10,candidate,1,,,,,6.0,0.09467533214037997,1.0000
chipmean,sentinel2,treatment_0011,treatment,treatment_0011,2,3,10,candidate,2,,,0.0,,2.0,0.007734485032596784,1.0000 0.0000
chipmean,sentinel2,treatment_0011,treatment,treatment_0011,2,3,10,candidate,2,,,0.0,,3.0,0.007734485032596784,1.0000 0.0000
chipmean,sentinel2,treatment_0011,treatment,treatment_0011,2,3,10,candidate,2,,,0.0,,4.0,0.007734485032596784,1.0000 0.0000
chipmean,sentinel2,treatment_0011,treatment,treatment_0011,2,3,10,candidate,2,,,0.0,,5.0,0.007734485032596784,1.0000 0.0000
chipmean,sentinel2,treatment_0011,treatment,treatment_0011,2,3,10,candidate,2,,,0.0,,6.0,0.007734485032596784,1.0000 0.0000
chipmean,sentinel2,treatment_0012,treatment,treatment_0012,2,3,10,path,1,1.0,0.00875404193054109,inf,True,,,
chipmean,sentinel2,treatment_0012,treatment,treatment_0012,2,3,10,path,2,2.0,0.00875404193054109,0.0,False,,,
chipmean,sentinel2,treatment_0012,treatment,treatment_0012,2,3,10,candidate,1,,,,,1.0,0.00875404193054109,1.0000
chipmean,sentinel2,treatment_0012,treatment,treatment_0012,2,3,10,candidate,1,,,,,2.0,0.019703993124905846,1.0000
chipmean,sentinel2,treatment_0012,treatment,treatment_0012,2,3,10,candidate,1,,,,,3.0,0.03503040459754744,1.0000
chipmean,sentinel2,treatment_0012,treatment,treatment_0012,2,3,10,candidate,1,,,,,4.0,0.05471728777832627,1.0000
chipmean,sentinel2,treatment_0012,treatment,treatment_0012,2,3,10,candidate,1,,,,,5.0,0.07873887967535458,1.0000
chipmean,sentinel2,treatment_0012,treatment,treatment_0012,2,3,10,candidate,1,,,,,6.0,0.10705966119612303,1.0000
chipmean,sentinel2,treatment_0012,treatment,treatment_0012,2,3,10,candidate,2,,,0.0,,2.0,0.00875404193054109,1.0000 0.0000
chipmean,sentinel2,treatment_0012,treatment,treatment_0012,2,3,10,candidate,2,,,0.0,,3.0,0.00875404193054109,1.0000 0.0000
chipmean,sentinel2,treatment_0012,treatment,treatment_0012,2,3,10,candidate,2,,,0.0,,4.0,0.00875404193054109,1.0000 0.0000
chipmean,sentinel2,treatment_0012,treatment,treatment_0012,2,3,10,candidate,2,,,0.0,,5.0,0.00875404193054109,1.0000 0.0000
chipmean,sentinel2,treatment_0012,treatment,treatment_0012,2,3,10,candidate,2,,,0.0,,6.0,0.00875404193054109,1.0000 0.0000
chipmean,sentinel2,treatment_0013,treatment,treatment_0013,2,3,10,path,1,1.0,0.01382553626167296,inf,True,,,
chipmean,sentinel2,treatment_0013,treatment,treatment_0013,2,3,10,path,2,2.0,0.01382553626167296,0.0,False,,,
chipmean,sentinel2,treatment_0013,treatment,treatment_0013,2,3,10,candidate,1,,,,,1.0,0.01382553626167296,1.0000
chipmean,sentinel2,treatment_0013,treatment,treatment_0013,2,3,10,candidate,1,,,,,2.0,0.028764241894602218,1.0000
chipmean,sentinel2,treatment_0013,treatment,treatment_0013,2,3,10,candidate,1,,,,,3.0,0.04651409997711587,1.0000
chipmean,sentinel2,treatment_0013,treatment,treatment_0013,2,3,10,candidate,1,,,,,4.0,0.06359376645280498,1.0000
chipmean,sentinel2,treatment_0013,treatment,treatment_0013,2,3,10,candidate,1,,,,,5.0,0.07760071566365019,1.0000
chipmean,sentinel2,treatment_0013,treatment,treatment_0013,2,3,10,candidate,1,,,,,6.0,0.09033306375497747,1.0000
chipmean,sentinel2,treatment_0013,treatment,treatment_0013,2,3,10,candidate,2,,,0.0,,2.0,0.01382553626167296,1.0000 0.0000
chipmean,sentinel2,treatment_0013,treatment,treatment_0013,2,3,10,candidate,2,,,0.0,,3.0,0.01382553626167296,1.0000 0.0000
chipmean,sentinel2,treatment_0013,treatment,treatment_0013,2,3,10,candidate,2,,,0.0,,4.0,0.01382553626167296,1.0000 0.0000
chipmean,sentinel2,treatment_0013,treatment,treatment_0013,2,3,10,candidate,2,,,0.0,,5.0,0.01382553626167296,1.0000 0.0000
chipmean,sentinel2,treatment_0013,treatment,treatment_0013,2,3,10,candidate,2,,,0.0,,6.0,0.01382553626167296,1.0000 0.0000
chipmean,sentinel2,treatment_0014,treatment,treatment_0014,2,3,10,path,1,1.0,0.009003231237484267,inf,True,,,
chipmean,sentinel2,treatment_0014,treatment,treatment_0014,2,3,10,path,2,2.0,0.009003231237484267,0.0,False,,,
chipmean,sentinel2,treatment_0014,treatment,treatment_0014,2,3,10,candidate,1,,,,,1.0,0.009003231237484267,1.0000
chipmean,sentinel2,treatment_0014,treatment,treatment_0014,2,3,10,candidate,1,,,,,2.0,0.020257543598500856,1.0000
chipmean,sentinel2,treatment_0014,treatment,treatment_0014,2,3,10,candidate,1,,,,,3.0,0.036012168428712646,1.0000
chipmean,sentinel2,treatment_0014,treatment,treatment_0014,2,3,10,candidate,1,,,,,4.0,0.05626440900130234,1.0000
chipmean,sentinel2,treatment_0014,treatment,treatment_0014,2,3,10,candidate,1,,,,,5.0,0.08101034685706021,1.0000
chipmean,sentinel2,treatment_0014,treatment,treatment_0014,2,3,10,candidate,1,,,,,6.0,0.11024488709263477,1.0000
chipmean,sentinel2,treatment_0014,treatment,treatment_0014,2,3,10,candidate,2,,,0.0,,2.0,0.009003231237484267,1.0000 0.0000
chipmean,sentinel2,treatment_0014,treatment,treatment_0014,2,3,10,candidate,2,,,0.0,,3.0,0.009003231237484267,1.0000 0.0000
chipmean,sentinel2,treatment_0014,treatment,treatment_0014,2,3,10,candidate,2,,,0.0,,4.0,0.009003231237484267,1.0000 0.0000
chipmean,sentinel2,treatment_0014,treatment,treatment_0014,2,3,10,candidate,2,,,0.0,,5.0,0.009003231237484267,1.0000 0.0000
chipmean,sentinel2,treatment_0014,treatment,treatment_0014,2,3,10,candidate,2,,,0.0,,6.0,0.009003231237484267,1.0000 0.0000
chipmean,sentinel2,treatment_0015,treatment,treatment_0015,2,3,10,path,1,1.0,0.016659282650734478,inf,True,,,
chipmean,sentinel2,treatment_0015,treatment,treatment_0015,2,3,10,path,2,6.0,0.01665825484281448,1.0278079199989298e-06,True,,,
chipmean,sentinel2,treatment_0015,treatment,treatment_0015,2,3,10,path,3,3.0,0.016658254842814475,3.469446951953614e-18,False,,,
chipmean,sentinel2,treatment_0015,treatment,treatment_0015,2,3,10,candidate,1,,,,,1.0,0.016659282650734478,1.0000
chipmean,sentinel2,treatment_0015,treatment,treatment_0015,2,3,10,candidate,1,,,,,2.0,0.029826080401598842,1.0000
chipmean,sentinel2,treatment_0015,treatment,treatment_0015,2,3,10,candidate,1,,,,,3.0,0.04145587350707624,1.0000
chipmean,sentinel2,treatment_0015,treatment,treatment_0015,2,3,10,candidate,1,,,,,4.0,0.04979830037247736,1.0000
chipmean,sentinel2,treatment_0015,treatment,treatment_0015,2,3,10,candidate,1,,,,,5.0,0.056069202828163744,1.0000
chipmean,sentinel2,treatment_0015,treatment,treatment_0015,2,3,10,candidate,1,,,,,6.0,0.06618383596348971,1.0000
chipmean,sentinel2,treatment_0015,treatment,treatment_0015,2,3,10,candidate,2,,,0.0,,2.0,0.016659282650734478,1.0000 0.0000
chipmean,sentinel2,treatment_0015,treatment,treatment_0015,2,3,10,candidate,2,,,0.0,,3.0,0.016659282650734478,1.0000 0.0000
chipmean,sentinel2,treatment_0015,treatment,treatment_0015,2,3,10,candidate,2,,,0.0,,4.0,0.016659282650734478,1.0000 0.0000
chipmean,sentinel2,treatment_0015,treatment,treatment_0015,2,3,10,candidate,2,,,0.0,,5.0,0.016659282650734478,1.0000 0.0000
chipmean,sentinel2,treatment_0015,treatment,treatment_0015,2,3,10,candidate,2,,,1.0278079199989298e-06,,6.0,0.01665825484281448,0.9955 0.0045
chipmean,sentinel2,treatment_0015,treatment,treatment_0015,2,3,10,candidate,3,,,0.0,,2.0,0.01665825484281448,0.9955 0.0045 0.0000
chipmean,sentinel2,treatment_0015,treatment,treatment_0015,2,3,10,candidate,3,,,3.469446951953614e-18,,3.0,0.016658254842814475,0.9955 0.0045 0.0000
chipmean,sentinel2,treatment_0015,treatment,treatment_0015,2,3,10,candidate,3,,,-2.1961599205866378e-15,,4.0,0.016658254842816675,0.9955 0.0045 0.0000
chipmean,sentinel2,treatment_0015,treatment,treatment_0015,2,3,10,candidate,3,,,-5.110495360227674e-15,,5.0,0.01665825484281959,0.9955 0.0045 0.0000
chipmean,sentinel2,treatment_0001,treatment,treatment_0001,2,4,10,path,1,1.0,0.006675751111875072,inf,True,,,
chipmean,sentinel2,treatment_0001,treatment,treatment_0001,2,4,10,path,2,2.0,0.006675751111875072,0.0,False,,,
chipmean,sentinel2,treatment_0001,treatment,treatment_0001,2,4,10,candidate,1,,,,,1.0,0.006675751111875072,1.0000
chipmean,sentinel2,treatment_0001,treatment,treatment_0001,2,4,10,candidate,1,,,,,2.0,0.014619149431107316,1.0000
chipmean,sentinel2,treatment_0001,treatment,treatment_0001,2,4,10,candidate,1,,,,,3.0,0.02533971668932965,1.0000
chipmean,sentinel2,treatment_0001,treatment,treatment_0001,2,4,10,candidate,1,,,,,4.0,0.03868000668806682,1.0000
chipmean,sentinel2,treatment_0001,treatment,treatment_0001,2,4,10,candidate,1,,,,,5.0,0.05454113451366493,1.0000
chipmean,sentinel2,treatment_0001,treatment,treatment_0001,2,4,10,candidate,2,,,0.0,,2.0,0.006675751111875072,1.0000 0.0000
chipmean,sentinel2,treatment_0001,treatment,treatment_0001,2,4,10,candidate,2,,,0.0,,3.0,0.006675751111875072,1.0000 0.0000
chipmean,sentinel2,treatment_0001,treatment,treatment_0001,2,4,10,candidate,2,,,0.0,,4.0,0.006675751111875072,1.0000 0.0000
chipmean,sentinel2,treatment_0001,treatment,treatment_0001,2,4,10,candidate,2,,,0.0,,5.0,0.006675751111875072,1.0000 0.0000
chipmean,sentinel2,treatment_0002,treatment,treatment_0002,2,4,10,path,1,1.0,0.006371856956412663,inf,True,,,
chipmean,sentinel2,treatment_0002,treatment,treatment_0002,2,4,10,path,2,2.0,0.006371856956412663,0.0,False,,,
chipmean,sentinel2,treatment_0002,treatment,treatment_0002,2,4,10,candidate,1,,,,,1.0,0.006371856956412663,1.0000
chipmean,sentinel2,treatment_0002,treatment,treatment_0002,2,4,10,candidate,1,,,,,2.0,0.014321309121084012,1.0000
chipmean,sentinel2,treatment_0002,treatment,treatment_0002,2,4,10,candidate,1,,,,,3.0,0.02543221874443587,1.0000
chipmean,sentinel2,treatment_0002,treatment,treatment_0002,2,4,10,candidate,1,,,,,4.0,0.03969326975242834,1.0000
chipmean,sentinel2,treatment_0002,treatment,treatment_0002,2,4,10,candidate,1,,,,,5.0,0.05709254625829277,1.0000
chipmean,sentinel2,treatment_0002,treatment,treatment_0002,2,4,10,candidate,2,,,0.0,,2.0,0.006371856956412663,1.0000 0.0000
chipmean,sentinel2,treatment_0002,treatment,treatment_0002,2,4,10,candidate,2,,,0.0,,3.0,0.006371856956412663,1.0000 0.0000
chipmean,sentinel2,treatment_0002,treatment,treatment_0002,2,4,10,candidate,2,,,0.0,,4.0,0.006371856956412663,1.0000 0.0000
chipmean,sentinel2,treatment_0002,treatment,treatment_0002,2,4,10,candidate,2,,,0.0,,5.0,0.006371856956412663,1.0000 0.0000
chipmean,sentinel2,treatment_0003,treatment,treatment_0003,2,4,10,path,1,1.0,0.0078395112338686,inf,True,,,
chipmean,sentinel2,treatment_0003,treatment,treatment_0003,2,4,10,path,2,2.0,0.0078395112338686,0.0,False,,,
chipmean,sentinel2,treatment_0003,treatment,treatment_0003,2,4,10,candidate,1,,,,,1.0,0.0078395112338686,1.0000
chipmean,sentinel2,treatment_0003,treatment,treatment_0003,2,4,10,candidate,1,,,,,2.0,0.017411643991838626,1.0000
chipmean,sentinel2,treatment_0003,treatment,treatment_0003,2,4,10,candidate,1,,,,,3.0,0.030554922906212527,1.0000
chipmean,sentinel2,treatment_0003,treatment,treatment_0003,2,4,10,candidate,1,,,,,4.0,0.047122506191822115,1.0000
chipmean,sentinel2,treatment_0003,treatment,treatment_0003,2,4,10,candidate,1,,,,,5.0,0.06697088190636469,1.0000
chipmean,sentinel2,treatment_0003,treatment,treatment_0003,2,4,10,candidate,2,,,0.0,,2.0,0.0078395112338686,1.0000 0.0000
chipmean,sentinel2,treatment_0003,treatment,treatment_0003,2,4,10,candidate,2,,,0.0,,3.0,0.0078395112338686,1.0000 0.0000
chipmean,sentinel2,treatment_0003,treatment,treatment_0003,2,4,10,candidate,2,,,0.0,,4.0,0.0078395112338686,1.0000 0.0000
chipmean,sentinel2,treatment_0003,treatment,treatment_0003,2,4,10,candidate,2,,,0.0,,5.0,0.0078395112338686,1.0000 0.0000
chipmean,sentinel2,treatment_0004,treatment,treatment_0004,2,4,10,path,1,1.0,0.006241399317938753,inf,True,,,
chipmean,sentinel2,treatment_0004,treatment,treatment_0004,2,4,10,path,2,2.0,0.006241399317938753,0.0,False,,,
chipmean,sentinel2,treatment_0004,treatment,treatment_0004,2,4,10,candidate,1,,,,,1.0,0.006241399317938753,1.0000
chipmean,sentinel2,treatment_0004,treatment,treatment_0004,2,4,10,candidate,1,,,,,2.0,0.014017539215607108,1.0000
chipmean,sentinel2,treatment_0004,treatment,treatment_0004,2,4,10,candidate,1,,,,,3.0,0.0248745038230227,1.0000
chipmean,sentinel2,treatment_0004,treatment,treatment_0004,2,4,10,candidate,1,,,,,4.0,0.03878890553207253,1.0000
chipmean,sentinel2,treatment_0004,treatment,treatment_0004,2,4,10,candidate,1,,,,,5.0,0.05573355168733124,1.0000
chipmean,sentinel2,treatment_0004,treatment,treatment_0004,2,4,10,candidate,2,,,0.0,,2.0,0.006241399317938753,1.0000 0.0000
chipmean,sentinel2,treatment_0004,treatment,treatment_0004,2,4,10,candidate,2,,,0.0,,3.0,0.006241399317938753,1.0000 0.0000
chipmean,sentinel2,treatment_0004,treatment,treatment_0004,2,4,10,candidate,2,,,0.0,,4.0,0.006241399317938753,1.0000 0.0000
chipmean,sentinel2,treatment_0004,treatment,treatment_0004,2,4,10,candidate,2,,,0.0,,5.0,0.006241399317938753,1.0000 0.0000
chipmean,sentinel2,treatment_0005,treatment,treatment_0005,2,4,10,path,1,1.0,0.00625537342408833,inf,True,,,
chipmean,sentinel2,treatment_0005,treatment,treatment_0005,2,4,10,path,2,2.0,0.00625537342408833,0.0,False,,,
chipmean,sentinel2,treatment_0005,treatment,treatment_0005,2,4,10,candidate,1,,,,,1.0,0.00625537342408833,1.0000
chipmean,sentinel2,treatment_0005,treatment,treatment_0005,2,4,10,candidate,1,,,,,2.0,0.013757142180659604,1.0000
chipmean,sentinel2,treatment_0005,treatment,treatment_0005,2,4,10,candidate,1,,,,,3.0,0.023930185055745058,1.0000
chipmean,sentinel2,treatment_0005,treatment,treatment_0005,2,4,10,candidate,1,,,,,4.0,0.03663031825278313,1.0000
chipmean,sentinel2,treatment_0005,treatment,treatment_0005,2,4,10,candidate,1,,,,,5.0,0.05175518805281266,1.0000
chipmean,sentinel2,treatment_0005,treatment,treatment_0005,2,4,10,candidate,2,,,0.0,,2.0,0.00625537342408833,1.0000 0.0000
chipmean,sentinel2,treatment_0005,treatment,treatment_0005,2,4,10,candidate,2,,,0.0,,3.0,0.00625537342408833,1.0000 0.0000
chipmean,sentinel2,treatment_0005,treatment,treatment_0005,2,4,10,candidate,2,,,0.0,,4.0,0.00625537342408833,1.0000 0.0000
chipmean,sentinel2,treatment_0005,treatment,treatment_0005,2,4,10,candidate,2,,,0.0,,5.0,0.00625537342408833,1.0000 0.0000
chipmean,sentinel2,treatment_0006,treatment,treatment_0006,2,4,10,path,1,1.0,0.007771064013014233,inf,True,,,
chipmean,sentinel2,treatment_0006,treatment,treatment_0006,2,4,10,path,2,2.0,0.007771064013014233,0.0,False,,,
chipmean,sentinel2,treatment_0006,treatment,treatment_0006,2,4,10,candidate,1,,,,,1.0,0.007771064013014233,1.0000
chipmean,sentinel2,treatment_0006,treatment,treatment_0006,2,4,10,candidate,1,,,,,2.0,0.0169184709337222,1.0000
chipmean,sentinel2,treatment_0006,treatment,treatment_0006,2,4,10,candidate,1,,,,,3.0,0.029117757117761333,1.0000
chipmean,sentinel2,treatment_0006,treatment,treatment_0006,2,4,10,candidate,1,,,,,4.0,0.044074580371999544,1.0000
chipmean,sentinel2,treatment_0006,treatment,treatment_0006,2,4,10,candidate,1,,,,,5.0,0.061539679809882356,1.0000
chipmean,sentinel2,treatment_0006,treatment,treatment_0006,2,4,10,candidate,2,,,0.0,,2.0,0.007771064013014233,1.0000 0.0000
chipmean,sentinel2,treatment_0006,treatment,treatment_0006,2,4,10,candidate,2,,,0.0,,3.0,0.007771064013014233,1.0000 0.0000
chipmean,sentinel2,treatment_0006,treatment,treatment_0006,2,4,10,candidate,2,,,0.0,,4.0,0.007771064013014233,1.0000 0.0000
chipmean,sentinel2,treatment_0006,treatment,treatment_0006,2,4,10,candidate,2,,,0.0,,5.0,0.007771064013014233,1.0000 0.0000
chipmean,sentinel2,treatment_0007,treatment,treatment_0007,2,4,10,path,1,1.0,0.008837180115631654,inf,True,,,
chipmean,sentinel2,treatment_0007,treatment,treatment_0007,2,4,10,path,2,2.0,0.008837180115631654,0.0,False,,,
chipmean,sentinel2,treatment_0007,treatment,treatment_0007,2,4,10,candidate,1,,,,,1.0,0.008837180115631654,1.0000
chipmean,sentinel2,treatment_0007,treatment,treatment_0007,2,4,10,candidate,1,,,,,2.0,0.01951010094154177,1.0000
chipmean,sentinel2,treatment_0007,treatment,treatment_0007,2,4,10,candidate,1,,,,,3.0,0.03404118379939706,1.0000
chipmean,sentinel2,treatment_0007,treatment,treatment_0007,2,4,10,candidate,1,,,,,4.0,0.05221747380387169,1.0000
chipmean,sentinel2,treatment_0007,treatment,treatment_0007,2,4,10,candidate,1,,,,,5.0,0.07386914126462116,1.0000
chipmean,sentinel2,treatment_0007,treatment,treatment_0007,2,4,10,candidate,2,,,0.0,,2.0,0.008837180115631654,1.0000 0.0000
chipmean,sentinel2,treatment_0007,treatment,treatment_0007,2,4,10,candidate,2,,,0.0,,3.0,0.008837180115631654,1.0000 0.0000
chipmean,sentinel2,treatment_0007,treatment,treatment_0007,2,4,10,candidate,2,,,0.0,,4.0,0.008837180115631654,1.0000 0.0000
chipmean,sentinel2,treatment_0007,treatment,treatment_0007,2,4,10,candidate,2,,,0.0,,5.0,0.008837180115631654,1.0000 0.0000
chipmean,sentinel2,treatment_0008,treatment,treatment_0008,2,4,10,path,1,1.0,0.008260039163772862,inf,True,,,
chipmean,sentinel2,treatment_0008,treatment,treatment_0008,2,4,10,path,2,2.0,0.008260039163772862,0.0,False,,,
chipmean,sentinel2,treatment_0008,treatment,treatment_0008,2,4,10,candidate,1,,,,,1.0,0.008260039163772862,1.0000
chipmean,sentinel2,treatment_0008,treatment,treatment_0008,2,4,10,candidate,1,,,,,2.0,0.018160278194747442,1.0000
chipmean,sentinel2,treatment_0008,treatment,treatment_0008,2,4,10,candidate,1,,,,,3.0,0.0315911275093292,1.0000
chipmean,sentinel2,treatment_0008,treatment,treatment_0008,2,4,10,candidate,1,,,,,4.0,0.048369922593932545,1.0000
chipmean,sentinel2,treatment_0008,treatment,treatment_0008,2,4,10,candidate,1,,,,,5.0,0.0683767648761921,1.0000
chipmean,sentinel2,treatment_0008,treatment,treatment_0008,2,4,10,candidate,2,,,0.0,,2.0,0.008260039163772862,1.0000 0.0000
chipmean,sentinel2,treatment_0008,treatment,treatment_0008,2,4,10,candidate,2,,,0.0,,3.0,0.008260039163772862,1.0000 0.0000
chipmean,sentinel2,treatment_0008,treatment,treatment_0008,2,4,10,candidate,2,,,0.0,,4.0,0.008260039163772862,1.0000 0.0000
chipmean,sentinel2,treatment_0008,treatment,treatment_0008,2,4,10,candidate,2,,,0.0,,5.0,0.008260039163772862,1.0000 0.0000
chipmean,sentinel2,treatment_0009,treatment,treatment_0009,2,4,10,path,1,1.0,0.007553527460856824,inf,True,,,
chipmean,sentinel2,treatment_0009,treatment,treatment_0009,2,4,10,path,2,2.0,0.007553527460856824,0.0,False,,,
chipmean,sentinel2,treatment_0009,treatment,treatment_0009,2,4,10,candidate,1,,,,,1.0,0.007553527460856824,1.0000
chipmean,sentinel2,treatment_0009,treatment,treatment_0009,2,4,10,candidate,1,,,,,2.0,0.016568050309658258,1.0000
chipmean,sentinel2,treatment_0009,treatment,treatment_0009,2,4,10,candidate,1,,,,,3.0,0.028793601146373294,1.0000
chipmean,sentinel2,treatment_0009,treatment,treatment_0009,2,4,10,candidate,1,,,,,4.0,0.04409863063237876,1.0000
chipmean,sentinel2,treatment_0009,treatment,treatment_0009,2,4,10,candidate,1,,,,,5.0,0.06243013180758722,1.0000
chipmean,sentinel2,treatment_0009,treatment,treatment_0009,2,4,10,candidate,2,,,0.0,,2.0,0.007553527460856824,1.0000 0.0000
chipmean,sentinel2,treatment_0009,treatment,treatment_0009,2,4,10,candidate,2,,,0.0,,3.0,0.007553527460856824,1.0000 0.0000
chipmean,sentinel2,treatment_0009,treatment,treatment_0009,2,4,10,candidate,2,,,0.0,,4.0,0.007553527460856824,1.0000 0.0000
chipmean,sentinel2,treatment_0009,treatment,treatment_0009,2,4,10,candidate,2,,,0.0,,5.0,0.007553527460856824,1.0000 0.0000
chipmean,sentinel2,treatment_0010,treatment,treatment_0010,2,4,10,path,1,1.0,0.007828706900769731,inf,True,,,
chipmean,sentinel2,treatment_0010,treatment,treatment_0010,2,4,10,path,2,2.0,0.007828706900769731,0.0,False,,,
chipmean,sentinel2,treatment_0010,treatment,treatment_0010,2,4,10,candidate,1,,,,,1.0,0.007828706900769731,1.0000
chipmean,sentinel2,treatment_0010,treatment,treatment_0010,2,4,10,candidate,1,,,,,2.0,0.016769641409870847,1.0000
chipmean,sentinel2,treatment_0010,treatment,treatment_0010,2,4,10,candidate,1,,,,,3.0,0.028522817506066486,1.0000
chipmean,sentinel2,treatment_0010,treatment,treatment_0010,2,4,10,candidate,1,,,,,4.0,0.04285053756104625,1.0000
chipmean,sentinel2,treatment_0010,treatment,treatment_0010,2,4,10,candidate,1,,,,,5.0,0.059632924953480486,1.0000
chipmean,sentinel2,treatment_0010,treatment,treatment_0010,2,4,10,candidate,2,,,0.0,,2.0,0.007828706900769731,1.0000 0.0000
chipmean,sentinel2,treatment_0010,treatment,treatment_0010,2,4,10,candidate,2,,,0.0,,3.0,0.007828706900769731,1.0000 0.0000
chipmean,sentinel2,treatment_0010,treatment,treatment_0010,2,4,10,candidate,2,,,0.0,,4.0,0.007828706900769731,1.0000 0.0000
chipmean,sentinel2,treatment_0010,treatment,treatment_0010,2,4,10,candidate,2,,,0.0,,5.0,0.007828706900769731,1.0000 0.0000
chipmean,sentinel2,treatment_0011,treatment,treatment_0011,2,4,10,path,1,1.0,0.007734600854860997,inf,True,,,
chipmean,sentinel2,treatment_0011,treatment,treatment_0011,2,4,10,path,2,2.0,0.007734600854860997,0.0,False,,,
chipmean,sentinel2,treatment_0011,treatment,treatment_0011,2,4,10,candidate,1,,,,,1.0,0.007734600854860997,1.0000
chipmean,sentinel2,treatment_0011,treatment,treatment_0011,2,4,10,candidate,1,,,,,2.0,0.01740154380967149,1.0000
chipmean,sentinel2,treatment_0011,treatment,treatment_0011,2,4,10,candidate,1,,,,,3.0,0.03093249615726025,1.0000
chipmean,sentinel2,treatment_0011,treatment,treatment_0011,2,4,10,candidate,1,,,,,4.0,0.04832445472132094,1.0000
chipmean,sentinel2,treatment_0011,treatment,treatment_0011,2,4,10,candidate,1,,,,,5.0,0.0695734607220796,1.0000
chipmean,sentinel2,treatment_0011,treatment,treatment_0011,2,4,10,candidate,2,,,0.0,,2.0,0.007734600854860997,1.0000 0.0000
chipmean,sentinel2,treatment_0011,treatment,treatment_0011,2,4,10,candidate,2,,,0.0,,3.0,0.007734600854860997,1.0000 0.0000
chipmean,sentinel2,treatment_0011,treatment,treatment_0011,2,4,10,candidate,2,,,0.0,,4.0,0.007734600854860997,1.0000 0.0000
chipmean,sentinel2,treatment_0011,treatment,treatment_0011,2,4,10,candidate,2,,,0.0,,5.0,0.007734600854860997,1.0000 0.0000
chipmean,sentinel2,treatment_0012,treatment,treatment_0012,2,4,10,path,1,1.0,0.008762093312267799,inf,True,,,
chipmean,sentinel2,treatment_0012,treatment,treatment_0012,2,4,10,path,2,2.0,0.008762093312267799,0.0,False,,,
chipmean,sentinel2,treatment_0012,treatment,treatment_0012,2,4,10,candidate,1,,,,,1.0,0.008762093312267799,1.0000
chipmean,sentinel2,treatment_0012,treatment,treatment_0012,2,4,10,candidate,1,,,,,2.0,0.019720234170436703,1.0000
chipmean,sentinel2,treatment_0012,treatment,treatment_0012,2,4,10,candidate,1,,,,,3.0,0.0350557050541758,1.0000
chipmean,sentinel2,treatment_0012,treatment,treatment_0012,2,4,10,candidate,1,,,,,4.0,0.054750997066196724,1.0000
chipmean,sentinel2,treatment_0012,treatment,treatment_0012,2,4,10,candidate,1,,,,,5.0,0.07877888708475952,1.0000
chipmean,sentinel2,treatment_0012,treatment,treatment_0012,2,4,10,candidate,2,,,0.0,,2.0,0.008762093312267799,1.0000 0.0000
chipmean,sentinel2,treatment_0012,treatment,treatment_0012,2,4,10,candidate,2,,,0.0,,3.0,0.008762093312267799,1.0000 0.0000
chipmean,sentinel2,treatment_0012,treatment,treatment_0012,2,4,10,candidate,2,,,0.0,,4.0,0.008762093312267799,1.0000 0.0000
chipmean,sentinel2,treatment_0012,treatment,treatment_0012,2,4,10,candidate,2,,,0.0,,5.0,0.008762093312267799,1.0000 0.0000
chipmean,sentinel2,treatment_0013,treatment,treatment_0013,2,4,10,path,1,1.0,0.014789596798052591,inf,True,,,
chipmean,sentinel2,treatment_0013,treatment,treatment_0013,2,4,10,path,2,2.0,0.014789596798052591,0.0,False,,,
chipmean,sentinel2,treatment_0013,treatment,treatment_0013,2,4,10,candidate,1,,,,,1.0,0.014789596798052591,1.0000
chipmean,sentinel2,treatment_0013,treatment,treatment_0013,2,4,10,candidate,1,,,,,2.0,0.030066095565362282,1.0000
chipmean,sentinel2,treatment_0013,treatment,treatment_0013,2,4,10,candidate,1,,,,,3.0,0.047270312416861346,1.0000
chipmean,sentinel2,treatment_0013,treatment,treatment_0013,2,4,10,candidate,1,,,,,4.0,0.06329963820880043,1.0000
chipmean,sentinel2,treatment_0013,treatment,treatment_0013,2,4,10,candidate,1,,,,,5.0,0.07791376611341631,1.0000
chipmean,sentinel2,treatment_0013,treatment,treatment_0013,2,4,10,candidate,2,,,0.0,,2.0,0.014789596798052591,1.0000 0.0000
chipmean,sentinel2,treatment_0013,treatment,treatment_0013,2,4,10,candidate,2,,,0.0,,3.0,0.014789596798052591,1.0000 0.0000
chipmean,sentinel2,treatment_0013,treatment,treatment_0013,2,4,10,candidate,2,,,0.0,,4.0,0.014789596798052591,1.0000 0.0000
chipmean,sentinel2,treatment_0013,treatment,treatment_0013,2,4,10,candidate,2,,,0.0,,5.0,0.014789596798052591,1.0000 0.0000
chipmean,sentinel2,treatment_0014,treatment,treatment_0014,2,4,10,path,1,1.0,0.009004125907052232,inf,True,,,
chipmean,sentinel2,treatment_0014,treatment,treatment_0014,2,4,10,path,2,2.0,0.009004125907052232,0.0,False,,,
chipmean,sentinel2,treatment_0014,treatment,treatment_0014,2,4,10,candidate,1,,,,,1.0,0.009004125907052232,1.0000
chipmean,sentinel2,treatment_0014,treatment,treatment_0014,2,4,10,candidate,1,,,,,2.0,0.020259378813857594,1.0000
chipmean,sentinel2,treatment_0014,treatment,treatment_0014,2,4,10,candidate,1,,,,,3.0,0.036015137694320326,1.0000
chipmean,sentinel2,treatment_0014,treatment,treatment_0014,2,4,10,candidate,1,,,,,4.0,0.05626863012029087,1.0000
chipmean,sentinel2,treatment_0014,treatment,treatment_0014,2,4,10,candidate,1,,,,,5.0,0.08101588690760404,1.0000
chipmean,sentinel2,treatment_0014,treatment,treatment_0014,2,4,10,candidate,2,,,0.0,,2.0,0.009004125907052232,1.0000 0.0000
chipmean,sentinel2,treatment_0014,treatment,treatment_0014,2,4,10,candidate,2,,,0.0,,3.0,0.009004125907052232,1.0000 0.0000
chipmean,sentinel2,treatment_0014,treatment,treatment_0014,2,4,10,candidate,2,,,0.0,,4.0,0.009004125907052232,1.0000 0.0000
chipmean,sentinel2,treatment_0014,treatment,treatment_0014,2,4,10,candidate,2,,,0.0,,5.0,0.009004125907052232,1.0000 0.0000
chipmean,sentinel2,treatment_0015,treatment,treatment_0015,2,4,10,path,1,1.0,0.01567123541457738,inf,True,,,
chipmean,sentinel2,treatment_0015,treatment,treatment_0015,2,4,10,path,2,2.0,0.01567123541457738,0.0,False,,,
chipmean,sentinel2,treatment_0015,treatment,treatment_0015,2,4,10,candidate,1,,,,,1.0,0.01567123541457738,1.0000
chipmean,sentinel2,treatment_0015,treatment,treatment_0015,2,4,10,candidate,1,,,,,2.0,0.02811742621058588,1.0000
chipmean,sentinel2,treatment_0015,treatment,treatment_0015,2,4,10,candidate,1,,,,,3.0,0.03944222143237658,1.0000
chipmean,sentinel2,treatment_0015,treatment,treatment_0015,2,4,10,candidate,1,,,,,4.0,0.048743371905533454,1.0000
chipmean,sentinel2,treatment_0015,treatment,treatment_0015,2,4,10,candidate,1,,,,,5.0,0.059252594544839964,1.0000
chipmean,sentinel2,treatment_0015,treatment,treatment_0015,2,4,10,candidate,2,,,0.0,,2.0,0.01567123541457738,1.0000 0.0000
chipmean,sentinel2,treatment_0015,treatment,treatment_0015,2,4,10,candidate,2,,,0.0,,3.0,0.01567123541457738,1.0000 0.0000
chipmean,sentinel2,treatment_0015,treatment,treatment_0015,2,4,10,candidate,2,,,0.0,,4.0,0.01567123541457738,1.0000 0.0000
chipmean,sentinel2,treatment_0015,treatment,treatment_0015,2,4,10,candidate,2,,,0.0,,5.0,0.01567123541457738,1.0000 0.0000
chipmean,sentinel2,treatment_0001,treatment,treatment_0001,2,5,10,path,1,1.0,0.006545944319656924,inf,True,,,
chipmean,sentinel2,treatment_0001,treatment,treatment_0001,2,5,10,path,2,2.0,0.006545944319656924,0.0,False,,,
chipmean,sentinel2,treatment_0001,treatment,treatment_0001,2,5,10,candidate,1,,,,,1.0,0.006545944319656924,1.0000
chipmean,sentinel2,treatment_0001,treatment,treatment_0001,2,5,10,candidate,1,,,,,2.0,0.014375853146112977,1.0000
chipmean,sentinel2,treatment_0001,treatment,treatment_0001,2,5,10,candidate,1,,,,,3.0,0.0249963295534618,1.0000
chipmean,sentinel2,treatment_0001,treatment,treatment_0001,2,5,10,candidate,1,,,,,4.0,0.03828963218445416,1.0000
chipmean,sentinel2,treatment_0001,treatment,treatment_0001,2,5,10,candidate,2,,,0.0,,2.0,0.006545944319656924,1.0000 0.0000
chipmean,sentinel2,treatment_0001,treatment,treatment_0001,2,5,10,candidate,2,,,0.0,,3.0,0.006545944319656924,1.0000 0.0000
chipmean,sentinel2,treatment_0001,treatment,treatment_0001,2,5,10,candidate,2,,,0.0,,4.0,0.006545944319656924,1.0000 0.0000
chipmean,sentinel2,treatment_0002,treatment,treatment_0002,2,5,10,path,1,1.0,0.006367532092671494,inf,True,,,
chipmean,sentinel2,treatment_0002,treatment,treatment_0002,2,5,10,path,2,2.0,0.006367532092671494,0.0,False,,,
chipmean,sentinel2,treatment_0002,treatment,treatment_0002,2,5,10,candidate,1,,,,,1.0,0.006367532092671494,1.0000
chipmean,sentinel2,treatment_0002,treatment,treatment_0002,2,5,10,candidate,1,,,,,2.0,0.014312727040241746,1.0000
chipmean,sentinel2,treatment_0002,treatment,treatment_0002,2,5,10,candidate,1,,,,,3.0,0.025418941225511884,1.0000
chipmean,sentinel2,treatment_0002,treatment,treatment_0002,2,5,10,candidate,1,,,,,4.0,0.03967553555306382,1.0000
chipmean,sentinel2,treatment_0002,treatment,treatment_0002,2,5,10,candidate,2,,,0.0,,2.0,0.006367532092671494,1.0000 0.0000
chipmean,sentinel2,treatment_0002,treatment,treatment_0002,2,5,10,candidate,2,,,0.0,,3.0,0.006367532092671494,1.0000 0.0000
chipmean,sentinel2,treatment_0002,treatment,treatment_0002,2,5,10,candidate,2,,,0.0,,4.0,0.006367532092671494,1.0000 0.0000
chipmean,sentinel2,treatment_0003,treatment,treatment_0003,2,5,10,path,1,1.0,0.007774185721372579,inf,True,,,
chipmean,sentinel2,treatment_0003,treatment,treatment_0003,2,5,10,path,2,2.0,0.007774185721372579,0.0,False,,,
chipmean,sentinel2,treatment_0003,treatment,treatment_0003,2,5,10,candidate,1,,,,,1.0,0.007774185721372579,1.0000
chipmean,sentinel2,treatment_0003,treatment,treatment_0003,2,5,10,candidate,1,,,,,2.0,0.0172831801819316,1.0000
chipmean,sentinel2,treatment_0003,treatment,treatment_0003,2,5,10,candidate,1,,,,,3.0,0.030358447958123515,1.0000
chipmean,sentinel2,treatment_0003,treatment,treatment_0003,2,5,10,candidate,1,,,,,4.0,0.0468668686523703,1.0000
chipmean,sentinel2,treatment_0003,treatment,treatment_0003,2,5,10,candidate,2,,,0.0,,2.0,0.007774185721372579,1.0000 0.0000
chipmean,sentinel2,treatment_0003,treatment,treatment_0003,2,5,10,candidate,2,,,0.0,,3.0,0.007774185721372579,1.0000 0.0000
chipmean,sentinel2,treatment_0003,treatment,treatment_0003,2,5,10,candidate,2,,,0.0,,4.0,0.007774185721372579,1.0000 0.0000
chipmean,sentinel2,treatment_0004,treatment,treatment_0004,2,5,10,path,1,1.0,0.006272895101720323,inf,True,,,
chipmean,sentinel2,treatment_0004,treatment,treatment_0004,2,5,10,path,2,2.0,0.006272895101720323,0.0,False,,,
chipmean,sentinel2,treatment_0004,treatment,treatment_0004,2,5,10,candidate,1,,,,,1.0,0.006272895101720323,1.0000
chipmean,sentinel2,treatment_0004,treatment,treatment_0004,2,5,10,candidate,1,,,,,2.0,0.01410927132225519,1.0000
chipmean,sentinel2,treatment_0004,treatment,treatment_0004,2,5,10,candidate,1,,,,,3.0,0.02507334318571223,1.0000
chipmean,sentinel2,treatment_0004,treatment,treatment_0004,2,5,10,candidate,1,,,,,4.0,0.03915728193820804,1.0000
chipmean,sentinel2,treatment_0004,treatment,treatment_0004,2,5,10,candidate,2,,,0.0,,2.0,0.006272895101720323,1.0000 0.0000
chipmean,sentinel2,treatment_0004,treatment,treatment_0004,2,5,10,candidate,2,,,0.0,,3.0,0.006272895101720323,1.0000 0.0000
chipmean,sentinel2,treatment_0004,treatment,treatment_0004,2,5,10,candidate,2,,,0.0,,4.0,0.006272895101720323,1.0000 0.0000
chipmean,sentinel2,treatment_0005,treatment,treatment_0005,2,5,10,path,1,1.0,0.006160964707229769,inf,True,,,
chipmean,sentinel2,treatment_0005,treatment,treatment_0005,2,5,10,path,2,2.0,0.006160964707229769,0.0,False,,,
chipmean,sentinel2,treatment_0005,treatment,treatment_0005,2,5,10,candidate,1,,,,,1.0,0.006160964707229769,1.0000
chipmean,sentinel2,treatment_0005,treatment,treatment_0005,2,5,10,candidate,1,,,,,2.0,0.013584285376290047,1.0000
chipmean,sentinel2,treatment_0005,treatment,treatment_0005,2,5,10,candidate,1,,,,,3.0,0.02369685814280898,1.0000
chipmean,sentinel2,treatment_0005,treatment,treatment_0005,2,5,10,candidate,1,,,,,4.0,0.036390360283929925,1.0000
chipmean,sentinel2,treatment_0005,treatment,treatment_0005,2,5,10,candidate,2,,,0.0,,2.0,0.006160964707229769,1.0000 0.0000
chipmean,sentinel2,treatment_0005,treatment,treatment_0005,2,5,10,candidate,2,,,0.0,,3.0,0.006160964707229769,1.0000 0.0000
chipmean,sentinel2,treatment_0005,treatment,treatment_0005,2,5,10,candidate,2,,,0.0,,4.0,0.006160964707229769,1.0000 0.0000
chipmean,sentinel2,treatment_0006,treatment,treatment_0006,2,5,10,path,1,1.0,0.007566209855582697,inf,True,,,
chipmean,sentinel2,treatment_0006,treatment,treatment_0006,2,5,10,path,2,2.0,0.007566209855582697,0.0,False,,,
chipmean,sentinel2,treatment_0006,treatment,treatment_0006,2,5,10,candidate,1,,,,,1.0,0.007566209855582697,1.0000
chipmean,sentinel2,treatment_0006,treatment,treatment_0006,2,5,10,candidate,1,,,,,2.0,0.01649894090797564,1.0000
chipmean,sentinel2,treatment_0006,treatment,treatment_0006,2,5,10,candidate,1,,,,,3.0,0.028446788993521134,1.0000
chipmean,sentinel2,treatment_0006,treatment,treatment_0006,2,5,10,candidate,1,,,,,4.0,0.04314723678108874,1.0000
chipmean,sentinel2,treatment_0006,treatment,treatment_0006,2,5,10,candidate,2,,,0.0,,2.0,0.007566209855582697,1.0000 0.0000
chipmean,sentinel2,treatment_0006,treatment,treatment_0006,2,5,10,candidate,2,,,0.0,,3.0,0.007566209855582697,1.0000 0.0000
chipmean,sentinel2,treatment_0006,treatment,treatment_0006,2,5,10,candidate,2,,,0.0,,4.0,0.007566209855582697,1.0000 0.0000
chipmean,sentinel2,treatment_0007,treatment,treatment_0007,2,5,10,path,1,1.0,0.008772052184077308,inf,True,,,
chipmean,sentinel2,treatment_0007,treatment,treatment_0007,2,5,10,path,2,2.0,0.008772052184077308,0.0,False,,,
chipmean,sentinel2,treatment_0007,treatment,treatment_0007,2,5,10,candidate,1,,,,,1.0,0.008772052184077308,1.0000
chipmean,sentinel2,treatment_0007,treatment,treatment_0007,2,5,10,candidate,1,,,,,2.0,0.019421124206713686,1.0000
chipmean,sentinel2,treatment_0007,treatment,treatment_0007,2,5,10,candidate,1,,,,,3.0,0.03399026636060996,1.0000
chipmean,sentinel2,treatment_0007,treatment,treatment_0007,2,5,10,candidate,1,,,,,4.0,0.052326433495883826,1.0000
chipmean,sentinel2,treatment_0007,treatment,treatment_0007,2,5,10,candidate,2,,,0.0,,2.0,0.008772052184077308,1.0000 0.0000
chipmean,sentinel2,treatment_0007,treatment,treatment_0007,2,5,10,candidate,2,,,0.0,,3.0,0.008772052184077308,1.0000 0.0000
chipmean,sentinel2,treatment_0007,treatment,treatment_0007,2,5,10,candidate,2,,,0.0,,4.0,0.008772052184077308,1.0000 0.0000
chipmean,sentinel2,treatment_0008,treatment,treatment_0008,2,5,10,path,1,1.0,0.008191358671350764,inf,True,,,
chipmean,sentinel2,treatment_0008,treatment,treatment_0008,2,5,10,path,2,2.0,0.008191358671350764,0.0,False,,,
chipmean,sentinel2,treatment_0008,treatment,treatment_0008,2,5,10,candidate,1,,,,,1.0,0.008191358671350764,1.0000
chipmean,sentinel2,treatment_0008,treatment,treatment_0008,2,5,10,candidate,1,,,,,2.0,0.018086505239705175,1.0000
chipmean,sentinel2,treatment_0008,treatment,treatment_0008,2,5,10,candidate,1,,,,,3.0,0.0316044322271318,1.0000
chipmean,sentinel2,treatment_0008,treatment,treatment_0008,2,5,10,candidate,1,,,,,4.0,0.0486303318588867,1.0000
chipmean,sentinel2,treatment_0008,treatment,treatment_0008,2,5,10,candidate,2,,,0.0,,2.0,0.008191358671350764,1.0000 0.0000
chipmean,sentinel2,treatment_0008,treatment,treatment_0008,2,5,10,candidate,2,,,0.0,,3.0,0.008191358671350764,1.0000 0.0000
chipmean,sentinel2,treatment_0008,treatment,treatment_0008,2,5,10,candidate,2,,,0.0,,4.0,0.008191358671350764,1.0000 0.0000
chipmean,sentinel2,treatment_0009,treatment,treatment_0009,2,5,10,path,1,1.0,0.0074856144081066845,inf,True,,,
chipmean,sentinel2,treatment_0009,treatment,treatment_0009,2,5,10,path,2,2.0,0.0074856144081066845,0.0,False,,,
chipmean,sentinel2,treatment_0009,treatment,treatment_0009,2,5,10,candidate,1,,,,,1.0,0.0074856144081066845,1.0000
chipmean,sentinel2,treatment_0009,treatment,treatment_0009,2,5,10,candidate,1,,,,,2.0,0.01650686754720976,1.0000
chipmean,sentinel2,treatment_0009,treatment,treatment_0009,2,5,10,candidate,1,,,,,3.0,0.02884553108363014,1.0000
chipmean,sentinel2,treatment_0009,treatment,treatment_0009,2,5,10,candidate,1,,,,,4.0,0.044442642231880825,1.0000
chipmean,sentinel2,treatment_0009,treatment,treatment_0009,2,5,10,candidate,2,,,0.0,,2.0,0.0074856144081066845,1.0000 0.0000
chipmean,sentinel2,treatment_0009,treatment,treatment_0009,2,5,10,candidate,2,,,0.0,,3.0,0.0074856144081066845,1.0000 0.0000
chipmean,sentinel2,treatment_0009,treatment,treatment_0009,2,5,10,candidate,2,,,0.0,,4.0,0.0074856144081066845,1.0000 0.0000
chipmean,sentinel2,treatment_0010,treatment,treatment_0010,2,5,10,path,1,1.0,0.007616696408308085,inf,True,,,
chipmean,sentinel2,treatment_0010,treatment,treatment_0010,2,5,10,path,2,2.0,0.007616696408308085,0.0,False,,,
chipmean,sentinel2,treatment_0010,treatment,treatment_0010,2,5,10,candidate,1,,,,,1.0,0.007616696408308085,1.0000
chipmean,sentinel2,treatment_0010,treatment,treatment_0010,2,5,10,candidate,1,,,,,2.0,0.016440983021514793,1.0000
chipmean,sentinel2,treatment_0010,treatment,treatment_0010,2,5,10,candidate,1,,,,,3.0,0.028186302719070674,1.0000
chipmean,sentinel2,treatment_0010,treatment,treatment_0010,2,5,10,candidate,1,,,,,4.0,0.04269705377469969,1.0000
chipmean,sentinel2,treatment_0010,treatment,treatment_0010,2,5,10,candidate,2,,,0.0,,2.0,0.007616696408308085,1.0000 0.0000
chipmean,sentinel2,treatment_0010,treatment,treatment_0010,2,5,10,candidate,2,,,0.0,,3.0,0.007616696408308085,1.0000 0.0000
chipmean,sentinel2,treatment_0010,treatment,treatment_0010,2,5,10,candidate,2,,,0.0,,4.0,0.007616696408308085,1.0000 0.0000
chipmean,sentinel2,treatment_0011,treatment,treatment_0011,2,5,10,path,1,1.0,0.007734671788776283,inf,True,,,
chipmean,sentinel2,treatment_0011,treatment,treatment_0011,2,5,10,path,2,2.0,0.007734671788776283,0.0,False,,,
chipmean,sentinel2,treatment_0011,treatment,treatment_0011,2,5,10,candidate,1,,,,,1.0,0.007734671788776283,1.0000
chipmean,sentinel2,treatment_0011,treatment,treatment_0011,2,5,10,candidate,1,,,,,2.0,0.01740162573003553,1.0000
chipmean,sentinel2,treatment_0011,treatment,treatment_0011,2,5,10,candidate,1,,,,,3.0,0.030932500748090657,1.0000
chipmean,sentinel2,treatment_0011,treatment,treatment_0011,2,5,10,candidate,1,,,,,4.0,0.048324240284950755,1.0000
chipmean,sentinel2,treatment_0011,treatment,treatment_0011,2,5,10,candidate,2,,,0.0,,2.0,0.007734671788776283,1.0000 0.0000
chipmean,sentinel2,treatment_0011,treatment,treatment_0011,2,5,10,candidate,2,,,0.0,,3.0,0.007734671788776283,1.0000 0.0000
chipmean,sentinel2,treatment_0011,treatment,treatment_0011,2,5,10,candidate,2,,,0.0,,4.0,0.007734671788776283,1.0000 0.0000
chipmean,sentinel2,treatment_0012,treatment,treatment_0012,2,5,10,path,1,1.0,0.008768992285415044,inf,True,,,
chipmean,sentinel2,treatment_0012,treatment,treatment_0012,2,5,10,path,2,2.0,0.008768992285415044,0.0,False,,,
chipmean,sentinel2,treatment_0012,treatment,treatment_0012,2,5,10,candidate,1,,,,,1.0,0.008768992285415044,1.0000
chipmean,sentinel2,treatment_0012,treatment,treatment_0012,2,5,10,candidate,1,,,,,2.0,0.019733753967791146,1.0000
chipmean,sentinel2,treatment_0012,treatment,treatment_0012,2,5,10,candidate,1,,,,,3.0,0.03507603790239844,1.0000
chipmean,sentinel2,treatment_0012,treatment,treatment_0012,2,5,10,candidate,1,,,,,4.0,0.05477689786812041,1.0000
chipmean,sentinel2,treatment_0012,treatment,treatment_0012,2,5,10,candidate,2,,,0.0,,2.0,0.008768992285415044,1.0000 0.0000
chipmean,sentinel2,treatment_0012,treatment,treatment_0012,2,5,10,candidate,2,,,0.0,,3.0,0.008768992285415044,1.0000 0.0000
chipmean,sentinel2,treatment_0012,treatment,treatment_0012,2,5,10,candidate,2,,,0.0,,4.0,0.008768992285415044,1.0000 0.0000
chipmean,sentinel2,treatment_0013,treatment,treatment_0013,2,5,10,path,1,1.0,0.01513244830292122,inf,True,,,
chipmean,sentinel2,treatment_0013,treatment,treatment_0013,2,5,10,path,2,2.0,0.01513244830292122,0.0,False,,,
chipmean,sentinel2,treatment_0013,treatment,treatment_0013,2,5,10,candidate,1,,,,,1.0,0.01513244830292122,1.0000
chipmean,sentinel2,treatment_0013,treatment,treatment_0013,2,5,10,candidate,1,,,,,2.0,0.03033057317073847,1.0000
chipmean,sentinel2,treatment_0013,treatment,treatment_0013,2,5,10,candidate,1,,,,,3.0,0.04697330386381538,1.0000
chipmean,sentinel2,treatment_0013,treatment,treatment_0013,2,5,10,candidate,1,,,,,4.0,0.06354734539604182,1.0000
chipmean,sentinel2,treatment_0013,treatment,treatment_0013,2,5,10,candidate,2,,,0.0,,2.0,0.01513244830292122,1.0000 0.0000
chipmean,sentinel2,treatment_0013,treatment,treatment_0013,2,5,10,candidate,2,,,0.0,,3.0,0.01513244830292122,1.0000 0.0000
chipmean,sentinel2,treatment_0013,treatment,treatment_0013,2,5,10,candidate,2,,,0.0,,4.0,0.01513244830292122,1.0000 0.0000
chipmean,sentinel2,treatment_0014,treatment,treatment_0014,2,5,10,path,1,1.0,0.009004919446079455,inf,True,,,
chipmean,sentinel2,treatment_0014,treatment,treatment_0014,2,5,10,path,2,2.0,0.009004919446079455,0.0,False,,,
chipmean,sentinel2,treatment_0014,treatment,treatment_0014,2,5,10,candidate,1,,,,,1.0,0.009004919446079455,1.0000
chipmean,sentinel2,treatment_0014,treatment,treatment_0014,2,5,10,candidate,1,,,,,2.0,0.02026100322681632,1.0000
chipmean,sentinel2,treatment_0014,treatment,treatment_0014,2,5,10,candidate,1,,,,,3.0,0.03601776518478588,1.0000
chipmean,sentinel2,treatment_0014,treatment,treatment_0014,2,5,10,candidate,1,,,,,4.0,0.05627237383885053,1.0000
chipmean,sentinel2,treatment_0014,treatment,treatment_0014,2,5,10,candidate,2,,,0.0,,2.0,0.009004919446079455,1.0000 0.0000
chipmean,sentinel2,treatment_0014,treatment,treatment_0014,2,5,10,candidate,2,,,0.0,,3.0,0.009004919446079455,1.0000 0.0000
chipmean,sentinel2,treatment_0014,treatment,treatment_0014,2,5,10,candidate,2,,,0.0,,4.0,0.009004919446079455,1.0000 0.0000
chipmean,sentinel2,treatment_0015,treatment,treatment_0015,2,5,10,path,1,1.0,0.014790390105339743,inf,True,,,
chipmean,sentinel2,treatment_0015,treatment,treatment_0015,2,5,10,path,2,2.0,0.014790390105339743,0.0,False,,,
chipmean,sentinel2,treatment_0015,treatment,treatment_0015,2,5,10,candidate,1,,,,,1.0,0.014790390105339743,1.0000
chipmean,sentinel2,treatment_0015,treatment,treatment_0015,2,5,10,candidate,1,,,,,2.0,0.0269550207429452,1.0000
chipmean,sentinel2,treatment_0015,treatment,treatment_0015,2,5,10,candidate,1,,,,,3.0,0.03879928272128568,1.0000
chipmean,sentinel2,treatment_0015,treatment,treatment_0015,2,5,10,candidate,1,,,,,4.0,0.051212090455166524,1.0000
chipmean,sentinel2,treatment_0015,treatment,treatment_0015,2,5,10,candidate,2,,,0.0,,2.0,0.014790390105339743,1.0000 0.0000
chipmean,sentinel2,treatment_0015,treatment,treatment_0015,2,5,10,candidate,2,,,0.0,,3.0,0.014790390105339743,1.0000 0.0000
chipmean,sentinel2,treatment_0015,treatment,treatment_0015,2,5,10,candidate,2,,,0.0,,4.0,0.014790390105339743,1.0000 0.0000
chipmean,sentinel2,treatment_0001,treatment,treatment_0001,2,6,10,path,1,1.0,0.006444924639124214,inf,True,,,
chipmean,sentinel2,treatment_0001,treatment,treatment_0001,2,6,10,path,2,2.0,0.006444924639124214,0.0,False,,,
chipmean,sentinel2,treatment_0001,treatment,treatment_0001,2,6,10,candidate,1,,,,,1.0,0.006444924639124214,1.0000
chipmean,sentinel2,treatment_0001,treatment,treatment_0001,2,6,10,candidate,1,,,,,2.0,0.014199630766229964,1.0000
chipmean,sentinel2,treatment_0001,treatment,treatment_0001,2,6,10,candidate,1,,,,,3.0,0.024778538414888675,1.0000
chipmean,sentinel2,treatment_0001,treatment,treatment_0001,2,6,10,candidate,2,,,0.0,,2.0,0.006444924639124214,1.0000 0.0000
chipmean,sentinel2,treatment_0001,treatment,treatment_0001,2,6,10,candidate,2,,,0.0,,3.0,0.006444924639124214,1.0000 0.0000
chipmean,sentinel2,treatment_0002,treatment,treatment_0002,2,6,10,path,1,1.0,0.006363867356635245,inf,True,,,
chipmean,sentinel2,treatment_0002,treatment,treatment_0002,2,6,10,path,2,2.0,0.006363867356635245,0.0,False,,,
chipmean,sentinel2,treatment_0002,treatment,treatment_0002,2,6,10,candidate,1,,,,,1.0,0.006363867356635245,1.0000
chipmean,sentinel2,treatment_0002,treatment,treatment_0002,2,6,10,candidate,1,,,,,2.0,0.014305589582519306,1.0000
chipmean,sentinel2,treatment_0002,treatment,treatment_0002,2,6,10,candidate,1,,,,,3.0,0.025408172528167832,1.0000
chipmean,sentinel2,treatment_0002,treatment,treatment_0002,2,6,10,candidate,2,,,0.0,,2.0,0.006363867356635245,1.0000 0.0000
chipmean,sentinel2,treatment_0002,treatment,treatment_0002,2,6,10,candidate,2,,,0.0,,3.0,0.006363867356635245,1.0000 0.0000
chipmean,sentinel2,treatment_0003,treatment,treatment_0003,2,6,10,path,1,1.0,0.007718941202323982,inf,True,,,
chipmean,sentinel2,treatment_0003,treatment,treatment_0003,2,6,10,path,2,2.0,0.007718941202323982,0.0,False,,,
chipmean,sentinel2,treatment_0003,treatment,treatment_0003,2,6,10,candidate,1,,,,,1.0,0.007718941202323982,1.0000
chipmean,sentinel2,treatment_0003,treatment,treatment_0003,2,6,10,candidate,1,,,,,2.0,0.017177336543828074,1.0000
chipmean,sentinel2,treatment_0003,treatment,treatment_0003,2,6,10,candidate,1,,,,,3.0,0.030204326757649648,1.0000
chipmean,sentinel2,treatment_0003,treatment,treatment_0003,2,6,10,candidate,2,,,0.0,,2.0,0.007718941202323982,1.0000 0.0000
chipmean,sentinel2,treatment_0003,treatment,treatment_0003,2,6,10,candidate,2,,,0.0,,3.0,0.007718941202323982,1.0000 0.0000
chipmean,sentinel2,treatment_0004,treatment,treatment_0004,2,6,10,path,1,1.0,0.006316244972086006,inf,True,,,
chipmean,sentinel2,treatment_0004,treatment,treatment_0004,2,6,10,path,2,2.0,0.006316244972086006,0.0,False,,,
chipmean,sentinel2,treatment_0004,treatment,treatment_0004,2,6,10,candidate,1,,,,,1.0,0.006316244972086006,1.0000
chipmean,sentinel2,treatment_0004,treatment,treatment_0004,2,6,10,candidate,1,,,,,2.0,0.014227933259328484,1.0000
chipmean,sentinel2,treatment_0004,treatment,treatment_0004,2,6,10,candidate,1,,,,,3.0,0.025323401838058833,1.0000
chipmean,sentinel2,treatment_0004,treatment,treatment_0004,2,6,10,candidate,2,,,0.0,,2.0,0.006316244972086006,1.0000 0.0000
chipmean,sentinel2,treatment_0004,treatment,treatment_0004,2,6,10,candidate,2,,,0.0,,3.0,0.006316244972086006,1.0000 0.0000
chipmean,sentinel2,treatment_0005,treatment,treatment_0005,2,6,10,path,1,1.0,0.0060903629298340875,inf,True,,,
chipmean,sentinel2,treatment_0005,treatment,treatment_0005,2,6,10,path,2,2.0,0.0060903629298340875,0.0,False,,,
chipmean,sentinel2,treatment_0005,treatment,treatment_0005,2,6,10,candidate,1,,,,,1.0,0.0060903629298340875,1.0000
chipmean,sentinel2,treatment_0005,treatment,treatment_0005,2,6,10,candidate,1,,,,,2.0,0.01346832154526361,1.0000
chipmean,sentinel2,treatment_0005,treatment,treatment_0005,2,6,10,candidate,1,,,,,3.0,0.023573078611593218,1.0000
chipmean,sentinel2,treatment_0005,treatment,treatment_0005,2,6,10,candidate,2,,,0.0,,2.0,0.0060903629298340875,1.0000 0.0000
chipmean,sentinel2,treatment_0005,treatment,treatment_0005,2,6,10,candidate,2,,,0.0,,3.0,0.0060903629298340875,1.0000 0.0000
chipmean,sentinel2,treatment_0006,treatment,treatment_0006,2,6,10,path,1,1.0,0.007385185016491131,inf,True,,,
chipmean,sentinel2,treatment_0006,treatment,treatment_0006,2,6,10,path,2,2.0,0.007385185016491131,0.0,False,,,
chipmean,sentinel2,treatment_0006,treatment,treatment_0006,2,6,10,candidate,1,,,,,1.0,0.007385185016491131,1.0000
chipmean,sentinel2,treatment_0006,treatment,treatment_0006,2,6,10,candidate,1,,,,,2.0,0.016134028708120272,1.0000
chipmean,sentinel2,treatment_0006,treatment,treatment_0006,2,6,10,candidate,1,,,,,3.0,0.02787629203335671,1.0000
chipmean,sentinel2,treatment_0006,treatment,treatment_0006,2,6,10,candidate,2,,,0.0,,2.0,0.007385185016491131,1.0000 0.0000
chipmean,sentinel2,treatment_0006,treatment,treatment_0006,2,6,10,candidate,2,,,0.0,,3.0,0.007385185016491131,1.0000 0.0000
chipmean,sentinel2,treatment_0007,treatment,treatment_0007,2,6,10,path,1,1.0,0.008740672988958687,inf,True,,,
chipmean,sentinel2,treatment_0007,treatment,treatment_0007,2,6,10,path,2,2.0,0.008740672988958687,0.0,False,,,
chipmean,sentinel2,treatment_0007,treatment,treatment_0007,2,6,10,candidate,1,,,,,1.0,0.008740672988958687,1.0000
chipmean,sentinel2,treatment_0007,treatment,treatment_0007,2,6,10,candidate,1,,,,,2.0,0.0194151984478125,1.0000
chipmean,sentinel2,treatment_0007,treatment,treatment_0007,2,6,10,candidate,1,,,,,3.0,0.03410941153844816,1.0000
chipmean,sentinel2,treatment_0007,treatment,treatment_0007,2,6,10,candidate,2,,,0.0,,2.0,0.008740672988958687,1.0000 0.0000
chipmean,sentinel2,treatment_0007,treatment,treatment_0007,2,6,10,candidate,2,,,0.0,,3.0,0.008740672988958687,1.0000 0.0000
chipmean,sentinel2,treatment_0008,treatment,treatment_0008,2,6,10,path,1,1.0,0.008169225717704372,inf,True,,,
chipmean,sentinel2,treatment_0008,treatment,treatment_0008,2,6,10,path,2,2.0,0.008169225717704372,0.0,False,,,
chipmean,sentinel2,treatment_0008,treatment,treatment_0008,2,6,10,candidate,1,,,,,1.0,0.008169225717704372,1.0000
chipmean,sentinel2,treatment_0008,treatment,treatment_0008,2,6,10,candidate,1,,,,,2.0,0.01812135225288353,1.0000
chipmean,sentinel2,treatment_0008,treatment,treatment_0008,2,6,10,candidate,1,,,,,3.0,0.031827526471329894,1.0000
chipmean,sentinel2,treatment_0008,treatment,treatment_0008,2,6,10,candidate,2,,,0.0,,2.0,0.008169225717704372,1.0000 0.0000
chipmean,sentinel2,treatment_0008,treatment,treatment_0008,2,6,10,candidate,2,,,0.0,,3.0,0.008169225717704372,1.0000 0.0000
chipmean,sentinel2,treatment_0009,treatment,treatment_0009,2,6,10,path,1,1.0,0.007470159151376881,inf,True,,,
chipmean,sentinel2,treatment_0009,treatment,treatment_0009,2,6,10,path,2,2.0,0.007470159151376881,0.0,False,,,
chipmean,sentinel2,treatment_0009,treatment,treatment_0009,2,6,10,candidate,1,,,,,1.0,0.007470159151376881,1.0000
chipmean,sentinel2,treatment_0009,treatment,treatment_0009,2,6,10,candidate,1,,,,,2.0,0.01656651946125384,1.0000
chipmean,sentinel2,treatment_0009,treatment,treatment_0009,2,6,10,candidate,1,,,,,3.0,0.02912864526788868,1.0000
chipmean,sentinel2,treatment_0009,treatment,treatment_0009,2,6,10,candidate,2,,,0.0,,2.0,0.007470159151376881,1.0000 0.0000
chipmean,sentinel2,treatment_0009,treatment,treatment_0009,2,6,10,candidate,2,,,0.0,,3.0,0.007470159151376881,1.0000 0.0000
chipmean,sentinel2,treatment_0010,treatment,treatment_0010,2,6,10,path,1,1.0,0.007488268850016236,inf,True,,,
chipmean,sentinel2,treatment_0010,treatment,treatment_0010,2,6,10,path,2,2.0,0.007488268850016236,0.0,False,,,
chipmean,sentinel2,treatment_0010,treatment,treatment_0010,2,6,10,candidate,1,,,,,1.0,0.007488268850016236,1.0000
chipmean,sentinel2,treatment_0010,treatment,treatment_0010,2,6,10,candidate,1,,,,,2.0,0.016292751035041467,1.0000
chipmean,sentinel2,treatment_0010,treatment,treatment_0010,2,6,10,candidate,1,,,,,3.0,0.028165396539296055,1.0000
chipmean,sentinel2,treatment_0010,treatment,treatment_0010,2,6,10,candidate,2,,,0.0,,2.0,0.007488268850016236,1.0000 0.0000
chipmean,sentinel2,treatment_0010,treatment,treatment_0010,2,6,10,candidate,2,,,0.0,,3.0,0.007488268850016236,1.0000 0.0000
chipmean,sentinel2,treatment_0011,treatment,treatment_0011,2,6,10,path,1,1.0,0.007734696622630507,inf,True,,,
chipmean,sentinel2,treatment_0011,treatment,treatment_0011,2,6,10,path,2,2.0,0.007734696622630507,0.0,False,,,
chipmean,sentinel2,treatment_0011,treatment,treatment_0011,2,6,10,candidate,1,,,,,1.0,0.007734696622630507,1.0000
chipmean,sentinel2,treatment_0011,treatment,treatment_0011,2,6,10,candidate,1,,,,,2.0,0.017401603415615554,1.0000
chipmean,sentinel2,treatment_0011,treatment,treatment_0011,2,6,10,candidate,1,,,,,3.0,0.03093232155902547,1.0000
chipmean,sentinel2,treatment_0011,treatment,treatment_0011,2,6,10,candidate,2,,,0.0,,2.0,0.007734696622630507,1.0000 0.0000
chipmean,sentinel2,treatment_0011,treatment,treatment_0011,2,6,10,candidate,2,,,0.0,,3.0,0.007734696622630507,1.0000 0.0000
chipmean,sentinel2,treatment_0012,treatment,treatment_0012,2,6,10,path,1,1.0,0.00877466896975581,inf,True,,,
chipmean,sentinel2,treatment_0012,treatment,treatment_0012,2,6,10,path,2,2.0,0.00877466896975581,0.0,False,,,
chipmean,sentinel2,treatment_0012,treatment,treatment_0012,2,6,10,candidate,1,,,,,1.0,0.00877466896975581,1.0000
chipmean,sentinel2,treatment_0012,treatment,treatment_0012,2,6,10,candidate,1,,,,,2.0,0.019744471432722392,1.0000
chipmean,sentinel2,treatment_0012,treatment,treatment_0012,2,6,10,candidate,1,,,,,3.0,0.03509139645472742,1.0000
chipmean,sentinel2,treatment_0012,treatment,treatment_0012,2,6,10,candidate,2,,,0.0,,2.0,0.00877466896975581,1.0000 0.0000
chipmean,sentinel2,treatment_0012,treatment,treatment_0012,2,6,10,candidate,2,,,0.0,,3.0,0.00877466896975581,1.0000 0.0000
chipmean,sentinel2,treatment_0013,treatment,treatment_0013,2,6,10,path,1,1.0,0.015152429290045065,inf,True,,,
chipmean,sentinel2,treatment_0013,treatment,treatment_0013,2,6,10,path,2,2.0,0.015152429290045065,0.0,False,,,
chipmean,sentinel2,treatment_0013,treatment,treatment_0013,2,6,10,candidate,1,,,,,1.0,0.015152429290045065,1.0000
chipmean,sentinel2,treatment_0013,treatment,treatment_0013,2,6,10,candidate,1,,,,,2.0,0.03013295297781862,1.0000
chipmean,sentinel2,treatment_0013,treatment,treatment_0013,2,6,10,candidate,1,,,,,3.0,0.04747280632091207,1.0000
chipmean,sentinel2,treatment_0013,treatment,treatment_0013,2,6,10,candidate,2,,,0.0,,2.0,0.015152429290045065,1.0000 0.0000
chipmean,sentinel2,treatment_0013,treatment,treatment_0013,2,6,10,candidate,2,,,0.0,,3.0,0.015152429290045065,1.0000 0.0000
chipmean,sentinel2,treatment_0014,treatment,treatment_0014,2,6,10,path,1,1.0,0.009005623499906775,inf,True,,,
chipmean,sentinel2,treatment_0014,treatment,treatment_0014,2,6,10,path,2,2.0,0.009005623499906775,0.0,False,,,
chipmean,sentinel2,treatment_0014,treatment,treatment_0014,2,6,10,candidate,1,,,,,1.0,0.009005623499906775,1.0000
chipmean,sentinel2,treatment_0014,treatment,treatment_0014,2,6,10,candidate,1,,,,,2.0,0.020262445511788553,1.0000
chipmean,sentinel2,treatment_0014,treatment,treatment_0014,2,6,10,candidate,1,,,,,3.0,0.03602010631083642,1.0000
chipmean,sentinel2,treatment_0014,treatment,treatment_0014,2,6,10,candidate,2,,,0.0,,2.0,0.009005623499906775,1.0000 0.0000
chipmean,sentinel2,treatment_0014,treatment,treatment_0014,2,6,10,candidate,2,,,0.0,,3.0,0.009005623499906775,1.0000 0.0000
chipmean,sentinel2,treatment_0015,treatment,treatment_0015,2,6,10,path,1,1.0,0.014275434162110159,inf,True,,,
chipmean,sentinel2,treatment_0015,treatment,treatment_0015,2,6,10,path,2,2.0,0.014275434162110159,0.0,False,,,
chipmean,sentinel2,treatment_0015,treatment,treatment_0015,2,6,10,candidate,1,,,,,1.0,0.014275434162110159,1.0000
chipmean,sentinel2,treatment_0015,treatment,treatment_0015,2,6,10,candidate,1,,,,,2.0,0.02670065908274141,1.0000
chipmean,sentinel2,treatment_0015,treatment,treatment_0015,2,6,10,candidate,1,,,,,3.0,0.040932213147645,1.0000
chipmean,sentinel2,treatment_0015,treatment,treatment_0015,2,6,10,candidate,2,,,0.0,,2.0,0.014275434162110159,1.0000 0.0000
chipmean,sentinel2,treatment_0015,treatment,treatment_0015,2,6,10,candidate,2,,,0.0,,3.0,0.014275434162110159,1.0000 0.0000
chipmean,sentinel2,treatment_0001,treatment,treatment_0001,2,7,10,path,1,1.0,0.006374676329979593,inf,True,,,
chipmean,sentinel2,treatment_0001,treatment,treatment_0001,2,7,10,path,2,2.0,0.006374676329979593,0.0,False,,,
chipmean,sentinel2,treatment_0001,treatment,treatment_0001,2,7,10,candidate,1,,,,,1.0,0.006374676329979593,1.0000
chipmean,sentinel2,treatment_0001,treatment,treatment_0001,2,7,10,candidate,1,,,,,2.0,0.01409670517453776,1.0000
chipmean,sentinel2,treatment_0001,treatment,treatment_0001,2,7,10,candidate,2,,,0.0,,2.0,0.006374676329979593,1.0000 0.0000
chipmean,sentinel2,treatment_0002,treatment,treatment_0002,2,7,10,path,1,1.0,0.0063608383543232875,inf,True,,,
chipmean,sentinel2,treatment_0002,treatment,treatment_0002,2,7,10,path,2,2.0,0.0063608383543232875,0.0,False,,,
chipmean,sentinel2,treatment_0002,treatment,treatment_0002,2,7,10,candidate,1,,,,,1.0,0.0063608383543232875,1.0000
chipmean,sentinel2,treatment_0002,treatment,treatment_0002,2,7,10,candidate,1,,,,,2.0,0.014299851987658983,1.0000
chipmean,sentinel2,treatment_0002,treatment,treatment_0002,2,7,10,candidate,2,,,0.0,,2.0,0.0063608383543232875,1.0000 0.0000
chipmean,sentinel2,treatment_0003,treatment,treatment_0003,2,7,10,path,1,1.0,0.007674179522232975,inf,True,,,
chipmean,sentinel2,treatment_0003,treatment,treatment_0003,2,7,10,path,2,2.0,0.007674179522232975,0.0,False,,,
chipmean,sentinel2,treatment_0003,treatment,treatment_0003,2,7,10,candidate,1,,,,,1.0,0.007674179522232975,1.0000
chipmean,sentinel2,treatment_0003,treatment,treatment_0003,2,7,10,candidate,1,,,,,2.0,0.01709676809763236,1.0000
chipmean,sentinel2,treatment_0003,treatment,treatment_0003,2,7,10,candidate,2,,,0.0,,2.0,0.007674179522232975,1.0000 0.0000
chipmean,sentinel2,treatment_0004,treatment,treatment_0004,2,7,10,path,1,1.0,0.006372171033602213,inf,True,,,
chipmean,sentinel2,treatment_0004,treatment,treatment_0004,2,7,10,path,2,2.0,0.006372171033602213,0.0,False,,,
chipmean,sentinel2,treatment_0004,treatment,treatment_0004,2,7,10,candidate,1,,,,,1.0,0.006372171033602213,1.0000
chipmean,sentinel2,treatment_0004,treatment,treatment_0004,2,7,10,candidate,1,,,,,2.0,0.014377406667008957,1.0000
chipmean,sentinel2,treatment_0004,treatment,treatment_0004,2,7,10,candidate,2,,,0.0,,2.0,0.006372171033602213,1.0000 0.0000
chipmean,sentinel2,treatment_0005,treatment,treatment_0005,2,7,10,path,1,1.0,0.006046274576503101,inf,True,,,
chipmean,sentinel2,treatment_0005,treatment,treatment_0005,2,7,10,path,2,2.0,0.006046274576503101,0.0,False,,,
chipmean,sentinel2,treatment_0005,treatment,treatment_0005,2,7,10,candidate,1,,,,,1.0,0.006046274576503101,1.0000
chipmean,sentinel2,treatment_0005,treatment,treatment_0005,2,7,10,candidate,1,,,,,2.0,0.01341729149085522,1.0000
chipmean,sentinel2,treatment_0005,treatment,treatment_0005,2,7,10,candidate,2,,,0.0,,2.0,0.006046274576503101,1.0000 0.0000
chipmean,sentinel2,treatment_0006,treatment,treatment_0006,2,7,10,path,1,1.0,0.0072290044854480965,inf,True,,,
chipmean,sentinel2,treatment_0006,treatment,treatment_0006,2,7,10,path,2,2.0,0.0072290044854480965,0.0,False,,,
chipmean,sentinel2,treatment_0006,treatment,treatment_0006,2,7,10,candidate,1,,,,,1.0,0.0072290044854480965,1.0000
chipmean,sentinel2,treatment_0006,treatment,treatment_0006,2,7,10,candidate,1,,,,,2.0,0.01582729539129858,1.0000
chipmean,sentinel2,treatment_0006,treatment,treatment_0006,2,7,10,candidate,2,,,0.0,,2.0,0.0072290044854480965,1.0000 0.0000
chipmean,sentinel2,treatment_0007,treatment,treatment_0007,2,7,10,path,1,1.0,0.008749826616786189,inf,True,,,
chipmean,sentinel2,treatment_0007,treatment,treatment_0007,2,7,10,path,2,2.0,0.008749826616786189,0.0,False,,,
chipmean,sentinel2,treatment_0007,treatment,treatment_0007,2,7,10,candidate,1,,,,,1.0,0.008749826616786189,1.0000
chipmean,sentinel2,treatment_0007,treatment,treatment_0007,2,7,10,candidate,1,,,,,2.0,0.01951523752393636,1.0000
chipmean,sentinel2,treatment_0007,treatment,treatment_0007,2,7,10,candidate,2,,,0.0,,2.0,0.008749826616786189,1.0000 0.0000
chipmean,sentinel2,treatment_0008,treatment,treatment_0008,2,7,10,path,1,1.0,0.008198222366145225,inf,True,,,
chipmean,sentinel2,treatment_0008,treatment,treatment_0008,2,7,10,path,2,2.0,0.008198222366145225,0.0,False,,,
chipmean,sentinel2,treatment_0008,treatment,treatment_0008,2,7,10,candidate,1,,,,,1.0,0.008198222366145225,1.0000
chipmean,sentinel2,treatment_0008,treatment,treatment_0008,2,7,10,candidate,1,,,,,2.0,0.018283102862901995,1.0000
chipmean,sentinel2,treatment_0008,treatment,treatment_0008,2,7,10,candidate,2,,,0.0,,2.0,0.008198222366145225,1.0000 0.0000
chipmean,sentinel2,treatment_0009,treatment,treatment_0009,2,7,10,path,1,1.0,0.007511307894688322,inf,True,,,
chipmean,sentinel2,treatment_0009,treatment,treatment_0009,2,7,10,path,2,2.0,0.007511307894688322,0.0,False,,,
chipmean,sentinel2,treatment_0009,treatment,treatment_0009,2,7,10,candidate,1,,,,,1.0,0.007511307894688322,1.0000
chipmean,sentinel2,treatment_0009,treatment,treatment_0009,2,7,10,candidate,1,,,,,2.0,0.016765396959973804,1.0000
chipmean,sentinel2,treatment_0009,treatment,treatment_0009,2,7,10,candidate,2,,,0.0,,2.0,0.007511307894688322,1.0000 0.0000
chipmean,sentinel2,treatment_0010,treatment,treatment_0010,2,7,10,path,1,1.0,0.007440186940430974,inf,True,,,
chipmean,sentinel2,treatment_0010,treatment,treatment_0010,2,7,10,path,2,2.0,0.007440186940430974,0.0,False,,,
chipmean,sentinel2,treatment_0010,treatment,treatment_0010,2,7,10,candidate,1,,,,,1.0,0.007440186940430974,1.0000
chipmean,sentinel2,treatment_0010,treatment,treatment_0010,2,7,10,candidate,1,,,,,2.0,0.016324705450298526,1.0000
chipmean,sentinel2,treatment_0010,treatment,treatment_0010,2,7,10,candidate,2,,,0.0,,2.0,0.007440186940430974,1.0000 0.0000
chipmean,sentinel2,treatment_0011,treatment,treatment_0011,2,7,10,path,1,1.0,0.007734675463380525,inf,True,,,
chipmean,sentinel2,treatment_0011,treatment,treatment_0011,2,7,10,path,2,2.0,0.007734675463380525,0.0,False,,,
chipmean,sentinel2,treatment_0011,treatment,treatment_0011,2,7,10,candidate,1,,,,,1.0,0.007734675463380525,1.0000
chipmean,sentinel2,treatment_0011,treatment,treatment_0011,2,7,10,candidate,1,,,,,2.0,0.017401478970576537,1.0000
chipmean,sentinel2,treatment_0011,treatment,treatment_0011,2,7,10,candidate,2,,,0.0,,2.0,0.007734675463380525,1.0000 0.0000
chipmean,sentinel2,treatment_0012,treatment,treatment_0012,2,7,10,path,1,1.0,0.008779107819650885,inf,True,,,
chipmean,sentinel2,treatment_0012,treatment,treatment_0012,2,7,10,path,2,2.0,0.008779107819650885,0.0,False,,,
chipmean,sentinel2,treatment_0012,treatment,treatment_0012,2,7,10,candidate,1,,,,,1.0,0.008779107819650885,1.0000
chipmean,sentinel2,treatment_0012,treatment,treatment_0012,2,7,10,candidate,1,,,,,2.0,0.019752429433127654,1.0000
chipmean,sentinel2,treatment_0012,treatment,treatment_0012,2,7,10,candidate,2,,,0.0,,2.0,0.008779107819650885,1.0000 0.0000
chipmean,sentinel2,treatment_0013,treatment,treatment_0013,2,7,10,path,1,1.0,0.015036005250672498,inf,True,,,
chipmean,sentinel2,treatment_0013,treatment,treatment_0013,2,7,10,path,2,2.0,0.015036005250672498,0.0,False,,,
chipmean,sentinel2,treatment_0013,treatment,treatment_0013,2,7,10,candidate,1,,,,,1.0,0.015036005250672498,1.0000
chipmean,sentinel2,treatment_0013,treatment,treatment_0013,2,7,10,candidate,1,,,,,2.0,0.030926224852351077,1.0000
chipmean,sentinel2,treatment_0013,treatment,treatment_0013,2,7,10,candidate,2,,,0.0,,2.0,0.015036005250672498,1.0000 0.0000
chipmean,sentinel2,treatment_0014,treatment,treatment_0014,2,7,10,path,1,1.0,0.00900625147573601,inf,True,,,
chipmean,sentinel2,treatment_0014,treatment,treatment_0014,2,7,10,path,2,2.0,0.00900625147573601,0.0,False,,,
chipmean,sentinel2,treatment_0014,treatment,treatment_0014,2,7,10,candidate,1,,,,,1.0,0.00900625147573601,1.0000
chipmean,sentinel2,treatment_0014,treatment,treatment_0014,2,7,10,candidate,1,,,,,2.0,0.02026373833814861,1.0000
chipmean,sentinel2,treatment_0014,treatment,treatment_0014,2,7,10,candidate,2,,,0.0,,2.0,0.00900625147573601,1.0000 0.0000
chipmean,sentinel2,treatment_0015,treatment,treatment_0015,2,7,10,path,1,1.0,0.014237723538218432,inf,True,,,
chipmean,sentinel2,treatment_0015,treatment,treatment_0015,2,7,10,path,2,2.0,0.014237723538218432,0.0,False,,,
chipmean,sentinel2,treatment_0015,treatment,treatment_0015,2,7,10,candidate,1,,,,,1.0,0.014237723538218432,1.0000
chipmean,sentinel2,treatment_0015,treatment,treatment_0015,2,7,10,candidate,1,,,,,2.0,0.028568470749911413,1.0000
chipmean,sentinel2,treatment_0015,treatment,treatment_0015,2,7,10,candidate,2,,,0.0,,2.0,0.014237723538218432,1.0000 0.0000
chipmean,sentinel2,treatment_0001,treatment,treatment_0001,2,8,10,path,1,1.0,0.006338442323252853,inf,True,,,
chipmean,sentinel2,treatment_0001,treatment,treatment_0001,2,8,10,candidate,1,,,,,1.0,0.006338442323252853,1.0000
chipmean,sentinel2,treatment_0002,treatment,treatment_0002,2,8,10,path,1,1.0,0.006358427909148856,inf,True,,,
chipmean,sentinel2,treatment_0002,treatment,treatment_0002,2,8,10,candidate,1,,,,,1.0,0.006358427909148856,1.0000
chipmean,sentinel2,treatment_0003,treatment,treatment_0003,2,8,10,path,1,1.0,0.007641558090993154,inf,True,,,
chipmean,sentinel2,treatment_0003,treatment,treatment_0003,2,8,10,candidate,1,,,,,1.0,0.007641558090993154,1.0000
chipmean,sentinel2,treatment_0004,treatment,treatment_0004,2,8,10,path,1,1.0,0.006443021525527893,inf,True,,,
chipmean,sentinel2,treatment_0004,treatment,treatment_0004,2,8,10,candidate,1,,,,,1.0,0.006443021525527893,1.0000
chipmean,sentinel2,treatment_0005,treatment,treatment_0005,2,8,10,path,1,1.0,0.006032808714723339,inf,True,,,
chipmean,sentinel2,treatment_0005,treatment,treatment_0005,2,8,10,candidate,1,,,,,1.0,0.006032808714723339,1.0000
chipmean,sentinel2,treatment_0006,treatment,treatment_0006,2,8,10,path,1,1.0,0.007099605975965096,inf,True,,,
chipmean,sentinel2,treatment_0006,treatment,treatment_0006,2,8,10,candidate,1,,,,,1.0,0.007099605975965096,1.0000
chipmean,sentinel2,treatment_0007,treatment,treatment_0007,2,8,10,path,1,1.0,0.008811782982370378,inf,True,,,
chipmean,sentinel2,treatment_0007,treatment,treatment_0007,2,8,10,candidate,1,,,,,1.0,0.008811782982370378,1.0000
chipmean,sentinel2,treatment_0008,treatment,treatment_0008,2,8,10,path,1,1.0,0.008288819903643194,inf,True,,,
chipmean,sentinel2,treatment_0008,treatment,treatment_0008,2,8,10,candidate,1,,,,,1.0,0.008288819903643194,1.0000
chipmean,sentinel2,treatment_0009,treatment,treatment_0009,2,8,10,path,1,1.0,0.007619824677215255,inf,True,,,
chipmean,sentinel2,treatment_0009,treatment,treatment_0009,2,8,10,candidate,1,,,,,1.0,0.007619824677215255,1.0000
chipmean,sentinel2,treatment_0010,treatment,treatment_0010,2,8,10,path,1,1.0,0.007474432944903757,inf,True,,,
chipmean,sentinel2,treatment_0010,treatment,treatment_0010,2,8,10,candidate,1,,,,,1.0,0.007474432944903757,1.0000
chipmean,sentinel2,treatment_0011,treatment,treatment_0011,2,8,10,path,1,1.0,0.0077346097451073915,inf,True,,,
chipmean,sentinel2,treatment_0011,treatment,treatment_0011,2,8,10,candidate,1,,,,,1.0,0.0077346097451073915,1.0000
chipmean,sentinel2,treatment_0012,treatment,treatment_0012,2,8,10,path,1,1.0,0.008782348905720343,inf,True,,,
chipmean,sentinel2,treatment_0012,treatment,treatment_0012,2,8,10,candidate,1,,,,,1.0,0.008782348905720343,1.0000
chipmean,sentinel2,treatment_0013,treatment,treatment_0013,2,8,10,path,1,1.0,0.01594020194573608,inf,True,,,
chipmean,sentinel2,treatment_0013,treatment,treatment_0013,2,8,10,candidate,1,,,,,1.0,0.01594020194573608,1.0000
chipmean,sentinel2,treatment_0014,treatment,treatment_0014,2,8,10,path,1,1.0,0.009006818565578974,inf,True,,,
chipmean,sentinel2,treatment_0014,treatment,treatment_0014,2,8,10,candidate,1,,,,,1.0,0.009006818565578974,1.0000
chipmean,sentinel2,treatment_0015,treatment,treatment_0015,2,8,10,path,1,1.0,0.015668864220873612,inf,True,,,
chipmean,sentinel2,treatment_0015,treatment,treatment_0015,2,8,10,candidate,1,,,,,1.0,0.015668864220873612,1.0000
chipmean,sentinel2,treatment_0001,treatment,treatment_0001,3,2,10,path,1,1.0,0.015295907214005564,inf,True,,,
chipmean,sentinel2,treatment_0001,treatment,treatment_0001,3,2,10,path,2,2.0,0.015295907214005564,0.0,False,,,
chipmean,sentinel2,treatment_0001,treatment,treatment_0001,3,2,10,candidate,1,,,,,1.0,0.015295907214005564,1.0000
chipmean,sentinel2,treatment_0001,treatment,treatment_0001,3,2,10,candidate,1,,,,,2.0,0.026371325245794115,1.0000
chipmean,sentinel2,treatment_0001,treatment,treatment_0001,3,2,10,candidate,1,,,,,3.0,0.04002061938785609,1.0000
chipmean,sentinel2,treatment_0001,treatment,treatment_0001,3,2,10,candidate,1,,,,,4.0,0.05606744153723537,1.0000
chipmean,sentinel2,treatment_0001,treatment,treatment_0001,3,2,10,candidate,1,,,,,5.0,0.07439247963464726,1.0000
chipmean,sentinel2,treatment_0001,treatment,treatment_0001,3,2,10,candidate,1,,,,,6.0,0.094946639965585,1.0000
chipmean,sentinel2,treatment_0001,treatment,treatment_0001,3,2,10,candidate,2,,,0.0,,2.0,0.015295907214005564,1.0000 0.0000
chipmean,sentinel2,treatment_0001,treatment,treatment_0001,3,2,10,candidate,2,,,0.0,,3.0,0.015295907214005564,1.0000 0.0000
chipmean,sentinel2,treatment_0001,treatment,treatment_0001,3,2,10,candidate,2,,,0.0,,4.0,0.015295907214005564,1.0000 0.0000
chipmean,sentinel2,treatment_0001,treatment,treatment_0001,3,2,10,candidate,2,,,0.0,,5.0,0.015295907214005564,1.0000 0.0000
chipmean,sentinel2,treatment_0001,treatment,treatment_0001,3,2,10,candidate,2,,,0.0,,6.0,0.015295907214005564,1.0000 0.0000
chipmean,sentinel2,treatment_0002,treatment,treatment_0002,3,2,10,path,1,1.0,0.0143430668813785,inf,True,,,
chipmean,sentinel2,treatment_0002,treatment,treatment_0002,3,2,10,path,2,2.0,0.0143430668813785,0.0,False,,,
chipmean,sentinel2,treatment_0002,treatment,treatment_0002,3,2,10,candidate,1,,,,,1.0,0.0143430668813785,1.0000
chipmean,sentinel2,treatment_0002,treatment,treatment_0002,3,2,10,candidate,1,,,,,2.0,0.02546669036325928,1.0000
chipmean,sentinel2,treatment_0002,treatment,treatment_0002,3,2,10,candidate,1,,,,,3.0,0.039740777633743715,1.0000
chipmean,sentinel2,treatment_0002,treatment,treatment_0002,3,2,10,candidate,1,,,,,4.0,0.05715207851073812,1.0000
chipmean,sentinel2,treatment_0002,treatment,treatment_0002,3,2,10,candidate,1,,,,,5.0,0.07768674115310664,1.0000
chipmean,sentinel2,treatment_0002,treatment,treatment_0002,3,2,10,candidate,1,,,,,6.0,0.10133027476460135,1.0000
chipmean,sentinel2,treatment_0002,treatment,treatment_0002,3,2,10,candidate,2,,,0.0,,2.0,0.0143430668813785,1.0000 0.0000
chipmean,sentinel2,treatment_0002,treatment,treatment_0002,3,2,10,candidate,2,,,0.0,,3.0,0.0143430668813785,1.0000 0.0000
chipmean,sentinel2,treatment_0002,treatment,treatment_0002,3,2,10,candidate,2,,,0.0,,4.0,0.0143430668813785,1.0000 0.0000
chipmean,sentinel2,treatment_0002,treatment,treatment_0002,3,2,10,candidate,2,,,0.0,,5.0,0.0143430668813785,1.0000 0.0000
chipmean,sentinel2,treatment_0002,treatment,treatment_0002,3,2,10,candidate,2,,,0.0,,6.0,0.0143430668813785,1.0000 0.0000
chipmean,sentinel2,treatment_0003,treatment,treatment_0003,3,2,10,path,1,1.0,0.017739656703637214,inf,True,,,
chipmean,sentinel2,treatment_0003,treatment,treatment_0003,3,2,10,path,2,2.0,0.017739656703637214,0.0,False,,,
chipmean,sentinel2,treatment_0003,treatment,treatment_0003,3,2,10,candidate,1,,,,,1.0,0.017739656703637214,1.0000
chipmean,sentinel2,treatment_0003,treatment,treatment_0003,3,2,10,candidate,1,,,,,2.0,0.03106842230246267,1.0000
chipmean,sentinel2,treatment_0003,treatment,treatment_0003,3,2,10,candidate,1,,,,,3.0,0.04782347019290535,1.0000
chipmean,sentinel2,treatment_0003,treatment,treatment_0003,3,2,10,candidate,1,,,,,4.0,0.06783614379983888,1.0000
chipmean,sentinel2,treatment_0003,treatment,treatment_0003,3,2,10,candidate,1,,,,,5.0,0.09093975297451154,1.0000
chipmean,sentinel2,treatment_0003,treatment,treatment_0003,3,2,10,candidate,1,,,,,6.0,0.11697774358096229,1.0000
chipmean,sentinel2,treatment_0003,treatment,treatment_0003,3,2,10,candidate,2,,,0.0,,2.0,0.017739656703637214,1.0000 0.0000
chipmean,sentinel2,treatment_0003,treatment,treatment_0003,3,2,10,candidate,2,,,0.0,,3.0,0.017739656703637214,1.0000 0.0000
chipmean,sentinel2,treatment_0003,treatment,treatment_0003,3,2,10,candidate,2,,,0.0,,4.0,0.017739656703637214,1.0000 0.0000
chipmean,sentinel2,treatment_0003,treatment,treatment_0003,3,2,10,candidate,2,,,0.0,,5.0,0.017739656703637214,1.0000 0.0000
chipmean,sentinel2,treatment_0003,treatment,treatment_0003,3,2,10,candidate,2,,,0.0,,6.0,0.017739656703637214,1.0000 0.0000
chipmean,sentinel2,treatment_0004,treatment,treatment_0004,3,2,10,path,1,1.0,0.013916981563925639,inf,True,,,
chipmean,sentinel2,treatment_0004,treatment,treatment_0004,3,2,10,path,2,2.0,0.013916981563925639,0.0,False,,,
chipmean,sentinel2,treatment_0004,treatment,treatment_0004,3,2,10,candidate,1,,,,,1.0,0.013916981563925639,1.0000
chipmean,sentinel2,treatment_0004,treatment,treatment_0004,3,2,10,candidate,1,,,,,2.0,0.024618693088056084,1.0000
chipmean,sentinel2,treatment_0004,treatment,treatment_0004,3,2,10,candidate,1,,,,,3.0,0.038278377562218725,1.0000
chipmean,sentinel2,treatment_0004,treatment,treatment_0004,3,2,10,candidate,1,,,,,4.0,0.05484157627612134,1.0000
chipmean,sentinel2,treatment_0004,treatment,treatment_0004,3,2,10,candidate,1,,,,,5.0,0.07424650450183215,1.0000
chipmean,sentinel2,treatment_0004,treatment,treatment_0004,3,2,10,candidate,1,,,,,6.0,0.0964324916918276,1.0000
chipmean,sentinel2,treatment_0004,treatment,treatment_0004,3,2,10,candidate,2,,,0.0,,2.0,0.013916981563925639,1.0000 0.0000
chipmean,sentinel2,treatment_0004,treatment,treatment_0004,3,2,10,candidate,2,,,0.0,,3.0,0.013916981563925639,1.0000 0.0000
chipmean,sentinel2,treatment_0004,treatment,treatment_0004,3,2,10,candidate,2,,,0.0,,4.0,0.013916981563925639,1.0000 0.0000
chipmean,sentinel2,treatment_0004,treatment,treatment_0004,3,2,10,candidate,2,,,0.0,,5.0,0.013916981563925639,1.0000 0.0000
chipmean,sentinel2,treatment_0004,treatment,treatment_0004,3,2,10,candidate,2,,,0.0,,6.0,0.013916981563925639,1.0000 0.0000
chipmean,sentinel2,treatment_0005,treatment,treatment_0005,3,2,10,path,1,1.0,0.014256561356787108,inf,True,,,
chipmean,sentinel2,treatment_0005,treatment,treatment_0005,3,2,10,path,2,2.0,0.014256561356787108,0.0,False,,,
chipmean,sentinel2,treatment_0005,treatment,treatment_0005,3,2,10,candidate,1,,,,,1.0,0.014256561356787108,1.0000
chipmean,sentinel2,treatment_0005,treatment,treatment_0005,3,2,10,candidate,1,,,,,2.0,0.02468184426700541,1.0000
chipmean,sentinel2,treatment_0005,treatment,treatment_0005,3,2,10,candidate,1,,,,,3.0,0.03758531648937876,1.0000
chipmean,sentinel2,treatment_0005,treatment,treatment_0005,3,2,10,candidate,1,,,,,4.0,0.052795318032765375,1.0000
chipmean,sentinel2,treatment_0005,treatment,treatment_0005,3,2,10,candidate,1,,,,,5.0,0.07017954258863611,1.0000
chipmean,sentinel2,treatment_0005,treatment,treatment_0005,3,2,10,candidate,1,,,,,6.0,0.08966007165276167,1.0000
chipmean,sentinel2,treatment_0005,treatment,treatment_0005,3,2,10,candidate,2,,,0.0,,2.0,0.014256561356787108,1.0000 0.0000
chipmean,sentinel2,treatment_0005,treatment,treatment_0005,3,2,10,candidate,2,,,0.0,,3.0,0.014256561356787108,1.0000 0.0000
chipmean,sentinel2,treatment_0005,treatment,treatment_0005,3,2,10,candidate,2,,,0.0,,4.0,0.014256561356787108,1.0000 0.0000
chipmean,sentinel2,treatment_0005,treatment,treatment_0005,3,2,10,candidate,2,,,0.0,,5.0,0.014256561356787108,1.0000 0.0000
chipmean,sentinel2,treatment_0005,treatment,treatment_0005,3,2,10,candidate,2,,,0.0,,6.0,0.014256561356787108,1.0000 0.0000
chipmean,sentinel2,treatment_0006,treatment,treatment_0006,3,2,10,path,1,1.0,0.0179168854816838,inf,True,,,
chipmean,sentinel2,treatment_0006,treatment,treatment_0006,3,2,10,path,2,2.0,0.0179168854816838,0.0,False,,,
chipmean,sentinel2,treatment_0006,treatment,treatment_0006,3,2,10,candidate,1,,,,,1.0,0.0179168854816838,1.0000
chipmean,sentinel2,treatment_0006,treatment,treatment_0006,3,2,10,candidate,1,,,,,2.0,0.030744450068512143,1.0000
chipmean,sentinel2,treatment_0006,treatment,treatment_0006,3,2,10,candidate,1,,,,,3.0,0.04638367755356874,1.0000
chipmean,sentinel2,treatment_0006,treatment,treatment_0006,3,2,10,candidate,1,,,,,4.0,0.06452266328579141,1.0000
chipmean,sentinel2,treatment_0006,treatment,treatment_0006,3,2,10,candidate,1,,,,,5.0,0.08489507666892618,1.0000
chipmean,sentinel2,treatment_0006,treatment,treatment_0006,3,2,10,candidate,1,,,,,6.0,0.10729019505430287,1.0000
chipmean,sentinel2,treatment_0006,treatment,treatment_0006,3,2,10,candidate,2,,,0.0,,2.0,0.0179168854816838,1.0000 0.0000
chipmean,sentinel2,treatment_0006,treatment,treatment_0006,3,2,10,candidate,2,,,0.0,,3.0,0.0179168854816838,1.0000 0.0000
chipmean,sentinel2,treatment_0006,treatment,treatment_0006,3,2,10,candidate,2,,,0.0,,4.0,0.0179168854816838,1.0000 0.0000
chipmean,sentinel2,treatment_0006,treatment,treatment_0006,3,2,10,candidate,2,,,0.0,,5.0,0.0179168854816838,1.0000 0.0000
chipmean,sentinel2,treatment_0006,treatment,treatment_0006,3,2,10,candidate,2,,,0.0,,6.0,0.0179168854816838,1.0000 0.0000
chipmean,sentinel2,treatment_0007,treatment,treatment_0007,3,2,10,path,1,1.0,0.019905465533762233,inf,True,,,
chipmean,sentinel2,treatment_0007,treatment,treatment_0007,3,2,10,path,2,2.0,0.019905465533762233,0.0,False,,,
chipmean,sentinel2,treatment_0007,treatment,treatment_0007,3,2,10,candidate,1,,,,,1.0,0.019905465533762233,1.0000
chipmean,sentinel2,treatment_0007,treatment,treatment_0007,3,2,10,candidate,1,,,,,2.0,0.03454363588679541,1.0000
chipmean,sentinel2,treatment_0007,treatment,treatment_0007,3,2,10,candidate,1,,,,,3.0,0.052692876648628977,1.0000
chipmean,sentinel2,treatment_0007,treatment,treatment_0007,3,2,10,candidate,1,,,,,4.0,0.07407489938377085,1.0000
chipmean,sentinel2,treatment_0007,treatment,treatment_0007,3,2,10,candidate,1,,,,,5.0,0.09844761207266153,1.0000
chipmean,sentinel2,treatment_0007,treatment,treatment_0007,3,2,10,candidate,1,,,,,6.0,0.12565550668003644,1.0000
chipmean,sentinel2,treatment_0007,treatment,treatment_0007,3,2,10,candidate,2,,,0.0,,2.0,0.019905465533762233,1.0000 0.0000
chipmean,sentinel2,treatment_0007,treatment,treatment_0007,3,2,10,candidate,2,,,0.0,,3.0,0.019905465533762233,1.0000 0.0000
chipmean,sentinel2,treatment_0007,treatment,treatment_0007,3,2,10,candidate,2,,,0.0,,4.0,0.019905465533762233,1.0000 0.0000
chipmean,sentinel2,treatment_0007,treatment,treatment_0007,3,2,10,candidate,2,,,0.0,,5.0,0.019905465533762233,1.0000 0.0000
chipmean,sentinel2,treatment_0007,treatment,treatment_0007,3,2,10,candidate,2,,,0.0,,6.0,0.019905465533762233,1.0000 0.0000
chipmean,sentinel2,treatment_0008,treatment,treatment_0008,3,2,10,path,1,1.0,0.018619749563495963,inf,True,,,
chipmean,sentinel2,treatment_0008,treatment,treatment_0008,3,2,10,path,2,2.0,0.018619749563495963,0.0,False,,,
chipmean,sentinel2,treatment_0008,treatment,treatment_0008,3,2,10,candidate,1,,,,,1.0,0.018619749563495963,1.0000
chipmean,sentinel2,treatment_0008,treatment,treatment_0008,3,2,10,candidate,1,,,,,2.0,0.032117588301630334,1.0000
chipmean,sentinel2,treatment_0008,treatment,treatment_0008,3,2,10,candidate,1,,,,,3.0,0.04875342204190996,1.0000
chipmean,sentinel2,treatment_0008,treatment,treatment_0008,3,2,10,candidate,1,,,,,4.0,0.06828407753101257,1.0000
chipmean,sentinel2,treatment_0008,treatment,treatment_0008,3,2,10,candidate,1,,,,,5.0,0.09052232673749766,1.0000
chipmean,sentinel2,treatment_0008,treatment,treatment_0008,3,2,10,candidate,1,,,,,6.0,0.11537963067801153,1.0000
chipmean,sentinel2,treatment_0008,treatment,treatment_0008,3,2,10,candidate,2,,,0.0,,2.0,0.018619749563495963,1.0000 0.0000
chipmean,sentinel2,treatment_0008,treatment,treatment_0008,3,2,10,candidate,2,,,0.0,,3.0,0.018619749563495963,1.0000 0.0000
chipmean,sentinel2,treatment_0008,treatment,treatment_0008,3,2,10,candidate,2,,,0.0,,4.0,0.018619749563495963,1.0000 0.0000
chipmean,sentinel2,treatment_0008,treatment,treatment_0008,3,2,10,candidate,2,,,0.0,,5.0,0.018619749563495963,1.0000 0.0000
chipmean,sentinel2,treatment_0008,treatment,treatment_0008,3,2,10,candidate,2,,,0.0,,6.0,0.018619749563495963,1.0000 0.0000
chipmean,sentinel2,treatment_0009,treatment,treatment_0009,3,2,10,path,1,1.0,0.017048719350082005,inf,True,,,
chipmean,sentinel2,treatment_0009,treatment,treatment_0009,3,2,10,path,2,2.0,0.017048719350082005,0.0,False,,,
chipmean,sentinel2,treatment_0009,treatment,treatment_0009,3,2,10,candidate,1,,,,,1.0,0.017048719350082005,1.0000
chipmean,sentinel2,treatment_0009,treatment,treatment_0009,3,2,10,candidate,1,,,,,2.0,0.02931507144228986,1.0000
chipmean,sentinel2,treatment_0009,treatment,treatment_0009,3,2,10,candidate,1,,,,,3.0,0.04442063160206158,1.0000
chipmean,sentinel2,treatment_0009,treatment,treatment_0009,3,2,10,candidate,1,,,,,4.0,0.062181564959003115,1.0000
chipmean,sentinel2,treatment_0009,treatment,treatment_0009,3,2,10,candidate,1,,,,,5.0,0.08248335119708244,1.0000
chipmean,sentinel2,treatment_0009,treatment,treatment_0009,3,2,10,candidate,1,,,,,6.0,0.10532538285268295,1.0000
chipmean,sentinel2,treatment_0009,treatment,treatment_0009,3,2,10,candidate,2,,,0.0,,2.0,0.017048719350082005,1.0000 0.0000
chipmean,sentinel2,treatment_0009,treatment,treatment_0009,3,2,10,candidate,2,,,0.0,,3.0,0.017048719350082005,1.0000 0.0000
chipmean,sentinel2,treatment_0009,treatment,treatment_0009,3,2,10,candidate,2,,,0.0,,4.0,0.017048719350082005,1.0000 0.0000
chipmean,sentinel2,treatment_0009,treatment,treatment_0009,3,2,10,candidate,2,,,0.0,,5.0,0.017048719350082005,1.0000 0.0000
chipmean,sentinel2,treatment_0009,treatment,treatment_0009,3,2,10,candidate,2,,,0.0,,6.0,0.017048719350082005,1.0000 0.0000
chipmean,sentinel2,treatment_0010,treatment,treatment_0010,3,2,10,path,1,1.0,0.018020138420207776,inf,True,,,
chipmean,sentinel2,treatment_0010,treatment,treatment_0010,3,2,10,path,2,2.0,0.018020138420207776,0.0,False,,,
chipmean,sentinel2,treatment_0010,treatment,treatment_0010,3,2,10,candidate,1,,,,,1.0,0.018020138420207776,1.0000
chipmean,sentinel2,treatment_0010,treatment,treatment_0010,3,2,10,candidate,1,,,,,2.0,0.03019042105770089,1.0000
chipmean,sentinel2,treatment_0010,treatment,treatment_0010,3,2,10,candidate,1,,,,,3.0,0.04465373515233081,1.0000
chipmean,sentinel2,treatment_0010,treatment,treatment_0010,3,2,10,candidate,1,,,,,4.0,0.06114147589191746,1.0000
chipmean,sentinel2,treatment_0010,treatment,treatment_0010,3,2,10,candidate,1,,,,,5.0,0.07949601018077027,1.0000
chipmean,sentinel2,treatment_0010,treatment,treatment_0010,3,2,10,candidate,1,,,,,6.0,0.09968027851101667,1.0000
chipmean,sentinel2,treatment_0010,treatment,treatment_0010,3,2,10,candidate,2,,,0.0,,2.0,0.018020138420207776,1.0000 0.0000
chipmean,sentinel2,treatment_0010,treatment,treatment_0010,3,2,10,candidate,2,,,0.0,,3.0,0.018020138420207776,1.0000 0.0000
chipmean,sentinel2,treatment_0010,treatment,treatment_0010,3,2,10,candidate,2,,,0.0,,4.0,0.018020138420207776,1.0000 0.0000
chipmean,sentinel2,treatment_0010,treatment,treatment_0010,3,2,10,candidate,2,,,0.0,,5.0,0.018020138420207776,1.0000 0.0000
chipmean,sentinel2,treatment_0010,treatment,treatment_0010,3,2,10,candidate,2,,,0.0,,6.0,0.018020138420207776,1.0000 0.0000
chipmean,sentinel2,treatment_0011,treatment,treatment_0011,3,2,10,path,1,1.0,0.01740107372161803,inf,True,,,
chipmean,sentinel2,treatment_0011,treatment,treatment_0011,3,2,10,path,2,2.0,0.01740107372161803,0.0,False,,,
chipmean,sentinel2,treatment_0011,treatment,treatment_0011,3,2,10,candidate,1,,,,,1.0,0.01740107372161803,1.0000
chipmean,sentinel2,treatment_0011,treatment,treatment_0011,3,2,10,candidate,1,,,,,2.0,0.030931933907408858,1.0000
chipmean,sentinel2,treatment_0011,treatment,treatment_0011,3,2,10,candidate,1,,,,,3.0,0.04832401731131918,1.0000
chipmean,sentinel2,treatment_0011,treatment,treatment_0011,3,2,10,candidate,1,,,,,4.0,0.06957347624616311,1.0000
chipmean,sentinel2,treatment_0011,treatment,treatment_0011,3,2,10,candidate,1,,,,,5.0,0.0946755025358315,1.0000
chipmean,sentinel2,treatment_0011,treatment,treatment_0011,3,2,10,candidate,1,,,,,6.0,0.12362432999149293,1.0000
chipmean,sentinel2,treatment_0011,treatment,treatment_0011,3,2,10,candidate,2,,,0.0,,2.0,0.01740107372161803,1.0000 0.0000
chipmean,sentinel2,treatment_0011,treatment,treatment_0011,3,2,10,candidate,2,,,0.0,,3.0,0.01740107372161803,1.0000 0.0000
chipmean,sentinel2,treatment_0011,treatment,treatment_0011,3,2,10,candidate,2,,,0.0,,4.0,0.01740107372161803,1.0000 0.0000
chipmean,sentinel2,treatment_0011,treatment,treatment_0011,3,2,10,candidate,2,,,0.0,,5.0,0.01740107372161803,1.0000 0.0000
chipmean,sentinel2,treatment_0011,treatment,treatment_0011,3,2,10,candidate,2,,,0.0,,6.0,0.01740107372161803,1.0000 0.0000
chipmean,sentinel2,treatment_0012,treatment,treatment_0012,3,2,10,path,1,1.0,0.01968523334051591,inf,True,,,
chipmean,sentinel2,treatment_0012,treatment,treatment_0012,3,2,10,path,2,2.0,0.01968523334051591,0.0,False,,,
chipmean,sentinel2,treatment_0012,treatment,treatment_0012,3,2,10,candidate,1,,,,,1.0,0.01968523334051591,1.0000
chipmean,sentinel2,treatment_0012,treatment,treatment_0012,3,2,10,candidate,1,,,,,2.0,0.03500036185764944,1.0000
chipmean,sentinel2,treatment_0012,treatment,treatment_0012,3,2,10,candidate,1,,,,,3.0,0.054675908520956,1.0000
chipmean,sentinel2,treatment_0012,treatment,treatment_0012,3,2,10,candidate,1,,,,,4.0,0.07868767726012421,1.0000
chipmean,sentinel2,treatment_0012,treatment,treatment_0012,3,2,10,candidate,1,,,,,5.0,0.10700162015113548,1.0000
chipmean,sentinel2,treatment_0012,treatment,treatment_0012,3,2,10,candidate,1,,,,,6.0,0.1395739635454669,1.0000
chipmean,sentinel2,treatment_0012,treatment,treatment_0012,3,2,10,candidate,2,,,0.0,,2.0,0.01968523334051591,1.0000 0.0000
chipmean,sentinel2,treatment_0012,treatment,treatment_0012,3,2,10,candidate,2,,,0.0,,3.0,0.01968523334051591,1.0000 0.0000
chipmean,sentinel2,treatment_0012,treatment,treatment_0012,3,2,10,candidate,2,,,0.0,,4.0,0.01968523334051591,1.0000 0.0000
chipmean,sentinel2,treatment_0012,treatment,treatment_0012,3,2,10,candidate,2,,,0.0,,5.0,0.01968523334051591,1.0000 0.0000
chipmean,sentinel2,treatment_0012,treatment,treatment_0012,3,2,10,candidate,2,,,0.0,,6.0,0.01968523334051591,1.0000 0.0000
chipmean,sentinel2,treatment_0013,treatment,treatment_0013,3,2,10,path,1,1.0,0.02630001632845864,inf,True,,,
chipmean,sentinel2,treatment_0013,treatment,treatment_0013,3,2,10,path,2,2.0,0.02630001632845864,0.0,False,,,
chipmean,sentinel2,treatment_0013,treatment,treatment_0013,3,2,10,candidate,1,,,,,1.0,0.02630001632845864,1.0000
chipmean,sentinel2,treatment_0013,treatment,treatment_0013,3,2,10,candidate,1,,,,,2.0,0.04399949207586228,1.0000
chipmean,sentinel2,treatment_0013,treatment,treatment_0013,3,2,10,candidate,1,,,,,3.0,0.06230372484424717,1.0000
chipmean,sentinel2,treatment_0013,treatment,treatment_0013,3,2,10,candidate,1,,,,,4.0,0.07780689742459407,1.0000
chipmean,sentinel2,treatment_0013,treatment,treatment_0013,3,2,10,candidate,1,,,,,5.0,0.08961434054642264,1.0000
chipmean,sentinel2,treatment_0013,treatment,treatment_0013,3,2,10,candidate,1,,,,,6.0,0.10139017116058248,1.0000
chipmean,sentinel2,treatment_0013,treatment,treatment_0013,3,2,10,candidate,2,,,0.0,,2.0,0.02630001632845864,1.0000 0.0000
chipmean,sentinel2,treatment_0013,treatment,treatment_0013,3,2,10,candidate,2,,,0.0,,3.0,0.02630001632845864,1.0000 0.0000
chipmean,sentinel2,treatment_0013,treatment,treatment_0013,3,2,10,candidate,2,,,0.0,,4.0,0.02630001632845864,1.0000 0.0000
chipmean,sentinel2,treatment_0013,treatment,treatment_0013,3,2,10,candidate,2,,,0.0,,5.0,0.02630001632845864,1.0000 0.0000
chipmean,sentinel2,treatment_0013,treatment,treatment_0013,3,2,10,candidate,2,,,0.0,,6.0,0.02630001632845864,1.0000 0.0000
chipmean,sentinel2,treatment_0014,treatment,treatment_0014,3,2,10,path,1,1.0,0.020255472851488328,inf,True,,,
chipmean,sentinel2,treatment_0014,treatment,treatment_0014,3,2,10,path,2,2.0,0.020255472851488328,0.0,False,,,
chipmean,sentinel2,treatment_0014,treatment,treatment_0014,3,2,10,candidate,1,,,,,1.0,0.020255472851488328,1.0000
chipmean,sentinel2,treatment_0014,treatment,treatment_0014,3,2,10,candidate,1,,,,,2.0,0.03600880904424221,1.0000
chipmean,sentinel2,treatment_0014,treatment,treatment_0014,3,2,10,candidate,1,,,,,3.0,0.05625962804068824,1.0000
chipmean,sentinel2,treatment_0014,treatment,treatment_0014,3,2,10,candidate,1,,,,,4.0,0.08100407953785015,1.0000
chipmean,sentinel2,treatment_0014,treatment,treatment_0014,3,2,10,candidate,1,,,,,5.0,0.11023711062713448,1.0000
chipmean,sentinel2,treatment_0014,treatment,treatment_0014,3,2,10,candidate,1,,,,,6.0,0.14395251458104039,1.0000
chipmean,sentinel2,treatment_0014,treatment,treatment_0014,3,2,10,candidate,2,,,0.0,,2.0,0.020255472851488328,1.0000 0.0000
chipmean,sentinel2,treatment_0014,treatment,treatment_0014,3,2,10,candidate,2,,,0.0,,3.0,0.020255472851488328,1.0000 0.0000
chipmean,sentinel2,treatment_0014,treatment,treatment_0014,3,2,10,candidate,2,,,0.0,,4.0,0.020255472851488328,1.0000 0.0000
chipmean,sentinel2,treatment_0014,treatment,treatment_0014,3,2,10,candidate,2,,,0.0,,5.0,0.020255472851488328,1.0000 0.0000
chipmean,sentinel2,treatment_0014,treatment,treatment_0014,3,2,10,candidate,2,,,0.0,,6.0,0.020255472851488328,1.0000 0.0000
chipmean,sentinel2,treatment_0015,treatment,treatment_0015,3,2,10,path,1,1.0,0.03192183224692918,inf,True,,,
chipmean,sentinel2,treatment_0015,treatment,treatment_0015,3,2,10,path,2,6.0,0.03134576782691991,0.0005760644200092715,True,,,
chipmean,sentinel2,treatment_0015,treatment,treatment_0015,3,2,10,path,3,2.0,0.03134576782691991,0.0,False,,,
chipmean,sentinel2,treatment_0015,treatment,treatment_0015,3,2,10,candidate,1,,,,,1.0,0.03192183224692918,1.0000
chipmean,sentinel2,treatment_0015,treatment,treatment_0015,3,2,10,candidate,1,,,,,2.0,0.04449037074060149,1.0000
chipmean,sentinel2,treatment_0015,treatment,treatment_0015,3,2,10,candidate,1,,,,,3.0,0.05306346338167523,1.0000
chipmean,sentinel2,treatment_0015,treatment,treatment_0015,3,2,10,candidate,1,,,,,4.0,0.05767031487355936,1.0000
chipmean,sentinel2,treatment_0015,treatment,treatment_0015,3,2,10,candidate,1,,,,,5.0,0.062059429857300216,1.0000
chipmean,sentinel2,treatment_0015,treatment,treatment_0015,3,2,10,candidate,1,,,,,6.0,0.07416892076009388,1.0000
chipmean,sentinel2,treatment_0015,treatment,treatment_0015,3,2,10,candidate,2,,,0.0,,2.0,0.03192183224692918,1.0000 0.0000
chipmean,sentinel2,treatment_0015,treatment,treatment_0015,3,2,10,candidate,2,,,0.0,,3.0,0.03192183224692918,1.0000 0.0000
chipmean,sentinel2,treatment_0015,treatment,treatment_0015,3,2,10,candidate,2,,,0.0,,4.0,0.03192183224692918,1.0000 0.0000
chipmean,sentinel2,treatment_0015,treatment,treatment_0015,3,2,10,candidate,2,,,0.00015706468030927956,,5.0,0.0317647675666199,0.9328 0.0672
chipmean,sentinel2,treatment_0015,treatment,treatment_0015,3,2,10,candidate,2,,,0.0005760644200092715,,6.0,0.03134576782691991,0.8961 0.1039
chipmean,sentinel2,treatment_0015,treatment,treatment_0015,3,2,10,candidate,3,,,0.0,,2.0,0.03134576782691991,0.8961 0.1039 0.0000
chipmean,sentinel2,treatment_0015,treatment,treatment_0015,3,2,10,candidate,3,,,0.0,,3.0,0.03134576782691991,0.8961 0.1039 0.0000
chipmean,sentinel2,treatment_0015,treatment,treatment_0015,3,2,10,candidate,3,,,-6.938893903907228e-18,,4.0,0.03134576782691992,0.8961 0.1039 0.0000
chipmean,sentinel2,treatment_0015,treatment,treatment_0015,3,2,10,candidate,3,,,0.0,,5.0,0.03134576782691991,0.8961 0.1039 0.0000
chipmean,sentinel2,treatment_0001,treatment,treatment_0001,3,3,10,path,1,1.0,0.014926077848104792,inf,True,,,
chipmean,sentinel2,treatment_0001,treatment,treatment_0001,3,3,10,path,2,2.0,0.014926077848104792,0.0,False,,,
chipmean,sentinel2,treatment_0001,treatment,treatment_0001,3,3,10,candidate,1,,,,,1.0,0.014926077848104792,1.0000
chipmean,sentinel2,treatment_0001,treatment,treatment_0001,3,3,10,candidate,1,,,,,2.0,0.025799491031578116,1.0000
chipmean,sentinel2,treatment_0001,treatment,treatment_0001,3,3,10,candidate,1,,,,,3.0,0.039260853739408255,1.0000
chipmean,sentinel2,treatment_0001,treatment,treatment_0001,3,3,10,candidate,1,,,,,4.0,0.0551701778510293,1.0000
chipmean,sentinel2,treatment_0001,treatment,treatment_0001,3,3,10,candidate,1,,,,,5.0,0.0734509517060064,1.0000
chipmean,sentinel2,treatment_0001,treatment,treatment_0001,3,3,10,candidate,2,,,0.0,,2.0,0.014926077848104792,1.0000 0.0000
chipmean,sentinel2,treatment_0001,treatment,treatment_0001,3,3,10,candidate,2,,,0.0,,3.0,0.014926077848104792,1.0000 0.0000
chipmean,sentinel2,treatment_0001,treatment,treatment_0001,3,3,10,candidate,2,,,0.0,,4.0,0.014926077848104792,1.0000 0.0000
chipmean,sentinel2,treatment_0001,treatment,treatment_0001,3,3,10,candidate,2,,,0.0,,5.0,0.014926077848104792,1.0000 0.0000
chipmean,sentinel2,treatment_0002,treatment,treatment_0002,3,3,10,path,1,1.0,0.014331396752446744,inf,True,,,
chipmean,sentinel2,treatment_0002,treatment,treatment_0002,3,3,10,path,2,2.0,0.014331396752446744,0.0,False,,,
chipmean,sentinel2,treatment_0002,treatment,treatment_0002,3,3,10,candidate,1,,,,,1.0,0.014331396752446744,1.0000
chipmean,sentinel2,treatment_0002,treatment,treatment_0002,3,3,10,candidate,1,,,,,2.0,0.025448095454897242,1.0000
chipmean,sentinel2,treatment_0002,treatment,treatment_0002,3,3,10,candidate,1,,,,,3.0,0.03971496445195914,1.0000
chipmean,sentinel2,treatment_0002,treatment,treatment_0002,3,3,10,candidate,1,,,,,4.0,0.05711942528198539,1.0000
chipmean,sentinel2,treatment_0002,treatment,treatment_0002,3,3,10,candidate,1,,,,,5.0,0.07764827552274146,1.0000
chipmean,sentinel2,treatment_0002,treatment,treatment_0002,3,3,10,candidate,2,,,0.0,,2.0,0.014331396752446744,1.0000 0.0000
chipmean,sentinel2,treatment_0002,treatment,treatment_0002,3,3,10,candidate,2,,,0.0,,3.0,0.014331396752446744,1.0000 0.0000
chipmean,sentinel2,treatment_0002,treatment,treatment_0002,3,3,10,candidate,2,,,0.0,,4.0,0.014331396752446744,1.0000 0.0000
chipmean,sentinel2,treatment_0002,treatment,treatment_0002,3,3,10,candidate,2,,,0.0,,5.0,0.014331396752446744,1.0000 0.0000
chipmean,sentinel2,treatment_0003,treatment,treatment_0003,3,3,10,path,1,1.0,0.01756285133403549,inf,True,,,
chipmean,sentinel2,treatment_0003,treatment,treatment_0003,3,3,10,path,2,2.0,0.01756285133403549,0.0,False,,,
chipmean,sentinel2,treatment_0003,treatment,treatment_0003,3,3,10,candidate,1,,,,,1.0,0.01756285133403549,1.0000
chipmean,sentinel2,treatment_0003,treatment,treatment_0003,3,3,10,candidate,1,,,,,2.0,0.0307908971299474,1.0000
chipmean,sentinel2,treatment_0003,treatment,treatment_0003,3,3,10,candidate,1,,,,,3.0,0.04744189559873599,1.0000
chipmean,sentinel2,treatment_0003,treatment,treatment_0003,3,3,10,candidate,1,,,,,4.0,0.06735819862760196,1.0000
chipmean,sentinel2,treatment_0003,treatment,treatment_0003,3,3,10,candidate,1,,,,,5.0,0.0903879731164987,1.0000
chipmean,sentinel2,treatment_0003,treatment,treatment_0003,3,3,10,candidate,2,,,0.0,,2.0,0.01756285133403549,1.0000 0.0000
chipmean,sentinel2,treatment_0003,treatment,treatment_0003,3,3,10,candidate,2,,,0.0,,3.0,0.01756285133403549,1.0000 0.0000
chipmean,sentinel2,treatment_0003,treatment,treatment_0003,3,3,10,candidate,2,,,0.0,,4.0,0.01756285133403549,1.0000 0.0000
chipmean,sentinel2,treatment_0003,treatment,treatment_0003,3,3,10,candidate,2,,,0.0,,5.0,0.01756285133403549,1.0000 0.0000
chipmean,sentinel2,treatment_0004,treatment,treatment_0004,3,3,10,path,1,1.0,0.013952421110234658,inf,True,,,
chipmean,sentinel2,treatment_0004,treatment,treatment_0004,3,3,10,path,2,2.0,0.013952421110234658,0.0,False,,,
chipmean,sentinel2,treatment_0004,treatment,treatment_0004,3,3,10,candidate,1,,,,,1.0,0.013952421110234658,1.0000
chipmean,sentinel2,treatment_0004,treatment,treatment_0004,3,3,10,candidate,1,,,,,2.0,0.02472238384373559,1.0000
chipmean,sentinel2,treatment_0004,treatment,treatment_0004,3,3,10,candidate,1,,,,,3.0,0.03849706703547138,1.0000
chipmean,sentinel2,treatment_0004,treatment,treatment_0004,3,3,10,candidate,1,,,,,4.0,0.055233513111412745,1.0000
chipmean,sentinel2,treatment_0004,treatment,treatment_0004,3,3,10,candidate,1,,,,,5.0,0.07488629585781363,1.0000
chipmean,sentinel2,treatment_0004,treatment,treatment_0004,3,3,10,candidate,2,,,0.0,,2.0,0.013952421110234658,1.0000 0.0000
chipmean,sentinel2,treatment_0004,treatment,treatment_0004,3,3,10,candidate,2,,,0.0,,3.0,0.013952421110234658,1.0000 0.0000
chipmean,sentinel2,treatment_0004,treatment,treatment_0004,3,3,10,candidate,2,,,0.0,,4.0,0.013952421110234658,1.0000 0.0000
chipmean,sentinel2,treatment_0004,treatment,treatment_0004,3,3,10,candidate,2,,,0.0,,5.0,0.013952421110234658,1.0000 0.0000
chipmean,sentinel2,treatment_0005,treatment,treatment_0005,3,3,10,path,1,1.0,0.01398192231503945,inf,True,,,
chipmean,sentinel2,treatment_0005,treatment,treatment_0005,3,3,10,path,2,2.0,0.01398192231503945,0.0,False,,,
chipmean,sentinel2,treatment_0005,treatment,treatment_0005,3,3,10,candidate,1,,,,,1.0,0.01398192231503945,1.0000
chipmean,sentinel2,treatment_0005,treatment,treatment_0005,3,3,10,candidate,1,,,,,2.0,0.02426081650868816,1.0000
chipmean,sentinel2,treatment_0005,treatment,treatment_0005,3,3,10,candidate,1,,,,,3.0,0.03703398418198507,1.0000
chipmean,sentinel2,treatment_0005,treatment,treatment_0005,3,3,10,candidate,1,,,,,4.0,0.05216153762594708,1.0000
chipmean,sentinel2,treatment_0005,treatment,treatment_0005,3,3,10,candidate,1,,,,,5.0,0.06955070861667217,1.0000
chipmean,sentinel2,treatment_0005,treatment,treatment_0005,3,3,10,candidate,2,,,0.0,,2.0,0.01398192231503945,1.0000 0.0000
chipmean,sentinel2,treatment_0005,treatment,treatment_0005,3,3,10,candidate,2,,,0.0,,3.0,0.01398192231503945,1.0000 0.0000
chipmean,sentinel2,treatment_0005,treatment,treatment_0005,3,3,10,candidate,2,,,0.0,,4.0,0.01398192231503945,1.0000 0.0000
chipmean,sentinel2,treatment_0005,treatment,treatment_0005,3,3,10,candidate,2,,,0.0,,5.0,0.01398192231503945,1.0000 0.0000
chipmean,sentinel2,treatment_0006,treatment,treatment_0006,3,3,10,path,1,1.0,0.01739103708829853,inf,True,,,
chipmean,sentinel2,treatment_0006,treatment,treatment_0006,3,3,10,path,2,2.0,0.01739103708829853,0.0,False,,,
chipmean,sentinel2,treatment_0006,treatment,treatment_0006,3,3,10,candidate,1,,,,,1.0,0.01739103708829853,1.0000
chipmean,sentinel2,treatment_0006,treatment,treatment_0006,3,3,10,candidate,1,,,,,2.0,0.02988418205092996,1.0000
chipmean,sentinel2,treatment_0006,treatment,treatment_0006,3,3,10,candidate,1,,,,,3.0,0.045155357572279974,1.0000
chipmean,sentinel2,treatment_0006,treatment,treatment_0006,3,3,10,candidate,1,,,,,4.0,0.06292252489817401,1.0000
chipmean,sentinel2,treatment_0006,treatment,treatment_0006,3,3,10,candidate,1,,,,,5.0,0.08295329549069133,1.0000
chipmean,sentinel2,treatment_0006,treatment,treatment_0006,3,3,10,candidate,2,,,0.0,,2.0,0.01739103708829853,1.0000 0.0000
chipmean,sentinel2,treatment_0006,treatment,treatment_0006,3,3,10,candidate,2,,,0.0,,3.0,0.01739103708829853,1.0000 0.0000
chipmean,sentinel2,treatment_0006,treatment,treatment_0006,3,3,10,candidate,2,,,0.0,,4.0,0.01739103708829853,1.0000 0.0000
chipmean,sentinel2,treatment_0006,treatment,treatment_0006,3,3,10,candidate,2,,,0.0,,5.0,0.01739103708829853,1.0000 0.0000
chipmean,sentinel2,treatment_0007,treatment,treatment_0007,3,3,10,path,1,1.0,0.019671278324914197,inf,True,,,
chipmean,sentinel2,treatment_0007,treatment,treatment_0007,3,3,10,path,2,2.0,0.019671278324914197,0.0,False,,,
chipmean,sentinel2,treatment_0007,treatment,treatment_0007,3,3,10,candidate,1,,,,,1.0,0.019671278324914197,1.0000
chipmean,sentinel2,treatment_0007,treatment,treatment_0007,3,3,10,candidate,1,,,,,2.0,0.034229483151381614,1.0000
chipmean,sentinel2,treatment_0007,treatment,treatment_0007,3,3,10,candidate,1,,,,,3.0,0.05235253631723619,1.0000
chipmean,sentinel2,treatment_0007,treatment,treatment_0007,3,3,10,candidate,1,,,,,4.0,0.07380694079691627,1.0000
chipmean,sentinel2,treatment_0007,treatment,treatment_0007,3,3,10,candidate,1,,,,,5.0,0.09841960079816023,1.0000
chipmean,sentinel2,treatment_0007,treatment,treatment_0007,3,3,10,candidate,2,,,0.0,,2.0,0.019671278324914197,1.0000 0.0000
chipmean,sentinel2,treatment_0007,treatment,treatment_0007,3,3,10,candidate,2,,,0.0,,3.0,0.019671278324914197,1.0000 0.0000
chipmean,sentinel2,treatment_0007,treatment,treatment_0007,3,3,10,candidate,2,,,0.0,,4.0,0.019671278324914197,1.0000 0.0000
chipmean,sentinel2,treatment_0007,treatment,treatment_0007,3,3,10,candidate,2,,,0.0,,5.0,0.019671278324914197,1.0000 0.0000
chipmean,sentinel2,treatment_0008,treatment,treatment_0008,3,3,10,path,1,1.0,0.01833661412536736,inf,True,,,
chipmean,sentinel2,treatment_0008,treatment,treatment_0008,3,3,10,path,2,2.0,0.01833661412536736,0.0,False,,,
chipmean,sentinel2,treatment_0008,treatment,treatment_0008,3,3,10,candidate,1,,,,,1.0,0.01833661412536736,1.0000
chipmean,sentinel2,treatment_0008,treatment,treatment_0008,3,3,10,candidate,1,,,,,2.0,0.03176345567479268,1.0000
chipmean,sentinel2,treatment_0008,treatment,treatment_0008,3,3,10,candidate,1,,,,,3.0,0.048419598775270536,1.0000
chipmean,sentinel2,treatment_0008,treatment,treatment_0008,3,3,10,candidate,1,,,,,4.0,0.06811522171542053,1.0000
chipmean,sentinel2,treatment_0008,treatment,treatment_0008,3,3,10,candidate,1,,,,,5.0,0.09073673621145234,1.0000
chipmean,sentinel2,treatment_0008,treatment,treatment_0008,3,3,10,candidate,2,,,0.0,,2.0,0.01833661412536736,1.0000 0.0000
chipmean,sentinel2,treatment_0008,treatment,treatment_0008,3,3,10,candidate,2,,,0.0,,3.0,0.01833661412536736,1.0000 0.0000
chipmean,sentinel2,treatment_0008,treatment,treatment_0008,3,3,10,candidate,2,,,0.0,,4.0,0.01833661412536736,1.0000 0.0000
chipmean,sentinel2,treatment_0008,treatment,treatment_0008,3,3,10,candidate,2,,,0.0,,5.0,0.01833661412536736,1.0000 0.0000
chipmean,sentinel2,treatment_0009,treatment,treatment_0009,3,3,10,path,1,1.0,0.016745801728674525,inf,True,,,
chipmean,sentinel2,treatment_0009,treatment,treatment_0009,3,3,10,path,2,2.0,0.016745801728674525,0.0,False,,,
chipmean,sentinel2,treatment_0009,treatment,treatment_0009,3,3,10,candidate,1,,,,,1.0,0.016745801728674525,1.0000
chipmean,sentinel2,treatment_0009,treatment,treatment_0009,3,3,10,candidate,1,,,,,2.0,0.02894976147310262,1.0000
chipmean,sentinel2,treatment_0009,treatment,treatment_0009,3,3,10,candidate,1,,,,,3.0,0.04409859749821833,1.0000
chipmean,sentinel2,treatment_0009,treatment,treatment_0009,3,3,10,candidate,1,,,,,4.0,0.06206484352908286,1.0000
chipmean,sentinel2,treatment_0009,treatment,treatment_0009,3,3,10,candidate,1,,,,,5.0,0.08281217928447739,1.0000
chipmean,sentinel2,treatment_0009,treatment,treatment_0009,3,3,10,candidate,2,,,0.0,,2.0,0.016745801728674525,1.0000 0.0000
chipmean,sentinel2,treatment_0009,treatment,treatment_0009,3,3,10,candidate,2,,,0.0,,3.0,0.016745801728674525,1.0000 0.0000
chipmean,sentinel2,treatment_0009,treatment,treatment_0009,3,3,10,candidate,2,,,0.0,,4.0,0.016745801728674525,1.0000 0.0000
chipmean,sentinel2,treatment_0009,treatment,treatment_0009,3,3,10,candidate,2,,,0.0,,5.0,0.016745801728674525,1.0000 0.0000
chipmean,sentinel2,treatment_0010,treatment,treatment_0010,3,3,10,path,1,1.0,0.01728961596510113,inf,True,,,
chipmean,sentinel2,treatment_0010,treatment,treatment_0010,3,3,10,path,2,2.0,0.01728961596510113,0.0,False,,,
chipmean,sentinel2,treatment_0010,treatment,treatment_0010,3,3,10,candidate,1,,,,,1.0,0.01728961596510113,1.0000
chipmean,sentinel2,treatment_0010,treatment,treatment_0010,3,3,10,candidate,1,,,,,2.0,0.02918258082305733,1.0000
chipmean,sentinel2,treatment_0010,treatment,treatment_0010,3,3,10,candidate,1,,,,,3.0,0.04349556751139586,1.0000
chipmean,sentinel2,treatment_0010,treatment,treatment_0010,3,3,10,candidate,1,,,,,4.0,0.060030795445924254,1.0000
chipmean,sentinel2,treatment_0010,treatment,treatment_0010,3,3,10,candidate,1,,,,,5.0,0.07870573811845433,1.0000
chipmean,sentinel2,treatment_0010,treatment,treatment_0010,3,3,10,candidate,2,,,0.0,,2.0,0.01728961596510113,1.0000 0.0000
chipmean,sentinel2,treatment_0010,treatment,treatment_0010,3,3,10,candidate,2,,,0.0,,3.0,0.01728961596510113,1.0000 0.0000
chipmean,sentinel2,treatment_0010,treatment,treatment_0010,3,3,10,candidate,2,,,0.0,,4.0,0.01728961596510113,1.0000 0.0000
chipmean,sentinel2,treatment_0010,treatment,treatment_0010,3,3,10,candidate,2,,,0.0,,5.0,0.01728961596510113,1.0000 0.0000
chipmean,sentinel2,treatment_0011,treatment,treatment_0011,3,3,10,path,1,1.0,0.017401358528619838,inf,True,,,
chipmean,sentinel2,treatment_0011,treatment,treatment_0011,3,3,10,path,2,2.0,0.017401358528619838,0.0,False,,,
chipmean,sentinel2,treatment_0011,treatment,treatment_0011,3,3,10,candidate,1,,,,,1.0,0.017401358528619838,1.0000
chipmean,sentinel2,treatment_0011,treatment,treatment_0011,3,3,10,candidate,1,,,,,2.0,0.03093230603381782,1.0000
chipmean,sentinel2,treatment_0011,treatment,treatment_0011,3,3,10,candidate,1,,,,,3.0,0.04832438027768277,1.0000
chipmean,sentinel2,treatment_0011,treatment,treatment_0011,3,3,10,candidate,1,,,,,4.0,0.06957367647277876,1.0000
chipmean,sentinel2,treatment_0011,treatment,treatment_0011,3,3,10,candidate,1,,,,,5.0,0.09467533214037997,1.0000
chipmean,sentinel2,treatment_0011,treatment,treatment_0011,3,3,10,candidate,2,,,0.0,,2.0,0.017401358528619838,1.0000 0.0000
chipmean,sentinel2,treatment_0011,treatment,treatment_0011,3,3,10,candidate,2,,,0.0,,3.0,0.017401358528619838,1.0000 0.0000
chipmean,sentinel2,treatment_0011,treatment,treatment_0011,3,3,10,candidate,2,,,0.0,,4.0,0.017401358528619838,1.0000 0.0000
chipmean,sentinel2,treatment_0011,treatment,treatment_0011,3,3,10,candidate,2,,,0.0,,5.0,0.017401358528619838,1.0000 0.0000
chipmean,sentinel2,treatment_0012,treatment,treatment_0012,3,3,10,path,1,1.0,0.019703993124905846,inf,True,,,
chipmean,sentinel2,treatment_0012,treatment,treatment_0012,3,3,10,path,2,2.0,0.019703993124905846,0.0,False,,,
chipmean,sentinel2,treatment_0012,treatment,treatment_0012,3,3,10,candidate,1,,,,,1.0,0.019703993124905846,1.0000
chipmean,sentinel2,treatment_0012,treatment,treatment_0012,3,3,10,candidate,1,,,,,2.0,0.03503040459754744,1.0000
chipmean,sentinel2,treatment_0012,treatment,treatment_0012,3,3,10,candidate,1,,,,,3.0,0.05471728777832627,1.0000
chipmean,sentinel2,treatment_0012,treatment,treatment_0012,3,3,10,candidate,1,,,,,4.0,0.07873887967535458,1.0000
chipmean,sentinel2,treatment_0012,treatment,treatment_0012,3,3,10,candidate,1,,,,,5.0,0.10705966119612303,1.0000
chipmean,sentinel2,treatment_0012,treatment,treatment_0012,3,3,10,candidate,2,,,0.0,,2.0,0.019703993124905846,1.0000 0.0000
chipmean,sentinel2,treatment_0012,treatment,treatment_0012,3,3,10,candidate,2,,,0.0,,3.0,0.019703993124905846,1.0000 0.0000
chipmean,sentinel2,treatment_0012,treatment,treatment_0012,3,3,10,candidate,2,,,0.0,,4.0,0.019703993124905846,1.0000 0.0000
chipmean,sentinel2,treatment_0012,treatment,treatment_0012,3,3,10,candidate,2,,,0.0,,5.0,0.019703993124905846,1.0000 0.0000
chipmean,sentinel2,treatment_0013,treatment,treatment_0013,3,3,10,path,1,1.0,0.028764241894602218,inf,True,,,
chipmean,sentinel2,treatment_0013,treatment,treatment_0013,3,3,10,path,2,2.0,0.028764241894602218,0.0,False,,,
chipmean,sentinel2,treatment_0013,treatment,treatment_0013,3,3,10,candidate,1,,,,,1.0,0.028764241894602218,1.0000
chipmean,sentinel2,treatment_0013,treatment,treatment_0013,3,3,10,candidate,1,,,,,2.0,0.04651409997711587,1.0000
chipmean,sentinel2,treatment_0013,treatment,treatment_0013,3,3,10,candidate,1,,,,,3.0,0.06359376645280498,1.0000
chipmean,sentinel2,treatment_0013,treatment,treatment_0013,3,3,10,candidate,1,,,,,4.0,0.07760071566365019,1.0000
chipmean,sentinel2,treatment_0013,treatment,treatment_0013,3,3,10,candidate,1,,,,,5.0,0.09033306375497747,1.0000
chipmean,sentinel2,treatment_0013,treatment,treatment_0013,3,3,10,candidate,2,,,0.0,,2.0,0.028764241894602218,1.0000 0.0000
chipmean,sentinel2,treatment_0013,treatment,treatment_0013,3,3,10,candidate,2,,,0.0,,3.0,0.028764241894602218,1.0000 0.0000
chipmean,sentinel2,treatment_0013,treatment,treatment_0013,3,3,10,candidate,2,,,0.0,,4.0,0.028764241894602218,1.0000 0.0000
chipmean,sentinel2,treatment_0013,treatment,treatment_0013,3,3,10,candidate,2,,,0.0,,5.0,0.028764241894602218,1.0000 0.0000
chipmean,sentinel2,treatment_0014,treatment,treatment_0014,3,3,10,path,1,1.0,0.020257543598500856,inf,True,,,
chipmean,sentinel2,treatment_0014,treatment,treatment_0014,3,3,10,path,2,2.0,0.020257543598500856,0.0,False,,,
chipmean,sentinel2,treatment_0014,treatment,treatment_0014,3,3,10,candidate,1,,,,,1.0,0.020257543598500856,1.0000
chipmean,sentinel2,treatment_0014,treatment,treatment_0014,3,3,10,candidate,1,,,,,2.0,0.036012168428712646,1.0000
chipmean,sentinel2,treatment_0014,treatment,treatment_0014,3,3,10,candidate,1,,,,,3.0,0.05626440900130234,1.0000
chipmean,sentinel2,treatment_0014,treatment,treatment_0014,3,3,10,candidate,1,,,,,4.0,0.08101034685706021,1.0000
chipmean,sentinel2,treatment_0014,treatment,treatment_0014,3,3,10,candidate,1,,,,,5.0,0.11024488709263477,1.0000
chipmean,sentinel2,treatment_0014,treatment,treatment_0014,3,3,10,candidate,2,,,0.0,,2.0,0.020257543598500856,1.0000 0.0000
chipmean,sentinel2,treatment_0014,treatment,treatment_0014,3,3,10,candidate,2,,,0.0,,3.0,0.020257543598500856,1.0000 0.0000
chipmean,sentinel2,treatment_0014,treatment,treatment_0014,3,3,10,candidate,2,,,0.0,,4.0,0.020257543598500856,1.0000 0.0000
chipmean,sentinel2,treatment_0014,treatment,treatment_0014,3,3,10,candidate,2,,,0.0,,5.0,0.020257543598500856,1.0000 0.0000
chipmean,sentinel2,treatment_0015,treatment,treatment_0015,3,3,10,path,1,1.0,0.029826080401598842,inf,True,,,
chipmean,sentinel2,treatment_0015,treatment,treatment_0015,3,3,10,path,2,5.0,0.029724561310734678,0.00010151909086416472,True,,,
chipmean,sentinel2,treatment_0015,treatment,treatment_0015,3,3,10,path,3,3.0,0.02972456131073467,6.938893903907228e-18,False,,,
chipmean,sentinel2,treatment_0015,treatment,treatment_0015,3,3,10,candidate,1,,,,,1.0,0.029826080401598842,1.0000
chipmean,sentinel2,treatment_0015,treatment,treatment_0015,3,3,10,candidate,1,,,,,2.0,0.04145587350707624,1.0000
chipmean,sentinel2,treatment_0015,treatment,treatment_0015,3,3,10,candidate,1,,,,,3.0,0.04979830037247736,1.0000
chipmean,sentinel2,treatment_0015,treatment,treatment_0015,3,3,10,candidate,1,,,,,4.0,0.056069202828163744,1.0000
chipmean,sentinel2,treatment_0015,treatment,treatment_0015,3,3,10,candidate,1,,,,,5.0,0.06618383596348971,1.0000
chipmean,sentinel2,treatment_0015,treatment,treatment_0015,3,3,10,candidate,2,,,0.0,,2.0,0.029826080401598842,1.0000 0.0000
chipmean,sentinel2,treatment_0015,treatment,treatment_0015,3,3,10,candidate,2,,,0.0,,3.0,0.029826080401598842,1.0000 0.0000
chipmean,sentinel2,treatment_0015,treatment,treatment_0015,3,3,10,candidate,2,,,0.0,,4.0,0.029826080401598842,1.0000 0.0000
chipmean,sentinel2,treatment_0015,treatment,treatment_0015,3,3,10,candidate,2,,,0.00010151909086416472,,5.0,0.029724561310734678,0.9499 0.0501
chipmean,sentinel2,treatment_0015,treatment,treatment_0015,3,3,10,candidate,3,,,0.0,,2.0,0.029724561310734678,0.9499 0.0501 0.0000
chipmean,sentinel2,treatment_0015,treatment,treatment_0015,3,3,10,candidate,3,,,6.938893903907228e-18,,3.0,0.02972456131073467,0.9499 0.0501 0.0000
chipmean,sentinel2,treatment_0015,treatment,treatment_0015,3,3,10,candidate,3,,,6.938893903907228e-18,,4.0,0.02972456131073467,0.9499 0.0501 0.0000
chipmean,sentinel2,treatment_0001,treatment,treatment_0001,3,4,10,path,1,1.0,0.014619149431107316,inf,True,,,
chipmean,sentinel2,treatment_0001,treatment,treatment_0001,3,4,10,path,2,2.0,0.014619149431107316,0.0,False,,,
chipmean,sentinel2,treatment_0001,treatment,treatment_0001,3,4,10,candidate,1,,,,,1.0,0.014619149431107316,1.0000
chipmean,sentinel2,treatment_0001,treatment,treatment_0001,3,4,10,candidate,1,,,,,2.0,0.02533971668932965,1.0000
chipmean,sentinel2,treatment_0001,treatment,treatment_0001,3,4,10,candidate,1,,,,,3.0,0.03868000668806682,1.0000
chipmean,sentinel2,treatment_0001,treatment,treatment_0001,3,4,10,candidate,1,,,,,4.0,0.05454113451366493,1.0000
chipmean,sentinel2,treatment_0001,treatment,treatment_0001,3,4,10,candidate,2,,,0.0,,2.0,0.014619149431107316,1.0000 0.0000
chipmean,sentinel2,treatment_0001,treatment,treatment_0001,3,4,10,candidate,2,,,0.0,,3.0,0.014619149431107316,1.0000 0.0000
chipmean,sentinel2,treatment_0001,treatment,treatment_0001,3,4,10,candidate,2,,,0.0,,4.0,0.014619149431107316,1.0000 0.0000
chipmean,sentinel2,treatment_0002,treatment,treatment_0002,3,4,10,path,1,1.0,0.014321309121084012,inf,True,,,
chipmean,sentinel2,treatment_0002,treatment,treatment_0002,3,4,10,path,2,2.0,0.014321309121084012,0.0,False,,,
chipmean,sentinel2,treatment_0002,treatment,treatment_0002,3,4,10,candidate,1,,,,,1.0,0.014321309121084012,1.0000
chipmean,sentinel2,treatment_0002,treatment,treatment_0002,3,4,10,candidate,1,,,,,2.0,0.02543221874443587,1.0000
chipmean,sentinel2,treatment_0002,treatment,treatment_0002,3,4,10,candidate,1,,,,,3.0,0.03969326975242834,1.0000
chipmean,sentinel2,treatment_0002,treatment,treatment_0002,3,4,10,candidate,1,,,,,4.0,0.05709254625829277,1.0000
chipmean,sentinel2,treatment_0002,treatment,treatment_0002,3,4,10,candidate,2,,,0.0,,2.0,0.014321309121084012,1.0000 0.0000
chipmean,sentinel2,treatment_0002,treatment,treatment_0002,3,4,10,candidate,2,,,0.0,,3.0,0.014321309121084012,1.0000 0.0000
chipmean,sentinel2,treatment_0002,treatment,treatment_0002,3,4,10,candidate,2,,,0.0,,4.0,0.014321309121084012,1.0000 0.0000
chipmean,sentinel2,treatment_0003,treatment,treatment_0003,3,4,10,path,1,1.0,0.017411643991838626,inf,True,,,
chipmean,sentinel2,treatment_0003,treatment,treatment_0003,3,4,10,path,2,2.0,0.017411643991838626,0.0,False,,,
chipmean,sentinel2,treatment_0003,treatment,treatment_0003,3,4,10,candidate,1,,,,,1.0,0.017411643991838626,1.0000
chipmean,sentinel2,treatment_0003,treatment,treatment_0003,3,4,10,candidate,1,,,,,2.0,0.030554922906212527,1.0000
chipmean,sentinel2,treatment_0003,treatment,treatment_0003,3,4,10,candidate,1,,,,,3.0,0.047122506191822115,1.0000
chipmean,sentinel2,treatment_0003,treatment,treatment_0003,3,4,10,candidate,1,,,,,4.0,0.06697088190636469,1.0000
chipmean,sentinel2,treatment_0003,treatment,treatment_0003,3,4,10,candidate,2,,,0.0,,2.0,0.017411643991838626,1.0000 0.0000
chipmean,sentinel2,treatment_0003,treatment,treatment_0003,3,4,10,candidate,2,,,0.0,,3.0,0.017411643991838626,1.0000 0.0000
chipmean,sentinel2,treatment_0003,treatment,treatment_0003,3,4,10,candidate,2,,,0.0,,4.0,0.017411643991838626,1.0000 0.0000
chipmean,sentinel2,treatment_0004,treatment,treatment_0004,3,4,10,path,1,1.0,0.014017539215607108,inf,True,,,
chipmean,sentinel2,treatment_0004,treatment,treatment_0004,3,4,10,path,2,2.0,0.014017539215607108,0.0,False,,,
chipmean,sentinel2,treatment_0004,treatment,treatment_0004,3,4,10,candidate,1,,,,,1.0,0.014017539215607108,1.0000
chipmean,sentinel2,treatment_0004,treatment,treatment_0004,3,4,10,candidate,1,,,,,2.0,0.0248745038230227,1.0000
chipmean,sentinel2,treatment_0004,treatment,treatment_0004,3,4,10,candidate,1,,,,,3.0,0.03878890553207253,1.0000
chipmean,sentinel2,treatment_0004,treatment,treatment_0004,3,4,10,candidate,1,,,,,4.0,0.05573355168733124,1.0000
chipmean,sentinel2,treatment_0004,treatment,treatment_0004,3,4,10,candidate,2,,,0.0,,2.0,0.014017539215607108,1.0000 0.0000
chipmean,sentinel2,treatment_0004,treatment,treatment_0004,3,4,10,candidate,2,,,0.0,,3.0,0.014017539215607108,1.0000 0.0000
chipmean,sentinel2,treatment_0004,treatment,treatment_0004,3,4,10,candidate,2,,,0.0,,4.0,0.014017539215607108,1.0000 0.0000
chipmean,sentinel2,treatment_0005,treatment,treatment_0005,3,4,10,path,1,1.0,0.013757142180659604,inf,True,,,
chipmean,sentinel2,treatment_0005,treatment,treatment_0005,3,4,10,path,2,2.0,0.013757142180659604,0.0,False,,,
chipmean,sentinel2,treatment_0005,treatment,treatment_0005,3,4,10,candidate,1,,,,,1.0,0.013757142180659604,1.0000
chipmean,sentinel2,treatment_0005,treatment,treatment_0005,3,4,10,candidate,1,,,,,2.0,0.023930185055745058,1.0000
chipmean,sentinel2,treatment_0005,treatment,treatment_0005,3,4,10,candidate,1,,,,,3.0,0.03663031825278313,1.0000
chipmean,sentinel2,treatment_0005,treatment,treatment_0005,3,4,10,candidate,1,,,,,4.0,0.05175518805281266,1.0000
chipmean,sentinel2,treatment_0005,treatment,treatment_0005,3,4,10,candidate,2,,,0.0,,2.0,0.013757142180659604,1.0000 0.0000
chipmean,sentinel2,treatment_0005,treatment,treatment_0005,3,4,10,candidate,2,,,0.0,,3.0,0.013757142180659604,1.0000 0.0000
chipmean,sentinel2,treatment_0005,treatment,treatment_0005,3,4,10,candidate,2,,,0.0,,4.0,0.013757142180659604,1.0000 0.0000
chipmean,sentinel2,treatment_0006,treatment,treatment_0006,3,4,10,path,1,1.0,0.0169184709337222,inf,True,,,
chipmean,sentinel2,treatment_0006,treatment,treatment_0006,3,4,10,path,2,2.0,0.0169184709337222,0.0,False,,,
chipmean,sentinel2,treatment_0006,treatment,treatment_0006,3,4,10,candidate,1,,,,,1.0,0.0169184709337222,1.0000
chipmean,sentinel2,treatment_0006,treatment,treatment_0006,3,4,10,candidate,1,,,,,2.0,0.029117757117761333,1.0000
chipmean,sentinel2,treatment_0006,treatment,treatment_0006,3,4,10,candidate,1,,,,,3.0,0.044074580371999544,1.0000
chipmean,sentinel2,treatment_0006,treatment,treatment_0006,3,4,10,candidate,1,,,,,4.0,0.061539679809882356,1.0000
chipmean,sentinel2,treatment_0006,treatment,treatment_0006,3,4,10,candidate,2,,,0.0,,2.0,0.0169184709337222,1.0000 0.0000
chipmean,sentinel2,treatment_0006,treatment,treatment_0006,3,4,10,candidate,2,,,0.0,,3.0,0.0169184709337222,1.0000 0.0000
chipmean,sentinel2,treatment_0006,treatment,treatment_0006,3,4,10,candidate,2,,,0.0,,4.0,0.0169184709337222,1.0000 0.0000
chipmean,sentinel2,treatment_0007,treatment,treatment_0007,3,4,10,path,1,1.0,0.01951010094154177,inf,True,,,
chipmean,sentinel2,treatment_0007,treatment,treatment_0007,3,4,10,path,2,2.0,0.01951010094154177,0.0,False,,,
chipmean,sentinel2,treatment_0007,treatment,treatment_0007,3,4,10,candidate,1,,,,,1.0,0.01951010094154177,1.0000
chipmean,sentinel2,treatment_0007,treatment,treatment_0007,3,4,10,candidate,1,,,,,2.0,0.03404118379939706,1.0000
chipmean,sentinel2,treatment_0007,treatment,treatment_0007,3,4,10,candidate,1,,,,,3.0,0.05221747380387169,1.0000
chipmean,sentinel2,treatment_0007,treatment,treatment_0007,3,4,10,candidate,1,,,,,4.0,0.07386914126462116,1.0000
chipmean,sentinel2,treatment_0007,treatment,treatment_0007,3,4,10,candidate,2,,,0.0,,2.0,0.01951010094154177,1.0000 0.0000
chipmean,sentinel2,treatment_0007,treatment,treatment_0007,3,4,10,candidate,2,,,0.0,,3.0,0.01951010094154177,1.0000 0.0000
chipmean,sentinel2,treatment_0007,treatment,treatment_0007,3,4,10,candidate,2,,,0.0,,4.0,0.01951010094154177,1.0000 0.0000
chipmean,sentinel2,treatment_0008,treatment,treatment_0008,3,4,10,path,1,1.0,0.018160278194747442,inf,True,,,
chipmean,sentinel2,treatment_0008,treatment,treatment_0008,3,4,10,path,2,2.0,0.018160278194747442,0.0,False,,,
chipmean,sentinel2,treatment_0008,treatment,treatment_0008,3,4,10,candidate,1,,,,,1.0,0.018160278194747442,1.0000
chipmean,sentinel2,treatment_0008,treatment,treatment_0008,3,4,10,candidate,1,,,,,2.0,0.0315911275093292,1.0000
chipmean,sentinel2,treatment_0008,treatment,treatment_0008,3,4,10,candidate,1,,,,,3.0,0.048369922593932545,1.0000
chipmean,sentinel2,treatment_0008,treatment,treatment_0008,3,4,10,candidate,1,,,,,4.0,0.0683767648761921,1.0000
chipmean,sentinel2,treatment_0008,treatment,treatment_0008,3,4,10,candidate,2,,,0.0,,2.0,0.018160278194747442,1.0000 0.0000
chipmean,sentinel2,treatment_0008,treatment,treatment_0008,3,4,10,candidate,2,,,0.0,,3.0,0.018160278194747442,1.0000 0.0000
chipmean,sentinel2,treatment_0008,treatment,treatment_0008,3,4,10,candidate,2,,,0.0,,4.0,0.018160278194747442,1.0000 0.0000
chipmean,sentinel2,treatment_0009,treatment,treatment_0009,3,4,10,path,1,1.0,0.016568050309658258,inf,True,,,
chipmean,sentinel2,treatment_0009,treatment,treatment_0009,3,4,10,path,2,2.0,0.016568050309658258,0.0,False,,,
chipmean,sentinel2,treatment_0009,treatment,treatment_0009,3,4,10,candidate,1,,,,,1.0,0.016568050309658258,1.0000
chipmean,sentinel2,treatment_0009,treatment,treatment_0009,3,4,10,candidate,1,,,,,2.0,0.028793601146373294,1.0000
chipmean,sentinel2,treatment_0009,treatment,treatment_0009,3,4,10,candidate,1,,,,,3.0,0.04409863063237876,1.0000
chipmean,sentinel2,treatment_0009,treatment,treatment_0009,3,4,10,candidate,1,,,,,4.0,0.06243013180758722,1.0000
chipmean,sentinel2,treatment_0009,treatment,treatment_0009,3,4,10,candidate,2,,,0.0,,2.0,0.016568050309658258,1.0000 0.0000
chipmean,sentinel2,treatment_0009,treatment,treatment_0009,3,4,10,candidate,2,,,0.0,,3.0,0.016568050309658258,1.0000 0.0000
chipmean,sentinel2,treatment_0009,treatment,treatment_0009,3,4,10,candidate,2,,,0.0,,4.0,0.016568050309658258,1.0000 0.0000
chipmean,sentinel2,treatment_0010,treatment,treatment_0010,3,4,10,path,1,1.0,0.016769641409870847,inf,True,,,
chipmean,sentinel2,treatment_0010,treatment,treatment_0010,3,4,10,path,2,2.0,0.016769641409870847,0.0,False,,,
chipmean,sentinel2,treatment_0010,treatment,treatment_0010,3,4,10,candidate,1,,,,,1.0,0.016769641409870847,1.0000
chipmean,sentinel2,treatment_0010,treatment,treatment_0010,3,4,10,candidate,1,,,,,2.0,0.028522817506066486,1.0000
chipmean,sentinel2,treatment_0010,treatment,treatment_0010,3,4,10,candidate,1,,,,,3.0,0.04285053756104625,1.0000
chipmean,sentinel2,treatment_0010,treatment,treatment_0010,3,4,10,candidate,1,,,,,4.0,0.059632924953480486,1.0000
chipmean,sentinel2,treatment_0010,treatment,treatment_0010,3,4,10,candidate,2,,,0.0,,2.0,0.016769641409870847,1.0000 0.0000
chipmean,sentinel2,treatment_0010,treatment,treatment_0010,3,4,10,candidate,2,,,0.0,,3.0,0.016769641409870847,1.0000 0.0000
chipmean,sentinel2,treatment_0010,treatment,treatment_0010,3,4,10,candidate,2,,,0.0,,4.0,0.016769641409870847,1.0000 0.0000
chipmean,sentinel2,treatment_0011,treatment,treatment_0011,3,4,10,path,1,1.0,0.01740154380967149,inf,True,,,
chipmean,sentinel2,treatment_0011,treatment,treatment_0011,3,4,10,path,2,2.0,0.01740154380967149,0.0,False,,,
chipmean,sentinel2,treatment_0011,treatment,treatment_0011,3,4,10,candidate,1,,,,,1.0,0.01740154380967149,1.0000
chipmean,sentinel2,treatment_0011,treatment,treatment_0011,3,4,10,candidate,1,,,,,2.0,0.03093249615726025,1.0000
chipmean,sentinel2,treatment_0011,treatment,treatment_0011,3,4,10,candidate,1,,,,,3.0,0.04832445472132094,1.0000
chipmean,sentinel2,treatment_0011,treatment,treatment_0011,3,4,10,candidate,1,,,,,4.0,0.0695734607220796,1.0000
chipmean,sentinel2,treatment_0011,treatment,treatment_0011,3,4,10,candidate,2,,,0.0,,2.0,0.01740154380967149,1.0000 0.0000
chipmean,sentinel2,treatment_0011,treatment,treatment_0011,3,4,10,candidate,2,,,0.0,,3.0,0.01740154380967149,1.0000 0.0000
chipmean,sentinel2,treatment_0011,treatment,treatment_0011,3,4,10,candidate,2,,,0.0,,4.0,0.01740154380967149,1.0000 0.0000
chipmean,sentinel2,treatment_0012,treatment,treatment_0012,3,4,10,path,1,1.0,0.019720234170436703,inf,True,,,
chipmean,sentinel2,treatment_0012,treatment,treatment_0012,3,4,10,path,2,2.0,0.019720234170436703,0.0,False,,,
chipmean,sentinel2,treatment_0012,treatment,treatment_0012,3,4,10,candidate,1,,,,,1.0,0.019720234170436703,1.0000
chipmean,sentinel2,treatment_0012,treatment,treatment_0012,3,4,10,candidate,1,,,,,2.0,0.0350557050541758,1.0000
chipmean,sentinel2,treatment_0012,treatment,treatment_0012,3,4,10,candidate,1,,,,,3.0,0.054750997066196724,1.0000
chipmean,sentinel2,treatment_0012,treatment,treatment_0012,3,4,10,candidate,1,,,,,4.0,0.07877888708475952,1.0000
chipmean,sentinel2,treatment_0012,treatment,treatment_0012,3,4,10,candidate,2,,,0.0,,2.0,0.019720234170436703,1.0000 0.0000
chipmean,sentinel2,treatment_0012,treatment,treatment_0012,3,4,10,candidate,2,,,0.0,,3.0,0.019720234170436703,1.0000 0.0000
chipmean,sentinel2,treatment_0012,treatment,treatment_0012,3,4,10,candidate,2,,,0.0,,4.0,0.019720234170436703,1.0000 0.0000
chipmean,sentinel2,treatment_0013,treatment,treatment_0013,3,4,10,path,1,1.0,0.030066095565362282,inf,True,,,
chipmean,sentinel2,treatment_0013,treatment,treatment_0013,3,4,10,path,2,2.0,0.030066095565362282,0.0,False,,,
chipmean,sentinel2,treatment_0013,treatment,treatment_0013,3,4,10,candidate,1,,,,,1.0,0.030066095565362282,1.0000
chipmean,sentinel2,treatment_0013,treatment,treatment_0013,3,4,10,candidate,1,,,,,2.0,0.047270312416861346,1.0000
chipmean,sentinel2,treatment_0013,treatment,treatment_0013,3,4,10,candidate,1,,,,,3.0,0.06329963820880043,1.0000
chipmean,sentinel2,treatment_0013,treatment,treatment_0013,3,4,10,candidate,1,,,,,4.0,0.07791376611341631,1.0000
chipmean,sentinel2,treatment_0013,treatment,treatment_0013,3,4,10,candidate,2,,,0.0,,2.0,0.030066095565362282,1.0000 0.0000
chipmean,sentinel2,treatment_0013,treatment,treatment_0013,3,4,10,candidate,2,,,0.0,,3.0,0.030066095565362282,1.0000 0.0000
chipmean,sentinel2,treatment_0013,treatment,treatment_0013,3,4,10,candidate,2,,,0.0,,4.0,0.030066095565362282,1.0000 0.0000
chipmean,sentinel2,treatment_0014,treatment,treatment_0014,3,4,10,path,1,1.0,0.020259378813857594,inf,True,,,
chipmean,sentinel2,treatment_0014,treatment,treatment_0014,3,4,10,path,2,2.0,0.020259378813857594,0.0,False,,,
chipmean,sentinel2,treatment_0014,treatment,treatment_0014,3,4,10,candidate,1,,,,,1.0,0.020259378813857594,1.0000
chipmean,sentinel2,treatment_0014,treatment,treatment_0014,3,4,10,candidate,1,,,,,2.0,0.036015137694320326,1.0000
chipmean,sentinel2,treatment_0014,treatment,treatment_0014,3,4,10,candidate,1,,,,,3.0,0.05626863012029087,1.0000
chipmean,sentinel2,treatment_0014,treatment,treatment_0014,3,4,10,candidate,1,,,,,4.0,0.08101588690760404,1.0000
chipmean,sentinel2,treatment_0014,treatment,treatment_0014,3,4,10,candidate,2,,,0.0,,2.0,0.020259378813857594,1.0000 0.0000
chipmean,sentinel2,treatment_0014,treatment,treatment_0014,3,4,10,candidate,2,,,0.0,,3.0,0.020259378813857594,1.0000 0.0000
chipmean,sentinel2,treatment_0014,treatment,treatment_0014,3,4,10,candidate,2,,,0.0,,4.0,0.020259378813857594,1.0000 0.0000
chipmean,sentinel2,treatment_0015,treatment,treatment_0015,3,4,10,path,1,1.0,0.02811742621058588,inf,True,,,
chipmean,sentinel2,treatment_0015,treatment,treatment_0015,3,4,10,path,2,2.0,0.02811742621058588,0.0,False,,,
chipmean,sentinel2,treatment_0015,treatment,treatment_0015,3,4,10,candidate,1,,,,,1.0,0.02811742621058588,1.0000
chipmean,sentinel2,treatment_0015,treatment,treatment_0015,3,4,10,candidate,1,,,,,2.0,0.03944222143237658,1.0000
chipmean,sentinel2,treatment_0015,treatment,treatment_0015,3,4,10,candidate,1,,,,,3.0,0.048743371905533454,1.0000
chipmean,sentinel2,treatment_0015,treatment,treatment_0015,3,4,10,candidate,1,,,,,4.0,0.059252594544839964,1.0000
chipmean,sentinel2,treatment_0015,treatment,treatment_0015,3,4,10,candidate,2,,,0.0,,2.0,0.02811742621058588,1.0000 0.0000
chipmean,sentinel2,treatment_0015,treatment,treatment_0015,3,4,10,candidate,2,,,0.0,,3.0,0.02811742621058588,1.0000 0.0000
chipmean,sentinel2,treatment_0015,treatment,treatment_0015,3,4,10,candidate,2,,,0.0,,4.0,0.02811742621058588,1.0000 0.0000
chipmean,sentinel2,treatment_0001,treatment,treatment_0001,3,5,10,path,1,1.0,0.014375853146112977,inf,True,,,
chipmean,sentinel2,treatment_0001,treatment,treatment_0001,3,5,10,path,2,2.0,0.014375853146112977,0.0,False,,,
chipmean,sentinel2,treatment_0001,treatment,treatment_0001,3,5,10,candidate,1,,,,,1.0,0.014375853146112977,1.0000
chipmean,sentinel2,treatment_0001,treatment,treatment_0001,3,5,10,candidate,1,,,,,2.0,0.0249963295534618,1.0000
chipmean,sentinel2,treatment_0001,treatment,treatment_0001,3,5,10,candidate,1,,,,,3.0,0.03828963218445416,1.0000
chipmean,sentinel2,treatment_0001,treatment,treatment_0001,3,5,10,candidate,2,,,0.0,,2.0,0.014375853146112977,1.0000 0.0000
chipmean,sentinel2,treatment_0001,treatment,treatment_0001,3,5,10,candidate,2,,,0.0,,3.0,0.014375853146112977,1.0000 0.0000
chipmean,sentinel2,treatment_0002,treatment,treatment_0002,3,5,10,path,1,1.0,0.014312727040241746,inf,True,,,
chipmean,sentinel2,treatment_0002,treatment,treatment_0002,3,5,10,path,2,2.0,0.014312727040241746,0.0,False,,,
chipmean,sentinel2,treatment_0002,treatment,treatment_0002,3,5,10,candidate,1,,,,,1.0,0.014312727040241746,1.0000
chipmean,sentinel2,treatment_0002,treatment,treatment_0002,3,5,10,candidate,1,,,,,2.0,0.025418941225511884,1.0000
chipmean,sentinel2,treatment_0002,treatment,treatment_0002,3,5,10,candidate,1,,,,,3.0,0.03967553555306382,1.0000
chipmean,sentinel2,treatment_0002,treatment,treatment_0002,3,5,10,candidate,2,,,0.0,,2.0,0.014312727040241746,1.0000 0.0000
chipmean,sentinel2,treatment_0002,treatment,treatment_0002,3,5,10,candidate,2,,,0.0,,3.0,0.014312727040241746,1.0000 0.0000
chipmean,sentinel2,treatment_0003,treatment,treatment_0003,3,5,10,path,1,1.0,0.0172831801819316,inf,True,,,
chipmean,sentinel2,treatment_0003,treatment,treatment_0003,3,5,10,path,2,2.0,0.0172831801819316,0.0,False,,,
chipmean,sentinel2,treatment_0003,treatment,treatment_0003,3,5,10,candidate,1,,,,,1.0,0.0172831801819316,1.0000
chipmean,sentinel2,treatment_0003,treatment,treatment_0003,3,5,10,candidate,1,,,,,2.0,0.030358447958123515,1.0000
chipmean,sentinel2,treatment_0003,treatment,treatment_0003,3,5,10,candidate,1,,,,,3.0,0.0468668686523703,1.0000
chipmean,sentinel2,treatment_0003,treatment,treatment_0003,3,5,10,candidate,2,,,0.0,,2.0,0.0172831801819316,1.0000 0.0000
chipmean,sentinel2,treatment_0003,treatment,treatment_0003,3,5,10,candidate,2,,,0.0,,3.0,0.0172831801819316,1.0000 0.0000
chipmean,sentinel2,treatment_0004,treatment,treatment_0004,3,5,10,path,1,1.0,0.01410927132225519,inf,True,,,
chipmean,sentinel2,treatment_0004,treatment,treatment_0004,3,5,10,path,2,2.0,0.01410927132225519,0.0,False,,,
chipmean,sentinel2,treatment_0004,treatment,treatment_0004,3,5,10,candidate,1,,,,,1.0,0.01410927132225519,1.0000
chipmean,sentinel2,treatment_0004,treatment,treatment_0004,3,5,10,candidate,1,,,,,2.0,0.02507334318571223,1.0000
chipmean,sentinel2,treatment_0004,treatment,treatment_0004,3,5,10,candidate,1,,,,,3.0,0.03915728193820804,1.0000
chipmean,sentinel2,treatment_0004,treatment,treatment_0004,3,5,10,candidate,2,,,0.0,,2.0,0.01410927132225519,1.0000 0.0000
chipmean,sentinel2,treatment_0004,treatment,treatment_0004,3,5,10,candidate,2,,,0.0,,3.0,0.01410927132225519,1.0000 0.0000
chipmean,sentinel2,treatment_0005,treatment,treatment_0005,3,5,10,path,1,1.0,0.013584285376290047,inf,True,,,
chipmean,sentinel2,treatment_0005,treatment,treatment_0005,3,5,10,path,2,2.0,0.013584285376290047,0.0,False,,,
chipmean,sentinel2,treatment_0005,treatment,treatment_0005,3,5,10,candidate,1,,,,,1.0,0.013584285376290047,1.0000
chipmean,sentinel2,treatment_0005,treatment,treatment_0005,3,5,10,candidate,1,,,,,2.0,0.02369685814280898,1.0000
chipmean,sentinel2,treatment_0005,treatment,treatment_0005,3,5,10,candidate,1,,,,,3.0,0.036390360283929925,1.0000
chipmean,sentinel2,treatment_0005,treatment,treatment_0005,3,5,10,candidate,2,,,0.0,,2.0,0.013584285376290047,1.0000 0.0000
chipmean,sentinel2,treatment_0005,treatment,treatment_0005,3,5,10,candidate,2,,,0.0,,3.0,0.013584285376290047,1.0000 0.0000
chipmean,sentinel2,treatment_0006,treatment,treatment_0006,3,5,10,path,1,1.0,0.01649894090797564,inf,True,,,
chipmean,sentinel2,treatment_0006,treatment,treatment_0006,3,5,10,path,2,2.0,0.01649894090797564,0.0,False,,,
chipmean,sentinel2,treatment_0006,treatment,treatment_0006,3,5,10,candidate,1,,,,,1.0,0.01649894090797564,1.0000
chipmean,sentinel2,treatment_0006,treatment,treatment_0006,3,5,10,candidate,1,,,,,2.0,0.028446788993521134,1.0000
chipmean,sentinel2,treatment_0006,treatment,treatment_0006,3,5,10,candidate,1,,,,,3.0,0.04314723678108874,1.0000
chipmean,sentinel2,treatment_0006,treatment,treatment_0006,3,5,10,candidate,2,,,0.0,,2.0,0.01649894090797564,1.0000 0.0000
chipmean,sentinel2,treatment_0006,treatment,treatment_0006,3,5,10,candidate,2,,,0.0,,3.0,0.01649894090797564,1.0000 0.0000
chipmean,sentinel2,treatment_0007,treatment,treatment_0007,3,5,10,path,1,1.0,0.019421124206713686,inf,True,,,
chipmean,sentinel2,treatment_0007,treatment,treatment_0007,3,5,10,path,2,2.0,0.019421124206713686,0.0,False,,,
chipmean,sentinel2,treatment_0007,treatment,treatment_0007,3,5,10,candidate,1,,,,,1.0,0.019421124206713686,1.0000
chipmean,sentinel2,treatment_0007,treatment,treatment_0007,3,5,10,candidate,1,,,,,2.0,0.03399026636060996,1.0000
chipmean,sentinel2,treatment_0007,treatment,treatment_0007,3,5,10,candidate,1,,,,,3.0,0.052326433495883826,1.0000
chipmean,sentinel2,treatment_0007,treatment,treatment_0007,3,5,10,candidate,2,,,0.0,,2.0,0.019421124206713686,1.0000 0.0000
chipmean,sentinel2,treatment_0007,treatment,treatment_0007,3,5,10,candidate,2,,,0.0,,3.0,0.019421124206713686,1.0000 0.0000
chipmean,sentinel2,treatment_0008,treatment,treatment_0008,3,5,10,path,1,1.0,0.018086505239705175,inf,True,,,
chipmean,sentinel2,treatment_0008,treatment,treatment_0008,3,5,10,path,2,2.0,0.018086505239705175,0.0,False,,,
chipmean,sentinel2,treatment_0008,treatment,treatment_0008,3,5,10,candidate,1,,,,,1.0,0.018086505239705175,1.0000
chipmean,sentinel2,treatment_0008,treatment,treatment_0008,3,5,10,candidate,1,,,,,2.0,0.0316044322271318,1.0000
chipmean,sentinel2,treatment_0008,treatment,treatment_0008,3,5,10,candidate,1,,,,,3.0,0.0486303318588867,1.0000
chipmean,sentinel2,treatment_0008,treatment,treatment_0008,3,5,10,candidate,2,,,0.0,,2.0,0.018086505239705175,1.0000 0.0000
chipmean,sentinel2,treatment_0008,treatment,treatment_0008,3,5,10,candidate,2,,,0.0,,3.0,0.018086505239705175,1.0000 0.0000
chipmean,sentinel2,treatment_0009,treatment,treatment_0009,3,5,10,path,1,1.0,0.01650686754720976,inf,True,,,
chipmean,sentinel2,treatment_0009,treatment,treatment_0009,3,5,10,path,2,2.0,0.01650686754720976,0.0,False,,,
chipmean,sentinel2,treatment_0009,treatment,treatment_0009,3,5,10,candidate,1,,,,,1.0,0.01650686754720976,1.0000
chipmean,sentinel2,treatment_0009,treatment,treatment_0009,3,5,10,candidate,1,,,,,2.0,0.02884553108363014,1.0000
chipmean,sentinel2,treatment_0009,treatment,treatment_0009,3,5,10,candidate,1,,,,,3.0,0.044442642231880825,1.0000
chipmean,sentinel2,treatment_0009,treatment,treatment_0009,3,5,10,candidate,2,,,0.0,,2.0,0.01650686754720976,1.0000 0.0000
chipmean,sentinel2,treatment_0009,treatment,treatment_0009,3,5,10,candidate,2,,,0.0,,3.0,0.01650686754720976,1.0000 0.0000
chipmean,sentinel2,treatment_0010,treatment,treatment_0010,3,5,10,path,1,1.0,0.016440983021514793,inf,True,,,
chipmean,sentinel2,treatment_0010,treatment,treatment_0010,3,5,10,path,2,2.0,0.016440983021514793,0.0,False,,,
chipmean,sentinel2,treatment_0010,treatment,treatment_0010,3,5,10,candidate,1,,,,,1.0,0.016440983021514793,1.0000
chipmean,sentinel2,treatment_0010,treatment,treatment_0010,3,5,10,candidate,1,,,,,2.0,0.028186302719070674,1.0000
chipmean,sentinel2,treatment_0010,treatment,treatment_0010,3,5,10,candidate,1,,,,,3.0,0.04269705377469969,1.0000
chipmean,sentinel2,treatment_0010,treatment,treatment_0010,3,5,10,candidate,2,,,0.0,,2.0,0.016440983021514793,1.0000 0.0000
chipmean,sentinel2,treatment_0010,treatment,treatment_0010,3,5,10,candidate,2,,,0.0,,3.0,0.016440983021514793,1.0000 0.0000
chipmean,sentinel2,treatment_0011,treatment,treatment_0011,3,5,10,path,1,1.0,0.01740162573003553,inf,True,,,
chipmean,sentinel2,treatment_0011,treatment,treatment_0011,3,5,10,path,2,2.0,0.01740162573003553,0.0,False,,,
chipmean,sentinel2,treatment_0011,treatment,treatment_0011,3,5,10,candidate,1,,,,,1.0,0.01740162573003553,1.0000
chipmean,sentinel2,treatment_0011,treatment,treatment_0011,3,5,10,candidate,1,,,,,2.0,0.030932500748090657,1.0000
chipmean,sentinel2,treatment_0011,treatment,treatment_0011,3,5,10,candidate,1,,,,,3.0,0.048324240284950755,1.0000
chipmean,sentinel2,treatment_0011,treatment,treatment_0011,3,5,10,candidate,2,,,0.0,,2.0,0.01740162573003553,1.0000 0.0000
chipmean,sentinel2,treatment_0011,treatment,treatment_0011,3,5,10,candidate,2,,,0.0,,3.0,0.01740162573003553,1.0000 0.0000
chipmean,sentinel2,treatment_0012,treatment,treatment_0012,3,5,10,path,1,1.0,0.019733753967791146,inf,True,,,
chipmean,sentinel2,treatment_0012,treatment,treatment_0012,3,5,10,path,2,2.0,0.019733753967791146,0.0,False,,,
chipmean,sentinel2,treatment_0012,treatment,treatment_0012,3,5,10,candidate,1,,,,,1.0,0.019733753967791146,1.0000
chipmean,sentinel2,treatment_0012,treatment,treatment_0012,3,5,10,candidate,1,,,,,2.0,0.03507603790239844,1.0000
chipmean,sentinel2,treatment_0012,treatment,treatment_0012,3,5,10,candidate,1,,,,,3.0,0.05477689786812041,1.0000
chipmean,sentinel2,treatment_0012,treatment,treatment_0012,3,5,10,candidate,2,,,0.0,,2.0,0.019733753967791146,1.0000 0.0000
chipmean,sentinel2,treatment_0012,treatment,treatment_0012,3,5,10,candidate,2,,,0.0,,3.0,0.019733753967791146,1.0000 0.0000
chipmean,sentinel2,treatment_0013,treatment,treatment_0013,3,5,10,path,1,1.0,0.03033057317073847,inf,True,,,
chipmean,sentinel2,treatment_0013,treatment,treatment_0013,3,5,10,path,2,2.0,0.03033057317073847,0.0,False,,,
chipmean,sentinel2,treatment_0013,treatment,treatment_0013,3,5,10,candidate,1,,,,,1.0,0.03033057317073847,1.0000
chipmean,sentinel2,treatment_0013,treatment,treatment_0013,3,5,10,candidate,1,,,,,2.0,0.04697330386381538,1.0000
chipmean,sentinel2,treatment_0013,treatment,treatment_0013,3,5,10,candidate,1,,,,,3.0,0.06354734539604182,1.0000
chipmean,sentinel2,treatment_0013,treatment,treatment_0013,3,5,10,candidate,2,,,0.0,,2.0,0.03033057317073847,1.0000 0.0000
chipmean,sentinel2,treatment_0013,treatment,treatment_0013,3,5,10,candidate,2,,,0.0,,3.0,0.03033057317073847,1.0000 0.0000
chipmean,sentinel2,treatment_0014,treatment,treatment_0014,3,5,10,path,1,1.0,0.02026100322681632,inf,True,,,
chipmean,sentinel2,treatment_0014,treatment,treatment_0014,3,5,10,path,2,2.0,0.02026100322681632,0.0,False,,,
chipmean,sentinel2,treatment_0014,treatment,treatment_0014,3,5,10,candidate,1,,,,,1.0,0.02026100322681632,1.0000
chipmean,sentinel2,treatment_0014,treatment,treatment_0014,3,5,10,candidate,1,,,,,2.0,0.03601776518478588,1.0000
chipmean,sentinel2,treatment_0014,treatment,treatment_0014,3,5,10,candidate,1,,,,,3.0,0.05627237383885053,1.0000
chipmean,sentinel2,treatment_0014,treatment,treatment_0014,3,5,10,candidate,2,,,0.0,,2.0,0.02026100322681632,1.0000 0.0000
chipmean,sentinel2,treatment_0014,treatment,treatment_0014,3,5,10,candidate,2,,,0.0,,3.0,0.02026100322681632,1.0000 0.0000
chipmean,sentinel2,treatment_0015,treatment,treatment_0015,3,5,10,path,1,1.0,0.0269550207429452,inf,True,,,
chipmean,sentinel2,treatment_0015,treatment,treatment_0015,3,5,10,path,2,2.0,0.0269550207429452,0.0,False,,,
chipmean,sentinel2,treatment_0015,treatment,treatment_0015,3,5,10,candidate,1,,,,,1.0,0.0269550207429452,1.0000
chipmean,sentinel2,treatment_0015,treatment,treatment_0015,3,5,10,candidate,1,,,,,2.0,0.03879928272128568,1.0000
chipmean,sentinel2,treatment_0015,treatment,treatment_0015,3,5,10,candidate,1,,,,,3.0,0.051212090455166524,1.0000
chipmean,sentinel2,treatment_0015,treatment,treatment_0015,3,5,10,candidate,2,,,0.0,,2.0,0.0269550207429452,1.0000 0.0000
chipmean,sentinel2,treatment_0015,treatment,treatment_0015,3,5,10,candidate,2,,,0.0,,3.0,0.0269550207429452,1.0000 0.0000
chipmean,sentinel2,treatment_0001,treatment,treatment_0001,3,6,10,path,1,1.0,0.014199630766229964,inf,True,,,
chipmean,sentinel2,treatment_0001,treatment,treatment_0001,3,6,10,path,2,2.0,0.014199630766229964,0.0,False,,,
chipmean,sentinel2,treatment_0001,treatment,treatment_0001,3,6,10,candidate,1,,,,,1.0,0.014199630766229964,1.0000
chipmean,sentinel2,treatment_0001,treatment,treatment_0001,3,6,10,candidate,1,,,,,2.0,0.024778538414888675,1.0000
chipmean,sentinel2,treatment_0001,treatment,treatment_0001,3,6,10,candidate,2,,,0.0,,2.0,0.014199630766229964,1.0000 0.0000
chipmean,sentinel2,treatment_0002,treatment,treatment_0002,3,6,10,path,1,1.0,0.014305589582519306,inf,True,,,
chipmean,sentinel2,treatment_0002,treatment,treatment_0002,3,6,10,path,2,2.0,0.014305589582519306,0.0,False,,,
chipmean,sentinel2,treatment_0002,treatment,treatment_0002,3,6,10,candidate,1,,,,,1.0,0.014305589582519306,1.0000
chipmean,sentinel2,treatment_0002,treatment,treatment_0002,3,6,10,candidate,1,,,,,2.0,0.025408172528167832,1.0000
chipmean,sentinel2,treatment_0002,treatment,treatment_0002,3,6,10,candidate,2,,,0.0,,2.0,0.014305589582519306,1.0000 0.0000
chipmean,sentinel2,treatment_0003,treatment,treatment_0003,3,6,10,path,1,1.0,0.017177336543828074,inf,True,,,
chipmean,sentinel2,treatment_0003,treatment,treatment_0003,3,6,10,path,2,2.0,0.017177336543828074,0.0,False,,,
chipmean,sentinel2,treatment_0003,treatment,treatment_0003,3,6,10,candidate,1,,,,,1.0,0.017177336543828074,1.0000
chipmean,sentinel2,treatment_0003,treatment,treatment_0003,3,6,10,candidate,1,,,,,2.0,0.030204326757649648,1.0000
chipmean,sentinel2,treatment_0003,treatment,treatment_0003,3,6,10,candidate,2,,,0.0,,2.0,0.017177336543828074,1.0000 0.0000
chipmean,sentinel2,treatment_0004,treatment,treatment_0004,3,6,10,path,1,1.0,0.014227933259328484,inf,True,,,
chipmean,sentinel2,treatment_0004,treatment,treatment_0004,3,6,10,path,2,2.0,0.014227933259328484,0.0,False,,,
chipmean,sentinel2,treatment_0004,treatment,treatment_0004,3,6,10,candidate,1,,,,,1.0,0.014227933259328484,1.0000
chipmean,sentinel2,treatment_0004,treatment,treatment_0004,3,6,10,candidate,1,,,,,2.0,0.025323401838058833,1.0000
chipmean,sentinel2,treatment_0004,treatment,treatment_0004,3,6,10,candidate,2,,,0.0,,2.0,0.014227933259328484,1.0000 0.0000
chipmean,sentinel2,treatment_0005,treatment,treatment_0005,3,6,10,path,1,1.0,0.01346832154526361,inf,True,,,
chipmean,sentinel2,treatment_0005,treatment,treatment_0005,3,6,10,path,2,2.0,0.01346832154526361,0.0,False,,,
chipmean,sentinel2,treatment_0005,treatment,treatment_0005,3,6,10,candidate,1,,,,,1.0,0.01346832154526361,1.0000
chipmean,sentinel2,treatment_0005,treatment,treatment_0005,3,6,10,candidate,1,,,,,2.0,0.023573078611593218,1.0000
chipmean,sentinel2,treatment_0005,treatment,treatment_0005,3,6,10,candidate,2,,,0.0,,2.0,0.01346832154526361,1.0000 0.0000
chipmean,sentinel2,treatment_0006,treatment,treatment_0006,3,6,10,path,1,1.0,0.016134028708120272,inf,True,,,
chipmean,sentinel2,treatment_0006,treatment,treatment_0006,3,6,10,path,2,2.0,0.016134028708120272,0.0,False,,,
chipmean,sentinel2,treatment_0006,treatment,treatment_0006,3,6,10,candidate,1,,,,,1.0,0.016134028708120272,1.0000
chipmean,sentinel2,treatment_0006,treatment,treatment_0006,3,6,10,candidate,1,,,,,2.0,0.02787629203335671,1.0000
chipmean,sentinel2,treatment_0006,treatment,treatment_0006,3,6,10,candidate,2,,,0.0,,2.0,0.016134028708120272,1.0000 0.0000
chipmean,sentinel2,treatment_0007,treatment,treatment_0007,3,6,10,path,1,1.0,0.0194151984478125,inf,True,,,
chipmean,sentinel2,treatment_0007,treatment,treatment_0007,3,6,10,path,2,2.0,0.0194151984478125,0.0,False,,,
chipmean,sentinel2,treatment_0007,treatment,treatment_0007,3,6,10,candidate,1,,,,,1.0,0.0194151984478125,1.0000
chipmean,sentinel2,treatment_0007,treatment,treatment_0007,3,6,10,candidate,1,,,,,2.0,0.03410941153844816,1.0000
chipmean,sentinel2,treatment_0007,treatment,treatment_0007,3,6,10,candidate,2,,,0.0,,2.0,0.0194151984478125,1.0000 0.0000
chipmean,sentinel2,treatment_0008,treatment,treatment_0008,3,6,10,path,1,1.0,0.01812135225288353,inf,True,,,
chipmean,sentinel2,treatment_0008,treatment,treatment_0008,3,6,10,path,2,2.0,0.01812135225288353,0.0,False,,,
chipmean,sentinel2,treatment_0008,treatment,treatment_0008,3,6,10,candidate,1,,,,,1.0,0.01812135225288353,1.0000
chipmean,sentinel2,treatment_0008,treatment,treatment_0008,3,6,10,candidate,1,,,,,2.0,0.031827526471329894,1.0000
chipmean,sentinel2,treatment_0008,treatment,treatment_0008,3,6,10,candidate,2,,,0.0,,2.0,0.01812135225288353,1.0000 0.0000
chipmean,sentinel2,treatment_0009,treatment,treatment_0009,3,6,10,path,1,1.0,0.01656651946125384,inf,True,,,
chipmean,sentinel2,treatment_0009,treatment,treatment_0009,3,6,10,path,2,2.0,0.01656651946125384,0.0,False,,,
chipmean,sentinel2,treatment_0009,treatment,treatment_0009,3,6,10,candidate,1,,,,,1.0,0.01656651946125384,1.0000
chipmean,sentinel2,treatment_0009,treatment,treatment_0009,3,6,10,candidate,1,,,,,2.0,0.02912864526788868,1.0000
chipmean,sentinel2,treatment_0009,treatment,treatment_0009,3,6,10,candidate,2,,,0.0,,2.0,0.01656651946125384,1.0000 0.0000
chipmean,sentinel2,treatment_0010,treatment,treatment_0010,3,6,10,path,1,1.0,0.016292751035041467,inf,True,,,
chipmean,sentinel2,treatment_0010,treatment,treatment_0010,3,6,10,path,2,2.0,0.016292751035041467,0.0,False,,,
chipmean,sentinel2,treatment_0010,treatment,treatment_0010,3,6,10,candidate,1,,,,,1.0,0.016292751035041467,1.0000
chipmean,sentinel2,treatment_0010,treatment,treatment_0010,3,6,10,candidate,1,,,,,2.0,0.028165396539296055,1.0000
chipmean,sentinel2,treatment_0010,treatment,treatment_0010,3,6,10,candidate,2,,,0.0,,2.0,0.016292751035041467,1.0000 0.0000
chipmean,sentinel2,treatment_0011,treatment,treatment_0011,3,6,10,path,1,1.0,0.017401603415615554,inf,True,,,
chipmean,sentinel2,treatment_0011,treatment,treatment_0011,3,6,10,path,2,2.0,0.017401603415615554,0.0,False,,,
chipmean,sentinel2,treatment_0011,treatment,treatment_0011,3,6,10,candidate,1,,,,,1.0,0.017401603415615554,1.0000
chipmean,sentinel2,treatment_0011,treatment,treatment_0011,3,6,10,candidate,1,,,,,2.0,0.03093232155902547,1.0000
chipmean,sentinel2,treatment_0011,treatment,treatment_0011,3,6,10,candidate,2,,,0.0,,2.0,0.017401603415615554,1.0000 0.0000
chipmean,sentinel2,treatment_0012,treatment,treatment_0012,3,6,10,path,1,1.0,0.019744471432722392,inf,True,,,
chipmean,sentinel2,treatment_0012,treatment,treatment_0012,3,6,10,path,2,2.0,0.019744471432722392,0.0,False,,,
chipmean,sentinel2,treatment_0012,treatment,treatment_0012,3,6,10,candidate,1,,,,,1.0,0.019744471432722392,1.0000
chipmean,sentinel2,treatment_0012,treatment,treatment_0012,3,6,10,candidate,1,,,,,2.0,0.03509139645472742,1.0000
chipmean,sentinel2,treatment_0012,treatment,treatment_0012,3,6,10,candidate,2,,,0.0,,2.0,0.019744471432722392,1.0000 0.0000
chipmean,sentinel2,treatment_0013,treatment,treatment_0013,3,6,10,path,1,1.0,0.03013295297781862,inf,True,,,
chipmean,sentinel2,treatment_0013,treatment,treatment_0013,3,6,10,path,2,2.0,0.03013295297781862,0.0,False,,,
chipmean,sentinel2,treatment_0013,treatment,treatment_0013,3,6,10,candidate,1,,,,,1.0,0.03013295297781862,1.0000
chipmean,sentinel2,treatment_0013,treatment,treatment_0013,3,6,10,candidate,1,,,,,2.0,0.04747280632091207,1.0000
chipmean,sentinel2,treatment_0013,treatment,treatment_0013,3,6,10,candidate,2,,,0.0,,2.0,0.03013295297781862,1.0000 0.0000
chipmean,sentinel2,treatment_0014,treatment,treatment_0014,3,6,10,path,1,1.0,0.020262445511788553,inf,True,,,
chipmean,sentinel2,treatment_0014,treatment,treatment_0014,3,6,10,path,2,2.0,0.020262445511788553,0.0,False,,,
chipmean,sentinel2,treatment_0014,treatment,treatment_0014,3,6,10,candidate,1,,,,,1.0,0.020262445511788553,1.0000
chipmean,sentinel2,treatment_0014,treatment,treatment_0014,3,6,10,candidate,1,,,,,2.0,0.03602010631083642,1.0000
chipmean,sentinel2,treatment_0014,treatment,treatment_0014,3,6,10,candidate,2,,,0.0,,2.0,0.020262445511788553,1.0000 0.0000
chipmean,sentinel2,treatment_0015,treatment,treatment_0015,3,6,10,path,1,1.0,0.02670065908274141,inf,True,,,
chipmean,sentinel2,treatment_0015,treatment,treatment_0015,3,6,10,path,2,2.0,0.02670065908274141,0.0,False,,,
chipmean,sentinel2,treatment_0015,treatment,treatment_0015,3,6,10,candidate,1,,,,,1.0,0.02670065908274141,1.0000
chipmean,sentinel2,treatment_0015,treatment,treatment_0015,3,6,10,candidate,1,,,,,2.0,0.040932213147645,1.0000
chipmean,sentinel2,treatment_0015,treatment,treatment_0015,3,6,10,candidate,2,,,0.0,,2.0,0.02670065908274141,1.0000 0.0000
chipmean,sentinel2,treatment_0001,treatment,treatment_0001,3,7,10,path,1,1.0,0.01409670517453776,inf,True,,,
chipmean,sentinel2,treatment_0001,treatment,treatment_0001,3,7,10,candidate,1,,,,,1.0,0.01409670517453776,1.0000
chipmean,sentinel2,treatment_0002,treatment,treatment_0002,3,7,10,path,1,1.0,0.014299851987658983,inf,True,,,
chipmean,sentinel2,treatment_0002,treatment,treatment_0002,3,7,10,candidate,1,,,,,1.0,0.014299851987658983,1.0000
chipmean,sentinel2,treatment_0003,treatment,treatment_0003,3,7,10,path,1,1.0,0.01709676809763236,inf,True,,,
chipmean,sentinel2,treatment_0003,treatment,treatment_0003,3,7,10,candidate,1,,,,,1.0,0.01709676809763236,1.0000
chipmean,sentinel2,treatment_0004,treatment,treatment_0004,3,7,10,path,1,1.0,0.014377406667008957,inf,True,,,
chipmean,sentinel2,treatment_0004,treatment,treatment_0004,3,7,10,candidate,1,,,,,1.0,0.014377406667008957,1.0000
chipmean,sentinel2,treatment_0005,treatment,treatment_0005,3,7,10,path,1,1.0,0.01341729149085522,inf,True,,,
chipmean,sentinel2,treatment_0005,treatment,treatment_0005,3,7,10,candidate,1,,,,,1.0,0.01341729149085522,1.0000
chipmean,sentinel2,treatment_0006,treatment,treatment_0006,3,7,10,path,1,1.0,0.01582729539129858,inf,True,,,
chipmean,sentinel2,treatment_0006,treatment,treatment_0006,3,7,10,candidate,1,,,,,1.0,0.01582729539129858,1.0000
chipmean,sentinel2,treatment_0007,treatment,treatment_0007,3,7,10,path,1,1.0,0.01951523752393636,inf,True,,,
chipmean,sentinel2,treatment_0007,treatment,treatment_0007,3,7,10,candidate,1,,,,,1.0,0.01951523752393636,1.0000
chipmean,sentinel2,treatment_0008,treatment,treatment_0008,3,7,10,path,1,1.0,0.018283102862901995,inf,True,,,
chipmean,sentinel2,treatment_0008,treatment,treatment_0008,3,7,10,candidate,1,,,,,1.0,0.018283102862901995,1.0000
chipmean,sentinel2,treatment_0009,treatment,treatment_0009,3,7,10,path,1,1.0,0.016765396959973804,inf,True,,,
chipmean,sentinel2,treatment_0009,treatment,treatment_0009,3,7,10,candidate,1,,,,,1.0,0.016765396959973804,1.0000
chipmean,sentinel2,treatment_0010,treatment,treatment_0010,3,7,10,path,1,1.0,0.016324705450298526,inf,True,,,
chipmean,sentinel2,treatment_0010,treatment,treatment_0010,3,7,10,candidate,1,,,,,1.0,0.016324705450298526,1.0000
chipmean,sentinel2,treatment_0011,treatment,treatment_0011,3,7,10,path,1,1.0,0.017401478970576537,inf,True,,,
chipmean,sentinel2,treatment_0011,treatment,treatment_0011,3,7,10,candidate,1,,,,,1.0,0.017401478970576537,1.0000
chipmean,sentinel2,treatment_0012,treatment,treatment_0012,3,7,10,path,1,1.0,0.019752429433127654,inf,True,,,
chipmean,sentinel2,treatment_0012,treatment,treatment_0012,3,7,10,candidate,1,,,,,1.0,0.019752429433127654,1.0000
chipmean,sentinel2,treatment_0013,treatment,treatment_0013,3,7,10,path,1,1.0,0.030926224852351077,inf,True,,,
chipmean,sentinel2,treatment_0013,treatment,treatment_0013,3,7,10,candidate,1,,,,,1.0,0.030926224852351077,1.0000
chipmean,sentinel2,treatment_0014,treatment,treatment_0014,3,7,10,path,1,1.0,0.02026373833814861,inf,True,,,
chipmean,sentinel2,treatment_0014,treatment,treatment_0014,3,7,10,candidate,1,,,,,1.0,0.02026373833814861,1.0000
chipmean,sentinel2,treatment_0015,treatment,treatment_0015,3,7,10,path,1,1.0,0.028568470749911413,inf,True,,,
chipmean,sentinel2,treatment_0015,treatment,treatment_0015,3,7,10,candidate,1,,,,,1.0,0.028568470749911413,1.0000
histfill,sentinel1,treatment_0015,treatment,treatment_0015,2,2,10,path,1,1.0,0.004284711298060595,inf,True,,,
histfill,sentinel1,treatment_0015,treatment,treatment_0015,2,2,10,path,2,2.0,0.004284711298060595,0.0,False,,,
histfill,sentinel1,treatment_0015,treatment,treatment_0015,2,2,10,candidate,1,,,,,1.0,0.004284711298060595,1.0000
histfill,sentinel1,treatment_0015,treatment,treatment_0015,2,2,10,candidate,1,,,,,2.0,0.009426502435307052,1.0000
histfill,sentinel1,treatment_0015,treatment,treatment_0015,2,2,10,candidate,1,,,,,3.0,0.016402545921964478,1.0000
histfill,sentinel1,treatment_0015,treatment,treatment_0015,2,2,10,candidate,1,,,,,4.0,0.025112492992854153,1.0000
histfill,sentinel1,treatment_0015,treatment,treatment_0015,2,2,10,candidate,1,,,,,5.0,0.0354755240409741,1.0000
histfill,sentinel1,treatment_0015,treatment,treatment_0015,2,2,10,candidate,1,,,,,6.0,0.047431130350097724,1.0000
histfill,sentinel1,treatment_0015,treatment,treatment_0015,2,2,10,candidate,1,,,,,7.0,0.06094015330937386,1.0000
histfill,sentinel1,treatment_0015,treatment,treatment_0015,2,2,10,candidate,2,,,0.0,,2.0,0.004284711298060595,1.0000 0.0000
histfill,sentinel1,treatment_0015,treatment,treatment_0015,2,2,10,candidate,2,,,0.0,,3.0,0.004284711298060595,1.0000 0.0000
histfill,sentinel1,treatment_0015,treatment,treatment_0015,2,2,10,candidate,2,,,0.0,,4.0,0.004284711298060595,1.0000 0.0000
histfill,sentinel1,treatment_0015,treatment,treatment_0015,2,2,10,candidate,2,,,0.0,,5.0,0.004284711298060595,1.0000 0.0000
histfill,sentinel1,treatment_0015,treatment,treatment_0015,2,2,10,candidate,2,,,0.0,,6.0,0.004284711298060595,1.0000 0.0000
histfill,sentinel1,treatment_0015,treatment,treatment_0015,2,2,10,candidate,2,,,0.0,,7.0,0.004284711298060595,1.0000 0.0000
histfill,sentinel1,treatment_0016,treatment,treatment_0016,2,2,10,path,1,1.0,0.005701192348228597,inf,True,,,
histfill,sentinel1,treatment_0016,treatment,treatment_0016,2,2,10,path,2,2.0,0.005701192348228597,0.0,False,,,
histfill,sentinel1,treatment_0016,treatment,treatment_0016,2,2,10,candidate,1,,,,,1.0,0.005701192348228597,1.0000
histfill,sentinel1,treatment_0016,treatment,treatment_0016,2,2,10,candidate,1,,,,,2.0,0.01205585713109198,1.0000
histfill,sentinel1,treatment_0016,treatment,treatment_0016,2,2,10,candidate,1,,,,,3.0,0.020174644290669876,1.0000
histfill,sentinel1,treatment_0016,treatment,treatment_0016,2,2,10,candidate,1,,,,,4.0,0.029737532688022216,1.0000
histfill,sentinel1,treatment_0016,treatment,treatment_0016,2,2,10,candidate,1,,,,,5.0,0.04051959569525015,1.0000
histfill,sentinel1,treatment_0016,treatment,treatment_0016,2,2,10,candidate,1,,,,,6.0,0.05240378672727401,1.0000
histfill,sentinel1,treatment_0016,treatment,treatment_0016,2,2,10,candidate,1,,,,,7.0,0.06539921465378849,1.0000
histfill,sentinel1,treatment_0016,treatment,treatment_0016,2,2,10,candidate,2,,,0.0,,2.0,0.005701192348228597,1.0000 0.0000
histfill,sentinel1,treatment_0016,treatment,treatment_0016,2,2,10,candidate,2,,,0.0,,3.0,0.005701192348228597,1.0000 0.0000
histfill,sentinel1,treatment_0016,treatment,treatment_0016,2,2,10,candidate,2,,,0.0,,4.0,0.005701192348228597,1.0000 0.0000
histfill,sentinel1,treatment_0016,treatment,treatment_0016,2,2,10,candidate,2,,,0.0,,5.0,0.005701192348228597,1.0000 0.0000
histfill,sentinel1,treatment_0016,treatment,treatment_0016,2,2,10,candidate,2,,,0.0,,6.0,0.005701192348228597,1.0000 0.0000
histfill,sentinel1,treatment_0016,treatment,treatment_0016,2,2,10,candidate,2,,,0.0,,7.0,0.005701192348228597,1.0000 0.0000
histfill,sentinel1,treatment_0017,treatment,treatment_0017,2,2,10,path,1,1.0,0.004400757279666424,inf,True,,,
histfill,sentinel1,treatment_0017,treatment,treatment_0017,2,2,10,path,2,2.0,0.004400757279666424,0.0,False,,,
histfill,sentinel1,treatment_0017,treatment,treatment_0017,2,2,10,candidate,1,,,,,1.0,0.004400757279666424,1.0000
histfill,sentinel1,treatment_0017,treatment,treatment_0017,2,2,10,candidate,1,,,,,2.0,0.009531731158325233,1.0000
histfill,sentinel1,treatment_0017,treatment,treatment_0017,2,2,10,candidate,1,,,,,3.0,0.016329567985597582,1.0000
histfill,sentinel1,treatment_0017,treatment,treatment_0017,2,2,10,candidate,1,,,,,4.0,0.024620391119582086,1.0000
histfill,sentinel1,treatment_0017,treatment,treatment_0017,2,2,10,candidate,1,,,,,5.0,0.034266220544082016,1.0000
histfill,sentinel1,treatment_0017,treatment,treatment_0017,2,2,10,candidate,1,,,,,6.0,0.045168432539417464,1.0000
histfill,sentinel1,treatment_0017,treatment,treatment_0017,2,2,10,candidate,1,,,,,7.0,0.05727216976803032,1.0000
histfill,sentinel1,treatment_0017,treatment,treatment_0017,2,2,10,candidate,2,,,0.0,,2.0,0.004400757279666424,1.0000 0.0000
histfill,sentinel1,treatment_0017,treatment,treatment_0017,2,2,10,candidate,2,,,0.0,,3.0,0.004400757279666424,1.0000 0.0000
histfill,sentinel1,treatment_0017,treatment,treatment_0017,2,2,10,candidate,2,,,0.0,,4.0,0.004400757279666424,1.0000 0.0000
histfill,sentinel1,treatment_0017,treatment,treatment_0017,2,2,10,candidate,2,,,0.0,,5.0,0.004400757279666424,1.0000 0.0000
histfill,sentinel1,treatment_0017,treatment,treatment_0017,2,2,10,candidate,2,,,0.0,,6.0,0.004400757279666424,1.0000 0.0000
histfill,sentinel1,treatment_0017,treatment,treatment_0017,2,2,10,candidate,2,,,0.0,,7.0,0.004400757279666424,1.0000 0.0000
histfill,sentinel1,treatment_0018,treatment,treatment_0018,2,2,10,path,1,1.0,0.00414999724596836,inf,True,,,
histfill,sentinel1,treatment_0018,treatment,treatment_0018,2,2,10,path,2,2.0,0.00414999724596836,0.0,False,,,
histfill,sentinel1,treatment_0018,treatment,treatment_0018,2,2,10,candidate,1,,,,,1.0,0.00414999724596836,1.0000
histfill,sentinel1,treatment_0018,treatment,treatment_0018,2,2,10,candidate,1,,,,,2.0,0.009132068462842802,1.0000
histfill,sentinel1,treatment_0018,treatment,treatment_0018,2,2,10,candidate,1,,,,,3.0,0.015884753365819196,1.0000
histfill,sentinel1,treatment_0018,treatment,treatment_0018,2,2,10,candidate,1,,,,,4.0,0.024297231996770505,1.0000
histfill,sentinel1,treatment_0018,treatment,treatment_0018,2,2,10,candidate,1,,,,,5.0,0.03427119436014988,1.0000
histfill,sentinel1,treatment_0018,treatment,treatment_0018,2,2,10,candidate,1,,,,,6.0,0.045721615975163915,1.0000
histfill,sentinel1,treatment_0018,treatment,treatment_0018,2,2,10,candidate,1,,,,,7.0,0.058577699868024025,1.0000
histfill,sentinel1,treatment_0018,treatment,treatment_0018,2,2,10,candidate,2,,,0.0,,2.0,0.00414999724596836,1.0000 0.0000
histfill,sentinel1,treatment_0018,treatment,treatment_0018,2,2,10,candidate,2,,,0.0,,3.0,0.00414999724596836,1.0000 0.0000
histfill,sentinel1,treatment_0018,treatment,treatment_0018,2,2,10,candidate,2,,,0.0,,4.0,0.00414999724596836,1.0000 0.0000
histfill,sentinel1,treatment_0018,treatment,treatment_0018,2,2,10,candidate,2,,,0.0,,5.0,0.00414999724596836,1.0000 0.0000
histfill,sentinel1,treatment_0018,treatment,treatment_0018,2,2,10,candidate,2,,,0.0,,6.0,0.00414999724596836,1.0000 0.0000
histfill,sentinel1,treatment_0018,treatment,treatment_0018,2,2,10,candidate,2,,,0.0,,7.0,0.00414999724596836,1.0000 0.0000
histfill,sentinel1,treatment_0019,treatment,treatment_0019,2,2,10,path,1,1.0,0.00405201837010657,inf,True,,,
histfill,sentinel1,treatment_0019,treatment,treatment_0019,2,2,10,path,2,2.0,0.00405201837010657,0.0,False,,,
histfill,sentinel1,treatment_0019,treatment,treatment_0019,2,2,10,candidate,1,,,,,1.0,0.00405201837010657,1.0000
histfill,sentinel1,treatment_0019,treatment,treatment_0019,2,2,10,candidate,1,,,,,2.0,0.00888064920114607,1.0000
histfill,sentinel1,treatment_0019,treatment,treatment_0019,2,2,10,candidate,1,,,,,3.0,0.015386681815303324,1.0000
histfill,sentinel1,treatment_0019,treatment,treatment_0019,2,2,10,candidate,1,,,,,4.0,0.02344510162369924,1.0000
histfill,sentinel1,treatment_0019,treatment,treatment_0019,2,2,10,candidate,1,,,,,5.0,0.03294602995064061,1.0000
histfill,sentinel1,treatment_0019,treatment,treatment_0019,2,2,10,candidate,1,,,,,6.0,0.04379540024687193,1.0000
histfill,sentinel1,treatment_0019,treatment,treatment_0019,2,2,10,candidate,1,,,,,7.0,0.055915833804700235,1.0000
histfill,sentinel1,treatment_0019,treatment,treatment_0019,2,2,10,candidate,2,,,0.0,,2.0,0.00405201837010657,1.0000 0.0000
histfill,sentinel1,treatment_0019,treatment,treatment_0019,2,2,10,candidate,2,,,0.0,,3.0,0.00405201837010657,1.0000 0.0000
histfill,sentinel1,treatment_0019,treatment,treatment_0019,2,2,10,candidate,2,,,0.0,,4.0,0.00405201837010657,1.0000 0.0000
histfill,sentinel1,treatment_0019,treatment,treatment_0019,2,2,10,candidate,2,,,0.0,,5.0,0.00405201837010657,1.0000 0.0000
histfill,sentinel1,treatment_0019,treatment,treatment_0019,2,2,10,candidate,2,,,0.0,,6.0,0.00405201837010657,1.0000 0.0000
histfill,sentinel1,treatment_0019,treatment,treatment_0019,2,2,10,candidate,2,,,0.0,,7.0,0.00405201837010657,1.0000 0.0000
histfill,sentinel1,treatment_0020,treatment,treatment_0020,2,2,10,path,1,1.0,0.00474271521271193,inf,True,,,
histfill,sentinel1,treatment_0020,treatment,treatment_0020,2,2,10,path,2,2.0,0.00474271521271193,0.0,False,,,
histfill,sentinel1,treatment_0020,treatment,treatment_0020,2,2,10,candidate,1,,,,,1.0,0.00474271521271193,1.0000
histfill,sentinel1,treatment_0020,treatment,treatment_0020,2,2,10,candidate,1,,,,,2.0,0.010269309999605339,1.0000
histfill,sentinel1,treatment_0020,treatment,treatment_0020,2,2,10,candidate,1,,,,,3.0,0.017585490994420604,1.0000
histfill,sentinel1,treatment_0020,treatment,treatment_0020,2,2,10,candidate,1,,,,,4.0,0.026497134097379634,1.0000
histfill,sentinel1,treatment_0020,treatment,treatment_0020,2,2,10,candidate,1,,,,,5.0,0.0368454123315371,1.0000
histfill,sentinel1,treatment_0020,treatment,treatment_0020,2,2,10,candidate,1,,,,,6.0,0.048510219225307946,1.0000
histfill,sentinel1,treatment_0020,treatment,treatment_0020,2,2,10,candidate,1,,,,,7.0,0.061414985180380056,1.0000
histfill,sentinel1,treatment_0020,treatment,treatment_0020,2,2,10,candidate,2,,,0.0,,2.0,0.00474271521271193,1.0000 0.0000
histfill,sentinel1,treatment_0020,treatment,treatment_0020,2,2,10,candidate,2,,,0.0,,3.0,0.00474271521271193,1.0000 0.0000
histfill,sentinel1,treatment_0020,treatment,treatment_0020,2,2,10,candidate,2,,,0.0,,4.0,0.00474271521271193,1.0000 0.0000
histfill,sentinel1,treatment_0020,treatment,treatment_0020,2,2,10,candidate,2,,,0.0,,5.0,0.00474271521271193,1.0000 0.0000
histfill,sentinel1,treatment_0020,treatment,treatment_0020,2,2,10,candidate,2,,,0.0,,6.0,0.00474271521271193,1.0000 0.0000
histfill,sentinel1,treatment_0020,treatment,treatment_0020,2,2,10,candidate,2,,,0.0,,7.0,0.00474271521271193,1.0000 0.0000
histfill,sentinel1,treatment_0021,treatment,treatment_0021,2,2,10,path,1,1.0,0.004367788455593412,inf,True,,,
histfill,sentinel1,treatment_0021,treatment,treatment_0021,2,2,10,path,2,2.0,0.004367788455593412,0.0,False,,,
histfill,sentinel1,treatment_0021,treatment,treatment_0021,2,2,10,candidate,1,,,,,1.0,0.004367788455593412,1.0000
histfill,sentinel1,treatment_0021,treatment,treatment_0021,2,2,10,candidate,1,,,,,2.0,0.009457335615924654,1.0000
histfill,sentinel1,treatment_0021,treatment,treatment_0021,2,2,10,candidate,1,,,,,3.0,0.016209197143708685,1.0000
histfill,sentinel1,treatment_0021,treatment,treatment_0021,2,2,10,candidate,1,,,,,4.0,0.02446886470019926,1.0000
histfill,sentinel1,treatment_0021,treatment,treatment_0021,2,2,10,candidate,1,,,,,5.0,0.03412516793541924,1.0000
histfill,sentinel1,treatment_0021,treatment,treatment_0021,2,2,10,candidate,1,,,,,6.0,0.045113410408575895,1.0000
histfill,sentinel1,treatment_0021,treatment,treatment_0021,2,2,10,candidate,1,,,,,7.0,0.05741976635144651,1.0000
histfill,sentinel1,treatment_0021,treatment,treatment_0021,2,2,10,candidate,2,,,0.0,,2.0,0.004367788455593412,1.0000 0.0000
histfill,sentinel1,treatment_0021,treatment,treatment_0021,2,2,10,candidate,2,,,0.0,,3.0,0.004367788455593412,1.0000 0.0000
histfill,sentinel1,treatment_0021,treatment,treatment_0021,2,2,10,candidate,2,,,0.0,,4.0,0.004367788455593412,1.0000 0.0000
histfill,sentinel1,treatment_0021,treatment,treatment_0021,2,2,10,candidate,2,,,0.0,,5.0,0.004367788455593412,1.0000 0.0000
histfill,sentinel1,treatment_0021,treatment,treatment_0021,2,2,10,candidate,2,,,0.0,,6.0,0.004367788455593412,1.0000 0.0000
histfill,sentinel1,treatment_0021,treatment,treatment_0021,2,2,10,candidate,2,,,0.0,,7.0,0.004367788455593412,1.0000 0.0000
histfill,sentinel1,treatment_0022,treatment,treatment_0022,2,2,10,path,1,1.0,0.004454397315462652,inf,True,,,
histfill,sentinel1,treatment_0022,treatment,treatment_0022,2,2,10,path,2,2.0,0.004454397315462652,0.0,False,,,
histfill,sentinel1,treatment_0022,treatment,treatment_0022,2,2,10,candidate,1,,,,,1.0,0.004454397315462652,1.0000
histfill,sentinel1,treatment_0022,treatment,treatment_0022,2,2,10,candidate,1,,,,,2.0,0.009593296094979498,1.0000
histfill,sentinel1,treatment_0022,treatment,treatment_0022,2,2,10,candidate,1,,,,,3.0,0.01635119250263079,1.0000
histfill,sentinel1,treatment_0022,treatment,treatment_0022,2,2,10,candidate,1,,,,,4.0,0.02454255057362005,1.0000
histfill,sentinel1,treatment_0022,treatment,treatment_0022,2,2,10,candidate,1,,,,,5.0,0.0340283568928731,1.0000
histfill,sentinel1,treatment_0022,treatment,treatment_0022,2,2,10,candidate,1,,,,,6.0,0.0447187266042964,1.0000
histfill,sentinel1,treatment_0022,treatment,treatment_0022,2,2,10,candidate,1,,,,,7.0,0.05657658961235965,1.0000
histfill,sentinel1,treatment_0022,treatment,treatment_0022,2,2,10,candidate,2,,,0.0,,2.0,0.004454397315462652,1.0000 0.0000
histfill,sentinel1,treatment_0022,treatment,treatment_0022,2,2,10,candidate,2,,,0.0,,3.0,0.004454397315462652,1.0000 0.0000
histfill,sentinel1,treatment_0022,treatment,treatment_0022,2,2,10,candidate,2,,,0.0,,4.0,0.004454397315462652,1.0000 0.0000
histfill,sentinel1,treatment_0022,treatment,treatment_0022,2,2,10,candidate,2,,,0.0,,5.0,0.004454397315462652,1.0000 0.0000
histfill,sentinel1,treatment_0022,treatment,treatment_0022,2,2,10,candidate,2,,,0.0,,6.0,0.004454397315462652,1.0000 0.0000
histfill,sentinel1,treatment_0022,treatment,treatment_0022,2,2,10,candidate,2,,,0.0,,7.0,0.004454397315462652,1.0000 0.0000
histfill,sentinel1,treatment_0023,treatment,treatment_0023,2,2,10,path,1,1.0,0.003703634157298865,inf,True,,,
histfill,sentinel1,treatment_0023,treatment,treatment_0023,2,2,10,path,2,2.0,0.003703634157298865,0.0,False,,,
histfill,sentinel1,treatment_0023,treatment,treatment_0023,2,2,10,candidate,1,,,,,1.0,0.003703634157298865,1.0000
histfill,sentinel1,treatment_0023,treatment,treatment_0023,2,2,10,candidate,1,,,,,2.0,0.008311079599520337,1.0000
histfill,sentinel1,treatment_0023,treatment,treatment_0023,2,2,10,candidate,1,,,,,3.0,0.014736218809223173,1.0000
histfill,sentinel1,treatment_0023,treatment,treatment_0023,2,2,10,candidate,1,,,,,4.0,0.02296474601944034,1.0000
histfill,sentinel1,treatment_0023,treatment,treatment_0023,2,2,10,candidate,1,,,,,5.0,0.03298254947319698,1.0000
histfill,sentinel1,treatment_0023,treatment,treatment_0023,2,2,10,candidate,1,,,,,6.0,0.04477571451759381,1.0000
histfill,sentinel1,treatment_0023,treatment,treatment_0023,2,2,10,candidate,1,,,,,7.0,0.05833052682266514,1.0000
histfill,sentinel1,treatment_0023,treatment,treatment_0023,2,2,10,candidate,2,,,0.0,,2.0,0.003703634157298865,1.0000 0.0000
histfill,sentinel1,treatment_0023,treatment,treatment_0023,2,2,10,candidate,2,,,0.0,,3.0,0.003703634157298865,1.0000 0.0000
histfill,sentinel1,treatment_0023,treatment,treatment_0023,2,2,10,candidate,2,,,0.0,,4.0,0.003703634157298865,1.0000 0.0000
histfill,sentinel1,treatment_0023,treatment,treatment_0023,2,2,10,candidate,2,,,0.0,,5.0,0.003703634157298865,1.0000 0.0000
histfill,sentinel1,treatment_0023,treatment,treatment_0023,2,2,10,candidate,2,,,0.0,,6.0,0.003703634157298865,1.0000 0.0000
histfill,sentinel1,treatment_0023,treatment,treatment_0023,2,2,10,candidate,2,,,0.0,,7.0,0.003703634157298865,1.0000 0.0000
histfill,sentinel1,treatment_0024,treatment,treatment_0024,2,2,10,path,1,1.0,0.004210911108427135,inf,True,,,
histfill,sentinel1,treatment_0024,treatment,treatment_0024,2,2,10,path,2,2.0,0.004210911108427135,0.0,False,,,
histfill,sentinel1,treatment_0024,treatment,treatment_0024,2,2,10,candidate,1,,,,,1.0,0.004210911108427135,1.0000
histfill,sentinel1,treatment_0024,treatment,treatment_0024,2,2,10,candidate,1,,,,,2.0,0.009348658746179727,1.0000
histfill,sentinel1,treatment_0024,treatment,treatment_0024,2,2,10,candidate,1,,,,,3.0,0.01640319927245106,1.0000
histfill,sentinel1,treatment_0024,treatment,treatment_0024,2,2,10,candidate,1,,,,,4.0,0.025302853484369888,1.0000
histfill,sentinel1,treatment_0024,treatment,treatment_0024,2,2,10,candidate,1,,,,,5.0,0.03598162178896033,1.0000
histfill,sentinel1,treatment_0024,treatment,treatment_0024,2,2,10,candidate,1,,,,,6.0,0.048379371185125045,1.0000
histfill,sentinel1,treatment_0024,treatment,treatment_0024,2,2,10,candidate,1,,,,,7.0,0.06244205314099948,1.0000
histfill,sentinel1,treatment_0024,treatment,treatment_0024,2,2,10,candidate,2,,,0.0,,2.0,0.004210911108427135,1.0000 0.0000
histfill,sentinel1,treatment_0024,treatment,treatment_0024,2,2,10,candidate,2,,,0.0,,3.0,0.004210911108427135,1.0000 0.0000
histfill,sentinel1,treatment_0024,treatment,treatment_0024,2,2,10,candidate,2,,,0.0,,4.0,0.004210911108427135,1.0000 0.0000
histfill,sentinel1,treatment_0024,treatment,treatment_0024,2,2,10,candidate,2,,,0.0,,5.0,0.004210911108427135,1.0000 0.0000
histfill,sentinel1,treatment_0024,treatment,treatment_0024,2,2,10,candidate,2,,,0.0,,6.0,0.004210911108427135,1.0000 0.0000
histfill,sentinel1,treatment_0024,treatment,treatment_0024,2,2,10,candidate,2,,,0.0,,7.0,0.004210911108427135,1.0000 0.0000
histfill,sentinel1,treatment_0025,treatment,treatment_0025,2,2,10,path,1,1.0,0.0037319836312370703,inf,True,,,
histfill,sentinel1,treatment_0025,treatment,treatment_0025,2,2,10,path,2,2.0,0.0037319836312370703,0.0,False,,,
histfill,sentinel1,treatment_0025,treatment,treatment_0025,2,2,10,candidate,1,,,,,1.0,0.0037319836312370703,1.0000
histfill,sentinel1,treatment_0025,treatment,treatment_0025,2,2,10,candidate,1,,,,,2.0,0.00828678697251949,1.0000
histfill,sentinel1,treatment_0025,treatment,treatment_0025,2,2,10,candidate,1,,,,,3.0,0.014543756873387754,1.0000
histfill,sentinel1,treatment_0025,treatment,treatment_0025,2,2,10,candidate,1,,,,,4.0,0.022442288544813505,1.0000
histfill,sentinel1,treatment_0025,treatment,treatment_0025,2,2,10,candidate,1,,,,,5.0,0.0319276428641964,1.0000
histfill,sentinel1,treatment_0025,treatment,treatment_0025,2,2,10,candidate,1,,,,,6.0,0.042951089614027035,1.0000
histfill,sentinel1,treatment_0025,treatment,treatment_0025,2,2,10,candidate,1,,,,,7.0,0.05547008493598672,1.0000
histfill,sentinel1,treatment_0025,treatment,treatment_0025,2,2,10,candidate,2,,,0.0,,2.0,0.0037319836312370703,1.0000 0.0000
histfill,sentinel1,treatment_0025,treatment,treatment_0025,2,2,10,candidate,2,,,0.0,,3.0,0.0037319836312370703,1.0000 0.0000
histfill,sentinel1,treatment_0025,treatment,treatment_0025,2,2,10,candidate,2,,,0.0,,4.0,0.0037319836312370703,1.0000 0.0000
histfill,sentinel1,treatment_0025,treatment,treatment_0025,2,2,10,candidate,2,,,0.0,,5.0,0.0037319836312370703,1.0000 0.0000
histfill,sentinel1,treatment_0025,treatment,treatment_0025,2,2,10,candidate,2,,,0.0,,6.0,0.0037319836312370703,1.0000 0.0000
histfill,sentinel1,treatment_0025,treatment,treatment_0025,2,2,10,candidate,2,,,0.0,,7.0,0.0037319836312370703,1.0000 0.0000
histfill,sentinel1,treatment_0027,treatment,treatment_0027,2,2,10,path,1,1.0,0.003945834516034326,inf,True,,,
histfill,sentinel1,treatment_0027,treatment,treatment_0027,2,2,10,path,2,2.0,0.003945834516034326,0.0,False,,,
histfill,sentinel1,treatment_0027,treatment,treatment_0027,2,2,10,candidate,1,,,,,1.0,0.003945834516034326,1.0000
histfill,sentinel1,treatment_0027,treatment,treatment_0027,2,2,10,candidate,1,,,,,2.0,0.008244087299481308,1.0000
histfill,sentinel1,treatment_0027,treatment,treatment_0027,2,2,10,candidate,1,,,,,3.0,0.013628220059212798,1.0000
histfill,sentinel1,treatment_0027,treatment,treatment_0027,2,2,10,candidate,1,,,,,4.0,0.019841131280833337,1.0000
histfill,sentinel1,treatment_0027,treatment,treatment_0027,2,2,10,candidate,1,,,,,5.0,0.026700646453999728,1.0000
histfill,sentinel1,treatment_0027,treatment,treatment_0027,2,2,10,candidate,1,,,,,6.0,0.034105234824987785,1.0000
histfill,sentinel1,treatment_0027,treatment,treatment_0027,2,2,10,candidate,1,,,,,7.0,0.04204348940942031,1.0000
histfill,sentinel1,treatment_0027,treatment,treatment_0027,2,2,10,candidate,2,,,0.0,,2.0,0.003945834516034326,1.0000 0.0000
histfill,sentinel1,treatment_0027,treatment,treatment_0027,2,2,10,candidate,2,,,0.0,,3.0,0.003945834516034326,1.0000 0.0000
histfill,sentinel1,treatment_0027,treatment,treatment_0027,2,2,10,candidate,2,,,0.0,,4.0,0.003945834516034326,1.0000 0.0000
histfill,sentinel1,treatment_0027,treatment,treatment_0027,2,2,10,candidate,2,,,0.0,,5.0,0.003945834516034326,1.0000 0.0000
histfill,sentinel1,treatment_0027,treatment,treatment_0027,2,2,10,candidate,2,,,0.0,,6.0,0.003945834516034326,1.0000 0.0000
histfill,sentinel1,treatment_0027,treatment,treatment_0027,2,2,10,candidate,2,,,0.0,,7.0,0.003945834516034326,1.0000 0.0000
histfill,sentinel1,treatment_0015,treatment,treatment_0015,2,3,10,path,1,1.0,0.004195682563052657,inf,True,,,
histfill,sentinel1,treatment_0015,treatment,treatment_0015,2,3,10,path,2,2.0,0.004195682563052657,0.0,False,,,
histfill,sentinel1,treatment_0015,treatment,treatment_0015,2,3,10,candidate,1,,,,,1.0,0.004195682563052657,1.0000
histfill,sentinel1,treatment_0015,treatment,treatment_0015,2,3,10,candidate,1,,,,,2.0,0.009240845254308407,1.0000
histfill,sentinel1,treatment_0015,treatment,treatment_0015,2,3,10,candidate,1,,,,,3.0,0.0160987163697529,1.0000
histfill,sentinel1,treatment_0015,treatment,treatment_0015,2,3,10,candidate,1,,,,,4.0,0.02467916109010631,1.0000
histfill,sentinel1,treatment_0015,treatment,treatment_0015,2,3,10,candidate,1,,,,,5.0,0.03491197707796543,1.0000
histfill,sentinel1,treatment_0015,treatment,treatment_0015,2,3,10,candidate,1,,,,,6.0,0.04674780471640763,1.0000
histfill,sentinel1,treatment_0015,treatment,treatment_0015,2,3,10,candidate,2,,,0.0,,2.0,0.004195682563052657,1.0000 0.0000
histfill,sentinel1,treatment_0015,treatment,treatment_0015,2,3,10,candidate,2,,,0.0,,3.0,0.004195682563052657,1.0000 0.0000
histfill,sentinel1,treatment_0015,treatment,treatment_0015,2,3,10,candidate,2,,,0.0,,4.0,0.004195682563052657,1.0000 0.0000
histfill,sentinel1,treatment_0015,treatment,treatment_0015,2,3,10,candidate,2,,,0.0,,5.0,0.004195682563052657,1.0000 0.0000
histfill,sentinel1,treatment_0015,treatment,treatment_0015,2,3,10,candidate,2,,,0.0,,6.0,0.004195682563052657,1.0000 0.0000
histfill,sentinel1,treatment_0016,treatment,treatment_0016,2,3,10,path,1,1.0,0.005398543081687751,inf,True,,,
histfill,sentinel1,treatment_0016,treatment,treatment_0016,2,3,10,path,2,2.0,0.005398543081687751,0.0,False,,,
histfill,sentinel1,treatment_0016,treatment,treatment_0016,2,3,10,candidate,1,,,,,1.0,0.005398543081687751,1.0000
histfill,sentinel1,treatment_0016,treatment,treatment_0016,2,3,10,candidate,1,,,,,2.0,0.011448551803848319,1.0000
histfill,sentinel1,treatment_0016,treatment,treatment_0016,2,3,10,candidate,1,,,,,3.0,0.019226402832493772,1.0000
histfill,sentinel1,treatment_0016,treatment,treatment_0016,2,3,10,candidate,1,,,,,4.0,0.028465220450391193,1.0000
histfill,sentinel1,treatment_0016,treatment,treatment_0016,2,3,10,candidate,1,,,,,5.0,0.03899933401996255,1.0000
histfill,sentinel1,treatment_0016,treatment,treatment_0016,2,3,10,candidate,1,,,,,6.0,0.05077972411750975,1.0000
histfill,sentinel1,treatment_0016,treatment,treatment_0016,2,3,10,candidate,2,,,0.0,,2.0,0.005398543081687751,1.0000 0.0000
histfill,sentinel1,treatment_0016,treatment,treatment_0016,2,3,10,candidate,2,,,0.0,,3.0,0.005398543081687751,1.0000 0.0000
histfill,sentinel1,treatment_0016,treatment,treatment_0016,2,3,10,candidate,2,,,0.0,,4.0,0.005398543081687751,1.0000 0.0000
histfill,sentinel1,treatment_0016,treatment,treatment_0016,2,3,10,candidate,2,,,0.0,,5.0,0.005398543081687751,1.0000 0.0000
histfill,sentinel1,treatment_0016,treatment,treatment_0016,2,3,10,candidate,2,,,0.0,,6.0,0.005398543081687751,1.0000 0.0000
histfill,sentinel1,treatment_0017,treatment,treatment_0017,2,3,10,path,1,1.0,0.004249416119202094,inf,True,,,
histfill,sentinel1,treatment_0017,treatment,treatment_0017,2,3,10,path,2,2.0,0.004249416119202094,0.0,False,,,
histfill,sentinel1,treatment_0017,treatment,treatment_0017,2,3,10,candidate,1,,,,,1.0,0.004249416119202094,1.0000
histfill,sentinel1,treatment_0017,treatment,treatment_0017,2,3,10,candidate,1,,,,,2.0,0.009217757343058264,1.0000
histfill,sentinel1,treatment_0017,treatment,treatment_0017,2,3,10,candidate,1,,,,,3.0,0.015819512532621257,1.0000
histfill,sentinel1,treatment_0017,treatment,treatment_0017,2,3,10,candidate,1,,,,,4.0,0.023900626236902783,1.0000
histfill,sentinel1,treatment_0017,treatment,treatment_0017,2,3,10,candidate,1,,,,,5.0,0.03334462693579225,1.0000
histfill,sentinel1,treatment_0017,treatment,treatment_0017,2,3,10,candidate,1,,,,,6.0,0.044076555455674564,1.0000
histfill,sentinel1,treatment_0017,treatment,treatment_0017,2,3,10,candidate,2,,,0.0,,2.0,0.004249416119202094,1.0000 0.0000
histfill,sentinel1,treatment_0017,treatment,treatment_0017,2,3,10,candidate,2,,,0.0,,3.0,0.004249416119202094,1.0000 0.0000
histfill,sentinel1,treatment_0017,treatment,treatment_0017,2,3,10,candidate,2,,,0.0,,4.0,0.004249416119202094,1.0000 0.0000
histfill,sentinel1,treatment_0017,treatment,treatment_0017,2,3,10,candidate,2,,,0.0,,5.0,0.004249416119202094,1.0000 0.0000
histfill,sentinel1,treatment_0017,treatment,treatment_0017,2,3,10,candidate,2,,,0.0,,6.0,0.004249416119202094,1.0000 0.0000
histfill,sentinel1,treatment_0018,treatment,treatment_0018,2,3,10,path,1,1.0,0.004063527646311664,inf,True,,,
histfill,sentinel1,treatment_0018,treatment,treatment_0018,2,3,10,path,2,2.0,0.004063527646311664,0.0,False,,,
histfill,sentinel1,treatment_0018,treatment,treatment_0018,2,3,10,candidate,1,,,,,1.0,0.004063527646311664,1.0000
histfill,sentinel1,treatment_0018,treatment,treatment_0018,2,3,10,candidate,1,,,,,2.0,0.008947195177485089,1.0000
histfill,sentinel1,treatment_0018,treatment,treatment_0018,2,3,10,candidate,1,,,,,3.0,0.015573571787505147,1.0000
histfill,sentinel1,treatment_0018,treatment,treatment_0018,2,3,10,candidate,1,,,,,4.0,0.023838843231938894,1.0000
histfill,sentinel1,treatment_0018,treatment,treatment_0018,2,3,10,candidate,1,,,,,5.0,0.033652082206921285,1.0000
histfill,sentinel1,treatment_0018,treatment,treatment_0018,2,3,10,candidate,1,,,,,6.0,0.04493610703776909,1.0000
histfill,sentinel1,treatment_0018,treatment,treatment_0018,2,3,10,candidate,2,,,0.0,,2.0,0.004063527646311664,1.0000 0.0000
histfill,sentinel1,treatment_0018,treatment,treatment_0018,2,3,10,candidate,2,,,0.0,,3.0,0.004063527646311664,1.0000 0.0000
histfill,sentinel1,treatment_0018,treatment,treatment_0018,2,3,10,candidate,2,,,0.0,,4.0,0.004063527646311664,1.0000 0.0000
histfill,sentinel1,treatment_0018,treatment,treatment_0018,2,3,10,candidate,2,,,0.0,,5.0,0.004063527646311664,1.0000 0.0000
histfill,sentinel1,treatment_0018,treatment,treatment_0018,2,3,10,candidate,2,,,0.0,,6.0,0.004063527646311664,1.0000 0.0000
histfill,sentinel1,treatment_0019,treatment,treatment_0019,2,3,10,path,1,1.0,0.003952258167486962,inf,True,,,
histfill,sentinel1,treatment_0019,treatment,treatment_0019,2,3,10,path,2,2.0,0.003952258167486962,0.0,False,,,
histfill,sentinel1,treatment_0019,treatment,treatment_0019,2,3,10,candidate,1,,,,,1.0,0.003952258167486962,1.0000
histfill,sentinel1,treatment_0019,treatment,treatment_0019,2,3,10,candidate,1,,,,,2.0,0.008667827095305638,1.0000
histfill,sentinel1,treatment_0019,treatment,treatment_0019,2,3,10,candidate,1,,,,,3.0,0.015029185813154192,1.0000
histfill,sentinel1,treatment_0019,treatment,treatment_0019,2,3,10,candidate,1,,,,,4.0,0.022919474466539403,1.0000
histfill,sentinel1,treatment_0019,treatment,treatment_0019,2,3,10,candidate,1,,,,,5.0,0.03223730383491021,1.0000
histfill,sentinel1,treatment_0019,treatment,treatment_0019,2,3,10,candidate,1,,,,,6.0,0.042897530830159354,1.0000
histfill,sentinel1,treatment_0019,treatment,treatment_0019,2,3,10,candidate,2,,,0.0,,2.0,0.003952258167486962,1.0000 0.0000
histfill,sentinel1,treatment_0019,treatment,treatment_0019,2,3,10,candidate,2,,,0.0,,3.0,0.003952258167486962,1.0000 0.0000
histfill,sentinel1,treatment_0019,treatment,treatment_0019,2,3,10,candidate,2,,,0.0,,4.0,0.003952258167486962,1.0000 0.0000
histfill,sentinel1,treatment_0019,treatment,treatment_0019,2,3,10,candidate,2,,,0.0,,5.0,0.003952258167486962,1.0000 0.0000
histfill,sentinel1,treatment_0019,treatment,treatment_0019,2,3,10,candidate,2,,,0.0,,6.0,0.003952258167486962,1.0000 0.0000
histfill,sentinel1,treatment_0020,treatment,treatment_0020,2,3,10,path,1,1.0,0.0045778638593294944,inf,True,,,
histfill,sentinel1,treatment_0020,treatment,treatment_0020,2,3,10,path,2,2.0,0.0045778638593294944,0.0,False,,,
histfill,sentinel1,treatment_0020,treatment,treatment_0020,2,3,10,candidate,1,,,,,1.0,0.0045778638593294944,1.0000
histfill,sentinel1,treatment_0020,treatment,treatment_0020,2,3,10,candidate,1,,,,,2.0,0.00992567490455207,1.0000
histfill,sentinel1,treatment_0020,treatment,treatment_0020,2,3,10,candidate,1,,,,,3.0,0.01702345676791673,1.0000
histfill,sentinel1,treatment_0020,treatment,treatment_0020,2,3,10,candidate,1,,,,,4.0,0.02569670950379768,1.0000
histfill,sentinel1,treatment_0020,treatment,treatment_0020,2,3,10,candidate,1,,,,,5.0,0.03580795613563101,1.0000
histfill,sentinel1,treatment_0020,treatment,treatment_0020,2,3,10,candidate,1,,,,,6.0,0.04726086137667411,1.0000
histfill,sentinel1,treatment_0020,treatment,treatment_0020,2,3,10,candidate,2,,,0.0,,2.0,0.0045778638593294944,1.0000 0.0000
histfill,sentinel1,treatment_0020,treatment,treatment_0020,2,3,10,candidate,2,,,0.0,,3.0,0.0045778638593294944,1.0000 0.0000
histfill,sentinel1,treatment_0020,treatment,treatment_0020,2,3,10,candidate,2,,,0.0,,4.0,0.0045778638593294944,1.0000 0.0000
histfill,sentinel1,treatment_0020,treatment,treatment_0020,2,3,10,candidate,2,,,0.0,,5.0,0.0045778638593294944,1.0000 0.0000
histfill,sentinel1,treatment_0020,treatment,treatment_0020,2,3,10,candidate,2,,,0.0,,6.0,0.0045778638593294944,1.0000 0.0000
histfill,sentinel1,treatment_0021,treatment,treatment_0021,2,3,10,path,1,1.0,0.004217629259194483,inf,True,,,
histfill,sentinel1,treatment_0021,treatment,treatment_0021,2,3,10,path,2,2.0,0.004217629259194483,0.0,False,,,
histfill,sentinel1,treatment_0021,treatment,treatment_0021,2,3,10,candidate,1,,,,,1.0,0.004217629259194483,1.0000
histfill,sentinel1,treatment_0021,treatment,treatment_0021,2,3,10,candidate,1,,,,,2.0,0.009151850234089652,1.0000
histfill,sentinel1,treatment_0021,treatment,treatment_0021,2,3,10,candidate,1,,,,,3.0,0.015724000896351478,1.0000
histfill,sentinel1,treatment_0021,treatment,treatment_0021,2,3,10,candidate,1,,,,,4.0,0.02380245896911147,1.0000
histfill,sentinel1,treatment_0021,treatment,treatment_0021,2,3,10,candidate,1,,,,,5.0,0.033300508706679506,1.0000
histfill,sentinel1,treatment_0021,treatment,treatment_0021,2,3,10,candidate,1,,,,,6.0,0.04418010406739068,1.0000
histfill,sentinel1,treatment_0021,treatment,treatment_0021,2,3,10,candidate,2,,,0.0,,2.0,0.004217629259194483,1.0000 0.0000
histfill,sentinel1,treatment_0021,treatment,treatment_0021,2,3,10,candidate,2,,,0.0,,3.0,0.004217629259194483,1.0000 0.0000
histfill,sentinel1,treatment_0021,treatment,treatment_0021,2,3,10,candidate,2,,,0.0,,4.0,0.004217629259194483,1.0000 0.0000
histfill,sentinel1,treatment_0021,treatment,treatment_0021,2,3,10,candidate,2,,,0.0,,5.0,0.004217629259194483,1.0000 0.0000
histfill,sentinel1,treatment_0021,treatment,treatment_0021,2,3,10,candidate,2,,,0.0,,6.0,0.004217629259194483,1.0000 0.0000
histfill,sentinel1,treatment_0022,treatment,treatment_0022,2,3,10,path,1,1.0,0.004277920226717897,inf,True,,,
histfill,sentinel1,treatment_0022,treatment,treatment_0022,2,3,10,path,2,2.0,0.004277920226717897,0.0,False,,,
histfill,sentinel1,treatment_0022,treatment,treatment_0022,2,3,10,candidate,1,,,,,1.0,0.004277920226717897,1.0000
histfill,sentinel1,treatment_0022,treatment,treatment_0022,2,3,10,candidate,1,,,,,2.0,0.009230547858733356,1.0000
histfill,sentinel1,treatment_0022,treatment,treatment_0022,2,3,10,candidate,1,,,,,3.0,0.0157674913498327,1.0000
histfill,sentinel1,treatment_0022,treatment,treatment_0022,2,3,10,candidate,1,,,,,4.0,0.0237270045918638,1.0000
histfill,sentinel1,treatment_0022,treatment,treatment_0022,2,3,10,candidate,1,,,,,5.0,0.032995116081183544,1.0000
histfill,sentinel1,treatment_0022,treatment,treatment_0022,2,3,10,candidate,1,,,,,6.0,0.04350876807306328,1.0000
histfill,sentinel1,treatment_0022,treatment,treatment_0022,2,3,10,candidate,2,,,0.0,,2.0,0.004277920226717897,1.0000 0.0000
histfill,sentinel1,treatment_0022,treatment,treatment_0022,2,3,10,candidate,2,,,0.0,,3.0,0.004277920226717897,1.0000 0.0000
histfill,sentinel1,treatment_0022,treatment,treatment_0022,2,3,10,candidate,2,,,0.0,,4.0,0.004277920226717897,1.0000 0.0000
histfill,sentinel1,treatment_0022,treatment,treatment_0022,2,3,10,candidate,2,,,0.0,,5.0,0.004277920226717897,1.0000 0.0000
histfill,sentinel1,treatment_0022,treatment,treatment_0022,2,3,10,candidate,2,,,0.0,,6.0,0.004277920226717897,1.0000 0.0000
histfill,sentinel1,treatment_0023,treatment,treatment_0023,2,3,10,path,1,1.0,0.0036939220251052726,inf,True,,,
histfill,sentinel1,treatment_0023,treatment,treatment_0023,2,3,10,path,2,2.0,0.0036939220251052726,0.0,False,,,
histfill,sentinel1,treatment_0023,treatment,treatment_0023,2,3,10,candidate,1,,,,,1.0,0.0036939220251052726,1.0000
histfill,sentinel1,treatment_0023,treatment,treatment_0023,2,3,10,candidate,1,,,,,2.0,0.008289406679366944,1.0000
histfill,sentinel1,treatment_0023,treatment,treatment_0023,2,3,10,candidate,1,,,,,3.0,0.01469800978173104,1.0000
histfill,sentinel1,treatment_0023,treatment,treatment_0023,2,3,10,candidate,1,,,,,4.0,0.022905548123642042,1.0000
histfill,sentinel1,treatment_0023,treatment,treatment_0023,2,3,10,candidate,1,,,,,5.0,0.03289803393192879,1.0000
histfill,sentinel1,treatment_0023,treatment,treatment_0023,2,3,10,candidate,1,,,,,6.0,0.04466167802614602,1.0000
histfill,sentinel1,treatment_0023,treatment,treatment_0023,2,3,10,candidate,2,,,0.0,,2.0,0.0036939220251052726,1.0000 0.0000
histfill,sentinel1,treatment_0023,treatment,treatment_0023,2,3,10,candidate,2,,,0.0,,3.0,0.0036939220251052726,1.0000 0.0000
histfill,sentinel1,treatment_0023,treatment,treatment_0023,2,3,10,candidate,2,,,0.0,,4.0,0.0036939220251052726,1.0000 0.0000
histfill,sentinel1,treatment_0023,treatment,treatment_0023,2,3,10,candidate,2,,,0.0,,5.0,0.0036939220251052726,1.0000 0.0000
histfill,sentinel1,treatment_0023,treatment,treatment_0023,2,3,10,candidate,2,,,0.0,,6.0,0.0036939220251052726,1.0000 0.0000
histfill,sentinel1,treatment_0024,treatment,treatment_0024,2,3,10,path,1,1.0,0.004157124281069254,inf,True,,,
histfill,sentinel1,treatment_0024,treatment,treatment_0024,2,3,10,path,2,2.0,0.004157124281069254,0.0,False,,,
histfill,sentinel1,treatment_0024,treatment,treatment_0024,2,3,10,candidate,1,,,,,1.0,0.004157124281069254,1.0000
histfill,sentinel1,treatment_0024,treatment,treatment_0024,2,3,10,candidate,1,,,,,2.0,0.00923213129497731,1.0000
histfill,sentinel1,treatment_0024,treatment,treatment_0024,2,3,10,candidate,1,,,,,3.0,0.016204099928552318,1.0000
histfill,sentinel1,treatment_0024,treatment,treatment_0024,2,3,10,candidate,1,,,,,4.0,0.025004488687118694,1.0000
histfill,sentinel1,treatment_0024,treatment,treatment_0024,2,3,10,candidate,1,,,,,5.0,0.03557052412320193,1.0000
histfill,sentinel1,treatment_0024,treatment,treatment_0024,2,3,10,candidate,1,,,,,6.0,0.04784540336270413,1.0000
histfill,sentinel1,treatment_0024,treatment,treatment_0024,2,3,10,candidate,2,,,0.0,,2.0,0.004157124281069254,1.0000 0.0000
histfill,sentinel1,treatment_0024,treatment,treatment_0024,2,3,10,candidate,2,,,0.0,,3.0,0.004157124281069254,1.0000 0.0000
histfill,sentinel1,treatment_0024,treatment,treatment_0024,2,3,10,candidate,2,,,0.0,,4.0,0.004157124281069254,1.0000 0.0000
histfill,sentinel1,treatment_0024,treatment,treatment_0024,2,3,10,candidate,2,,,0.0,,5.0,0.004157124281069254,1.0000 0.0000
histfill,sentinel1,treatment_0024,treatment,treatment_0024,2,3,10,candidate,2,,,0.0,,6.0,0.004157124281069254,1.0000 0.0000
histfill,sentinel1,treatment_0025,treatment,treatment_0025,2,3,10,path,1,1.0,0.003685062662768398,inf,True,,,
histfill,sentinel1,treatment_0025,treatment,treatment_0025,2,3,10,path,2,2.0,0.003685062662768398,0.0,False,,,
histfill,sentinel1,treatment_0025,treatment,treatment_0025,2,3,10,candidate,1,,,,,1.0,0.003685062662768398,1.0000
histfill,sentinel1,treatment_0025,treatment,treatment_0025,2,3,10,candidate,1,,,,,2.0,0.008185788616657665,1.0000
histfill,sentinel1,treatment_0025,treatment,treatment_0025,2,3,10,candidate,1,,,,,3.0,0.014372380093560216,1.0000
histfill,sentinel1,treatment_0025,treatment,treatment_0025,2,3,10,candidate,1,,,,,4.0,0.022187377602225663,1.0000
histfill,sentinel1,treatment_0025,treatment,treatment_0025,2,3,10,candidate,1,,,,,5.0,0.03157925763218896,1.0000
histfill,sentinel1,treatment_0025,treatment,treatment_0025,2,3,10,candidate,1,,,,,6.0,0.0425025929983726,1.0000
histfill,sentinel1,treatment_0025,treatment,treatment_0025,2,3,10,candidate,2,,,0.0,,2.0,0.003685062662768398,1.0000 0.0000
histfill,sentinel1,treatment_0025,treatment,treatment_0025,2,3,10,candidate,2,,,0.0,,3.0,0.003685062662768398,1.0000 0.0000
histfill,sentinel1,treatment_0025,treatment,treatment_0025,2,3,10,candidate,2,,,0.0,,4.0,0.003685062662768398,1.0000 0.0000
histfill,sentinel1,treatment_0025,treatment,treatment_0025,2,3,10,candidate,2,,,0.0,,5.0,0.003685062662768398,1.0000 0.0000
histfill,sentinel1,treatment_0025,treatment,treatment_0025,2,3,10,candidate,2,,,0.0,,6.0,0.003685062662768398,1.0000 0.0000
histfill,sentinel1,treatment_0027,treatment,treatment_0027,2,3,10,path,1,1.0,0.003690652976094005,inf,True,,,
histfill,sentinel1,treatment_0027,treatment,treatment_0027,2,3,10,path,2,2.0,0.003690652976094005,0.0,False,,,
histfill,sentinel1,treatment_0027,treatment,treatment_0027,2,3,10,candidate,1,,,,,1.0,0.003690652976094005,1.0000
histfill,sentinel1,treatment_0027,treatment,treatment_0027,2,3,10,candidate,1,,,,,2.0,0.007728414154477523,1.0000
histfill,sentinel1,treatment_0027,treatment,treatment_0027,2,3,10,candidate,1,,,,,3.0,0.012814269384682808,1.0000
histfill,sentinel1,treatment_0027,treatment,treatment_0027,2,3,10,candidate,1,,,,,4.0,0.018730163703921384,1.0000
histfill,sentinel1,treatment_0027,treatment,treatment_0027,2,3,10,candidate,1,,,,,5.0,0.02533579596737567,1.0000
histfill,sentinel1,treatment_0027,treatment,treatment_0027,2,3,10,candidate,1,,,,,6.0,0.03257616432708544,1.0000
histfill,sentinel1,treatment_0027,treatment,treatment_0027,2,3,10,candidate,2,,,0.0,,2.0,0.003690652976094005,1.0000 0.0000
histfill,sentinel1,treatment_0027,treatment,treatment_0027,2,3,10,candidate,2,,,0.0,,3.0,0.003690652976094005,1.0000 0.0000
histfill,sentinel1,treatment_0027,treatment,treatment_0027,2,3,10,candidate,2,,,0.0,,4.0,0.003690652976094005,1.0000 0.0000
histfill,sentinel1,treatment_0027,treatment,treatment_0027,2,3,10,candidate,2,,,0.0,,5.0,0.003690652976094005,1.0000 0.0000
histfill,sentinel1,treatment_0027,treatment,treatment_0027,2,3,10,candidate,2,,,0.0,,6.0,0.003690652976094005,1.0000 0.0000
histfill,sentinel1,treatment_0015,treatment,treatment_0015,2,4,10,path,1,1.0,0.004115342894387952,inf,True,,,
histfill,sentinel1,treatment_0015,treatment,treatment_0015,2,4,10,path,2,2.0,0.004115342894387952,0.0,False,,,
histfill,sentinel1,treatment_0015,treatment,treatment_0015,2,4,10,candidate,1,,,,,1.0,0.004115342894387952,1.0000
histfill,sentinel1,treatment_0015,treatment,treatment_0015,2,4,10,candidate,1,,,,,2.0,0.00907486528904668,1.0000
histfill,sentinel1,treatment_0015,treatment,treatment_0015,2,4,10,candidate,1,,,,,3.0,0.01583020407619076,1.0000
histfill,sentinel1,treatment_0015,treatment,treatment_0015,2,4,10,candidate,1,,,,,4.0,0.024301709856807935,1.0000
histfill,sentinel1,treatment_0015,treatment,treatment_0015,2,4,10,candidate,1,,,,,5.0,0.034430153820707,1.0000
histfill,sentinel1,treatment_0015,treatment,treatment_0015,2,4,10,candidate,2,,,0.0,,2.0,0.004115342894387952,1.0000 0.0000
histfill,sentinel1,treatment_0015,treatment,treatment_0015,2,4,10,candidate,2,,,0.0,,3.0,0.004115342894387952,1.0000 0.0000
histfill,sentinel1,treatment_0015,treatment,treatment_0015,2,4,10,candidate,2,,,0.0,,4.0,0.004115342894387952,1.0000 0.0000
histfill,sentinel1,treatment_0015,treatment,treatment_0015,2,4,10,candidate,2,,,0.0,,5.0,0.004115342894387952,1.0000 0.0000
histfill,sentinel1,treatment_0016,treatment,treatment_0016,2,4,10,path,1,1.0,0.0051388526655851835,inf,True,,,
histfill,sentinel1,treatment_0016,treatment,treatment_0016,2,4,10,path,2,2.0,0.0051388526655851835,0.0,False,,,
histfill,sentinel1,treatment_0016,treatment,treatment_0016,2,4,10,candidate,1,,,,,1.0,0.0051388526655851835,1.0000
histfill,sentinel1,treatment_0016,treatment,treatment_0016,2,4,10,candidate,1,,,,,2.0,0.010938345813511736,1.0000
histfill,sentinel1,treatment_0016,treatment,treatment_0016,2,4,10,candidate,1,,,,,3.0,0.018453954967104263,1.0000
histfill,sentinel1,treatment_0016,treatment,treatment_0016,2,4,10,candidate,1,,,,,4.0,0.027476260896929963,1.0000
histfill,sentinel1,treatment_0016,treatment,treatment_0016,2,4,10,candidate,1,,,,,5.0,0.03790492362691725,1.0000
histfill,sentinel1,treatment_0016,treatment,treatment_0016,2,4,10,candidate,2,,,0.0,,2.0,0.0051388526655851835,1.0000 0.0000
histfill,sentinel1,treatment_0016,treatment,treatment_0016,2,4,10,candidate,2,,,0.0,,3.0,0.0051388526655851835,1.0000 0.0000
histfill,sentinel1,treatment_0016,treatment,treatment_0016,2,4,10,candidate,2,,,0.0,,4.0,0.0051388526655851835,1.0000 0.0000
histfill,sentinel1,treatment_0016,treatment,treatment_0016,2,4,10,candidate,2,,,0.0,,5.0,0.0051388526655851835,1.0000 0.0000
histfill,sentinel1,treatment_0017,treatment,treatment_0017,2,4,10,path,1,1.0,0.0041137869858812945,inf,True,,,
histfill,sentinel1,treatment_0017,treatment,treatment_0017,2,4,10,path,2,2.0,0.0041137869858812945,0.0,False,,,
histfill,sentinel1,treatment_0017,treatment,treatment_0017,2,4,10,candidate,1,,,,,1.0,0.0041137869858812945,1.0000
histfill,sentinel1,treatment_0017,treatment,treatment_0017,2,4,10,candidate,1,,,,,2.0,0.008939769323903658,1.0000
histfill,sentinel1,treatment_0017,treatment,treatment_0017,2,4,10,candidate,1,,,,,3.0,0.015374956321799107,1.0000
histfill,sentinel1,treatment_0017,treatment,treatment_0017,2,4,10,candidate,1,,,,,4.0,0.023286213802958068,1.0000
histfill,sentinel1,treatment_0017,treatment,treatment_0017,2,4,10,candidate,1,,,,,5.0,0.03257998831453118,1.0000
histfill,sentinel1,treatment_0017,treatment,treatment_0017,2,4,10,candidate,2,,,0.0,,2.0,0.0041137869858812945,1.0000 0.0000
histfill,sentinel1,treatment_0017,treatment,treatment_0017,2,4,10,candidate,2,,,0.0,,3.0,0.0041137869858812945,1.0000 0.0000
histfill,sentinel1,treatment_0017,treatment,treatment_0017,2,4,10,candidate,2,,,0.0,,4.0,0.0041137869858812945,1.0000 0.0000
histfill,sentinel1,treatment_0017,treatment,treatment_0017,2,4,10,candidate,2,,,0.0,,5.0,0.0041137869858812945,1.0000 0.0000
histfill,sentinel1,treatment_0018,treatment,treatment_0018,2,4,10,path,1,1.0,0.003982801655064917,inf,True,,,
histfill,sentinel1,treatment_0018,treatment,treatment_0018,2,4,10,path,2,2.0,0.003982801655064917,0.0,False,,,
histfill,sentinel1,treatment_0018,treatment,treatment_0018,2,4,10,candidate,1,,,,,1.0,0.003982801655064917,1.0000
histfill,sentinel1,treatment_0018,treatment,treatment_0018,2,4,10,candidate,1,,,,,2.0,0.008775423924082293,1.0000
histfill,sentinel1,treatment_0018,treatment,treatment_0018,2,4,10,candidate,1,,,,,3.0,0.015286072239853368,1.0000
histfill,sentinel1,treatment_0018,treatment,treatment_0018,2,4,10,candidate,1,,,,,4.0,0.02341817899171494,1.0000
histfill,sentinel1,treatment_0018,treatment,treatment_0018,2,4,10,candidate,1,,,,,5.0,0.033088496074204395,1.0000
histfill,sentinel1,treatment_0018,treatment,treatment_0018,2,4,10,candidate,2,,,0.0,,2.0,0.003982801655064917,1.0000 0.0000
histfill,sentinel1,treatment_0018,treatment,treatment_0018,2,4,10,candidate,2,,,0.0,,3.0,0.003982801655064917,1.0000 0.0000
histfill,sentinel1,treatment_0018,treatment,treatment_0018,2,4,10,candidate,2,,,0.0,,4.0,0.003982801655064917,1.0000 0.0000
histfill,sentinel1,treatment_0018,treatment,treatment_0018,2,4,10,candidate,2,,,0.0,,5.0,0.003982801655064917,1.0000 0.0000
histfill,sentinel1,treatment_0019,treatment,treatment_0019,2,4,10,path,1,1.0,0.0038593910683732274,inf,True,,,
histfill,sentinel1,treatment_0019,treatment,treatment_0019,2,4,10,path,2,2.0,0.0038593910683732274,0.0,False,,,
histfill,sentinel1,treatment_0019,treatment,treatment_0019,2,4,10,candidate,1,,,,,1.0,0.0038593910683732274,1.0000
histfill,sentinel1,treatment_0019,treatment,treatment_0019,2,4,10,candidate,1,,,,,2.0,0.008470628017616612,1.0000
histfill,sentinel1,treatment_0019,treatment,treatment_0019,2,4,10,candidate,1,,,,,3.0,0.014699750765570976,1.0000
histfill,sentinel1,treatment_0019,treatment,treatment_0019,2,4,10,candidate,1,,,,,4.0,0.02243827415507309,1.0000
histfill,sentinel1,treatment_0019,treatment,treatment_0019,2,4,10,candidate,1,,,,,5.0,0.031593584093674125,1.0000
histfill,sentinel1,treatment_0019,treatment,treatment_0019,2,4,10,candidate,2,,,0.0,,2.0,0.0038593910683732274,1.0000 0.0000
histfill,sentinel1,treatment_0019,treatment,treatment_0019,2,4,10,candidate,2,,,0.0,,3.0,0.0038593910683732274,1.0000 0.0000
histfill,sentinel1,treatment_0019,treatment,treatment_0019,2,4,10,candidate,2,,,0.0,,4.0,0.0038593910683732274,1.0000 0.0000
histfill,sentinel1,treatment_0019,treatment,treatment_0019,2,4,10,candidate,2,,,0.0,,5.0,0.0038593910683732274,1.0000 0.0000
histfill,sentinel1,treatment_0020,treatment,treatment_0020,2,4,10,path,1,1.0,0.004429088493333882,inf,True,,,
histfill,sentinel1,treatment_0020,treatment,treatment_0020,2,4,10,path,2,2.0,0.004429088493333882,0.0,False,,,
histfill,sentinel1,treatment_0020,treatment,treatment_0020,2,4,10,candidate,1,,,,,1.0,0.004429088493333882,1.0000
histfill,sentinel1,treatment_0020,treatment,treatment_0020,2,4,10,candidate,1,,,,,2.0,0.009618500932963975,1.0000
histfill,sentinel1,treatment_0020,treatment,treatment_0020,2,4,10,candidate,1,,,,,3.0,0.01652733562255935,1.0000
histfill,sentinel1,treatment_0020,treatment,treatment_0020,2,4,10,candidate,1,,,,,4.0,0.025001899759344262,1.0000
histfill,sentinel1,treatment_0020,treatment,treatment_0020,2,4,10,candidate,1,,,,,5.0,0.03492771050647727,1.0000
histfill,sentinel1,treatment_0020,treatment,treatment_0020,2,4,10,candidate,2,,,0.0,,2.0,0.004429088493333882,1.0000 0.0000
histfill,sentinel1,treatment_0020,treatment,treatment_0020,2,4,10,candidate,2,,,0.0,,3.0,0.004429088493333882,1.0000 0.0000
histfill,sentinel1,treatment_0020,treatment,treatment_0020,2,4,10,candidate,2,,,0.0,,4.0,0.004429088493333882,1.0000 0.0000
histfill,sentinel1,treatment_0020,treatment,treatment_0020,2,4,10,candidate,2,,,0.0,,5.0,0.004429088493333882,1.0000 0.0000
histfill,sentinel1,treatment_0021,treatment,treatment_0021,2,4,10,path,1,1.0,0.004086567634743083,inf,True,,,
histfill,sentinel1,treatment_0021,treatment,treatment_0021,2,4,10,path,2,2.0,0.004086567634743083,0.0,False,,,
histfill,sentinel1,treatment_0021,treatment,treatment_0021,2,4,10,candidate,1,,,,,1.0,0.004086567634743083,1.0000
histfill,sentinel1,treatment_0021,treatment,treatment_0021,2,4,10,candidate,1,,,,,2.0,0.008889594770815757,1.0000
histfill,sentinel1,treatment_0021,treatment,treatment_0021,2,4,10,candidate,1,,,,,3.0,0.015316648008649798,1.0000
histfill,sentinel1,treatment_0021,treatment,treatment_0021,2,4,10,candidate,1,,,,,4.0,0.02326006649527223,1.0000
histfill,sentinel1,treatment_0021,treatment,treatment_0021,2,4,10,candidate,1,,,,,5.0,0.03265908117273031,1.0000
histfill,sentinel1,treatment_0021,treatment,treatment_0021,2,4,10,candidate,2,,,0.0,,2.0,0.004086567634743083,1.0000 0.0000
histfill,sentinel1,treatment_0021,treatment,treatment_0021,2,4,10,candidate,2,,,0.0,,3.0,0.004086567634743083,1.0000 0.0000
histfill,sentinel1,treatment_0021,treatment,treatment_0021,2,4,10,candidate,2,,,0.0,,4.0,0.004086567634743083,1.0000 0.0000
histfill,sentinel1,treatment_0021,treatment,treatment_0021,2,4,10,candidate,2,,,0.0,,5.0,0.004086567634743083,1.0000 0.0000
histfill,sentinel1,treatment_0022,treatment,treatment_0022,2,4,10,path,1,1.0,0.004121658513856967,inf,True,,,
histfill,sentinel1,treatment_0022,treatment,treatment_0022,2,4,10,path,2,2.0,0.004121658513856967,0.0,False,,,
histfill,sentinel1,treatment_0022,treatment,treatment_0022,2,4,10,candidate,1,,,,,1.0,0.004121658513856967,1.0000
histfill,sentinel1,treatment_0022,treatment,treatment_0022,2,4,10,candidate,1,,,,,2.0,0.00891340020754349,1.0000
histfill,sentinel1,treatment_0022,treatment,treatment_0022,2,4,10,candidate,1,,,,,3.0,0.015265520114150404,1.0000
histfill,sentinel1,treatment_0022,treatment,treatment_0022,2,4,10,candidate,1,,,,,4.0,0.023040916426687826,1.0000
histfill,sentinel1,treatment_0022,treatment,treatment_0022,2,4,10,candidate,1,,,,,5.0,0.03215186782392686,1.0000
histfill,sentinel1,treatment_0022,treatment,treatment_0022,2,4,10,candidate,2,,,0.0,,2.0,0.004121658513856967,1.0000 0.0000
histfill,sentinel1,treatment_0022,treatment,treatment_0022,2,4,10,candidate,2,,,0.0,,3.0,0.004121658513856967,1.0000 0.0000
histfill,sentinel1,treatment_0022,treatment,treatment_0022,2,4,10,candidate,2,,,0.0,,4.0,0.004121658513856967,1.0000 0.0000
histfill,sentinel1,treatment_0022,treatment,treatment_0022,2,4,10,candidate,2,,,0.0,,5.0,0.004121658513856967,1.0000 0.0000
histfill,sentinel1,treatment_0023,treatment,treatment_0023,2,4,10,path,1,1.0,0.0036843162725208184,inf,True,,,
histfill,sentinel1,treatment_0023,treatment,treatment_0023,2,4,10,path,2,2.0,0.0036843162725208184,0.0,False,,,
histfill,sentinel1,treatment_0023,treatment,treatment_0023,2,4,10,candidate,1,,,,,1.0,0.0036843162725208184,1.0000
histfill,sentinel1,treatment_0023,treatment,treatment_0023,2,4,10,candidate,1,,,,,2.0,0.008267974200094348,1.0000
histfill,sentinel1,treatment_0023,treatment,treatment_0023,2,4,10,candidate,1,,,,,3.0,0.01466023019313658,1.0000
histfill,sentinel1,treatment_0023,treatment,treatment_0023,2,4,10,candidate,1,,,,,4.0,0.022847024421262668,1.0000
histfill,sentinel1,treatment_0023,treatment,treatment_0023,2,4,10,candidate,1,,,,,5.0,0.03281449395725348,1.0000
histfill,sentinel1,treatment_0023,treatment,treatment_0023,2,4,10,candidate,2,,,0.0,,2.0,0.0036843162725208184,1.0000 0.0000
histfill,sentinel1,treatment_0023,treatment,treatment_0023,2,4,10,candidate,2,,,0.0,,3.0,0.0036843162725208184,1.0000 0.0000
histfill,sentinel1,treatment_0023,treatment,treatment_0023,2,4,10,candidate,2,,,0.0,,4.0,0.0036843162725208184,1.0000 0.0000
histfill,sentinel1,treatment_0023,treatment,treatment_0023,2,4,10,candidate,2,,,0.0,,5.0,0.0036843162725208184,1.0000 0.0000
histfill,sentinel1,treatment_0024,treatment,treatment_0024,2,4,10,path,1,1.0,0.004106000844587687,inf,True,,,
histfill,sentinel1,treatment_0024,treatment,treatment_0024,2,4,10,path,2,2.0,0.004106000844587687,0.0,False,,,
histfill,sentinel1,treatment_0024,treatment,treatment_0024,2,4,10,candidate,1,,,,,1.0,0.004106000844587687,1.0000
histfill,sentinel1,treatment_0024,treatment,treatment_0024,2,4,10,candidate,1,,,,,2.0,0.009121643678811447,1.0000
histfill,sentinel1,treatment_0024,treatment,treatment_0024,2,4,10,candidate,1,,,,,3.0,0.01601583565740119,1.0000
histfill,sentinel1,treatment_0024,treatment,treatment_0024,2,4,10,candidate,1,,,,,4.0,0.024723227628976798,1.0000
histfill,sentinel1,treatment_0024,treatment,treatment_0024,2,4,10,candidate,1,,,,,5.0,0.03518433737286506,1.0000
histfill,sentinel1,treatment_0024,treatment,treatment_0024,2,4,10,candidate,2,,,0.0,,2.0,0.004106000844587687,1.0000 0.0000
histfill,sentinel1,treatment_0024,treatment,treatment_0024,2,4,10,candidate,2,,,0.0,,3.0,0.004106000844587687,1.0000 0.0000
histfill,sentinel1,treatment_0024,treatment,treatment_0024,2,4,10,candidate,2,,,0.0,,4.0,0.004106000844587687,1.0000 0.0000
histfill,sentinel1,treatment_0024,treatment,treatment_0024,2,4,10,candidate,2,,,0.0,,5.0,0.004106000844587687,1.0000 0.0000
histfill,sentinel1,treatment_0025,treatment,treatment_0025,2,4,10,path,1,1.0,0.003640852678709561,inf,True,,,
histfill,sentinel1,treatment_0025,treatment,treatment_0025,2,4,10,path,2,2.0,0.003640852678709561,0.0,False,,,
histfill,sentinel1,treatment_0025,treatment,treatment_0025,2,4,10,candidate,1,,,,,1.0,0.003640852678709561,1.0000
histfill,sentinel1,treatment_0025,treatment,treatment_0025,2,4,10,candidate,1,,,,,2.0,0.008090920040626576,1.0000
histfill,sentinel1,treatment_0025,treatment,treatment_0025,2,4,10,candidate,1,,,,,3.0,0.014211968924317921,1.0000
histfill,sentinel1,treatment_0025,treatment,treatment_0025,2,4,10,candidate,1,,,,,4.0,0.02194973025730149,1.0000
histfill,sentinel1,treatment_0025,treatment,treatment_0025,2,4,10,candidate,1,,,,,5.0,0.03125595261154406,1.0000
histfill,sentinel1,treatment_0025,treatment,treatment_0025,2,4,10,candidate,2,,,0.0,,2.0,0.003640852678709561,1.0000 0.0000
histfill,sentinel1,treatment_0025,treatment,treatment_0025,2,4,10,candidate,2,,,0.0,,3.0,0.003640852678709561,1.0000 0.0000
histfill,sentinel1,treatment_0025,treatment,treatment_0025,2,4,10,candidate,2,,,0.0,,4.0,0.003640852678709561,1.0000 0.0000
histfill,sentinel1,treatment_0025,treatment,treatment_0025,2,4,10,candidate,2,,,0.0,,5.0,0.003640852678709561,1.0000 0.0000
histfill,sentinel1,treatment_0027,treatment,treatment_0027,2,4,10,path,1,1.0,0.0034696462555461943,inf,True,,,
histfill,sentinel1,treatment_0027,treatment,treatment_0027,2,4,10,path,2,2.0,0.0034696462555461943,0.0,False,,,
histfill,sentinel1,treatment_0027,treatment,treatment_0027,2,4,10,candidate,1,,,,,1.0,0.0034696462555461943,1.0000
histfill,sentinel1,treatment_0027,treatment,treatment_0027,2,4,10,candidate,1,,,,,2.0,0.007288986585242465,1.0000
histfill,sentinel1,treatment_0027,treatment,treatment_0027,2,4,10,candidate,1,,,,,3.0,0.012136203249080792,1.0000
histfill,sentinel1,treatment_0027,treatment,treatment_0027,2,4,10,candidate,1,,,,,4.0,0.01783442594470245,1.0000
histfill,sentinel1,treatment_0027,treatment,treatment_0027,2,4,10,candidate,1,,,,,5.0,0.024288570414252576,1.0000
histfill,sentinel1,treatment_0027,treatment,treatment_0027,2,4,10,candidate,2,,,0.0,,2.0,0.0034696462555461943,1.0000 0.0000
histfill,sentinel1,treatment_0027,treatment,treatment_0027,2,4,10,candidate,2,,,0.0,,3.0,0.0034696462555461943,1.0000 0.0000
histfill,sentinel1,treatment_0027,treatment,treatment_0027,2,4,10,candidate,2,,,0.0,,4.0,0.0034696462555461943,1.0000 0.0000
histfill,sentinel1,treatment_0027,treatment,treatment_0027,2,4,10,candidate,2,,,0.0,,5.0,0.0034696462555461943,1.0000 0.0000
histfill,sentinel1,treatment_0015,treatment,treatment_0015,2,5,10,path,1,1.0,0.004043788535903547,inf,True,,,
histfill,sentinel1,treatment_0015,treatment,treatment_0015,2,5,10,path,2,2.0,0.004043788535903547,0.0,False,,,
histfill,sentinel1,treatment_0015,treatment,treatment_0015,2,5,10,candidate,1,,,,,1.0,0.004043788535903547,1.0000
histfill,sentinel1,treatment_0015,treatment,treatment_0015,2,5,10,candidate,1,,,,,2.0,0.008928862323175265,1.0000
histfill,sentinel1,treatment_0015,treatment,treatment_0015,2,5,10,candidate,1,,,,,3.0,0.015597690688348691,1.0000
histfill,sentinel1,treatment_0015,treatment,treatment_0015,2,5,10,candidate,1,,,,,4.0,0.02398143803593604,1.0000
histfill,sentinel1,treatment_0015,treatment,treatment_0015,2,5,10,candidate,2,,,0.0,,2.0,0.004043788535903547,1.0000 0.0000
histfill,sentinel1,treatment_0015,treatment,treatment_0015,2,5,10,candidate,2,,,0.0,,3.0,0.004043788535903547,1.0000 0.0000
histfill,sentinel1,treatment_0015,treatment,treatment_0015,2,5,10,candidate,2,,,0.0,,4.0,0.004043788535903547,1.0000 0.0000
histfill,sentinel1,treatment_0016,treatment,treatment_0016,2,5,10,path,1,1.0,0.0049227508267892135,inf,True,,,
histfill,sentinel1,treatment_0016,treatment,treatment_0016,2,5,10,path,2,2.0,0.0049227508267892135,0.0,False,,,
histfill,sentinel1,treatment_0016,treatment,treatment_0016,2,5,10,candidate,1,,,,,1.0,0.0049227508267892135,1.0000
histfill,sentinel1,treatment_0016,treatment,treatment_0016,2,5,10,candidate,1,,,,,2.0,0.010528492609178597,1.0000
histfill,sentinel1,treatment_0016,treatment,treatment_0016,2,5,10,candidate,1,,,,,3.0,0.017866324417122957,1.0000
histfill,sentinel1,treatment_0016,treatment,treatment_0016,2,5,10,candidate,1,,,,,4.0,0.026789778515759095,1.0000
histfill,sentinel1,treatment_0016,treatment,treatment_0016,2,5,10,candidate,2,,,0.0,,2.0,0.0049227508267892135,1.0000 0.0000
histfill,sentinel1,treatment_0016,treatment,treatment_0016,2,5,10,candidate,2,,,0.0,,3.0,0.0049227508267892135,1.0000 0.0000
histfill,sentinel1,treatment_0016,treatment,treatment_0016,2,5,10,candidate,2,,,0.0,,4.0,0.0049227508267892135,1.0000 0.0000
histfill,sentinel1,treatment_0017,treatment,treatment_0017,2,5,10,path,1,1.0,0.003994339858943881,inf,True,,,
histfill,sentinel1,treatment_0017,treatment,treatment_0017,2,5,10,path,2,2.0,0.003994339858943881,0.0,False,,,
histfill,sentinel1,treatment_0017,treatment,treatment_0017,2,5,10,candidate,1,,,,,1.0,0.003994339858943881,1.0000
histfill,sentinel1,treatment_0017,treatment,treatment_0017,2,5,10,candidate,1,,,,,2.0,0.00869912746799123,1.0000
histfill,sentinel1,treatment_0017,treatment,treatment_0017,2,5,10,candidate,1,,,,,3.0,0.014998859303157782,1.0000
histfill,sentinel1,treatment_0017,treatment,treatment_0017,2,5,10,candidate,1,,,,,4.0,0.022782630180732507,1.0000
histfill,sentinel1,treatment_0017,treatment,treatment_0017,2,5,10,candidate,2,,,0.0,,2.0,0.003994339858943881,1.0000 0.0000
histfill,sentinel1,treatment_0017,treatment,treatment_0017,2,5,10,candidate,2,,,0.0,,3.0,0.003994339858943881,1.0000 0.0000
histfill,sentinel1,treatment_0017,treatment,treatment_0017,2,5,10,candidate,2,,,0.0,,4.0,0.003994339858943881,1.0000 0.0000
histfill,sentinel1,treatment_0018,treatment,treatment_0018,2,5,10,path,1,1.0,0.003907947075404615,inf,True,,,
histfill,sentinel1,treatment_0018,treatment,treatment_0018,2,5,10,path,2,2.0,0.003907947075404615,0.0,False,,,
histfill,sentinel1,treatment_0018,treatment,treatment_0018,2,5,10,candidate,1,,,,,1.0,0.003907947075404615,1.0000
histfill,sentinel1,treatment_0018,treatment,treatment_0018,2,5,10,candidate,1,,,,,2.0,0.008617096918637403,1.0000
histfill,sentinel1,treatment_0018,treatment,treatment_0018,2,5,10,candidate,1,,,,,3.0,0.015022960912442875,1.0000
histfill,sentinel1,treatment_0018,treatment,treatment_0018,2,5,10,candidate,1,,,,,4.0,0.02303649664445652,1.0000
histfill,sentinel1,treatment_0018,treatment,treatment_0018,2,5,10,candidate,2,,,0.0,,2.0,0.003907947075404615,1.0000 0.0000
histfill,sentinel1,treatment_0018,treatment,treatment_0018,2,5,10,candidate,2,,,0.0,,3.0,0.003907947075404615,1.0000 0.0000
histfill,sentinel1,treatment_0018,treatment,treatment_0018,2,5,10,candidate,2,,,0.0,,4.0,0.003907947075404615,1.0000 0.0000
histfill,sentinel1,treatment_0019,treatment,treatment_0019,2,5,10,path,1,1.0,0.003773502211271356,inf,True,,,
histfill,sentinel1,treatment_0019,treatment,treatment_0019,2,5,10,path,2,2.0,0.003773502211271356,0.0,False,,,
histfill,sentinel1,treatment_0019,treatment,treatment_0019,2,5,10,candidate,1,,,,,1.0,0.003773502211271356,1.0000
histfill,sentinel1,treatment_0019,treatment,treatment_0019,2,5,10,candidate,1,,,,,2.0,0.008289307919449198,1.0000
histfill,sentinel1,treatment_0019,treatment,treatment_0019,2,5,10,candidate,1,,,,,3.0,0.014398946836184647,1.0000
histfill,sentinel1,treatment_0019,treatment,treatment_0019,2,5,10,candidate,1,,,,,4.0,0.022002572642748394,1.0000
histfill,sentinel1,treatment_0019,treatment,treatment_0019,2,5,10,candidate,2,,,0.0,,2.0,0.003773502211271356,1.0000 0.0000
histfill,sentinel1,treatment_0019,treatment,treatment_0019,2,5,10,candidate,2,,,0.0,,3.0,0.003773502211271356,1.0000 0.0000
histfill,sentinel1,treatment_0019,treatment,treatment_0019,2,5,10,candidate,2,,,0.0,,4.0,0.003773502211271356,1.0000 0.0000
histfill,sentinel1,treatment_0020,treatment,treatment_0020,2,5,10,path,1,1.0,0.004296648889597859,inf,True,,,
histfill,sentinel1,treatment_0020,treatment,treatment_0020,2,5,10,path,2,2.0,0.004296648889597859,0.0,False,,,
histfill,sentinel1,treatment_0020,treatment,treatment_0020,2,5,10,candidate,1,,,,,1.0,0.004296648889597859,1.0000
histfill,sentinel1,treatment_0020,treatment,treatment_0020,2,5,10,candidate,1,,,,,2.0,0.009348812387684166,1.0000
histfill,sentinel1,treatment_0020,treatment,treatment_0020,2,5,10,candidate,1,,,,,3.0,0.016099740342672666,1.0000
histfill,sentinel1,treatment_0020,treatment,treatment_0020,2,5,10,candidate,1,,,,,4.0,0.02441804168502339,1.0000
histfill,sentinel1,treatment_0020,treatment,treatment_0020,2,5,10,candidate,2,,,0.0,,2.0,0.004296648889597859,1.0000 0.0000
histfill,sentinel1,treatment_0020,treatment,treatment_0020,2,5,10,candidate,2,,,0.0,,3.0,0.004296648889597859,1.0000 0.0000
histfill,sentinel1,treatment_0020,treatment,treatment_0020,2,5,10,candidate,2,,,0.0,,4.0,0.004296648889597859,1.0000 0.0000
histfill,sentinel1,treatment_0021,treatment,treatment_0021,2,5,10,path,1,1.0,0.0039748382406797084,inf,True,,,
histfill,sentinel1,treatment_0021,treatment,treatment_0021,2,5,10,path,2,2.0,0.0039748382406797084,0.0,False,,,
histfill,sentinel1,treatment_0021,treatment,treatment_0021,2,5,10,candidate,1,,,,,1.0,0.0039748382406797084,1.0000
histfill,sentinel1,treatment_0021,treatment,treatment_0021,2,5,10,candidate,1,,,,,2.0,0.00867149905886726,1.0000
histfill,sentinel1,treatment_0021,treatment,treatment_0021,2,5,10,candidate,1,,,,,3.0,0.01498951382404567,1.0000
histfill,sentinel1,treatment_0021,treatment,treatment_0021,2,5,10,candidate,1,,,,,4.0,0.02284654047212253,1.0000
histfill,sentinel1,treatment_0021,treatment,treatment_0021,2,5,10,candidate,2,,,0.0,,2.0,0.0039748382406797084,1.0000 0.0000
histfill,sentinel1,treatment_0021,treatment,treatment_0021,2,5,10,candidate,2,,,0.0,,3.0,0.0039748382406797084,1.0000 0.0000
histfill,sentinel1,treatment_0021,treatment,treatment_0021,2,5,10,candidate,2,,,0.0,,4.0,0.0039748382406797084,1.0000 0.0000
histfill,sentinel1,treatment_0022,treatment,treatment_0022,2,5,10,path,1,1.0,0.0039857446132414865,inf,True,,,
histfill,sentinel1,treatment_0022,treatment,treatment_0022,2,5,10,path,2,2.0,0.0039857446132414865,0.0,False,,,
histfill,sentinel1,treatment_0022,treatment,treatment_0022,2,5,10,candidate,1,,,,,1.0,0.0039857446132414865,1.0000
histfill,sentinel1,treatment_0022,treatment,treatment_0022,2,5,10,candidate,1,,,,,2.0,0.008642499254060706,1.0000
histfill,sentinel1,treatment_0022,treatment,treatment_0022,2,5,10,candidate,1,,,,,3.0,0.014847050416248739,1.0000
histfill,sentinel1,treatment_0022,treatment,treatment_0022,2,5,10,candidate,1,,,,,4.0,0.022488033595842,1.0000
histfill,sentinel1,treatment_0022,treatment,treatment_0022,2,5,10,candidate,2,,,0.0,,2.0,0.0039857446132414865,1.0000 0.0000
histfill,sentinel1,treatment_0022,treatment,treatment_0022,2,5,10,candidate,2,,,0.0,,3.0,0.0039857446132414865,1.0000 0.0000
histfill,sentinel1,treatment_0022,treatment,treatment_0022,2,5,10,candidate,2,,,0.0,,4.0,0.0039857446132414865,1.0000 0.0000
histfill,sentinel1,treatment_0023,treatment,treatment_0023,2,5,10,path,1,1.0,0.0036748176304569466,inf,True,,,
histfill,sentinel1,treatment_0023,treatment,treatment_0023,2,5,10,path,2,2.0,0.0036748176304569466,0.0,False,,,
histfill,sentinel1,treatment_0023,treatment,treatment_0023,2,5,10,candidate,1,,,,,1.0,0.0036748176304569466,1.0000
histfill,sentinel1,treatment_0023,treatment,treatment_0023,2,5,10,candidate,1,,,,,2.0,0.008246783849270958,1.0000
histfill,sentinel1,treatment_0023,treatment,treatment_0023,2,5,10,candidate,1,,,,,3.0,0.01462288312004156,1.0000
histfill,sentinel1,treatment_0023,treatment,treatment_0023,2,5,10,candidate,1,,,,,4.0,0.022789179839005823,1.0000
histfill,sentinel1,treatment_0023,treatment,treatment_0023,2,5,10,candidate,2,,,0.0,,2.0,0.0036748176304569466,1.0000 0.0000
histfill,sentinel1,treatment_0023,treatment,treatment_0023,2,5,10,candidate,2,,,0.0,,3.0,0.0036748176304569466,1.0000 0.0000
histfill,sentinel1,treatment_0023,treatment,treatment_0023,2,5,10,candidate,2,,,0.0,,4.0,0.0036748176304569466,1.0000 0.0000
histfill,sentinel1,treatment_0024,treatment,treatment_0024,2,5,10,path,1,1.0,0.004057573899161451,inf,True,,,
histfill,sentinel1,treatment_0024,treatment,treatment_0024,2,5,10,path,2,2.0,0.004057573899161451,0.0,False,,,
histfill,sentinel1,treatment_0024,treatment,treatment_0024,2,5,10,candidate,1,,,,,1.0,0.004057573899161451,1.0000
histfill,sentinel1,treatment_0024,treatment,treatment_0024,2,5,10,candidate,1,,,,,2.0,0.009017280836782052,1.0000
histfill,sentinel1,treatment_0024,treatment,treatment_0024,2,5,10,candidate,1,,,,,3.0,0.015838576121381513,1.0000
histfill,sentinel1,treatment_0024,treatment,treatment_0024,2,5,10,candidate,1,,,,,4.0,0.024459364668598653,1.0000
histfill,sentinel1,treatment_0024,treatment,treatment_0024,2,5,10,candidate,2,,,0.0,,2.0,0.004057573899161451,1.0000 0.0000
histfill,sentinel1,treatment_0024,treatment,treatment_0024,2,5,10,candidate,2,,,0.0,,3.0,0.004057573899161451,1.0000 0.0000
histfill,sentinel1,treatment_0024,treatment,treatment_0024,2,5,10,candidate,2,,,0.0,,4.0,0.004057573899161451,1.0000 0.0000
histfill,sentinel1,treatment_0025,treatment,treatment_0025,2,5,10,path,1,1.0,0.003599375321006351,inf,True,,,
histfill,sentinel1,treatment_0025,treatment,treatment_0025,2,5,10,path,2,2.0,0.003599375321006351,0.0,False,,,
histfill,sentinel1,treatment_0025,treatment,treatment_0025,2,5,10,candidate,1,,,,,1.0,0.003599375321006351,1.0000
histfill,sentinel1,treatment_0025,treatment,treatment_0025,2,5,10,candidate,1,,,,,2.0,0.008002241146314112,1.0000
histfill,sentinel1,treatment_0025,treatment,treatment_0025,2,5,10,candidate,1,,,,,3.0,0.014062649878857001,1.0000
histfill,sentinel1,treatment_0025,treatment,treatment_0025,2,5,10,candidate,1,,,,,4.0,0.021729575633800378,1.0000
histfill,sentinel1,treatment_0025,treatment,treatment_0025,2,5,10,candidate,2,,,0.0,,2.0,0.003599375321006351,1.0000 0.0000
histfill,sentinel1,treatment_0025,treatment,treatment_0025,2,5,10,candidate,2,,,0.0,,3.0,0.003599375321006351,1.0000 0.0000
histfill,sentinel1,treatment_0025,treatment,treatment_0025,2,5,10,candidate,2,,,0.0,,4.0,0.003599375321006351,1.0000 0.0000
histfill,sentinel1,treatment_0027,treatment,treatment_0027,2,5,10,path,1,1.0,0.0032825818749066906,inf,True,,,
histfill,sentinel1,treatment_0027,treatment,treatment_0027,2,5,10,path,2,2.0,0.0032825818749066906,0.0,False,,,
histfill,sentinel1,treatment_0027,treatment,treatment_0027,2,5,10,candidate,1,,,,,1.0,0.0032825818749066906,1.0000
histfill,sentinel1,treatment_0027,treatment,treatment_0027,2,5,10,candidate,1,,,,,2.0,0.006926423834292882,1.0000
histfill,sentinel1,treatment_0027,treatment,treatment_0027,2,5,10,candidate,1,,,,,3.0,0.011597185924870208,1.0000
histfill,sentinel1,treatment_0027,treatment,treatment_0027,2,5,10,candidate,1,,,,,4.0,0.017162133675056118,1.0000
histfill,sentinel1,treatment_0027,treatment,treatment_0027,2,5,10,candidate,2,,,0.0,,2.0,0.0032825818749066906,1.0000 0.0000
histfill,sentinel1,treatment_0027,treatment,treatment_0027,2,5,10,candidate,2,,,0.0,,3.0,0.0032825818749066906,1.0000 0.0000
histfill,sentinel1,treatment_0027,treatment,treatment_0027,2,5,10,candidate,2,,,0.0,,4.0,0.0032825818749066906,1.0000 0.0000
histfill,sentinel1,treatment_0015,treatment,treatment_0015,2,6,10,path,1,1.0,0.0039811748167485035,inf,True,,,
histfill,sentinel1,treatment_0015,treatment,treatment_0015,2,6,10,path,2,2.0,0.0039811748167485035,0.0,False,,,
histfill,sentinel1,treatment_0015,treatment,treatment_0015,2,6,10,candidate,1,,,,,1.0,0.0039811748167485035,1.0000
histfill,sentinel1,treatment_0015,treatment,treatment_0015,2,6,10,candidate,1,,,,,2.0,0.008803269621049627,1.0000
histfill,sentinel1,treatment_0015,treatment,treatment_0015,2,6,10,candidate,1,,,,,3.0,0.015402096323987154,1.0000
histfill,sentinel1,treatment_0015,treatment,treatment_0015,2,6,10,candidate,2,,,0.0,,2.0,0.0039811748167485035,1.0000 0.0000
histfill,sentinel1,treatment_0015,treatment,treatment_0015,2,6,10,candidate,2,,,0.0,,3.0,0.0039811748167485035,1.0000 0.0000
histfill,sentinel1,treatment_0016,treatment,treatment_0016,2,6,10,path,1,1.0,0.004752158028821863,inf,True,,,
histfill,sentinel1,treatment_0016,treatment,treatment_0016,2,6,10,path,2,2.0,0.004752158028821863,0.0,False,,,
histfill,sentinel1,treatment_0016,treatment,treatment_0016,2,6,10,candidate,1,,,,,1.0,0.004752158028821863,1.0000
histfill,sentinel1,treatment_0016,treatment,treatment_0016,2,6,10,candidate,1,,,,,2.0,0.010225130459163215,1.0000
histfill,sentinel1,treatment_0016,treatment,treatment_0016,2,6,10,candidate,1,,,,,3.0,0.017477639334951403,1.0000
histfill,sentinel1,treatment_0016,treatment,treatment_0016,2,6,10,candidate,2,,,0.0,,2.0,0.004752158028821863,1.0000 0.0000
histfill,sentinel1,treatment_0016,treatment,treatment_0016,2,6,10,candidate,2,,,0.0,,3.0,0.004752158028821863,1.0000 0.0000
histfill,sentinel1,treatment_0017,treatment,treatment_0017,2,6,10,path,1,1.0,0.0038917588157550984,inf,True,,,
histfill,sentinel1,treatment_0017,treatment,treatment_0017,2,6,10,path,2,2.0,0.0038917588157550984,0.0,False,,,
histfill,sentinel1,treatment_0017,treatment,treatment_0017,2,6,10,candidate,1,,,,,1.0,0.0038917588157550984,1.0000
histfill,sentinel1,treatment_0017,treatment,treatment_0017,2,6,10,candidate,1,,,,,2.0,0.008497675906362119,1.0000
histfill,sentinel1,treatment_0017,treatment,treatment_0017,2,6,10,candidate,1,,,,,3.0,0.01469504619610287,1.0000
histfill,sentinel1,treatment_0017,treatment,treatment_0017,2,6,10,candidate,2,,,0.0,,2.0,0.0038917588157550984,1.0000 0.0000
histfill,sentinel1,treatment_0017,treatment,treatment_0017,2,6,10,candidate,2,,,0.0,,3.0,0.0038917588157550984,1.0000 0.0000
histfill,sentinel1,treatment_0018,treatment,treatment_0018,2,6,10,path,1,1.0,0.0038391304757607074,inf,True,,,
histfill,sentinel1,treatment_0018,treatment,treatment_0018,2,6,10,path,2,2.0,0.0038391304757607074,0.0,False,,,
histfill,sentinel1,treatment_0018,treatment,treatment_0018,2,6,10,candidate,1,,,,,1.0,0.0038391304757607074,1.0000
histfill,sentinel1,treatment_0018,treatment,treatment_0018,2,6,10,candidate,1,,,,,2.0,0.008472644043373173,1.0000
histfill,sentinel1,treatment_0018,treatment,treatment_0018,2,6,10,candidate,1,,,,,3.0,0.014785100781869386,1.0000
histfill,sentinel1,treatment_0018,treatment,treatment_0018,2,6,10,candidate,2,,,0.0,,2.0,0.0038391304757607074,1.0000 0.0000
histfill,sentinel1,treatment_0018,treatment,treatment_0018,2,6,10,candidate,2,,,0.0,,3.0,0.0038391304757607074,1.0000 0.0000
histfill,sentinel1,treatment_0019,treatment,treatment_0019,2,6,10,path,1,1.0,0.0036947224021111006,inf,True,,,
histfill,sentinel1,treatment_0019,treatment,treatment_0019,2,6,10,path,2,2.0,0.0036947224021111006,0.0,False,,,
histfill,sentinel1,treatment_0019,treatment,treatment_0019,2,6,10,candidate,1,,,,,1.0,0.0036947224021111006,1.0000
histfill,sentinel1,treatment_0019,treatment,treatment_0019,2,6,10,candidate,1,,,,,2.0,0.00812422596683139,1.0000
histfill,sentinel1,treatment_0019,treatment,treatment_0019,2,6,10,candidate,1,,,,,3.0,0.014127528648181103,1.0000
histfill,sentinel1,treatment_0019,treatment,treatment_0019,2,6,10,candidate,2,,,0.0,,2.0,0.0036947224021111006,1.0000 0.0000
histfill,sentinel1,treatment_0019,treatment,treatment_0019,2,6,10,candidate,2,,,0.0,,3.0,0.0036947224021111006,1.0000 0.0000
histfill,sentinel1,treatment_0020,treatment,treatment_0020,2,6,10,path,1,1.0,0.004181116816952221,inf,True,,,
histfill,sentinel1,treatment_0020,treatment,treatment_0020,2,6,10,path,2,2.0,0.004181116816952221,0.0,False,,,
histfill,sentinel1,treatment_0020,treatment,treatment_0020,2,6,10,candidate,1,,,,,1.0,0.004181116816952221,1.0000
histfill,sentinel1,treatment_0020,treatment,treatment_0020,2,6,10,candidate,1,,,,,2.0,0.00911834311245457,1.0000
histfill,sentinel1,treatment_0020,treatment,treatment_0020,2,6,10,candidate,1,,,,,3.0,0.01574456047601423,1.0000
histfill,sentinel1,treatment_0020,treatment,treatment_0020,2,6,10,candidate,2,,,0.0,,2.0,0.004181116816952221,1.0000 0.0000
histfill,sentinel1,treatment_0020,treatment,treatment_0020,2,6,10,candidate,2,,,0.0,,3.0,0.004181116816952221,1.0000 0.0000
histfill,sentinel1,treatment_0021,treatment,treatment_0021,2,6,10,path,1,1.0,0.003882960806173232,inf,True,,,
histfill,sentinel1,treatment_0021,treatment,treatment_0021,2,6,10,path,2,2.0,0.003882960806173232,0.0,False,,,
histfill,sentinel1,treatment_0021,treatment,treatment_0021,2,6,10,candidate,1,,,,,1.0,0.003882960806173232,1.0000
histfill,sentinel1,treatment_0021,treatment,treatment_0021,2,6,10,candidate,1,,,,,2.0,0.008499140532601267,1.0000
histfill,sentinel1,treatment_0021,treatment,treatment_0021,2,6,10,candidate,1,,,,,3.0,0.014746137313733582,1.0000
histfill,sentinel1,treatment_0021,treatment,treatment_0021,2,6,10,candidate,2,,,0.0,,2.0,0.003882960806173232,1.0000 0.0000
histfill,sentinel1,treatment_0021,treatment,treatment_0021,2,6,10,candidate,2,,,0.0,,3.0,0.003882960806173232,1.0000 0.0000
histfill,sentinel1,treatment_0022,treatment,treatment_0022,2,6,10,path,1,1.0,0.0038705572449106323,inf,True,,,
histfill,sentinel1,treatment_0022,treatment,treatment_0022,2,6,10,path,2,2.0,0.0038705572449106323,0.0,False,,,
histfill,sentinel1,treatment_0022,treatment,treatment_0022,2,6,10,candidate,1,,,,,1.0,0.0038705572449106323,1.0000
histfill,sentinel1,treatment_0022,treatment,treatment_0022,2,6,10,candidate,1,,,,,2.0,0.008419048182886779,1.0000
histfill,sentinel1,treatment_0022,treatment,treatment_0022,2,6,10,candidate,1,,,,,3.0,0.014514849914239276,1.0000
histfill,sentinel1,treatment_0022,treatment,treatment_0022,2,6,10,candidate,2,,,0.0,,2.0,0.0038705572449106323,1.0000 0.0000
histfill,sentinel1,treatment_0022,treatment,treatment_0022,2,6,10,candidate,2,,,0.0,,3.0,0.0038705572449106323,1.0000 0.0000
histfill,sentinel1,treatment_0023,treatment,treatment_0023,2,6,10,path,1,1.0,0.0036654268603976657,inf,True,,,
histfill,sentinel1,treatment_0023,treatment,treatment_0023,2,6,10,path,2,2.0,0.0036654268603976657,0.0,False,,,
histfill,sentinel1,treatment_0023,treatment,treatment_0023,2,6,10,candidate,1,,,,,1.0,0.0036654268603976657,1.0000
histfill,sentinel1,treatment_0023,treatment,treatment_0023,2,6,10,candidate,1,,,,,2.0,0.008225837383244573,1.0000
histfill,sentinel1,treatment_0023,treatment,treatment_0023,2,6,10,candidate,1,,,,,3.0,0.014585971761311996,1.0000
histfill,sentinel1,treatment_0023,treatment,treatment_0023,2,6,10,candidate,2,,,0.0,,2.0,0.0036654268603976657,1.0000 0.0000
histfill,sentinel1,treatment_0023,treatment,treatment_0023,2,6,10,candidate,2,,,0.0,,3.0,0.0036654268603976657,1.0000 0.0000
histfill,sentinel1,treatment_0024,treatment,treatment_0024,2,6,10,path,1,1.0,0.0040118839725966525,inf,True,,,
histfill,sentinel1,treatment_0024,treatment,treatment_0024,2,6,10,path,2,2.0,0.0040118839725966525,0.0,False,,,
histfill,sentinel1,treatment_0024,treatment,treatment_0024,2,6,10,candidate,1,,,,,1.0,0.0040118839725966525,1.0000
histfill,sentinel1,treatment_0024,treatment,treatment_0024,2,6,10,candidate,1,,,,,2.0,0.008919144457280953,1.0000
histfill,sentinel1,treatment_0024,treatment,treatment_0024,2,6,10,candidate,1,,,,,3.0,0.015672520841178636,1.0000
histfill,sentinel1,treatment_0024,treatment,treatment_0024,2,6,10,candidate,2,,,0.0,,2.0,0.0040118839725966525,1.0000 0.0000
histfill,sentinel1,treatment_0024,treatment,treatment_0024,2,6,10,candidate,2,,,0.0,,3.0,0.0040118839725966525,1.0000 0.0000
histfill,sentinel1,treatment_0025,treatment,treatment_0025,2,6,10,path,1,1.0,0.003560660195886175,inf,True,,,
histfill,sentinel1,treatment_0025,treatment,treatment_0025,2,6,10,path,2,2.0,0.003560660195886175,0.0,False,,,
histfill,sentinel1,treatment_0025,treatment,treatment_0025,2,6,10,candidate,1,,,,,1.0,0.003560660195886175,1.0000
histfill,sentinel1,treatment_0025,treatment,treatment_0025,2,6,10,candidate,1,,,,,2.0,0.007919829826427789,1.0000
histfill,sentinel1,treatment_0025,treatment,treatment_0025,2,6,10,candidate,1,,,,,3.0,0.013924581594274392,1.0000
histfill,sentinel1,treatment_0025,treatment,treatment_0025,2,6,10,candidate,2,,,0.0,,2.0,0.003560660195886175,1.0000 0.0000
histfill,sentinel1,treatment_0025,treatment,treatment_0025,2,6,10,candidate,2,,,0.0,,3.0,0.003560660195886175,1.0000 0.0000
histfill,sentinel1,treatment_0027,treatment,treatment_0027,2,6,10,path,1,1.0,0.003130031706377632,inf,True,,,
histfill,sentinel1,treatment_0027,treatment,treatment_0027,2,6,10,path,2,2.0,0.003130031706377632,0.0,False,,,
histfill,sentinel1,treatment_0027,treatment,treatment_0027,2,6,10,candidate,1,,,,,1.0,0.003130031706377632,1.0000
histfill,sentinel1,treatment_0027,treatment,treatment_0027,2,6,10,candidate,1,,,,,2.0,0.006643180443971188,1.0000
histfill,sentinel1,treatment_0027,treatment,treatment_0027,2,6,10,candidate,1,,,,,3.0,0.011203693973470435,1.0000
histfill,sentinel1,treatment_0027,treatment,treatment_0027,2,6,10,candidate,2,,,0.0,,2.0,0.003130031706377632,1.0000 0.0000
histfill,sentinel1,treatment_0027,treatment,treatment_0027,2,6,10,candidate,2,,,0.0,,3.0,0.003130031706377632,1.0000 0.0000
histfill,sentinel1,treatment_0015,treatment,treatment_0015,2,7,10,path,1,1.0,0.003927716609105794,inf,True,,,
histfill,sentinel1,treatment_0015,treatment,treatment_0015,2,7,10,path,2,2.0,0.003927716609105794,0.0,False,,,
histfill,sentinel1,treatment_0015,treatment,treatment_0015,2,7,10,candidate,1,,,,,1.0,0.003927716609105794,1.0000
histfill,sentinel1,treatment_0015,treatment,treatment_0015,2,7,10,candidate,1,,,,,2.0,0.00869865516570769,1.0000
histfill,sentinel1,treatment_0015,treatment,treatment_0015,2,7,10,candidate,2,,,0.0,,2.0,0.003927716609105794,1.0000 0.0000
histfill,sentinel1,treatment_0016,treatment,treatment_0016,2,7,10,path,1,1.0,0.00463027859767722,inf,True,,,
histfill,sentinel1,treatment_0016,treatment,treatment_0016,2,7,10,path,2,2.0,0.00463027859767722,0.0,False,,,
histfill,sentinel1,treatment_0016,treatment,treatment_0016,2,7,10,candidate,1,,,,,1.0,0.00463027859767722,1.0000
histfill,sentinel1,treatment_0016,treatment,treatment_0016,2,7,10,candidate,1,,,,,2.0,0.010037280795367396,1.0000
histfill,sentinel1,treatment_0016,treatment,treatment_0016,2,7,10,candidate,2,,,0.0,,2.0,0.00463027859767722,1.0000 0.0000
histfill,sentinel1,treatment_0017,treatment,treatment_0017,2,7,10,path,1,1.0,0.003806944117806064,inf,True,,,
histfill,sentinel1,treatment_0017,treatment,treatment_0017,2,7,10,path,2,2.0,0.003806944117806064,0.0,False,,,
histfill,sentinel1,treatment_0017,treatment,treatment_0017,2,7,10,candidate,1,,,,,1.0,0.003806944117806064,1.0000
histfill,sentinel1,treatment_0017,treatment,treatment_0017,2,7,10,candidate,1,,,,,2.0,0.008337748521154646,1.0000
histfill,sentinel1,treatment_0017,treatment,treatment_0017,2,7,10,candidate,2,,,0.0,,2.0,0.003806944117806064,1.0000 0.0000
histfill,sentinel1,treatment_0018,treatment,treatment_0018,2,7,10,path,1,1.0,0.0037765575574957616,inf,True,,,
histfill,sentinel1,treatment_0018,treatment,treatment_0018,2,7,10,path,2,2.0,0.0037765575574957616,0.0,False,,,
histfill,sentinel1,treatment_0018,treatment,treatment_0018,2,7,10,candidate,1,,,,,1.0,0.0037765575574957616,1.0000
histfill,sentinel1,treatment_0018,treatment,treatment_0018,2,7,10,candidate,1,,,,,2.0,0.00834258381585321,1.0000
histfill,sentinel1,treatment_0018,treatment,treatment_0018,2,7,10,candidate,2,,,0.0,,2.0,0.0037765575574957616,1.0000 0.0000
histfill,sentinel1,treatment_0019,treatment,treatment_0019,2,7,10,path,1,1.0,0.003623228500620218,inf,True,,,
histfill,sentinel1,treatment_0019,treatment,treatment_0019,2,7,10,path,2,2.0,0.003623228500620218,0.0,False,,,
histfill,sentinel1,treatment_0019,treatment,treatment_0019,2,7,10,candidate,1,,,,,1.0,0.003623228500620218,1.0000
histfill,sentinel1,treatment_0019,treatment,treatment_0019,2,7,10,candidate,1,,,,,2.0,0.007975845553743395,1.0000
histfill,sentinel1,treatment_0019,treatment,treatment_0019,2,7,10,candidate,2,,,0.0,,2.0,0.003623228500620218,1.0000 0.0000
histfill,sentinel1,treatment_0020,treatment,treatment_0020,2,7,10,path,1,1.0,0.004083382222775349,inf,True,,,
histfill,sentinel1,treatment_0020,treatment,treatment_0020,2,7,10,path,2,2.0,0.004083382222775349,0.0,False,,,
histfill,sentinel1,treatment_0020,treatment,treatment_0020,2,7,10,candidate,1,,,,,1.0,0.004083382222775349,1.0000
histfill,sentinel1,treatment_0020,treatment,treatment_0020,2,7,10,candidate,1,,,,,2.0,0.00892955234964885,1.0000
histfill,sentinel1,treatment_0020,treatment,treatment_0020,2,7,10,candidate,2,,,0.0,,2.0,0.004083382222775349,1.0000 0.0000
histfill,sentinel1,treatment_0021,treatment,treatment_0021,2,7,10,path,1,1.0,0.0038117453696987305,inf,True,,,
histfill,sentinel1,treatment_0021,treatment,treatment_0021,2,7,10,path,2,2.0,0.0038117453696987305,0.0,False,,,
histfill,sentinel1,treatment_0021,treatment,treatment_0021,2,7,10,candidate,1,,,,,1.0,0.0038117453696987305,1.0000
histfill,sentinel1,treatment_0021,treatment,treatment_0021,2,7,10,candidate,1,,,,,2.0,0.008374757539988698,1.0000
histfill,sentinel1,treatment_0021,treatment,treatment_0021,2,7,10,candidate,2,,,0.0,,2.0,0.0038117453696987305,1.0000 0.0000
histfill,sentinel1,treatment_0022,treatment,treatment_0022,2,7,10,path,1,1.0,0.0037767242395302485,inf,True,,,
histfill,sentinel1,treatment_0022,treatment,treatment_0022,2,7,10,path,2,2.0,0.0037767242395302485,0.0,False,,,
histfill,sentinel1,treatment_0022,treatment,treatment_0022,2,7,10,candidate,1,,,,,1.0,0.0037767242395302485,1.0000
histfill,sentinel1,treatment_0022,treatment,treatment_0022,2,7,10,candidate,1,,,,,2.0,0.008244814493591004,1.0000
histfill,sentinel1,treatment_0022,treatment,treatment_0022,2,7,10,candidate,2,,,0.0,,2.0,0.0037767242395302485,1.0000 0.0000
histfill,sentinel1,treatment_0023,treatment,treatment_0023,2,7,10,path,1,1.0,0.003656144754393619,inf,True,,,
histfill,sentinel1,treatment_0023,treatment,treatment_0023,2,7,10,path,2,2.0,0.003656144754393619,0.0,False,,,
histfill,sentinel1,treatment_0023,treatment,treatment_0023,2,7,10,candidate,1,,,,,1.0,0.003656144754393619,1.0000
histfill,sentinel1,treatment_0023,treatment,treatment_0023,2,7,10,candidate,1,,,,,2.0,0.008205136627133802,1.0000
histfill,sentinel1,treatment_0023,treatment,treatment_0023,2,7,10,candidate,2,,,0.0,,2.0,0.003656144754393619,1.0000 0.0000
histfill,sentinel1,treatment_0024,treatment,treatment_0024,2,7,10,path,1,1.0,0.003968979051082004,inf,True,,,
histfill,sentinel1,treatment_0024,treatment,treatment_0024,2,7,10,path,2,2.0,0.003968979051082004,0.0,False,,,
histfill,sentinel1,treatment_0024,treatment,treatment_0024,2,7,10,candidate,1,,,,,1.0,0.003968979051082004,1.0000
histfill,sentinel1,treatment_0024,treatment,treatment_0024,2,7,10,candidate,1,,,,,2.0,0.008827353061769017,1.0000
histfill,sentinel1,treatment_0024,treatment,treatment_0024,2,7,10,candidate,2,,,0.0,,2.0,0.003968979051082004,1.0000 0.0000
histfill,sentinel1,treatment_0025,treatment,treatment_0025,2,7,10,path,1,1.0,0.003524744929676842,inf,True,,,
histfill,sentinel1,treatment_0025,treatment,treatment_0025,2,7,10,path,2,2.0,0.003524744929676842,0.0,False,,,
histfill,sentinel1,treatment_0025,treatment,treatment_0025,2,7,10,candidate,1,,,,,1.0,0.003524744929676842,1.0000
histfill,sentinel1,treatment_0025,treatment,treatment_0025,2,7,10,candidate,1,,,,,2.0,0.007843782102924293,1.0000
histfill,sentinel1,treatment_0025,treatment,treatment_0025,2,7,10,candidate,2,,,0.0,,2.0,0.003524744929676842,1.0000 0.0000
histfill,sentinel1,treatment_0027,treatment,treatment_0027,2,7,10,path,1,1.0,0.003013396400821058,inf,True,,,
histfill,sentinel1,treatment_0027,treatment,treatment_0027,2,7,10,path,2,2.0,0.003013396400821058,0.0,False,,,
histfill,sentinel1,treatment_0027,treatment,treatment_0027,2,7,10,candidate,1,,,,,1.0,0.003013396400821058,1.0000
histfill,sentinel1,treatment_0027,treatment,treatment_0027,2,7,10,candidate,1,,,,,2.0,0.006443609028297439,1.0000
histfill,sentinel1,treatment_0027,treatment,treatment_0027,2,7,10,candidate,2,,,0.0,,2.0,0.003013396400821058,1.0000 0.0000
histfill,sentinel1,treatment_0015,treatment,treatment_0015,2,8,10,path,1,1.0,0.0038836889453645793,inf,True,,,
histfill,sentinel1,treatment_0015,treatment,treatment_0015,2,8,10,candidate,1,,,,,1.0,0.0038836889453645793,1.0000
histfill,sentinel1,treatment_0016,treatment,treatment_0016,2,8,10,path,1,1.0,0.004561604901027069,inf,True,,,
histfill,sentinel1,treatment_0016,treatment,treatment_0016,2,8,10,candidate,1,,,,,1.0,0.004561604901027069,1.0000
histfill,sentinel1,treatment_0017,treatment,treatment_0017,2,8,10,path,1,1.0,0.0037410153090530894,inf,True,,,
histfill,sentinel1,treatment_0017,treatment,treatment_0017,2,8,10,candidate,1,,,,,1.0,0.0037410153090530894,1.0000
histfill,sentinel1,treatment_0018,treatment,treatment_0018,2,8,10,path,1,1.0,0.0037204736322005777,inf,True,,,
histfill,sentinel1,treatment_0018,treatment,treatment_0018,2,8,10,candidate,1,,,,,1.0,0.0037204736322005777,1.0000
histfill,sentinel1,treatment_0019,treatment,treatment_0019,2,8,10,path,1,1.0,0.003559243917898451,inf,True,,,
histfill,sentinel1,treatment_0019,treatment,treatment_0019,2,8,10,candidate,1,,,,,1.0,0.003559243917898451,1.0000
histfill,sentinel1,treatment_0020,treatment,treatment_0020,2,8,10,path,1,1.0,0.00400466093139433,inf,True,,,
histfill,sentinel1,treatment_0020,treatment,treatment_0020,2,8,10,candidate,1,,,,,1.0,0.00400466093139433,1.0000
histfill,sentinel1,treatment_0021,treatment,treatment_0021,2,8,10,path,1,1.0,0.003762298708922941,inf,True,,,
histfill,sentinel1,treatment_0021,treatment,treatment_0021,2,8,10,candidate,1,,,,,1.0,0.003762298708922941,1.0000
histfill,sentinel1,treatment_0022,treatment,treatment_0022,2,8,10,path,1,1.0,0.0037051260743909803,inf,True,,,
histfill,sentinel1,treatment_0022,treatment,treatment_0022,2,8,10,candidate,1,,,,,1.0,0.0037051260743909803,1.0000
histfill,sentinel1,treatment_0023,treatment,treatment_0023,2,8,10,path,1,1.0,0.0036469721350597846,inf,True,,,
histfill,sentinel1,treatment_0023,treatment,treatment_0023,2,8,10,candidate,1,,,,,1.0,0.0036469721350597846,1.0000
histfill,sentinel1,treatment_0024,treatment,treatment_0024,2,8,10,path,1,1.0,0.003928914621114737,inf,True,,,
histfill,sentinel1,treatment_0024,treatment,treatment_0024,2,8,10,candidate,1,,,,,1.0,0.003928914621114737,1.0000
histfill,sentinel1,treatment_0025,treatment,treatment_0025,2,8,10,path,1,1.0,0.003491675234460684,inf,True,,,
histfill,sentinel1,treatment_0025,treatment,treatment_0025,2,8,10,candidate,1,,,,,1.0,0.003491675234460684,1.0000
histfill,sentinel1,treatment_0027,treatment,treatment_0027,2,8,10,path,1,1.0,0.002934936208828654,inf,True,,,
histfill,sentinel1,treatment_0027,treatment,treatment_0027,2,8,10,candidate,1,,,,,1.0,0.002934936208828654,1.0000
histfill,sentinel1,treatment_0015,treatment,treatment_0015,3,2,10,path,1,1.0,0.009426502435307052,inf,True,,,
histfill,sentinel1,treatment_0015,treatment,treatment_0015,3,2,10,path,2,2.0,0.009426502435307052,0.0,False,,,
histfill,sentinel1,treatment_0015,treatment,treatment_0015,3,2,10,candidate,1,,,,,1.0,0.009426502435307052,1.0000
histfill,sentinel1,treatment_0015,treatment,treatment_0015,3,2,10,candidate,1,,,,,2.0,0.016402545921964478,1.0000
histfill,sentinel1,treatment_0015,treatment,treatment_0015,3,2,10,candidate,1,,,,,3.0,0.025112492992854153,1.0000
histfill,sentinel1,treatment_0015,treatment,treatment_0015,3,2,10,candidate,1,,,,,4.0,0.0354755240409741,1.0000
histfill,sentinel1,treatment_0015,treatment,treatment_0015,3,2,10,candidate,1,,,,,5.0,0.047431130350097724,1.0000
histfill,sentinel1,treatment_0015,treatment,treatment_0015,3,2,10,candidate,1,,,,,6.0,0.06094015330937386,1.0000
histfill,sentinel1,treatment_0015,treatment,treatment_0015,3,2,10,candidate,2,,,0.0,,2.0,0.009426502435307052,1.0000 0.0000
histfill,sentinel1,treatment_0015,treatment,treatment_0015,3,2,10,candidate,2,,,0.0,,3.0,0.009426502435307052,1.0000 0.0000
histfill,sentinel1,treatment_0015,treatment,treatment_0015,3,2,10,candidate,2,,,0.0,,4.0,0.009426502435307052,1.0000 0.0000
histfill,sentinel1,treatment_0015,treatment,treatment_0015,3,2,10,candidate,2,,,0.0,,5.0,0.009426502435307052,1.0000 0.0000
histfill,sentinel1,treatment_0015,treatment,treatment_0015,3,2,10,candidate,2,,,0.0,,6.0,0.009426502435307052,1.0000 0.0000
histfill,sentinel1,treatment_0016,treatment,treatment_0016,3,2,10,path,1,1.0,0.01205585713109198,inf,True,,,
histfill,sentinel1,treatment_0016,treatment,treatment_0016,3,2,10,path,2,2.0,0.01205585713109198,0.0,False,,,
histfill,sentinel1,treatment_0016,treatment,treatment_0016,3,2,10,candidate,1,,,,,1.0,0.01205585713109198,1.0000
histfill,sentinel1,treatment_0016,treatment,treatment_0016,3,2,10,candidate,1,,,,,2.0,0.020174644290669876,1.0000
histfill,sentinel1,treatment_0016,treatment,treatment_0016,3,2,10,candidate,1,,,,,3.0,0.029737532688022216,1.0000
histfill,sentinel1,treatment_0016,treatment,treatment_0016,3,2,10,candidate,1,,,,,4.0,0.04051959569525015,1.0000
histfill,sentinel1,treatment_0016,treatment,treatment_0016,3,2,10,candidate,1,,,,,5.0,0.05240378672727401,1.0000
histfill,sentinel1,treatment_0016,treatment,treatment_0016,3,2,10,candidate,1,,,,,6.0,0.06539921465378849,1.0000
histfill,sentinel1,treatment_0016,treatment,treatment_0016,3,2,10,candidate,2,,,0.0,,2.0,0.01205585713109198,1.0000 0.0000
histfill,sentinel1,treatment_0016,treatment,treatment_0016,3,2,10,candidate,2,,,0.0,,3.0,0.01205585713109198,1.0000 0.0000
histfill,sentinel1,treatment_0016,treatment,treatment_0016,3,2,10,candidate,2,,,0.0,,4.0,0.01205585713109198,1.0000 0.0000
histfill,sentinel1,treatment_0016,treatment,treatment_0016,3,2,10,candidate,2,,,0.0,,5.0,0.01205585713109198,1.0000 0.0000
histfill,sentinel1,treatment_0016,treatment,treatment_0016,3,2,10,candidate,2,,,0.0,,6.0,0.01205585713109198,1.0000 0.0000
histfill,sentinel1,treatment_0017,treatment,treatment_0017,3,2,10,path,1,1.0,0.009531731158325233,inf,True,,,
histfill,sentinel1,treatment_0017,treatment,treatment_0017,3,2,10,path,2,2.0,0.009531731158325233,0.0,False,,,
histfill,sentinel1,treatment_0017,treatment,treatment_0017,3,2,10,candidate,1,,,,,1.0,0.009531731158325233,1.0000
histfill,sentinel1,treatment_0017,treatment,treatment_0017,3,2,10,candidate,1,,,,,2.0,0.016329567985597582,1.0000
histfill,sentinel1,treatment_0017,treatment,treatment_0017,3,2,10,candidate,1,,,,,3.0,0.024620391119582086,1.0000
histfill,sentinel1,treatment_0017,treatment,treatment_0017,3,2,10,candidate,1,,,,,4.0,0.034266220544082016,1.0000
histfill,sentinel1,treatment_0017,treatment,treatment_0017,3,2,10,candidate,1,,,,,5.0,0.045168432539417464,1.0000
histfill,sentinel1,treatment_0017,treatment,treatment_0017,3,2,10,candidate,1,,,,,6.0,0.05727216976803032,1.0000
histfill,sentinel1,treatment_0017,treatment,treatment_0017,3,2,10,candidate,2,,,0.0,,2.0,0.009531731158325233,1.0000 0.0000
histfill,sentinel1,treatment_0017,treatment,treatment_0017,3,2,10,candidate,2,,,0.0,,3.0,0.009531731158325233,1.0000 0.0000
histfill,sentinel1,treatment_0017,treatment,treatment_0017,3,2,10,candidate,2,,,0.0,,4.0,0.009531731158325233,1.0000 0.0000
histfill,sentinel1,treatment_0017,treatment,treatment_0017,3,2,10,candidate,2,,,0.0,,5.0,0.009531731158325233,1.0000 0.0000
histfill,sentinel1,treatment_0017,treatment,treatment_0017,3,2,10,candidate,2,,,0.0,,6.0,0.009531731158325233,1.0000 0.0000
histfill,sentinel1,treatment_0018,treatment,treatment_0018,3,2,10,path,1,1.0,0.009132068462842802,inf,True,,,
histfill,sentinel1,treatment_0018,treatment,treatment_0018,3,2,10,path,2,2.0,0.009132068462842802,0.0,False,,,
histfill,sentinel1,treatment_0018,treatment,treatment_0018,3,2,10,candidate,1,,,,,1.0,0.009132068462842802,1.0000
histfill,sentinel1,treatment_0018,treatment,treatment_0018,3,2,10,candidate,1,,,,,2.0,0.015884753365819196,1.0000
histfill,sentinel1,treatment_0018,treatment,treatment_0018,3,2,10,candidate,1,,,,,3.0,0.024297231996770505,1.0000
histfill,sentinel1,treatment_0018,treatment,treatment_0018,3,2,10,candidate,1,,,,,4.0,0.03427119436014988,1.0000
histfill,sentinel1,treatment_0018,treatment,treatment_0018,3,2,10,candidate,1,,,,,5.0,0.045721615975163915,1.0000
histfill,sentinel1,treatment_0018,treatment,treatment_0018,3,2,10,candidate,1,,,,,6.0,0.058577699868024025,1.0000
histfill,sentinel1,treatment_0018,treatment,treatment_0018,3,2,10,candidate,2,,,0.0,,2.0,0.009132068462842802,1.0000 0.0000
histfill,sentinel1,treatment_0018,treatment,treatment_0018,3,2,10,candidate,2,,,0.0,,3.0,0.009132068462842802,1.0000 0.0000
histfill,sentinel1,treatment_0018,treatment,treatment_0018,3,2,10,candidate,2,,,0.0,,4.0,0.009132068462842802,1.0000 0.0000
histfill,sentinel1,treatment_0018,treatment,treatment_0018,3,2,10,candidate,2,,,0.0,,5.0,0.009132068462842802,1.0000 0.0000
histfill,sentinel1,treatment_0018,treatment,treatment_0018,3,2,10,candidate,2,,,0.0,,6.0,0.009132068462842802,1.0000 0.0000
histfill,sentinel1,treatment_0019,treatment,treatment_0019,3,2,10,path,1,1.0,0.00888064920114607,inf,True,,,
histfill,sentinel1,treatment_0019,treatment,treatment_0019,3,2,10,path,2,2.0,0.00888064920114607,0.0,False,,,
histfill,sentinel1,treatment_0019,treatment,treatment_0019,3,2,10,candidate,1,,,,,1.0,0.00888064920114607,1.0000
histfill,sentinel1,treatment_0019,treatment,treatment_0019,3,2,10,candidate,1,,,,,2.0,0.015386681815303324,1.0000
histfill,sentinel1,treatment_0019,treatment,treatment_0019,3,2,10,candidate,1,,,,,3.0,0.02344510162369924,1.0000
histfill,sentinel1,treatment_0019,treatment,treatment_0019,3,2,10,candidate,1,,,,,4.0,0.03294602995064061,1.0000
histfill,sentinel1,treatment_0019,treatment,treatment_0019,3,2,10,candidate,1,,,,,5.0,0.04379540024687193,1.0000
histfill,sentinel1,treatment_0019,treatment,treatment_0019,3,2,10,candidate,1,,,,,6.0,0.055915833804700235,1.0000
histfill,sentinel1,treatment_0019,treatment,treatment_0019,3,2,10,candidate,2,,,0.0,,2.0,0.00888064920114607,1.0000 0.0000
histfill,sentinel1,treatment_0019,treatment,treatment_0019,3,2,10,candidate,2,,,0.0,,3.0,0.00888064920114607,1.0000 0.0000
histfill,sentinel1,treatment_0019,treatment,treatment_0019,3,2,10,candidate,2,,,0.0,,4.0,0.00888064920114607,1.0000 0.0000
histfill,sentinel1,treatment_0019,treatment,treatment_0019,3,2,10,candidate,2,,,0.0,,5.0,0.00888064920114607,1.0000 0.0000
histfill,sentinel1,treatment_0019,treatment,treatment_0019,3,2,10,candidate,2,,,0.0,,6.0,0.00888064920114607,1.0000 0.0000
histfill,sentinel1,treatment_0020,treatment,treatment_0020,3,2,10,path,1,1.0,0.010269309999605339,inf,True,,,
histfill,sentinel1,treatment_0020,treatment,treatment_0020,3,2,10,path,2,2.0,0.010269309999605339,0.0,False,,,
histfill,sentinel1,treatment_0020,treatment,treatment_0020,3,2,10,candidate,1,,,,,1.0,0.010269309999605339,1.0000
histfill,sentinel1,treatment_0020,treatment,treatment_0020,3,2,10,candidate,1,,,,,2.0,0.017585490994420604,1.0000
histfill,sentinel1,treatment_0020,treatment,treatment_0020,3,2,10,candidate,1,,,,,3.0,0.026497134097379634,1.0000
histfill,sentinel1,treatment_0020,treatment,treatment_0020,3,2,10,candidate,1,,,,,4.0,0.0368454123315371,1.0000
histfill,sentinel1,treatment_0020,treatment,treatment_0020,3,2,10,candidate,1,,,,,5.0,0.048510219225307946,1.0000
histfill,sentinel1,treatment_0020,treatment,treatment_0020,3,2,10,candidate,1,,,,,6.0,0.061414985180380056,1.0000
histfill,sentinel1,treatment_0020,treatment,treatment_0020,3,2,10,candidate,2,,,0.0,,2.0,0.010269309999605339,1.0000 0.0000
histfill,sentinel1,treatment_0020,treatment,treatment_0020,3,2,10,candidate,2,,,0.0,,3.0,0.010269309999605339,1.0000 0.0000
histfill,sentinel1,treatment_0020,treatment,treatment_0020,3,2,10,candidate,2,,,0.0,,4.0,0.010269309999605339,1.0000 0.0000
histfill,sentinel1,treatment_0020,treatment,treatment_0020,3,2,10,candidate,2,,,0.0,,5.0,0.010269309999605339,1.0000 0.0000
histfill,sentinel1,treatment_0020,treatment,treatment_0020,3,2,10,candidate,2,,,0.0,,6.0,0.010269309999605339,1.0000 0.0000
histfill,sentinel1,treatment_0021,treatment,treatment_0021,3,2,10,path,1,1.0,0.009457335615924654,inf,True,,,
histfill,sentinel1,treatment_0021,treatment,treatment_0021,3,2,10,path,2,2.0,0.009457335615924654,0.0,False,,,
histfill,sentinel1,treatment_0021,treatment,treatment_0021,3,2,10,candidate,1,,,,,1.0,0.009457335615924654,1.0000
histfill,sentinel1,treatment_0021,treatment,treatment_0021,3,2,10,candidate,1,,,,,2.0,0.016209197143708685,1.0000
histfill,sentinel1,treatment_0021,treatment,treatment_0021,3,2,10,candidate,1,,,,,3.0,0.02446886470019926,1.0000
histfill,sentinel1,treatment_0021,treatment,treatment_0021,3,2,10,candidate,1,,,,,4.0,0.03412516793541924,1.0000
histfill,sentinel1,treatment_0021,treatment,treatment_0021,3,2,10,candidate,1,,,,,5.0,0.045113410408575895,1.0000
histfill,sentinel1,treatment_0021,treatment,treatment_0021,3,2,10,candidate,1,,,,,6.0,0.05741976635144651,1.0000
histfill,sentinel1,treatment_0021,treatment,treatment_0021,3,2,10,candidate,2,,,0.0,,2.0,0.009457335615924654,1.0000 0.0000
histfill,sentinel1,treatment_0021,treatment,treatment_0021,3,2,10,candidate,2,,,0.0,,3.0,0.009457335615924654,1.0000 0.0000
histfill,sentinel1,treatment_0021,treatment,treatment_0021,3,2,10,candidate,2,,,0.0,,4.0,0.009457335615924654,1.0000 0.0000
histfill,sentinel1,treatment_0021,treatment,treatment_0021,3,2,10,candidate,2,,,0.0,,5.0,0.009457335615924654,1.0000 0.0000
histfill,sentinel1,treatment_0021,treatment,treatment_0021,3,2,10,candidate,2,,,0.0,,6.0,0.009457335615924654,1.0000 0.0000
histfill,sentinel1,treatment_0022,treatment,treatment_0022,3,2,10,path,1,1.0,0.009593296094979498,inf,True,,,
histfill,sentinel1,treatment_0022,treatment,treatment_0022,3,2,10,path,2,2.0,0.009593296094979498,0.0,False,,,
histfill,sentinel1,treatment_0022,treatment,treatment_0022,3,2,10,candidate,1,,,,,1.0,0.009593296094979498,1.0000
histfill,sentinel1,treatment_0022,treatment,treatment_0022,3,2,10,candidate,1,,,,,2.0,0.01635119250263079,1.0000
histfill,sentinel1,treatment_0022,treatment,treatment_0022,3,2,10,candidate,1,,,,,3.0,0.02454255057362005,1.0000
histfill,sentinel1,treatment_0022,treatment,treatment_0022,3,2,10,candidate,1,,,,,4.0,0.0340283568928731,1.0000
histfill,sentinel1,treatment_0022,treatment,treatment_0022,3,2,10,candidate,1,,,,,5.0,0.0447187266042964,1.0000
histfill,sentinel1,treatment_0022,treatment,treatment_0022,3,2,10,candidate,1,,,,,6.0,0.05657658961235965,1.0000
histfill,sentinel1,treatment_0022,treatment,treatment_0022,3,2,10,candidate,2,,,0.0,,2.0,0.009593296094979498,1.0000 0.0000
histfill,sentinel1,treatment_0022,treatment,treatment_0022,3,2,10,candidate,2,,,0.0,,3.0,0.009593296094979498,1.0000 0.0000
histfill,sentinel1,treatment_0022,treatment,treatment_0022,3,2,10,candidate,2,,,0.0,,4.0,0.009593296094979498,1.0000 0.0000
histfill,sentinel1,treatment_0022,treatment,treatment_0022,3,2,10,candidate,2,,,0.0,,5.0,0.009593296094979498,1.0000 0.0000
histfill,sentinel1,treatment_0022,treatment,treatment_0022,3,2,10,candidate,2,,,0.0,,6.0,0.009593296094979498,1.0000 0.0000
histfill,sentinel1,treatment_0023,treatment,treatment_0023,3,2,10,path,1,1.0,0.008311079599520337,inf,True,,,
histfill,sentinel1,treatment_0023,treatment,treatment_0023,3,2,10,path,2,2.0,0.008311079599520337,0.0,False,,,
histfill,sentinel1,treatment_0023,treatment,treatment_0023,3,2,10,candidate,1,,,,,1.0,0.008311079599520337,1.0000
histfill,sentinel1,treatment_0023,treatment,treatment_0023,3,2,10,candidate,1,,,,,2.0,0.014736218809223173,1.0000
histfill,sentinel1,treatment_0023,treatment,treatment_0023,3,2,10,candidate,1,,,,,3.0,0.02296474601944034,1.0000
histfill,sentinel1,treatment_0023,treatment,treatment_0023,3,2,10,candidate,1,,,,,4.0,0.03298254947319698,1.0000
histfill,sentinel1,treatment_0023,treatment,treatment_0023,3,2,10,candidate,1,,,,,5.0,0.04477571451759381,1.0000
histfill,sentinel1,treatment_0023,treatment,treatment_0023,3,2,10,candidate,1,,,,,6.0,0.05833052682266514,1.0000
histfill,sentinel1,treatment_0023,treatment,treatment_0023,3,2,10,candidate,2,,,0.0,,2.0,0.008311079599520337,1.0000 0.0000
histfill,sentinel1,treatment_0023,treatment,treatment_0023,3,2,10,candidate,2,,,0.0,,3.0,0.008311079599520337,1.0000 0.0000
histfill,sentinel1,treatment_0023,treatment,treatment_0023,3,2,10,candidate,2,,,0.0,,4.0,0.008311079599520337,1.0000 0.0000
histfill,sentinel1,treatment_0023,treatment,treatment_0023,3,2,10,candidate,2,,,0.0,,5.0,0.008311079599520337,1.0000 0.0000
histfill,sentinel1,treatment_0023,treatment,treatment_0023,3,2,10,candidate,2,,,0.0,,6.0,0.008311079599520337,1.0000 0.0000
histfill,sentinel1,treatment_0024,treatment,treatment_0024,3,2,10,path,1,1.0,0.009348658746179727,inf,True,,,
histfill,sentinel1,treatment_0024,treatment,treatment_0024,3,2,10,path,2,2.0,0.009348658746179727,0.0,False,,,
histfill,sentinel1,treatment_0024,treatment,treatment_0024,3,2,10,candidate,1,,,,,1.0,0.009348658746179727,1.0000
histfill,sentinel1,treatment_0024,treatment,treatment_0024,3,2,10,candidate,1,,,,,2.0,0.01640319927245106,1.0000
histfill,sentinel1,treatment_0024,treatment,treatment_0024,3,2,10,candidate,1,,,,,3.0,0.025302853484369888,1.0000
histfill,sentinel1,treatment_0024,treatment,treatment_0024,3,2,10,candidate,1,,,,,4.0,0.03598162178896033,1.0000
histfill,sentinel1,treatment_0024,treatment,treatment_0024,3,2,10,candidate,1,,,,,5.0,0.048379371185125045,1.0000
histfill,sentinel1,treatment_0024,treatment,treatment_0024,3,2,10,candidate,1,,,,,6.0,0.06244205314099948,1.0000
histfill,sentinel1,treatment_0024,treatment,treatment_0024,3,2,10,candidate,2,,,0.0,,2.0,0.009348658746179727,1.0000 0.0000
histfill,sentinel1,treatment_0024,treatment,treatment_0024,3,2,10,candidate,2,,,0.0,,3.0,0.009348658746179727,1.0000 0.0000
histfill,sentinel1,treatment_0024,treatment,treatment_0024,3,2,10,candidate,2,,,0.0,,4.0,0.009348658746179727,1.0000 0.0000
histfill,sentinel1,treatment_0024,treatment,treatment_0024,3,2,10,candidate,2,,,0.0,,5.0,0.009348658746179727,1.0000 0.0000
histfill,sentinel1,treatment_0024,treatment,treatment_0024,3,2,10,candidate,2,,,0.0,,6.0,0.009348658746179727,1.0000 0.0000
histfill,sentinel1,treatment_0025,treatment,treatment_0025,3,2,10,path,1,1.0,0.00828678697251949,inf,True,,,
histfill,sentinel1,treatment_0025,treatment,treatment_0025,3,2,10,path,2,2.0,0.00828678697251949,0.0,False,,,
histfill,sentinel1,treatment_0025,treatment,treatment_0025,3,2,10,candidate,1,,,,,1.0,0.00828678697251949,1.0000
histfill,sentinel1,treatment_0025,treatment,treatment_0025,3,2,10,candidate,1,,,,,2.0,0.014543756873387754,1.0000
histfill,sentinel1,treatment_0025,treatment,treatment_0025,3,2,10,candidate,1,,,,,3.0,0.022442288544813505,1.0000
histfill,sentinel1,treatment_0025,treatment,treatment_0025,3,2,10,candidate,1,,,,,4.0,0.0319276428641964,1.0000
histfill,sentinel1,treatment_0025,treatment,treatment_0025,3,2,10,candidate,1,,,,,5.0,0.042951089614027035,1.0000
histfill,sentinel1,treatment_0025,treatment,treatment_0025,3,2,10,candidate,1,,,,,6.0,0.05547008493598672,1.0000
histfill,sentinel1,treatment_0025,treatment,treatment_0025,3,2,10,candidate,2,,,0.0,,2.0,0.00828678697251949,1.0000 0.0000
histfill,sentinel1,treatment_0025,treatment,treatment_0025,3,2,10,candidate,2,,,0.0,,3.0,0.00828678697251949,1.0000 0.0000
histfill,sentinel1,treatment_0025,treatment,treatment_0025,3,2,10,candidate,2,,,0.0,,4.0,0.00828678697251949,1.0000 0.0000
histfill,sentinel1,treatment_0025,treatment,treatment_0025,3,2,10,candidate,2,,,0.0,,5.0,0.00828678697251949,1.0000 0.0000
histfill,sentinel1,treatment_0025,treatment,treatment_0025,3,2,10,candidate,2,,,0.0,,6.0,0.00828678697251949,1.0000 0.0000
histfill,sentinel1,treatment_0027,treatment,treatment_0027,3,2,10,path,1,1.0,0.008244087299481308,inf,True,,,
histfill,sentinel1,treatment_0027,treatment,treatment_0027,3,2,10,path,2,2.0,0.008244087299481308,0.0,False,,,
histfill,sentinel1,treatment_0027,treatment,treatment_0027,3,2,10,candidate,1,,,,,1.0,0.008244087299481308,1.0000
histfill,sentinel1,treatment_0027,treatment,treatment_0027,3,2,10,candidate,1,,,,,2.0,0.013628220059212798,1.0000
histfill,sentinel1,treatment_0027,treatment,treatment_0027,3,2,10,candidate,1,,,,,3.0,0.019841131280833337,1.0000
histfill,sentinel1,treatment_0027,treatment,treatment_0027,3,2,10,candidate,1,,,,,4.0,0.026700646453999728,1.0000
histfill,sentinel1,treatment_0027,treatment,treatment_0027,3,2,10,candidate,1,,,,,5.0,0.034105234824987785,1.0000
histfill,sentinel1,treatment_0027,treatment,treatment_0027,3,2,10,candidate,1,,,,,6.0,0.04204348940942031,1.0000
histfill,sentinel1,treatment_0027,treatment,treatment_0027,3,2,10,candidate,2,,,0.0,,2.0,0.008244087299481308,1.0000 0.0000
histfill,sentinel1,treatment_0027,treatment,treatment_0027,3,2,10,candidate,2,,,0.0,,3.0,0.008244087299481308,1.0000 0.0000
histfill,sentinel1,treatment_0027,treatment,treatment_0027,3,2,10,candidate,2,,,0.0,,4.0,0.008244087299481308,1.0000 0.0000
histfill,sentinel1,treatment_0027,treatment,treatment_0027,3,2,10,candidate,2,,,0.0,,5.0,0.008244087299481308,1.0000 0.0000
histfill,sentinel1,treatment_0027,treatment,treatment_0027,3,2,10,candidate,2,,,0.0,,6.0,0.008244087299481308,1.0000 0.0000
histfill,sentinel1,treatment_0015,treatment,treatment_0015,3,3,10,path,1,1.0,0.009240845254308407,inf,True,,,
histfill,sentinel1,treatment_0015,treatment,treatment_0015,3,3,10,path,2,2.0,0.009240845254308407,0.0,False,,,
histfill,sentinel1,treatment_0015,treatment,treatment_0015,3,3,10,candidate,1,,,,,1.0,0.009240845254308407,1.0000
histfill,sentinel1,treatment_0015,treatment,treatment_0015,3,3,10,candidate,1,,,,,2.0,0.0160987163697529,1.0000
histfill,sentinel1,treatment_0015,treatment,treatment_0015,3,3,10,candidate,1,,,,,3.0,0.02467916109010631,1.0000
histfill,sentinel1,treatment_0015,treatment,treatment_0015,3,3,10,candidate,1,,,,,4.0,0.03491197707796543,1.0000
histfill,sentinel1,treatment_0015,treatment,treatment_0015,3,3,10,candidate,1,,,,,5.0,0.04674780471640763,1.0000
histfill,sentinel1,treatment_0015,treatment,treatment_0015,3,3,10,candidate,2,,,0.0,,2.0,0.009240845254308407,1.0000 0.0000
histfill,sentinel1,treatment_0015,treatment,treatment_0015,3,3,10,candidate,2,,,0.0,,3.0,0.009240845254308407,1.0000 0.0000
histfill,sentinel1,treatment_0015,treatment,treatment_0015,3,3,10,candidate,2,,,0.0,,4.0,0.009240845254308407,1.0000 0.0000
histfill,sentinel1,treatment_0015,treatment,treatment_0015,3,3,10,candidate,2,,,0.0,,5.0,0.009240845254308407,1.0000 0.0000
histfill,sentinel1,treatment_0016,treatment,treatment_0016,3,3,10,path,1,1.0,0.011448551803848319,inf,True,,,
histfill,sentinel1,treatment_0016,treatment,treatment_0016,3,3,10,path,2,2.0,0.011448551803848319,0.0,False,,,
histfill,sentinel1,treatment_0016,treatment,treatment_0016,3,3,10,candidate,1,,,,,1.0,0.011448551803848319,1.0000
histfill,sentinel1,treatment_0016,treatment,treatment_0016,3,3,10,candidate,1,,,,,2.0,0.019226402832493772,1.0000
histfill,sentinel1,treatment_0016,treatment,treatment_0016,3,3,10,candidate,1,,,,,3.0,0.028465220450391193,1.0000
histfill,sentinel1,treatment_0016,treatment,treatment_0016,3,3,10,candidate,1,,,,,4.0,0.03899933401996255,1.0000
histfill,sentinel1,treatment_0016,treatment,treatment_0016,3,3,10,candidate,1,,,,,5.0,0.05077972411750975,1.0000
histfill,sentinel1,treatment_0016,treatment,treatment_0016,3,3,10,candidate,2,,,0.0,,2.0,0.011448551803848319,1.0000 0.0000
histfill,sentinel1,treatment_0016,treatment,treatment_0016,3,3,10,candidate,2,,,0.0,,3.0,0.011448551803848319,1.0000 0.0000
histfill,sentinel1,treatment_0016,treatment,treatment_0016,3,3,10,candidate,2,,,0.0,,4.0,0.011448551803848319,1.0000 0.0000
histfill,sentinel1,treatment_0016,treatment,treatment_0016,3,3,10,candidate,2,,,0.0,,5.0,0.011448551803848319,1.0000 0.0000
histfill,sentinel1,treatment_0017,treatment,treatment_0017,3,3,10,path,1,1.0,0.009217757343058264,inf,True,,,
histfill,sentinel1,treatment_0017,treatment,treatment_0017,3,3,10,path,2,2.0,0.009217757343058264,0.0,False,,,
histfill,sentinel1,treatment_0017,treatment,treatment_0017,3,3,10,candidate,1,,,,,1.0,0.009217757343058264,1.0000
histfill,sentinel1,treatment_0017,treatment,treatment_0017,3,3,10,candidate,1,,,,,2.0,0.015819512532621257,1.0000
histfill,sentinel1,treatment_0017,treatment,treatment_0017,3,3,10,candidate,1,,,,,3.0,0.023900626236902783,1.0000
histfill,sentinel1,treatment_0017,treatment,treatment_0017,3,3,10,candidate,1,,,,,4.0,0.03334462693579225,1.0000
histfill,sentinel1,treatment_0017,treatment,treatment_0017,3,3,10,candidate,1,,,,,5.0,0.044076555455674564,1.0000
histfill,sentinel1,treatment_0017,treatment,treatment_0017,3,3,10,candidate,2,,,0.0,,2.0,0.009217757343058264,1.0000 0.0000
histfill,sentinel1,treatment_0017,treatment,treatment_0017,3,3,10,candidate,2,,,0.0,,3.0,0.009217757343058264,1.0000 0.0000
histfill,sentinel1,treatment_0017,treatment,treatment_0017,3,3,10,candidate,2,,,0.0,,4.0,0.009217757343058264,1.0000 0.0000
histfill,sentinel1,treatment_0017,treatment,treatment_0017,3,3,10,candidate,2,,,0.0,,5.0,0.009217757343058264,1.0000 0.0000
histfill,sentinel1,treatment_0018,treatment,treatment_0018,3,3,10,path,1,1.0,0.008947195177485089,inf,True,,,
histfill,sentinel1,treatment_0018,treatment,treatment_0018,3,3,10,path,2,2.0,0.008947195177485089,0.0,False,,,
histfill,sentinel1,treatment_0018,treatment,treatment_0018,3,3,10,candidate,1,,,,,1.0,0.008947195177485089,1.0000
histfill,sentinel1,treatment_0018,treatment,treatment_0018,3,3,10,candidate,1,,,,,2.0,0.015573571787505147,1.0000
histfill,sentinel1,treatment_0018,treatment,treatment_0018,3,3,10,candidate,1,,,,,3.0,0.023838843231938894,1.0000
histfill,sentinel1,treatment_0018,treatment,treatment_0018,3,3,10,candidate,1,,,,,4.0,0.033652082206921285,1.0000
histfill,sentinel1,treatment_0018,treatment,treatment_0018,3,3,10,candidate,1,,,,,5.0,0.04493610703776909,1.0000
histfill,sentinel1,treatment_0018,treatment,treatment_0018,3,3,10,candidate,2,,,0.0,,2.0,0.008947195177485089,1.0000 0.0000
histfill,sentinel1,treatment_0018,treatment,treatment_0018,3,3,10,candidate,2,,,0.0,,3.0,0.008947195177485089,1.0000 0.0000
histfill,sentinel1,treatment_0018,treatment,treatment_0018,3,3,10,candidate,2,,,0.0,,4.0,0.008947195177485089,1.0000 0.0000
histfill,sentinel1,treatment_0018,treatment,treatment_0018,3,3,10,candidate,2,,,0.0,,5.0,0.008947195177485089,1.0000 0.0000
histfill,sentinel1,treatment_0019,treatment,treatment_0019,3,3,10,path,1,1.0,0.008667827095305638,inf,True,,,
histfill,sentinel1,treatment_0019,treatment,treatment_0019,3,3,10,path,2,2.0,0.008667827095305638,0.0,False,,,
histfill,sentinel1,treatment_0019,treatment,treatment_0019,3,3,10,candidate,1,,,,,1.0,0.008667827095305638,1.0000
histfill,sentinel1,treatment_0019,treatment,treatment_0019,3,3,10,candidate,1,,,,,2.0,0.015029185813154192,1.0000
histfill,sentinel1,treatment_0019,treatment,treatment_0019,3,3,10,candidate,1,,,,,3.0,0.022919474466539403,1.0000
histfill,sentinel1,treatment_0019,treatment,treatment_0019,3,3,10,candidate,1,,,,,4.0,0.03223730383491021,1.0000
histfill,sentinel1,treatment_0019,treatment,treatment_0019,3,3,10,candidate,1,,,,,5.0,0.042897530830159354,1.0000
histfill,sentinel1,treatment_0019,treatment,treatment_0019,3,3,10,candidate,2,,,0.0,,2.0,0.008667827095305638,1.0000 0.0000
histfill,sentinel1,treatment_0019,treatment,treatment_0019,3,3,10,candidate,2,,,0.0,,3.0,0.008667827095305638,1.0000 0.0000
histfill,sentinel1,treatment_0019,treatment,treatment_0019,3,3,10,candidate,2,,,0.0,,4.0,0.008667827095305638,1.0000 0.0000
histfill,sentinel1,treatment_0019,treatment,treatment_0019,3,3,10,candidate,2,,,0.0,,5.0,0.008667827095305638,1.0000 0.0000
histfill,sentinel1,treatment_0020,treatment,treatment_0020,3,3,10,path,1,1.0,0.00992567490455207,inf,True,,,
histfill,sentinel1,treatment_0020,treatment,treatment_0020,3,3,10,path,2,2.0,0.00992567490455207,0.0,False,,,
histfill,sentinel1,treatment_0020,treatment,treatment_0020,3,3,10,candidate,1,,,,,1.0,0.00992567490455207,1.0000
histfill,sentinel1,treatment_0020,treatment,treatment_0020,3,3,10,candidate,1,,,,,2.0,0.01702345676791673,1.0000
histfill,sentinel1,treatment_0020,treatment,treatment_0020,3,3,10,candidate,1,,,,,3.0,0.02569670950379768,1.0000
histfill,sentinel1,treatment_0020,treatment,treatment_0020,3,3,10,candidate,1,,,,,4.0,0.03580795613563101,1.0000
histfill,sentinel1,treatment_0020,treatment,treatment_0020,3,3,10,candidate,1,,,,,5.0,0.04726086137667411,1.0000
histfill,sentinel1,treatment_0020,treatment,treatment_0020,3,3,10,candidate,2,,,0.0,,2.0,0.00992567490455207,1.0000 0.0000
histfill,sentinel1,treatment_0020,treatment,treatment_0020,3,3,10,candidate,2,,,0.0,,3.0,0.00992567490455207,1.0000 0.0000
histfill,sentinel1,treatment_0020,treatment,treatment_0020,3,3,10,candidate,2,,,0.0,,4.0,0.00992567490455207,1.0000 0.0000
histfill,sentinel1,treatment_0020,treatment,treatment_0020,3,3,10,candidate,2,,,0.0,,5.0,0.00992567490455207,1.0000 0.0000
histfill,sentinel1,treatment_0021,treatment,treatment_0021,3,3,10,path,1,1.0,0.009151850234089652,inf,True,,,
histfill,sentinel1,treatment_0021,treatment,treatment_0021,3,3,10,path,2,2.0,0.009151850234089652,0.0,False,,,
histfill,sentinel1,treatment_0021,treatment,treatment_0021,3,3,10,candidate,1,,,,,1.0,0.009151850234089652,1.0000
histfill,sentinel1,treatment_0021,treatment,treatment_0021,3,3,10,candidate,1,,,,,2.0,0.015724000896351478,1.0000
histfill,sentinel1,treatment_0021,treatment,treatment_0021,3,3,10,candidate,1,,,,,3.0,0.02380245896911147,1.0000
histfill,sentinel1,treatment_0021,treatment,treatment_0021,3,3,10,candidate,1,,,,,4.0,0.033300508706679506,1.0000
histfill,sentinel1,treatment_0021,treatment,treatment_0021,3,3,10,candidate,1,,,,,5.0,0.04418010406739068,1.0000
histfill,sentinel1,treatment_0021,treatment,treatment_0021,3,3,10,candidate,2,,,0.0,,2.0,0.009151850234089652,1.0000 0.0000
histfill,sentinel1,treatment_0021,treatment,treatment_0021,3,3,10,candidate,2,,,0.0,,3.0,0.009151850234089652,1.0000 0.0000
histfill,sentinel1,treatment_0021,treatment,treatment_0021,3,3,10,candidate,2,,,0.0,,4.0,0.009151850234089652,1.0000 0.0000
histfill,sentinel1,treatment_0021,treatment,treatment_0021,3,3,10,candidate,2,,,0.0,,5.0,0.009151850234089652,1.0000 0.0000
histfill,sentinel1,treatment_0022,treatment,treatment_0022,3,3,10,path,1,1.0,0.009230547858733356,inf,True,,,
histfill,sentinel1,treatment_0022,treatment,treatment_0022,3,3,10,path,2,2.0,0.009230547858733356,0.0,False,,,
histfill,sentinel1,treatment_0022,treatment,treatment_0022,3,3,10,candidate,1,,,,,1.0,0.009230547858733356,1.0000
histfill,sentinel1,treatment_0022,treatment,treatment_0022,3,3,10,candidate,1,,,,,2.0,0.0157674913498327,1.0000
histfill,sentinel1,treatment_0022,treatment,treatment_0022,3,3,10,candidate,1,,,,,3.0,0.0237270045918638,1.0000
histfill,sentinel1,treatment_0022,treatment,treatment_0022,3,3,10,candidate,1,,,,,4.0,0.032995116081183544,1.0000
histfill,sentinel1,treatment_0022,treatment,treatment_0022,3,3,10,candidate,1,,,,,5.0,0.04350876807306328,1.0000
histfill,sentinel1,treatment_0022,treatment,treatment_0022,3,3,10,candidate,2,,,0.0,,2.0,0.009230547858733356,1.0000 0.0000
histfill,sentinel1,treatment_0022,treatment,treatment_0022,3,3,10,candidate,2,,,0.0,,3.0,0.009230547858733356,1.0000 0.0000
histfill,sentinel1,treatment_0022,treatment,treatment_0022,3,3,10,candidate,2,,,0.0,,4.0,0.009230547858733356,1.0000 0.0000
histfill,sentinel1,treatment_0022,treatment,treatment_0022,3,3,10,candidate,2,,,0.0,,5.0,0.009230547858733356,1.0000 0.0000
histfill,sentinel1,treatment_0023,treatment,treatment_0023,3,3,10,path,1,1.0,0.008289406679366944,inf,True,,,
histfill,sentinel1,treatment_0023,treatment,treatment_0023,3,3,10,path,2,2.0,0.008289406679366944,0.0,False,,,
histfill,sentinel1,treatment_0023,treatment,treatment_0023,3,3,10,candidate,1,,,,,1.0,0.008289406679366944,1.0000
histfill,sentinel1,treatment_0023,treatment,treatment_0023,3,3,10,candidate,1,,,,,2.0,0.01469800978173104,1.0000
histfill,sentinel1,treatment_0023,treatment,treatment_0023,3,3,10,candidate,1,,,,,3.0,0.022905548123642042,1.0000
histfill,sentinel1,treatment_0023,treatment,treatment_0023,3,3,10,candidate,1,,,,,4.0,0.03289803393192879,1.0000
histfill,sentinel1,treatment_0023,treatment,treatment_0023,3,3,10,candidate,1,,,,,5.0,0.04466167802614602,1.0000
histfill,sentinel1,treatment_0023,treatment,treatment_0023,3,3,10,candidate,2,,,0.0,,2.0,0.008289406679366944,1.0000 0.0000
histfill,sentinel1,treatment_0023,treatment,treatment_0023,3,3,10,candidate,2,,,0.0,,3.0,0.008289406679366944,1.0000 0.0000
histfill,sentinel1,treatment_0023,treatment,treatment_0023,3,3,10,candidate,2,,,0.0,,4.0,0.008289406679366944,1.0000 0.0000
histfill,sentinel1,treatment_0023,treatment,treatment_0023,3,3,10,candidate,2,,,0.0,,5.0,0.008289406679366944,1.0000 0.0000
histfill,sentinel1,treatment_0024,treatment,treatment_0024,3,3,10,path,1,1.0,0.00923213129497731,inf,True,,,
histfill,sentinel1,treatment_0024,treatment,treatment_0024,3,3,10,path,2,2.0,0.00923213129497731,0.0,False,,,
histfill,sentinel1,treatment_0024,treatment,treatment_0024,3,3,10,candidate,1,,,,,1.0,0.00923213129497731,1.0000
histfill,sentinel1,treatment_0024,treatment,treatment_0024,3,3,10,candidate,1,,,,,2.0,0.016204099928552318,1.0000
histfill,sentinel1,treatment_0024,treatment,treatment_0024,3,3,10,candidate,1,,,,,3.0,0.025004488687118694,1.0000
histfill,sentinel1,treatment_0024,treatment,treatment_0024,3,3,10,candidate,1,,,,,4.0,0.03557052412320193,1.0000
histfill,sentinel1,treatment_0024,treatment,treatment_0024,3,3,10,candidate,1,,,,,5.0,0.04784540336270413,1.0000
histfill,sentinel1,treatment_0024,treatment,treatment_0024,3,3,10,candidate,2,,,0.0,,2.0,0.00923213129497731,1.0000 0.0000
histfill,sentinel1,treatment_0024,treatment,treatment_0024,3,3,10,candidate,2,,,0.0,,3.0,0.00923213129497731,1.0000 0.0000
histfill,sentinel1,treatment_0024,treatment,treatment_0024,3,3,10,candidate,2,,,0.0,,4.0,0.00923213129497731,1.0000 0.0000
histfill,sentinel1,treatment_0024,treatment,treatment_0024,3,3,10,candidate,2,,,0.0,,5.0,0.00923213129497731,1.0000 0.0000
histfill,sentinel1,treatment_0025,treatment,treatment_0025,3,3,10,path,1,1.0,0.008185788616657665,inf,True,,,
histfill,sentinel1,treatment_0025,treatment,treatment_0025,3,3,10,path,2,2.0,0.008185788616657665,0.0,False,,,
histfill,sentinel1,treatment_0025,treatment,treatment_0025,3,3,10,candidate,1,,,,,1.0,0.008185788616657665,1.0000
histfill,sentinel1,treatment_0025,treatment,treatment_0025,3,3,10,candidate,1,,,,,2.0,0.014372380093560216,1.0000
histfill,sentinel1,treatment_0025,treatment,treatment_0025,3,3,10,candidate,1,,,,,3.0,0.022187377602225663,1.0000
histfill,sentinel1,treatment_0025,treatment,treatment_0025,3,3,10,candidate,1,,,,,4.0,0.03157925763218896,1.0000
histfill,sentinel1,treatment_0025,treatment,treatment_0025,3,3,10,candidate,1,,,,,5.0,0.0425025929983726,1.0000
histfill,sentinel1,treatment_0025,treatment,treatment_0025,3,3,10,candidate,2,,,0.0,,2.0,0.008185788616657665,1.0000 0.0000
histfill,sentinel1,treatment_0025,treatment,treatment_0025,3,3,10,candidate,2,,,0.0,,3.0,0.008185788616657665,1.0000 0.0000
histfill,sentinel1,treatment_0025,treatment,treatment_0025,3,3,10,candidate,2,,,0.0,,4.0,0.008185788616657665,1.0000 0.0000
histfill,sentinel1,treatment_0025,treatment,treatment_0025,3,3,10,candidate,2,,,0.0,,5.0,0.008185788616657665,1.0000 0.0000
histfill,sentinel1,treatment_0027,treatment,treatment_0027,3,3,10,path,1,1.0,0.007728414154477523,inf,True,,,
histfill,sentinel1,treatment_0027,treatment,treatment_0027,3,3,10,path,2,2.0,0.007728414154477523,0.0,False,,,
histfill,sentinel1,treatment_0027,treatment,treatment_0027,3,3,10,candidate,1,,,,,1.0,0.007728414154477523,1.0000
histfill,sentinel1,treatment_0027,treatment,treatment_0027,3,3,10,candidate,1,,,,,2.0,0.012814269384682808,1.0000
histfill,sentinel1,treatment_0027,treatment,treatment_0027,3,3,10,candidate,1,,,,,3.0,0.018730163703921384,1.0000
histfill,sentinel1,treatment_0027,treatment,treatment_0027,3,3,10,candidate,1,,,,,4.0,0.02533579596737567,1.0000
histfill,sentinel1,treatment_0027,treatment,treatment_0027,3,3,10,candidate,1,,,,,5.0,0.03257616432708544,1.0000
histfill,sentinel1,treatment_0027,treatment,treatment_0027,3,3,10,candidate,2,,,0.0,,2.0,0.007728414154477523,1.0000 0.0000
histfill,sentinel1,treatment_0027,treatment,treatment_0027,3,3,10,candidate,2,,,0.0,,3.0,0.007728414154477523,1.0000 0.0000
histfill,sentinel1,treatment_0027,treatment,treatment_0027,3,3,10,candidate,2,,,0.0,,4.0,0.007728414154477523,1.0000 0.0000
histfill,sentinel1,treatment_0027,treatment,treatment_0027,3,3,10,candidate,2,,,0.0,,5.0,0.007728414154477523,1.0000 0.0000
histfill,sentinel1,treatment_0015,treatment,treatment_0015,3,4,10,path,1,1.0,0.00907486528904668,inf,True,,,
histfill,sentinel1,treatment_0015,treatment,treatment_0015,3,4,10,path,2,2.0,0.00907486528904668,0.0,False,,,
histfill,sentinel1,treatment_0015,treatment,treatment_0015,3,4,10,candidate,1,,,,,1.0,0.00907486528904668,1.0000
histfill,sentinel1,treatment_0015,treatment,treatment_0015,3,4,10,candidate,1,,,,,2.0,0.01583020407619076,1.0000
histfill,sentinel1,treatment_0015,treatment,treatment_0015,3,4,10,candidate,1,,,,,3.0,0.024301709856807935,1.0000
histfill,sentinel1,treatment_0015,treatment,treatment_0015,3,4,10,candidate,1,,,,,4.0,0.034430153820707,1.0000
histfill,sentinel1,treatment_0015,treatment,treatment_0015,3,4,10,candidate,2,,,0.0,,2.0,0.00907486528904668,1.0000 0.0000
histfill,sentinel1,treatment_0015,treatment,treatment_0015,3,4,10,candidate,2,,,0.0,,3.0,0.00907486528904668,1.0000 0.0000
histfill,sentinel1,treatment_0015,treatment,treatment_0015,3,4,10,candidate,2,,,0.0,,4.0,0.00907486528904668,1.0000 0.0000
histfill,sentinel1,treatment_0016,treatment,treatment_0016,3,4,10,path,1,1.0,0.010938345813511736,inf,True,,,
histfill,sentinel1,treatment_0016,treatment,treatment_0016,3,4,10,path,2,2.0,0.010938345813511736,0.0,False,,,
histfill,sentinel1,treatment_0016,treatment,treatment_0016,3,4,10,candidate,1,,,,,1.0,0.010938345813511736,1.0000
histfill,sentinel1,treatment_0016,treatment,treatment_0016,3,4,10,candidate,1,,,,,2.0,0.018453954967104263,1.0000
histfill,sentinel1,treatment_0016,treatment,treatment_0016,3,4,10,candidate,1,,,,,3.0,0.027476260896929963,1.0000
histfill,sentinel1,treatment_0016,treatment,treatment_0016,3,4,10,candidate,1,,,,,4.0,0.03790492362691725,1.0000
histfill,sentinel1,treatment_0016,treatment,treatment_0016,3,4,10,candidate,2,,,0.0,,2.0,0.010938345813511736,1.0000 0.0000
histfill,sentinel1,treatment_0016,treatment,treatment_0016,3,4,10,candidate,2,,,0.0,,3.0,0.010938345813511736,1.0000 0.0000
histfill,sentinel1,treatment_0016,treatment,treatment_0016,3,4,10,candidate,2,,,0.0,,4.0,0.010938345813511736,1.0000 0.0000
histfill,sentinel1,treatment_0017,treatment,treatment_0017,3,4,10,path,1,1.0,0.008939769323903658,inf,True,,,
histfill,sentinel1,treatment_0017,treatment,treatment_0017,3,4,10,path,2,2.0,0.008939769323903658,0.0,False,,,
histfill,sentinel1,treatment_0017,treatment,treatment_0017,3,4,10,candidate,1,,,,,1.0,0.008939769323903658,1.0000
histfill,sentinel1,treatment_0017,treatment,treatment_0017,3,4,10,candidate,1,,,,,2.0,0.015374956321799107,1.0000
histfill,sentinel1,treatment_0017,treatment,treatment_0017,3,4,10,candidate,1,,,,,3.0,0.023286213802958068,1.0000
histfill,sentinel1,treatment_0017,treatment,treatment_0017,3,4,10,candidate,1,,,,,4.0,0.03257998831453118,1.0000
histfill,sentinel1,treatment_0017,treatment,treatment_0017,3,4,10,candidate,2,,,0.0,,2.0,0.008939769323903658,1.0000 0.0000
histfill,sentinel1,treatment_0017,treatment,treatment_0017,3,4,10,candidate,2,,,0.0,,3.0,0.008939769323903658,1.0000 0.0000
histfill,sentinel1,treatment_0017,treatment,treatment_0017,3,4,10,candidate,2,,,0.0,,4.0,0.008939769323903658,1.0000 0.0000
histfill,sentinel1,treatment_0018,treatment,treatment_0018,3,4,10,path,1,1.0,0.008775423924082293,inf,True,,,
histfill,sentinel1,treatment_0018,treatment,treatment_0018,3,4,10,path,2,2.0,0.008775423924082293,0.0,False,,,
histfill,sentinel1,treatment_0018,treatment,treatment_0018,3,4,10,candidate,1,,,,,1.0,0.008775423924082293,1.0000
histfill,sentinel1,treatment_0018,treatment,treatment_0018,3,4,10,candidate,1,,,,,2.0,0.015286072239853368,1.0000
histfill,sentinel1,treatment_0018,treatment,treatment_0018,3,4,10,candidate,1,,,,,3.0,0.02341817899171494,1.0000
histfill,sentinel1,treatment_0018,treatment,treatment_0018,3,4,10,candidate,1,,,,,4.0,0.033088496074204395,1.0000
histfill,sentinel1,treatment_0018,treatment,treatment_0018,3,4,10,candidate,2,,,0.0,,2.0,0.008775423924082293,1.0000 0.0000
histfill,sentinel1,treatment_0018,treatment,treatment_0018,3,4,10,candidate,2,,,0.0,,3.0,0.008775423924082293,1.0000 0.0000
histfill,sentinel1,treatment_0018,treatment,treatment_0018,3,4,10,candidate,2,,,0.0,,4.0,0.008775423924082293,1.0000 0.0000
histfill,sentinel1,treatment_0019,treatment,treatment_0019,3,4,10,path,1,1.0,0.008470628017616612,inf,True,,,
histfill,sentinel1,treatment_0019,treatment,treatment_0019,3,4,10,path,2,2.0,0.008470628017616612,0.0,False,,,
histfill,sentinel1,treatment_0019,treatment,treatment_0019,3,4,10,candidate,1,,,,,1.0,0.008470628017616612,1.0000
histfill,sentinel1,treatment_0019,treatment,treatment_0019,3,4,10,candidate,1,,,,,2.0,0.014699750765570976,1.0000
histfill,sentinel1,treatment_0019,treatment,treatment_0019,3,4,10,candidate,1,,,,,3.0,0.02243827415507309,1.0000
histfill,sentinel1,treatment_0019,treatment,treatment_0019,3,4,10,candidate,1,,,,,4.0,0.031593584093674125,1.0000
histfill,sentinel1,treatment_0019,treatment,treatment_0019,3,4,10,candidate,2,,,0.0,,2.0,0.008470628017616612,1.0000 0.0000
histfill,sentinel1,treatment_0019,treatment,treatment_0019,3,4,10,candidate,2,,,0.0,,3.0,0.008470628017616612,1.0000 0.0000
histfill,sentinel1,treatment_0019,treatment,treatment_0019,3,4,10,candidate,2,,,0.0,,4.0,0.008470628017616612,1.0000 0.0000
histfill,sentinel1,treatment_0020,treatment,treatment_0020,3,4,10,path,1,1.0,0.009618500932963975,inf,True,,,
histfill,sentinel1,treatment_0020,treatment,treatment_0020,3,4,10,path,2,2.0,0.009618500932963975,0.0,False,,,
histfill,sentinel1,treatment_0020,treatment,treatment_0020,3,4,10,candidate,1,,,,,1.0,0.009618500932963975,1.0000
histfill,sentinel1,treatment_0020,treatment,treatment_0020,3,4,10,candidate,1,,,,,2.0,0.01652733562255935,1.0000
histfill,sentinel1,treatment_0020,treatment,treatment_0020,3,4,10,candidate,1,,,,,3.0,0.025001899759344262,1.0000
histfill,sentinel1,treatment_0020,treatment,treatment_0020,3,4,10,candidate,1,,,,,4.0,0.03492771050647727,1.0000
histfill,sentinel1,treatment_0020,treatment,treatment_0020,3,4,10,candidate,2,,,0.0,,2.0,0.009618500932963975,1.0000 0.0000
histfill,sentinel1,treatment_0020,treatment,treatment_0020,3,4,10,candidate,2,,,0.0,,3.0,0.009618500932963975,1.0000 0.0000
histfill,sentinel1,treatment_0020,treatment,treatment_0020,3,4,10,candidate,2,,,0.0,,4.0,0.009618500932963975,1.0000 0.0000
histfill,sentinel1,treatment_0021,treatment,treatment_0021,3,4,10,path,1,1.0,0.008889594770815757,inf,True,,,
histfill,sentinel1,treatment_0021,treatment,treatment_0021,3,4,10,path,2,2.0,0.008889594770815757,0.0,False,,,
histfill,sentinel1,treatment_0021,treatment,treatment_0021,3,4,10,candidate,1,,,,,1.0,0.008889594770815757,1.0000
histfill,sentinel1,treatment_0021,treatment,treatment_0021,3,4,10,candidate,1,,,,,2.0,0.015316648008649798,1.0000
histfill,sentinel1,treatment_0021,treatment,treatment_0021,3,4,10,candidate,1,,,,,3.0,0.02326006649527223,1.0000
histfill,sentinel1,treatment_0021,treatment,treatment_0021,3,4,10,candidate,1,,,,,4.0,0.03265908117273031,1.0000
histfill,sentinel1,treatment_0021,treatment,treatment_0021,3,4,10,candidate,2,,,0.0,,2.0,0.008889594770815757,1.0000 0.0000
histfill,sentinel1,treatment_0021,treatment,treatment_0021,3,4,10,candidate,2,,,0.0,,3.0,0.008889594770815757,1.0000 0.0000
histfill,sentinel1,treatment_0021,treatment,treatment_0021,3,4,10,candidate,2,,,0.0,,4.0,0.008889594770815757,1.0000 0.0000
histfill,sentinel1,treatment_0022,treatment,treatment_0022,3,4,10,path,1,1.0,0.00891340020754349,inf,True,,,
histfill,sentinel1,treatment_0022,treatment,treatment_0022,3,4,10,path,2,2.0,0.00891340020754349,0.0,False,,,
histfill,sentinel1,treatment_0022,treatment,treatment_0022,3,4,10,candidate,1,,,,,1.0,0.00891340020754349,1.0000
histfill,sentinel1,treatment_0022,treatment,treatment_0022,3,4,10,candidate,1,,,,,2.0,0.015265520114150404,1.0000
histfill,sentinel1,treatment_0022,treatment,treatment_0022,3,4,10,candidate,1,,,,,3.0,0.023040916426687826,1.0000
histfill,sentinel1,treatment_0022,treatment,treatment_0022,3,4,10,candidate,1,,,,,4.0,0.03215186782392686,1.0000
histfill,sentinel1,treatment_0022,treatment,treatment_0022,3,4,10,candidate,2,,,0.0,,2.0,0.00891340020754349,1.0000 0.0000
histfill,sentinel1,treatment_0022,treatment,treatment_0022,3,4,10,candidate,2,,,0.0,,3.0,0.00891340020754349,1.0000 0.0000
histfill,sentinel1,treatment_0022,treatment,treatment_0022,3,4,10,candidate,2,,,0.0,,4.0,0.00891340020754349,1.0000 0.0000
histfill,sentinel1,treatment_0023,treatment,treatment_0023,3,4,10,path,1,1.0,0.008267974200094348,inf,True,,,
histfill,sentinel1,treatment_0023,treatment,treatment_0023,3,4,10,path,2,2.0,0.008267974200094348,0.0,False,,,
histfill,sentinel1,treatment_0023,treatment,treatment_0023,3,4,10,candidate,1,,,,,1.0,0.008267974200094348,1.0000
histfill,sentinel1,treatment_0023,treatment,treatment_0023,3,4,10,candidate,1,,,,,2.0,0.01466023019313658,1.0000
histfill,sentinel1,treatment_0023,treatment,treatment_0023,3,4,10,candidate,1,,,,,3.0,0.022847024421262668,1.0000
histfill,sentinel1,treatment_0023,treatment,treatment_0023,3,4,10,candidate,1,,,,,4.0,0.03281449395725348,1.0000
histfill,sentinel1,treatment_0023,treatment,treatment_0023,3,4,10,candidate,2,,,0.0,,2.0,0.008267974200094348,1.0000 0.0000
histfill,sentinel1,treatment_0023,treatment,treatment_0023,3,4,10,candidate,2,,,0.0,,3.0,0.008267974200094348,1.0000 0.0000
histfill,sentinel1,treatment_0023,treatment,treatment_0023,3,4,10,candidate,2,,,0.0,,4.0,0.008267974200094348,1.0000 0.0000
histfill,sentinel1,treatment_0024,treatment,treatment_0024,3,4,10,path,1,1.0,0.009121643678811447,inf,True,,,
histfill,sentinel1,treatment_0024,treatment,treatment_0024,3,4,10,path,2,2.0,0.009121643678811447,0.0,False,,,
histfill,sentinel1,treatment_0024,treatment,treatment_0024,3,4,10,candidate,1,,,,,1.0,0.009121643678811447,1.0000
histfill,sentinel1,treatment_0024,treatment,treatment_0024,3,4,10,candidate,1,,,,,2.0,0.01601583565740119,1.0000
histfill,sentinel1,treatment_0024,treatment,treatment_0024,3,4,10,candidate,1,,,,,3.0,0.024723227628976798,1.0000
histfill,sentinel1,treatment_0024,treatment,treatment_0024,3,4,10,candidate,1,,,,,4.0,0.03518433737286506,1.0000
histfill,sentinel1,treatment_0024,treatment,treatment_0024,3,4,10,candidate,2,,,0.0,,2.0,0.009121643678811447,1.0000 0.0000
histfill,sentinel1,treatment_0024,treatment,treatment_0024,3,4,10,candidate,2,,,0.0,,3.0,0.009121643678811447,1.0000 0.0000
histfill,sentinel1,treatment_0024,treatment,treatment_0024,3,4,10,candidate,2,,,0.0,,4.0,0.009121643678811447,1.0000 0.0000
histfill,sentinel1,treatment_0025,treatment,treatment_0025,3,4,10,path,1,1.0,0.008090920040626576,inf,True,,,
histfill,sentinel1,treatment_0025,treatment,treatment_0025,3,4,10,path,2,2.0,0.008090920040626576,0.0,False,,,
histfill,sentinel1,treatment_0025,treatment,treatment_0025,3,4,10,candidate,1,,,,,1.0,0.008090920040626576,1.0000
histfill,sentinel1,treatment_0025,treatment,treatment_0025,3,4,10,candidate,1,,,,,2.0,0.014211968924317921,1.0000
histfill,sentinel1,treatment_0025,treatment,treatment_0025,3,4,10,candidate,1,,,,,3.0,0.02194973025730149,1.0000
histfill,sentinel1,treatment_0025,treatment,treatment_0025,3,4,10,candidate,1,,,,,4.0,0.03125595261154406,1.0000
histfill,sentinel1,treatment_0025,treatment,treatment_0025,3,4,10,candidate,2,,,0.0,,2.0,0.008090920040626576,1.0000 0.0000
histfill,sentinel1,treatment_0025,treatment,treatment_0025,3,4,10,candidate,2,,,0.0,,3.0,0.008090920040626576,1.0000 0.0000
histfill,sentinel1,treatment_0025,treatment,treatment_0025,3,4,10,candidate,2,,,0.0,,4.0,0.008090920040626576,1.0000 0.0000
histfill,sentinel1,treatment_0027,treatment,treatment_0027,3,4,10,path,1,1.0,0.007288986585242465,inf,True,,,
histfill,sentinel1,treatment_0027,treatment,treatment_0027,3,4,10,path,2,2.0,0.007288986585242465,0.0,False,,,
histfill,sentinel1,treatment_0027,treatment,treatment_0027,3,4,10,candidate,1,,,,,1.0,0.007288986585242465,1.0000
histfill,sentinel1,treatment_0027,treatment,treatment_0027,3,4,10,candidate,1,,,,,2.0,0.012136203249080792,1.0000
histfill,sentinel1,treatment_0027,treatment,treatment_0027,3,4,10,candidate,1,,,,,3.0,0.01783442594470245,1.0000
histfill,sentinel1,treatment_0027,treatment,treatment_0027,3,4,10,candidate,1,,,,,4.0,0.024288570414252576,1.0000
histfill,sentinel1,treatment_0027,treatment,treatment_0027,3,4,10,candidate,2,,,0.0,,2.0,0.007288986585242465,1.0000 0.0000
histfill,sentinel1,treatment_0027,treatment,treatment_0027,3,4,10,candidate,2,,,0.0,,3.0,0.007288986585242465,1.0000 0.0000
histfill,sentinel1,treatment_0027,treatment,treatment_0027,3,4,10,candidate,2,,,0.0,,4.0,0.007288986585242465,1.0000 0.0000
histfill,sentinel1,treatment_0015,treatment,treatment_0015,3,5,10,path,1,1.0,0.008928862323175265,inf,True,,,
histfill,sentinel1,treatment_0015,treatment,treatment_0015,3,5,10,path,2,2.0,0.008928862323175265,0.0,False,,,
histfill,sentinel1,treatment_0015,treatment,treatment_0015,3,5,10,candidate,1,,,,,1.0,0.008928862323175265,1.0000
histfill,sentinel1,treatment_0015,treatment,treatment_0015,3,5,10,candidate,1,,,,,2.0,0.015597690688348691,1.0000
histfill,sentinel1,treatment_0015,treatment,treatment_0015,3,5,10,candidate,1,,,,,3.0,0.02398143803593604,1.0000
histfill,sentinel1,treatment_0015,treatment,treatment_0015,3,5,10,candidate,2,,,0.0,,2.0,0.008928862323175265,1.0000 0.0000
histfill,sentinel1,treatment_0015,treatment,treatment_0015,3,5,10,candidate,2,,,0.0,,3.0,0.008928862323175265,1.0000 0.0000
histfill,sentinel1,treatment_0016,treatment,treatment_0016,3,5,10,path,1,1.0,0.010528492609178597,inf,True,,,
histfill,sentinel1,treatment_0016,treatment,treatment_0016,3,5,10,path,2,2.0,0.010528492609178597,0.0,False,,,
histfill,sentinel1,treatment_0016,treatment,treatment_0016,3,5,10,candidate,1,,,,,1.0,0.010528492609178597,1.0000
histfill,sentinel1,treatment_0016,treatment,treatment_0016,3,5,10,candidate,1,,,,,2.0,0.017866324417122957,1.0000
histfill,sentinel1,treatment_0016,treatment,treatment_0016,3,5,10,candidate,1,,,,,3.0,0.026789778515759095,1.0000
histfill,sentinel1,treatment_0016,treatment,treatment_0016,3,5,10,candidate,2,,,0.0,,2.0,0.010528492609178597,1.0000 0.0000
histfill,sentinel1,treatment_0016,treatment,treatment_0016,3,5,10,candidate,2,,,0.0,,3.0,0.010528492609178597,1.0000 0.0000
histfill,sentinel1,treatment_0017,treatment,treatment_0017,3,5,10,path,1,1.0,0.00869912746799123,inf,True,,,
histfill,sentinel1,treatment_0017,treatment,treatment_0017,3,5,10,path,2,2.0,0.00869912746799123,0.0,False,,,
histfill,sentinel1,treatment_0017,treatment,treatment_0017,3,5,10,candidate,1,,,,,1.0,0.00869912746799123,1.0000
histfill,sentinel1,treatment_0017,treatment,treatment_0017,3,5,10,candidate,1,,,,,2.0,0.014998859303157782,1.0000
histfill,sentinel1,treatment_0017,treatment,treatment_0017,3,5,10,candidate,1,,,,,3.0,0.022782630180732507,1.0000
histfill,sentinel1,treatment_0017,treatment,treatment_0017,3,5,10,candidate,2,,,0.0,,2.0,0.00869912746799123,1.0000 0.0000
histfill,sentinel1,treatment_0017,treatment,treatment_0017,3,5,10,candidate,2,,,0.0,,3.0,0.00869912746799123,1.0000 0.0000
histfill,sentinel1,treatment_0018,treatment,treatment_0018,3,5,10,path,1,1.0,0.008617096918637403,inf,True,,,
histfill,sentinel1,treatment_0018,treatment,treatment_0018,3,5,10,path,2,2.0,0.008617096918637403,0.0,False,,,
histfill,sentinel1,treatment_0018,treatment,treatment_0018,3,5,10,candidate,1,,,,,1.0,0.008617096918637403,1.0000
histfill,sentinel1,treatment_0018,treatment,treatment_0018,3,5,10,candidate,1,,,,,2.0,0.015022960912442875,1.0000
histfill,sentinel1,treatment_0018,treatment,treatment_0018,3,5,10,candidate,1,,,,,3.0,0.02303649664445652,1.0000
histfill,sentinel1,treatment_0018,treatment,treatment_0018,3,5,10,candidate,2,,,0.0,,2.0,0.008617096918637403,1.0000 0.0000
histfill,sentinel1,treatment_0018,treatment,treatment_0018,3,5,10,candidate,2,,,0.0,,3.0,0.008617096918637403,1.0000 0.0000
histfill,sentinel1,treatment_0019,treatment,treatment_0019,3,5,10,path,1,1.0,0.008289307919449198,inf,True,,,
histfill,sentinel1,treatment_0019,treatment,treatment_0019,3,5,10,path,2,2.0,0.008289307919449198,0.0,False,,,
histfill,sentinel1,treatment_0019,treatment,treatment_0019,3,5,10,candidate,1,,,,,1.0,0.008289307919449198,1.0000
histfill,sentinel1,treatment_0019,treatment,treatment_0019,3,5,10,candidate,1,,,,,2.0,0.014398946836184647,1.0000
histfill,sentinel1,treatment_0019,treatment,treatment_0019,3,5,10,candidate,1,,,,,3.0,0.022002572642748394,1.0000
histfill,sentinel1,treatment_0019,treatment,treatment_0019,3,5,10,candidate,2,,,0.0,,2.0,0.008289307919449198,1.0000 0.0000
histfill,sentinel1,treatment_0019,treatment,treatment_0019,3,5,10,candidate,2,,,0.0,,3.0,0.008289307919449198,1.0000 0.0000
histfill,sentinel1,treatment_0020,treatment,treatment_0020,3,5,10,path,1,1.0,0.009348812387684166,inf,True,,,
histfill,sentinel1,treatment_0020,treatment,treatment_0020,3,5,10,path,2,2.0,0.009348812387684166,0.0,False,,,
histfill,sentinel1,treatment_0020,treatment,treatment_0020,3,5,10,candidate,1,,,,,1.0,0.009348812387684166,1.0000
histfill,sentinel1,treatment_0020,treatment,treatment_0020,3,5,10,candidate,1,,,,,2.0,0.016099740342672666,1.0000
histfill,sentinel1,treatment_0020,treatment,treatment_0020,3,5,10,candidate,1,,,,,3.0,0.02441804168502339,1.0000
histfill,sentinel1,treatment_0020,treatment,treatment_0020,3,5,10,candidate,2,,,0.0,,2.0,0.009348812387684166,1.0000 0.0000
histfill,sentinel1,treatment_0020,treatment,treatment_0020,3,5,10,candidate,2,,,0.0,,3.0,0.009348812387684166,1.0000 0.0000
histfill,sentinel1,treatment_0021,treatment,treatment_0021,3,5,10,path,1,1.0,0.00867149905886726,inf,True,,,
histfill,sentinel1,treatment_0021,treatment,treatment_0021,3,5,10,path,2,2.0,0.00867149905886726,0.0,False,,,
histfill,sentinel1,treatment_0021,treatment,treatment_0021,3,5,10,candidate,1,,,,,1.0,0.00867149905886726,1.0000
histfill,sentinel1,treatment_0021,treatment,treatment_0021,3,5,10,candidate,1,,,,,2.0,0.01498951382404567,1.0000
histfill,sentinel1,treatment_0021,treatment,treatment_0021,3,5,10,candidate,1,,,,,3.0,0.02284654047212253,1.0000
histfill,sentinel1,treatment_0021,treatment,treatment_0021,3,5,10,candidate,2,,,0.0,,2.0,0.00867149905886726,1.0000 0.0000
histfill,sentinel1,treatment_0021,treatment,treatment_0021,3,5,10,candidate,2,,,0.0,,3.0,0.00867149905886726,1.0000 0.0000
histfill,sentinel1,treatment_0022,treatment,treatment_0022,3,5,10,path,1,1.0,0.008642499254060706,inf,True,,,
histfill,sentinel1,treatment_0022,treatment,treatment_0022,3,5,10,path,2,2.0,0.008642499254060706,0.0,False,,,
histfill,sentinel1,treatment_0022,treatment,treatment_0022,3,5,10,candidate,1,,,,,1.0,0.008642499254060706,1.0000
histfill,sentinel1,treatment_0022,treatment,treatment_0022,3,5,10,candidate,1,,,,,2.0,0.014847050416248739,1.0000
histfill,sentinel1,treatment_0022,treatment,treatment_0022,3,5,10,candidate,1,,,,,3.0,0.022488033595842,1.0000
histfill,sentinel1,treatment_0022,treatment,treatment_0022,3,5,10,candidate,2,,,0.0,,2.0,0.008642499254060706,1.0000 0.0000
histfill,sentinel1,treatment_0022,treatment,treatment_0022,3,5,10,candidate,2,,,0.0,,3.0,0.008642499254060706,1.0000 0.0000
histfill,sentinel1,treatment_0023,treatment,treatment_0023,3,5,10,path,1,1.0,0.008246783849270958,inf,True,,,
histfill,sentinel1,treatment_0023,treatment,treatment_0023,3,5,10,path,2,2.0,0.008246783849270958,0.0,False,,,
histfill,sentinel1,treatment_0023,treatment,treatment_0023,3,5,10,candidate,1,,,,,1.0,0.008246783849270958,1.0000
histfill,sentinel1,treatment_0023,treatment,treatment_0023,3,5,10,candidate,1,,,,,2.0,0.01462288312004156,1.0000
histfill,sentinel1,treatment_0023,treatment,treatment_0023,3,5,10,candidate,1,,,,,3.0,0.022789179839005823,1.0000
histfill,sentinel1,treatment_0023,treatment,treatment_0023,3,5,10,candidate,2,,,0.0,,2.0,0.008246783849270958,1.0000 0.0000
histfill,sentinel1,treatment_0023,treatment,treatment_0023,3,5,10,candidate,2,,,0.0,,3.0,0.008246783849270958,1.0000 0.0000
histfill,sentinel1,treatment_0024,treatment,treatment_0024,3,5,10,path,1,1.0,0.009017280836782052,inf,True,,,
histfill,sentinel1,treatment_0024,treatment,treatment_0024,3,5,10,path,2,2.0,0.009017280836782052,0.0,False,,,
histfill,sentinel1,treatment_0024,treatment,treatment_0024,3,5,10,candidate,1,,,,,1.0,0.009017280836782052,1.0000
histfill,sentinel1,treatment_0024,treatment,treatment_0024,3,5,10,candidate,1,,,,,2.0,0.015838576121381513,1.0000
histfill,sentinel1,treatment_0024,treatment,treatment_0024,3,5,10,candidate,1,,,,,3.0,0.024459364668598653,1.0000
histfill,sentinel1,treatment_0024,treatment,treatment_0024,3,5,10,candidate,2,,,0.0,,2.0,0.009017280836782052,1.0000 0.0000
histfill,sentinel1,treatment_0024,treatment,treatment_0024,3,5,10,candidate,2,,,0.0,,3.0,0.009017280836782052,1.0000 0.0000
histfill,sentinel1,treatment_0025,treatment,treatment_0025,3,5,10,path,1,1.0,0.008002241146314112,inf,True,,,
histfill,sentinel1,treatment_0025,treatment,treatment_0025,3,5,10,path,2,2.0,0.008002241146314112,0.0,False,,,
histfill,sentinel1,treatment_0025,treatment,treatment_0025,3,5,10,candidate,1,,,,,1.0,0.008002241146314112,1.0000
histfill,sentinel1,treatment_0025,treatment,treatment_0025,3,5,10,candidate,1,,,,,2.0,0.014062649878857001,1.0000
histfill,sentinel1,treatment_0025,treatment,treatment_0025,3,5,10,candidate,1,,,,,3.0,0.021729575633800378,1.0000
histfill,sentinel1,treatment_0025,treatment,treatment_0025,3,5,10,candidate,2,,,0.0,,2.0,0.008002241146314112,1.0000 0.0000
histfill,sentinel1,treatment_0025,treatment,treatment_0025,3,5,10,candidate,2,,,0.0,,3.0,0.008002241146314112,1.0000 0.0000
histfill,sentinel1,treatment_0027,treatment,treatment_0027,3,5,10,path,1,1.0,0.006926423834292882,inf,True,,,
histfill,sentinel1,treatment_0027,treatment,treatment_0027,3,5,10,path,2,2.0,0.006926423834292882,0.0,False,,,
histfill,sentinel1,treatment_0027,treatment,treatment_0027,3,5,10,candidate,1,,,,,1.0,0.006926423834292882,1.0000
histfill,sentinel1,treatment_0027,treatment,treatment_0027,3,5,10,candidate,1,,,,,2.0,0.011597185924870208,1.0000
histfill,sentinel1,treatment_0027,treatment,treatment_0027,3,5,10,candidate,1,,,,,3.0,0.017162133675056118,1.0000
histfill,sentinel1,treatment_0027,treatment,treatment_0027,3,5,10,candidate,2,,,0.0,,2.0,0.006926423834292882,1.0000 0.0000
histfill,sentinel1,treatment_0027,treatment,treatment_0027,3,5,10,candidate,2,,,0.0,,3.0,0.006926423834292882,1.0000 0.0000
histfill,sentinel1,treatment_0015,treatment,treatment_0015,3,6,10,path,1,1.0,0.008803269621049627,inf,True,,,
histfill,sentinel1,treatment_0015,treatment,treatment_0015,3,6,10,path,2,2.0,0.008803269621049627,0.0,False,,,
histfill,sentinel1,treatment_0015,treatment,treatment_0015,3,6,10,candidate,1,,,,,1.0,0.008803269621049627,1.0000
histfill,sentinel1,treatment_0015,treatment,treatment_0015,3,6,10,candidate,1,,,,,2.0,0.015402096323987154,1.0000
histfill,sentinel1,treatment_0015,treatment,treatment_0015,3,6,10,candidate,2,,,0.0,,2.0,0.008803269621049627,1.0000 0.0000
histfill,sentinel1,treatment_0016,treatment,treatment_0016,3,6,10,path,1,1.0,0.010225130459163215,inf,True,,,
histfill,sentinel1,treatment_0016,treatment,treatment_0016,3,6,10,path,2,2.0,0.010225130459163215,0.0,False,,,
histfill,sentinel1,treatment_0016,treatment,treatment_0016,3,6,10,candidate,1,,,,,1.0,0.010225130459163215,1.0000
histfill,sentinel1,treatment_0016,treatment,treatment_0016,3,6,10,candidate,1,,,,,2.0,0.017477639334951403,1.0000
histfill,sentinel1,treatment_0016,treatment,treatment_0016,3,6,10,candidate,2,,,0.0,,2.0,0.010225130459163215,1.0000 0.0000
histfill,sentinel1,treatment_0017,treatment,treatment_0017,3,6,10,path,1,1.0,0.008497675906362119,inf,True,,,
histfill,sentinel1,treatment_0017,treatment,treatment_0017,3,6,10,path,2,2.0,0.008497675906362119,0.0,False,,,
histfill,sentinel1,treatment_0017,treatment,treatment_0017,3,6,10,candidate,1,,,,,1.0,0.008497675906362119,1.0000
histfill,sentinel1,treatment_0017,treatment,treatment_0017,3,6,10,candidate,1,,,,,2.0,0.01469504619610287,1.0000
histfill,sentinel1,treatment_0017,treatment,treatment_0017,3,6,10,candidate,2,,,0.0,,2.0,0.008497675906362119,1.0000 0.0000
histfill,sentinel1,treatment_0018,treatment,treatment_0018,3,6,10,path,1,1.0,0.008472644043373173,inf,True,,,
histfill,sentinel1,treatment_0018,treatment,treatment_0018,3,6,10,path,2,2.0,0.008472644043373173,0.0,False,,,
histfill,sentinel1,treatment_0018,treatment,treatment_0018,3,6,10,candidate,1,,,,,1.0,0.008472644043373173,1.0000
histfill,sentinel1,treatment_0018,treatment,treatment_0018,3,6,10,candidate,1,,,,,2.0,0.014785100781869386,1.0000
histfill,sentinel1,treatment_0018,treatment,treatment_0018,3,6,10,candidate,2,,,0.0,,2.0,0.008472644043373173,1.0000 0.0000
histfill,sentinel1,treatment_0019,treatment,treatment_0019,3,6,10,path,1,1.0,0.00812422596683139,inf,True,,,
histfill,sentinel1,treatment_0019,treatment,treatment_0019,3,6,10,path,2,2.0,0.00812422596683139,0.0,False,,,
histfill,sentinel1,treatment_0019,treatment,treatment_0019,3,6,10,candidate,1,,,,,1.0,0.00812422596683139,1.0000
histfill,sentinel1,treatment_0019,treatment,treatment_0019,3,6,10,candidate,1,,,,,2.0,0.014127528648181103,1.0000
histfill,sentinel1,treatment_0019,treatment,treatment_0019,3,6,10,candidate,2,,,0.0,,2.0,0.00812422596683139,1.0000 0.0000
histfill,sentinel1,treatment_0020,treatment,treatment_0020,3,6,10,path,1,1.0,0.00911834311245457,inf,True,,,
histfill,sentinel1,treatment_0020,treatment,treatment_0020,3,6,10,path,2,2.0,0.00911834311245457,0.0,False,,,
histfill,sentinel1,treatment_0020,treatment,treatment_0020,3,6,10,candidate,1,,,,,1.0,0.00911834311245457,1.0000
histfill,sentinel1,treatment_0020,treatment,treatment_0020,3,6,10,candidate,1,,,,,2.0,0.01574456047601423,1.0000
histfill,sentinel1,treatment_0020,treatment,treatment_0020,3,6,10,candidate,2,,,0.0,,2.0,0.00911834311245457,1.0000 0.0000
histfill,sentinel1,treatment_0021,treatment,treatment_0021,3,6,10,path,1,1.0,0.008499140532601267,inf,True,,,
histfill,sentinel1,treatment_0021,treatment,treatment_0021,3,6,10,path,2,2.0,0.008499140532601267,0.0,False,,,
histfill,sentinel1,treatment_0021,treatment,treatment_0021,3,6,10,candidate,1,,,,,1.0,0.008499140532601267,1.0000
histfill,sentinel1,treatment_0021,treatment,treatment_0021,3,6,10,candidate,1,,,,,2.0,0.014746137313733582,1.0000
histfill,sentinel1,treatment_0021,treatment,treatment_0021,3,6,10,candidate,2,,,0.0,,2.0,0.008499140532601267,1.0000 0.0000
histfill,sentinel1,treatment_0022,treatment,treatment_0022,3,6,10,path,1,1.0,0.008419048182886779,inf,True,,,
histfill,sentinel1,treatment_0022,treatment,treatment_0022,3,6,10,path,2,2.0,0.008419048182886779,0.0,False,,,
histfill,sentinel1,treatment_0022,treatment,treatment_0022,3,6,10,candidate,1,,,,,1.0,0.008419048182886779,1.0000
histfill,sentinel1,treatment_0022,treatment,treatment_0022,3,6,10,candidate,1,,,,,2.0,0.014514849914239276,1.0000
histfill,sentinel1,treatment_0022,treatment,treatment_0022,3,6,10,candidate,2,,,0.0,,2.0,0.008419048182886779,1.0000 0.0000
histfill,sentinel1,treatment_0023,treatment,treatment_0023,3,6,10,path,1,1.0,0.008225837383244573,inf,True,,,
histfill,sentinel1,treatment_0023,treatment,treatment_0023,3,6,10,path,2,2.0,0.008225837383244573,0.0,False,,,
histfill,sentinel1,treatment_0023,treatment,treatment_0023,3,6,10,candidate,1,,,,,1.0,0.008225837383244573,1.0000
histfill,sentinel1,treatment_0023,treatment,treatment_0023,3,6,10,candidate,1,,,,,2.0,0.014585971761311996,1.0000
histfill,sentinel1,treatment_0023,treatment,treatment_0023,3,6,10,candidate,2,,,0.0,,2.0,0.008225837383244573,1.0000 0.0000
histfill,sentinel1,treatment_0024,treatment,treatment_0024,3,6,10,path,1,1.0,0.008919144457280953,inf,True,,,
histfill,sentinel1,treatment_0024,treatment,treatment_0024,3,6,10,path,2,2.0,0.008919144457280953,0.0,False,,,
histfill,sentinel1,treatment_0024,treatment,treatment_0024,3,6,10,candidate,1,,,,,1.0,0.008919144457280953,1.0000
histfill,sentinel1,treatment_0024,treatment,treatment_0024,3,6,10,candidate,1,,,,,2.0,0.015672520841178636,1.0000
histfill,sentinel1,treatment_0024,treatment,treatment_0024,3,6,10,candidate,2,,,0.0,,2.0,0.008919144457280953,1.0000 0.0000
histfill,sentinel1,treatment_0025,treatment,treatment_0025,3,6,10,path,1,1.0,0.007919829826427789,inf,True,,,
histfill,sentinel1,treatment_0025,treatment,treatment_0025,3,6,10,path,2,2.0,0.007919829826427789,0.0,False,,,
histfill,sentinel1,treatment_0025,treatment,treatment_0025,3,6,10,candidate,1,,,,,1.0,0.007919829826427789,1.0000
histfill,sentinel1,treatment_0025,treatment,treatment_0025,3,6,10,candidate,1,,,,,2.0,0.013924581594274392,1.0000
histfill,sentinel1,treatment_0025,treatment,treatment_0025,3,6,10,candidate,2,,,0.0,,2.0,0.007919829826427789,1.0000 0.0000
histfill,sentinel1,treatment_0027,treatment,treatment_0027,3,6,10,path,1,1.0,0.006643180443971188,inf,True,,,
histfill,sentinel1,treatment_0027,treatment,treatment_0027,3,6,10,path,2,2.0,0.006643180443971188,0.0,False,,,
histfill,sentinel1,treatment_0027,treatment,treatment_0027,3,6,10,candidate,1,,,,,1.0,0.006643180443971188,1.0000
histfill,sentinel1,treatment_0027,treatment,treatment_0027,3,6,10,candidate,1,,,,,2.0,0.011203693973470435,1.0000
histfill,sentinel1,treatment_0027,treatment,treatment_0027,3,6,10,candidate,2,,,0.0,,2.0,0.006643180443971188,1.0000 0.0000
histfill,sentinel1,treatment_0015,treatment,treatment_0015,3,7,10,path,1,1.0,0.00869865516570769,inf,True,,,
histfill,sentinel1,treatment_0015,treatment,treatment_0015,3,7,10,candidate,1,,,,,1.0,0.00869865516570769,1.0000
histfill,sentinel1,treatment_0016,treatment,treatment_0016,3,7,10,path,1,1.0,0.010037280795367396,inf,True,,,
histfill,sentinel1,treatment_0016,treatment,treatment_0016,3,7,10,candidate,1,,,,,1.0,0.010037280795367396,1.0000
histfill,sentinel1,treatment_0017,treatment,treatment_0017,3,7,10,path,1,1.0,0.008337748521154646,inf,True,,,
histfill,sentinel1,treatment_0017,treatment,treatment_0017,3,7,10,candidate,1,,,,,1.0,0.008337748521154646,1.0000
histfill,sentinel1,treatment_0018,treatment,treatment_0018,3,7,10,path,1,1.0,0.00834258381585321,inf,True,,,
histfill,sentinel1,treatment_0018,treatment,treatment_0018,3,7,10,candidate,1,,,,,1.0,0.00834258381585321,1.0000
histfill,sentinel1,treatment_0019,treatment,treatment_0019,3,7,10,path,1,1.0,0.007975845553743395,inf,True,,,
histfill,sentinel1,treatment_0019,treatment,treatment_0019,3,7,10,candidate,1,,,,,1.0,0.007975845553743395,1.0000
histfill,sentinel1,treatment_0020,treatment,treatment_0020,3,7,10,path,1,1.0,0.00892955234964885,inf,True,,,
histfill,sentinel1,treatment_0020,treatment,treatment_0020,3,7,10,candidate,1,,,,,1.0,0.00892955234964885,1.0000
histfill,sentinel1,treatment_0021,treatment,treatment_0021,3,7,10,path,1,1.0,0.008374757539988698,inf,True,,,
histfill,sentinel1,treatment_0021,treatment,treatment_0021,3,7,10,candidate,1,,,,,1.0,0.008374757539988698,1.0000
histfill,sentinel1,treatment_0022,treatment,treatment_0022,3,7,10,path,1,1.0,0.008244814493591004,inf,True,,,
histfill,sentinel1,treatment_0022,treatment,treatment_0022,3,7,10,candidate,1,,,,,1.0,0.008244814493591004,1.0000
histfill,sentinel1,treatment_0023,treatment,treatment_0023,3,7,10,path,1,1.0,0.008205136627133802,inf,True,,,
histfill,sentinel1,treatment_0023,treatment,treatment_0023,3,7,10,candidate,1,,,,,1.0,0.008205136627133802,1.0000
histfill,sentinel1,treatment_0024,treatment,treatment_0024,3,7,10,path,1,1.0,0.008827353061769017,inf,True,,,
histfill,sentinel1,treatment_0024,treatment,treatment_0024,3,7,10,candidate,1,,,,,1.0,0.008827353061769017,1.0000
histfill,sentinel1,treatment_0025,treatment,treatment_0025,3,7,10,path,1,1.0,0.007843782102924293,inf,True,,,
histfill,sentinel1,treatment_0025,treatment,treatment_0025,3,7,10,candidate,1,,,,,1.0,0.007843782102924293,1.0000
histfill,sentinel1,treatment_0027,treatment,treatment_0027,3,7,10,path,1,1.0,0.006443609028297439,inf,True,,,
histfill,sentinel1,treatment_0027,treatment,treatment_0027,3,7,10,candidate,1,,,,,1.0,0.006443609028297439,1.0000
histfill,sentinel2,treatment_0001,treatment,treatment_0001,2,2,10,path,1,1.0,0.0063222469468282964,inf,True,,,
histfill,sentinel2,treatment_0001,treatment,treatment_0001,2,2,10,path,2,2.0,0.0063222469468282964,0.0,False,,,
histfill,sentinel2,treatment_0001,treatment,treatment_0001,2,2,10,candidate,1,,,,,1.0,0.0063222469468282964,1.0000
histfill,sentinel2,treatment_0001,treatment,treatment_0001,2,2,10,candidate,1,,,,,2.0,0.013784571698379997,1.0000
histfill,sentinel2,treatment_0001,treatment,treatment_0001,2,2,10,candidate,1,,,,,3.0,0.02379800682653589,1.0000
histfill,sentinel2,treatment_0001,treatment,treatment_0001,2,2,10,candidate,1,,,,,4.0,0.03619161240686588,1.0000
histfill,sentinel2,treatment_0001,treatment,treatment_0001,2,2,10,candidate,1,,,,,5.0,0.050849677423565484,1.0000
histfill,sentinel2,treatment_0001,treatment,treatment_0001,2,2,10,candidate,1,,,,,6.0,0.06771952267390453,1.0000
histfill,sentinel2,treatment_0001,treatment,treatment_0001,2,2,10,candidate,1,,,,,7.0,0.08682461566162872,1.0000
histfill,sentinel2,treatment_0001,treatment,treatment_0001,2,2,10,candidate,2,,,0.0,,2.0,0.0063222469468282964,1.0000 0.0000
histfill,sentinel2,treatment_0001,treatment,treatment_0001,2,2,10,candidate,2,,,0.0,,3.0,0.0063222469468282964,1.0000 0.0000
histfill,sentinel2,treatment_0001,treatment,treatment_0001,2,2,10,candidate,2,,,0.0,,4.0,0.0063222469468282964,1.0000 0.0000
histfill,sentinel2,treatment_0001,treatment,treatment_0001,2,2,10,candidate,2,,,0.0,,5.0,0.0063222469468282964,1.0000 0.0000
histfill,sentinel2,treatment_0001,treatment,treatment_0001,2,2,10,candidate,2,,,0.0,,6.0,0.0063222469468282964,1.0000 0.0000
histfill,sentinel2,treatment_0001,treatment,treatment_0001,2,2,10,candidate,2,,,0.0,,7.0,0.0063222469468282964,1.0000 0.0000
histfill,sentinel2,treatment_0002,treatment,treatment_0002,2,2,10,path,1,1.0,0.005025092452735774,inf,True,,,
histfill,sentinel2,treatment_0002,treatment,treatment_0002,2,2,10,path,2,2.0,0.005025092452735774,0.0,False,,,
histfill,sentinel2,treatment_0002,treatment,treatment_0002,2,2,10,candidate,1,,,,,1.0,0.005025092452735774,1.0000
histfill,sentinel2,treatment_0002,treatment,treatment_0002,2,2,10,candidate,1,,,,,2.0,0.011076586821255176,1.0000
histfill,sentinel2,treatment_0002,treatment,treatment_0002,2,2,10,candidate,1,,,,,3.0,0.019320756416811993,1.0000
histfill,sentinel2,treatment_0002,treatment,treatment_0002,2,2,10,candidate,1,,,,,4.0,0.029663840144271536,1.0000
histfill,sentinel2,treatment_0002,treatment,treatment_0002,2,2,10,candidate,1,,,,,5.0,0.04203377690319779,1.0000
histfill,sentinel2,treatment_0002,treatment,treatment_0002,2,2,10,candidate,1,,,,,6.0,0.05637824404944959,1.0000
histfill,sentinel2,treatment_0002,treatment,treatment_0002,2,2,10,candidate,1,,,,,7.0,0.07266343320440764,1.0000
histfill,sentinel2,treatment_0002,treatment,treatment_0002,2,2,10,candidate,2,,,0.0,,2.0,0.005025092452735774,1.0000 0.0000
histfill,sentinel2,treatment_0002,treatment,treatment_0002,2,2,10,candidate,2,,,0.0,,3.0,0.005025092452735774,1.0000 0.0000
histfill,sentinel2,treatment_0002,treatment,treatment_0002,2,2,10,candidate,2,,,0.0,,4.0,0.005025092452735774,1.0000 0.0000
histfill,sentinel2,treatment_0002,treatment,treatment_0002,2,2,10,candidate,2,,,0.0,,5.0,0.005025092452735774,1.0000 0.0000
histfill,sentinel2,treatment_0002,treatment,treatment_0002,2,2,10,candidate,2,,,0.0,,6.0,0.005025092452735774,1.0000 0.0000
histfill,sentinel2,treatment_0002,treatment,treatment_0002,2,2,10,candidate,2,,,0.0,,7.0,0.005025092452735774,1.0000 0.0000
histfill,sentinel2,treatment_0003,treatment,treatment_0003,2,2,10,path,1,1.0,0.007238664411837644,inf,True,,,
histfill,sentinel2,treatment_0003,treatment,treatment_0003,2,2,10,path,2,2.0,0.007238664411837644,0.0,False,,,
histfill,sentinel2,treatment_0003,treatment,treatment_0003,2,2,10,candidate,1,,,,,1.0,0.007238664411837644,1.0000
histfill,sentinel2,treatment_0003,treatment,treatment_0003,2,2,10,candidate,1,,,,,2.0,0.016170704606144747,1.0000
histfill,sentinel2,treatment_0003,treatment,treatment_0003,2,2,10,candidate,1,,,,,3.0,0.028551381152162877,1.0000
histfill,sentinel2,treatment_0003,treatment,treatment_0003,2,2,10,candidate,1,,,,,4.0,0.04431657444647013,1.0000
histfill,sentinel2,treatment_0003,treatment,treatment_0003,2,2,10,candidate,1,,,,,5.0,0.06340457868924944,1.0000
histfill,sentinel2,treatment_0003,treatment,treatment_0003,2,2,10,candidate,1,,,,,6.0,0.08575563489678403,1.0000
histfill,sentinel2,treatment_0003,treatment,treatment_0003,2,2,10,candidate,1,,,,,7.0,0.11131260973901015,1.0000
histfill,sentinel2,treatment_0003,treatment,treatment_0003,2,2,10,candidate,2,,,0.0,,2.0,0.007238664411837644,1.0000 0.0000
histfill,sentinel2,treatment_0003,treatment,treatment_0003,2,2,10,candidate,2,,,0.0,,3.0,0.007238664411837644,1.0000 0.0000
histfill,sentinel2,treatment_0003,treatment,treatment_0003,2,2,10,candidate,2,,,0.0,,4.0,0.007238664411837644,1.0000 0.0000
histfill,sentinel2,treatment_0003,treatment,treatment_0003,2,2,10,candidate,2,,,0.0,,5.0,0.007238664411837644,1.0000 0.0000
histfill,sentinel2,treatment_0003,treatment,treatment_0003,2,2,10,candidate,2,,,0.0,,6.0,0.007238664411837644,1.0000 0.0000
histfill,sentinel2,treatment_0003,treatment,treatment_0003,2,2,10,candidate,2,,,0.0,,7.0,0.007238664411837644,1.0000 0.0000
histfill,sentinel2,treatment_0004,treatment,treatment_0004,2,2,10,path,1,1.0,0.005851033276809435,inf,True,,,
histfill,sentinel2,treatment_0004,treatment,treatment_0004,2,2,10,path,2,2.0,0.005851033276809435,0.0,False,,,
histfill,sentinel2,treatment_0004,treatment,treatment_0004,2,2,10,candidate,1,,,,,1.0,0.005851033276809435,1.0000
histfill,sentinel2,treatment_0004,treatment,treatment_0004,2,2,10,candidate,1,,,,,2.0,0.01263364748253296,1.0000
histfill,sentinel2,treatment_0004,treatment,treatment_0004,2,2,10,candidate,1,,,,,3.0,0.021732605673046728,1.0000
histfill,sentinel2,treatment_0004,treatment,treatment_0004,2,2,10,candidate,1,,,,,4.0,0.033073706662247786,1.0000
histfill,sentinel2,treatment_0004,treatment,treatment_0004,2,2,10,candidate,1,,,,,5.0,0.046617000334401665,1.0000
histfill,sentinel2,treatment_0004,treatment,treatment_0004,2,2,10,candidate,1,,,,,6.0,0.06233842475985907,1.0000
histfill,sentinel2,treatment_0004,treatment,treatment_0004,2,2,10,candidate,1,,,,,7.0,0.08024748362471784,1.0000
histfill,sentinel2,treatment_0004,treatment,treatment_0004,2,2,10,candidate,2,,,0.0,,2.0,0.005851033276809435,1.0000 0.0000
histfill,sentinel2,treatment_0004,treatment,treatment_0004,2,2,10,candidate,2,,,0.0,,3.0,0.005851033276809435,1.0000 0.0000
histfill,sentinel2,treatment_0004,treatment,treatment_0004,2,2,10,candidate,2,,,0.0,,4.0,0.005851033276809435,1.0000 0.0000
histfill,sentinel2,treatment_0004,treatment,treatment_0004,2,2,10,candidate,2,,,0.0,,5.0,0.005851033276809435,1.0000 0.0000
histfill,sentinel2,treatment_0004,treatment,treatment_0004,2,2,10,candidate,2,,,0.0,,6.0,0.005851033276809435,1.0000 0.0000
histfill,sentinel2,treatment_0004,treatment,treatment_0004,2,2,10,candidate,2,,,0.0,,7.0,0.005851033276809435,1.0000 0.0000
histfill,sentinel2,treatment_0005,treatment,treatment_0005,2,2,10,path,1,1.0,0.006727672036514204,inf,True,,,
histfill,sentinel2,treatment_0005,treatment,treatment_0005,2,2,10,path,2,2.0,0.006727672036514204,0.0,False,,,
histfill,sentinel2,treatment_0005,treatment,treatment_0005,2,2,10,candidate,1,,,,,1.0,0.006727672036514204,1.0000
histfill,sentinel2,treatment_0005,treatment,treatment_0005,2,2,10,candidate,1,,,,,2.0,0.014270498055566,1.0000
histfill,sentinel2,treatment_0005,treatment,treatment_0005,2,2,10,candidate,1,,,,,3.0,0.023972667925252867,1.0000
histfill,sentinel2,treatment_0005,treatment,treatment_0005,2,2,10,candidate,1,,,,,4.0,0.035481562407344805,1.0000
histfill,sentinel2,treatment_0005,treatment,treatment_0005,2,2,10,candidate,1,,,,,5.0,0.04853991418123821,1.0000
histfill,sentinel2,treatment_0005,treatment,treatment_0005,2,2,10,candidate,1,,,,,6.0,0.06301015283641925,1.0000
histfill,sentinel2,treatment_0005,treatment,treatment_0005,2,2,10,candidate,1,,,,,7.0,0.07892570108796264,1.0000
histfill,sentinel2,treatment_0005,treatment,treatment_0005,2,2,10,candidate,2,,,0.0,,2.0,0.006727672036514204,1.0000 0.0000
histfill,sentinel2,treatment_0005,treatment,treatment_0005,2,2,10,candidate,2,,,0.0,,3.0,0.006727672036514204,1.0000 0.0000
histfill,sentinel2,treatment_0005,treatment,treatment_0005,2,2,10,candidate,2,,,0.0,,4.0,0.006727672036514204,1.0000 0.0000
histfill,sentinel2,treatment_0005,treatment,treatment_0005,2,2,10,candidate,2,,,0.0,,5.0,0.006727672036514204,1.0000 0.0000
histfill,sentinel2,treatment_0005,treatment,treatment_0005,2,2,10,candidate,2,,,0.0,,6.0,0.006727672036514204,1.0000 0.0000
histfill,sentinel2,treatment_0005,treatment,treatment_0005,2,2,10,candidate,2,,,0.0,,7.0,0.006727672036514204,1.0000 0.0000
histfill,sentinel2,treatment_0006,treatment,treatment_0006,2,2,10,path,1,1.0,0.008241652309727518,inf,True,,,
histfill,sentinel2,treatment_0006,treatment,treatment_0006,2,2,10,path,2,2.0,0.008241652309727518,0.0,False,,,
histfill,sentinel2,treatment_0006,treatment,treatment_0006,2,2,10,candidate,1,,,,,1.0,0.008241652309727518,1.0000
histfill,sentinel2,treatment_0006,treatment,treatment_0006,2,2,10,candidate,1,,,,,2.0,0.01785705129714751,1.0000
histfill,sentinel2,treatment_0006,treatment,treatment_0006,2,2,10,candidate,1,,,,,3.0,0.03057384903163793,1.0000
histfill,sentinel2,treatment_0006,treatment,treatment_0006,2,2,10,candidate,1,,,,,4.0,0.046019052626445886,1.0000
histfill,sentinel2,treatment_0006,treatment,treatment_0006,2,2,10,candidate,1,,,,,5.0,0.06386349080785192,1.0000
histfill,sentinel2,treatment_0006,treatment,treatment_0006,2,2,10,candidate,1,,,,,6.0,0.08382922667138519,1.0000
histfill,sentinel2,treatment_0006,treatment,treatment_0006,2,2,10,candidate,1,,,,,7.0,0.10570036046238454,1.0000
histfill,sentinel2,treatment_0006,treatment,treatment_0006,2,2,10,candidate,2,,,0.0,,2.0,0.008241652309727518,1.0000 0.0000
histfill,sentinel2,treatment_0006,treatment,treatment_0006,2,2,10,candidate,2,,,0.0,,3.0,0.008241652309727518,1.0000 0.0000
histfill,sentinel2,treatment_0006,treatment,treatment_0006,2,2,10,candidate,2,,,0.0,,4.0,0.008241652309727518,1.0000 0.0000
histfill,sentinel2,treatment_0006,treatment,treatment_0006,2,2,10,candidate,2,,,0.0,,5.0,0.008241652309727518,1.0000 0.0000
histfill,sentinel2,treatment_0006,treatment,treatment_0006,2,2,10,candidate,2,,,0.0,,6.0,0.008241652309727518,1.0000 0.0000
histfill,sentinel2,treatment_0006,treatment,treatment_0006,2,2,10,candidate,2,,,0.0,,7.0,0.008241652309727518,1.0000 0.0000
histfill,sentinel2,treatment_0007,treatment,treatment_0007,2,2,10,path,1,1.0,0.008509699025575697,inf,True,,,
histfill,sentinel2,treatment_0007,treatment,treatment_0007,2,2,10,path,2,2.0,0.008509699025575697,0.0,False,,,
histfill,sentinel2,treatment_0007,treatment,treatment_0007,2,2,10,candidate,1,,,,,1.0,0.008509699025575697,1.0000
histfill,sentinel2,treatment_0007,treatment,treatment_0007,2,2,10,candidate,1,,,,,2.0,0.01868602274932624,1.0000
histfill,sentinel2,treatment_0007,treatment,treatment_0007,2,2,10,candidate,1,,,,,3.0,0.03241041020344065,1.0000
histfill,sentinel2,treatment_0007,treatment,treatment_0007,2,2,10,candidate,1,,,,,4.0,0.04939843577009351,1.0000
histfill,sentinel2,treatment_0007,treatment,treatment_0007,2,2,10,candidate,1,,,,,5.0,0.0693885203681801,1.0000
histfill,sentinel2,treatment_0007,treatment,treatment_0007,2,2,10,candidate,1,,,,,6.0,0.09215579491481811,1.0000
histfill,sentinel2,treatment_0007,treatment,treatment_0007,2,2,10,candidate,1,,,,,7.0,0.11753059985537458,1.0000
histfill,sentinel2,treatment_0007,treatment,treatment_0007,2,2,10,candidate,2,,,0.0,,2.0,0.008509699025575697,1.0000 0.0000
histfill,sentinel2,treatment_0007,treatment,treatment_0007,2,2,10,candidate,2,,,0.0,,3.0,0.008509699025575697,1.0000 0.0000
histfill,sentinel2,treatment_0007,treatment,treatment_0007,2,2,10,candidate,2,,,0.0,,4.0,0.008509699025575697,1.0000 0.0000
histfill,sentinel2,treatment_0007,treatment,treatment_0007,2,2,10,candidate,2,,,0.0,,5.0,0.008509699025575697,1.0000 0.0000
histfill,sentinel2,treatment_0007,treatment,treatment_0007,2,2,10,candidate,2,,,0.0,,6.0,0.008509699025575697,1.0000 0.0000
histfill,sentinel2,treatment_0007,treatment,treatment_0007,2,2,10,candidate,2,,,0.0,,7.0,0.008509699025575697,1.0000 0.0000
histfill,sentinel2,treatment_0008,treatment,treatment_0008,2,2,10,path,1,1.0,0.007544883230623207,inf,True,,,
histfill,sentinel2,treatment_0008,treatment,treatment_0008,2,2,10,path,2,2.0,0.007544883230623207,0.0,False,,,
histfill,sentinel2,treatment_0008,treatment,treatment_0008,2,2,10,candidate,1,,,,,1.0,0.007544883230623207,1.0000
histfill,sentinel2,treatment_0008,treatment,treatment_0008,2,2,10,candidate,1,,,,,2.0,0.015765052453102814,1.0000
histfill,sentinel2,treatment_0008,treatment,treatment_0008,2,2,10,candidate,1,,,,,3.0,0.02618746312459847,1.0000
histfill,sentinel2,treatment_0008,treatment,treatment_0008,2,2,10,candidate,1,,,,,4.0,0.03850122067662851,1.0000
histfill,sentinel2,treatment_0008,treatment,treatment_0008,2,2,10,candidate,1,,,,,5.0,0.052576657522399296,1.0000
histfill,sentinel2,treatment_0008,treatment,treatment_0008,2,2,10,candidate,1,,,,,6.0,0.06845483575769137,1.0000
histfill,sentinel2,treatment_0008,treatment,treatment_0008,2,2,10,candidate,1,,,,,7.0,0.0863576127806203,1.0000
histfill,sentinel2,treatment_0008,treatment,treatment_0008,2,2,10,candidate,2,,,0.0,,2.0,0.007544883230623207,1.0000 0.0000
histfill,sentinel2,treatment_0008,treatment,treatment_0008,2,2,10,candidate,2,,,0.0,,3.0,0.007544883230623207,1.0000 0.0000
histfill,sentinel2,treatment_0008,treatment,treatment_0008,2,2,10,candidate,2,,,0.0,,4.0,0.007544883230623207,1.0000 0.0000
histfill,sentinel2,treatment_0008,treatment,treatment_0008,2,2,10,candidate,2,,,0.0,,5.0,0.007544883230623207,1.0000 0.0000
histfill,sentinel2,treatment_0008,treatment,treatment_0008,2,2,10,candidate,2,,,0.0,,6.0,0.007544883230623207,1.0000 0.0000
histfill,sentinel2,treatment_0008,treatment,treatment_0008,2,2,10,candidate,2,,,0.0,,7.0,0.007544883230623207,1.0000 0.0000
histfill,sentinel2,treatment_0009,treatment,treatment_0009,2,2,10,path,1,1.0,0.007025279323062791,inf,True,,,
histfill,sentinel2,treatment_0009,treatment,treatment_0009,2,2,10,path,2,2.0,0.007025279323062791,0.0,False,,,
histfill,sentinel2,treatment_0009,treatment,treatment_0009,2,2,10,candidate,1,,,,,1.0,0.007025279323062791,1.0000
histfill,sentinel2,treatment_0009,treatment,treatment_0009,2,2,10,candidate,1,,,,,2.0,0.014574398999834415,1.0000
histfill,sentinel2,treatment_0009,treatment,treatment_0009,2,2,10,candidate,1,,,,,3.0,0.024058909922517028,1.0000
histfill,sentinel2,treatment_0009,treatment,treatment_0009,2,2,10,candidate,1,,,,,4.0,0.03519608585696648,1.0000
histfill,sentinel2,treatment_0009,treatment,treatment_0009,2,2,10,candidate,1,,,,,5.0,0.047900481860916465,1.0000
histfill,sentinel2,treatment_0009,treatment,treatment_0009,2,2,10,candidate,1,,,,,6.0,0.06227174032103834,1.0000
histfill,sentinel2,treatment_0009,treatment,treatment_0009,2,2,10,candidate,1,,,,,7.0,0.07860305549901846,1.0000
histfill,sentinel2,treatment_0009,treatment,treatment_0009,2,2,10,candidate,2,,,0.0,,2.0,0.007025279323062791,1.0000 0.0000
histfill,sentinel2,treatment_0009,treatment,treatment_0009,2,2,10,candidate,2,,,0.0,,3.0,0.007025279323062791,1.0000 0.0000
histfill,sentinel2,treatment_0009,treatment,treatment_0009,2,2,10,candidate,2,,,0.0,,4.0,0.007025279323062791,1.0000 0.0000
histfill,sentinel2,treatment_0009,treatment,treatment_0009,2,2,10,candidate,2,,,0.0,,5.0,0.007025279323062791,1.0000 0.0000
histfill,sentinel2,treatment_0009,treatment,treatment_0009,2,2,10,candidate,2,,,0.0,,6.0,0.007025279323062791,1.0000 0.0000
histfill,sentinel2,treatment_0009,treatment,treatment_0009,2,2,10,candidate,2,,,0.0,,7.0,0.007025279323062791,1.0000 0.0000
histfill,sentinel2,treatment_0010,treatment,treatment_0010,2,2,10,path,1,1.0,0.008063053001694397,inf,True,,,
histfill,sentinel2,treatment_0010,treatment,treatment_0010,2,2,10,path,2,2.0,0.008063053001694397,0.0,False,,,
histfill,sentinel2,treatment_0010,treatment,treatment_0010,2,2,10,candidate,1,,,,,1.0,0.008063053001694397,1.0000
histfill,sentinel2,treatment_0010,treatment,treatment_0010,2,2,10,candidate,1,,,,,2.0,0.01648514020141789,1.0000
histfill,sentinel2,treatment_0010,treatment,treatment_0010,2,2,10,candidate,1,,,,,3.0,0.026758505136114726,1.0000
histfill,sentinel2,treatment_0010,treatment,treatment_0010,2,2,10,candidate,1,,,,,4.0,0.03841450112942001,1.0000
histfill,sentinel2,treatment_0010,treatment,treatment_0010,2,2,10,candidate,1,,,,,5.0,0.05121731010165636,1.0000
histfill,sentinel2,treatment_0010,treatment,treatment_0010,2,2,10,candidate,1,,,,,6.0,0.06513826379627627,1.0000
histfill,sentinel2,treatment_0010,treatment,treatment_0010,2,2,10,candidate,1,,,,,7.0,0.08034529228265895,1.0000
histfill,sentinel2,treatment_0010,treatment,treatment_0010,2,2,10,candidate,2,,,0.0,,2.0,0.008063053001694397,1.0000 0.0000
histfill,sentinel2,treatment_0010,treatment,treatment_0010,2,2,10,candidate,2,,,0.0,,3.0,0.008063053001694397,1.0000 0.0000
histfill,sentinel2,treatment_0010,treatment,treatment_0010,2,2,10,candidate,2,,,0.0,,4.0,0.008063053001694397,1.0000 0.0000
histfill,sentinel2,treatment_0010,treatment,treatment_0010,2,2,10,candidate,2,,,0.0,,5.0,0.008063053001694397,1.0000 0.0000
histfill,sentinel2,treatment_0010,treatment,treatment_0010,2,2,10,candidate,2,,,0.0,,6.0,0.008063053001694397,1.0000 0.0000
histfill,sentinel2,treatment_0010,treatment,treatment_0010,2,2,10,candidate,2,,,0.0,,7.0,0.008063053001694397,1.0000 0.0000
histfill,sentinel2,treatment_0011,treatment,treatment_0011,2,2,10,path,1,1.0,0.006868810469401586,inf,True,,,
histfill,sentinel2,treatment_0011,treatment,treatment_0011,2,2,10,path,2,2.0,0.006868810469401586,0.0,False,,,
histfill,sentinel2,treatment_0011,treatment,treatment_0011,2,2,10,candidate,1,,,,,1.0,0.006868810469401586,1.0000
histfill,sentinel2,treatment_0011,treatment,treatment_0011,2,2,10,candidate,1,,,,,2.0,0.015425826307133007,1.0000
histfill,sentinel2,treatment_0011,treatment,treatment_0011,2,2,10,candidate,1,,,,,3.0,0.027372888530827255,1.0000
histfill,sentinel2,treatment_0011,treatment,treatment_0011,2,2,10,candidate,1,,,,,4.0,0.04269176863440701,1.0000
histfill,sentinel2,treatment_0011,treatment,treatment_0011,2,2,10,candidate,1,,,,,5.0,0.0613645518822535,1.0000
histfill,sentinel2,treatment_0011,treatment,treatment_0011,2,2,10,candidate,1,,,,,6.0,0.08337357026142148,1.0000
histfill,sentinel2,treatment_0011,treatment,treatment_0011,2,2,10,candidate,1,,,,,7.0,0.10870136440733048,1.0000
histfill,sentinel2,treatment_0011,treatment,treatment_0011,2,2,10,candidate,2,,,0.0,,2.0,0.006868810469401586,1.0000 0.0000
histfill,sentinel2,treatment_0011,treatment,treatment_0011,2,2,10,candidate,2,,,0.0,,3.0,0.006868810469401586,1.0000 0.0000
histfill,sentinel2,treatment_0011,treatment,treatment_0011,2,2,10,candidate,2,,,0.0,,4.0,0.006868810469401586,1.0000 0.0000
histfill,sentinel2,treatment_0011,treatment,treatment_0011,2,2,10,candidate,2,,,0.0,,5.0,0.006868810469401586,1.0000 0.0000
histfill,sentinel2,treatment_0011,treatment,treatment_0011,2,2,10,candidate,2,,,0.0,,6.0,0.006868810469401586,1.0000 0.0000
histfill,sentinel2,treatment_0011,treatment,treatment_0011,2,2,10,candidate,2,,,0.0,,7.0,0.006868810469401586,1.0000 0.0000
histfill,sentinel2,treatment_0012,treatment,treatment_0012,2,2,10,path,1,1.0,0.008634063269454852,inf,True,,,
histfill,sentinel2,treatment_0012,treatment,treatment_0012,2,2,10,path,2,2.0,0.008634063269454852,0.0,False,,,
histfill,sentinel2,treatment_0012,treatment,treatment_0012,2,2,10,candidate,1,,,,,1.0,0.008634063269454852,1.0000
histfill,sentinel2,treatment_0012,treatment,treatment_0012,2,2,10,candidate,1,,,,,2.0,0.01936653528897056,1.0000
histfill,sentinel2,treatment_0012,treatment,treatment_0012,2,2,10,candidate,1,,,,,3.0,0.03431783514981541,1.0000
histfill,sentinel2,treatment_0012,treatment,treatment_0012,2,2,10,candidate,1,,,,,4.0,0.05344008464584922,1.0000
histfill,sentinel2,treatment_0012,treatment,treatment_0012,2,2,10,candidate,1,,,,,5.0,0.07668214885382003,1.0000
histfill,sentinel2,treatment_0012,treatment,treatment_0012,2,2,10,candidate,1,,,,,6.0,0.10398981475894493,1.0000
histfill,sentinel2,treatment_0012,treatment,treatment_0012,2,2,10,candidate,1,,,,,7.0,0.135306004867357,1.0000
histfill,sentinel2,treatment_0012,treatment,treatment_0012,2,2,10,candidate,2,,,0.0,,2.0,0.008634063269454852,1.0000 0.0000
histfill,sentinel2,treatment_0012,treatment,treatment_0012,2,2,10,candidate,2,,,0.0,,3.0,0.008634063269454852,1.0000 0.0000
histfill,sentinel2,treatment_0012,treatment,treatment_0012,2,2,10,candidate,2,,,0.0,,4.0,0.008634063269454852,1.0000 0.0000
histfill,sentinel2,treatment_0012,treatment,treatment_0012,2,2,10,candidate,2,,,0.0,,5.0,0.008634063269454852,1.0000 0.0000
histfill,sentinel2,treatment_0012,treatment,treatment_0012,2,2,10,candidate,2,,,0.0,,6.0,0.008634063269454852,1.0000 0.0000
histfill,sentinel2,treatment_0012,treatment,treatment_0012,2,2,10,candidate,2,,,0.0,,7.0,0.008634063269454852,1.0000 0.0000
histfill,sentinel2,treatment_0013,treatment,treatment_0013,2,2,10,path,1,1.0,0.012953089252923244,inf,True,,,
histfill,sentinel2,treatment_0013,treatment,treatment_0013,2,2,10,path,2,2.0,0.012953089252923244,0.0,False,,,
histfill,sentinel2,treatment_0013,treatment,treatment_0013,2,2,10,candidate,1,,,,,1.0,0.012953089252923244,1.0000
histfill,sentinel2,treatment_0013,treatment,treatment_0013,2,2,10,candidate,1,,,,,2.0,0.026585737139521233,1.0000
histfill,sentinel2,treatment_0013,treatment,treatment_0013,2,2,10,candidate,1,,,,,3.0,0.04448224434581381,1.0000
histfill,sentinel2,treatment_0013,treatment,treatment_0013,2,2,10,candidate,1,,,,,4.0,0.06277360090575931,1.0000
histfill,sentinel2,treatment_0013,treatment,treatment_0013,2,2,10,candidate,1,,,,,5.0,0.07808361086574918,1.0000
histfill,sentinel2,treatment_0013,treatment,treatment_0013,2,2,10,candidate,1,,,,,6.0,0.0897101301401963,1.0000
histfill,sentinel2,treatment_0013,treatment,treatment_0013,2,2,10,candidate,1,,,,,7.0,0.10140588041990253,1.0000
histfill,sentinel2,treatment_0013,treatment,treatment_0013,2,2,10,candidate,2,,,0.0,,2.0,0.012953089252923244,1.0000 0.0000
histfill,sentinel2,treatment_0013,treatment,treatment_0013,2,2,10,candidate,2,,,0.0,,3.0,0.012953089252923244,1.0000 0.0000
histfill,sentinel2,treatment_0013,treatment,treatment_0013,2,2,10,candidate,2,,,0.0,,4.0,0.012953089252923244,1.0000 0.0000
histfill,sentinel2,treatment_0013,treatment,treatment_0013,2,2,10,candidate,2,,,0.0,,5.0,0.012953089252923244,1.0000 0.0000
histfill,sentinel2,treatment_0013,treatment,treatment_0013,2,2,10,candidate,2,,,0.0,,6.0,0.012953089252923244,1.0000 0.0000
histfill,sentinel2,treatment_0013,treatment,treatment_0013,2,2,10,candidate,2,,,0.0,,7.0,0.012953089252923244,1.0000 0.0000
histfill,sentinel2,treatment_0014,treatment,treatment_0014,2,2,10,path,1,1.0,0.009021865107693905,inf,True,,,
histfill,sentinel2,treatment_0014,treatment,treatment_0014,2,2,10,path,2,2.0,0.009021865107693905,0.0,False,,,
histfill,sentinel2,treatment_0014,treatment,treatment_0014,2,2,10,candidate,1,,,,,1.0,0.009021865107693905,1.0000
histfill,sentinel2,treatment_0014,treatment,treatment_0014,2,2,10,candidate,1,,,,,2.0,0.02028187141664031,1.0000
histfill,sentinel2,treatment_0014,treatment,treatment_0014,2,2,10,candidate,1,,,,,3.0,0.0360165441307896,1.0000
histfill,sentinel2,treatment_0014,treatment,treatment_0014,2,2,10,candidate,1,,,,,4.0,0.056198738859159256,1.0000
histfill,sentinel2,treatment_0014,treatment,treatment_0014,2,2,10,candidate,1,,,,,5.0,0.08079482093776437,1.0000
histfill,sentinel2,treatment_0014,treatment,treatment_0014,2,2,10,candidate,1,,,,,6.0,0.10976527304012137,1.0000
histfill,sentinel2,treatment_0014,treatment,treatment_0014,2,2,10,candidate,1,,,,,7.0,0.1430655562256929,1.0000
histfill,sentinel2,treatment_0014,treatment,treatment_0014,2,2,10,candidate,2,,,0.0,,2.0,0.009021865107693905,1.0000 0.0000
histfill,sentinel2,treatment_0014,treatment,treatment_0014,2,2,10,candidate,2,,,0.0,,3.0,0.009021865107693905,1.0000 0.0000
histfill,sentinel2,treatment_0014,treatment,treatment_0014,2,2,10,candidate,2,,,0.0,,4.0,0.009021865107693905,1.0000 0.0000
histfill,sentinel2,treatment_0014,treatment,treatment_0014,2,2,10,candidate,2,,,0.0,,5.0,0.009021865107693905,1.0000 0.0000
histfill,sentinel2,treatment_0014,treatment,treatment_0014,2,2,10,candidate,2,,,0.0,,6.0,0.009021865107693905,1.0000 0.0000
histfill,sentinel2,treatment_0014,treatment,treatment_0014,2,2,10,candidate,2,,,0.0,,7.0,0.009021865107693905,1.0000 0.0000
histfill,sentinel2,treatment_0015,treatment,treatment_0015,2,2,10,path,1,1.0,0.008998988671235754,inf,True,,,
histfill,sentinel2,treatment_0015,treatment,treatment_0015,2,2,10,path,2,2.0,0.008998988671235754,0.0,False,,,
histfill,sentinel2,treatment_0015,treatment,treatment_0015,2,2,10,candidate,1,,,,,1.0,0.008998988671235754,1.0000
histfill,sentinel2,treatment_0015,treatment,treatment_0015,2,2,10,candidate,1,,,,,2.0,0.01788090072170589,1.0000
histfill,sentinel2,treatment_0015,treatment,treatment_0015,2,2,10,candidate,1,,,,,3.0,0.028112517343160833,1.0000
histfill,sentinel2,treatment_0015,treatment,treatment_0015,2,2,10,candidate,1,,,,,4.0,0.03903308990445525,1.0000
histfill,sentinel2,treatment_0015,treatment,treatment_0015,2,2,10,candidate,1,,,,,5.0,0.050452626976884615,1.0000
histfill,sentinel2,treatment_0015,treatment,treatment_0015,2,2,10,candidate,1,,,,,6.0,0.06274538890420756,1.0000
histfill,sentinel2,treatment_0015,treatment,treatment_0015,2,2,10,candidate,1,,,,,7.0,0.07700217662243251,1.0000
histfill,sentinel2,treatment_0015,treatment,treatment_0015,2,2,10,candidate,2,,,0.0,,2.0,0.008998988671235754,1.0000 0.0000
histfill,sentinel2,treatment_0015,treatment,treatment_0015,2,2,10,candidate,2,,,0.0,,3.0,0.008998988671235754,1.0000 0.0000
histfill,sentinel2,treatment_0015,treatment,treatment_0015,2,2,10,candidate,2,,,0.0,,4.0,0.008998988671235754,1.0000 0.0000
histfill,sentinel2,treatment_0015,treatment,treatment_0015,2,2,10,candidate,2,,,0.0,,5.0,0.008998988671235754,1.0000 0.0000
histfill,sentinel2,treatment_0015,treatment,treatment_0015,2,2,10,candidate,2,,,0.0,,6.0,0.008998988671235754,1.0000 0.0000
histfill,sentinel2,treatment_0015,treatment,treatment_0015,2,2,10,candidate,2,,,0.0,,7.0,0.008998988671235754,1.0000 0.0000
histfill,sentinel2,treatment_0001,treatment,treatment_0001,2,3,10,path,1,1.0,0.006162000668847473,inf,True,,,
histfill,sentinel2,treatment_0001,treatment,treatment_0001,2,3,10,path,2,2.0,0.006162000668847473,0.0,False,,,
histfill,sentinel2,treatment_0001,treatment,treatment_0001,2,3,10,candidate,1,,,,,1.0,0.006162000668847473,1.0000
histfill,sentinel2,treatment_0001,treatment,treatment_0001,2,3,10,candidate,1,,,,,2.0,0.013477140813802024,1.0000
histfill,sentinel2,treatment_0001,treatment,treatment_0001,2,3,10,candidate,1,,,,,3.0,0.02334325302952465,1.0000
histfill,sentinel2,treatment_0001,treatment,treatment_0001,2,3,10,candidate,1,,,,,4.0,0.035623569228996246,1.0000
histfill,sentinel2,treatment_0001,treatment,treatment_0001,2,3,10,candidate,1,,,,,5.0,0.05024022006959642,1.0000
histfill,sentinel2,treatment_0001,treatment,treatment_0001,2,3,10,candidate,1,,,,,6.0,0.06718463939668361,1.0000
histfill,sentinel2,treatment_0001,treatment,treatment_0001,2,3,10,candidate,2,,,0.0,,2.0,0.006162000668847473,1.0000 0.0000
histfill,sentinel2,treatment_0001,treatment,treatment_0001,2,3,10,candidate,2,,,0.0,,3.0,0.006162000668847473,1.0000 0.0000
histfill,sentinel2,treatment_0001,treatment,treatment_0001,2,3,10,candidate,2,,,0.0,,4.0,0.006162000668847473,1.0000 0.0000
histfill,sentinel2,treatment_0001,treatment,treatment_0001,2,3,10,candidate,2,,,0.0,,5.0,0.006162000668847473,1.0000 0.0000
histfill,sentinel2,treatment_0001,treatment,treatment_0001,2,3,10,candidate,2,,,0.0,,6.0,0.006162000668847473,1.0000 0.0000
histfill,sentinel2,treatment_0002,treatment,treatment_0002,2,3,10,path,1,1.0,0.004936937074622086,inf,True,,,
histfill,sentinel2,treatment_0002,treatment,treatment_0002,2,3,10,path,2,2.0,0.004936937074622086,0.0,False,,,
histfill,sentinel2,treatment_0002,treatment,treatment_0002,2,3,10,candidate,1,,,,,1.0,0.004936937074622086,1.0000
histfill,sentinel2,treatment_0002,treatment,treatment_0002,2,3,10,candidate,1,,,,,2.0,0.010902821196942357,1.0000
histfill,sentinel2,treatment_0002,treatment,treatment_0002,2,3,10,candidate,1,,,,,3.0,0.019053377368318622,1.0000
histfill,sentinel2,treatment_0002,treatment,treatment_0002,2,3,10,candidate,1,,,,,4.0,0.02930795839859195,1.0000
histfill,sentinel2,treatment_0002,treatment,treatment_0002,2,3,10,candidate,1,,,,,5.0,0.04160669560484845,1.0000
histfill,sentinel2,treatment_0002,treatment,treatment_0002,2,3,10,candidate,1,,,,,6.0,0.05590891040040204,1.0000
histfill,sentinel2,treatment_0002,treatment,treatment_0002,2,3,10,candidate,2,,,0.0,,2.0,0.004936937074622086,1.0000 0.0000
histfill,sentinel2,treatment_0002,treatment,treatment_0002,2,3,10,candidate,2,,,0.0,,3.0,0.004936937074622086,1.0000 0.0000
histfill,sentinel2,treatment_0002,treatment,treatment_0002,2,3,10,candidate,2,,,0.0,,4.0,0.004936937074622086,1.0000 0.0000
histfill,sentinel2,treatment_0002,treatment,treatment_0002,2,3,10,candidate,2,,,0.0,,5.0,0.004936937074622086,1.0000 0.0000
histfill,sentinel2,treatment_0002,treatment,treatment_0002,2,3,10,candidate,2,,,0.0,,6.0,0.004936937074622086,1.0000 0.0000
histfill,sentinel2,treatment_0003,treatment,treatment_0003,2,3,10,path,1,1.0,0.007200542068388514,inf,True,,,
histfill,sentinel2,treatment_0003,treatment,treatment_0003,2,3,10,path,2,2.0,0.007200542068388514,0.0,False,,,
histfill,sentinel2,treatment_0003,treatment,treatment_0003,2,3,10,candidate,1,,,,,1.0,0.007200542068388514,1.0000
histfill,sentinel2,treatment_0003,treatment,treatment_0003,2,3,10,candidate,1,,,,,2.0,0.016097419788644325,1.0000
histfill,sentinel2,treatment_0003,treatment,treatment_0003,2,3,10,candidate,1,,,,,3.0,0.028441250383016144,1.0000
histfill,sentinel2,treatment_0003,treatment,treatment_0003,2,3,10,candidate,1,,,,,4.0,0.044173539034110525,1.0000
histfill,sentinel2,treatment_0003,treatment,treatment_0003,2,3,10,candidate,1,,,,,5.0,0.06323797238491566,1.0000
histfill,sentinel2,treatment_0003,treatment,treatment_0003,2,3,10,candidate,1,,,,,6.0,0.08558052157624675,1.0000
histfill,sentinel2,treatment_0003,treatment,treatment_0003,2,3,10,candidate,2,,,0.0,,2.0,0.007200542068388514,1.0000 0.0000
histfill,sentinel2,treatment_0003,treatment,treatment_0003,2,3,10,candidate,2,,,0.0,,3.0,0.007200542068388514,1.0000 0.0000
histfill,sentinel2,treatment_0003,treatment,treatment_0003,2,3,10,candidate,2,,,0.0,,4.0,0.007200542068388514,1.0000 0.0000
histfill,sentinel2,treatment_0003,treatment,treatment_0003,2,3,10,candidate,2,,,0.0,,5.0,0.007200542068388514,1.0000 0.0000
histfill,sentinel2,treatment_0003,treatment,treatment_0003,2,3,10,candidate,2,,,0.0,,6.0,0.007200542068388514,1.0000 0.0000
histfill,sentinel2,treatment_0004,treatment,treatment_0004,2,3,10,path,1,1.0,0.005714886562984064,inf,True,,,
histfill,sentinel2,treatment_0004,treatment,treatment_0004,2,3,10,path,2,2.0,0.005714886562984064,0.0,False,,,
histfill,sentinel2,treatment_0004,treatment,treatment_0004,2,3,10,candidate,1,,,,,1.0,0.005714886562984064,1.0000
histfill,sentinel2,treatment_0004,treatment,treatment_0004,2,3,10,candidate,1,,,,,2.0,0.012470858398357865,1.0000
histfill,sentinel2,treatment_0004,treatment,treatment_0004,2,3,10,candidate,1,,,,,3.0,0.021654580903526073,1.0000
histfill,sentinel2,treatment_0004,treatment,treatment_0004,2,3,10,candidate,1,,,,,4.0,0.03322662296613974,1.0000
histfill,sentinel2,treatment_0004,treatment,treatment_0004,2,3,10,candidate,1,,,,,5.0,0.04717567274957615,1.0000
histfill,sentinel2,treatment_0004,treatment,treatment_0004,2,3,10,candidate,1,,,,,6.0,0.06351815212061258,1.0000
histfill,sentinel2,treatment_0004,treatment,treatment_0004,2,3,10,candidate,2,,,0.0,,2.0,0.005714886562984064,1.0000 0.0000
histfill,sentinel2,treatment_0004,treatment,treatment_0004,2,3,10,candidate,2,,,0.0,,3.0,0.005714886562984064,1.0000 0.0000
histfill,sentinel2,treatment_0004,treatment,treatment_0004,2,3,10,candidate,2,,,0.0,,4.0,0.005714886562984064,1.0000 0.0000
histfill,sentinel2,treatment_0004,treatment,treatment_0004,2,3,10,candidate,2,,,0.0,,5.0,0.005714886562984064,1.0000 0.0000
histfill,sentinel2,treatment_0004,treatment,treatment_0004,2,3,10,candidate,2,,,0.0,,6.0,0.005714886562984064,1.0000 0.0000
histfill,sentinel2,treatment_0005,treatment,treatment_0005,2,3,10,path,1,1.0,0.006428582990718526,inf,True,,,
histfill,sentinel2,treatment_0005,treatment,treatment_0005,2,3,10,path,2,2.0,0.006428582990718526,0.0,False,,,
histfill,sentinel2,treatment_0005,treatment,treatment_0005,2,3,10,candidate,1,,,,,1.0,0.006428582990718526,1.0000
histfill,sentinel2,treatment_0005,treatment,treatment_0005,2,3,10,candidate,1,,,,,2.0,0.01370850931086257,1.0000
histfill,sentinel2,treatment_0005,treatment,treatment_0005,2,3,10,candidate,1,,,,,3.0,0.023160657268523097,1.0000
histfill,sentinel2,treatment_0005,treatment,treatment_0005,2,3,10,candidate,1,,,,,4.0,0.03449921589896655,1.0000
histfill,sentinel2,treatment_0005,treatment,treatment_0005,2,3,10,candidate,1,,,,,5.0,0.047546206993744254,1.0000
histfill,sentinel2,treatment_0005,treatment,treatment_0005,2,3,10,candidate,1,,,,,6.0,0.06226907083408383,1.0000
histfill,sentinel2,treatment_0005,treatment,treatment_0005,2,3,10,candidate,2,,,0.0,,2.0,0.006428582990718526,1.0000 0.0000
histfill,sentinel2,treatment_0005,treatment,treatment_0005,2,3,10,candidate,2,,,0.0,,3.0,0.006428582990718526,1.0000 0.0000
histfill,sentinel2,treatment_0005,treatment,treatment_0005,2,3,10,candidate,2,,,0.0,,4.0,0.006428582990718526,1.0000 0.0000
histfill,sentinel2,treatment_0005,treatment,treatment_0005,2,3,10,candidate,2,,,0.0,,5.0,0.006428582990718526,1.0000 0.0000
histfill,sentinel2,treatment_0005,treatment,treatment_0005,2,3,10,candidate,2,,,0.0,,6.0,0.006428582990718526,1.0000 0.0000
histfill,sentinel2,treatment_0006,treatment,treatment_0006,2,3,10,path,1,1.0,0.00797136409905839,inf,True,,,
histfill,sentinel2,treatment_0006,treatment,treatment_0006,2,3,10,path,2,2.0,0.00797136409905839,0.0,False,,,
histfill,sentinel2,treatment_0006,treatment,treatment_0006,2,3,10,candidate,1,,,,,1.0,0.00797136409905839,1.0000
histfill,sentinel2,treatment_0006,treatment,treatment_0006,2,3,10,candidate,1,,,,,2.0,0.01729101752606807,1.0000
histfill,sentinel2,treatment_0006,treatment,treatment_0006,2,3,10,candidate,1,,,,,3.0,0.029642430612578347,1.0000
histfill,sentinel2,treatment_0006,treatment,treatment_0006,2,3,10,candidate,1,,,,,4.0,0.04468216022996091,1.0000
histfill,sentinel2,treatment_0006,treatment,treatment_0006,2,3,10,candidate,1,,,,,5.0,0.062113351243844664,1.0000
histfill,sentinel2,treatment_0006,treatment,treatment_0006,2,3,10,candidate,1,,,,,6.0,0.08169481002675373,1.0000
histfill,sentinel2,treatment_0006,treatment,treatment_0006,2,3,10,candidate,2,,,0.0,,2.0,0.00797136409905839,1.0000 0.0000
histfill,sentinel2,treatment_0006,treatment,treatment_0006,2,3,10,candidate,2,,,0.0,,3.0,0.00797136409905839,1.0000 0.0000
histfill,sentinel2,treatment_0006,treatment,treatment_0006,2,3,10,candidate,2,,,0.0,,4.0,0.00797136409905839,1.0000 0.0000
histfill,sentinel2,treatment_0006,treatment,treatment_0006,2,3,10,candidate,2,,,0.0,,5.0,0.00797136409905839,1.0000 0.0000
histfill,sentinel2,treatment_0006,treatment,treatment_0006,2,3,10,candidate,2,,,0.0,,6.0,0.00797136409905839,1.0000 0.0000
histfill,sentinel2,treatment_0007,treatment,treatment_0007,2,3,10,path,1,1.0,0.008335983033033952,inf,True,,,
histfill,sentinel2,treatment_0007,treatment,treatment_0007,2,3,10,path,2,2.0,0.008335983033033952,0.0,False,,,
histfill,sentinel2,treatment_0007,treatment,treatment_0007,2,3,10,candidate,1,,,,,1.0,0.008335983033033952,1.0000
histfill,sentinel2,treatment_0007,treatment,treatment_0007,2,3,10,candidate,1,,,,,2.0,0.018319678480632817,1.0000
histfill,sentinel2,treatment_0007,treatment,treatment_0007,2,3,10,candidate,1,,,,,3.0,0.0318054416270487,1.0000
histfill,sentinel2,treatment_0007,treatment,treatment_0007,2,3,10,candidate,1,,,,,4.0,0.04853245820867208,1.0000
histfill,sentinel2,treatment_0007,treatment,treatment_0007,2,3,10,candidate,1,,,,,5.0,0.06826954429480898,1.0000
histfill,sentinel2,treatment_0007,treatment,treatment_0007,2,3,10,candidate,1,,,,,6.0,0.09083129539270511,1.0000
histfill,sentinel2,treatment_0007,treatment,treatment_0007,2,3,10,candidate,2,,,0.0,,2.0,0.008335983033033952,1.0000 0.0000
histfill,sentinel2,treatment_0007,treatment,treatment_0007,2,3,10,candidate,2,,,0.0,,3.0,0.008335983033033952,1.0000 0.0000
histfill,sentinel2,treatment_0007,treatment,treatment_0007,2,3,10,candidate,2,,,0.0,,4.0,0.008335983033033952,1.0000 0.0000
histfill,sentinel2,treatment_0007,treatment,treatment_0007,2,3,10,candidate,2,,,0.0,,5.0,0.008335983033033952,1.0000 0.0000
histfill,sentinel2,treatment_0007,treatment,treatment_0007,2,3,10,candidate,2,,,0.0,,6.0,0.008335983033033952,1.0000 0.0000
histfill,sentinel2,treatment_0008,treatment,treatment_0008,2,3,10,path,1,1.0,0.00710593512735047,inf,True,,,
histfill,sentinel2,treatment_0008,treatment,treatment_0008,2,3,10,path,2,2.0,0.00710593512735047,0.0,False,,,
histfill,sentinel2,treatment_0008,treatment,treatment_0008,2,3,10,candidate,1,,,,,1.0,0.00710593512735047,1.0000
histfill,sentinel2,treatment_0008,treatment,treatment_0008,2,3,10,candidate,1,,,,,2.0,0.014968311906835589,1.0000
histfill,sentinel2,treatment_0008,treatment,treatment_0008,2,3,10,candidate,1,,,,,3.0,0.025091420537972565,1.0000
histfill,sentinel2,treatment_0008,treatment,treatment_0008,2,3,10,candidate,1,,,,,4.0,0.037262536092013805,1.0000
histfill,sentinel2,treatment_0008,treatment,treatment_0008,2,3,10,candidate,1,,,,,5.0,0.05144532831739807,1.0000
histfill,sentinel2,treatment_0008,treatment,treatment_0008,2,3,10,candidate,1,,,,,6.0,0.0677797329886463,1.0000
histfill,sentinel2,treatment_0008,treatment,treatment_0008,2,3,10,candidate,2,,,0.0,,2.0,0.00710593512735047,1.0000 0.0000
histfill,sentinel2,treatment_0008,treatment,treatment_0008,2,3,10,candidate,2,,,0.0,,3.0,0.00710593512735047,1.0000 0.0000
histfill,sentinel2,treatment_0008,treatment,treatment_0008,2,3,10,candidate,2,,,0.0,,4.0,0.00710593512735047,1.0000 0.0000
histfill,sentinel2,treatment_0008,treatment,treatment_0008,2,3,10,candidate,2,,,0.0,,5.0,0.00710593512735047,1.0000 0.0000
histfill,sentinel2,treatment_0008,treatment,treatment_0008,2,3,10,candidate,2,,,0.0,,6.0,0.00710593512735047,1.0000 0.0000
histfill,sentinel2,treatment_0009,treatment,treatment_0009,2,3,10,path,1,1.0,0.006574529685339955,inf,True,,,
histfill,sentinel2,treatment_0009,treatment,treatment_0009,2,3,10,path,2,2.0,0.006574529685339955,0.0,False,,,
histfill,sentinel2,treatment_0009,treatment,treatment_0009,2,3,10,candidate,1,,,,,1.0,0.006574529685339955,1.0000
histfill,sentinel2,treatment_0009,treatment,treatment_0009,2,3,10,candidate,1,,,,,2.0,0.01376134082637516,1.0000
histfill,sentinel2,treatment_0009,treatment,treatment_0009,2,3,10,candidate,1,,,,,3.0,0.022951435370809212,1.0000
histfill,sentinel2,treatment_0009,treatment,treatment_0009,2,3,10,candidate,1,,,,,4.0,0.033965844608730214,1.0000
histfill,sentinel2,treatment_0009,treatment,treatment_0009,2,3,10,candidate,1,,,,,5.0,0.046817330285702605,1.0000
histfill,sentinel2,treatment_0009,treatment,treatment_0009,2,3,10,candidate,1,,,,,6.0,0.0617085416435869,1.0000
histfill,sentinel2,treatment_0009,treatment,treatment_0009,2,3,10,candidate,2,,,0.0,,2.0,0.006574529685339955,1.0000 0.0000
histfill,sentinel2,treatment_0009,treatment,treatment_0009,2,3,10,candidate,2,,,0.0,,3.0,0.006574529685339955,1.0000 0.0000
histfill,sentinel2,treatment_0009,treatment,treatment_0009,2,3,10,candidate,2,,,0.0,,4.0,0.006574529685339955,1.0000 0.0000
histfill,sentinel2,treatment_0009,treatment,treatment_0009,2,3,10,candidate,2,,,0.0,,5.0,0.006574529685339955,1.0000 0.0000
histfill,sentinel2,treatment_0009,treatment,treatment_0009,2,3,10,candidate,2,,,0.0,,6.0,0.006574529685339955,1.0000 0.0000
histfill,sentinel2,treatment_0010,treatment,treatment_0010,2,3,10,path,1,1.0,0.0074405124889063215,inf,True,,,
histfill,sentinel2,treatment_0010,treatment,treatment_0010,2,3,10,path,2,2.0,0.0074405124889063215,0.0,False,,,
histfill,sentinel2,treatment_0010,treatment,treatment_0010,2,3,10,candidate,1,,,,,1.0,0.0074405124889063215,1.0000
histfill,sentinel2,treatment_0010,treatment,treatment_0010,2,3,10,candidate,1,,,,,2.0,0.015319476823659176,1.0000
histfill,sentinel2,treatment_0010,treatment,treatment_0010,2,3,10,candidate,1,,,,,3.0,0.02508311954781746,1.0000
histfill,sentinel2,treatment_0010,treatment,treatment_0010,2,3,10,candidate,1,,,,,4.0,0.03638310894071289,1.0000
histfill,sentinel2,treatment_0010,treatment,treatment_0010,2,3,10,candidate,1,,,,,5.0,0.04909120545940401,1.0000
histfill,sentinel2,treatment_0010,treatment,treatment_0010,2,3,10,candidate,1,,,,,6.0,0.0632813126931834,1.0000
histfill,sentinel2,treatment_0010,treatment,treatment_0010,2,3,10,candidate,2,,,0.0,,2.0,0.0074405124889063215,1.0000 0.0000
histfill,sentinel2,treatment_0010,treatment,treatment_0010,2,3,10,candidate,2,,,0.0,,3.0,0.0074405124889063215,1.0000 0.0000
histfill,sentinel2,treatment_0010,treatment,treatment_0010,2,3,10,candidate,2,,,0.0,,4.0,0.0074405124889063215,1.0000 0.0000
histfill,sentinel2,treatment_0010,treatment,treatment_0010,2,3,10,candidate,2,,,0.0,,5.0,0.0074405124889063215,1.0000 0.0000
histfill,sentinel2,treatment_0010,treatment,treatment_0010,2,3,10,candidate,2,,,0.0,,6.0,0.0074405124889063215,1.0000 0.0000
histfill,sentinel2,treatment_0011,treatment,treatment_0011,2,3,10,path,1,1.0,0.006857616623707696,inf,True,,,
histfill,sentinel2,treatment_0011,treatment,treatment_0011,2,3,10,path,2,2.0,0.006857616623707696,0.0,False,,,
histfill,sentinel2,treatment_0011,treatment,treatment_0011,2,3,10,candidate,1,,,,,1.0,0.006857616623707696,1.0000
histfill,sentinel2,treatment_0011,treatment,treatment_0011,2,3,10,candidate,1,,,,,2.0,0.015402088658479167,1.0000
histfill,sentinel2,treatment_0011,treatment,treatment_0011,2,3,10,candidate,1,,,,,3.0,0.0273331962269584,1.0000
histfill,sentinel2,treatment_0011,treatment,treatment_0011,2,3,10,candidate,1,,,,,4.0,0.04263358047326792,1.0000
histfill,sentinel2,treatment_0011,treatment,treatment_0011,2,3,10,candidate,1,,,,,5.0,0.06128617677625915,1.0000
histfill,sentinel2,treatment_0011,treatment,treatment_0011,2,3,10,candidate,1,,,,,6.0,0.0832741622833424,1.0000
histfill,sentinel2,treatment_0011,treatment,treatment_0011,2,3,10,candidate,2,,,0.0,,2.0,0.006857616623707696,1.0000 0.0000
histfill,sentinel2,treatment_0011,treatment,treatment_0011,2,3,10,candidate,2,,,0.0,,3.0,0.006857616623707696,1.0000 0.0000
histfill,sentinel2,treatment_0011,treatment,treatment_0011,2,3,10,candidate,2,,,0.0,,4.0,0.006857616623707696,1.0000 0.0000
histfill,sentinel2,treatment_0011,treatment,treatment_0011,2,3,10,candidate,2,,,0.0,,5.0,0.006857616623707696,1.0000 0.0000
histfill,sentinel2,treatment_0011,treatment,treatment_0011,2,3,10,candidate,2,,,0.0,,6.0,0.006857616623707696,1.0000 0.0000
histfill,sentinel2,treatment_0012,treatment,treatment_0012,2,3,10,path,1,1.0,0.008609151997778272,inf,True,,,
histfill,sentinel2,treatment_0012,treatment,treatment_0012,2,3,10,path,2,2.0,0.008609151997778272,0.0,False,,,
histfill,sentinel2,treatment_0012,treatment,treatment_0012,2,3,10,candidate,1,,,,,1.0,0.008609151997778272,1.0000
histfill,sentinel2,treatment_0012,treatment,treatment_0012,2,3,10,candidate,1,,,,,2.0,0.019309727418123562,1.0000
histfill,sentinel2,treatment_0012,treatment,treatment_0012,2,3,10,candidate,1,,,,,3.0,0.03421556446081175,1.0000
histfill,sentinel2,treatment_0012,treatment,treatment_0012,2,3,10,candidate,1,,,,,4.0,0.05327841605536931,1.0000
histfill,sentinel2,treatment_0012,treatment,treatment_0012,2,3,10,candidate,1,,,,,5.0,0.07644686781465551,1.0000
histfill,sentinel2,treatment_0012,treatment,treatment_0012,2,3,10,candidate,1,,,,,6.0,0.10366653462897261,1.0000
histfill,sentinel2,treatment_0012,treatment,treatment_0012,2,3,10,candidate,2,,,0.0,,2.0,0.008609151997778272,1.0000 0.0000
histfill,sentinel2,treatment_0012,treatment,treatment_0012,2,3,10,candidate,2,,,0.0,,3.0,0.008609151997778272,1.0000 0.0000
histfill,sentinel2,treatment_0012,treatment,treatment_0012,2,3,10,candidate,2,,,0.0,,4.0,0.008609151997778272,1.0000 0.0000
histfill,sentinel2,treatment_0012,treatment,treatment_0012,2,3,10,candidate,2,,,0.0,,5.0,0.008609151997778272,1.0000 0.0000
histfill,sentinel2,treatment_0012,treatment,treatment_0012,2,3,10,candidate,2,,,0.0,,6.0,0.008609151997778272,1.0000 0.0000
histfill,sentinel2,treatment_0013,treatment,treatment_0013,2,3,10,path,1,1.0,0.013955986142622888,inf,True,,,
histfill,sentinel2,treatment_0013,treatment,treatment_0013,2,3,10,path,2,2.0,0.013955986142622888,0.0,False,,,
histfill,sentinel2,treatment_0013,treatment,treatment_0013,2,3,10,candidate,1,,,,,1.0,0.013955986142622888,1.0000
histfill,sentinel2,treatment_0013,treatment,treatment_0013,2,3,10,candidate,1,,,,,2.0,0.029039453665570102,1.0000
histfill,sentinel2,treatment_0013,treatment,treatment_0013,2,3,10,candidate,1,,,,,3.0,0.046846782309452745,1.0000
histfill,sentinel2,treatment_0013,treatment,treatment_0013,2,3,10,candidate,1,,,,,4.0,0.06382361059675208,1.0000
histfill,sentinel2,treatment_0013,treatment,treatment_0013,2,3,10,candidate,1,,,,,5.0,0.077634035304164,1.0000
histfill,sentinel2,treatment_0013,treatment,treatment_0013,2,3,10,candidate,1,,,,,6.0,0.0901972274945984,1.0000
histfill,sentinel2,treatment_0013,treatment,treatment_0013,2,3,10,candidate,2,,,0.0,,2.0,0.013955986142622888,1.0000 0.0000
histfill,sentinel2,treatment_0013,treatment,treatment_0013,2,3,10,candidate,2,,,0.0,,3.0,0.013955986142622888,1.0000 0.0000
histfill,sentinel2,treatment_0013,treatment,treatment_0013,2,3,10,candidate,2,,,0.0,,4.0,0.013955986142622888,1.0000 0.0000
histfill,sentinel2,treatment_0013,treatment,treatment_0013,2,3,10,candidate,2,,,0.0,,5.0,0.013955986142622888,1.0000 0.0000
histfill,sentinel2,treatment_0013,treatment,treatment_0013,2,3,10,candidate,2,,,0.0,,6.0,0.013955986142622888,1.0000 0.0000
histfill,sentinel2,treatment_0014,treatment,treatment_0014,2,3,10,path,1,1.0,0.009019073070853754,inf,True,,,
histfill,sentinel2,treatment_0014,treatment,treatment_0014,2,3,10,path,2,2.0,0.009019073070853754,0.0,False,,,
histfill,sentinel2,treatment_0014,treatment,treatment_0014,2,3,10,candidate,1,,,,,1.0,0.009019073070853754,1.0000
histfill,sentinel2,treatment_0014,treatment,treatment_0014,2,3,10,candidate,1,,,,,2.0,0.02027498682314186,1.0000
histfill,sentinel2,treatment_0014,treatment,treatment_0014,2,3,10,candidate,1,,,,,3.0,0.03600334200441637,1.0000
histfill,sentinel2,treatment_0014,treatment,treatment_0014,2,3,10,candidate,1,,,,,4.0,0.05617692167598747,1.0000
histfill,sentinel2,treatment_0014,treatment,treatment_0014,2,3,10,candidate,1,,,,,5.0,0.08076236349747262,1.0000
histfill,sentinel2,treatment_0014,treatment,treatment_0014,2,3,10,candidate,1,,,,,6.0,0.10972089710346263,1.0000
histfill,sentinel2,treatment_0014,treatment,treatment_0014,2,3,10,candidate,2,,,0.0,,2.0,0.009019073070853754,1.0000 0.0000
histfill,sentinel2,treatment_0014,treatment,treatment_0014,2,3,10,candidate,2,,,0.0,,3.0,0.009019073070853754,1.0000 0.0000
histfill,sentinel2,treatment_0014,treatment,treatment_0014,2,3,10,candidate,2,,,0.0,,4.0,0.009019073070853754,1.0000 0.0000
histfill,sentinel2,treatment_0014,treatment,treatment_0014,2,3,10,candidate,2,,,0.0,,5.0,0.009019073070853754,1.0000 0.0000
histfill,sentinel2,treatment_0014,treatment,treatment_0014,2,3,10,candidate,2,,,0.0,,6.0,0.009019073070853754,1.0000 0.0000
histfill,sentinel2,treatment_0015,treatment,treatment_0015,2,3,10,path,1,1.0,0.008188474532222191,inf,True,,,
histfill,sentinel2,treatment_0015,treatment,treatment_0015,2,3,10,path,2,2.0,0.008188474532222191,0.0,False,,,
histfill,sentinel2,treatment_0015,treatment,treatment_0015,2,3,10,candidate,1,,,,,1.0,0.008188474532222191,1.0000
histfill,sentinel2,treatment_0015,treatment,treatment_0015,2,3,10,candidate,1,,,,,2.0,0.01640868242122873,1.0000
histfill,sentinel2,treatment_0015,treatment,treatment_0015,2,3,10,candidate,1,,,,,3.0,0.026108776204452882,1.0000
histfill,sentinel2,treatment_0015,treatment,treatment_0015,2,3,10,candidate,1,,,,,4.0,0.036863898033250575,1.0000
histfill,sentinel2,treatment_0015,treatment,treatment_0015,2,3,10,candidate,1,,,,,5.0,0.04875108301332513,1.0000
histfill,sentinel2,treatment_0015,treatment,treatment_0015,2,3,10,candidate,1,,,,,6.0,0.06247090956379853,1.0000
histfill,sentinel2,treatment_0015,treatment,treatment_0015,2,3,10,candidate,2,,,0.0,,2.0,0.008188474532222191,1.0000 0.0000
histfill,sentinel2,treatment_0015,treatment,treatment_0015,2,3,10,candidate,2,,,0.0,,3.0,0.008188474532222191,1.0000 0.0000
histfill,sentinel2,treatment_0015,treatment,treatment_0015,2,3,10,candidate,2,,,0.0,,4.0,0.008188474532222191,1.0000 0.0000
histfill,sentinel2,treatment_0015,treatment,treatment_0015,2,3,10,candidate,2,,,0.0,,5.0,0.008188474532222191,1.0000 0.0000
histfill,sentinel2,treatment_0015,treatment,treatment_0015,2,3,10,candidate,2,,,0.0,,6.0,0.008188474532222191,1.0000 0.0000
histfill,sentinel2,treatment_0001,treatment,treatment_0001,2,4,10,path,1,1.0,0.006032281935507276,inf,True,,,
histfill,sentinel2,treatment_0001,treatment,treatment_0001,2,4,10,path,2,2.0,0.006032281935507276,0.0,False,,,
histfill,sentinel2,treatment_0001,treatment,treatment_0001,2,4,10,candidate,1,,,,,1.0,0.006032281935507276,1.0000
histfill,sentinel2,treatment_0001,treatment,treatment_0001,2,4,10,candidate,1,,,,,2.0,0.013236781720512325,1.0000
histfill,sentinel2,treatment_0001,treatment,treatment_0001,2,4,10,candidate,1,,,,,3.0,0.02300722941991019,1.0000
histfill,sentinel2,treatment_0001,treatment,treatment_0001,2,4,10,candidate,1,,,,,4.0,0.035243898220430975,1.0000
histfill,sentinel2,treatment_0001,treatment,treatment_0001,2,4,10,candidate,1,,,,,5.0,0.04991137289001271,1.0000
histfill,sentinel2,treatment_0001,treatment,treatment_0001,2,4,10,candidate,2,,,0.0,,2.0,0.006032281935507276,1.0000 0.0000
histfill,sentinel2,treatment_0001,treatment,treatment_0001,2,4,10,candidate,2,,,0.0,,3.0,0.006032281935507276,1.0000 0.0000
histfill,sentinel2,treatment_0001,treatment,treatment_0001,2,4,10,candidate,2,,,0.0,,4.0,0.006032281935507276,1.0000 0.0000
histfill,sentinel2,treatment_0001,treatment,treatment_0001,2,4,10,candidate,2,,,0.0,,5.0,0.006032281935507276,1.0000 0.0000
histfill,sentinel2,treatment_0002,treatment,treatment_0002,2,4,10,path,1,1.0,0.004863097192690541,inf,True,,,
histfill,sentinel2,treatment_0002,treatment,treatment_0002,2,4,10,path,2,2.0,0.004863097192690541,0.0,False,,,
histfill,sentinel2,treatment_0002,treatment,treatment_0002,2,4,10,candidate,1,,,,,1.0,0.004863097192690541,1.0000
histfill,sentinel2,treatment_0002,treatment,treatment_0002,2,4,10,candidate,1,,,,,2.0,0.010759886114167247,1.0000
histfill,sentinel2,treatment_0002,treatment,treatment_0002,2,4,10,candidate,1,,,,,3.0,0.018838648959218315,1.0000
histfill,sentinel2,treatment_0002,treatment,treatment_0002,2,4,10,candidate,1,,,,,4.0,0.029031448021152595,1.0000
histfill,sentinel2,treatment_0002,treatment,treatment_0002,2,4,10,candidate,1,,,,,5.0,0.041290465757506965,1.0000
histfill,sentinel2,treatment_0002,treatment,treatment_0002,2,4,10,candidate,2,,,0.0,,2.0,0.004863097192690541,1.0000 0.0000
histfill,sentinel2,treatment_0002,treatment,treatment_0002,2,4,10,candidate,2,,,0.0,,3.0,0.004863097192690541,1.0000 0.0000
histfill,sentinel2,treatment_0002,treatment,treatment_0002,2,4,10,candidate,2,,,0.0,,4.0,0.004863097192690541,1.0000 0.0000
histfill,sentinel2,treatment_0002,treatment,treatment_0002,2,4,10,candidate,2,,,0.0,,5.0,0.004863097192690541,1.0000 0.0000
histfill,sentinel2,treatment_0003,treatment,treatment_0003,2,4,10,path,1,1.0,0.007169459373878035,inf,True,,,
histfill,sentinel2,treatment_0003,treatment,treatment_0003,2,4,10,path,2,2.0,0.007169459373878035,0.0,False,,,
histfill,sentinel2,treatment_0003,treatment,treatment_0003,2,4,10,candidate,1,,,,,1.0,0.007169459373878035,1.0000
histfill,sentinel2,treatment_0003,treatment,treatment_0003,2,4,10,candidate,1,,,,,2.0,0.016038633621340326,1.0000
histfill,sentinel2,treatment_0003,treatment,treatment_0003,2,4,10,candidate,1,,,,,3.0,0.028355056554223518,1.0000
histfill,sentinel2,treatment_0003,treatment,treatment_0003,2,4,10,candidate,1,,,,,4.0,0.04406586182867446,1.0000
histfill,sentinel2,treatment_0003,treatment,treatment_0003,2,4,10,candidate,1,,,,,5.0,0.06312051450328258,1.0000
histfill,sentinel2,treatment_0003,treatment,treatment_0003,2,4,10,candidate,2,,,0.0,,2.0,0.007169459373878035,1.0000 0.0000
histfill,sentinel2,treatment_0003,treatment,treatment_0003,2,4,10,candidate,2,,,0.0,,3.0,0.007169459373878035,1.0000 0.0000
histfill,sentinel2,treatment_0003,treatment,treatment_0003,2,4,10,candidate,2,,,0.0,,4.0,0.007169459373878035,1.0000 0.0000
histfill,sentinel2,treatment_0003,treatment,treatment_0003,2,4,10,candidate,2,,,0.0,,5.0,0.007169459373878035,1.0000 0.0000
histfill,sentinel2,treatment_0004,treatment,treatment_0004,2,4,10,path,1,1.0,0.005659725124402416,inf,True,,,
histfill,sentinel2,treatment_0004,treatment,treatment_0004,2,4,10,path,2,2.0,0.005659725124402416,0.0,False,,,
histfill,sentinel2,treatment_0004,treatment,treatment_0004,2,4,10,candidate,1,,,,,1.0,0.005659725124402416,1.0000
histfill,sentinel2,treatment_0004,treatment,treatment_0004,2,4,10,candidate,1,,,,,2.0,0.012463815015535087,1.0000
histfill,sentinel2,treatment_0004,treatment,treatment_0004,2,4,10,candidate,1,,,,,3.0,0.021816255555900797,1.0000
histfill,sentinel2,treatment_0004,treatment,treatment_0004,2,4,10,candidate,1,,,,,4.0,0.03371380676888494,1.0000
histfill,sentinel2,treatment_0004,treatment,treatment_0004,2,4,10,candidate,1,,,,,5.0,0.04818725098821054,1.0000
histfill,sentinel2,treatment_0004,treatment,treatment_0004,2,4,10,candidate,2,,,0.0,,2.0,0.005659725124402416,1.0000 0.0000
histfill,sentinel2,treatment_0004,treatment,treatment_0004,2,4,10,candidate,2,,,0.0,,3.0,0.005659725124402416,1.0000 0.0000
histfill,sentinel2,treatment_0004,treatment,treatment_0004,2,4,10,candidate,2,,,0.0,,4.0,0.005659725124402416,1.0000 0.0000
histfill,sentinel2,treatment_0004,treatment,treatment_0004,2,4,10,candidate,2,,,0.0,,5.0,0.005659725124402416,1.0000 0.0000
histfill,sentinel2,treatment_0005,treatment,treatment_0005,2,4,10,path,1,1.0,0.006193199428067149,inf,True,,,
histfill,sentinel2,treatment_0005,treatment,treatment_0005,2,4,10,path,2,2.0,0.006193199428067149,0.0,False,,,
histfill,sentinel2,treatment_0005,treatment,treatment_0005,2,4,10,candidate,1,,,,,1.0,0.006193199428067149,1.0000
histfill,sentinel2,treatment_0005,treatment,treatment_0005,2,4,10,candidate,1,,,,,2.0,0.013284700922007172,1.0000
histfill,sentinel2,treatment_0005,treatment,treatment_0005,2,4,10,candidate,1,,,,,3.0,0.02259291637856131,1.0000
histfill,sentinel2,treatment_0005,treatment,treatment_0005,2,4,10,candidate,1,,,,,4.0,0.033910009743062734,1.0000
histfill,sentinel2,treatment_0005,treatment,treatment_0005,2,4,10,candidate,1,,,,,5.0,0.047157336749220416,1.0000
histfill,sentinel2,treatment_0005,treatment,treatment_0005,2,4,10,candidate,2,,,0.0,,2.0,0.006193199428067149,1.0000 0.0000
histfill,sentinel2,treatment_0005,treatment,treatment_0005,2,4,10,candidate,2,,,0.0,,3.0,0.006193199428067149,1.0000 0.0000
histfill,sentinel2,treatment_0005,treatment,treatment_0005,2,4,10,candidate,2,,,0.0,,4.0,0.006193199428067149,1.0000 0.0000
histfill,sentinel2,treatment_0005,treatment,treatment_0005,2,4,10,candidate,2,,,0.0,,5.0,0.006193199428067149,1.0000 0.0000
histfill,sentinel2,treatment_0006,treatment,treatment_0006,2,4,10,path,1,1.0,0.007725095305407353,inf,True,,,
histfill,sentinel2,treatment_0006,treatment,treatment_0006,2,4,10,path,2,2.0,0.007725095305407353,0.0,False,,,
histfill,sentinel2,treatment_0006,treatment,treatment_0006,2,4,10,candidate,1,,,,,1.0,0.007725095305407353,1.0000
histfill,sentinel2,treatment_0006,treatment,treatment_0006,2,4,10,candidate,1,,,,,2.0,0.01677877763402504,1.0000
histfill,sentinel2,treatment_0006,treatment,treatment_0006,2,4,10,candidate,1,,,,,3.0,0.028807379765778834,1.0000
histfill,sentinel2,treatment_0006,treatment,treatment_0006,2,4,10,candidate,1,,,,,4.0,0.04349891221081834,1.0000
histfill,sentinel2,treatment_0006,treatment,treatment_0006,2,4,10,candidate,1,,,,,5.0,0.06059189321000614,1.0000
histfill,sentinel2,treatment_0006,treatment,treatment_0006,2,4,10,candidate,2,,,0.0,,2.0,0.007725095305407353,1.0000 0.0000
histfill,sentinel2,treatment_0006,treatment,treatment_0006,2,4,10,candidate,2,,,0.0,,3.0,0.007725095305407353,1.0000 0.0000
histfill,sentinel2,treatment_0006,treatment,treatment_0006,2,4,10,candidate,2,,,0.0,,4.0,0.007725095305407353,1.0000 0.0000
histfill,sentinel2,treatment_0006,treatment,treatment_0006,2,4,10,candidate,2,,,0.0,,5.0,0.007725095305407353,1.0000 0.0000
histfill,sentinel2,treatment_0007,treatment,treatment_0007,2,4,10,path,1,1.0,0.008176575872552121,inf,True,,,
histfill,sentinel2,treatment_0007,treatment,treatment_0007,2,4,10,path,2,2.0,0.008176575872552121,0.0,False,,,
histfill,sentinel2,treatment_0007,treatment,treatment_0007,2,4,10,candidate,1,,,,,1.0,0.008176575872552121,1.0000
histfill,sentinel2,treatment_0007,treatment,treatment_0007,2,4,10,candidate,1,,,,,2.0,0.01798756163441472,1.0000
histfill,sentinel2,treatment_0007,treatment,treatment_0007,2,4,10,candidate,1,,,,,3.0,0.031266932439766165,1.0000
histfill,sentinel2,treatment_0007,treatment,treatment_0007,2,4,10,candidate,1,,,,,4.0,0.04778221253867205,1.0000
histfill,sentinel2,treatment_0007,treatment,treatment_0007,2,4,10,candidate,1,,,,,5.0,0.06733887939930418,1.0000
histfill,sentinel2,treatment_0007,treatment,treatment_0007,2,4,10,candidate,2,,,0.0,,2.0,0.008176575872552121,1.0000 0.0000
histfill,sentinel2,treatment_0007,treatment,treatment_0007,2,4,10,candidate,2,,,0.0,,3.0,0.008176575872552121,1.0000 0.0000
histfill,sentinel2,treatment_0007,treatment,treatment_0007,2,4,10,candidate,2,,,0.0,,4.0,0.008176575872552121,1.0000 0.0000
histfill,sentinel2,treatment_0007,treatment,treatment_0007,2,4,10,candidate,2,,,0.0,,5.0,0.008176575872552121,1.0000 0.0000
histfill,sentinel2,treatment_0008,treatment,treatment_0008,2,4,10,path,1,1.0,0.0067779704250069866,inf,True,,,
histfill,sentinel2,treatment_0008,treatment,treatment_0008,2,4,10,path,2,2.0,0.0067779704250069866,0.0,False,,,
histfill,sentinel2,treatment_0008,treatment,treatment_0008,2,4,10,candidate,1,,,,,1.0,0.0067779704250069866,1.0000
histfill,sentinel2,treatment_0008,treatment,treatment_0008,2,4,10,candidate,1,,,,,2.0,0.014410034961706328,1.0000
histfill,sentinel2,treatment_0008,treatment,treatment_0008,2,4,10,candidate,1,,,,,3.0,0.024402509140751694,1.0000
histfill,sentinel2,treatment_0008,treatment,treatment_0008,2,4,10,candidate,1,,,,,4.0,0.03664133310644706,1.0000
histfill,sentinel2,treatment_0008,treatment,treatment_0008,2,4,10,candidate,1,,,,,5.0,0.0511913031923032,1.0000
histfill,sentinel2,treatment_0008,treatment,treatment_0008,2,4,10,candidate,2,,,0.0,,2.0,0.0067779704250069866,1.0000 0.0000
histfill,sentinel2,treatment_0008,treatment,treatment_0008,2,4,10,candidate,2,,,0.0,,3.0,0.0067779704250069866,1.0000 0.0000
histfill,sentinel2,treatment_0008,treatment,treatment_0008,2,4,10,candidate,2,,,0.0,,4.0,0.0067779704250069866,1.0000 0.0000
histfill,sentinel2,treatment_0008,treatment,treatment_0008,2,4,10,candidate,2,,,0.0,,5.0,0.0067779704250069866,1.0000 0.0000
histfill,sentinel2,treatment_0009,treatment,treatment_0009,2,4,10,path,1,1.0,0.006241313412319388,inf,True,,,
histfill,sentinel2,treatment_0009,treatment,treatment_0009,2,4,10,path,2,2.0,0.006241313412319388,0.0,False,,,
histfill,sentinel2,treatment_0009,treatment,treatment_0009,2,4,10,candidate,1,,,,,1.0,0.006241313412319388,1.0000
histfill,sentinel2,treatment_0009,treatment,treatment_0009,2,4,10,candidate,1,,,,,2.0,0.013201384546334157,1.0000
histfill,sentinel2,treatment_0009,treatment,treatment_0009,2,4,10,candidate,1,,,,,3.0,0.02227677885389179,1.0000
histfill,sentinel2,treatment_0009,treatment,treatment_0009,2,4,10,candidate,1,,,,,4.0,0.03339252875056646,1.0000
histfill,sentinel2,treatment_0009,treatment,treatment_0009,2,4,10,candidate,1,,,,,5.0,0.04666716658792839,1.0000
histfill,sentinel2,treatment_0009,treatment,treatment_0009,2,4,10,candidate,2,,,0.0,,2.0,0.006241313412319388,1.0000 0.0000
histfill,sentinel2,treatment_0009,treatment,treatment_0009,2,4,10,candidate,2,,,0.0,,3.0,0.006241313412319388,1.0000 0.0000
histfill,sentinel2,treatment_0009,treatment,treatment_0009,2,4,10,candidate,2,,,0.0,,4.0,0.006241313412319388,1.0000 0.0000
histfill,sentinel2,treatment_0009,treatment,treatment_0009,2,4,10,candidate,2,,,0.0,,5.0,0.006241313412319388,1.0000 0.0000
histfill,sentinel2,treatment_0010,treatment,treatment_0010,2,4,10,path,1,1.0,0.006954546341058845,inf,True,,,
histfill,sentinel2,treatment_0010,treatment,treatment_0010,2,4,10,path,2,2.0,0.006954546341058845,0.0,False,,,
histfill,sentinel2,treatment_0010,treatment,treatment_0010,2,4,10,candidate,1,,,,,1.0,0.006954546341058845,1.0000
histfill,sentinel2,treatment_0010,treatment,treatment_0010,2,4,10,candidate,1,,,,,2.0,0.014448114506398461,1.0000
histfill,sentinel2,treatment_0010,treatment,treatment_0010,2,4,10,candidate,1,,,,,3.0,0.023908579440135008,1.0000
histfill,sentinel2,treatment_0010,treatment,treatment_0010,2,4,10,candidate,1,,,,,4.0,0.035103350974553825,1.0000
histfill,sentinel2,treatment_0010,treatment,treatment_0010,2,4,10,candidate,1,,,,,5.0,0.04801281145991076,1.0000
histfill,sentinel2,treatment_0010,treatment,treatment_0010,2,4,10,candidate,2,,,0.0,,2.0,0.006954546341058845,1.0000 0.0000
histfill,sentinel2,treatment_0010,treatment,treatment_0010,2,4,10,candidate,2,,,0.0,,3.0,0.006954546341058845,1.0000 0.0000
histfill,sentinel2,treatment_0010,treatment,treatment_0010,2,4,10,candidate,2,,,0.0,,4.0,0.006954546341058845,1.0000 0.0000
histfill,sentinel2,treatment_0010,treatment,treatment_0010,2,4,10,candidate,2,,,0.0,,5.0,0.006954546341058845,1.0000 0.0000
histfill,sentinel2,treatment_0011,treatment,treatment_0011,2,4,10,path,1,1.0,0.006847282276462663,inf,True,,,
histfill,sentinel2,treatment_0011,treatment,treatment_0011,2,4,10,path,2,2.0,0.006847282276462663,0.0,False,,,
histfill,sentinel2,treatment_0011,treatment,treatment_0011,2,4,10,candidate,1,,,,,1.0,0.006847282276462663,1.0000
histfill,sentinel2,treatment_0011,treatment,treatment_0011,2,4,10,candidate,1,,,,,2.0,0.015380248691215865,1.0000
histfill,sentinel2,treatment_0011,treatment,treatment_0011,2,4,10,candidate,1,,,,,3.0,0.02729682564654311,1.0000
histfill,sentinel2,treatment_0011,treatment,treatment_0011,2,4,10,candidate,1,,,,,4.0,0.0425805209998315,1.0000
histfill,sentinel2,treatment_0011,treatment,treatment_0011,2,4,10,candidate,1,,,,,5.0,0.06121512710576498,1.0000
histfill,sentinel2,treatment_0011,treatment,treatment_0011,2,4,10,candidate,2,,,0.0,,2.0,0.006847282276462663,1.0000 0.0000
histfill,sentinel2,treatment_0011,treatment,treatment_0011,2,4,10,candidate,2,,,0.0,,3.0,0.006847282276462663,1.0000 0.0000
histfill,sentinel2,treatment_0011,treatment,treatment_0011,2,4,10,candidate,2,,,0.0,,4.0,0.006847282276462663,1.0000 0.0000
histfill,sentinel2,treatment_0011,treatment,treatment_0011,2,4,10,candidate,2,,,0.0,,5.0,0.006847282276462663,1.0000 0.0000
histfill,sentinel2,treatment_0012,treatment,treatment_0012,2,4,10,path,1,1.0,0.008583795145529337,inf,True,,,
histfill,sentinel2,treatment_0012,treatment,treatment_0012,2,4,10,path,2,2.0,0.008583795145529337,0.0,False,,,
histfill,sentinel2,treatment_0012,treatment,treatment_0012,2,4,10,candidate,1,,,,,1.0,0.008583795145529337,1.0000
histfill,sentinel2,treatment_0012,treatment,treatment_0012,2,4,10,candidate,1,,,,,2.0,0.019251963368004773,1.0000
histfill,sentinel2,treatment_0012,treatment,treatment_0012,2,4,10,candidate,1,,,,,3.0,0.0341116922402838,1.0000
histfill,sentinel2,treatment_0012,treatment,treatment_0012,2,4,10,candidate,1,,,,,4.0,0.053114423709174026,1.0000
histfill,sentinel2,treatment_0012,treatment,treatment_0012,2,4,10,candidate,1,,,,,5.0,0.07620853405220374,1.0000
histfill,sentinel2,treatment_0012,treatment,treatment_0012,2,4,10,candidate,2,,,0.0,,2.0,0.008583795145529337,1.0000 0.0000
histfill,sentinel2,treatment_0012,treatment,treatment_0012,2,4,10,candidate,2,,,0.0,,3.0,0.008583795145529337,1.0000 0.0000
histfill,sentinel2,treatment_0012,treatment,treatment_0012,2,4,10,candidate,2,,,0.0,,4.0,0.008583795145529337,1.0000 0.0000
histfill,sentinel2,treatment_0012,treatment,treatment_0012,2,4,10,candidate,2,,,0.0,,5.0,0.008583795145529337,1.0000 0.0000
histfill,sentinel2,treatment_0013,treatment,treatment_0013,2,4,10,path,1,1.0,0.01488815989811281,inf,True,,,
histfill,sentinel2,treatment_0013,treatment,treatment_0013,2,4,10,path,2,2.0,0.01488815989811281,0.0,False,,,
histfill,sentinel2,treatment_0013,treatment,treatment_0013,2,4,10,candidate,1,,,,,1.0,0.01488815989811281,1.0000
histfill,sentinel2,treatment_0013,treatment,treatment_0013,2,4,10,candidate,1,,,,,2.0,0.03021161737848769,1.0000
histfill,sentinel2,treatment_0013,treatment,treatment_0013,2,4,10,candidate,1,,,,,3.0,0.047383270743736244,1.0000
histfill,sentinel2,treatment_0013,treatment,treatment_0013,2,4,10,candidate,1,,,,,4.0,0.06326983087641361,1.0000
histfill,sentinel2,treatment_0013,treatment,treatment_0013,2,4,10,candidate,1,,,,,5.0,0.07767196712907065,1.0000
histfill,sentinel2,treatment_0013,treatment,treatment_0013,2,4,10,candidate,2,,,0.0,,2.0,0.01488815989811281,1.0000 0.0000
histfill,sentinel2,treatment_0013,treatment,treatment_0013,2,4,10,candidate,2,,,0.0,,3.0,0.01488815989811281,1.0000 0.0000
histfill,sentinel2,treatment_0013,treatment,treatment_0013,2,4,10,candidate,2,,,0.0,,4.0,0.01488815989811281,1.0000 0.0000
histfill,sentinel2,treatment_0013,treatment,treatment_0013,2,4,10,candidate,2,,,0.0,,5.0,0.01488815989811281,1.0000 0.0000
histfill,sentinel2,treatment_0014,treatment,treatment_0014,2,4,10,path,1,1.0,0.009015941655816456,inf,True,,,
histfill,sentinel2,treatment_0014,treatment,treatment_0014,2,4,10,path,2,2.0,0.009015941655816456,0.0,False,,,
histfill,sentinel2,treatment_0014,treatment,treatment_0014,2,4,10,candidate,1,,,,,1.0,0.009015941655816456,1.0000
histfill,sentinel2,treatment_0014,treatment,treatment_0014,2,4,10,candidate,1,,,,,2.0,0.020267439919249657,1.0000
histfill,sentinel2,treatment_0014,treatment,treatment_0014,2,4,10,candidate,1,,,,,3.0,0.03598924868086778,1.0000
histfill,sentinel2,treatment_0014,treatment,treatment_0014,2,4,10,candidate,1,,,,,4.0,0.05615432928088283,1.0000
histfill,sentinel2,treatment_0014,treatment,treatment_0014,2,4,10,candidate,1,,,,,5.0,0.08072993056785903,1.0000
histfill,sentinel2,treatment_0014,treatment,treatment_0014,2,4,10,candidate,2,,,0.0,,2.0,0.009015941655816456,1.0000 0.0000
histfill,sentinel2,treatment_0014,treatment,treatment_0014,2,4,10,candidate,2,,,0.0,,3.0,0.009015941655816456,1.0000 0.0000
histfill,sentinel2,treatment_0014,treatment,treatment_0014,2,4,10,candidate,2,,,0.0,,4.0,0.009015941655816456,1.0000 0.0000
histfill,sentinel2,treatment_0014,treatment,treatment_0014,2,4,10,candidate,2,,,0.0,,5.0,0.009015941655816456,1.0000 0.0000
histfill,sentinel2,treatment_0015,treatment,treatment_0015,2,4,10,path,1,1.0,0.007574503155654441,inf,True,,,
histfill,sentinel2,treatment_0015,treatment,treatment_0015,2,4,10,path,2,2.0,0.007574503155654441,0.0,False,,,
histfill,sentinel2,treatment_0015,treatment,treatment_0015,2,4,10,candidate,1,,,,,1.0,0.007574503155654441,1.0000
histfill,sentinel2,treatment_0015,treatment,treatment_0015,2,4,10,candidate,1,,,,,2.0,0.015372724179847105,1.0000
histfill,sentinel2,treatment_0015,treatment,treatment_0015,2,4,10,candidate,1,,,,,3.0,0.024887153810289536,1.0000
histfill,sentinel2,treatment_0015,treatment,treatment_0015,2,4,10,candidate,1,,,,,4.0,0.03595425802360748,1.0000
histfill,sentinel2,treatment_0015,treatment,treatment_0015,2,4,10,candidate,1,,,,,5.0,0.048962168319323235,1.0000
histfill,sentinel2,treatment_0015,treatment,treatment_0015,2,4,10,candidate,2,,,0.0,,2.0,0.007574503155654441,1.0000 0.0000
histfill,sentinel2,treatment_0015,treatment,treatment_0015,2,4,10,candidate,2,,,0.0,,3.0,0.007574503155654441,1.0000 0.0000
histfill,sentinel2,treatment_0015,treatment,treatment_0015,2,4,10,candidate,2,,,0.0,,4.0,0.007574503155654441,1.0000 0.0000
histfill,sentinel2,treatment_0015,treatment,treatment_0015,2,4,10,candidate,2,,,0.0,,5.0,0.007574503155654441,1.0000 0.0000
histfill,sentinel2,treatment_0001,treatment,treatment_0001,2,5,10,path,1,1.0,0.005932334539948684,inf,True,,,
histfill,sentinel2,treatment_0001,treatment,treatment_0001,2,5,10,path,2,2.0,0.005932334539948684,0.0,False,,,
histfill,sentinel2,treatment_0001,treatment,treatment_0001,2,5,10,candidate,1,,,,,1.0,0.005932334539948684,1.0000
histfill,sentinel2,treatment_0001,treatment,treatment_0001,2,5,10,candidate,1,,,,,2.0,0.013063609307670079,1.0000
histfill,sentinel2,treatment_0001,treatment,treatment_0001,2,5,10,candidate,1,,,,,3.0,0.022793329781729817,1.0000
histfill,sentinel2,treatment_0001,treatment,treatment_0001,2,5,10,candidate,1,,,,,4.0,0.03506286098050962,1.0000
histfill,sentinel2,treatment_0001,treatment,treatment_0001,2,5,10,candidate,2,,,0.0,,2.0,0.005932334539948684,1.0000 0.0000
histfill,sentinel2,treatment_0001,treatment,treatment_0001,2,5,10,candidate,2,,,0.0,,3.0,0.005932334539948684,1.0000 0.0000
histfill,sentinel2,treatment_0001,treatment,treatment_0001,2,5,10,candidate,2,,,0.0,,4.0,0.005932334539948684,1.0000 0.0000
histfill,sentinel2,treatment_0002,treatment,treatment_0002,2,5,10,path,1,1.0,0.0048026989177890516,inf,True,,,
histfill,sentinel2,treatment_0002,treatment,treatment_0002,2,5,10,path,2,2.0,0.0048026989177890516,0.0,False,,,
histfill,sentinel2,treatment_0002,treatment,treatment_0002,2,5,10,candidate,1,,,,,1.0,0.0048026989177890516,1.0000
histfill,sentinel2,treatment_0002,treatment,treatment_0002,2,5,10,candidate,1,,,,,2.0,0.010646048814791698,1.0000
histfill,sentinel2,treatment_0002,treatment,treatment_0002,2,5,10,candidate,1,,,,,3.0,0.01867392179985487,1.0000
histfill,sentinel2,treatment_0002,treatment,treatment_0002,2,5,10,candidate,1,,,,,4.0,0.028830873423648894,1.0000
histfill,sentinel2,treatment_0002,treatment,treatment_0002,2,5,10,candidate,2,,,0.0,,2.0,0.0048026989177890516,1.0000 0.0000
histfill,sentinel2,treatment_0002,treatment,treatment_0002,2,5,10,candidate,2,,,0.0,,3.0,0.0048026989177890516,1.0000 0.0000
histfill,sentinel2,treatment_0002,treatment,treatment_0002,2,5,10,candidate,2,,,0.0,,4.0,0.0048026989177890516,1.0000 0.0000
histfill,sentinel2,treatment_0003,treatment,treatment_0003,2,5,10,path,1,1.0,0.007144588508153522,inf,True,,,
histfill,sentinel2,treatment_0003,treatment,treatment_0003,2,5,10,path,2,2.0,0.007144588508153522,0.0,False,,,
histfill,sentinel2,treatment_0003,treatment,treatment_0003,2,5,10,candidate,1,,,,,1.0,0.007144588508153522,1.0000
histfill,sentinel2,treatment_0003,treatment,treatment_0003,2,5,10,candidate,1,,,,,2.0,0.01599289925368173,1.0000
histfill,sentinel2,treatment_0003,treatment,treatment_0003,2,5,10,candidate,1,,,,,3.0,0.028290950394718455,1.0000
histfill,sentinel2,treatment_0003,treatment,treatment_0003,2,5,10,candidate,1,,,,,4.0,0.04399176683879251,1.0000
histfill,sentinel2,treatment_0003,treatment,treatment_0003,2,5,10,candidate,2,,,0.0,,2.0,0.007144588508153522,1.0000 0.0000
histfill,sentinel2,treatment_0003,treatment,treatment_0003,2,5,10,candidate,2,,,0.0,,3.0,0.007144588508153522,1.0000 0.0000
histfill,sentinel2,treatment_0003,treatment,treatment_0003,2,5,10,candidate,2,,,0.0,,4.0,0.007144588508153522,1.0000 0.0000
histfill,sentinel2,treatment_0004,treatment,treatment_0004,2,5,10,path,1,1.0,0.005669133633763334,inf,True,,,
histfill,sentinel2,treatment_0004,treatment,treatment_0004,2,5,10,path,2,2.0,0.005669133633763334,0.0,False,,,
histfill,sentinel2,treatment_0004,treatment,treatment_0004,2,5,10,candidate,1,,,,,1.0,0.005669133633763334,1.0000
histfill,sentinel2,treatment_0004,treatment,treatment_0004,2,5,10,candidate,1,,,,,2.0,0.012583387096444718,1.0000
histfill,sentinel2,treatment_0004,treatment,treatment_0004,2,5,10,candidate,1,,,,,3.0,0.0221814888944737,1.0000
histfill,sentinel2,treatment_0004,treatment,treatment_0004,2,5,10,candidate,1,,,,,4.0,0.03450631196979261,1.0000
histfill,sentinel2,treatment_0004,treatment,treatment_0004,2,5,10,candidate,2,,,0.0,,2.0,0.005669133633763334,1.0000 0.0000
histfill,sentinel2,treatment_0004,treatment,treatment_0004,2,5,10,candidate,2,,,0.0,,3.0,0.005669133633763334,1.0000 0.0000
histfill,sentinel2,treatment_0004,treatment,treatment_0004,2,5,10,candidate,2,,,0.0,,4.0,0.005669133633763334,1.0000 0.0000
histfill,sentinel2,treatment_0005,treatment,treatment_0005,2,5,10,path,1,1.0,0.006019317786134842,inf,True,,,
histfill,sentinel2,treatment_0005,treatment,treatment_0005,2,5,10,path,2,2.0,0.006019317786134842,0.0,False,,,
histfill,sentinel2,treatment_0005,treatment,treatment_0005,2,5,10,candidate,1,,,,,1.0,0.006019317786134842,1.0000
histfill,sentinel2,treatment_0005,treatment,treatment_0005,2,5,10,candidate,1,,,,,2.0,0.013000301179470743,1.0000
histfill,sentinel2,treatment_0005,treatment,treatment_0005,2,5,10,candidate,1,,,,,3.0,0.022283672467434734,1.0000
histfill,sentinel2,treatment_0005,treatment,treatment_0005,2,5,10,candidate,1,,,,,4.0,0.03375698671276113,1.0000
histfill,sentinel2,treatment_0005,treatment,treatment_0005,2,5,10,candidate,2,,,0.0,,2.0,0.006019317786134842,1.0000 0.0000
histfill,sentinel2,treatment_0005,treatment,treatment_0005,2,5,10,candidate,2,,,0.0,,3.0,0.006019317786134842,1.0000 0.0000
histfill,sentinel2,treatment_0005,treatment,treatment_0005,2,5,10,candidate,2,,,0.0,,4.0,0.006019317786134842,1.0000 0.0000
histfill,sentinel2,treatment_0006,treatment,treatment_0006,2,5,10,path,1,1.0,0.007502912053720084,inf,True,,,
histfill,sentinel2,treatment_0006,treatment,treatment_0006,2,5,10,path,2,2.0,0.007502912053720084,0.0,False,,,
histfill,sentinel2,treatment_0006,treatment,treatment_0006,2,5,10,candidate,1,,,,,1.0,0.007502912053720084,1.0000
histfill,sentinel2,treatment_0006,treatment,treatment_0006,2,5,10,candidate,1,,,,,2.0,0.016321430672692712,1.0000
histfill,sentinel2,treatment_0006,treatment,treatment_0006,2,5,10,candidate,1,,,,,3.0,0.02807239385757135,1.0000
histfill,sentinel2,treatment_0006,treatment,treatment_0006,2,5,10,candidate,1,,,,,4.0,0.04247799412181843,1.0000
histfill,sentinel2,treatment_0006,treatment,treatment_0006,2,5,10,candidate,2,,,0.0,,2.0,0.007502912053720084,1.0000 0.0000
histfill,sentinel2,treatment_0006,treatment,treatment_0006,2,5,10,candidate,2,,,0.0,,3.0,0.007502912053720084,1.0000 0.0000
histfill,sentinel2,treatment_0006,treatment,treatment_0006,2,5,10,candidate,2,,,0.0,,4.0,0.007502912053720084,1.0000 0.0000
histfill,sentinel2,treatment_0007,treatment,treatment_0007,2,5,10,path,1,1.0,0.008033131364687687,inf,True,,,
histfill,sentinel2,treatment_0007,treatment,treatment_0007,2,5,10,path,2,2.0,0.008033131364687687,0.0,False,,,
histfill,sentinel2,treatment_0007,treatment,treatment_0007,2,5,10,candidate,1,,,,,1.0,0.008033131364687687,1.0000
histfill,sentinel2,treatment_0007,treatment,treatment_0007,2,5,10,candidate,1,,,,,2.0,0.017694947650423166,1.0000
histfill,sentinel2,treatment_0007,treatment,treatment_0007,2,5,10,candidate,1,,,,,3.0,0.030807011832118432,1.0000
histfill,sentinel2,treatment_0007,treatment,treatment_0007,2,5,10,candidate,1,,,,,4.0,0.04717095607781185,1.0000
histfill,sentinel2,treatment_0007,treatment,treatment_0007,2,5,10,candidate,2,,,0.0,,2.0,0.008033131364687687,1.0000 0.0000
histfill,sentinel2,treatment_0007,treatment,treatment_0007,2,5,10,candidate,2,,,0.0,,3.0,0.008033131364687687,1.0000 0.0000
histfill,sentinel2,treatment_0007,treatment,treatment_0007,2,5,10,candidate,2,,,0.0,,4.0,0.008033131364687687,1.0000 0.0000
histfill,sentinel2,treatment_0008,treatment,treatment_0008,2,5,10,path,1,1.0,0.00655442150289357,inf,True,,,
histfill,sentinel2,treatment_0008,treatment,treatment_0008,2,5,10,path,2,2.0,0.00655442150289357,0.0,False,,,
histfill,sentinel2,treatment_0008,treatment,treatment_0008,2,5,10,candidate,1,,,,,1.0,0.00655442150289357,1.0000
histfill,sentinel2,treatment_0008,treatment,treatment_0008,2,5,10,candidate,1,,,,,2.0,0.014078384871915275,1.0000
histfill,sentinel2,treatment_0008,treatment,treatment_0008,2,5,10,candidate,1,,,,,3.0,0.024106824760387127,1.0000
histfill,sentinel2,treatment_0008,treatment,treatment_0008,2,5,10,candidate,1,,,,,4.0,0.03663034947457531,1.0000
histfill,sentinel2,treatment_0008,treatment,treatment_0008,2,5,10,candidate,2,,,0.0,,2.0,0.00655442150289357,1.0000 0.0000
histfill,sentinel2,treatment_0008,treatment,treatment_0008,2,5,10,candidate,2,,,0.0,,3.0,0.00655442150289357,1.0000 0.0000
histfill,sentinel2,treatment_0008,treatment,treatment_0008,2,5,10,candidate,2,,,0.0,,4.0,0.00655442150289357,1.0000 0.0000
histfill,sentinel2,treatment_0009,treatment,treatment_0009,2,5,10,path,1,1.0,0.0060189562842182095,inf,True,,,
histfill,sentinel2,treatment_0009,treatment,treatment_0009,2,5,10,path,2,2.0,0.0060189562842182095,0.0,False,,,
histfill,sentinel2,treatment_0009,treatment,treatment_0009,2,5,10,candidate,1,,,,,1.0,0.0060189562842182095,1.0000
histfill,sentinel2,treatment_0009,treatment,treatment_0009,2,5,10,candidate,1,,,,,2.0,0.012882329846251026,1.0000
histfill,sentinel2,treatment_0009,treatment,treatment_0009,2,5,10,candidate,1,,,,,3.0,0.02202026110046534,1.0000
histfill,sentinel2,treatment_0009,treatment,treatment_0009,2,5,10,candidate,1,,,,,4.0,0.033467606906969816,1.0000
histfill,sentinel2,treatment_0009,treatment,treatment_0009,2,5,10,candidate,2,,,0.0,,2.0,0.0060189562842182095,1.0000 0.0000
histfill,sentinel2,treatment_0009,treatment,treatment_0009,2,5,10,candidate,2,,,0.0,,3.0,0.0060189562842182095,1.0000 0.0000
histfill,sentinel2,treatment_0009,treatment,treatment_0009,2,5,10,candidate,2,,,0.0,,4.0,0.0060189562842182095,1.0000 0.0000
histfill,sentinel2,treatment_0010,treatment,treatment_0010,2,5,10,path,1,1.0,0.006597415478930294,inf,True,,,
histfill,sentinel2,treatment_0010,treatment,treatment_0010,2,5,10,path,2,2.0,0.006597415478930294,0.0,False,,,
histfill,sentinel2,treatment_0010,treatment,treatment_0010,2,5,10,candidate,1,,,,,1.0,0.006597415478930294,1.0000
histfill,sentinel2,treatment_0010,treatment,treatment_0010,2,5,10,candidate,1,,,,,2.0,0.01385484168406993,1.0000
histfill,sentinel2,treatment_0010,treatment,treatment_0010,2,5,10,candidate,1,,,,,3.0,0.0232102180361285,1.0000
histfill,sentinel2,treatment_0010,treatment,treatment_0010,2,5,10,candidate,1,,,,,4.0,0.03454649038390874,1.0000
histfill,sentinel2,treatment_0010,treatment,treatment_0010,2,5,10,candidate,2,,,0.0,,2.0,0.006597415478930294,1.0000 0.0000
histfill,sentinel2,treatment_0010,treatment,treatment_0010,2,5,10,candidate,2,,,0.0,,3.0,0.006597415478930294,1.0000 0.0000
histfill,sentinel2,treatment_0010,treatment,treatment_0010,2,5,10,candidate,2,,,0.0,,4.0,0.006597415478930294,1.0000 0.0000
histfill,sentinel2,treatment_0011,treatment,treatment_0011,2,5,10,path,1,1.0,0.0068377846891992475,inf,True,,,
histfill,sentinel2,treatment_0011,treatment,treatment_0011,2,5,10,path,2,2.0,0.0068377846891992475,0.0,False,,,
histfill,sentinel2,treatment_0011,treatment,treatment_0011,2,5,10,candidate,1,,,,,1.0,0.0068377846891992475,1.0000
histfill,sentinel2,treatment_0011,treatment,treatment_0011,2,5,10,candidate,1,,,,,2.0,0.015360264720457685,1.0000
histfill,sentinel2,treatment_0011,treatment,treatment_0011,2,5,10,candidate,1,,,,,3.0,0.027263719730653765,1.0000
histfill,sentinel2,treatment_0011,treatment,treatment_0011,2,5,10,candidate,1,,,,,4.0,0.04253252804230553,1.0000
histfill,sentinel2,treatment_0011,treatment,treatment_0011,2,5,10,candidate,2,,,0.0,,2.0,0.0068377846891992475,1.0000 0.0000
histfill,sentinel2,treatment_0011,treatment,treatment_0011,2,5,10,candidate,2,,,0.0,,3.0,0.0068377846891992475,1.0000 0.0000
histfill,sentinel2,treatment_0011,treatment,treatment_0011,2,5,10,candidate,2,,,0.0,,4.0,0.0068377846891992475,1.0000 0.0000
histfill,sentinel2,treatment_0012,treatment,treatment_0012,2,5,10,path,1,1.0,0.008558025636113435,inf,True,,,
histfill,sentinel2,treatment_0012,treatment,treatment_0012,2,5,10,path,2,2.0,0.008558025636113435,0.0,False,,,
histfill,sentinel2,treatment_0012,treatment,treatment_0012,2,5,10,candidate,1,,,,,1.0,0.008558025636113435,1.0000
histfill,sentinel2,treatment_0012,treatment,treatment_0012,2,5,10,candidate,1,,,,,2.0,0.019193329483880556,1.0000
histfill,sentinel2,treatment_0012,treatment,treatment_0012,2,5,10,candidate,1,,,,,3.0,0.03400639389720341,1.0000
histfill,sentinel2,treatment_0012,treatment,treatment_0012,2,5,10,candidate,1,,,,,4.0,0.05294841611970951,1.0000
histfill,sentinel2,treatment_0012,treatment,treatment_0012,2,5,10,candidate,2,,,0.0,,2.0,0.008558025636113435,1.0000 0.0000
histfill,sentinel2,treatment_0012,treatment,treatment_0012,2,5,10,candidate,2,,,0.0,,3.0,0.008558025636113435,1.0000 0.0000
histfill,sentinel2,treatment_0012,treatment,treatment_0012,2,5,10,candidate,2,,,0.0,,4.0,0.008558025636113435,1.0000 0.0000
histfill,sentinel2,treatment_0013,treatment,treatment_0013,2,5,10,path,1,1.0,0.01516306539128832,inf,True,,,
histfill,sentinel2,treatment_0013,treatment,treatment_0013,2,5,10,path,2,2.0,0.01516306539128832,0.0,False,,,
histfill,sentinel2,treatment_0013,treatment,treatment_0013,2,5,10,candidate,1,,,,,1.0,0.01516306539128832,1.0000
histfill,sentinel2,treatment_0013,treatment,treatment_0013,2,5,10,candidate,1,,,,,2.0,0.03034611797845872,1.0000
histfill,sentinel2,treatment_0013,treatment,treatment_0013,2,5,10,candidate,1,,,,,3.0,0.04690916661355856,1.0000
histfill,sentinel2,treatment_0013,treatment,treatment_0013,2,5,10,candidate,1,,,,,4.0,0.06330778170427988,1.0000
histfill,sentinel2,treatment_0013,treatment,treatment_0013,2,5,10,candidate,2,,,0.0,,2.0,0.01516306539128832,1.0000 0.0000
histfill,sentinel2,treatment_0013,treatment,treatment_0013,2,5,10,candidate,2,,,0.0,,3.0,0.01516306539128832,1.0000 0.0000
histfill,sentinel2,treatment_0013,treatment,treatment_0013,2,5,10,candidate,2,,,0.0,,4.0,0.01516306539128832,1.0000 0.0000
histfill,sentinel2,treatment_0014,treatment,treatment_0014,2,5,10,path,1,1.0,0.009012550940376082,inf,True,,,
histfill,sentinel2,treatment_0014,treatment,treatment_0014,2,5,10,path,2,2.0,0.009012550940376082,0.0,False,,,
histfill,sentinel2,treatment_0014,treatment,treatment_0014,2,5,10,candidate,1,,,,,1.0,0.009012550940376082,1.0000
histfill,sentinel2,treatment_0014,treatment,treatment_0014,2,5,10,candidate,1,,,,,2.0,0.02025949262188585,1.0000
histfill,sentinel2,treatment_0014,treatment,treatment_0014,2,5,10,candidate,1,,,,,3.0,0.035974878303561594,1.0000
histfill,sentinel2,treatment_0014,treatment,treatment_0014,2,5,10,candidate,1,,,,,4.0,0.056132159131214214,1.0000
histfill,sentinel2,treatment_0014,treatment,treatment_0014,2,5,10,candidate,2,,,0.0,,2.0,0.009012550940376082,1.0000 0.0000
histfill,sentinel2,treatment_0014,treatment,treatment_0014,2,5,10,candidate,2,,,0.0,,3.0,0.009012550940376082,1.0000 0.0000
histfill,sentinel2,treatment_0014,treatment,treatment_0014,2,5,10,candidate,2,,,0.0,,4.0,0.009012550940376082,1.0000 0.0000
histfill,sentinel2,treatment_0015,treatment,treatment_0015,2,5,10,path,1,1.0,0.00715765442359864,inf,True,,,
histfill,sentinel2,treatment_0015,treatment,treatment_0015,2,5,10,path,2,2.0,0.00715765442359864,0.0,False,,,
histfill,sentinel2,treatment_0015,treatment,treatment_0015,2,5,10,candidate,1,,,,,1.0,0.00715765442359864,1.0000
histfill,sentinel2,treatment_0015,treatment,treatment_0015,2,5,10,candidate,1,,,,,2.0,0.014787992055034055,1.0000
histfill,sentinel2,treatment_0015,treatment,treatment_0015,2,5,10,candidate,1,,,,,3.0,0.024498527705172423,1.0000
histfill,sentinel2,treatment_0015,treatment,treatment_0015,2,5,10,candidate,1,,,,,4.0,0.036426324591635674,1.0000
histfill,sentinel2,treatment_0015,treatment,treatment_0015,2,5,10,candidate,2,,,0.0,,2.0,0.00715765442359864,1.0000 0.0000
histfill,sentinel2,treatment_0015,treatment,treatment_0015,2,5,10,candidate,2,,,0.0,,3.0,0.00715765442359864,1.0000 0.0000
histfill,sentinel2,treatment_0015,treatment,treatment_0015,2,5,10,candidate,2,,,0.0,,4.0,0.00715765442359864,1.0000 0.0000
histfill,sentinel2,treatment_0001,treatment,treatment_0001,2,6,10,path,1,1.0,0.005862683844227674,inf,True,,,
histfill,sentinel2,treatment_0001,treatment,treatment_0001,2,6,10,path,2,2.0,0.005862683844227674,0.0,False,,,
histfill,sentinel2,treatment_0001,treatment,treatment_0001,2,6,10,candidate,1,,,,,1.0,0.005862683844227674,1.0000
histfill,sentinel2,treatment_0001,treatment,treatment_0001,2,6,10,candidate,1,,,,,2.0,0.012960594766370407,1.0000
histfill,sentinel2,treatment_0001,treatment,treatment_0001,2,6,10,candidate,1,,,,,3.0,0.022710012715693152,1.0000
histfill,sentinel2,treatment_0001,treatment,treatment_0001,2,6,10,candidate,2,,,0.0,,2.0,0.005862683844227674,1.0000 0.0000
histfill,sentinel2,treatment_0001,treatment,treatment_0001,2,6,10,candidate,2,,,0.0,,3.0,0.005862683844227674,1.0000 0.0000
histfill,sentinel2,treatment_0002,treatment,treatment_0002,2,6,10,path,1,1.0,0.004755035263163463,inf,True,,,
histfill,sentinel2,treatment_0002,treatment,treatment_0002,2,6,10,path,2,2.0,0.004755035263163463,0.0,False,,,
histfill,sentinel2,treatment_0002,treatment,treatment_0002,2,6,10,candidate,1,,,,,1.0,0.004755035263163463,1.0000
histfill,sentinel2,treatment_0002,treatment,treatment_0002,2,6,10,candidate,1,,,,,2.0,0.010559965344766118,1.0000
histfill,sentinel2,treatment_0002,treatment,treatment_0002,2,6,10,candidate,1,,,,,3.0,0.018557266266327564,1.0000
histfill,sentinel2,treatment_0002,treatment,treatment_0002,2,6,10,candidate,2,,,0.0,,2.0,0.004755035263163463,1.0000 0.0000
histfill,sentinel2,treatment_0002,treatment,treatment_0002,2,6,10,candidate,2,,,0.0,,3.0,0.004755035263163463,1.0000 0.0000
histfill,sentinel2,treatment_0003,treatment,treatment_0003,2,6,10,path,1,1.0,0.0071253963161342386,inf,True,,,
histfill,sentinel2,treatment_0003,treatment,treatment_0003,2,6,10,path,2,2.0,0.0071253963161342386,0.0,False,,,
histfill,sentinel2,treatment_0003,treatment,treatment_0003,2,6,10,candidate,1,,,,,1.0,0.0071253963161342386,1.0000
histfill,sentinel2,treatment_0003,treatment,treatment_0003,2,6,10,candidate,1,,,,,2.0,0.015959420998188614,1.0000
histfill,sentinel2,treatment_0003,treatment,treatment_0003,2,6,10,candidate,1,,,,,3.0,0.02824822675743034,1.0000
histfill,sentinel2,treatment_0003,treatment,treatment_0003,2,6,10,candidate,2,,,0.0,,2.0,0.0071253963161342386,1.0000 0.0000
histfill,sentinel2,treatment_0003,treatment,treatment_0003,2,6,10,candidate,2,,,0.0,,3.0,0.0071253963161342386,1.0000 0.0000
histfill,sentinel2,treatment_0004,treatment,treatment_0004,2,6,10,path,1,1.0,0.005732395385731905,inf,True,,,
histfill,sentinel2,treatment_0004,treatment,treatment_0004,2,6,10,path,2,2.0,0.005732395385731905,0.0,False,,,
histfill,sentinel2,treatment_0004,treatment,treatment_0004,2,6,10,candidate,1,,,,,1.0,0.005732395385731905,1.0000
histfill,sentinel2,treatment_0004,treatment,treatment_0004,2,6,10,candidate,1,,,,,2.0,0.01281470600634073,1.0000
histfill,sentinel2,treatment_0004,treatment,treatment_0004,2,6,10,candidate,1,,,,,3.0,0.022742314101967417,1.0000
histfill,sentinel2,treatment_0004,treatment,treatment_0004,2,6,10,candidate,2,,,0.0,,2.0,0.005732395385731905,1.0000 0.0000
histfill,sentinel2,treatment_0004,treatment,treatment_0004,2,6,10,candidate,2,,,0.0,,3.0,0.005732395385731905,1.0000 0.0000
histfill,sentinel2,treatment_0005,treatment,treatment_0005,2,6,10,path,1,1.0,0.00590916838953537,inf,True,,,
histfill,sentinel2,treatment_0005,treatment,treatment_0005,2,6,10,path,2,2.0,0.00590916838953537,0.0,False,,,
histfill,sentinel2,treatment_0005,treatment,treatment_0005,2,6,10,candidate,1,,,,,1.0,0.00590916838953537,1.0000
histfill,sentinel2,treatment_0005,treatment,treatment_0005,2,6,10,candidate,1,,,,,2.0,0.012867376530404276,1.0000
histfill,sentinel2,treatment_0005,treatment,treatment_0005,2,6,10,candidate,1,,,,,3.0,0.02226828102485446,1.0000
histfill,sentinel2,treatment_0005,treatment,treatment_0005,2,6,10,candidate,2,,,0.0,,2.0,0.00590916838953537,1.0000 0.0000
histfill,sentinel2,treatment_0005,treatment,treatment_0005,2,6,10,candidate,2,,,0.0,,3.0,0.00590916838953537,1.0000 0.0000
histfill,sentinel2,treatment_0006,treatment,treatment_0006,2,6,10,path,1,1.0,0.007305548395014986,inf,True,,,
histfill,sentinel2,treatment_0006,treatment,treatment_0006,2,6,10,path,2,2.0,0.007305548395014986,0.0,False,,,
histfill,sentinel2,treatment_0006,treatment,treatment_0006,2,6,10,candidate,1,,,,,1.0,0.007305548395014986,1.0000
histfill,sentinel2,treatment_0006,treatment,treatment_0006,2,6,10,candidate,1,,,,,2.0,0.01592162540295101,1.0000
histfill,sentinel2,treatment_0006,treatment,treatment_0006,2,6,10,candidate,1,,,,,3.0,0.027444095044722595,1.0000
histfill,sentinel2,treatment_0006,treatment,treatment_0006,2,6,10,candidate,2,,,0.0,,2.0,0.007305548395014986,1.0000 0.0000
histfill,sentinel2,treatment_0006,treatment,treatment_0006,2,6,10,candidate,2,,,0.0,,3.0,0.007305548395014986,1.0000 0.0000
histfill,sentinel2,treatment_0007,treatment,treatment_0007,2,6,10,path,1,1.0,0.007908399283634682,inf,True,,,
histfill,sentinel2,treatment_0007,treatment,treatment_0007,2,6,10,path,2,2.0,0.007908399283634682,0.0,False,,,
histfill,sentinel2,treatment_0007,treatment,treatment_0007,2,6,10,candidate,1,,,,,1.0,0.007908399283634682,1.0000
histfill,sentinel2,treatment_0007,treatment,treatment_0007,2,6,10,candidate,1,,,,,2.0,0.017449567087839117,1.0000
histfill,sentinel2,treatment_0007,treatment,treatment_0007,2,6,10,candidate,1,,,,,3.0,0.030442178913439352,1.0000
histfill,sentinel2,treatment_0007,treatment,treatment_0007,2,6,10,candidate,2,,,0.0,,2.0,0.007908399283634682,1.0000 0.0000
histfill,sentinel2,treatment_0007,treatment,treatment_0007,2,6,10,candidate,2,,,0.0,,3.0,0.007908399283634682,1.0000 0.0000
histfill,sentinel2,treatment_0008,treatment,treatment_0008,2,6,10,path,1,1.0,0.006430896523906337,inf,True,,,
histfill,sentinel2,treatment_0008,treatment,treatment_0008,2,6,10,path,2,2.0,0.006430896523906337,0.0,False,,,
histfill,sentinel2,treatment_0008,treatment,treatment_0008,2,6,10,candidate,1,,,,,1.0,0.006430896523906337,1.0000
histfill,sentinel2,treatment_0008,treatment,treatment_0008,2,6,10,candidate,1,,,,,2.0,0.01396798718918191,1.0000
histfill,sentinel2,treatment_0008,treatment,treatment_0008,2,6,10,candidate,1,,,,,3.0,0.024205077757907437,1.0000
histfill,sentinel2,treatment_0008,treatment,treatment_0008,2,6,10,candidate,2,,,0.0,,2.0,0.006430896523906337,1.0000 0.0000
histfill,sentinel2,treatment_0008,treatment,treatment_0008,2,6,10,candidate,2,,,0.0,,3.0,0.006430896523906337,1.0000 0.0000
histfill,sentinel2,treatment_0009,treatment,treatment_0009,2,6,10,path,1,1.0,0.005902883702338975,inf,True,,,
histfill,sentinel2,treatment_0009,treatment,treatment_0009,2,6,10,path,2,2.0,0.005902883702338975,0.0,False,,,
histfill,sentinel2,treatment_0009,treatment,treatment_0009,2,6,10,candidate,1,,,,,1.0,0.005902883702338975,1.0000
histfill,sentinel2,treatment_0009,treatment,treatment_0009,2,6,10,candidate,1,,,,,2.0,0.012798357785772853,1.0000
histfill,sentinel2,treatment_0009,treatment,treatment_0009,2,6,10,candidate,1,,,,,3.0,0.02218183562131286,1.0000
histfill,sentinel2,treatment_0009,treatment,treatment_0009,2,6,10,candidate,2,,,0.0,,2.0,0.005902883702338975,1.0000 0.0000
histfill,sentinel2,treatment_0009,treatment,treatment_0009,2,6,10,candidate,2,,,0.0,,3.0,0.005902883702338975,1.0000 0.0000
histfill,sentinel2,treatment_0010,treatment,treatment_0010,2,6,10,path,1,1.0,0.00636227394450419,inf,True,,,
histfill,sentinel2,treatment_0010,treatment,treatment_0010,2,6,10,path,2,2.0,0.00636227394450419,0.0,False,,,
histfill,sentinel2,treatment_0010,treatment,treatment_0010,2,6,10,candidate,1,,,,,1.0,0.00636227394450419,1.0000
histfill,sentinel2,treatment_0010,treatment,treatment_0010,2,6,10,candidate,1,,,,,2.0,0.013527075607954277,1.0000
histfill,sentinel2,treatment_0010,treatment,treatment_0010,2,6,10,candidate,1,,,,,3.0,0.0229729298588896,1.0000
histfill,sentinel2,treatment_0010,treatment,treatment_0010,2,6,10,candidate,2,,,0.0,,2.0,0.00636227394450419,1.0000 0.0000
histfill,sentinel2,treatment_0010,treatment,treatment_0010,2,6,10,candidate,2,,,0.0,,3.0,0.00636227394450419,1.0000 0.0000
histfill,sentinel2,treatment_0011,treatment,treatment_0011,2,6,10,path,1,1.0,0.006829107879313117,inf,True,,,
histfill,sentinel2,treatment_0011,treatment,treatment_0011,2,6,10,path,2,2.0,0.006829107879313117,0.0,False,,,
histfill,sentinel2,treatment_0011,treatment,treatment_0011,2,6,10,candidate,1,,,,,1.0,0.006829107879313117,1.0000
histfill,sentinel2,treatment_0011,treatment,treatment_0011,2,6,10,candidate,1,,,,,2.0,0.015342110424122212,1.0000
histfill,sentinel2,treatment_0011,treatment,treatment_0011,2,6,10,candidate,1,,,,,3.0,0.027233849047238884,1.0000
histfill,sentinel2,treatment_0011,treatment,treatment_0011,2,6,10,candidate,2,,,0.0,,2.0,0.006829107879313117,1.0000 0.0000
histfill,sentinel2,treatment_0011,treatment,treatment_0011,2,6,10,candidate,2,,,0.0,,3.0,0.006829107879313117,1.0000 0.0000
histfill,sentinel2,treatment_0012,treatment,treatment_0012,2,6,10,path,1,1.0,0.008531885114158524,inf,True,,,
histfill,sentinel2,treatment_0012,treatment,treatment_0012,2,6,10,path,2,2.0,0.008531885114158524,0.0,False,,,
histfill,sentinel2,treatment_0012,treatment,treatment_0012,2,6,10,candidate,1,,,,,1.0,0.008531885114158524,1.0000
histfill,sentinel2,treatment_0012,treatment,treatment_0012,2,6,10,candidate,1,,,,,2.0,0.019133931805994927,1.0000
histfill,sentinel2,treatment_0012,treatment,treatment_0012,2,6,10,candidate,1,,,,,3.0,0.03389988002540307,1.0000
histfill,sentinel2,treatment_0012,treatment,treatment_0012,2,6,10,candidate,2,,,0.0,,2.0,0.008531885114158524,1.0000 0.0000
histfill,sentinel2,treatment_0012,treatment,treatment_0012,2,6,10,candidate,2,,,0.0,,3.0,0.008531885114158524,1.0000 0.0000
histfill,sentinel2,treatment_0013,treatment,treatment_0013,2,6,10,path,1,1.0,0.01513891134198177,inf,True,,,
histfill,sentinel2,treatment_0013,treatment,treatment_0013,2,6,10,path,2,2.0,0.01513891134198177,0.0,False,,,
histfill,sentinel2,treatment_0013,treatment,treatment_0013,2,6,10,candidate,1,,,,,1.0,0.01513891134198177,1.0000
histfill,sentinel2,treatment_0013,treatment,treatment_0013,2,6,10,candidate,1,,,,,2.0,0.030073328234654962,1.0000
histfill,sentinel2,treatment_0013,treatment,treatment_0013,2,6,10,candidate,1,,,,,3.0,0.04730525607875746,1.0000
histfill,sentinel2,treatment_0013,treatment,treatment_0013,2,6,10,candidate,2,,,0.0,,2.0,0.01513891134198177,1.0000 0.0000
histfill,sentinel2,treatment_0013,treatment,treatment_0013,2,6,10,candidate,2,,,0.0,,3.0,0.01513891134198177,1.0000 0.0000
histfill,sentinel2,treatment_0014,treatment,treatment_0014,2,6,10,path,1,1.0,0.009009039367844765,inf,True,,,
histfill,sentinel2,treatment_0014,treatment,treatment_0014,2,6,10,path,2,2.0,0.009009039367844765,0.0,False,,,
histfill,sentinel2,treatment_0014,treatment,treatment_0014,2,6,10,candidate,1,,,,,1.0,0.009009039367844765,1.0000
histfill,sentinel2,treatment_0014,treatment,treatment_0014,2,6,10,candidate,1,,,,,2.0,0.020251540729772154,1.0000
histfill,sentinel2,treatment_0014,treatment,treatment_0014,2,6,10,candidate,1,,,,,3.0,0.03596108821501662,1.0000
histfill,sentinel2,treatment_0014,treatment,treatment_0014,2,6,10,candidate,2,,,0.0,,2.0,0.009009039367844765,1.0000 0.0000
histfill,sentinel2,treatment_0014,treatment,treatment_0014,2,6,10,candidate,2,,,0.0,,3.0,0.009009039367844765,1.0000 0.0000
histfill,sentinel2,treatment_0015,treatment,treatment_0015,2,6,10,path,1,1.0,0.006947922968008793,inf,True,,,
histfill,sentinel2,treatment_0015,treatment,treatment_0015,2,6,10,path,2,2.0,0.006947922968008793,0.0,False,,,
histfill,sentinel2,treatment_0015,treatment,treatment_0015,2,6,10,candidate,1,,,,,1.0,0.006947922968008793,1.0000
histfill,sentinel2,treatment_0015,treatment,treatment_0015,2,6,10,candidate,1,,,,,2.0,0.014691230631281542,1.0000
histfill,sentinel2,treatment_0015,treatment,treatment_0015,2,6,10,candidate,1,,,,,3.0,0.025038156860072103,1.0000
histfill,sentinel2,treatment_0015,treatment,treatment_0015,2,6,10,candidate,2,,,0.0,,2.0,0.006947922968008793,1.0000 0.0000
histfill,sentinel2,treatment_0015,treatment,treatment_0015,2,6,10,candidate,2,,,0.0,,3.0,0.006947922968008793,1.0000 0.0000
histfill,sentinel2,treatment_0001,treatment,treatment_0001,2,7,10,path,1,1.0,0.00582512279725141,inf,True,,,
histfill,sentinel2,treatment_0001,treatment,treatment_0001,2,7,10,path,2,2.0,0.00582512279725141,0.0,False,,,
histfill,sentinel2,treatment_0001,treatment,treatment_0001,2,7,10,candidate,1,,,,,1.0,0.00582512279725141,1.0000
histfill,sentinel2,treatment_0001,treatment,treatment_0001,2,7,10,candidate,1,,,,,2.0,0.012933566320481685,1.0000
histfill,sentinel2,treatment_0001,treatment,treatment_0001,2,7,10,candidate,2,,,0.0,,2.0,0.00582512279725141,1.0000 0.0000
histfill,sentinel2,treatment_0002,treatment,treatment_0002,2,7,10,path,1,1.0,0.004719576588386422,inf,True,,,
histfill,sentinel2,treatment_0002,treatment,treatment_0002,2,7,10,path,2,2.0,0.004719576588386422,0.0,False,,,
histfill,sentinel2,treatment_0002,treatment,treatment_0002,2,7,10,candidate,1,,,,,1.0,0.004719576588386422,1.0000
histfill,sentinel2,treatment_0002,treatment,treatment_0002,2,7,10,candidate,1,,,,,2.0,0.0105007083376895,1.0000
histfill,sentinel2,treatment_0002,treatment,treatment_0002,2,7,10,candidate,2,,,0.0,,2.0,0.004719576588386422,1.0000 0.0000
histfill,sentinel2,treatment_0003,treatment,treatment_0003,2,7,10,path,1,1.0,0.007111635978495432,inf,True,,,
histfill,sentinel2,treatment_0003,treatment,treatment_0003,2,7,10,path,2,2.0,0.007111635978495432,0.0,False,,,
histfill,sentinel2,treatment_0003,treatment,treatment_0003,2,7,10,candidate,1,,,,,1.0,0.007111635978495432,1.0000
histfill,sentinel2,treatment_0003,treatment,treatment_0003,2,7,10,candidate,1,,,,,2.0,0.01593804174568631,1.0000
histfill,sentinel2,treatment_0003,treatment,treatment_0003,2,7,10,candidate,2,,,0.0,,2.0,0.007111635978495432,1.0000 0.0000
histfill,sentinel2,treatment_0004,treatment,treatment_0004,2,7,10,path,1,1.0,0.005845581439338262,inf,True,,,
histfill,sentinel2,treatment_0004,treatment,treatment_0004,2,7,10,path,2,2.0,0.005845581439338262,0.0,False,,,
histfill,sentinel2,treatment_0004,treatment,treatment_0004,2,7,10,candidate,1,,,,,1.0,0.005845581439338262,1.0000
histfill,sentinel2,treatment_0004,treatment,treatment_0004,2,7,10,candidate,1,,,,,2.0,0.013159828000812779,1.0000
histfill,sentinel2,treatment_0004,treatment,treatment_0004,2,7,10,candidate,2,,,0.0,,2.0,0.005845581439338262,1.0000 0.0000
histfill,sentinel2,treatment_0005,treatment,treatment_0005,2,7,10,path,1,1.0,0.0058701018821335545,inf,True,,,
histfill,sentinel2,treatment_0005,treatment,treatment_0005,2,7,10,path,2,2.0,0.0058701018821335545,0.0,False,,,
histfill,sentinel2,treatment_0005,treatment,treatment_0005,2,7,10,candidate,1,,,,,1.0,0.0058701018821335545,1.0000
histfill,sentinel2,treatment_0005,treatment,treatment_0005,2,7,10,candidate,1,,,,,2.0,0.0129106677696017,1.0000
histfill,sentinel2,treatment_0005,treatment,treatment_0005,2,7,10,candidate,2,,,0.0,,2.0,0.0058701018821335545,1.0000 0.0000
histfill,sentinel2,treatment_0006,treatment,treatment_0006,2,7,10,path,1,1.0,0.007134449128370596,inf,True,,,
histfill,sentinel2,treatment_0006,treatment,treatment_0006,2,7,10,path,2,2.0,0.007134449128370596,0.0,False,,,
histfill,sentinel2,treatment_0006,treatment,treatment_0006,2,7,10,candidate,1,,,,,1.0,0.007134449128370596,1.0000
histfill,sentinel2,treatment_0006,treatment,treatment_0006,2,7,10,candidate,1,,,,,2.0,0.015583730770211223,1.0000
histfill,sentinel2,treatment_0006,treatment,treatment_0006,2,7,10,candidate,2,,,0.0,,2.0,0.007134449128370596,1.0000 0.0000
histfill,sentinel2,treatment_0007,treatment,treatment_0007,2,7,10,path,1,1.0,0.0078062208529790815,inf,True,,,
histfill,sentinel2,treatment_0007,treatment,treatment_0007,2,7,10,path,2,2.0,0.0078062208529790815,0.0,False,,,
histfill,sentinel2,treatment_0007,treatment,treatment_0007,2,7,10,candidate,1,,,,,1.0,0.0078062208529790815,1.0000
histfill,sentinel2,treatment_0007,treatment,treatment_0007,2,7,10,candidate,1,,,,,2.0,0.01726161732401249,1.0000
histfill,sentinel2,treatment_0007,treatment,treatment_0007,2,7,10,candidate,2,,,0.0,,2.0,0.0078062208529790815,1.0000 0.0000
histfill,sentinel2,treatment_0008,treatment,treatment_0008,2,7,10,path,1,1.0,0.006406417481807453,inf,True,,,
histfill,sentinel2,treatment_0008,treatment,treatment_0008,2,7,10,path,2,2.0,0.006406417481807453,0.0,False,,,
histfill,sentinel2,treatment_0008,treatment,treatment_0008,2,7,10,candidate,1,,,,,1.0,0.006406417481807453,1.0000
histfill,sentinel2,treatment_0008,treatment,treatment_0008,2,7,10,candidate,1,,,,,2.0,0.014083038023582172,1.0000
histfill,sentinel2,treatment_0008,treatment,treatment_0008,2,7,10,candidate,2,,,0.0,,2.0,0.006406417481807453,1.0000 0.0000
histfill,sentinel2,treatment_0009,treatment,treatment_0009,2,7,10,path,1,1.0,0.005891935589587653,inf,True,,,
histfill,sentinel2,treatment_0009,treatment,treatment_0009,2,7,10,path,2,2.0,0.005891935589587653,0.0,False,,,
histfill,sentinel2,treatment_0009,treatment,treatment_0009,2,7,10,candidate,1,,,,,1.0,0.005891935589587653,1.0000
histfill,sentinel2,treatment_0009,treatment,treatment_0009,2,7,10,candidate,1,,,,,2.0,0.012953311519131254,1.0000
histfill,sentinel2,treatment_0009,treatment,treatment_0009,2,7,10,candidate,2,,,0.0,,2.0,0.005891935589587653,1.0000 0.0000
histfill,sentinel2,treatment_0010,treatment,treatment_0010,2,7,10,path,1,1.0,0.006244452595933136,inf,True,,,
histfill,sentinel2,treatment_0010,treatment,treatment_0010,2,7,10,path,2,2.0,0.006244452595933136,0.0,False,,,
histfill,sentinel2,treatment_0010,treatment,treatment_0010,2,7,10,candidate,1,,,,,1.0,0.006244452595933136,1.0000
histfill,sentinel2,treatment_0010,treatment,treatment_0010,2,7,10,candidate,1,,,,,2.0,0.013458991805159795,1.0000
histfill,sentinel2,treatment_0010,treatment,treatment_0010,2,7,10,candidate,2,,,0.0,,2.0,0.006244452595933136,1.0000 0.0000
histfill,sentinel2,treatment_0011,treatment,treatment_0011,2,7,10,path,1,1.0,0.006821242741828422,inf,True,,,
histfill,sentinel2,treatment_0011,treatment,treatment_0011,2,7,10,path,2,2.0,0.006821242741828422,0.0,False,,,
histfill,sentinel2,treatment_0011,treatment,treatment_0011,2,7,10,candidate,1,,,,,1.0,0.006821242741828422,1.0000
histfill,sentinel2,treatment_0011,treatment,treatment_0011,2,7,10,candidate,1,,,,,2.0,0.01532577513893366,1.0000
histfill,sentinel2,treatment_0011,treatment,treatment_0011,2,7,10,candidate,2,,,0.0,,2.0,0.006821242741828422,1.0000 0.0000
histfill,sentinel2,treatment_0012,treatment,treatment_0012,2,7,10,path,1,1.0,0.008505424000201508,inf,True,,,
histfill,sentinel2,treatment_0012,treatment,treatment_0012,2,7,10,path,2,2.0,0.008505424000201508,0.0,False,,,
histfill,sentinel2,treatment_0012,treatment,treatment_0012,2,7,10,candidate,1,,,,,1.0,0.008505424000201508,1.0000
histfill,sentinel2,treatment_0012,treatment,treatment_0012,2,7,10,candidate,1,,,,,2.0,0.019073896226736057,1.0000
histfill,sentinel2,treatment_0012,treatment,treatment_0012,2,7,10,candidate,2,,,0.0,,2.0,0.008505424000201508,1.0000 0.0000
histfill,sentinel2,treatment_0013,treatment,treatment_0013,2,7,10,path,1,1.0,0.015002930385849536,inf,True,,,
histfill,sentinel2,treatment_0013,treatment,treatment_0013,2,7,10,path,2,2.0,0.015002930385849536,0.0,False,,,
histfill,sentinel2,treatment_0013,treatment,treatment_0013,2,7,10,candidate,1,,,,,1.0,0.015002930385849536,1.0000
histfill,sentinel2,treatment_0013,treatment,treatment_0013,2,7,10,candidate,1,,,,,2.0,0.03083388288765181,1.0000
histfill,sentinel2,treatment_0013,treatment,treatment_0013,2,7,10,candidate,2,,,0.0,,2.0,0.015002930385849536,1.0000 0.0000
histfill,sentinel2,treatment_0014,treatment,treatment_0014,2,7,10,path,1,1.0,0.009005605662561245,inf,True,,,
histfill,sentinel2,treatment_0014,treatment,treatment_0014,2,7,10,path,2,2.0,0.009005605662561245,0.0,False,,,
histfill,sentinel2,treatment_0014,treatment,treatment_0014,2,7,10,candidate,1,,,,,1.0,0.009005605662561245,1.0000
histfill,sentinel2,treatment_0014,treatment,treatment_0014,2,7,10,candidate,1,,,,,2.0,0.020244118739829918,1.0000
histfill,sentinel2,treatment_0014,treatment,treatment_0014,2,7,10,candidate,2,,,0.0,,2.0,0.009005605662561245,1.0000 0.0000
histfill,sentinel2,treatment_0015,treatment,treatment_0015,2,7,10,path,1,1.0,0.0069657464212809165,inf,True,,,
histfill,sentinel2,treatment_0015,treatment,treatment_0015,2,7,10,path,2,2.0,0.0069657464212809165,0.0,False,,,
histfill,sentinel2,treatment_0015,treatment,treatment_0015,2,7,10,candidate,1,,,,,1.0,0.0069657464212809165,1.0000
histfill,sentinel2,treatment_0015,treatment,treatment_0015,2,7,10,candidate,1,,,,,2.0,0.01514744477198794,1.0000
histfill,sentinel2,treatment_0015,treatment,treatment_0015,2,7,10,candidate,2,,,0.0,,2.0,0.0069657464212809165,1.0000 0.0000
histfill,sentinel2,treatment_0001,treatment,treatment_0001,2,8,10,path,1,1.0,0.00582272288808751,inf,True,,,
histfill,sentinel2,treatment_0001,treatment,treatment_0001,2,8,10,candidate,1,,,,,1.0,0.00582272288808751,1.0000
histfill,sentinel2,treatment_0002,treatment,treatment_0002,2,8,10,path,1,1.0,0.004695984311565081,inf,True,,,
histfill,sentinel2,treatment_0002,treatment,treatment_0002,2,8,10,candidate,1,,,,,1.0,0.004695984311565081,1.0000
histfill,sentinel2,treatment_0003,treatment,treatment_0003,2,8,10,path,1,1.0,0.007103343397596082,inf,True,,,
histfill,sentinel2,treatment_0003,treatment,treatment_0003,2,8,10,candidate,1,,,,,1.0,0.007103343397596082,1.0000
histfill,sentinel2,treatment_0004,treatment,treatment_0004,2,8,10,path,1,1.0,0.006012793411521442,inf,True,,,
histfill,sentinel2,treatment_0004,treatment,treatment_0004,2,8,10,candidate,1,,,,,1.0,0.006012793411521442,1.0000
histfill,sentinel2,treatment_0005,treatment,treatment_0005,2,8,10,path,1,1.0,0.005915499403007182,inf,True,,,
histfill,sentinel2,treatment_0005,treatment,treatment_0005,2,8,10,candidate,1,,,,,1.0,0.005915499403007182,1.0000
histfill,sentinel2,treatment_0006,treatment,treatment_0006,2,8,10,path,1,1.0,0.006991870401729967,inf,True,,,
histfill,sentinel2,treatment_0006,treatment,treatment_0006,2,8,10,candidate,1,,,,,1.0,0.006991870401729967,1.0000
histfill,sentinel2,treatment_0007,treatment,treatment_0007,2,8,10,path,1,1.0,0.007731541491032399,inf,True,,,
histfill,sentinel2,treatment_0007,treatment,treatment_0007,2,8,10,candidate,1,,,,,1.0,0.007731541491032399,1.0000
histfill,sentinel2,treatment_0008,treatment,treatment_0008,2,8,10,path,1,1.0,0.00648490019284264,inf,True,,,
histfill,sentinel2,treatment_0008,treatment,treatment_0008,2,8,10,candidate,1,,,,,1.0,0.00648490019284264,1.0000
histfill,sentinel2,treatment_0009,treatment,treatment_0009,2,8,10,path,1,1.0,0.005989916825174149,inf,True,,,
histfill,sentinel2,treatment_0009,treatment,treatment_0009,2,8,10,candidate,1,,,,,1.0,0.005989916825174149,1.0000
histfill,sentinel2,treatment_0010,treatment,treatment_0010,2,8,10,path,1,1.0,0.0062429193694976525,inf,True,,,
histfill,sentinel2,treatment_0010,treatment,treatment_0010,2,8,10,candidate,1,,,,,1.0,0.0062429193694976525,1.0000
histfill,sentinel2,treatment_0011,treatment,treatment_0011,2,8,10,path,1,1.0,0.0068141871879418515,inf,True,,,
histfill,sentinel2,treatment_0011,treatment,treatment_0011,2,8,10,candidate,1,,,,,1.0,0.0068141871879418515,1.0000
histfill,sentinel2,treatment_0012,treatment,treatment_0012,2,8,10,path,1,1.0,0.008478701571435281,inf,True,,,
histfill,sentinel2,treatment_0012,treatment,treatment_0012,2,8,10,candidate,1,,,,,1.0,0.008478701571435281,1.0000
histfill,sentinel2,treatment_0013,treatment,treatment_0013,2,8,10,path,1,1.0,0.015901946114969687,inf,True,,,
histfill,sentinel2,treatment_0013,treatment,treatment_0013,2,8,10,candidate,1,,,,,1.0,0.015901946114969687,1.0000
histfill,sentinel2,treatment_0014,treatment,treatment_0014,2,8,10,path,1,1.0,0.009002511133070129,inf,True,,,
histfill,sentinel2,treatment_0014,treatment,treatment_0014,2,8,10,candidate,1,,,,,1.0,0.009002511133070129,1.0000
histfill,sentinel2,treatment_0015,treatment,treatment_0015,2,8,10,path,1,1.0,0.007246238812491814,inf,True,,,
histfill,sentinel2,treatment_0015,treatment,treatment_0015,2,8,10,candidate,1,,,,,1.0,0.007246238812491814,1.0000
histfill,sentinel2,treatment_0001,treatment,treatment_0001,3,2,10,path,1,1.0,0.013784571698379997,inf,True,,,
histfill,sentinel2,treatment_0001,treatment,treatment_0001,3,2,10,path,2,2.0,0.013784571698379997,0.0,False,,,
histfill,sentinel2,treatment_0001,treatment,treatment_0001,3,2,10,candidate,1,,,,,1.0,0.013784571698379997,1.0000
histfill,sentinel2,treatment_0001,treatment,treatment_0001,3,2,10,candidate,1,,,,,2.0,0.02379800682653589,1.0000
histfill,sentinel2,treatment_0001,treatment,treatment_0001,3,2,10,candidate,1,,,,,3.0,0.03619161240686588,1.0000
histfill,sentinel2,treatment_0001,treatment,treatment_0001,3,2,10,candidate,1,,,,,4.0,0.050849677423565484,1.0000
histfill,sentinel2,treatment_0001,treatment,treatment_0001,3,2,10,candidate,1,,,,,5.0,0.06771952267390453,1.0000
histfill,sentinel2,treatment_0001,treatment,treatment_0001,3,2,10,candidate,1,,,,,6.0,0.08682461566162872,1.0000
histfill,sentinel2,treatment_0001,treatment,treatment_0001,3,2,10,candidate,2,,,0.0,,2.0,0.013784571698379997,1.0000 0.0000
histfill,sentinel2,treatment_0001,treatment,treatment_0001,3,2,10,candidate,2,,,0.0,,3.0,0.013784571698379997,1.0000 0.0000
histfill,sentinel2,treatment_0001,treatment,treatment_0001,3,2,10,candidate,2,,,0.0,,4.0,0.013784571698379997,1.0000 0.0000
histfill,sentinel2,treatment_0001,treatment,treatment_0001,3,2,10,candidate,2,,,0.0,,5.0,0.013784571698379997,1.0000 0.0000
histfill,sentinel2,treatment_0001,treatment,treatment_0001,3,2,10,candidate,2,,,0.0,,6.0,0.013784571698379997,1.0000 0.0000
histfill,sentinel2,treatment_0002,treatment,treatment_0002,3,2,10,path,1,1.0,0.011076586821255176,inf,True,,,
histfill,sentinel2,treatment_0002,treatment,treatment_0002,3,2,10,path,2,2.0,0.011076586821255176,0.0,False,,,
histfill,sentinel2,treatment_0002,treatment,treatment_0002,3,2,10,candidate,1,,,,,1.0,0.011076586821255176,1.0000
histfill,sentinel2,treatment_0002,treatment,treatment_0002,3,2,10,candidate,1,,,,,2.0,0.019320756416811993,1.0000
histfill,sentinel2,treatment_0002,treatment,treatment_0002,3,2,10,candidate,1,,,,,3.0,0.029663840144271536,1.0000
histfill,sentinel2,treatment_0002,treatment,treatment_0002,3,2,10,candidate,1,,,,,4.0,0.04203377690319779,1.0000
histfill,sentinel2,treatment_0002,treatment,treatment_0002,3,2,10,candidate,1,,,,,5.0,0.05637824404944959,1.0000
histfill,sentinel2,treatment_0002,treatment,treatment_0002,3,2,10,candidate,1,,,,,6.0,0.07266343320440764,1.0000
histfill,sentinel2,treatment_0002,treatment,treatment_0002,3,2,10,candidate,2,,,0.0,,2.0,0.011076586821255176,1.0000 0.0000
histfill,sentinel2,treatment_0002,treatment,treatment_0002,3,2,10,candidate,2,,,0.0,,3.0,0.011076586821255176,1.0000 0.0000
histfill,sentinel2,treatment_0002,treatment,treatment_0002,3,2,10,candidate,2,,,0.0,,4.0,0.011076586821255176,1.0000 0.0000
histfill,sentinel2,treatment_0002,treatment,treatment_0002,3,2,10,candidate,2,,,0.0,,5.0,0.011076586821255176,1.0000 0.0000
histfill,sentinel2,treatment_0002,treatment,treatment_0002,3,2,10,candidate,2,,,0.0,,6.0,0.011076586821255176,1.0000 0.0000
histfill,sentinel2,treatment_0003,treatment,treatment_0003,3,2,10,path,1,1.0,0.016170704606144747,inf,True,,,
histfill,sentinel2,treatment_0003,treatment,treatment_0003,3,2,10,path,2,2.0,0.016170704606144747,0.0,False,,,
histfill,sentinel2,treatment_0003,treatment,treatment_0003,3,2,10,candidate,1,,,,,1.0,0.016170704606144747,1.0000
histfill,sentinel2,treatment_0003,treatment,treatment_0003,3,2,10,candidate,1,,,,,2.0,0.028551381152162877,1.0000
histfill,sentinel2,treatment_0003,treatment,treatment_0003,3,2,10,candidate,1,,,,,3.0,0.04431657444647013,1.0000
histfill,sentinel2,treatment_0003,treatment,treatment_0003,3,2,10,candidate,1,,,,,4.0,0.06340457868924944,1.0000
histfill,sentinel2,treatment_0003,treatment,treatment_0003,3,2,10,candidate,1,,,,,5.0,0.08575563489678403,1.0000
histfill,sentinel2,treatment_0003,treatment,treatment_0003,3,2,10,candidate,1,,,,,6.0,0.11131260973901015,1.0000
histfill,sentinel2,treatment_0003,treatment,treatment_0003,3,2,10,candidate,2,,,0.0,,2.0,0.016170704606144747,1.0000 0.0000
histfill,sentinel2,treatment_0003,treatment,treatment_0003,3,2,10,candidate,2,,,0.0,,3.0,0.016170704606144747,1.0000 0.0000
histfill,sentinel2,treatment_0003,treatment,treatment_0003,3,2,10,candidate,2,,,0.0,,4.0,0.016170704606144747,1.0000 0.0000
histfill,sentinel2,treatment_0003,treatment,treatment_0003,3,2,10,candidate,2,,,0.0,,5.0,0.016170704606144747,1.0000 0.0000
histfill,sentinel2,treatment_0003,treatment,treatment_0003,3,2,10,candidate,2,,,0.0,,6.0,0.016170704606144747,1.0000 0.0000
histfill,sentinel2,treatment_0004,treatment,treatment_0004,3,2,10,path,1,1.0,0.01263364748253296,inf,True,,,
histfill,sentinel2,treatment_0004,treatment,treatment_0004,3,2,10,path,2,2.0,0.01263364748253296,0.0,False,,,
histfill,sentinel2,treatment_0004,treatment,treatment_0004,3,2,10,candidate,1,,,,,1.0,0.01263364748253296,1.0000
histfill,sentinel2,treatment_0004,treatment,treatment_0004,3,2,10,candidate,1,,,,,2.0,0.021732605673046728,1.0000
histfill,sentinel2,treatment_0004,treatment,treatment_0004,3,2,10,candidate,1,,,,,3.0,0.033073706662247786,1.0000
histfill,sentinel2,treatment_0004,treatment,treatment_0004,3,2,10,candidate,1,,,,,4.0,0.046617000334401665,1.0000
histfill,sentinel2,treatment_0004,treatment,treatment_0004,3,2,10,candidate,1,,,,,5.0,0.06233842475985907,1.0000
histfill,sentinel2,treatment_0004,treatment,treatment_0004,3,2,10,candidate,1,,,,,6.0,0.08024748362471784,1.0000
histfill,sentinel2,treatment_0004,treatment,treatment_0004,3,2,10,candidate,2,,,0.0,,2.0,0.01263364748253296,1.0000 0.0000
histfill,sentinel2,treatment_0004,treatment,treatment_0004,3,2,10,candidate,2,,,0.0,,3.0,0.01263364748253296,1.0000 0.0000
histfill,sentinel2,treatment_0004,treatment,treatment_0004,3,2,10,candidate,2,,,0.0,,4.0,0.01263364748253296,1.0000 0.0000
histfill,sentinel2,treatment_0004,treatment,treatment_0004,3,2,10,candidate,2,,,0.0,,5.0,0.01263364748253296,1.0000 0.0000
histfill,sentinel2,treatment_0004,treatment,treatment_0004,3,2,10,candidate,2,,,0.0,,6.0,0.01263364748253296,1.0000 0.0000
histfill,sentinel2,treatment_0005,treatment,treatment_0005,3,2,10,path,1,1.0,0.014270498055566,inf,True,,,
histfill,sentinel2,treatment_0005,treatment,treatment_0005,3,2,10,path,2,2.0,0.014270498055566,0.0,False,,,
histfill,sentinel2,treatment_0005,treatment,treatment_0005,3,2,10,candidate,1,,,,,1.0,0.014270498055566,1.0000
histfill,sentinel2,treatment_0005,treatment,treatment_0005,3,2,10,candidate,1,,,,,2.0,0.023972667925252867,1.0000
histfill,sentinel2,treatment_0005,treatment,treatment_0005,3,2,10,candidate,1,,,,,3.0,0.035481562407344805,1.0000
histfill,sentinel2,treatment_0005,treatment,treatment_0005,3,2,10,candidate,1,,,,,4.0,0.04853991418123821,1.0000
histfill,sentinel2,treatment_0005,treatment,treatment_0005,3,2,10,candidate,1,,,,,5.0,0.06301015283641925,1.0000
histfill,sentinel2,treatment_0005,treatment,treatment_0005,3,2,10,candidate,1,,,,,6.0,0.07892570108796264,1.0000
histfill,sentinel2,treatment_0005,treatment,treatment_0005,3,2,10,candidate,2,,,0.0,,2.0,0.014270498055566,1.0000 0.0000
histfill,sentinel2,treatment_0005,treatment,treatment_0005,3,2,10,candidate,2,,,0.0,,3.0,0.014270498055566,1.0000 0.0000
histfill,sentinel2,treatment_0005,treatment,treatment_0005,3,2,10,candidate,2,,,0.0,,4.0,0.014270498055566,1.0000 0.0000
histfill,sentinel2,treatment_0005,treatment,treatment_0005,3,2,10,candidate,2,,,0.0,,5.0,0.014270498055566,1.0000 0.0000
histfill,sentinel2,treatment_0005,treatment,treatment_0005,3,2,10,candidate,2,,,0.0,,6.0,0.014270498055566,1.0000 0.0000
histfill,sentinel2,treatment_0006,treatment,treatment_0006,3,2,10,path,1,1.0,0.01785705129714751,inf,True,,,
histfill,sentinel2,treatment_0006,treatment,treatment_0006,3,2,10,path,2,2.0,0.01785705129714751,0.0,False,,,
histfill,sentinel2,treatment_0006,treatment,treatment_0006,3,2,10,candidate,1,,,,,1.0,0.01785705129714751,1.0000
histfill,sentinel2,treatment_0006,treatment,treatment_0006,3,2,10,candidate,1,,,,,2.0,0.03057384903163793,1.0000
histfill,sentinel2,treatment_0006,treatment,treatment_0006,3,2,10,candidate,1,,,,,3.0,0.046019052626445886,1.0000
histfill,sentinel2,treatment_0006,treatment,treatment_0006,3,2,10,candidate,1,,,,,4.0,0.06386349080785192,1.0000
histfill,sentinel2,treatment_0006,treatment,treatment_0006,3,2,10,candidate,1,,,,,5.0,0.08382922667138519,1.0000
histfill,sentinel2,treatment_0006,treatment,treatment_0006,3,2,10,candidate,1,,,,,6.0,0.10570036046238454,1.0000
histfill,sentinel2,treatment_0006,treatment,treatment_0006,3,2,10,candidate,2,,,0.0,,2.0,0.01785705129714751,1.0000 0.0000
histfill,sentinel2,treatment_0006,treatment,treatment_0006,3,2,10,candidate,2,,,0.0,,3.0,0.01785705129714751,1.0000 0.0000
histfill,sentinel2,treatment_0006,treatment,treatment_0006,3,2,10,candidate,2,,,0.0,,4.0,0.01785705129714751,1.0000 0.0000
histfill,sentinel2,treatment_0006,treatment,treatment_0006,3,2,10,candidate,2,,,0.0,,5.0,0.01785705129714751,1.0000 0.0000
histfill,sentinel2,treatment_0006,treatment,treatment_0006,3,2,10,candidate,2,,,0.0,,6.0,0.01785705129714751,1.0000 0.0000
histfill,sentinel2,treatment_0007,treatment,treatment_0007,3,2,10,path,1,1.0,0.01868602274932624,inf,True,,,
histfill,sentinel2,treatment_0007,treatment,treatment_0007,3,2,10,path,2,2.0,0.01868602274932624,0.0,False,,,
histfill,sentinel2,treatment_0007,treatment,treatment_0007,3,2,10,candidate,1,,,,,1.0,0.01868602274932624,1.0000
histfill,sentinel2,treatment_0007,treatment,treatment_0007,3,2,10,candidate,1,,,,,2.0,0.03241041020344065,1.0000
histfill,sentinel2,treatment_0007,treatment,treatment_0007,3,2,10,candidate,1,,,,,3.0,0.04939843577009351,1.0000
histfill,sentinel2,treatment_0007,treatment,treatment_0007,3,2,10,candidate,1,,,,,4.0,0.0693885203681801,1.0000
histfill,sentinel2,treatment_0007,treatment,treatment_0007,3,2,10,candidate,1,,,,,5.0,0.09215579491481811,1.0000
histfill,sentinel2,treatment_0007,treatment,treatment_0007,3,2,10,candidate,1,,,,,6.0,0.11753059985537458,1.0000
histfill,sentinel2,treatment_0007,treatment,treatment_0007,3,2,10,candidate,2,,,0.0,,2.0,0.01868602274932624,1.0000 0.0000
histfill,sentinel2,treatment_0007,treatment,treatment_0007,3,2,10,candidate,2,,,0.0,,3.0,0.01868602274932624,1.0000 0.0000
histfill,sentinel2,treatment_0007,treatment,treatment_0007,3,2,10,candidate,2,,,0.0,,4.0,0.01868602274932624,1.0000 0.0000
histfill,sentinel2,treatment_0007,treatment,treatment_0007,3,2,10,candidate,2,,,0.0,,5.0,0.01868602274932624,1.0000 0.0000
histfill,sentinel2,treatment_0007,treatment,treatment_0007,3,2,10,candidate,2,,,0.0,,6.0,0.01868602274932624,1.0000 0.0000
histfill,sentinel2,treatment_0008,treatment,treatment_0008,3,2,10,path,1,1.0,0.015765052453102814,inf,True,,,
histfill,sentinel2,treatment_0008,treatment,treatment_0008,3,2,10,path,2,2.0,0.015765052453102814,0.0,False,,,
histfill,sentinel2,treatment_0008,treatment,treatment_0008,3,2,10,candidate,1,,,,,1.0,0.015765052453102814,1.0000
histfill,sentinel2,treatment_0008,treatment,treatment_0008,3,2,10,candidate,1,,,,,2.0,0.02618746312459847,1.0000
histfill,sentinel2,treatment_0008,treatment,treatment_0008,3,2,10,candidate,1,,,,,3.0,0.03850122067662851,1.0000
histfill,sentinel2,treatment_0008,treatment,treatment_0008,3,2,10,candidate,1,,,,,4.0,0.052576657522399296,1.0000
histfill,sentinel2,treatment_0008,treatment,treatment_0008,3,2,10,candidate,1,,,,,5.0,0.06845483575769137,1.0000
histfill,sentinel2,treatment_0008,treatment,treatment_0008,3,2,10,candidate,1,,,,,6.0,0.0863576127806203,1.0000
histfill,sentinel2,treatment_0008,treatment,treatment_0008,3,2,10,candidate,2,,,0.0,,2.0,0.015765052453102814,1.0000 0.0000
histfill,sentinel2,treatment_0008,treatment,treatment_0008,3,2,10,candidate,2,,,0.0,,3.0,0.015765052453102814,1.0000 0.0000
histfill,sentinel2,treatment_0008,treatment,treatment_0008,3,2,10,candidate,2,,,0.0,,4.0,0.015765052453102814,1.0000 0.0000
histfill,sentinel2,treatment_0008,treatment,treatment_0008,3,2,10,candidate,2,,,0.0,,5.0,0.015765052453102814,1.0000 0.0000
histfill,sentinel2,treatment_0008,treatment,treatment_0008,3,2,10,candidate,2,,,0.0,,6.0,0.015765052453102814,1.0000 0.0000
histfill,sentinel2,treatment_0009,treatment,treatment_0009,3,2,10,path,1,1.0,0.014574398999834415,inf,True,,,
histfill,sentinel2,treatment_0009,treatment,treatment_0009,3,2,10,path,2,2.0,0.014574398999834415,0.0,False,,,
histfill,sentinel2,treatment_0009,treatment,treatment_0009,3,2,10,candidate,1,,,,,1.0,0.014574398999834415,1.0000
histfill,sentinel2,treatment_0009,treatment,treatment_0009,3,2,10,candidate,1,,,,,2.0,0.024058909922517028,1.0000
histfill,sentinel2,treatment_0009,treatment,treatment_0009,3,2,10,candidate,1,,,,,3.0,0.03519608585696648,1.0000
histfill,sentinel2,treatment_0009,treatment,treatment_0009,3,2,10,candidate,1,,,,,4.0,0.047900481860916465,1.0000
histfill,sentinel2,treatment_0009,treatment,treatment_0009,3,2,10,candidate,1,,,,,5.0,0.06227174032103834,1.0000
histfill,sentinel2,treatment_0009,treatment,treatment_0009,3,2,10,candidate,1,,,,,6.0,0.07860305549901846,1.0000
histfill,sentinel2,treatment_0009,treatment,treatment_0009,3,2,10,candidate,2,,,0.0,,2.0,0.014574398999834415,1.0000 0.0000
histfill,sentinel2,treatment_0009,treatment,treatment_0009,3,2,10,candidate,2,,,0.0,,3.0,0.014574398999834415,1.0000 0.0000
histfill,sentinel2,treatment_0009,treatment,treatment_0009,3,2,10,candidate,2,,,0.0,,4.0,0.014574398999834415,1.0000 0.0000
histfill,sentinel2,treatment_0009,treatment,treatment_0009,3,2,10,candidate,2,,,0.0,,5.0,0.014574398999834415,1.0000 0.0000
histfill,sentinel2,treatment_0009,treatment,treatment_0009,3,2,10,candidate,2,,,0.0,,6.0,0.014574398999834415,1.0000 0.0000
histfill,sentinel2,treatment_0010,treatment,treatment_0010,3,2,10,path,1,1.0,0.01648514020141789,inf,True,,,
histfill,sentinel2,treatment_0010,treatment,treatment_0010,3,2,10,path,2,2.0,0.01648514020141789,0.0,False,,,
histfill,sentinel2,treatment_0010,treatment,treatment_0010,3,2,10,candidate,1,,,,,1.0,0.01648514020141789,1.0000
histfill,sentinel2,treatment_0010,treatment,treatment_0010,3,2,10,candidate,1,,,,,2.0,0.026758505136114726,1.0000
histfill,sentinel2,treatment_0010,treatment,treatment_0010,3,2,10,candidate,1,,,,,3.0,0.03841450112942001,1.0000
histfill,sentinel2,treatment_0010,treatment,treatment_0010,3,2,10,candidate,1,,,,,4.0,0.05121731010165636,1.0000
histfill,sentinel2,treatment_0010,treatment,treatment_0010,3,2,10,candidate,1,,,,,5.0,0.06513826379627627,1.0000
histfill,sentinel2,treatment_0010,treatment,treatment_0010,3,2,10,candidate,1,,,,,6.0,0.08034529228265895,1.0000
histfill,sentinel2,treatment_0010,treatment,treatment_0010,3,2,10,candidate,2,,,0.0,,2.0,0.01648514020141789,1.0000 0.0000
histfill,sentinel2,treatment_0010,treatment,treatment_0010,3,2,10,candidate,2,,,0.0,,3.0,0.01648514020141789,1.0000 0.0000
histfill,sentinel2,treatment_0010,treatment,treatment_0010,3,2,10,candidate,2,,,0.0,,4.0,0.01648514020141789,1.0000 0.0000
histfill,sentinel2,treatment_0010,treatment,treatment_0010,3,2,10,candidate,2,,,0.0,,5.0,0.01648514020141789,1.0000 0.0000
histfill,sentinel2,treatment_0010,treatment,treatment_0010,3,2,10,candidate,2,,,0.0,,6.0,0.01648514020141789,1.0000 0.0000
histfill,sentinel2,treatment_0011,treatment,treatment_0011,3,2,10,path,1,1.0,0.015425826307133007,inf,True,,,
histfill,sentinel2,treatment_0011,treatment,treatment_0011,3,2,10,path,2,2.0,0.015425826307133007,0.0,False,,,
histfill,sentinel2,treatment_0011,treatment,treatment_0011,3,2,10,candidate,1,,,,,1.0,0.015425826307133007,1.0000
histfill,sentinel2,treatment_0011,treatment,treatment_0011,3,2,10,candidate,1,,,,,2.0,0.027372888530827255,1.0000
histfill,sentinel2,treatment_0011,treatment,treatment_0011,3,2,10,candidate,1,,,,,3.0,0.04269176863440701,1.0000
histfill,sentinel2,treatment_0011,treatment,treatment_0011,3,2,10,candidate,1,,,,,4.0,0.0613645518822535,1.0000
histfill,sentinel2,treatment_0011,treatment,treatment_0011,3,2,10,candidate,1,,,,,5.0,0.08337357026142148,1.0000
histfill,sentinel2,treatment_0011,treatment,treatment_0011,3,2,10,candidate,1,,,,,6.0,0.10870136440733048,1.0000
histfill,sentinel2,treatment_0011,treatment,treatment_0011,3,2,10,candidate,2,,,0.0,,2.0,0.015425826307133007,1.0000 0.0000
histfill,sentinel2,treatment_0011,treatment,treatment_0011,3,2,10,candidate,2,,,0.0,,3.0,0.015425826307133007,1.0000 0.0000
histfill,sentinel2,treatment_0011,treatment,treatment_0011,3,2,10,candidate,2,,,0.0,,4.0,0.015425826307133007,1.0000 0.0000
histfill,sentinel2,treatment_0011,treatment,treatment_0011,3,2,10,candidate,2,,,0.0,,5.0,0.015425826307133007,1.0000 0.0000
histfill,sentinel2,treatment_0011,treatment,treatment_0011,3,2,10,candidate,2,,,0.0,,6.0,0.015425826307133007,1.0000 0.0000
histfill,sentinel2,treatment_0012,treatment,treatment_0012,3,2,10,path,1,1.0,0.01936653528897056,inf,True,,,
histfill,sentinel2,treatment_0012,treatment,treatment_0012,3,2,10,path,2,2.0,0.01936653528897056,0.0,False,,,
histfill,sentinel2,treatment_0012,treatment,treatment_0012,3,2,10,candidate,1,,,,,1.0,0.01936653528897056,1.0000
histfill,sentinel2,treatment_0012,treatment,treatment_0012,3,2,10,candidate,1,,,,,2.0,0.03431783514981541,1.0000
histfill,sentinel2,treatment_0012,treatment,treatment_0012,3,2,10,candidate,1,,,,,3.0,0.05344008464584922,1.0000
histfill,sentinel2,treatment_0012,treatment,treatment_0012,3,2,10,candidate,1,,,,,4.0,0.07668214885382003,1.0000
histfill,sentinel2,treatment_0012,treatment,treatment_0012,3,2,10,candidate,1,,,,,5.0,0.10398981475894493,1.0000
histfill,sentinel2,treatment_0012,treatment,treatment_0012,3,2,10,candidate,1,,,,,6.0,0.135306004867357,1.0000
histfill,sentinel2,treatment_0012,treatment,treatment_0012,3,2,10,candidate,2,,,0.0,,2.0,0.01936653528897056,1.0000 0.0000
histfill,sentinel2,treatment_0012,treatment,treatment_0012,3,2,10,candidate,2,,,0.0,,3.0,0.01936653528897056,1.0000 0.0000
histfill,sentinel2,treatment_0012,treatment,treatment_0012,3,2,10,candidate,2,,,0.0,,4.0,0.01936653528897056,1.0000 0.0000
histfill,sentinel2,treatment_0012,treatment,treatment_0012,3,2,10,candidate,2,,,0.0,,5.0,0.01936653528897056,1.0000 0.0000
histfill,sentinel2,treatment_0012,treatment,treatment_0012,3,2,10,candidate,2,,,0.0,,6.0,0.01936653528897056,1.0000 0.0000
histfill,sentinel2,treatment_0013,treatment,treatment_0013,3,2,10,path,1,1.0,0.026585737139521233,inf,True,,,
histfill,sentinel2,treatment_0013,treatment,treatment_0013,3,2,10,path,2,2.0,0.026585737139521233,0.0,False,,,
histfill,sentinel2,treatment_0013,treatment,treatment_0013,3,2,10,candidate,1,,,,,1.0,0.026585737139521233,1.0000
histfill,sentinel2,treatment_0013,treatment,treatment_0013,3,2,10,candidate,1,,,,,2.0,0.04448224434581381,1.0000
histfill,sentinel2,treatment_0013,treatment,treatment_0013,3,2,10,candidate,1,,,,,3.0,0.06277360090575931,1.0000
histfill,sentinel2,treatment_0013,treatment,treatment_0013,3,2,10,candidate,1,,,,,4.0,0.07808361086574918,1.0000
histfill,sentinel2,treatment_0013,treatment,treatment_0013,3,2,10,candidate,1,,,,,5.0,0.0897101301401963,1.0000
histfill,sentinel2,treatment_0013,treatment,treatment_0013,3,2,10,candidate,1,,,,,6.0,0.10140588041990253,1.0000
histfill,sentinel2,treatment_0013,treatment,treatment_0013,3,2,10,candidate,2,,,0.0,,2.0,0.026585737139521233,1.0000 0.0000
histfill,sentinel2,treatment_0013,treatment,treatment_0013,3,2,10,candidate,2,,,0.0,,3.0,0.026585737139521233,1.0000 0.0000
histfill,sentinel2,treatment_0013,treatment,treatment_0013,3,2,10,candidate,2,,,0.0,,4.0,0.026585737139521233,1.0000 0.0000
histfill,sentinel2,treatment_0013,treatment,treatment_0013,3,2,10,candidate,2,,,0.0,,5.0,0.026585737139521233,1.0000 0.0000
histfill,sentinel2,treatment_0013,treatment,treatment_0013,3,2,10,candidate,2,,,0.0,,6.0,0.026585737139521233,1.0000 0.0000
histfill,sentinel2,treatment_0014,treatment,treatment_0014,3,2,10,path,1,1.0,0.02028187141664031,inf,True,,,
histfill,sentinel2,treatment_0014,treatment,treatment_0014,3,2,10,path,2,2.0,0.02028187141664031,0.0,False,,,
histfill,sentinel2,treatment_0014,treatment,treatment_0014,3,2,10,candidate,1,,,,,1.0,0.02028187141664031,1.0000
histfill,sentinel2,treatment_0014,treatment,treatment_0014,3,2,10,candidate,1,,,,,2.0,0.0360165441307896,1.0000
histfill,sentinel2,treatment_0014,treatment,treatment_0014,3,2,10,candidate,1,,,,,3.0,0.056198738859159256,1.0000
histfill,sentinel2,treatment_0014,treatment,treatment_0014,3,2,10,candidate,1,,,,,4.0,0.08079482093776437,1.0000
histfill,sentinel2,treatment_0014,treatment,treatment_0014,3,2,10,candidate,1,,,,,5.0,0.10976527304012137,1.0000
histfill,sentinel2,treatment_0014,treatment,treatment_0014,3,2,10,candidate,1,,,,,6.0,0.1430655562256929,1.0000
histfill,sentinel2,treatment_0014,treatment,treatment_0014,3,2,10,candidate,2,,,0.0,,2.0,0.02028187141664031,1.0000 0.0000
histfill,sentinel2,treatment_0014,treatment,treatment_0014,3,2,10,candidate,2,,,0.0,,3.0,0.02028187141664031,1.0000 0.0000
histfill,sentinel2,treatment_0014,treatment,treatment_0014,3,2,10,candidate,2,,,0.0,,4.0,0.02028187141664031,1.0000 0.0000
histfill,sentinel2,treatment_0014,treatment,treatment_0014,3,2,10,candidate,2,,,0.0,,5.0,0.02028187141664031,1.0000 0.0000
histfill,sentinel2,treatment_0014,treatment,treatment_0014,3,2,10,candidate,2,,,0.0,,6.0,0.02028187141664031,1.0000 0.0000
histfill,sentinel2,treatment_0015,treatment,treatment_0015,3,2,10,path,1,1.0,0.01788090072170589,inf,True,,,
histfill,sentinel2,treatment_0015,treatment,treatment_0015,3,2,10,path,2,2.0,0.01788090072170589,0.0,False,,,
histfill,sentinel2,treatment_0015,treatment,treatment_0015,3,2,10,candidate,1,,,,,1.0,0.01788090072170589,1.0000
histfill,sentinel2,treatment_0015,treatment,treatment_0015,3,2,10,candidate,1,,,,,2.0,0.028112517343160833,1.0000
histfill,sentinel2,treatment_0015,treatment,treatment_0015,3,2,10,candidate,1,,,,,3.0,0.03903308990445525,1.0000
histfill,sentinel2,treatment_0015,treatment,treatment_0015,3,2,10,candidate,1,,,,,4.0,0.050452626976884615,1.0000
histfill,sentinel2,treatment_0015,treatment,treatment_0015,3,2,10,candidate,1,,,,,5.0,0.06274538890420756,1.0000
histfill,sentinel2,treatment_0015,treatment,treatment_0015,3,2,10,candidate,1,,,,,6.0,0.07700217662243251,1.0000
histfill,sentinel2,treatment_0015,treatment,treatment_0015,3,2,10,candidate,2,,,0.0,,2.0,0.01788090072170589,1.0000 0.0000
histfill,sentinel2,treatment_0015,treatment,treatment_0015,3,2,10,candidate,2,,,0.0,,3.0,0.01788090072170589,1.0000 0.0000
histfill,sentinel2,treatment_0015,treatment,treatment_0015,3,2,10,candidate,2,,,0.0,,4.0,0.01788090072170589,1.0000 0.0000
histfill,sentinel2,treatment_0015,treatment,treatment_0015,3,2,10,candidate,2,,,0.0,,5.0,0.01788090072170589,1.0000 0.0000
histfill,sentinel2,treatment_0015,treatment,treatment_0015,3,2,10,candidate,2,,,0.0,,6.0,0.01788090072170589,1.0000 0.0000
histfill,sentinel2,treatment_0001,treatment,treatment_0001,3,3,10,path,1,1.0,0.013477140813802024,inf,True,,,
histfill,sentinel2,treatment_0001,treatment,treatment_0001,3,3,10,path,2,2.0,0.013477140813802024,0.0,False,,,
histfill,sentinel2,treatment_0001,treatment,treatment_0001,3,3,10,candidate,1,,,,,1.0,0.013477140813802024,1.0000
histfill,sentinel2,treatment_0001,treatment,treatment_0001,3,3,10,candidate,1,,,,,2.0,0.02334325302952465,1.0000
histfill,sentinel2,treatment_0001,treatment,treatment_0001,3,3,10,candidate,1,,,,,3.0,0.035623569228996246,1.0000
histfill,sentinel2,treatment_0001,treatment,treatment_0001,3,3,10,candidate,1,,,,,4.0,0.05024022006959642,1.0000
histfill,sentinel2,treatment_0001,treatment,treatment_0001,3,3,10,candidate,1,,,,,5.0,0.06718463939668361,1.0000
histfill,sentinel2,treatment_0001,treatment,treatment_0001,3,3,10,candidate,2,,,0.0,,2.0,0.013477140813802024,1.0000 0.0000
histfill,sentinel2,treatment_0001,treatment,treatment_0001,3,3,10,candidate,2,,,0.0,,3.0,0.013477140813802024,1.0000 0.0000
histfill,sentinel2,treatment_0001,treatment,treatment_0001,3,3,10,candidate,2,,,0.0,,4.0,0.013477140813802024,1.0000 0.0000
histfill,sentinel2,treatment_0001,treatment,treatment_0001,3,3,10,candidate,2,,,0.0,,5.0,0.013477140813802024,1.0000 0.0000
histfill,sentinel2,treatment_0002,treatment,treatment_0002,3,3,10,path,1,1.0,0.010902821196942357,inf,True,,,
histfill,sentinel2,treatment_0002,treatment,treatment_0002,3,3,10,path,2,2.0,0.010902821196942357,0.0,False,,,
histfill,sentinel2,treatment_0002,treatment,treatment_0002,3,3,10,candidate,1,,,,,1.0,0.010902821196942357,1.0000
histfill,sentinel2,treatment_0002,treatment,treatment_0002,3,3,10,candidate,1,,,,,2.0,0.019053377368318622,1.0000
histfill,sentinel2,treatment_0002,treatment,treatment_0002,3,3,10,candidate,1,,,,,3.0,0.02930795839859195,1.0000
histfill,sentinel2,treatment_0002,treatment,treatment_0002,3,3,10,candidate,1,,,,,4.0,0.04160669560484845,1.0000
histfill,sentinel2,treatment_0002,treatment,treatment_0002,3,3,10,candidate,1,,,,,5.0,0.05590891040040204,1.0000
histfill,sentinel2,treatment_0002,treatment,treatment_0002,3,3,10,candidate,2,,,0.0,,2.0,0.010902821196942357,1.0000 0.0000
histfill,sentinel2,treatment_0002,treatment,treatment_0002,3,3,10,candidate,2,,,0.0,,3.0,0.010902821196942357,1.0000 0.0000
histfill,sentinel2,treatment_0002,treatment,treatment_0002,3,3,10,candidate,2,,,0.0,,4.0,0.010902821196942357,1.0000 0.0000
histfill,sentinel2,treatment_0002,treatment,treatment_0002,3,3,10,candidate,2,,,0.0,,5.0,0.010902821196942357,1.0000 0.0000
histfill,sentinel2,treatment_0003,treatment,treatment_0003,3,3,10,path,1,1.0,0.016097419788644325,inf,True,,,
histfill,sentinel2,treatment_0003,treatment,treatment_0003,3,3,10,path,2,2.0,0.016097419788644325,0.0,False,,,
histfill,sentinel2,treatment_0003,treatment,treatment_0003,3,3,10,candidate,1,,,,,1.0,0.016097419788644325,1.0000
histfill,sentinel2,treatment_0003,treatment,treatment_0003,3,3,10,candidate,1,,,,,2.0,0.028441250383016144,1.0000
histfill,sentinel2,treatment_0003,treatment,treatment_0003,3,3,10,candidate,1,,,,,3.0,0.044173539034110525,1.0000
histfill,sentinel2,treatment_0003,treatment,treatment_0003,3,3,10,candidate,1,,,,,4.0,0.06323797238491566,1.0000
histfill,sentinel2,treatment_0003,treatment,treatment_0003,3,3,10,candidate,1,,,,,5.0,0.08558052157624675,1.0000
histfill,sentinel2,treatment_0003,treatment,treatment_0003,3,3,10,candidate,2,,,0.0,,2.0,0.016097419788644325,1.0000 0.0000
histfill,sentinel2,treatment_0003,treatment,treatment_0003,3,3,10,candidate,2,,,0.0,,3.0,0.016097419788644325,1.0000 0.0000
histfill,sentinel2,treatment_0003,treatment,treatment_0003,3,3,10,candidate,2,,,0.0,,4.0,0.016097419788644325,1.0000 0.0000
histfill,sentinel2,treatment_0003,treatment,treatment_0003,3,3,10,candidate,2,,,0.0,,5.0,0.016097419788644325,1.0000 0.0000
histfill,sentinel2,treatment_0004,treatment,treatment_0004,3,3,10,path,1,1.0,0.012470858398357865,inf,True,,,
histfill,sentinel2,treatment_0004,treatment,treatment_0004,3,3,10,path,2,2.0,0.012470858398357865,0.0,False,,,
histfill,sentinel2,treatment_0004,treatment,treatment_0004,3,3,10,candidate,1,,,,,1.0,0.012470858398357865,1.0000
histfill,sentinel2,treatment_0004,treatment,treatment_0004,3,3,10,candidate,1,,,,,2.0,0.021654580903526073,1.0000
histfill,sentinel2,treatment_0004,treatment,treatment_0004,3,3,10,candidate,1,,,,,3.0,0.03322662296613974,1.0000
histfill,sentinel2,treatment_0004,treatment,treatment_0004,3,3,10,candidate,1,,,,,4.0,0.04717567274957615,1.0000
histfill,sentinel2,treatment_0004,treatment,treatment_0004,3,3,10,candidate,1,,,,,5.0,0.06351815212061258,1.0000
histfill,sentinel2,treatment_0004,treatment,treatment_0004,3,3,10,candidate,2,,,0.0,,2.0,0.012470858398357865,1.0000 0.0000
histfill,sentinel2,treatment_0004,treatment,treatment_0004,3,3,10,candidate,2,,,0.0,,3.0,0.012470858398357865,1.0000 0.0000
histfill,sentinel2,treatment_0004,treatment,treatment_0004,3,3,10,candidate,2,,,0.0,,4.0,0.012470858398357865,1.0000 0.0000
histfill,sentinel2,treatment_0004,treatment,treatment_0004,3,3,10,candidate,2,,,0.0,,5.0,0.012470858398357865,1.0000 0.0000
histfill,sentinel2,treatment_0005,treatment,treatment_0005,3,3,10,path,1,1.0,0.01370850931086257,inf,True,,,
histfill,sentinel2,treatment_0005,treatment,treatment_0005,3,3,10,path,2,2.0,0.01370850931086257,0.0,False,,,
histfill,sentinel2,treatment_0005,treatment,treatment_0005,3,3,10,candidate,1,,,,,1.0,0.01370850931086257,1.0000
histfill,sentinel2,treatment_0005,treatment,treatment_0005,3,3,10,candidate,1,,,,,2.0,0.023160657268523097,1.0000
histfill,sentinel2,treatment_0005,treatment,treatment_0005,3,3,10,candidate,1,,,,,3.0,0.03449921589896655,1.0000
histfill,sentinel2,treatment_0005,treatment,treatment_0005,3,3,10,candidate,1,,,,,4.0,0.047546206993744254,1.0000
histfill,sentinel2,treatment_0005,treatment,treatment_0005,3,3,10,candidate,1,,,,,5.0,0.06226907083408383,1.0000
histfill,sentinel2,treatment_0005,treatment,treatment_0005,3,3,10,candidate,2,,,0.0,,2.0,0.01370850931086257,1.0000 0.0000
histfill,sentinel2,treatment_0005,treatment,treatment_0005,3,3,10,candidate,2,,,0.0,,3.0,0.01370850931086257,1.0000 0.0000
histfill,sentinel2,treatment_0005,treatment,treatment_0005,3,3,10,candidate,2,,,0.0,,4.0,0.01370850931086257,1.0000 0.0000
histfill,sentinel2,treatment_0005,treatment,treatment_0005,3,3,10,candidate,2,,,0.0,,5.0,0.01370850931086257,1.0000 0.0000
histfill,sentinel2,treatment_0006,treatment,treatment_0006,3,3,10,path,1,1.0,0.01729101752606807,inf,True,,,
histfill,sentinel2,treatment_0006,treatment,treatment_0006,3,3,10,path,2,2.0,0.01729101752606807,0.0,False,,,
histfill,sentinel2,treatment_0006,treatment,treatment_0006,3,3,10,candidate,1,,,,,1.0,0.01729101752606807,1.0000
histfill,sentinel2,treatment_0006,treatment,treatment_0006,3,3,10,candidate,1,,,,,2.0,0.029642430612578347,1.0000
histfill,sentinel2,treatment_0006,treatment,treatment_0006,3,3,10,candidate,1,,,,,3.0,0.04468216022996091,1.0000
histfill,sentinel2,treatment_0006,treatment,treatment_0006,3,3,10,candidate,1,,,,,4.0,0.062113351243844664,1.0000
histfill,sentinel2,treatment_0006,treatment,treatment_0006,3,3,10,candidate,1,,,,,5.0,0.08169481002675373,1.0000
histfill,sentinel2,treatment_0006,treatment,treatment_0006,3,3,10,candidate,2,,,0.0,,2.0,0.01729101752606807,1.0000 0.0000
histfill,sentinel2,treatment_0006,treatment,treatment_0006,3,3,10,candidate,2,,,0.0,,3.0,0.01729101752606807,1.0000 0.0000
histfill,sentinel2,treatment_0006,treatment,treatment_0006,3,3,10,candidate,2,,,0.0,,4.0,0.01729101752606807,1.0000 0.0000
histfill,sentinel2,treatment_0006,treatment,treatment_0006,3,3,10,candidate,2,,,0.0,,5.0,0.01729101752606807,1.0000 0.0000
histfill,sentinel2,treatment_0007,treatment,treatment_0007,3,3,10,path,1,1.0,0.018319678480632817,inf,True,,,
histfill,sentinel2,treatment_0007,treatment,treatment_0007,3,3,10,path,2,2.0,0.018319678480632817,0.0,False,,,
histfill,sentinel2,treatment_0007,treatment,treatment_0007,3,3,10,candidate,1,,,,,1.0,0.018319678480632817,1.0000
histfill,sentinel2,treatment_0007,treatment,treatment_0007,3,3,10,candidate,1,,,,,2.0,0.0318054416270487,1.0000
histfill,sentinel2,treatment_0007,treatment,treatment_0007,3,3,10,candidate,1,,,,,3.0,0.04853245820867208,1.0000
histfill,sentinel2,treatment_0007,treatment,treatment_0007,3,3,10,candidate,1,,,,,4.0,0.06826954429480898,1.0000
histfill,sentinel2,treatment_0007,treatment,treatment_0007,3,3,10,candidate,1,,,,,5.0,0.09083129539270511,1.0000
histfill,sentinel2,treatment_0007,treatment,treatment_0007,3,3,10,candidate,2,,,0.0,,2.0,0.018319678480632817,1.0000 0.0000
histfill,sentinel2,treatment_0007,treatment,treatment_0007,3,3,10,candidate,2,,,0.0,,3.0,0.018319678480632817,1.0000 0.0000
histfill,sentinel2,treatment_0007,treatment,treatment_0007,3,3,10,candidate,2,,,0.0,,4.0,0.018319678480632817,1.0000 0.0000
histfill,sentinel2,treatment_0007,treatment,treatment_0007,3,3,10,candidate,2,,,0.0,,5.0,0.018319678480632817,1.0000 0.0000
histfill,sentinel2,treatment_0008,treatment,treatment_0008,3,3,10,path,1,1.0,0.014968311906835589,inf,True,,,
histfill,sentinel2,treatment_0008,treatment,treatment_0008,3,3,10,path,2,2.0,0.014968311906835589,0.0,False,,,
histfill,sentinel2,treatment_0008,treatment,treatment_0008,3,3,10,candidate,1,,,,,1.0,0.014968311906835589,1.0000
histfill,sentinel2,treatment_0008,treatment,treatment_0008,3,3,10,candidate,1,,,,,2.0,0.025091420537972565,1.0000
histfill,sentinel2,treatment_0008,treatment,treatment_0008,3,3,10,candidate,1,,,,,3.0,0.037262536092013805,1.0000
histfill,sentinel2,treatment_0008,treatment,treatment_0008,3,3,10,candidate,1,,,,,4.0,0.05144532831739807,1.0000
histfill,sentinel2,treatment_0008,treatment,treatment_0008,3,3,10,candidate,1,,,,,5.0,0.0677797329886463,1.0000
histfill,sentinel2,treatment_0008,treatment,treatment_0008,3,3,10,candidate,2,,,0.0,,2.0,0.014968311906835589,1.0000 0.0000
histfill,sentinel2,treatment_0008,treatment,treatment_0008,3,3,10,candidate,2,,,0.0,,3.0,0.014968311906835589,1.0000 0.0000
histfill,sentinel2,treatment_0008,treatment,treatment_0008,3,3,10,candidate,2,,,0.0,,4.0,0.014968311906835589,1.0000 0.0000
histfill,sentinel2,treatment_0008,treatment,treatment_0008,3,3,10,candidate,2,,,0.0,,5.0,0.014968311906835589,1.0000 0.0000
histfill,sentinel2,treatment_0009,treatment,treatment_0009,3,3,10,path,1,1.0,0.01376134082637516,inf,True,,,
histfill,sentinel2,treatment_0009,treatment,treatment_0009,3,3,10,path,2,2.0,0.01376134082637516,0.0,False,,,
histfill,sentinel2,treatment_0009,treatment,treatment_0009,3,3,10,candidate,1,,,,,1.0,0.01376134082637516,1.0000
histfill,sentinel2,treatment_0009,treatment,treatment_0009,3,3,10,candidate,1,,,,,2.0,0.022951435370809212,1.0000
histfill,sentinel2,treatment_0009,treatment,treatment_0009,3,3,10,candidate,1,,,,,3.0,0.033965844608730214,1.0000
histfill,sentinel2,treatment_0009,treatment,treatment_0009,3,3,10,candidate,1,,,,,4.0,0.046817330285702605,1.0000
histfill,sentinel2,treatment_0009,treatment,treatment_0009,3,3,10,candidate,1,,,,,5.0,0.0617085416435869,1.0000
histfill,sentinel2,treatment_0009,treatment,treatment_0009,3,3,10,candidate,2,,,0.0,,2.0,0.01376134082637516,1.0000 0.0000
histfill,sentinel2,treatment_0009,treatment,treatment_0009,3,3,10,candidate,2,,,0.0,,3.0,0.01376134082637516,1.0000 0.0000
histfill,sentinel2,treatment_0009,treatment,treatment_0009,3,3,10,candidate,2,,,0.0,,4.0,0.01376134082637516,1.0000 0.0000
histfill,sentinel2,treatment_0009,treatment,treatment_0009,3,3,10,candidate,2,,,0.0,,5.0,0.01376134082637516,1.0000 0.0000
histfill,sentinel2,treatment_0010,treatment,treatment_0010,3,3,10,path,1,1.0,0.015319476823659176,inf,True,,,
histfill,sentinel2,treatment_0010,treatment,treatment_0010,3,3,10,path,2,2.0,0.015319476823659176,0.0,False,,,
histfill,sentinel2,treatment_0010,treatment,treatment_0010,3,3,10,candidate,1,,,,,1.0,0.015319476823659176,1.0000
histfill,sentinel2,treatment_0010,treatment,treatment_0010,3,3,10,candidate,1,,,,,2.0,0.02508311954781746,1.0000
histfill,sentinel2,treatment_0010,treatment,treatment_0010,3,3,10,candidate,1,,,,,3.0,0.03638310894071289,1.0000
histfill,sentinel2,treatment_0010,treatment,treatment_0010,3,3,10,candidate,1,,,,,4.0,0.04909120545940401,1.0000
histfill,sentinel2,treatment_0010,treatment,treatment_0010,3,3,10,candidate,1,,,,,5.0,0.0632813126931834,1.0000
histfill,sentinel2,treatment_0010,treatment,treatment_0010,3,3,10,candidate,2,,,0.0,,2.0,0.015319476823659176,1.0000 0.0000
histfill,sentinel2,treatment_0010,treatment,treatment_0010,3,3,10,candidate,2,,,0.0,,3.0,0.015319476823659176,1.0000 0.0000
histfill,sentinel2,treatment_0010,treatment,treatment_0010,3,3,10,candidate,2,,,0.0,,4.0,0.015319476823659176,1.0000 0.0000
histfill,sentinel2,treatment_0010,treatment,treatment_0010,3,3,10,candidate,2,,,0.0,,5.0,0.015319476823659176,1.0000 0.0000
histfill,sentinel2,treatment_0011,treatment,treatment_0011,3,3,10,path,1,1.0,0.015402088658479167,inf,True,,,
histfill,sentinel2,treatment_0011,treatment,treatment_0011,3,3,10,path,2,2.0,0.015402088658479167,0.0,False,,,
histfill,sentinel2,treatment_0011,treatment,treatment_0011,3,3,10,candidate,1,,,,,1.0,0.015402088658479167,1.0000
histfill,sentinel2,treatment_0011,treatment,treatment_0011,3,3,10,candidate,1,,,,,2.0,0.0273331962269584,1.0000
histfill,sentinel2,treatment_0011,treatment,treatment_0011,3,3,10,candidate,1,,,,,3.0,0.04263358047326792,1.0000
histfill,sentinel2,treatment_0011,treatment,treatment_0011,3,3,10,candidate,1,,,,,4.0,0.06128617677625915,1.0000
histfill,sentinel2,treatment_0011,treatment,treatment_0011,3,3,10,candidate,1,,,,,5.0,0.0832741622833424,1.0000
histfill,sentinel2,treatment_0011,treatment,treatment_0011,3,3,10,candidate,2,,,0.0,,2.0,0.015402088658479167,1.0000 0.0000
histfill,sentinel2,treatment_0011,treatment,treatment_0011,3,3,10,candidate,2,,,0.0,,3.0,0.015402088658479167,1.0000 0.0000
histfill,sentinel2,treatment_0011,treatment,treatment_0011,3,3,10,candidate,2,,,0.0,,4.0,0.015402088658479167,1.0000 0.0000
histfill,sentinel2,treatment_0011,treatment,treatment_0011,3,3,10,candidate,2,,,0.0,,5.0,0.015402088658479167,1.0000 0.0000
histfill,sentinel2,treatment_0012,treatment,treatment_0012,3,3,10,path,1,1.0,0.019309727418123562,inf,True,,,
histfill,sentinel2,treatment_0012,treatment,treatment_0012,3,3,10,path,2,2.0,0.019309727418123562,0.0,False,,,
histfill,sentinel2,treatment_0012,treatment,treatment_0012,3,3,10,candidate,1,,,,,1.0,0.019309727418123562,1.0000
histfill,sentinel2,treatment_0012,treatment,treatment_0012,3,3,10,candidate,1,,,,,2.0,0.03421556446081175,1.0000
histfill,sentinel2,treatment_0012,treatment,treatment_0012,3,3,10,candidate,1,,,,,3.0,0.05327841605536931,1.0000
histfill,sentinel2,treatment_0012,treatment,treatment_0012,3,3,10,candidate,1,,,,,4.0,0.07644686781465551,1.0000
histfill,sentinel2,treatment_0012,treatment,treatment_0012,3,3,10,candidate,1,,,,,5.0,0.10366653462897261,1.0000
histfill,sentinel2,treatment_0012,treatment,treatment_0012,3,3,10,candidate,2,,,0.0,,2.0,0.019309727418123562,1.0000 0.0000
histfill,sentinel2,treatment_0012,treatment,treatment_0012,3,3,10,candidate,2,,,0.0,,3.0,0.019309727418123562,1.0000 0.0000
histfill,sentinel2,treatment_0012,treatment,treatment_0012,3,3,10,candidate,2,,,0.0,,4.0,0.019309727418123562,1.0000 0.0000
histfill,sentinel2,treatment_0012,treatment,treatment_0012,3,3,10,candidate,2,,,0.0,,5.0,0.019309727418123562,1.0000 0.0000
histfill,sentinel2,treatment_0013,treatment,treatment_0013,3,3,10,path,1,1.0,0.029039453665570102,inf,True,,,
histfill,sentinel2,treatment_0013,treatment,treatment_0013,3,3,10,path,2,2.0,0.029039453665570102,0.0,False,,,
histfill,sentinel2,treatment_0013,treatment,treatment_0013,3,3,10,candidate,1,,,,,1.0,0.029039453665570102,1.0000
histfill,sentinel2,treatment_0013,treatment,treatment_0013,3,3,10,candidate,1,,,,,2.0,0.046846782309452745,1.0000
histfill,sentinel2,treatment_0013,treatment,treatment_0013,3,3,10,candidate,1,,,,,3.0,0.06382361059675208,1.0000
histfill,sentinel2,treatment_0013,treatment,treatment_0013,3,3,10,candidate,1,,,,,4.0,0.077634035304164,1.0000
histfill,sentinel2,treatment_0013,treatment,treatment_0013,3,3,10,candidate,1,,,,,5.0,0.0901972274945984,1.0000
histfill,sentinel2,treatment_0013,treatment,treatment_0013,3,3,10,candidate,2,,,0.0,,2.0,0.029039453665570102,1.0000 0.0000
histfill,sentinel2,treatment_0013,treatment,treatment_0013,3,3,10,candidate,2,,,0.0,,3.0,0.029039453665570102,1.0000 0.0000
histfill,sentinel2,treatment_0013,treatment,treatment_0013,3,3,10,candidate,2,,,0.0,,4.0,0.029039453665570102,1.0000 0.0000
histfill,sentinel2,treatment_0013,treatment,treatment_0013,3,3,10,candidate,2,,,0.0,,5.0,0.029039453665570102,1.0000 0.0000
histfill,sentinel2,treatment_0014,treatment,treatment_0014,3,3,10,path,1,1.0,0.02027498682314186,inf,True,,,
histfill,sentinel2,treatment_0014,treatment,treatment_0014,3,3,10,path,2,2.0,0.02027498682314186,0.0,False,,,
histfill,sentinel2,treatment_0014,treatment,treatment_0014,3,3,10,candidate,1,,,,,1.0,0.02027498682314186,1.0000
histfill,sentinel2,treatment_0014,treatment,treatment_0014,3,3,10,candidate,1,,,,,2.0,0.03600334200441637,1.0000
histfill,sentinel2,treatment_0014,treatment,treatment_0014,3,3,10,candidate,1,,,,,3.0,0.05617692167598747,1.0000
histfill,sentinel2,treatment_0014,treatment,treatment_0014,3,3,10,candidate,1,,,,,4.0,0.08076236349747262,1.0000
histfill,sentinel2,treatment_0014,treatment,treatment_0014,3,3,10,candidate,1,,,,,5.0,0.10972089710346263,1.0000
histfill,sentinel2,treatment_0014,treatment,treatment_0014,3,3,10,candidate,2,,,0.0,,2.0,0.02027498682314186,1.0000 0.0000
histfill,sentinel2,treatment_0014,treatment,treatment_0014,3,3,10,candidate,2,,,0.0,,3.0,0.02027498682314186,1.0000 0.0000
histfill,sentinel2,treatment_0014,treatment,treatment_0014,3,3,10,candidate,2,,,0.0,,4.0,0.02027498682314186,1.0000 0.0000
histfill,sentinel2,treatment_0014,treatment,treatment_0014,3,3,10,candidate,2,,,0.0,,5.0,0.02027498682314186,1.0000 0.0000
histfill,sentinel2,treatment_0015,treatment,treatment_0015,3,3,10,path,1,1.0,0.01640868242122873,inf,True,,,
histfill,sentinel2,treatment_0015,treatment,treatment_0015,3,3,10,path,2,2.0,0.01640868242122873,0.0,False,,,
histfill,sentinel2,treatment_0015,treatment,treatment_0015,3,3,10,candidate,1,,,,,1.0,0.01640868242122873,1.0000
histfill,sentinel2,treatment_0015,treatment,treatment_0015,3,3,10,candidate,1,,,,,2.0,0.026108776204452882,1.0000
histfill,sentinel2,treatment_0015,treatment,treatment_0015,3,3,10,candidate,1,,,,,3.0,0.036863898033250575,1.0000
histfill,sentinel2,treatment_0015,treatment,treatment_0015,3,3,10,candidate,1,,,,,4.0,0.04875108301332513,1.0000
histfill,sentinel2,treatment_0015,treatment,treatment_0015,3,3,10,candidate,1,,,,,5.0,0.06247090956379853,1.0000
histfill,sentinel2,treatment_0015,treatment,treatment_0015,3,3,10,candidate,2,,,0.0,,2.0,0.01640868242122873,1.0000 0.0000
histfill,sentinel2,treatment_0015,treatment,treatment_0015,3,3,10,candidate,2,,,0.0,,3.0,0.01640868242122873,1.0000 0.0000
histfill,sentinel2,treatment_0015,treatment,treatment_0015,3,3,10,candidate,2,,,0.0,,4.0,0.01640868242122873,1.0000 0.0000
histfill,sentinel2,treatment_0015,treatment,treatment_0015,3,3,10,candidate,2,,,0.0,,5.0,0.01640868242122873,1.0000 0.0000
histfill,sentinel2,treatment_0001,treatment,treatment_0001,3,4,10,path,1,1.0,0.013236781720512325,inf,True,,,
histfill,sentinel2,treatment_0001,treatment,treatment_0001,3,4,10,path,2,2.0,0.013236781720512325,0.0,False,,,
histfill,sentinel2,treatment_0001,treatment,treatment_0001,3,4,10,candidate,1,,,,,1.0,0.013236781720512325,1.0000
histfill,sentinel2,treatment_0001,treatment,treatment_0001,3,4,10,candidate,1,,,,,2.0,0.02300722941991019,1.0000
histfill,sentinel2,treatment_0001,treatment,treatment_0001,3,4,10,candidate,1,,,,,3.0,0.035243898220430975,1.0000
histfill,sentinel2,treatment_0001,treatment,treatment_0001,3,4,10,candidate,1,,,,,4.0,0.04991137289001271,1.0000
histfill,sentinel2,treatment_0001,treatment,treatment_0001,3,4,10,candidate,2,,,0.0,,2.0,0.013236781720512325,1.0000 0.0000
histfill,sentinel2,treatment_0001,treatment,treatment_0001,3,4,10,candidate,2,,,0.0,,3.0,0.013236781720512325,1.0000 0.0000
histfill,sentinel2,treatment_0001,treatment,treatment_0001,3,4,10,candidate,2,,,0.0,,4.0,0.013236781720512325,1.0000 0.0000
histfill,sentinel2,treatment_0002,treatment,treatment_0002,3,4,10,path,1,1.0,0.010759886114167247,inf,True,,,
histfill,sentinel2,treatment_0002,treatment,treatment_0002,3,4,10,path,2,2.0,0.010759886114167247,0.0,False,,,
histfill,sentinel2,treatment_0002,treatment,treatment_0002,3,4,10,candidate,1,,,,,1.0,0.010759886114167247,1.0000
histfill,sentinel2,treatment_0002,treatment,treatment_0002,3,4,10,candidate,1,,,,,2.0,0.018838648959218315,1.0000
histfill,sentinel2,treatment_0002,treatment,treatment_0002,3,4,10,candidate,1,,,,,3.0,0.029031448021152595,1.0000
histfill,sentinel2,treatment_0002,treatment,treatment_0002,3,4,10,candidate,1,,,,,4.0,0.041290465757506965,1.0000
histfill,sentinel2,treatment_0002,treatment,treatment_0002,3,4,10,candidate,2,,,0.0,,2.0,0.010759886114167247,1.0000 0.0000
histfill,sentinel2,treatment_0002,treatment,treatment_0002,3,4,10,candidate,2,,,0.0,,3.0,0.010759886114167247,1.0000 0.0000
histfill,sentinel2,treatment_0002,treatment,treatment_0002,3,4,10,candidate,2,,,0.0,,4.0,0.010759886114167247,1.0000 0.0000
histfill,sentinel2,treatment_0003,treatment,treatment_0003,3,4,10,path,1,1.0,0.016038633621340326,inf,True,,,
histfill,sentinel2,treatment_0003,treatment,treatment_0003,3,4,10,path,2,2.0,0.016038633621340326,0.0,False,,,
histfill,sentinel2,treatment_0003,treatment,treatment_0003,3,4,10,candidate,1,,,,,1.0,0.016038633621340326,1.0000
histfill,sentinel2,treatment_0003,treatment,treatment_0003,3,4,10,candidate,1,,,,,2.0,0.028355056554223518,1.0000
histfill,sentinel2,treatment_0003,treatment,treatment_0003,3,4,10,candidate,1,,,,,3.0,0.04406586182867446,1.0000
histfill,sentinel2,treatment_0003,treatment,treatment_0003,3,4,10,candidate,1,,,,,4.0,0.06312051450328258,1.0000
histfill,sentinel2,treatment_0003,treatment,treatment_0003,3,4,10,candidate,2,,,0.0,,2.0,0.016038633621340326,1.0000 0.0000
histfill,sentinel2,treatment_0003,treatment,treatment_0003,3,4,10,candidate,2,,,0.0,,3.0,0.016038633621340326,1.0000 0.0000
histfill,sentinel2,treatment_0003,treatment,treatment_0003,3,4,10,candidate,2,,,0.0,,4.0,0.016038633621340326,1.0000 0.0000
histfill,sentinel2,treatment_0004,treatment,treatment_0004,3,4,10,path,1,1.0,0.012463815015535087,inf,True,,,
histfill,sentinel2,treatment_0004,treatment,treatment_0004,3,4,10,path,2,2.0,0.012463815015535087,0.0,False,,,
histfill,sentinel2,treatment_0004,treatment,treatment_0004,3,4,10,candidate,1,,,,,1.0,0.012463815015535087,1.0000
histfill,sentinel2,treatment_0004,treatment,treatment_0004,3,4,10,candidate,1,,,,,2.0,0.021816255555900797,1.0000
histfill,sentinel2,treatment_0004,treatment,treatment_0004,3,4,10,candidate,1,,,,,3.0,0.03371380676888494,1.0000
histfill,sentinel2,treatment_0004,treatment,treatment_0004,3,4,10,candidate,1,,,,,4.0,0.04818725098821054,1.0000
histfill,sentinel2,treatment_0004,treatment,treatment_0004,3,4,10,candidate,2,,,0.0,,2.0,0.012463815015535087,1.0000 0.0000
histfill,sentinel2,treatment_0004,treatment,treatment_0004,3,4,10,candidate,2,,,0.0,,3.0,0.012463815015535087,1.0000 0.0000
histfill,sentinel2,treatment_0004,treatment,treatment_0004,3,4,10,candidate,2,,,0.0,,4.0,0.012463815015535087,1.0000 0.0000
histfill,sentinel2,treatment_0005,treatment,treatment_0005,3,4,10,path,1,1.0,0.013284700922007172,inf,True,,,
histfill,sentinel2,treatment_0005,treatment,treatment_0005,3,4,10,path,2,2.0,0.013284700922007172,0.0,False,,,
histfill,sentinel2,treatment_0005,treatment,treatment_0005,3,4,10,candidate,1,,,,,1.0,0.013284700922007172,1.0000
histfill,sentinel2,treatment_0005,treatment,treatment_0005,3,4,10,candidate,1,,,,,2.0,0.02259291637856131,1.0000
histfill,sentinel2,treatment_0005,treatment,treatment_0005,3,4,10,candidate,1,,,,,3.0,0.033910009743062734,1.0000
histfill,sentinel2,treatment_0005,treatment,treatment_0005,3,4,10,candidate,1,,,,,4.0,0.047157336749220416,1.0000
histfill,sentinel2,treatment_0005,treatment,treatment_0005,3,4,10,candidate,2,,,0.0,,2.0,0.013284700922007172,1.0000 0.0000
histfill,sentinel2,treatment_0005,treatment,treatment_0005,3,4,10,candidate,2,,,0.0,,3.0,0.013284700922007172,1.0000 0.0000
histfill,sentinel2,treatment_0005,treatment,treatment_0005,3,4,10,candidate,2,,,0.0,,4.0,0.013284700922007172,1.0000 0.0000
histfill,sentinel2,treatment_0006,treatment,treatment_0006,3,4,10,path,1,1.0,0.01677877763402504,inf,True,,,
histfill,sentinel2,treatment_0006,treatment,treatment_0006,3,4,10,path,2,2.0,0.01677877763402504,0.0,False,,,
histfill,sentinel2,treatment_0006,treatment,treatment_0006,3,4,10,candidate,1,,,,,1.0,0.01677877763402504,1.0000
histfill,sentinel2,treatment_0006,treatment,treatment_0006,3,4,10,candidate,1,,,,,2.0,0.028807379765778834,1.0000
histfill,sentinel2,treatment_0006,treatment,treatment_0006,3,4,10,candidate,1,,,,,3.0,0.04349891221081834,1.0000
histfill,sentinel2,treatment_0006,treatment,treatment_0006,3,4,10,candidate,1,,,,,4.0,0.06059189321000614,1.0000
histfill,sentinel2,treatment_0006,treatment,treatment_0006,3,4,10,candidate,2,,,0.0,,2.0,0.01677877763402504,1.0000 0.0000
histfill,sentinel2,treatment_0006,treatment,treatment_0006,3,4,10,candidate,2,,,0.0,,3.0,0.01677877763402504,1.0000 0.0000
histfill,sentinel2,treatment_0006,treatment,treatment_0006,3,4,10,candidate,2,,,0.0,,4.0,0.01677877763402504,1.0000 0.0000
histfill,sentinel2,treatment_0007,treatment,treatment_0007,3,4,10,path,1,1.0,0.01798756163441472,inf,True,,,
histfill,sentinel2,treatment_0007,treatment,treatment_0007,3,4,10,path,2,2.0,0.01798756163441472,0.0,False,,,
histfill,sentinel2,treatment_0007,treatment,treatment_0007,3,4,10,candidate,1,,,,,1.0,0.01798756163441472,1.0000
histfill,sentinel2,treatment_0007,treatment,treatment_0007,3,4,10,candidate,1,,,,,2.0,0.031266932439766165,1.0000
histfill,sentinel2,treatment_0007,treatment,treatment_0007,3,4,10,candidate,1,,,,,3.0,0.04778221253867205,1.0000
histfill,sentinel2,treatment_0007,treatment,treatment_0007,3,4,10,candidate,1,,,,,4.0,0.06733887939930418,1.0000
histfill,sentinel2,treatment_0007,treatment,treatment_0007,3,4,10,candidate,2,,,0.0,,2.0,0.01798756163441472,1.0000 0.0000
histfill,sentinel2,treatment_0007,treatment,treatment_0007,3,4,10,candidate,2,,,0.0,,3.0,0.01798756163441472,1.0000 0.0000
histfill,sentinel2,treatment_0007,treatment,treatment_0007,3,4,10,candidate,2,,,0.0,,4.0,0.01798756163441472,1.0000 0.0000
histfill,sentinel2,treatment_0008,treatment,treatment_0008,3,4,10,path,1,1.0,0.014410034961706328,inf,True,,,
histfill,sentinel2,treatment_0008,treatment,treatment_0008,3,4,10,path,2,2.0,0.014410034961706328,0.0,False,,,
histfill,sentinel2,treatment_0008,treatment,treatment_0008,3,4,10,candidate,1,,,,,1.0,0.014410034961706328,1.0000
histfill,sentinel2,treatment_0008,treatment,treatment_0008,3,4,10,candidate,1,,,,,2.0,0.024402509140751694,1.0000
histfill,sentinel2,treatment_0008,treatment,treatment_0008,3,4,10,candidate,1,,,,,3.0,0.03664133310644706,1.0000
histfill,sentinel2,treatment_0008,treatment,treatment_0008,3,4,10,candidate,1,,,,,4.0,0.0511913031923032,1.0000
histfill,sentinel2,treatment_0008,treatment,treatment_0008,3,4,10,candidate,2,,,0.0,,2.0,0.014410034961706328,1.0000 0.0000
histfill,sentinel2,treatment_0008,treatment,treatment_0008,3,4,10,candidate,2,,,0.0,,3.0,0.014410034961706328,1.0000 0.0000
histfill,sentinel2,treatment_0008,treatment,treatment_0008,3,4,10,candidate,2,,,0.0,,4.0,0.014410034961706328,1.0000 0.0000
histfill,sentinel2,treatment_0009,treatment,treatment_0009,3,4,10,path,1,1.0,0.013201384546334157,inf,True,,,
histfill,sentinel2,treatment_0009,treatment,treatment_0009,3,4,10,path,2,2.0,0.013201384546334157,0.0,False,,,
histfill,sentinel2,treatment_0009,treatment,treatment_0009,3,4,10,candidate,1,,,,,1.0,0.013201384546334157,1.0000
histfill,sentinel2,treatment_0009,treatment,treatment_0009,3,4,10,candidate,1,,,,,2.0,0.02227677885389179,1.0000
histfill,sentinel2,treatment_0009,treatment,treatment_0009,3,4,10,candidate,1,,,,,3.0,0.03339252875056646,1.0000
histfill,sentinel2,treatment_0009,treatment,treatment_0009,3,4,10,candidate,1,,,,,4.0,0.04666716658792839,1.0000
histfill,sentinel2,treatment_0009,treatment,treatment_0009,3,4,10,candidate,2,,,0.0,,2.0,0.013201384546334157,1.0000 0.0000
histfill,sentinel2,treatment_0009,treatment,treatment_0009,3,4,10,candidate,2,,,0.0,,3.0,0.013201384546334157,1.0000 0.0000
histfill,sentinel2,treatment_0009,treatment,treatment_0009,3,4,10,candidate,2,,,0.0,,4.0,0.013201384546334157,1.0000 0.0000
histfill,sentinel2,treatment_0010,treatment,treatment_0010,3,4,10,path,1,1.0,0.014448114506398461,inf,True,,,
histfill,sentinel2,treatment_0010,treatment,treatment_0010,3,4,10,path,2,2.0,0.014448114506398461,0.0,False,,,
histfill,sentinel2,treatment_0010,treatment,treatment_0010,3,4,10,candidate,1,,,,,1.0,0.014448114506398461,1.0000
histfill,sentinel2,treatment_0010,treatment,treatment_0010,3,4,10,candidate,1,,,,,2.0,0.023908579440135008,1.0000
histfill,sentinel2,treatment_0010,treatment,treatment_0010,3,4,10,candidate,1,,,,,3.0,0.035103350974553825,1.0000
histfill,sentinel2,treatment_0010,treatment,treatment_0010,3,4,10,candidate,1,,,,,4.0,0.04801281145991076,1.0000
histfill,sentinel2,treatment_0010,treatment,treatment_0010,3,4,10,candidate,2,,,0.0,,2.0,0.014448114506398461,1.0000 0.0000
histfill,sentinel2,treatment_0010,treatment,treatment_0010,3,4,10,candidate,2,,,0.0,,3.0,0.014448114506398461,1.0000 0.0000
histfill,sentinel2,treatment_0010,treatment,treatment_0010,3,4,10,candidate,2,,,0.0,,4.0,0.014448114506398461,1.0000 0.0000
histfill,sentinel2,treatment_0011,treatment,treatment_0011,3,4,10,path,1,1.0,0.015380248691215865,inf,True,,,
histfill,sentinel2,treatment_0011,treatment,treatment_0011,3,4,10,path,2,2.0,0.015380248691215865,0.0,False,,,
histfill,sentinel2,treatment_0011,treatment,treatment_0011,3,4,10,candidate,1,,,,,1.0,0.015380248691215865,1.0000
histfill,sentinel2,treatment_0011,treatment,treatment_0011,3,4,10,candidate,1,,,,,2.0,0.02729682564654311,1.0000
histfill,sentinel2,treatment_0011,treatment,treatment_0011,3,4,10,candidate,1,,,,,3.0,0.0425805209998315,1.0000
histfill,sentinel2,treatment_0011,treatment,treatment_0011,3,4,10,candidate,1,,,,,4.0,0.06121512710576498,1.0000
histfill,sentinel2,treatment_0011,treatment,treatment_0011,3,4,10,candidate,2,,,0.0,,2.0,0.015380248691215865,1.0000 0.0000
histfill,sentinel2,treatment_0011,treatment,treatment_0011,3,4,10,candidate,2,,,0.0,,3.0,0.015380248691215865,1.0000 0.0000
histfill,sentinel2,treatment_0011,treatment,treatment_0011,3,4,10,candidate,2,,,0.0,,4.0,0.015380248691215865,1.0000 0.0000
histfill,sentinel2,treatment_0012,treatment,treatment_0012,3,4,10,path,1,1.0,0.019251963368004773,inf,True,,,
histfill,sentinel2,treatment_0012,treatment,treatment_0012,3,4,10,path,2,2.0,0.019251963368004773,0.0,False,,,
histfill,sentinel2,treatment_0012,treatment,treatment_0012,3,4,10,candidate,1,,,,,1.0,0.019251963368004773,1.0000
histfill,sentinel2,treatment_0012,treatment,treatment_0012,3,4,10,candidate,1,,,,,2.0,0.0341116922402838,1.0000
histfill,sentinel2,treatment_0012,treatment,treatment_0012,3,4,10,candidate,1,,,,,3.0,0.053114423709174026,1.0000
histfill,sentinel2,treatment_0012,treatment,treatment_0012,3,4,10,candidate,1,,,,,4.0,0.07620853405220374,1.0000
histfill,sentinel2,treatment_0012,treatment,treatment_0012,3,4,10,candidate,2,,,0.0,,2.0,0.019251963368004773,1.0000 0.0000
histfill,sentinel2,treatment_0012,treatment,treatment_0012,3,4,10,candidate,2,,,0.0,,3.0,0.019251963368004773,1.0000 0.0000
histfill,sentinel2,treatment_0012,treatment,treatment_0012,3,4,10,candidate,2,,,0.0,,4.0,0.019251963368004773,1.0000 0.0000
histfill,sentinel2,treatment_0013,treatment,treatment_0013,3,4,10,path,1,1.0,0.03021161737848769,inf,True,,,
histfill,sentinel2,treatment_0013,treatment,treatment_0013,3,4,10,path,2,2.0,0.03021161737848769,0.0,False,,,
histfill,sentinel2,treatment_0013,treatment,treatment_0013,3,4,10,candidate,1,,,,,1.0,0.03021161737848769,1.0000
histfill,sentinel2,treatment_0013,treatment,treatment_0013,3,4,10,candidate,1,,,,,2.0,0.047383270743736244,1.0000
histfill,sentinel2,treatment_0013,treatment,treatment_0013,3,4,10,candidate,1,,,,,3.0,0.06326983087641361,1.0000
histfill,sentinel2,treatment_0013,treatment,treatment_0013,3,4,10,candidate,1,,,,,4.0,0.07767196712907065,1.0000
histfill,sentinel2,treatment_0013,treatment,treatment_0013,3,4,10,candidate,2,,,0.0,,2.0,0.03021161737848769,1.0000 0.0000
histfill,sentinel2,treatment_0013,treatment,treatment_0013,3,4,10,candidate,2,,,0.0,,3.0,0.03021161737848769,1.0000 0.0000
histfill,sentinel2,treatment_0013,treatment,treatment_0013,3,4,10,candidate,2,,,0.0,,4.0,0.03021161737848769,1.0000 0.0000
histfill,sentinel2,treatment_0014,treatment,treatment_0014,3,4,10,path,1,1.0,0.020267439919249657,inf,True,,,
histfill,sentinel2,treatment_0014,treatment,treatment_0014,3,4,10,path,2,2.0,0.020267439919249657,0.0,False,,,
histfill,sentinel2,treatment_0014,treatment,treatment_0014,3,4,10,candidate,1,,,,,1.0,0.020267439919249657,1.0000
histfill,sentinel2,treatment_0014,treatment,treatment_0014,3,4,10,candidate,1,,,,,2.0,0.03598924868086778,1.0000
histfill,sentinel2,treatment_0014,treatment,treatment_0014,3,4,10,candidate,1,,,,,3.0,0.05615432928088283,1.0000
histfill,sentinel2,treatment_0014,treatment,treatment_0014,3,4,10,candidate,1,,,,,4.0,0.08072993056785903,1.0000
histfill,sentinel2,treatment_0014,treatment,treatment_0014,3,4,10,candidate,2,,,0.0,,2.0,0.020267439919249657,1.0000 0.0000
histfill,sentinel2,treatment_0014,treatment,treatment_0014,3,4,10,candidate,2,,,0.0,,3.0,0.020267439919249657,1.0000 0.0000
histfill,sentinel2,treatment_0014,treatment,treatment_0014,3,4,10,candidate,2,,,0.0,,4.0,0.020267439919249657,1.0000 0.0000
histfill,sentinel2,treatment_0015,treatment,treatment_0015,3,4,10,path,1,1.0,0.015372724179847105,inf,True,,,
histfill,sentinel2,treatment_0015,treatment,treatment_0015,3,4,10,path,2,2.0,0.015372724179847105,0.0,False,,,
histfill,sentinel2,treatment_0015,treatment,treatment_0015,3,4,10,candidate,1,,,,,1.0,0.015372724179847105,1.0000
histfill,sentinel2,treatment_0015,treatment,treatment_0015,3,4,10,candidate,1,,,,,2.0,0.024887153810289536,1.0000
histfill,sentinel2,treatment_0015,treatment,treatment_0015,3,4,10,candidate,1,,,,,3.0,0.03595425802360748,1.0000
histfill,sentinel2,treatment_0015,treatment,treatment_0015,3,4,10,candidate,1,,,,,4.0,0.048962168319323235,1.0000
histfill,sentinel2,treatment_0015,treatment,treatment_0015,3,4,10,candidate,2,,,0.0,,2.0,0.015372724179847105,1.0000 0.0000
histfill,sentinel2,treatment_0015,treatment,treatment_0015,3,4,10,candidate,2,,,0.0,,3.0,0.015372724179847105,1.0000 0.0000
histfill,sentinel2,treatment_0015,treatment,treatment_0015,3,4,10,candidate,2,,,0.0,,4.0,0.015372724179847105,1.0000 0.0000
histfill,sentinel2,treatment_0001,treatment,treatment_0001,3,5,10,path,1,1.0,0.013063609307670079,inf,True,,,
histfill,sentinel2,treatment_0001,treatment,treatment_0001,3,5,10,path,2,2.0,0.013063609307670079,0.0,False,,,
histfill,sentinel2,treatment_0001,treatment,treatment_0001,3,5,10,candidate,1,,,,,1.0,0.013063609307670079,1.0000
histfill,sentinel2,treatment_0001,treatment,treatment_0001,3,5,10,candidate,1,,,,,2.0,0.022793329781729817,1.0000
histfill,sentinel2,treatment_0001,treatment,treatment_0001,3,5,10,candidate,1,,,,,3.0,0.03506286098050962,1.0000
histfill,sentinel2,treatment_0001,treatment,treatment_0001,3,5,10,candidate,2,,,0.0,,2.0,0.013063609307670079,1.0000 0.0000
histfill,sentinel2,treatment_0001,treatment,treatment_0001,3,5,10,candidate,2,,,0.0,,3.0,0.013063609307670079,1.0000 0.0000
histfill,sentinel2,treatment_0002,treatment,treatment_0002,3,5,10,path,1,1.0,0.010646048814791698,inf,True,,,
histfill,sentinel2,treatment_0002,treatment,treatment_0002,3,5,10,path,2,2.0,0.010646048814791698,0.0,False,,,
histfill,sentinel2,treatment_0002,treatment,treatment_0002,3,5,10,candidate,1,,,,,1.0,0.010646048814791698,1.0000
histfill,sentinel2,treatment_0002,treatment,treatment_0002,3,5,10,candidate,1,,,,,2.0,0.01867392179985487,1.0000
histfill,sentinel2,treatment_0002,treatment,treatment_0002,3,5,10,candidate,1,,,,,3.0,0.028830873423648894,1.0000
histfill,sentinel2,treatment_0002,treatment,treatment_0002,3,5,10,candidate,2,,,0.0,,2.0,0.010646048814791698,1.0000 0.0000
histfill,sentinel2,treatment_0002,treatment,treatment_0002,3,5,10,candidate,2,,,0.0,,3.0,0.010646048814791698,1.0000 0.0000
histfill,sentinel2,treatment_0003,treatment,treatment_0003,3,5,10,path,1,1.0,0.01599289925368173,inf,True,,,
histfill,sentinel2,treatment_0003,treatment,treatment_0003,3,5,10,path,2,2.0,0.01599289925368173,0.0,False,,,
histfill,sentinel2,treatment_0003,treatment,treatment_0003,3,5,10,candidate,1,,,,,1.0,0.01599289925368173,1.0000
histfill,sentinel2,treatment_0003,treatment,treatment_0003,3,5,10,candidate,1,,,,,2.0,0.028290950394718455,1.0000
histfill,sentinel2,treatment_0003,treatment,treatment_0003,3,5,10,candidate,1,,,,,3.0,0.04399176683879251,1.0000
histfill,sentinel2,treatment_0003,treatment,treatment_0003,3,5,10,candidate,2,,,0.0,,2.0,0.01599289925368173,1.0000 0.0000
histfill,sentinel2,treatment_0003,treatment,treatment_0003,3,5,10,candidate,2,,,0.0,,3.0,0.01599289925368173,1.0000 0.0000
histfill,sentinel2,treatment_0004,treatment,treatment_0004,3,5,10,path,1,1.0,0.012583387096444718,inf,True,,,
histfill,sentinel2,treatment_0004,treatment,treatment_0004,3,5,10,path,2,2.0,0.012583387096444718,0.0,False,,,
histfill,sentinel2,treatment_0004,treatment,treatment_0004,3,5,10,candidate,1,,,,,1.0,0.012583387096444718,1.0000
histfill,sentinel2,treatment_0004,treatment,treatment_0004,3,5,10,candidate,1,,,,,2.0,0.0221814888944737,1.0000
histfill,sentinel2,treatment_0004,treatment,treatment_0004,3,5,10,candidate,1,,,,,3.0,0.03450631196979261,1.0000
histfill,sentinel2,treatment_0004,treatment,treatment_0004,3,5,10,candidate,2,,,0.0,,2.0,0.012583387096444718,1.0000 0.0000
histfill,sentinel2,treatment_0004,treatment,treatment_0004,3,5,10,candidate,2,,,0.0,,3.0,0.012583387096444718,1.0000 0.0000
histfill,sentinel2,treatment_0005,treatment,treatment_0005,3,5,10,path,1,1.0,0.013000301179470743,inf,True,,,
histfill,sentinel2,treatment_0005,treatment,treatment_0005,3,5,10,path,2,2.0,0.013000301179470743,0.0,False,,,
histfill,sentinel2,treatment_0005,treatment,treatment_0005,3,5,10,candidate,1,,,,,1.0,0.013000301179470743,1.0000
histfill,sentinel2,treatment_0005,treatment,treatment_0005,3,5,10,candidate,1,,,,,2.0,0.022283672467434734,1.0000
histfill,sentinel2,treatment_0005,treatment,treatment_0005,3,5,10,candidate,1,,,,,3.0,0.03375698671276113,1.0000
histfill,sentinel2,treatment_0005,treatment,treatment_0005,3,5,10,candidate,2,,,0.0,,2.0,0.013000301179470743,1.0000 0.0000
histfill,sentinel2,treatment_0005,treatment,treatment_0005,3,5,10,candidate,2,,,0.0,,3.0,0.013000301179470743,1.0000 0.0000
histfill,sentinel2,treatment_0006,treatment,treatment_0006,3,5,10,path,1,1.0,0.016321430672692712,inf,True,,,
histfill,sentinel2,treatment_0006,treatment,treatment_0006,3,5,10,path,2,2.0,0.016321430672692712,0.0,False,,,
histfill,sentinel2,treatment_0006,treatment,treatment_0006,3,5,10,candidate,1,,,,,1.0,0.016321430672692712,1.0000
histfill,sentinel2,treatment_0006,treatment,treatment_0006,3,5,10,candidate,1,,,,,2.0,0.02807239385757135,1.0000
histfill,sentinel2,treatment_0006,treatment,treatment_0006,3,5,10,candidate,1,,,,,3.0,0.04247799412181843,1.0000
histfill,sentinel2,treatment_0006,treatment,treatment_0006,3,5,10,candidate,2,,,0.0,,2.0,0.016321430672692712,1.0000 0.0000
histfill,sentinel2,treatment_0006,treatment,treatment_0006,3,5,10,candidate,2,,,0.0,,3.0,0.016321430672692712,1.0000 0.0000
histfill,sentinel2,treatment_0007,treatment,treatment_0007,3,5,10,path,1,1.0,0.017694947650423166,inf,True,,,
histfill,sentinel2,treatment_0007,treatment,treatment_0007,3,5,10,path,2,2.0,0.017694947650423166,0.0,False,,,
histfill,sentinel2,treatment_0007,treatment,treatment_0007,3,5,10,candidate,1,,,,,1.0,0.017694947650423166,1.0000
histfill,sentinel2,treatment_0007,treatment,treatment_0007,3,5,10,candidate,1,,,,,2.0,0.030807011832118432,1.0000
histfill,sentinel2,treatment_0007,treatment,treatment_0007,3,5,10,candidate,1,,,,,3.0,0.04717095607781185,1.0000
histfill,sentinel2,treatment_0007,treatment,treatment_0007,3,5,10,candidate,2,,,0.0,,2.0,0.017694947650423166,1.0000 0.0000
histfill,sentinel2,treatment_0007,treatment,treatment_0007,3,5,10,candidate,2,,,0.0,,3.0,0.017694947650423166,1.0000 0.0000
histfill,sentinel2,treatment_0008,treatment,treatment_0008,3,5,10,path,1,1.0,0.014078384871915275,inf,True,,,
histfill,sentinel2,treatment_0008,treatment,treatment_0008,3,5,10,path,2,2.0,0.014078384871915275,0.0,False,,,
histfill,sentinel2,treatment_0008,treatment,treatment_0008,3,5,10,candidate,1,,,,,1.0,0.014078384871915275,1.0000
histfill,sentinel2,treatment_0008,treatment,treatment_0008,3,5,10,candidate,1,,,,,2.0,0.024106824760387127,1.0000
histfill,sentinel2,treatment_0008,treatment,treatment_0008,3,5,10,candidate,1,,,,,3.0,0.03663034947457531,1.0000
histfill,sentinel2,treatment_0008,treatment,treatment_0008,3,5,10,candidate,2,,,0.0,,2.0,0.014078384871915275,1.0000 0.0000
histfill,sentinel2,treatment_0008,treatment,treatment_0008,3,5,10,candidate,2,,,0.0,,3.0,0.014078384871915275,1.0000 0.0000
histfill,sentinel2,treatment_0009,treatment,treatment_0009,3,5,10,path,1,1.0,0.012882329846251026,inf,True,,,
histfill,sentinel2,treatment_0009,treatment,treatment_0009,3,5,10,path,2,2.0,0.012882329846251026,0.0,False,,,
histfill,sentinel2,treatment_0009,treatment,treatment_0009,3,5,10,candidate,1,,,,,1.0,0.012882329846251026,1.0000
histfill,sentinel2,treatment_0009,treatment,treatment_0009,3,5,10,candidate,1,,,,,2.0,0.02202026110046534,1.0000
histfill,sentinel2,treatment_0009,treatment,treatment_0009,3,5,10,candidate,1,,,,,3.0,0.033467606906969816,1.0000
histfill,sentinel2,treatment_0009,treatment,treatment_0009,3,5,10,candidate,2,,,0.0,,2.0,0.012882329846251026,1.0000 0.0000
histfill,sentinel2,treatment_0009,treatment,treatment_0009,3,5,10,candidate,2,,,0.0,,3.0,0.012882329846251026,1.0000 0.0000
histfill,sentinel2,treatment_0010,treatment,treatment_0010,3,5,10,path,1,1.0,0.01385484168406993,inf,True,,,
histfill,sentinel2,treatment_0010,treatment,treatment_0010,3,5,10,path,2,2.0,0.01385484168406993,0.0,False,,,
histfill,sentinel2,treatment_0010,treatment,treatment_0010,3,5,10,candidate,1,,,,,1.0,0.01385484168406993,1.0000
histfill,sentinel2,treatment_0010,treatment,treatment_0010,3,5,10,candidate,1,,,,,2.0,0.0232102180361285,1.0000
histfill,sentinel2,treatment_0010,treatment,treatment_0010,3,5,10,candidate,1,,,,,3.0,0.03454649038390874,1.0000
histfill,sentinel2,treatment_0010,treatment,treatment_0010,3,5,10,candidate,2,,,0.0,,2.0,0.01385484168406993,1.0000 0.0000
histfill,sentinel2,treatment_0010,treatment,treatment_0010,3,5,10,candidate,2,,,0.0,,3.0,0.01385484168406993,1.0000 0.0000
histfill,sentinel2,treatment_0011,treatment,treatment_0011,3,5,10,path,1,1.0,0.015360264720457685,inf,True,,,
histfill,sentinel2,treatment_0011,treatment,treatment_0011,3,5,10,path,2,2.0,0.015360264720457685,0.0,False,,,
histfill,sentinel2,treatment_0011,treatment,treatment_0011,3,5,10,candidate,1,,,,,1.0,0.015360264720457685,1.0000
histfill,sentinel2,treatment_0011,treatment,treatment_0011,3,5,10,candidate,1,,,,,2.0,0.027263719730653765,1.0000
histfill,sentinel2,treatment_0011,treatment,treatment_0011,3,5,10,candidate,1,,,,,3.0,0.04253252804230553,1.0000
histfill,sentinel2,treatment_0011,treatment,treatment_0011,3,5,10,candidate,2,,,0.0,,2.0,0.015360264720457685,1.0000 0.0000
histfill,sentinel2,treatment_0011,treatment,treatment_0011,3,5,10,candidate,2,,,0.0,,3.0,0.015360264720457685,1.0000 0.0000
histfill,sentinel2,treatment_0012,treatment,treatment_0012,3,5,10,path,1,1.0,0.019193329483880556,inf,True,,,
histfill,sentinel2,treatment_0012,treatment,treatment_0012,3,5,10,path,2,2.0,0.019193329483880556,0.0,False,,,
histfill,sentinel2,treatment_0012,treatment,treatment_0012,3,5,10,candidate,1,,,,,1.0,0.019193329483880556,1.0000
histfill,sentinel2,treatment_0012,treatment,treatment_0012,3,5,10,candidate,1,,,,,2.0,0.03400639389720341,1.0000
histfill,sentinel2,treatment_0012,treatment,treatment_0012,3,5,10,candidate,1,,,,,3.0,0.05294841611970951,1.0000
histfill,sentinel2,treatment_0012,treatment,treatment_0012,3,5,10,candidate,2,,,0.0,,2.0,0.019193329483880556,1.0000 0.0000
histfill,sentinel2,treatment_0012,treatment,treatment_0012,3,5,10,candidate,2,,,0.0,,3.0,0.019193329483880556,1.0000 0.0000
histfill,sentinel2,treatment_0013,treatment,treatment_0013,3,5,10,path,1,1.0,0.03034611797845872,inf,True,,,
histfill,sentinel2,treatment_0013,treatment,treatment_0013,3,5,10,path,2,2.0,0.03034611797845872,0.0,False,,,
histfill,sentinel2,treatment_0013,treatment,treatment_0013,3,5,10,candidate,1,,,,,1.0,0.03034611797845872,1.0000
histfill,sentinel2,treatment_0013,treatment,treatment_0013,3,5,10,candidate,1,,,,,2.0,0.04690916661355856,1.0000
histfill,sentinel2,treatment_0013,treatment,treatment_0013,3,5,10,candidate,1,,,,,3.0,0.06330778170427988,1.0000
histfill,sentinel2,treatment_0013,treatment,treatment_0013,3,5,10,candidate,2,,,0.0,,2.0,0.03034611797845872,1.0000 0.0000
histfill,sentinel2,treatment_0013,treatment,treatment_0013,3,5,10,candidate,2,,,0.0,,3.0,0.03034611797845872,1.0000 0.0000
histfill,sentinel2,treatment_0014,treatment,treatment_0014,3,5,10,path,1,1.0,0.02025949262188585,inf,True,,,
histfill,sentinel2,treatment_0014,treatment,treatment_0014,3,5,10,path,2,2.0,0.02025949262188585,0.0,False,,,
histfill,sentinel2,treatment_0014,treatment,treatment_0014,3,5,10,candidate,1,,,,,1.0,0.02025949262188585,1.0000
histfill,sentinel2,treatment_0014,treatment,treatment_0014,3,5,10,candidate,1,,,,,2.0,0.035974878303561594,1.0000
histfill,sentinel2,treatment_0014,treatment,treatment_0014,3,5,10,candidate,1,,,,,3.0,0.056132159131214214,1.0000
histfill,sentinel2,treatment_0014,treatment,treatment_0014,3,5,10,candidate,2,,,0.0,,2.0,0.02025949262188585,1.0000 0.0000
histfill,sentinel2,treatment_0014,treatment,treatment_0014,3,5,10,candidate,2,,,0.0,,3.0,0.02025949262188585,1.0000 0.0000
histfill,sentinel2,treatment_0015,treatment,treatment_0015,3,5,10,path,1,1.0,0.014787992055034055,inf,True,,,
histfill,sentinel2,treatment_0015,treatment,treatment_0015,3,5,10,path,2,2.0,0.014787992055034055,0.0,False,,,
histfill,sentinel2,treatment_0015,treatment,treatment_0015,3,5,10,candidate,1,,,,,1.0,0.014787992055034055,1.0000
histfill,sentinel2,treatment_0015,treatment,treatment_0015,3,5,10,candidate,1,,,,,2.0,0.024498527705172423,1.0000
histfill,sentinel2,treatment_0015,treatment,treatment_0015,3,5,10,candidate,1,,,,,3.0,0.036426324591635674,1.0000
histfill,sentinel2,treatment_0015,treatment,treatment_0015,3,5,10,candidate,2,,,0.0,,2.0,0.014787992055034055,1.0000 0.0000
histfill,sentinel2,treatment_0015,treatment,treatment_0015,3,5,10,candidate,2,,,0.0,,3.0,0.014787992055034055,1.0000 0.0000
histfill,sentinel2,treatment_0001,treatment,treatment_0001,3,6,10,path,1,1.0,0.012960594766370407,inf,True,,,
histfill,sentinel2,treatment_0001,treatment,treatment_0001,3,6,10,path,2,2.0,0.012960594766370407,0.0,False,,,
histfill,sentinel2,treatment_0001,treatment,treatment_0001,3,6,10,candidate,1,,,,,1.0,0.012960594766370407,1.0000
histfill,sentinel2,treatment_0001,treatment,treatment_0001,3,6,10,candidate,1,,,,,2.0,0.022710012715693152,1.0000
histfill,sentinel2,treatment_0001,treatment,treatment_0001,3,6,10,candidate,2,,,0.0,,2.0,0.012960594766370407,1.0000 0.0000
histfill,sentinel2,treatment_0002,treatment,treatment_0002,3,6,10,path,1,1.0,0.010559965344766118,inf,True,,,
histfill,sentinel2,treatment_0002,treatment,treatment_0002,3,6,10,path,2,2.0,0.010559965344766118,0.0,False,,,
histfill,sentinel2,treatment_0002,treatment,treatment_0002,3,6,10,candidate,1,,,,,1.0,0.010559965344766118,1.0000
histfill,sentinel2,treatment_0002,treatment,treatment_0002,3,6,10,candidate,1,,,,,2.0,0.018557266266327564,1.0000
histfill,sentinel2,treatment_0002,treatment,treatment_0002,3,6,10,candidate,2,,,0.0,,2.0,0.010559965344766118,1.0000 0.0000
histfill,sentinel2,treatment_0003,treatment,treatment_0003,3,6,10,path,1,1.0,0.015959420998188614,inf,True,,,
histfill,sentinel2,treatment_0003,treatment,treatment_0003,3,6,10,path,2,2.0,0.015959420998188614,0.0,False,,,
histfill,sentinel2,treatment_0003,treatment,treatment_0003,3,6,10,candidate,1,,,,,1.0,0.015959420998188614,1.0000
histfill,sentinel2,treatment_0003,treatment,treatment_0003,3,6,10,candidate,1,,,,,2.0,0.02824822675743034,1.0000
histfill,sentinel2,treatment_0003,treatment,treatment_0003,3,6,10,candidate,2,,,0.0,,2.0,0.015959420998188614,1.0000 0.0000
histfill,sentinel2,treatment_0004,treatment,treatment_0004,3,6,10,path,1,1.0,0.01281470600634073,inf,True,,,
histfill,sentinel2,treatment_0004,treatment,treatment_0004,3,6,10,path,2,2.0,0.01281470600634073,0.0,False,,,
histfill,sentinel2,treatment_0004,treatment,treatment_0004,3,6,10,candidate,1,,,,,1.0,0.01281470600634073,1.0000
histfill,sentinel2,treatment_0004,treatment,treatment_0004,3,6,10,candidate,1,,,,,2.0,0.022742314101967417,1.0000
histfill,sentinel2,treatment_0004,treatment,treatment_0004,3,6,10,candidate,2,,,0.0,,2.0,0.01281470600634073,1.0000 0.0000
histfill,sentinel2,treatment_0005,treatment,treatment_0005,3,6,10,path,1,1.0,0.012867376530404276,inf,True,,,
histfill,sentinel2,treatment_0005,treatment,treatment_0005,3,6,10,path,2,2.0,0.012867376530404276,0.0,False,,,
histfill,sentinel2,treatment_0005,treatment,treatment_0005,3,6,10,candidate,1,,,,,1.0,0.012867376530404276,1.0000
histfill,sentinel2,treatment_0005,treatment,treatment_0005,3,6,10,candidate,1,,,,,2.0,0.02226828102485446,1.0000
histfill,sentinel2,treatment_0005,treatment,treatment_0005,3,6,10,candidate,2,,,0.0,,2.0,0.012867376530404276,1.0000 0.0000
histfill,sentinel2,treatment_0006,treatment,treatment_0006,3,6,10,path,1,1.0,0.01592162540295101,inf,True,,,
histfill,sentinel2,treatment_0006,treatment,treatment_0006,3,6,10,path,2,2.0,0.01592162540295101,0.0,False,,,
histfill,sentinel2,treatment_0006,treatment,treatment_0006,3,6,10,candidate,1,,,,,1.0,0.01592162540295101,1.0000
histfill,sentinel2,treatment_0006,treatment,treatment_0006,3,6,10,candidate,1,,,,,2.0,0.027444095044722595,1.0000
histfill,sentinel2,treatment_0006,treatment,treatment_0006,3,6,10,candidate,2,,,0.0,,2.0,0.01592162540295101,1.0000 0.0000
histfill,sentinel2,treatment_0007,treatment,treatment_0007,3,6,10,path,1,1.0,0.017449567087839117,inf,True,,,
histfill,sentinel2,treatment_0007,treatment,treatment_0007,3,6,10,path,2,2.0,0.017449567087839117,0.0,False,,,
histfill,sentinel2,treatment_0007,treatment,treatment_0007,3,6,10,candidate,1,,,,,1.0,0.017449567087839117,1.0000
histfill,sentinel2,treatment_0007,treatment,treatment_0007,3,6,10,candidate,1,,,,,2.0,0.030442178913439352,1.0000
histfill,sentinel2,treatment_0007,treatment,treatment_0007,3,6,10,candidate,2,,,0.0,,2.0,0.017449567087839117,1.0000 0.0000
histfill,sentinel2,treatment_0008,treatment,treatment_0008,3,6,10,path,1,1.0,0.01396798718918191,inf,True,,,
histfill,sentinel2,treatment_0008,treatment,treatment_0008,3,6,10,path,2,2.0,0.01396798718918191,0.0,False,,,
histfill,sentinel2,treatment_0008,treatment,treatment_0008,3,6,10,candidate,1,,,,,1.0,0.01396798718918191,1.0000
histfill,sentinel2,treatment_0008,treatment,treatment_0008,3,6,10,candidate,1,,,,,2.0,0.024205077757907437,1.0000
histfill,sentinel2,treatment_0008,treatment,treatment_0008,3,6,10,candidate,2,,,0.0,,2.0,0.01396798718918191,1.0000 0.0000
histfill,sentinel2,treatment_0009,treatment,treatment_0009,3,6,10,path,1,1.0,0.012798357785772853,inf,True,,,
histfill,sentinel2,treatment_0009,treatment,treatment_0009,3,6,10,path,2,2.0,0.012798357785772853,0.0,False,,,
histfill,sentinel2,treatment_0009,treatment,treatment_0009,3,6,10,candidate,1,,,,,1.0,0.012798357785772853,1.0000
histfill,sentinel2,treatment_0009,treatment,treatment_0009,3,6,10,candidate,1,,,,,2.0,0.02218183562131286,1.0000
histfill,sentinel2,treatment_0009,treatment,treatment_0009,3,6,10,candidate,2,,,0.0,,2.0,0.012798357785772853,1.0000 0.0000
histfill,sentinel2,treatment_0010,treatment,treatment_0010,3,6,10,path,1,1.0,0.013527075607954277,inf,True,,,
histfill,sentinel2,treatment_0010,treatment,treatment_0010,3,6,10,path,2,2.0,0.013527075607954277,0.0,False,,,
histfill,sentinel2,treatment_0010,treatment,treatment_0010,3,6,10,candidate,1,,,,,1.0,0.013527075607954277,1.0000
histfill,sentinel2,treatment_0010,treatment,treatment_0010,3,6,10,candidate,1,,,,,2.0,0.0229729298588896,1.0000
histfill,sentinel2,treatment_0010,treatment,treatment_0010,3,6,10,candidate,2,,,0.0,,2.0,0.013527075607954277,1.0000 0.0000
histfill,sentinel2,treatment_0011,treatment,treatment_0011,3,6,10,path,1,1.0,0.015342110424122212,inf,True,,,
histfill,sentinel2,treatment_0011,treatment,treatment_0011,3,6,10,path,2,2.0,0.015342110424122212,0.0,False,,,
histfill,sentinel2,treatment_0011,treatment,treatment_0011,3,6,10,candidate,1,,,,,1.0,0.015342110424122212,1.0000
histfill,sentinel2,treatment_0011,treatment,treatment_0011,3,6,10,candidate,1,,,,,2.0,0.027233849047238884,1.0000
histfill,sentinel2,treatment_0011,treatment,treatment_0011,3,6,10,candidate,2,,,0.0,,2.0,0.015342110424122212,1.0000 0.0000
histfill,sentinel2,treatment_0012,treatment,treatment_0012,3,6,10,path,1,1.0,0.019133931805994927,inf,True,,,
histfill,sentinel2,treatment_0012,treatment,treatment_0012,3,6,10,path,2,2.0,0.019133931805994927,0.0,False,,,
histfill,sentinel2,treatment_0012,treatment,treatment_0012,3,6,10,candidate,1,,,,,1.0,0.019133931805994927,1.0000
histfill,sentinel2,treatment_0012,treatment,treatment_0012,3,6,10,candidate,1,,,,,2.0,0.03389988002540307,1.0000
histfill,sentinel2,treatment_0012,treatment,treatment_0012,3,6,10,candidate,2,,,0.0,,2.0,0.019133931805994927,1.0000 0.0000
histfill,sentinel2,treatment_0013,treatment,treatment_0013,3,6,10,path,1,1.0,0.030073328234654962,inf,True,,,
histfill,sentinel2,treatment_0013,treatment,treatment_0013,3,6,10,path,2,2.0,0.030073328234654962,0.0,False,,,
histfill,sentinel2,treatment_0013,treatment,treatment_0013,3,6,10,candidate,1,,,,,1.0,0.030073328234654962,1.0000
histfill,sentinel2,treatment_0013,treatment,treatment_0013,3,6,10,candidate,1,,,,,2.0,0.04730525607875746,1.0000
histfill,sentinel2,treatment_0013,treatment,treatment_0013,3,6,10,candidate,2,,,0.0,,2.0,0.030073328234654962,1.0000 0.0000
histfill,sentinel2,treatment_0014,treatment,treatment_0014,3,6,10,path,1,1.0,0.020251540729772154,inf,True,,,
histfill,sentinel2,treatment_0014,treatment,treatment_0014,3,6,10,path,2,2.0,0.020251540729772154,0.0,False,,,
histfill,sentinel2,treatment_0014,treatment,treatment_0014,3,6,10,candidate,1,,,,,1.0,0.020251540729772154,1.0000
histfill,sentinel2,treatment_0014,treatment,treatment_0014,3,6,10,candidate,1,,,,,2.0,0.03596108821501662,1.0000
histfill,sentinel2,treatment_0014,treatment,treatment_0014,3,6,10,candidate,2,,,0.0,,2.0,0.020251540729772154,1.0000 0.0000
histfill,sentinel2,treatment_0015,treatment,treatment_0015,3,6,10,path,1,1.0,0.014691230631281542,inf,True,,,
histfill,sentinel2,treatment_0015,treatment,treatment_0015,3,6,10,path,2,2.0,0.014691230631281542,0.0,False,,,
histfill,sentinel2,treatment_0015,treatment,treatment_0015,3,6,10,candidate,1,,,,,1.0,0.014691230631281542,1.0000
histfill,sentinel2,treatment_0015,treatment,treatment_0015,3,6,10,candidate,1,,,,,2.0,0.025038156860072103,1.0000
histfill,sentinel2,treatment_0015,treatment,treatment_0015,3,6,10,candidate,2,,,0.0,,2.0,0.014691230631281542,1.0000 0.0000
histfill,sentinel2,treatment_0001,treatment,treatment_0001,3,7,10,path,1,1.0,0.012933566320481685,inf,True,,,
histfill,sentinel2,treatment_0001,treatment,treatment_0001,3,7,10,candidate,1,,,,,1.0,0.012933566320481685,1.0000
histfill,sentinel2,treatment_0002,treatment,treatment_0002,3,7,10,path,1,1.0,0.0105007083376895,inf,True,,,
histfill,sentinel2,treatment_0002,treatment,treatment_0002,3,7,10,candidate,1,,,,,1.0,0.0105007083376895,1.0000
histfill,sentinel2,treatment_0003,treatment,treatment_0003,3,7,10,path,1,1.0,0.01593804174568631,inf,True,,,
histfill,sentinel2,treatment_0003,treatment,treatment_0003,3,7,10,candidate,1,,,,,1.0,0.01593804174568631,1.0000
histfill,sentinel2,treatment_0004,treatment,treatment_0004,3,7,10,path,1,1.0,0.013159828000812779,inf,True,,,
histfill,sentinel2,treatment_0004,treatment,treatment_0004,3,7,10,candidate,1,,,,,1.0,0.013159828000812779,1.0000
histfill,sentinel2,treatment_0005,treatment,treatment_0005,3,7,10,path,1,1.0,0.0129106677696017,inf,True,,,
histfill,sentinel2,treatment_0005,treatment,treatment_0005,3,7,10,candidate,1,,,,,1.0,0.0129106677696017,1.0000
histfill,sentinel2,treatment_0006,treatment,treatment_0006,3,7,10,path,1,1.0,0.015583730770211223,inf,True,,,
histfill,sentinel2,treatment_0006,treatment,treatment_0006,3,7,10,candidate,1,,,,,1.0,0.015583730770211223,1.0000
histfill,sentinel2,treatment_0007,treatment,treatment_0007,3,7,10,path,1,1.0,0.01726161732401249,inf,True,,,
histfill,sentinel2,treatment_0007,treatment,treatment_0007,3,7,10,candidate,1,,,,,1.0,0.01726161732401249,1.0000
histfill,sentinel2,treatment_0008,treatment,treatment_0008,3,7,10,path,1,1.0,0.014083038023582172,inf,True,,,
histfill,sentinel2,treatment_0008,treatment,treatment_0008,3,7,10,candidate,1,,,,,1.0,0.014083038023582172,1.0000
histfill,sentinel2,treatment_0009,treatment,treatment_0009,3,7,10,path,1,1.0,0.012953311519131254,inf,True,,,
histfill,sentinel2,treatment_0009,treatment,treatment_0009,3,7,10,candidate,1,,,,,1.0,0.012953311519131254,1.0000
histfill,sentinel2,treatment_0010,treatment,treatment_0010,3,7,10,path,1,1.0,0.013458991805159795,inf,True,,,
histfill,sentinel2,treatment_0010,treatment,treatment_0010,3,7,10,candidate,1,,,,,1.0,0.013458991805159795,1.0000
histfill,sentinel2,treatment_0011,treatment,treatment_0011,3,7,10,path,1,1.0,0.01532577513893366,inf,True,,,
histfill,sentinel2,treatment_0011,treatment,treatment_0011,3,7,10,candidate,1,,,,,1.0,0.01532577513893366,1.0000
histfill,sentinel2,treatment_0012,treatment,treatment_0012,3,7,10,path,1,1.0,0.019073896226736057,inf,True,,,
histfill,sentinel2,treatment_0012,treatment,treatment_0012,3,7,10,candidate,1,,,,,1.0,0.019073896226736057,1.0000
histfill,sentinel2,treatment_0013,treatment,treatment_0013,3,7,10,path,1,1.0,0.03083388288765181,inf,True,,,
histfill,sentinel2,treatment_0013,treatment,treatment_0013,3,7,10,candidate,1,,,,,1.0,0.03083388288765181,1.0000
histfill,sentinel2,treatment_0014,treatment,treatment_0014,3,7,10,path,1,1.0,0.020244118739829918,inf,True,,,
histfill,sentinel2,treatment_0014,treatment,treatment_0014,3,7,10,candidate,1,,,,,1.0,0.020244118739829918,1.0000
histfill,sentinel2,treatment_0015,treatment,treatment_0015,3,7,10,path,1,1.0,0.01514744477198794,inf,True,,,
histfill,sentinel2,treatment_0015,treatment,treatment_0015,3,7,10,candidate,1,,,,,1.0,0.01514744477198794,1.0000
