fill,sensor,repr,M,estimator,perm,role,site,n_donors,n_pre,n_valid_test,rmse_train,rmse_test,rms_y_test,w_max,rel_l2_test,C2,C3,n_cells_used,rmse_test_unproj,sum_w,n_negative,lambda_,lambda_flag,rmse_test_fscm
chipmean,sentinel1,chip_mean,5,equal_weight,-,reference,treatment_0001,5,9,196,0.02572972370098043,0.03783285606385263,0.537943469290473,,0.07032868363241351,False,False,,,,,,,
chipmean,sentinel1,chip_mean,5,equal_weight,-,reference,treatment_0002,5,9,196,0.02191504628760778,0.024152901607698937,0.542695340260153,,0.044505452352181084,False,False,,,,,,,
chipmean,sentinel1,chip_mean,5,equal_weight,-,reference,treatment_0003,5,9,196,0.020019458919761743,0.02095992149561972,0.5569830615166519,,0.03763116500984131,False,False,,,,,,,
chipmean,sentinel1,chip_mean,5,equal_weight,-,reference,treatment_0004,5,9,196,0.024955031850564514,0.03302553638992946,0.5400293652841116,,0.06115507509958202,False,False,,,,,,,
chipmean,sentinel1,chip_mean,5,equal_weight,-,reference,treatment_0005,5,9,196,0.01725819944309853,0.016249034983545074,0.5448275725041124,,0.029824178884453257,True,False,,,,,,,
chipmean,sentinel1,chip_mean,5,equal_weight,-,reference,treatment_0006,5,9,196,0.04429209645389471,0.04281492290245365,0.5431111390194449,,0.07883270996752796,False,False,,,,,,,
chipmean,sentinel1,chip_mean,5,equal_weight,-,reference,treatment_0007,5,5,196,0.033518723630020064,0.025905953810250966,0.5344816979675697,,0.0484693000878448,False,False,,,,,,,
chipmean,sentinel1,chip_mean,5,equal_weight,-,reference,treatment_0008,5,9,196,0.030428447828114123,0.03332338307299668,0.5525691760009912,,0.06030626484481449,False,False,,,,,,,
chipmean,sentinel1,chip_mean,5,equal_weight,-,reference,treatment_0009,5,9,196,0.01949792312809343,0.01811978608065037,0.5440042620819244,,0.03330816933548513,True,False,,,,,,,
chipmean,sentinel1,chip_mean,5,equal_weight,-,reference,treatment_0010,5,9,196,0.021821744850253254,0.022713742894501843,0.5554742461492069,,0.04089072185067724,False,False,,,,,,,
chipmean,sentinel1,chip_mean,5,own_history_mean,-,reference,treatment_0001,5,9,196,0.013018679716469266,0.010846674075467844,0.537943469290473,,0.020163222893614073,False,True,,,,,,,
chipmean,sentinel1,chip_mean,5,own_history_mean,-,reference,treatment_0002,5,9,196,0.013986945152478954,0.014649329672758246,0.542695340260153,,0.026993652950356578,False,True,,,,,,,
chipmean,sentinel1,chip_mean,5,own_history_mean,-,reference,treatment_0003,5,9,196,0.018627829672632622,0.018041057959511036,0.5569830615166519,,0.03239067613723415,False,True,,,,,,,
chipmean,sentinel1,chip_mean,5,own_history_mean,-,reference,treatment_0004,5,9,196,0.015633930066922777,0.020061057200434412,0.5400293652841116,,0.037148085808037884,False,True,,,,,,,
chipmean,sentinel1,chip_mean,5,own_history_mean,-,reference,treatment_0005,5,9,196,0.018371912004241406,0.02433900205994718,0.5448275725041124,,0.044672853005734155,False,False,,,,,,,
chipmean,sentinel1,chip_mean,5,own_history_mean,-,reference,treatment_0006,5,9,196,0.013423748448504011,0.01747196578102449,0.5431111390194449,,0.03217014810738203,False,True,,,,,,,
chipmean,sentinel1,chip_mean,5,own_history_mean,-,reference,treatment_0007,5,5,196,0.018464643335805647,0.018775195130366528,0.5344816979675697,,0.03512785414685188,False,True,,,,,,,
chipmean,sentinel1,chip_mean,5,own_history_mean,-,reference,treatment_0008,5,9,196,0.0182757822311237,0.019190066574627664,0.5525691760009912,,0.03472880393638396,False,True,,,,,,,
chipmean,sentinel1,chip_mean,5,own_history_mean,-,reference,treatment_0009,5,9,196,0.017646284144796374,0.01988444637663619,0.5440042620819244,,0.03655200475918641,False,False,,,,,,,
chipmean,sentinel1,chip_mean,5,own_history_mean,-,reference,treatment_0010,5,9,196,0.017658273191091537,0.01934017177640678,0.5554742461492069,,0.03481740496608331,False,True,,,,,,,
chipmean,sentinel1,chip_mean,5,scm,-,estimator,treatment_0001,5,9,196,0.019221513024856095,0.027325857306975232,0.537943469290473,0.5858791584327012,0.05079689385023486,False,True,,,,,,,
chipmean,sentinel1,chip_mean,5,scm,-,estimator,treatment_0002,5,9,196,0.01919793526152995,0.0193380895656004,0.542695340260153,0.4231130917176079,0.03563341737249901,False,True,,,,,,,
chipmean,sentinel1,chip_mean,5,scm,-,estimator,treatment_0003,5,9,196,0.011422037008978037,0.008286258864532162,0.5569830615166519,0.5765236416140161,0.014877039244189712,True,True,,,,,,,
chipmean,sentinel1,chip_mean,5,scm,-,estimator,treatment_0004,5,9,196,0.014075241333994301,0.026436131836077587,0.5400293652841116,0.5663779233263723,0.048953137617191306,False,True,,,,,,,
chipmean,sentinel1,chip_mean,5,scm,-,estimator,treatment_0005,5,9,196,0.013985523970146097,0.017013359116520146,0.5448275725041124,0.38232298886868443,0.03122705232836161,True,False,,,,,,,
chipmean,sentinel1,chip_mean,5,scm,-,estimator,treatment_0006,5,9,196,0.02074812283616442,0.029267481538585275,0.5431111390194449,0.9283355484675702,0.0538885679852304,False,True,,,,,,,
chipmean,sentinel1,chip_mean,5,scm,-,estimator,treatment_0007,5,5,196,0.021657186758468398,0.02376976149490454,0.5344816979675697,0.4160271318723662,0.04447254524390992,False,True,,,,,,,
chipmean,sentinel1,chip_mean,5,scm,-,estimator,treatment_0008,5,9,196,0.019730177172817935,0.02295382750016542,0.5525691760009912,0.5677086420072338,0.041540188083390744,False,True,,,,,,,
chipmean,sentinel1,chip_mean,5,scm,-,estimator,treatment_0009,5,9,196,0.016294035355624924,0.016688712109716022,0.5440042620819244,0.40556356472429,0.030677539263842722,True,True,,,,,,,
chipmean,sentinel1,chip_mean,5,scm,-,estimator,treatment_0010,5,9,196,0.012761791011506332,0.01326487453869631,0.5554742461492069,0.6511453920872956,0.023880269212576972,True,True,,,,,,,
chipmean,sentinel1,chip_mean,5,perdim_scm,-,estimator,treatment_0001,5,9,196,0.01178420704178875,0.019155390178251266,0.537943469290473,0.7890045055438424,0.0356085560505391,False,True,,,,,,,
chipmean,sentinel1,chip_mean,5,perdim_scm,-,estimator,treatment_0002,5,9,196,0.01657421145332831,0.01617794046246409,0.542695340260153,0.8930827815214191,0.02981035447016891,False,True,,,,,,,
chipmean,sentinel1,chip_mean,5,perdim_scm,-,estimator,treatment_0003,5,9,196,0.009838553243674587,0.008372805132284288,0.5569830615166519,0.5583347506960548,0.015032423265234197,True,True,,,,,,,
chipmean,sentinel1,chip_mean,5,perdim_scm,-,estimator,treatment_0004,5,9,196,0.008960778560975135,0.025762751481467908,0.5400293652841116,0.7736791236946333,0.04770620476890922,False,True,,,,,,,
chipmean,sentinel1,chip_mean,5,perdim_scm,-,estimator,treatment_0005,5,9,196,0.01283823047996602,0.01766350548203988,0.5448275725041124,0.7609094108124805,0.03242035897863182,True,False,,,,,,,
chipmean,sentinel1,chip_mean,5,perdim_scm,-,estimator,treatment_0006,5,9,196,0.016704898308610636,0.022987512327659602,0.5431111390194449,1.0,0.042325613812970585,False,True,,,,,,,
chipmean,sentinel1,chip_mean,5,perdim_scm,-,estimator,treatment_0007,5,5,196,0.010623405113273535,0.01845541115229863,0.5344816979675697,1.0,0.034529547452190654,True,True,,,,,,,
chipmean,sentinel1,chip_mean,5,perdim_scm,-,estimator,treatment_0008,5,9,196,0.012659584365328491,0.018105555312272703,0.5525691760009912,0.8340900153052624,0.032766133361445814,True,True,,,,,,,
chipmean,sentinel1,chip_mean,5,perdim_scm,-,estimator,treatment_0009,5,9,196,0.01351610744603851,0.01930436832018262,0.5440042620819244,0.7315909654644086,0.03548569315671184,True,False,,,,,,,
chipmean,sentinel1,chip_mean,5,perdim_scm,-,estimator,treatment_0010,5,9,196,0.010518689740189506,0.010675583653869152,0.5554742461492069,0.9071121764699791,0.01921886339083588,True,True,,,,,,,
chipmean,sentinel1,chip_mean,5,perdim_scm_demeaned,-,estimator,treatment_0001,5,9,196,0.009242687459454401,0.012839004194934726,0.537943469290473,0.5397305184918478,0.023866827887824134,False,True,,,,,,,
chipmean,sentinel1,chip_mean,5,perdim_scm_demeaned,-,estimator,treatment_0002,5,9,196,0.01209844004468203,0.014228669128289404,0.542695340260153,1.0,0.02621852091353609,True,True,,,,,,,
chipmean,sentinel1,chip_mean,5,perdim_scm_demeaned,-,estimator,treatment_0003,5,9,196,0.008419351794939025,0.009242700177836384,0.5569830615166519,1.0,0.016594221290444144,True,True,,,,,,,
chipmean,sentinel1,chip_mean,5,perdim_scm_demeaned,-,estimator,treatment_0004,5,9,196,0.006586952085183768,0.02079644418831944,0.5400293652841116,0.7351924698012163,0.03850983951100205,False,True,,,,,,,
chipmean,sentinel1,chip_mean,5,perdim_scm_demeaned,-,estimator,treatment_0005,5,9,196,0.012536227539643436,0.018435042356409102,0.5448275725041124,0.9310392176459554,0.03383647099884974,True,False,,,,,,,
chipmean,sentinel1,chip_mean,5,perdim_scm_demeaned,-,estimator,treatment_0006,5,9,196,0.011296011500330461,0.009881570870320867,0.5431111390194449,0.800092150710313,0.01819438078210191,True,True,,,,,,,
chipmean,sentinel1,chip_mean,5,perdim_scm_demeaned,-,estimator,treatment_0007,5,5,196,0.0077377394374761755,0.014268561842518245,0.5344816979675697,0.9999999999999999,0.02669607190812361,True,True,,,,,,,
chipmean,sentinel1,chip_mean,5,perdim_scm_demeaned,-,estimator,treatment_0008,5,9,196,0.010372818102191097,0.014804987733214259,0.5525691760009912,0.5550429453603307,0.026793003258632184,True,True,,,,,,,
chipmean,sentinel1,chip_mean,5,perdim_scm_demeaned,-,estimator,treatment_0009,5,9,196,0.011007645561377576,0.009495768541106439,0.5440042620819244,0.6394684642622545,0.017455320119672928,True,True,,,,,,,
chipmean,sentinel1,chip_mean,5,perdim_scm_demeaned,-,estimator,treatment_0010,5,9,196,0.008222565525940816,0.007675949059609934,0.5554742461492069,0.6535612492608052,0.013818730774330235,True,True,,,,,,,
chipmean,sentinel1,chip_mean,5,perdim_scm_demeaned_std,-,estimator,treatment_0001,5,9,196,0.011192417772821506,0.012047387951717795,0.537943469290473,0.8053254802238947,0.02239526760610709,False,True,45.0,,,,,,
chipmean,sentinel1,chip_mean,5,perdim_scm_demeaned_std,-,estimator,treatment_0002,5,9,196,0.012569555857869496,0.01631885300604957,0.542695340260153,1.0,0.03007000759989346,False,True,45.0,,,,,,
chipmean,sentinel1,chip_mean,5,perdim_scm_demeaned_std,-,estimator,treatment_0003,5,9,196,0.008783097436234821,0.010118981528327972,0.5569830615166519,1.0,0.01816748520282506,True,True,45.0,,,,,,
chipmean,sentinel1,chip_mean,5,perdim_scm_demeaned_std,-,estimator,treatment_0004,5,9,196,0.006989287739884254,0.0197455950906552,0.5400293652841116,0.7981234444975238,0.036563928482420516,True,True,45.0,,,,,,
chipmean,sentinel1,chip_mean,5,perdim_scm_demeaned_std,-,estimator,treatment_0005,5,9,196,0.013084367263931636,0.016832920686028673,0.5448275725041124,0.888525852167991,0.03089586785900344,True,False,45.0,,,,,,
chipmean,sentinel1,chip_mean,5,perdim_scm_demeaned_std,-,estimator,treatment_0006,5,9,196,0.011550632514951788,0.008321682282806277,0.5431111390194449,0.8358356651480053,0.015322245641712641,True,True,45.0,,,,,,
chipmean,sentinel1,chip_mean,5,perdim_scm_demeaned_std,-,estimator,treatment_0007,5,5,196,0.008825339205043132,0.016304937968069026,0.5344816979675697,0.9999999999999998,0.030506073510225877,True,True,25.0,,,,,,
chipmean,sentinel1,chip_mean,5,perdim_scm_demeaned_std,-,estimator,treatment_0008,5,9,196,0.011528725440105306,0.010016385623288493,0.5525691760009912,0.6763780450056129,0.01812693515729246,True,True,45.0,,,,,,
chipmean,sentinel1,chip_mean,5,perdim_scm_demeaned_std,-,estimator,treatment_0009,5,9,196,0.011904393689992736,0.007310893846544337,0.5440042620819244,0.9997599745588589,0.013439037809309206,True,True,45.0,,,,,,
chipmean,sentinel1,chip_mean,5,perdim_scm_demeaned_std,-,estimator,treatment_0010,5,9,196,0.00899606678660884,0.006716979840546461,0.5554742461492069,0.8691119606097675,0.012092333509809924,True,True,45.0,,,,,,
chipmean,sentinel1,chip_mean,5,scm_demeaned,-,estimator,treatment_0001,5,9,196,0.01079837142543815,0.012252953712181002,0.537943469290473,0.46023233810279385,0.02277740025051737,False,True,,,,,,,
chipmean,sentinel1,chip_mean,5,scm_demeaned,-,estimator,treatment_0002,5,9,196,0.01411651194554474,0.010112773212476289,0.542695340260153,0.4230662047743964,0.018634346865091026,True,True,,,,,,,
chipmean,sentinel1,chip_mean,5,scm_demeaned,-,estimator,treatment_0003,5,9,196,0.010913395242205472,0.008173669852791594,0.5569830615166519,0.572108094186392,0.014674898426057844,True,True,,,,,,,
chipmean,sentinel1,chip_mean,5,scm_demeaned,-,estimator,treatment_0004,5,9,196,0.008211592249935026,0.01988101745155879,0.5400293652841116,0.42826320079440555,0.036814696995411185,True,True,,,,,,,
chipmean,sentinel1,chip_mean,5,scm_demeaned,-,estimator,treatment_0005,5,9,196,0.013441530506474767,0.017173776177791516,0.5448275725041124,0.36451146913564286,0.03152148871404978,True,False,,,,,,,
chipmean,sentinel1,chip_mean,5,scm_demeaned,-,estimator,treatment_0006,5,9,196,0.012564950175215,0.009348750028821731,0.5431111390194449,0.5139282429597926,0.017213327728281082,True,True,,,,,,,
chipmean,sentinel1,chip_mean,5,scm_demeaned,-,estimator,treatment_0007,5,5,196,0.01056616167085473,0.005842387526038235,0.5344816979675697,0.6838390781929592,0.010930940288983905,True,True,,,,,,,
chipmean,sentinel1,chip_mean,5,scm_demeaned,-,estimator,treatment_0008,5,9,196,0.01149203422962896,0.012937810850372626,0.5525691760009912,0.37039003341345794,0.023413920667824977,True,True,,,,,,,
chipmean,sentinel1,chip_mean,5,scm_demeaned,-,estimator,treatment_0009,5,9,196,0.011533124612914765,0.010268024385149864,0.5440042620819244,0.46109937919965976,0.018874896946310227,True,True,,,,,,,
chipmean,sentinel1,chip_mean,5,scm_demeaned,-,estimator,treatment_0010,5,9,196,0.009773245766553907,0.007964750392456142,0.5554742461492069,0.2865912651387636,0.014338649267128608,True,True,,,,,,,
chipmean,sentinel1,chip_mean,5,scm_demeaned_std,-,estimator,treatment_0001,5,9,196,0.011278461319306089,0.01254660703831306,0.537943469290473,0.3562081249315495,0.023323281635636472,False,True,45.0,,,,,,
chipmean,sentinel1,chip_mean,5,scm_demeaned_std,-,estimator,treatment_0002,5,9,196,0.01423416576267515,0.01086251312396667,0.542695340260153,0.48096236383569974,0.020015858471825985,True,True,45.0,,,,,,
chipmean,sentinel1,chip_mean,5,scm_demeaned_std,-,estimator,treatment_0003,5,9,196,0.01096406259553573,0.007239225404217801,0.5569830615166519,0.47418401819042466,0.012997209258941482,True,True,45.0,,,,,,
chipmean,sentinel1,chip_mean,5,scm_demeaned_std,-,estimator,treatment_0004,5,9,196,0.008313848245716156,0.019003115274519068,0.5400293652841116,0.3394683271337225,0.03518904062656195,True,True,45.0,,,,,,
chipmean,sentinel1,chip_mean,5,scm_demeaned_std,-,estimator,treatment_0005,5,9,196,0.013831785464000771,0.01706308374209999,0.5448275725041124,0.43197750153860587,0.03131831904849345,True,False,45.0,,,,,,
chipmean,sentinel1,chip_mean,5,scm_demeaned_std,-,estimator,treatment_0006,5,9,196,0.01292999386791282,0.008816244862756948,0.5431111390194449,0.5123797980850137,0.016232855909886434,True,True,45.0,,,,,,
chipmean,sentinel1,chip_mean,5,scm_demeaned_std,-,estimator,treatment_0007,5,5,196,0.011218021645792534,0.0073363424238780135,0.5344816979675697,0.5085733518501682,0.013726087257571828,True,True,25.0,,,,,,
chipmean,sentinel1,chip_mean,5,scm_demeaned_std,-,estimator,treatment_0008,5,9,196,0.011726871225944189,0.012116276263715583,0.5525691760009912,0.3389226131910227,0.021927166389197665,True,True,45.0,,,,,,
chipmean,sentinel1,chip_mean,5,scm_demeaned_std,-,estimator,treatment_0009,5,9,196,0.011887350005567591,0.011288923902893551,0.5440042620819244,0.6507725347847215,0.0207515357686545,True,True,45.0,,,,,,
chipmean,sentinel1,chip_mean,5,scm_demeaned_std,-,estimator,treatment_0010,5,9,196,0.010057520583523208,0.008240176638879403,0.5554742461492069,0.3155820455433172,0.01483448908028401,True,True,45.0,,,,,,
chipmean,sentinel1,gram,15,equal_weight,-,reference,treatment_0001,5,9,196,0.02160257124842018,0.02974327919888704,0.3241581456880685,,0.09175545823706821,False,False,,,,,,,
chipmean,sentinel1,gram,15,equal_weight,-,reference,treatment_0002,5,9,196,0.02007707268799994,0.019654065156311004,0.32779944112982723,,0.05995759202202812,False,False,,,,,,,
chipmean,sentinel1,gram,15,equal_weight,-,reference,treatment_0003,5,9,196,0.018238421150009954,0.01810200645304275,0.3438099826888993,,0.052651195033573454,False,False,,,,,,,
chipmean,sentinel1,gram,15,equal_weight,-,reference,treatment_0004,5,9,196,0.023343036730456,0.030552909322533805,0.3255395561766472,,0.09385313932772861,False,False,,,,,,,
chipmean,sentinel1,gram,15,equal_weight,-,reference,treatment_0005,5,9,196,0.018871601977835228,0.013637367258311208,0.3301136383803457,,0.041311129480202505,True,False,,,,,,,
chipmean,sentinel1,gram,15,equal_weight,-,reference,treatment_0006,5,9,196,0.036202206024100306,0.03325515547823108,0.3297249826944926,,0.10085725141744482,False,False,,,,,,,
chipmean,sentinel1,gram,15,equal_weight,-,reference,treatment_0007,5,5,196,0.028836199704170656,0.021371971159069154,0.3184718844398508,,0.0671078742057861,False,False,,,,,,,
chipmean,sentinel1,gram,15,equal_weight,-,reference,treatment_0008,5,9,196,0.02500871060313038,0.02944783088487648,0.3415014911354085,,0.08623046062542708,False,False,,,,,,,
chipmean,sentinel1,gram,15,equal_weight,-,reference,treatment_0009,5,9,196,0.018383232854987372,0.015163859233772536,0.33340698925127005,,0.045481527750290775,True,False,,,,,,,
chipmean,sentinel1,gram,15,equal_weight,-,reference,treatment_0010,5,9,196,0.019257847558073676,0.022462590238046202,0.34276004085754236,,0.06553444847843884,False,False,,,,,,,
chipmean,sentinel1,gram,15,own_history_mean,-,reference,treatment_0001,5,9,196,0.01238292485248788,0.008893475550967637,0.3241581456880685,,0.027435607185159763,False,True,,,,,,,
chipmean,sentinel1,gram,15,own_history_mean,-,reference,treatment_0002,5,9,196,0.013501160253237348,0.013764862732371739,0.32779944112982723,,0.04199172117233742,False,True,,,,,,,
chipmean,sentinel1,gram,15,own_history_mean,-,reference,treatment_0003,5,9,196,0.016785942286696165,0.016889179788123956,0.3438099826888993,,0.04912358755855655,False,True,,,,,,,
chipmean,sentinel1,gram,15,own_history_mean,-,reference,treatment_0004,5,9,196,0.015026069859999625,0.017713861426594143,0.3255395561766472,,0.05441385260408135,False,True,,,,,,,
chipmean,sentinel1,gram,15,own_history_mean,-,reference,treatment_0005,5,9,196,0.016964488769931018,0.02108806187759023,0.3301136383803457,,0.06388121975528101,False,False,,,,,,,
chipmean,sentinel1,gram,15,own_history_mean,-,reference,treatment_0006,5,9,196,0.012001400298194144,0.01365465687726671,0.3297249826944926,,0.041412260501711706,False,True,,,,,,,
chipmean,sentinel1,gram,15,own_history_mean,-,reference,treatment_0007,5,5,196,0.01711847837372436,0.013201335747737209,0.3184718844398508,,0.041452123068749326,False,True,,,,,,,
chipmean,sentinel1,gram,15,own_history_mean,-,reference,treatment_0008,5,9,196,0.01607775406693048,0.021154983794350716,0.3415014911354085,,0.061946973420278766,False,True,,,,,,,
chipmean,sentinel1,gram,15,own_history_mean,-,reference,treatment_0009,5,9,196,0.01731052598789451,0.017957216617599914,0.33340698925127005,,0.05385974858513411,False,False,,,,,,,
chipmean,sentinel1,gram,15,own_history_mean,-,reference,treatment_0010,5,9,196,0.01637499750836371,0.01855514915021321,0.34276004085754236,,0.054134516683422514,False,True,,,,,,,
chipmean,sentinel1,gram,15,scm,-,estimator,treatment_0001,5,9,196,0.01710293711765344,0.022700995698229056,0.3241581456880685,0.5453083210960448,0.07003061931404868,False,True,,,,,,,
chipmean,sentinel1,gram,15,scm,-,estimator,treatment_0002,5,9,196,0.018018491165663546,0.016479165715596857,0.32779944112982723,0.4497003751370443,0.050272098264713544,False,True,,,,,,,
chipmean,sentinel1,gram,15,scm,-,estimator,treatment_0003,5,9,196,0.012415805776672468,0.008985635694580486,0.3438099826888993,0.5518506927322868,0.026135470600082165,True,True,,,,,,,
chipmean,sentinel1,gram,15,scm,-,estimator,treatment_0004,5,9,196,0.016947047246490796,0.027871869667373757,0.3255395561766472,0.5541474274537608,0.08561745919518816,False,True,,,,,,,
chipmean,sentinel1,gram,15,scm,-,estimator,treatment_0005,5,9,196,0.014035988224009402,0.013286475115817058,0.3301136383803457,0.4024252030870401,0.040248185991361055,True,True,,,,,,,
chipmean,sentinel1,gram,15,scm,-,estimator,treatment_0006,5,9,196,0.01860079919850668,0.022568662095035896,0.3297249826944926,0.9473239697232566,0.06844692783242008,False,True,,,,,,,
chipmean,sentinel1,gram,15,scm,-,estimator,treatment_0007,5,5,196,0.01958878226110863,0.01754176022357296,0.3184718844398508,0.39382279193380804,0.05508103252011258,False,True,,,,,,,
chipmean,sentinel1,gram,15,scm,-,estimator,treatment_0008,5,9,196,0.01862910637444935,0.025054042812699615,0.3415014911354085,0.4881277312015188,0.07336437310830204,False,True,,,,,,,
chipmean,sentinel1,gram,15,scm,-,estimator,treatment_0009,5,9,196,0.01554588663299814,0.012483199589712208,0.33340698925127005,0.3511403272389868,0.03744132544355369,True,True,,,,,,,
chipmean,sentinel1,gram,15,scm,-,estimator,treatment_0010,5,9,196,0.013504348345087593,0.015082620062548489,0.34276004085754236,0.6101531852346592,0.044003437579286306,True,True,,,,,,,
chipmean,sentinel1,gram,15,afsc,-,estimator,treatment_0001,5,9,196,0.016965682895230358,0.0223660512648138,0.3241581456880685,0.559461541806468,0.06899734454409252,False,True,,0.022366051264814,0.9998999999999998,1.0,0.1,interior,0.0227094824871169
chipmean,sentinel1,gram,15,afsc,-,estimator,treatment_0002,5,9,196,0.017905068405652886,0.0159767090767951,0.32779944112982723,0.467789287922762,0.04873928101197529,False,True,,0.0159767090767952,1.0000000000000004,2.0,0.1,interior,0.016479100084573
chipmean,sentinel1,gram,15,afsc,-,estimator,treatment_0003,5,9,196,0.012420668561167213,0.0089781685334559,0.3438099826888993,0.551800409703343,0.026113751739372578,True,True,,0.008978168533456,0.9999000000000001,0.0,0.1,interior,0.0089779435991777
chipmean,sentinel1,gram,15,afsc,-,estimator,treatment_0004,5,9,196,0.01648961411180801,0.0263445434122271,0.3255395561766472,0.564128385142264,0.08092578278853396,False,True,,0.0263445434122271,0.9999999999999999,1.0,0.1,interior,0.0278716401036871
chipmean,sentinel1,gram,15,afsc,-,estimator,treatment_0005,5,9,196,0.013838036053500686,0.0137074993689749,0.3301136383803457,0.424318154308485,0.04152357786921117,True,False,,0.0137074993689749,0.9999000000000003,2.0,0.1,interior,0.0133011625441953
chipmean,sentinel1,gram,15,afsc,-,estimator,treatment_0006,5,9,196,0.017578260272973777,0.0206986724545916,0.3297249826944926,0.941451805371192,0.06277556612617977,False,True,,0.0206986724545917,1.0,2.0,0.1,interior,0.0225683315707929
chipmean,sentinel1,gram,15,afsc,-,estimator,treatment_0007,5,5,196,0.019588617593622022,0.01753749671837,0.3184718844398508,0.393984205736403,0.055067645136763314,False,True,,0.0175374967183699,0.9999999999999992,1.0,0.1,interior,0.017541633458033
chipmean,sentinel1,gram,15,afsc,-,estimator,treatment_0008,5,9,196,0.018239812617337623,0.0251433955452575,0.3415014911354085,0.49746569108405,0.07362601979177863,False,True,,0.0251433955452575,0.9999000000000009,2.0,0.1,interior,0.0250773895009731
chipmean,sentinel1,gram,15,afsc,-,estimator,treatment_0009,5,9,196,0.015543439309366329,0.0125307897526484,0.33340698925127005,0.352275416044234,0.03758406439165752,True,True,,0.0125307897526486,1.0,1.0,0.1,interior,0.0124834518064608
chipmean,sentinel1,gram,15,afsc,-,estimator,treatment_0010,5,9,196,0.01344137713328745,0.0149108338296773,0.34276004085754236,0.61720544637727,0.0435022524573526,True,True,,0.0149108338296773,0.9999999999999998,2.0,0.1,interior,0.0150828958353865
chipmean,sentinel1,quantile,100,equal_weight,-,reference,treatment_0001,5,9,196,0.05971046450016722,0.06572927692961886,0.6208442652782897,,0.10587079660010405,False,False,,,,,,,
chipmean,sentinel1,quantile,100,equal_weight,-,reference,treatment_0002,5,9,196,0.059336174570416185,0.055116431332408344,0.6210061993874038,,0.08875343174798958,False,False,,,,,,,
chipmean,sentinel1,quantile,100,equal_weight,-,reference,treatment_0003,5,9,196,0.05323206047707595,0.05185184332620901,0.6328481733253016,,0.08193409653654118,False,False,,,,,,,
chipmean,sentinel1,quantile,100,equal_weight,-,reference,treatment_0004,5,9,196,0.05908475146135971,0.06624263482043878,0.6204618993447061,,0.1067634207521851,False,False,,,,,,,
chipmean,sentinel1,quantile,100,equal_weight,-,reference,treatment_0005,5,9,196,0.05719415083356034,0.05321130014842971,0.622970180212937,,0.08541548510434574,True,False,,,,,,,
chipmean,sentinel1,quantile,100,equal_weight,-,reference,treatment_0006,5,9,196,0.06659042657444882,0.07216474934545507,0.6239830491453294,,0.11565177843260203,False,False,,,,,,,
chipmean,sentinel1,quantile,100,equal_weight,-,reference,treatment_0007,5,5,196,0.06334798317071877,0.06308051258932879,0.6207753333178503,,0.10161568800129854,False,False,,,,,,,
chipmean,sentinel1,quantile,100,equal_weight,-,reference,treatment_0008,5,9,196,0.060962045554154624,0.0637253802808209,0.6340284164118342,,0.10050871322371138,False,False,,,,,,,
chipmean,sentinel1,quantile,100,equal_weight,-,reference,treatment_0009,5,9,196,0.054816472350671684,0.05327725896512739,0.62438421161085,,0.085327684419946,False,False,,,,,,,
chipmean,sentinel1,quantile,100,equal_weight,-,reference,treatment_0010,5,9,196,0.05526836212673867,0.05575756061738853,0.6320635736692839,,0.08821511465010114,False,False,,,,,,,
chipmean,sentinel1,quantile,100,own_history_mean,-,reference,treatment_0001,5,9,196,0.04156689989751476,0.04063301928147397,0.6208442652782897,,0.06544800613284309,False,True,,,,,,,
chipmean,sentinel1,quantile,100,own_history_mean,-,reference,treatment_0002,5,9,196,0.04334004753563188,0.04112243373337977,0.6210061993874038,,0.06621903899501375,False,True,,,,,,,
chipmean,sentinel1,quantile,100,own_history_mean,-,reference,treatment_0003,5,9,196,0.04588678319929163,0.045723181322263634,0.6328481733253016,,0.07224984324756933,False,True,,,,,,,
chipmean,sentinel1,quantile,100,own_history_mean,-,reference,treatment_0004,5,9,196,0.043703603082352216,0.048872178560384165,0.6204618993447061,,0.07876741281293818,False,True,,,,,,,
chipmean,sentinel1,quantile,100,own_history_mean,-,reference,treatment_0005,5,9,196,0.04756082458746384,0.05723789053385833,0.622970180212937,,0.0918790214232949,False,False,,,,,,,
chipmean,sentinel1,quantile,100,own_history_mean,-,reference,treatment_0006,5,9,196,0.040135363050491896,0.04775497905681817,0.6239830491453294,,0.07653249414744237,False,True,,,,,,,
chipmean,sentinel1,quantile,100,own_history_mean,-,reference,treatment_0007,5,5,196,0.04315866962606399,0.05722281585067952,0.6207753333178503,,0.09217959023088344,False,True,,,,,,,
chipmean,sentinel1,quantile,100,own_history_mean,-,reference,treatment_0008,5,9,196,0.04687017611022532,0.05183208737849294,0.6340284164118342,,0.08175041691636944,False,True,,,,,,,
chipmean,sentinel1,quantile,100,own_history_mean,-,reference,treatment_0009,5,9,196,0.04649178854564251,0.05030095341290386,0.62438421161085,,0.08056089900661058,False,True,,,,,,,
chipmean,sentinel1,quantile,100,own_history_mean,-,reference,treatment_0010,5,9,196,0.047862881703114035,0.05040428589079043,0.6320635736692839,,0.07974559520679415,False,True,,,,,,,
chipmean,sentinel1,quantile,100,scm,-,estimator,treatment_0001,5,9,196,0.05783880646896982,0.06118217890082395,0.6208442652782897,0.3813556789386607,0.09854674082138683,False,True,,,,,,,
chipmean,sentinel1,quantile,100,scm,-,estimator,treatment_0002,5,9,196,0.05827281521248436,0.05347065539200978,0.6210061993874038,0.3048111066842277,0.0861032554018886,False,True,,,,,,,
chipmean,sentinel1,quantile,100,scm,-,estimator,treatment_0003,5,9,196,0.048332164368763135,0.04753325246113255,0.6328481733253016,0.38256450160959643,0.07511004134114665,False,True,,,,,,,
chipmean,sentinel1,quantile,100,scm,-,estimator,treatment_0004,5,9,196,0.05502258088636997,0.06422767862298515,0.6204618993447061,0.349937186835232,0.1035159107929407,False,True,,,,,,,
chipmean,sentinel1,quantile,100,scm,-,estimator,treatment_0005,5,9,196,0.0550268936872314,0.0551201202883362,0.622970180212937,0.31772528201067785,0.0884795485226847,True,False,,,,,,,
chipmean,sentinel1,quantile,100,scm,-,estimator,treatment_0006,5,9,196,0.05473926137419436,0.0661820636927683,0.6239830491453294,0.5834605214814237,0.10606388071505785,False,True,,,,,,,
chipmean,sentinel1,quantile,100,scm,-,estimator,treatment_0007,5,5,196,0.054460864350438946,0.06404328173944131,0.6207753333178503,0.26394511335497844,0.10316660199294642,False,False,,,,,,,
chipmean,sentinel1,quantile,100,scm,-,estimator,treatment_0008,5,9,196,0.057379053468795495,0.058714682204895854,0.6340284164118342,0.3497373172040415,0.09260575817276562,False,True,,,,,,,
chipmean,sentinel1,quantile,100,scm,-,estimator,treatment_0009,5,9,196,0.05396470113234552,0.05210796090978448,0.62438421161085,0.29352415384944114,0.08345496241064625,False,True,,,,,,,
chipmean,sentinel1,quantile,100,scm,-,estimator,treatment_0010,5,9,196,0.05098113548668202,0.04937805908475241,0.6320635736692839,0.42840254465529065,0.0781219819362484,True,True,,,,,,,
chipmean,sentinel1,quantile,100,afsc,-,estimator,treatment_0001,5,9,196,0.05778265224298713,0.0611347426009428,0.6208442652782897,0.381399999999181,0.09847033470388829,False,True,,0.0611774509592272,1.0001000000000004,0.0,100000000.0,ceiling,0.0611774509592234
chipmean,sentinel1,quantile,100,afsc,-,estimator,treatment_0002,5,9,196,0.05817587203743866,0.0534215027228976,0.6210061993874038,0.304799999999326,0.08602410535610698,False,True,,0.0534705907460053,0.9999999999999991,0.0,100000000.0,ceiling,0.0534705907460108
chipmean,sentinel1,quantile,100,afsc,-,estimator,treatment_0003,5,9,196,0.04827814999847086,0.0474793132763478,0.6328481733253016,0.382599999998709,0.07502480891564825,False,True,,0.0475328892717408,0.9999999999999992,0.0,100000000.0,ceiling,0.0475328892717316
chipmean,sentinel1,quantile,100,afsc,-,estimator,treatment_0004,5,9,196,0.05496082133417069,0.0641625975923655,0.6204618993447061,0.349900000001292,0.10341101953259357,False,True,,0.0642266381382779,1.0000000000000004,0.0,100000000.0,ceiling,0.0642266381382535
chipmean,sentinel1,quantile,100,afsc,-,estimator,treatment_0005,5,9,196,0.05497223826733977,0.0550782584051581,0.622970180212937,0.31770000000041,0.08841235127230622,True,False,,0.0551223771805117,0.9999,0.0,100000000.0,ceiling,0.0551223771805519
chipmean,sentinel1,quantile,100,afsc,-,estimator,treatment_0006,5,9,196,0.05465329741634022,0.0660552683485952,0.6239830491453294,0.58350000052496,0.1058606775281335,False,True,,0.0661792299490061,1.0000999999999998,2.0,100000000.0,ceiling,0.0661792299561496
chipmean,sentinel1,quantile,100,afsc,-,estimator,treatment_0007,5,5,196,0.054431176679944,0.0639553360964442,0.6207753333178503,0.263900000000322,0.10302493134613275,False,False,,0.0640393694791889,0.999899999999999,0.0,100000000.0,ceiling,0.064039369479188
chipmean,sentinel1,quantile,100,afsc,-,estimator,treatment_0008,5,9,196,0.05730906208445172,0.0586164944580123,0.6340284164118342,0.349700000294929,0.09245089485064635,False,True,,0.0587146553413879,0.9999999999999996,1.0,100000000.0,ceiling,0.0587146553496116
chipmean,sentinel1,quantile,100,afsc,-,estimator,treatment_0009,5,9,196,0.05391023549084788,0.0520530832854407,0.62438421161085,0.293500000000581,0.0833670716162871,False,True,,0.052107803147809,1.0,0.0,100000000.0,ceiling,0.0521078031478033
chipmean,sentinel1,quantile,100,afsc,-,estimator,treatment_0010,5,9,196,0.05093416177896959,0.049385956683526,0.6320635736692839,0.428399999999475,0.07813447687995755,True,True,,0.0493800852786879,1.0000000000000009,0.0,100000000.0,ceiling,0.0493800852786937
chipmean,sentinel1,combined,115,equal_weight,-,reference,treatment_0001,5,9,196,0.09299483694355212,0.1042732843462989,1.0011475426572052,,0.1041537634598203,False,False,,,,,,,
chipmean,sentinel1,combined,115,equal_weight,-,reference,treatment_0002,5,9,196,0.09202580894690691,0.08575845643692362,1.0028355032317364,,0.08551597561171152,False,False,,,,,,,
chipmean,sentinel1,combined,115,equal_weight,-,reference,treatment_0003,5,9,196,0.08262016131164589,0.08057036547651268,1.0259420787379185,,0.07853305478573196,False,False,,,,,,,
chipmean,sentinel1,combined,115,equal_weight,-,reference,treatment_0004,5,9,196,0.09260776960195702,0.10529249885723727,1.0011635443590698,,0.10517012874719082,False,False,,,,,,,
chipmean,sentinel1,combined,115,equal_weight,-,reference,treatment_0005,5,9,196,0.08857589380633227,0.08148766654106354,1.0065228333158343,,0.08095958069089698,True,False,,,,,,,
chipmean,sentinel1,combined,115,equal_weight,-,reference,treatment_0006,5,9,196,0.10796357869504686,0.11469524283248908,1.007785520362812,,0.1138091791507361,False,False,,,,,,,
chipmean,sentinel1,combined,115,equal_weight,-,reference,treatment_0007,5,5,196,0.10055571186343915,0.09784051324190329,0.9987976282412524,,0.0979582955299836,False,False,,,,,,,
chipmean,sentinel1,combined,115,equal_weight,-,reference,treatment_0008,5,9,196,0.09584244380370122,0.10131136491551462,1.0266410357744542,,0.0986823645122364,False,False,,,,,,,
chipmean,sentinel1,combined,115,equal_weight,-,reference,treatment_0009,5,9,196,0.08497201940129004,0.08191676123332431,1.009839759253079,,0.08111857399426764,False,False,,,,,,,
chipmean,sentinel1,combined,115,equal_weight,-,reference,treatment_0010,5,9,196,0.08586893435692379,0.08752895823003506,1.024412599925166,,0.08544307072797533,False,False,,,,,,,
chipmean,sentinel1,combined,115,own_history_mean,-,reference,treatment_0001,5,9,196,0.06404026066536969,0.06193380883368666,1.0011475426572052,,0.061862818610436236,False,True,,,,,,,
chipmean,sentinel1,combined,115,own_history_mean,-,reference,treatment_0002,5,9,196,0.06691580654427227,0.06373772440307114,1.0028355032317364,,0.06355750688689225,False,True,,,,,,,
chipmean,sentinel1,combined,115,own_history_mean,-,reference,treatment_0003,5,9,196,0.07151858693502638,0.0713110127113725,1.0259420787379185,,0.06950783498333263,False,True,,,,,,,
chipmean,sentinel1,combined,115,own_history_mean,-,reference,treatment_0004,5,9,196,0.06784553802281568,0.07612427689153384,1.0011635443590698,,0.0760358058585398,False,True,,,,,,,
chipmean,sentinel1,combined,115,own_history_mean,-,reference,treatment_0005,5,9,196,0.0740036296993331,0.08925376936179094,1.0065228333158343,,0.08867535480318729,False,False,,,,,,,
chipmean,sentinel1,combined,115,own_history_mean,-,reference,treatment_0006,5,9,196,0.061845489199190945,0.07344025844525698,1.007785520362812,,0.07287290495979522,False,True,,,,,,,
chipmean,sentinel1,combined,115,own_history_mean,-,reference,treatment_0007,5,5,196,0.06766668905570221,0.08734335950995702,0.9987976282412524,,0.08744850512286144,False,True,,,,,,,
chipmean,sentinel1,combined,115,own_history_mean,-,reference,treatment_0008,5,9,196,0.07275122617281442,0.08145386861057814,1.0266410357744542,,0.07934016445108569,False,True,,,,,,,
chipmean,sentinel1,combined,115,own_history_mean,-,reference,treatment_0009,5,9,196,0.0725500391990313,0.07827155259018005,1.009839759253079,,0.07750888383328565,False,True,,,,,,,
chipmean,sentinel1,combined,115,own_history_mean,-,reference,treatment_0010,5,9,196,0.07428030975046837,0.07859337184239074,1.024412599925166,,0.07672042675786302,False,True,,,,,,,
chipmean,sentinel1,combined,115,scm,-,estimator,treatment_0001,5,9,196,0.08932373163546774,0.09564318207161678,1.0011475426572052,0.3991576684046771,0.09553355324407482,False,True,,,,,,,
chipmean,sentinel1,combined,115,scm,-,estimator,treatment_0002,5,9,196,0.09009847853003859,0.08262000290144919,1.0028355032317364,0.3151926049895622,0.08238639600931366,False,True,,,,,,,
chipmean,sentinel1,combined,115,scm,-,estimator,treatment_0003,5,9,196,0.07412608808578455,0.07216833092711077,1.0259420787379185,0.39297596585536143,0.07034347496097437,False,True,,,,,,,
chipmean,sentinel1,combined,115,scm,-,estimator,treatment_0004,5,9,196,0.08524342080463243,0.10117284241878562,1.0011635443590698,0.37221911029543747,0.10105526014089435,False,True,,,,,,,
chipmean,sentinel1,combined,115,scm,-,estimator,treatment_0005,5,9,196,0.08442914864008741,0.0843951132316139,1.0065228333158343,0.3286671172867035,0.08384818549380267,True,False,,,,,,,
chipmean,sentinel1,combined,115,scm,-,estimator,treatment_0006,5,9,196,0.08537648138961361,0.10271243550814455,1.007785520362812,0.6062720031465219,0.10191894349818315,False,True,,,,,,,
chipmean,sentinel1,combined,115,scm,-,estimator,treatment_0007,5,5,196,0.08520828430649233,0.09900607154073215,0.9987976282412524,0.28042363294847733,0.09912525695026776,False,False,,,,,,,
chipmean,sentinel1,combined,115,scm,-,estimator,treatment_0008,5,9,196,0.08901482520065422,0.09271380028765196,1.0266410357744542,0.3626197194598916,0.09030790418163309,False,True,,,,,,,
chipmean,sentinel1,combined,115,scm,-,estimator,treatment_0009,5,9,196,0.08326631876882869,0.07964252140622777,1.009839759253079,0.30138713200352313,0.07886649409123563,False,True,,,,,,,
chipmean,sentinel1,combined,115,scm,-,estimator,treatment_0010,5,9,196,0.07843012324189234,0.0765461823499482,1.024412599925166,0.44092165648113096,0.0747220234850098,True,True,,,,,,,
chipmean,sentinel1,combined,115,afsc,-,estimator,treatment_0001,5,9,196,0.08924216179833312,0.0955806127445194,1.0011475426572052,0.39919507076838,0.09547105563564909,False,True,,0.0956422498497431,1.0,0.0,100.0,interior,0.0956421352106212
chipmean,sentinel1,combined,115,afsc,-,estimator,treatment_0002,5,9,196,0.08996600124339968,0.0825464059141165,1.0028355032317364,0.315200695343961,0.08231300711642393,False,True,,0.0826248806506081,1.0000999999999998,0.0,100.0,interior,0.0826248700153624
chipmean,sentinel1,combined,115,afsc,-,estimator,treatment_0003,5,9,196,0.07404471671398172,0.0720859561406824,1.0259420787379185,0.392998494054915,0.07026318311201375,False,True,,0.072167602073693,1.0000000000000002,0.0,100.0,interior,0.0721675593575702
chipmean,sentinel1,combined,115,afsc,-,estimator,treatment_0004,5,9,196,0.0851628927103444,0.101064433297443,1.0011635443590698,0.372199471793553,0.1009469770117758,False,True,,0.101157840164796,0.9999000000000001,0.0,100.0,interior,0.101157808655854
chipmean,sentinel1,combined,115,afsc,-,estimator,treatment_0005,5,9,196,0.08435847609534644,0.0843364889416932,1.0065228333158343,0.328768035684764,0.08378994112220946,True,False,,0.0844050453685697,0.9999999999999998,1.0,100.0,interior,0.0843952595979271
chipmean,sentinel1,combined,115,afsc,-,estimator,treatment_0006,5,9,196,0.08505156722676242,0.102314416513551,1.007785520362812,0.609085103172537,0.10152399934930288,False,True,,0.102585697064318,0.9999999999999997,2.0,100.0,interior,0.102712985072301
chipmean,sentinel1,combined,115,afsc,-,estimator,treatment_0007,5,5,196,0.08516250425309728,0.0988781904229074,0.9987976282412524,0.280399895816881,0.09899722188669843,False,False,,0.0990064631123184,1.0,0.0,100.0,interior,0.0990064889454955
chipmean,sentinel1,combined,115,afsc,-,estimator,treatment_0008,5,9,196,0.08887118433446865,0.0925257737729706,1.0266410357744542,0.363440036504685,0.09012475690022764,False,True,,0.0926736955235815,0.9999999999999992,1.0,100.0,interior,0.0927136605092753
chipmean,sentinel1,combined,115,afsc,-,estimator,treatment_0009,5,9,196,0.08318494502933675,0.0795615362573014,1.009839759253079,0.301400262923378,0.07878629805202812,False,True,,0.0796430478594926,1.0,0.0,100.0,interior,0.07964309369356
chipmean,sentinel1,combined,115,afsc,-,estimator,treatment_0010,5,9,196,0.07835795127462242,0.0765553618237903,1.024412599925166,0.440901738254551,0.07473098420439452,True,True,,0.0765470180080774,0.9999999999999993,0.0,100.0,interior,0.0765470801532319
chipmean,sentinel1,block245,245,equal_weight,-,reference,treatment_0001,5,9,196,0.18930617157620105,0.19103230311445218,0.5627442973223135,,0.33946555126979433,False,False,,,,,,,
chipmean,sentinel1,block245,245,equal_weight,-,reference,treatment_0002,5,9,196,0.16967273008402403,0.17088541443875954,0.5641827953439776,,0.30289015519264834,False,False,,,,,,,
chipmean,sentinel1,block245,245,equal_weight,-,reference,treatment_0003,5,9,196,0.17938959250407463,0.1790578467112507,0.5817937778380126,,0.30776858318533845,False,False,,,,,,,
chipmean,sentinel1,block245,245,equal_weight,-,reference,treatment_0004,5,9,196,0.17687852018732686,0.1698279511425268,0.559059515167115,,0.30377436844404937,False,False,,,,,,,
chipmean,sentinel1,block245,245,equal_weight,-,reference,treatment_0005,5,9,196,0.16625568317335987,0.162890069781421,0.5643891489421369,,0.2886130431223458,False,False,,,,,,,
chipmean,sentinel1,block245,245,equal_weight,-,reference,treatment_0006,5,9,196,0.17497450597581593,0.17530772802254574,0.5642039615063762,,0.31071693923326793,False,False,,,,,,,
chipmean,sentinel1,block245,245,equal_weight,-,reference,treatment_0007,5,5,196,0.2001691786209565,0.1813766963892577,0.5592812325702474,,0.324303205304634,False,False,,,,,,,
chipmean,sentinel1,block245,245,equal_weight,-,reference,treatment_0008,5,9,196,0.1706695554468801,0.16403590506699373,0.5747207990005099,,0.2854184246546612,False,False,,,,,,,
chipmean,sentinel1,block245,245,equal_weight,-,reference,treatment_0009,5,9,196,0.17498506130462163,0.17266339954243667,0.5676161503863296,,0.3041904276770823,False,False,,,,,,,
chipmean,sentinel1,block245,245,equal_weight,-,reference,treatment_0010,5,9,196,0.18744615511784804,0.1783866203876109,0.5786435083748274,,0.3082841469847746,False,False,,,,,,,
chipmean,sentinel1,block245,245,own_history_mean,-,reference,treatment_0001,5,9,196,0.10267324985039893,0.11333959334774946,0.5627442973223135,,0.2014051388651103,False,True,,,,,,,
chipmean,sentinel1,block245,245,own_history_mean,-,reference,treatment_0002,5,9,196,0.09538101070972453,0.10964712680392814,0.5641827953439776,,0.19434681048201263,False,True,,,,,,,
chipmean,sentinel1,block245,245,own_history_mean,-,reference,treatment_0003,5,9,196,0.10316001409544576,0.11556423226383035,0.5817937778380126,,0.1986343557905953,False,True,,,,,,,
chipmean,sentinel1,block245,245,own_history_mean,-,reference,treatment_0004,5,9,196,0.09662622183271881,0.10434922013598973,0.559059515167115,,0.18665136234162383,False,True,,,,,,,
chipmean,sentinel1,block245,245,own_history_mean,-,reference,treatment_0005,5,9,196,0.0905441106700718,0.09638322609339638,0.5643891489421369,,0.1707744138491187,False,True,,,,,,,
chipmean,sentinel1,block245,245,own_history_mean,-,reference,treatment_0006,5,9,196,0.10221561319121415,0.10916112486136584,0.5642039615063762,,0.19347812548127985,False,True,,,,,,,
chipmean,sentinel1,block245,245,own_history_mean,-,reference,treatment_0007,5,5,196,0.08588540350650832,0.09360325722535467,0.5592812325702474,,0.16736348687258662,False,True,,,,,,,
chipmean,sentinel1,block245,245,own_history_mean,-,reference,treatment_0008,5,9,196,0.09145086535042507,0.10045962117934376,0.5747207990005099,,0.17479726043333024,False,True,,,,,,,
chipmean,sentinel1,block245,245,own_history_mean,-,reference,treatment_0009,5,9,196,0.09682670787710909,0.11060503696179833,0.5676161503863296,,0.1948588617263948,False,True,,,,,,,
chipmean,sentinel1,block245,245,own_history_mean,-,reference,treatment_0010,5,9,196,0.09239905819469686,0.101602679219366,0.5786435083748274,,0.17558769388898238,False,True,,,,,,,
chipmean,sentinel1,block245,245,scm,-,estimator,treatment_0001,5,9,196,0.1888634045601235,0.19033232798052127,0.5627442973223135,0.2505769640238176,0.3382216912480019,False,True,,,,,,,
chipmean,sentinel1,block245,245,scm,-,estimator,treatment_0002,5,9,196,0.16834252182328102,0.16987667955163083,0.5641827953439776,0.25711992156520624,0.30110219764510615,False,True,,,,,,,
chipmean,sentinel1,block245,245,scm,-,estimator,treatment_0003,5,9,196,0.17788793015595614,0.17812830587493547,0.5817937778380126,0.29544734123326494,0.3061708678578053,False,True,,,,,,,
chipmean,sentinel1,block245,245,scm,-,estimator,treatment_0004,5,9,196,0.17534124868931864,0.16747274861114203,0.559059515167115,0.2687595199636715,0.29956157451515836,False,True,,,,,,,
chipmean,sentinel1,block245,245,scm,-,estimator,treatment_0005,5,9,196,0.16483605283761893,0.16064317216898807,0.5643891489421369,0.2606416805373936,0.28463192899808526,False,True,,,,,,,
chipmean,sentinel1,block245,245,scm,-,estimator,treatment_0006,5,9,196,0.17253036741752362,0.17257251383447808,0.5642039615063762,0.3117022023111967,0.30586902185820225,False,True,,,,,,,
chipmean,sentinel1,block245,245,scm,-,estimator,treatment_0007,5,5,196,0.17876663996644515,0.17801341781009247,0.5592812325702474,0.3148800358434391,0.318289632198115,False,True,,,,,,,
chipmean,sentinel1,block245,245,scm,-,estimator,treatment_0008,5,9,196,0.1667785842143468,0.16022955927763546,0.5747207990005099,0.3621960300619418,0.27879547696253343,False,True,,,,,,,
chipmean,sentinel1,block245,245,scm,-,estimator,treatment_0009,5,9,196,0.17292027337629678,0.17051072051638275,0.5676161503863296,0.32554784072845044,0.30039793688098926,False,True,,,,,,,
chipmean,sentinel1,block245,245,scm,-,estimator,treatment_0010,5,9,196,0.18608075470642899,0.1765680104486638,0.5786435083748274,0.3155585057494095,0.305141262095156,False,True,,,,,,,
chipmean,sentinel1,block245,245,scm,B,estimator,treatment_0001,5,9,196,0.18963720842392637,0.19584696429448717,0.5620439484202047,0.2440164084454185,0.3484548936875392,False,False,,,,,,,
chipmean,sentinel1,block245,245,scm,B,estimator,treatment_0002,5,9,196,0.1783279243760048,0.1820935451117988,0.570081997470707,0.24853182082905817,0.31941641012994004,False,True,,,,,,,
chipmean,sentinel1,block245,245,scm,B,estimator,treatment_0003,5,9,196,0.1786534323568516,0.18541889666427547,0.5809638171562701,0.25311130356114986,0.31915739188693865,False,True,,,,,,,
chipmean,sentinel1,block245,245,scm,B,estimator,treatment_0004,3,9,196,0.18347917066746977,0.17295298518742874,0.5613949314438078,0.4132747159710225,0.3080772117814182,False,True,,,,,,,
chipmean,sentinel1,block245,245,scm,B,estimator,treatment_0005,4,9,196,0.16221840246412156,0.16715881862172932,0.5628636829271643,0.36092182214223034,0.29697922195374615,False,True,,,,,,,
chipmean,sentinel1,block245,245,scm,B,estimator,treatment_0006,5,9,196,0.1729766116946953,0.17068176783944872,0.5615653943623214,0.2841138814895777,0.3039392554330458,False,True,,,,,,,
chipmean,sentinel1,block245,245,scm,B,estimator,treatment_0007,5,5,196,0.181561099389206,0.17784972023068868,0.5618391296828957,0.40198114551034364,0.31654918789844305,False,True,,,,,,,
chipmean,sentinel1,block245,245,scm,B,estimator,treatment_0008,5,9,196,0.17158088999093216,0.15416152072972839,0.5563646484775862,0.2539181154131874,0.27708719659232445,False,True,,,,,,,
chipmean,sentinel1,block245,245,scm,B,estimator,treatment_0009,5,9,196,0.17967581934845014,0.1773124603119079,0.5653260030858943,0.314224306214719,0.3136463904791718,False,True,,,,,,,
chipmean,sentinel1,block245,245,scm,B,estimator,treatment_0010,5,9,196,0.1810991865659096,0.17333175034063986,0.5608862647336209,0.2872786591436373,0.30903190404022374,False,True,,,,,,,
chipmean,sentinel1,block245,245,scm,C,estimator,treatment_0001,5,9,196,0.17579134698490737,0.16767818154371492,0.5594664897997348,0.285378220951633,0.2997108577561751,False,True,,,,,,,
chipmean,sentinel1,block245,245,scm,C,estimator,treatment_0002,5,9,196,0.1691636301975103,0.17186750438423626,0.5669931973956265,0.24166939006593835,0.3031209283879884,False,True,,,,,,,
chipmean,sentinel1,block245,245,scm,C,estimator,treatment_0003,5,9,196,0.17649875602550597,0.17433745912792206,0.581951576702756,0.29111424992018786,0.29957382384921105,False,True,,,,,,,
chipmean,sentinel1,block245,245,scm,C,estimator,treatment_0004,3,9,196,0.16972740384741092,0.15920603349600818,0.5561547694336537,0.4564060672820952,0.28626210228877774,False,True,,,,,,,
chipmean,sentinel1,block245,245,scm,C,estimator,treatment_0005,4,9,196,0.17249925406386798,0.1699924187575685,0.5650888717774006,0.29678200814049094,0.30082421942389936,False,True,,,,,,,
chipmean,sentinel1,block245,245,scm,C,estimator,treatment_0006,5,9,196,0.16689951948097317,0.16086046824897163,0.5603010280994005,0.2644884040935828,0.2870965073803757,False,True,,,,,,,
chipmean,sentinel1,block245,245,scm,C,estimator,treatment_0007,5,5,196,0.17205391125114858,0.1733482990329992,0.5595414422457021,0.35621049117708936,0.30980421814204,False,True,,,,,,,
chipmean,sentinel1,block245,245,scm,C,estimator,treatment_0008,5,9,196,0.17232986914708623,0.16487942118211435,0.5707335259197607,0.27086572285442656,0.28889037299220216,False,True,,,,,,,
chipmean,sentinel1,block245,245,scm,C,estimator,treatment_0009,5,9,196,0.17446010489450633,0.17593003976369215,0.5675190135856416,0.32562083567296934,0.3099984944154534,False,True,,,,,,,
chipmean,sentinel1,block245,245,scm,C,estimator,treatment_0010,5,9,196,0.17566777688943067,0.16404458879300468,0.557127007114034,0.23498454743019068,0.29444738219166544,False,True,,,,,,,
chipmean,sentinel1,block245,245,scm,D_min,estimator,treatment_0001,5,9,196,0.13889231269812902,0.1489085942816572,0.5608537612716492,0.29944771948076293,0.26550342453624626,False,True,,,,,,,
chipmean,sentinel1,block245,245,scm,D_min,estimator,treatment_0002,5,9,196,0.13101258296602852,0.1465369639141473,0.565582382556177,0.22239348547701918,0.25909039679041346,False,True,,,,,,,
chipmean,sentinel1,block245,245,scm,D_min,estimator,treatment_0003,5,9,196,0.12000125417381691,0.13041335950315852,0.5807186587758899,0.22949801355136532,0.22457235966562503,False,True,,,,,,,
chipmean,sentinel1,block245,245,scm,D_min,estimator,treatment_0004,3,9,196,0.14566100572812615,0.14189061870371267,0.5701689280153217,0.5140671577912056,0.24885715747018006,False,True,,,,,,,
chipmean,sentinel1,block245,245,scm,D_min,estimator,treatment_0005,4,9,196,0.12956341025628598,0.1352773473265151,0.5629248576908383,0.35766341888582676,0.24031155398152668,False,True,,,,,,,
chipmean,sentinel1,block245,245,scm,D_min,estimator,treatment_0006,5,9,196,0.12893278343570078,0.1382538069078018,0.562119380387484,0.2585714155224597,0.2459509700813015,False,True,,,,,,,
chipmean,sentinel1,block245,245,scm,D_min,estimator,treatment_0007,5,5,196,0.11328547292648859,0.11625773703386956,0.5598784324550357,0.3413759843797421,0.207648179130755,False,True,,,,,,,
chipmean,sentinel1,block245,245,scm,D_min,estimator,treatment_0008,5,9,196,0.12268058037612424,0.13157363926377327,0.5785640221468471,0.24893346409812436,0.22741413953731496,False,True,,,,,,,
chipmean,sentinel1,block245,245,scm,D_min,estimator,treatment_0009,5,9,196,0.12000732014585265,0.12638679468610983,0.5657304480134644,0.2673267819692262,0.22340461810021198,False,True,,,,,,,
chipmean,sentinel1,block245,245,scm,D_min,estimator,treatment_0010,5,9,196,0.12588092987333332,0.1287935498727653,0.5597803130766575,0.341816374257075,0.23007874136353923,False,True,,,,,,,
chipmean,sentinel1,block245,245,scm,D_full,estimator,treatment_0001,5,9,196,0.1487873714389526,0.14962845003182626,0.5592068264536806,0.2502783473653664,0.2675726456715923,False,True,,,,,,,
chipmean,sentinel1,block245,245,scm,D_full,estimator,treatment_0002,5,9,196,0.1342521477067042,0.14135787392088933,0.569418766513724,0.2977331381696827,0.24824941191586516,False,True,,,,,,,
chipmean,sentinel1,block245,245,scm,D_full,estimator,treatment_0003,5,9,196,0.12105052659756423,0.142281874908553,0.5807186587758899,0.2661915635685856,0.24500999366624834,False,True,,,,,,,
chipmean,sentinel1,block245,245,scm,D_full,estimator,treatment_0004,3,9,196,0.14500570144385314,0.14476610397986522,0.5591510576222923,0.5440504627213764,0.25890338935503726,False,True,,,,,,,
chipmean,sentinel1,block245,245,scm,D_full,estimator,treatment_0005,4,9,196,0.13513766178675027,0.13529944552289627,0.568710432969051,0.34630088718159147,0.2379056857046602,False,True,,,,,,,
chipmean,sentinel1,block245,245,scm,D_full,estimator,treatment_0006,5,9,196,0.1339203197022702,0.1397316089248924,0.5617486946365284,0.26476948802659317,0.2487439850933766,False,True,,,,,,,
chipmean,sentinel1,block245,245,scm,D_full,estimator,treatment_0007,5,5,196,0.11441473413482907,0.11222456147831725,0.5578020469420665,0.3116564702655697,0.2011906591120361,False,True,,,,,,,
chipmean,sentinel1,block245,245,scm,D_full,estimator,treatment_0008,5,9,196,0.1297274010782918,0.13154370910685836,0.5748960260479163,0.25701507577602456,0.2288130429621277,False,False,,,,,,,
chipmean,sentinel1,block245,245,scm,D_full,estimator,treatment_0009,5,9,196,0.12491977884785946,0.12888383011693488,0.561766176063121,0.2697247264093478,0.2294261128716537,False,True,,,,,,,
chipmean,sentinel1,block245,245,scm,D_full,estimator,treatment_0010,5,9,196,0.13011214132932977,0.13272817344667553,0.5597803130766575,0.3012885524017465,0.23710761230093394,False,True,,,,,,,
chipmean,sentinel1,block245,245,scm,E,estimator,treatment_0001,5,9,196,0.14774252120856718,0.1471540923650465,0.5585153570368484,0.2342453185409567,0.26347367267707544,False,True,,,,,,,
chipmean,sentinel1,block245,245,scm,E,estimator,treatment_0002,5,9,196,0.13671392147640338,0.14681384571505188,0.5665676882759979,0.28431151680704536,0.2591285185390469,False,True,,,,,,,
chipmean,sentinel1,block245,245,scm,E,estimator,treatment_0003,5,9,196,0.12172089707796392,0.14050560004393328,0.5807186587758899,0.2364271916437493,0.24195124079551403,False,True,,,,,,,
chipmean,sentinel1,block245,245,scm,E,estimator,treatment_0004,3,9,196,0.14828902103466624,0.14119149604058656,0.5581207568489248,0.5022271811254956,0.25297660821241424,False,True,,,,,,,
chipmean,sentinel1,block245,245,scm,E,estimator,treatment_0005,4,9,196,0.13168174698234764,0.12810120936446637,0.5660325662070332,0.3700504166283803,0.22631420347926023,False,True,,,,,,,
chipmean,sentinel1,block245,245,scm,E,estimator,treatment_0006,5,9,196,0.13477807261065872,0.1359622346616615,0.5616263641433248,0.2543866489790835,0.24208663150821116,False,True,,,,,,,
chipmean,sentinel1,block245,245,scm,E,estimator,treatment_0007,5,5,196,0.11418325048773699,0.11449517430211958,0.5537734098041331,0.32456923611163263,0.20675455389347053,False,True,,,,,,,
chipmean,sentinel1,block245,245,scm,E,estimator,treatment_0008,5,9,196,0.12832522626460055,0.12906552264991383,0.5748122182611712,0.2724731958402541,0.22453510650894293,False,True,,,,,,,
chipmean,sentinel1,block245,245,scm,E,estimator,treatment_0009,5,9,196,0.12626967781794834,0.12625214072576574,0.561766176063121,0.27323473557417893,0.22474144244594008,False,True,,,,,,,
chipmean,sentinel1,block245,245,scm,E,estimator,treatment_0010,5,9,196,0.13324886184278553,0.13137589360820653,0.5597803130766575,0.3353147572219003,0.2346918791876406,False,True,,,,,,,
chipmean,sentinel1,latent980,980,equal_weight,-,reference,treatment_0001,5,9,196,0.3409496936937086,0.3370403971375198,0.616781878982597,,0.5464499016953605,False,False,,,,,,,
chipmean,sentinel1,latent980,980,equal_weight,-,reference,treatment_0002,5,9,196,0.3223526574880274,0.3316542325412325,0.6204482808434488,,0.5345396913508659,False,False,,,,,,,
chipmean,sentinel1,latent980,980,equal_weight,-,reference,treatment_0003,5,9,196,0.3256267489520324,0.3165054109109041,0.6307485394739765,,0.5017933314199335,False,False,,,,,,,
chipmean,sentinel1,latent980,980,equal_weight,-,reference,treatment_0004,5,9,196,0.337989907505808,0.33376682980549327,0.6169109687629863,,0.5410291706674526,False,False,,,,,,,
chipmean,sentinel1,latent980,980,equal_weight,-,reference,treatment_0005,5,9,196,0.3231775574197286,0.32544144954124404,0.6207358147451568,,0.5242833453630416,False,False,,,,,,,
chipmean,sentinel1,latent980,980,equal_weight,-,reference,treatment_0006,5,9,196,0.3341525351175629,0.33721660402854087,0.6220774728149808,,0.542081362474986,False,False,,,,,,,
chipmean,sentinel1,latent980,980,equal_weight,-,reference,treatment_0007,5,5,196,0.3562551544060197,0.32849104537946006,0.615237633134448,,0.5339254747891452,False,False,,,,,,,
chipmean,sentinel1,latent980,980,equal_weight,-,reference,treatment_0008,5,9,196,0.32416135772632354,0.3225144669177002,0.6284437889821903,,0.5131954083594897,False,False,,,,,,,
chipmean,sentinel1,latent980,980,equal_weight,-,reference,treatment_0009,5,9,196,0.32998618049446654,0.3242194006653619,0.6218896436777215,,0.5213455537673826,False,False,,,,,,,
chipmean,sentinel1,latent980,980,equal_weight,-,reference,treatment_0010,5,9,196,0.34225250459093154,0.3354333515527002,0.6320915948963705,,0.5306720643986629,False,False,,,,,,,
chipmean,sentinel1,latent980,980,own_history_mean,-,reference,treatment_0001,5,9,196,0.20161115624108333,0.22062554635953632,0.616781878982597,,0.3577043260795304,False,True,,,,,,,
chipmean,sentinel1,latent980,980,own_history_mean,-,reference,treatment_0002,5,9,196,0.19170963115817335,0.22184797024688813,0.6204482808434488,,0.3575607783864014,False,True,,,,,,,
chipmean,sentinel1,latent980,980,own_history_mean,-,reference,treatment_0003,5,9,196,0.20632640183129541,0.22937151196370498,0.6307485394739765,,0.3636496917693908,False,True,,,,,,,
chipmean,sentinel1,latent980,980,own_history_mean,-,reference,treatment_0004,5,9,196,0.1891848879633412,0.19756028798867667,0.6169109687629863,,0.32024116605483505,False,True,,,,,,,
chipmean,sentinel1,latent980,980,own_history_mean,-,reference,treatment_0005,5,9,196,0.1849287336404833,0.19393052330561422,0.6207358147451568,,0.3124203867392965,False,True,,,,,,,
chipmean,sentinel1,latent980,980,own_history_mean,-,reference,treatment_0006,5,9,196,0.2049767097790618,0.23541433977868217,0.6220774728149808,,0.37843251052542043,False,True,,,,,,,
chipmean,sentinel1,latent980,980,own_history_mean,-,reference,treatment_0007,5,5,196,0.17053440626069777,0.18193407215941668,0.615237633134448,,0.2957134972913118,False,True,,,,,,,
chipmean,sentinel1,latent980,980,own_history_mean,-,reference,treatment_0008,5,9,196,0.18130403919385144,0.20301650623667425,0.6284437889821903,,0.3230464041429608,False,True,,,,,,,
chipmean,sentinel1,latent980,980,own_history_mean,-,reference,treatment_0009,5,9,196,0.19025823387234853,0.2082532063863515,0.6218896436777215,,0.33487164242643896,False,True,,,,,,,
chipmean,sentinel1,latent980,980,own_history_mean,-,reference,treatment_0010,5,9,196,0.18362690849923125,0.2048915825426539,0.6320915948963705,,0.3241485635894989,False,True,,,,,,,
chipmean,sentinel1,latent980,980,scm,-,estimator,treatment_0001,5,9,196,0.3408253881672554,0.3373891206718422,0.616781878982597,0.22417774563575718,0.5470152936859578,False,False,,,,,,,
chipmean,sentinel1,latent980,980,scm,-,estimator,treatment_0002,5,9,196,0.32211172065936566,0.3317195389153654,0.6204482808434488,0.23194988411297382,0.5346449481081964,False,False,,,,,,,
chipmean,sentinel1,latent980,980,scm,-,estimator,treatment_0003,5,9,196,0.3252719094237334,0.3160886842584842,0.6307485394739765,0.2287896000394424,0.5011326455422184,False,True,,,,,,,
chipmean,sentinel1,latent980,980,scm,-,estimator,treatment_0004,5,9,196,0.33736626024828376,0.333676016625924,0.6169109687629863,0.23425228816591884,0.5408819643700004,False,True,,,,,,,
chipmean,sentinel1,latent980,980,scm,-,estimator,treatment_0005,5,9,196,0.3228611420504608,0.32543228003725216,0.6207358147451568,0.22186581540315836,0.5242685733718433,False,True,,,,,,,
chipmean,sentinel1,latent980,980,scm,-,estimator,treatment_0006,5,9,196,0.3334135257470956,0.3363079930337925,0.6220774728149808,0.2487906047931245,0.5406207550193957,False,True,,,,,,,
chipmean,sentinel1,latent980,980,scm,-,estimator,treatment_0007,5,5,196,0.3282921055484272,0.32758629767715747,0.615237633134448,0.2340620020949128,0.5324549085338054,False,True,,,,,,,
chipmean,sentinel1,latent980,980,scm,-,estimator,treatment_0008,5,9,196,0.32383424753279244,0.3217254181741859,0.6284437889821903,0.23532605322822958,0.5119398485825489,False,True,,,,,,,
chipmean,sentinel1,latent980,980,scm,-,estimator,treatment_0009,5,9,196,0.3295928913340892,0.32368338582955053,0.6218896436777215,0.22957792137060662,0.5204836406590672,False,True,,,,,,,
chipmean,sentinel1,latent980,980,scm,-,estimator,treatment_0010,5,9,196,0.3416503818171351,0.33440021232692774,0.6320915948963705,0.23147229857548474,0.529037587316363,False,True,,,,,,,
chipmean,sentinel1,latent980,980,scm,B,estimator,treatment_0001,5,9,196,0.33824187429546454,0.35288799294873263,0.6317790252555612,0.22394964698498834,0.5585623752007053,False,False,,,,,,,
chipmean,sentinel1,latent980,980,scm,B,estimator,treatment_0002,5,9,196,0.32629605708332166,0.3264152343611799,0.6440708019053923,0.22628806183692507,0.506800235929849,False,True,,,,,,,
chipmean,sentinel1,latent980,980,scm,B,estimator,treatment_0003,5,9,196,0.3270616009674608,0.3293857498109283,0.632713187637637,0.23843658775633908,0.5205925152923662,False,True,,,,,,,
chipmean,sentinel1,latent980,980,scm,B,estimator,treatment_0004,3,9,196,0.3452623676102108,0.3320438014379415,0.6234512612746133,0.37424079809261784,0.5325898302925804,False,True,,,,,,,
chipmean,sentinel1,latent980,980,scm,B,estimator,treatment_0005,4,9,196,0.32183296464076816,0.3256192786733065,0.6225912492919115,0.28275401446226095,0.5230065135731371,False,True,,,,,,,
chipmean,sentinel1,latent980,980,scm,B,estimator,treatment_0006,5,9,196,0.3293178334003975,0.34408953975862805,0.6089678245967564,0.22079867653645072,0.5650373071622885,False,True,,,,,,,
chipmean,sentinel1,latent980,980,scm,B,estimator,treatment_0007,5,5,196,0.33203621155743807,0.3290744098120416,0.6095917072252491,0.32746962296328813,0.5398275696858289,False,True,,,,,,,
chipmean,sentinel1,latent980,980,scm,B,estimator,treatment_0008,5,9,196,0.3236005240953847,0.3162279816935355,0.6096902321602042,0.27112508959592224,0.5186699163165245,False,True,,,,,,,
chipmean,sentinel1,latent980,980,scm,B,estimator,treatment_0009,5,9,196,0.3269285750298616,0.33386038756856146,0.6218387926750882,0.22080898597993642,0.5368921841178925,False,False,,,,,,,
chipmean,sentinel1,latent980,980,scm,B,estimator,treatment_0010,5,9,196,0.33145392659388306,0.31961034773185143,0.620587939837245,0.2670243796342382,0.5150121799267839,False,True,,,,,,,
chipmean,sentinel1,latent980,980,scm,C,estimator,treatment_0001,5,9,196,0.3291642302043248,0.3183901160870963,0.630480807530773,0.24189506006954278,0.504995730693287,False,True,,,,,,,
chipmean,sentinel1,latent980,980,scm,C,estimator,treatment_0002,5,9,196,0.3265706752280033,0.33323696534082037,0.6306026506254918,0.22994997598749373,0.5284420625417355,False,True,,,,,,,
chipmean,sentinel1,latent980,980,scm,C,estimator,treatment_0003,5,9,196,0.3256904326009814,0.33319541443795697,0.6339887543956192,0.21824809843756177,0.5255541397663935,False,True,,,,,,,
chipmean,sentinel1,latent980,980,scm,C,estimator,treatment_0004,3,9,196,0.33892354922326723,0.3542433568257539,0.6243995188735112,0.35413165423807846,0.5673344487273947,False,True,,,,,,,
chipmean,sentinel1,latent980,980,scm,C,estimator,treatment_0005,4,9,196,0.3158474835491859,0.3049157983148892,0.6020530248685082,0.2741004088733951,0.5064600387673237,False,True,,,,,,,
chipmean,sentinel1,latent980,980,scm,C,estimator,treatment_0006,5,9,196,0.32651065233790694,0.33349604219689666,0.6083711950093632,0.2225463948468431,0.5481785543639421,False,True,,,,,,,
chipmean,sentinel1,latent980,980,scm,C,estimator,treatment_0007,5,5,196,0.3454593550135878,0.34645454583053653,0.597537470881281,0.2500115255811796,0.5798038829591162,False,True,,,,,,,
chipmean,sentinel1,latent980,980,scm,C,estimator,treatment_0008,5,9,196,0.31361826191033443,0.30718505443187405,0.6542835158181074,0.3237476296208683,0.469498385646739,False,True,,,,,,,
chipmean,sentinel1,latent980,980,scm,C,estimator,treatment_0009,5,9,196,0.3242775297192032,0.32701128147852615,0.6224025767693039,0.2802867497428757,0.5254015546914007,False,True,,,,,,,
chipmean,sentinel1,latent980,980,scm,C,estimator,treatment_0010,5,9,196,0.3232880866787188,0.3143394016077197,0.6203963961002282,0.22738626966341569,0.5066750928658467,False,True,,,,,,,
chipmean,sentinel1,latent980,980,scm,D_min,estimator,treatment_0001,5,9,196,0.2510831016017273,0.2701199011301255,0.6290941781912597,0.2823515624977982,0.429379114438415,False,True,,,,,,,
chipmean,sentinel1,latent980,980,scm,D_min,estimator,treatment_0002,5,9,196,0.2289375482042124,0.27827011536839835,0.6279044386101884,0.2518090211839944,0.44317271587428964,False,True,,,,,,,
chipmean,sentinel1,latent980,980,scm,D_min,estimator,treatment_0003,5,9,196,0.23939310074404907,0.2530722998138308,0.6338877350952755,0.2159690823644922,0.3992383600477664,False,True,,,,,,,
chipmean,sentinel1,latent980,980,scm,D_min,estimator,treatment_0004,3,9,196,0.2246236324419481,0.2218454725037533,0.6265133813133724,0.36845727884161616,0.3540953459584442,False,True,,,,,,,
chipmean,sentinel1,latent980,980,scm,D_min,estimator,treatment_0005,4,9,196,0.22253725658220766,0.24984905241308977,0.6275379381244091,0.2942787619485114,0.39814174926195034,False,True,,,,,,,
chipmean,sentinel1,latent980,980,scm,D_min,estimator,treatment_0006,5,9,196,0.24141724772578782,0.2750719412286608,0.6099475170018547,0.21305444967690323,0.45097640954545337,False,True,,,,,,,
chipmean,sentinel1,latent980,980,scm,D_min,estimator,treatment_0007,5,5,196,0.20523481661933674,0.22035725442935541,0.6279216289173689,0.21952168442232578,0.350931142170217,False,True,,,,,,,
chipmean,sentinel1,latent980,980,scm,D_min,estimator,treatment_0008,5,9,196,0.2288516524989095,0.23315980658595295,0.6144395765397067,0.2320073122518723,0.3794674293264466,False,True,,,,,,,
chipmean,sentinel1,latent980,980,scm,D_min,estimator,treatment_0009,5,9,196,0.21815887057425523,0.22477882000780766,0.5882454094331414,0.21160214459352372,0.382117423108179,False,True,,,,,,,
chipmean,sentinel1,latent980,980,scm,D_min,estimator,treatment_0010,5,9,196,0.21076342436911702,0.21133796307271732,0.6258945527360503,0.2305649421395815,0.33765745707303174,False,True,,,,,,,
chipmean,sentinel1,latent980,980,scm,D_full,estimator,treatment_0001,5,9,196,0.2508060740120096,0.27144705114032686,0.6113201559009231,0.22977335951901404,0.44403419144635625,False,True,,,,,,,
chipmean,sentinel1,latent980,980,scm,D_full,estimator,treatment_0002,5,9,196,0.24544033748097355,0.2762823666504859,0.6414721178748526,0.26010271703672894,0.4307005073981827,False,True,,,,,,,
chipmean,sentinel1,latent980,980,scm,D_full,estimator,treatment_0003,5,9,196,0.24191901666749438,0.25678727639199617,0.6304292423841574,0.22589864275229019,0.4073213282760774,False,True,,,,,,,
chipmean,sentinel1,latent980,980,scm,D_full,estimator,treatment_0004,3,9,196,0.24596724395883343,0.25632266501928747,0.6220837599444903,0.37963781099355776,0.41203883065868757,False,True,,,,,,,
chipmean,sentinel1,latent980,980,scm,D_full,estimator,treatment_0005,4,9,196,0.2226714734392291,0.2572761851598024,0.6218648145147472,0.2613001882116997,0.4137172246359683,False,True,,,,,,,
chipmean,sentinel1,latent980,980,scm,D_full,estimator,treatment_0006,5,9,196,0.2539614099351512,0.28287470079934973,0.6112172538824694,0.2148374494259767,0.46280549019603356,False,True,,,,,,,
chipmean,sentinel1,latent980,980,scm,D_full,estimator,treatment_0007,5,5,196,0.22102255370249868,0.2131115723154029,0.613811166972436,0.25186781580230205,0.34719402934057886,False,True,,,,,,,
chipmean,sentinel1,latent980,980,scm,D_full,estimator,treatment_0008,5,9,196,0.23400914905870718,0.25986591188592933,0.6425221430909054,0.32516149800173016,0.4044466244164335,False,False,,,,,,,
chipmean,sentinel1,latent980,980,scm,D_full,estimator,treatment_0009,5,9,196,0.2148771066086577,0.23435129509614575,0.5831693476440187,0.21964099797510384,0.4018580469685449,False,True,,,,,,,
chipmean,sentinel1,latent980,980,scm,D_full,estimator,treatment_0010,5,9,196,0.22291416496681596,0.23202489345998914,0.6208356892016581,0.2512943856896364,0.37372995382780494,False,True,,,,,,,
chipmean,sentinel1,latent980,980,scm,E,estimator,treatment_0001,5,9,196,0.2529926198154542,0.27568745293113756,0.6076981663332194,0.24233421127274646,0.4536585235966793,False,True,,,,,,,
chipmean,sentinel1,latent980,980,scm,E,estimator,treatment_0002,5,9,196,0.2459224067866915,0.28559213079273327,0.6533815454446249,0.2569789807047072,0.4370985571659946,False,True,,,,,,,
chipmean,sentinel1,latent980,980,scm,E,estimator,treatment_0003,5,9,196,0.24210399763478385,0.26925711905310734,0.6282236122560393,0.23792672293370046,0.42860076221294385,False,True,,,,,,,
chipmean,sentinel1,latent980,980,scm,E,estimator,treatment_0004,3,9,196,0.24982904431674202,0.25147920313105865,0.6272884547824986,0.3491392154869342,0.40089882288405054,False,True,,,,,,,
chipmean,sentinel1,latent980,980,scm,E,estimator,treatment_0005,4,9,196,0.2248776471885232,0.25363136320604945,0.6078647425175121,0.30460645939165426,0.41724966997693985,False,True,,,,,,,
chipmean,sentinel1,latent980,980,scm,E,estimator,treatment_0006,5,9,196,0.25445411598292644,0.2857279535262983,0.6124383456001745,0.22041981834309382,0.46654158019170394,False,True,,,,,,,
chipmean,sentinel1,latent980,980,scm,E,estimator,treatment_0007,5,5,196,0.21739313806311827,0.21827659673514516,0.6117492506109904,0.2606714957273542,0.3568072972989167,False,True,,,,,,,
chipmean,sentinel1,latent980,980,scm,E,estimator,treatment_0008,5,9,196,0.23608200235029922,0.2702261297590947,0.6425221430909054,0.2917167802278257,0.4205709214302713,False,False,,,,,,,
chipmean,sentinel1,latent980,980,scm,E,estimator,treatment_0009,5,9,196,0.2155991319056537,0.22822903788037843,0.5878740950936048,0.21075347625769264,0.388227751120822,False,True,,,,,,,
chipmean,sentinel1,latent980,980,scm,E,estimator,treatment_0010,5,9,196,0.2271417833996144,0.2308009876806734,0.6176012691626844,0.22079286763219844,0.37370549447474877,False,True,,,,,,,
chipmean,sentinel2,chip_mean,5,equal_weight,-,reference,treatment_0001,5,9,196,0.06846106703270538,0.09260038452327975,0.687982538427354,,0.13459699825369575,False,False,,,,,,,
chipmean,sentinel2,chip_mean,5,equal_weight,-,reference,treatment_0002,5,9,196,0.1215711862510584,0.04987313786883404,0.7245585132168734,,0.06883245032538333,True,False,,,,,,,
chipmean,sentinel2,chip_mean,5,equal_weight,-,reference,treatment_0003,5,9,196,0.10563247954911631,0.018307291671403665,0.7595137020561458,,0.024103964973696195,True,False,,,,,,,
chipmean,sentinel2,chip_mean,5,equal_weight,-,reference,treatment_0004,5,9,196,0.15050741424097508,0.06861154222455287,0.6834836244625552,,0.10038505645033456,False,False,,,,,,,
chipmean,sentinel2,chip_mean,5,equal_weight,-,reference,treatment_0005,5,9,196,0.17151034268503387,0.08140744970969219,0.7103567148192634,,0.11460080268320508,False,False,,,,,,,
chipmean,sentinel2,chip_mean,5,equal_weight,-,reference,treatment_0006,5,9,196,0.12377532626825512,0.02287384205687952,0.719305156509002,,0.03179991391677624,True,False,,,,,,,
chipmean,sentinel2,chip_mean,5,equal_weight,-,reference,treatment_0007,5,9,196,0.061187347088701716,0.056871485921075486,0.7485946564594536,,0.07597100170345103,True,False,,,,,,,
chipmean,sentinel2,chip_mean,5,equal_weight,-,reference,treatment_0008,5,9,196,0.11085056317967054,0.020928193589403756,0.6947109789469024,,0.03012503648802033,True,False,,,,,,,
chipmean,sentinel2,chip_mean,5,equal_weight,-,reference,treatment_0009,5,9,196,0.09939574994874255,0.02448608990688705,0.6916387840247704,,0.03540300294381714,True,False,,,,,,,
chipmean,sentinel2,chip_mean,5,equal_weight,-,reference,treatment_0010,5,9,196,0.15952050992851005,0.05411771020425188,0.6777671275991162,,0.07984705660771035,True,False,,,,,,,
chipmean,sentinel2,chip_mean,5,own_history_mean,-,reference,treatment_0001,5,9,196,0.15536517966898297,0.06902803247981436,0.687982538427354,,0.10033398905385622,False,True,,,,,,,
chipmean,sentinel2,chip_mean,5,own_history_mean,-,reference,treatment_0002,5,9,196,0.13159024963155705,0.09489167634251554,0.7245585132168734,,0.13096482149001093,False,False,,,,,,,
chipmean,sentinel2,chip_mean,5,own_history_mean,-,reference,treatment_0003,5,9,196,0.12077080398530537,0.09571218285768744,0.7595137020561458,,0.12601771712422916,False,False,,,,,,,
chipmean,sentinel2,chip_mean,5,own_history_mean,-,reference,treatment_0004,5,9,196,0.13553120222257417,0.05024970458609844,0.6834836244625552,,0.0735199831972732,False,True,,,,,,,
chipmean,sentinel2,chip_mean,5,own_history_mean,-,reference,treatment_0005,5,9,196,0.14630385809879146,0.06327016240191878,0.7103567148192634,,0.08906815559280896,False,True,,,,,,,
chipmean,sentinel2,chip_mean,5,own_history_mean,-,reference,treatment_0006,5,9,196,0.1213822529497389,0.07925091985019456,0.719305156509002,,0.1101770495221005,False,False,,,,,,,
chipmean,sentinel2,chip_mean,5,own_history_mean,-,reference,treatment_0007,5,9,196,0.12708738611887954,0.1114686454695301,0.7485946564594536,,0.14890387542536196,False,False,,,,,,,
chipmean,sentinel2,chip_mean,5,own_history_mean,-,reference,treatment_0008,5,9,196,0.14573585105498973,0.06202464275631189,0.6947109789469024,,0.08928121857284267,False,False,,,,,,,
chipmean,sentinel2,chip_mean,5,own_history_mean,-,reference,treatment_0009,5,9,196,0.1339048190316706,0.06539108212158037,0.6916387840247704,,0.09454513487670242,False,False,,,,,,,
chipmean,sentinel2,chip_mean,5,own_history_mean,-,reference,treatment_0010,5,9,196,0.18279830074398956,0.06649165879931736,0.6777671275991162,,0.09810398895392528,False,False,,,,,,,
chipmean,sentinel2,chip_mean,5,scm,-,estimator,treatment_0001,5,9,196,0.03887949308851062,0.0399465408723182,0.687982538427354,0.5996846577770679,0.058063306321162196,True,True,,,,,,,
chipmean,sentinel2,chip_mean,5,scm,-,estimator,treatment_0002,5,9,196,0.09265842096131408,0.0592212624870931,0.7245585132168734,0.4291194699626395,0.08173427184529831,True,False,,,,,,,
chipmean,sentinel2,chip_mean,5,scm,-,estimator,treatment_0003,5,9,196,0.07377929609375597,0.014208142057369531,0.7595137020561458,0.6174876066204652,0.018706893659594857,True,True,,,,,,,
chipmean,sentinel2,chip_mean,5,scm,-,estimator,treatment_0004,5,9,196,0.1082401369819243,0.08027419275465765,0.6834836244625552,0.7728000585518984,0.11744859698398742,False,False,,,,,,,
chipmean,sentinel2,chip_mean,5,scm,-,estimator,treatment_0005,5,9,196,0.14574906784158648,0.1016720039549056,0.7103567148192634,0.6842388756036849,0.14312809583389957,False,False,,,,,,,
chipmean,sentinel2,chip_mean,5,scm,-,estimator,treatment_0006,5,9,196,0.05457933768195668,0.032939594559866614,0.719305156509002,0.7413623299724034,0.045793630508270074,True,False,,,,,,,
chipmean,sentinel2,chip_mean,5,scm,-,estimator,treatment_0007,5,9,196,0.032537343109736994,0.04013430500267285,0.7485946564594536,0.69025818232075,0.05361286599678883,True,True,,,,,,,
chipmean,sentinel2,chip_mean,5,scm,-,estimator,treatment_0008,5,9,196,0.08440311203802668,0.03169378852657376,0.6947109789469024,0.6365008403542429,0.04562154548733014,True,False,,,,,,,
chipmean,sentinel2,chip_mean,5,scm,-,estimator,treatment_0009,5,9,196,0.07581811031415997,0.042711698873092015,0.6916387840247704,0.846519108840646,0.06175434324915234,True,False,,,,,,,
chipmean,sentinel2,chip_mean,5,scm,-,estimator,treatment_0010,5,9,196,0.13340790264083005,0.01881332673233876,0.6777671275991162,0.7609515416094188,0.027757803478876325,True,True,,,,,,,
chipmean,sentinel2,chip_mean,5,perdim_scm,-,estimator,treatment_0001,5,9,196,0.035142936863585605,0.03905474610249973,0.687982538427354,0.9762974260525411,0.05676706009395852,True,True,,,,,,,
chipmean,sentinel2,chip_mean,5,perdim_scm,-,estimator,treatment_0002,5,9,196,0.08594151569210379,0.04193910310575529,0.7245585132168734,0.5794328578293766,0.057882286027605014,True,True,,,,,,,
chipmean,sentinel2,chip_mean,5,perdim_scm,-,estimator,treatment_0003,5,9,196,0.05000325288273012,0.023532227430332373,0.7595137020561458,0.9876124675807768,0.0309832822852652,True,False,,,,,,,
chipmean,sentinel2,chip_mean,5,perdim_scm,-,estimator,treatment_0004,5,9,196,0.08342439906251076,0.04922152800771725,0.6834836244625552,1.0,0.07201566540298855,True,True,,,,,,,
chipmean,sentinel2,chip_mean,5,perdim_scm,-,estimator,treatment_0005,5,9,196,0.12458256990415062,0.07291370955735854,0.7103567148192634,1.0,0.10264379576662414,False,True,,,,,,,
chipmean,sentinel2,chip_mean,5,perdim_scm,-,estimator,treatment_0006,5,9,196,0.04164205306736167,0.01911027407662372,0.719305156509002,0.8398882318360982,0.02656768675115783,True,True,,,,,,,
chipmean,sentinel2,chip_mean,5,perdim_scm,-,estimator,treatment_0007,5,9,196,0.031652000196948804,0.04315736269646471,0.7485946564594536,0.8471065132236401,0.057651176540026855,True,True,,,,,,,
chipmean,sentinel2,chip_mean,5,perdim_scm,-,estimator,treatment_0008,5,9,196,0.06359104756444237,0.0326140433111157,0.6947109789469024,1.0,0.04694620396032122,True,False,,,,,,,
chipmean,sentinel2,chip_mean,5,perdim_scm,-,estimator,treatment_0009,5,9,196,0.06521745905728424,0.04559934223101559,0.6916387840247704,0.9384619962176568,0.06592941761545647,True,False,,,,,,,
chipmean,sentinel2,chip_mean,5,perdim_scm,-,estimator,treatment_0010,5,9,196,0.12472595592663059,0.02160161192405125,0.6777671275991162,1.0,0.03187173152019274,True,True,,,,,,,
chipmean,sentinel2,chip_mean,5,perdim_scm_demeaned,-,estimator,treatment_0001,5,9,196,0.026927087281126215,0.032555039051447895,0.687982538427354,0.9456851564592261,0.04731957169416658,True,True,,,,,,,
chipmean,sentinel2,chip_mean,5,perdim_scm_demeaned,-,estimator,treatment_0002,5,9,196,0.08460615812825001,0.04545174452722558,0.7245585132168734,0.581211284398121,0.06273026083901806,True,True,,,,,,,
chipmean,sentinel2,chip_mean,5,perdim_scm_demeaned,-,estimator,treatment_0003,5,9,196,0.04158988103658527,0.020970031287694355,0.7595137020561458,0.9137752733665173,0.02760981300393206,True,False,,,,,,,
chipmean,sentinel2,chip_mean,5,perdim_scm_demeaned,-,estimator,treatment_0004,5,9,196,0.068845915768078,0.03729642158299324,0.6834836244625552,1.0,0.05456812752803053,True,True,,,,,,,
chipmean,sentinel2,chip_mean,5,perdim_scm_demeaned,-,estimator,treatment_0005,5,9,196,0.11785516169660396,0.07767381001145948,0.7103567148192634,0.7850198858945877,0.10934479591879706,False,True,,,,,,,
chipmean,sentinel2,chip_mean,5,perdim_scm_demeaned,-,estimator,treatment_0006,5,9,196,0.0358761802163827,0.011906113040059457,0.719305156509002,0.9780650438499927,0.016552242024571742,True,True,,,,,,,
chipmean,sentinel2,chip_mean,5,perdim_scm_demeaned,-,estimator,treatment_0007,5,9,196,0.03132020002807888,0.0443933137831699,0.7485946564594536,0.9027465320735929,0.059302205005218864,True,True,,,,,,,
chipmean,sentinel2,chip_mean,5,perdim_scm_demeaned,-,estimator,treatment_0008,5,9,196,0.05973226260978413,0.041381550731021045,0.6947109789469024,0.9999999999999998,0.05956657082597206,True,False,,,,,,,
chipmean,sentinel2,chip_mean,5,perdim_scm_demeaned,-,estimator,treatment_0009,5,9,196,0.06229253274742674,0.033599523253795,0.6916387840247704,0.9999999999999999,0.048579582333820745,True,False,,,,,,,
chipmean,sentinel2,chip_mean,5,perdim_scm_demeaned,-,estimator,treatment_0010,5,9,196,0.12014454769250213,0.04593907179462535,0.6777671275991162,1.0,0.06778002343866589,True,True,,,,,,,
chipmean,sentinel2,chip_mean,5,perdim_scm_demeaned_std,-,estimator,treatment_0001,5,9,196,0.03456745643876208,0.0317533850800525,0.687982538427354,0.8256302816611757,0.04615434739468381,True,True,45.0,,,,,,
chipmean,sentinel2,chip_mean,5,perdim_scm_demeaned_std,-,estimator,treatment_0002,5,9,196,0.09234605182062691,0.04353609582461008,0.7245585132168734,0.8892222962623799,0.06008637678042014,True,True,45.0,,,,,,
chipmean,sentinel2,chip_mean,5,perdim_scm_demeaned_std,-,estimator,treatment_0003,5,9,196,0.0513786798805044,0.01766751534301238,0.7595137020561458,1.0,0.02326161502443354,True,True,45.0,,,,,,
chipmean,sentinel2,chip_mean,5,perdim_scm_demeaned_std,-,estimator,treatment_0004,5,9,196,0.08240640920985423,0.029807422911295747,0.6834836244625552,0.9304355332152343,0.04361102716211272,True,True,45.0,,,,,,
chipmean,sentinel2,chip_mean,5,perdim_scm_demeaned_std,-,estimator,treatment_0005,5,9,196,0.14086951901924594,0.06827974214234991,0.7103567148192634,0.9999999999999972,0.09612035857185129,False,True,45.0,,,,,,
chipmean,sentinel2,chip_mean,5,perdim_scm_demeaned_std,-,estimator,treatment_0006,5,9,196,0.03831862417666418,0.014088445671402218,0.719305156509002,0.8583948058339814,0.019586187508758537,True,True,45.0,,,,,,
chipmean,sentinel2,chip_mean,5,perdim_scm_demeaned_std,-,estimator,treatment_0007,5,9,196,0.034184307803823616,0.046337479728104765,0.7485946564594536,1.0,0.061899292665622385,True,True,45.0,,,,,,
chipmean,sentinel2,chip_mean,5,perdim_scm_demeaned_std,-,estimator,treatment_0008,5,9,196,0.063102546545866,0.03285702960243094,0.6947109789469024,1.0,0.04729596997623129,True,False,45.0,,,,,,
chipmean,sentinel2,chip_mean,5,perdim_scm_demeaned_std,-,estimator,treatment_0009,5,9,196,0.06448596695934586,0.038665186021633595,0.6916387840247704,0.9286887180751243,0.055903727371437915,True,False,45.0,,,,,,
chipmean,sentinel2,chip_mean,5,perdim_scm_demeaned_std,-,estimator,treatment_0010,5,9,196,0.12724106200201551,0.04327977383718494,0.6777671275991162,1.0,0.06385640742196624,True,True,45.0,,,,,,
chipmean,sentinel2,chip_mean,5,scm_demeaned,-,estimator,treatment_0001,5,9,196,0.0334094087309549,0.03802471553788802,0.687982538427354,0.4703359463892765,0.05526988464679348,True,True,,,,,,,
chipmean,sentinel2,chip_mean,5,scm_demeaned,-,estimator,treatment_0002,5,9,196,0.08950683312218201,0.0458508047341182,0.7245585132168734,0.3947562438476103,0.06328102409638547,True,True,,,,,,,
chipmean,sentinel2,chip_mean,5,scm_demeaned,-,estimator,treatment_0003,5,9,196,0.06199773123665371,0.03610358006137103,0.7595137020561458,0.6057457508657714,0.04753512670493222,True,False,,,,,,,
chipmean,sentinel2,chip_mean,5,scm_demeaned,-,estimator,treatment_0004,5,9,196,0.09430283261050851,0.04302360439208774,0.6834836244625552,0.7631535354815775,0.0629475277127796,True,True,,,,,,,
chipmean,sentinel2,chip_mean,5,scm_demeaned,-,estimator,treatment_0005,5,9,196,0.12842724316265014,0.07877704190544375,0.7103567148192634,0.6943074980309392,0.1108978633720483,False,True,,,,,,,
chipmean,sentinel2,chip_mean,5,scm_demeaned,-,estimator,treatment_0006,5,9,196,0.04542926068861302,0.01469727832666066,0.719305156509002,0.7945211180850646,0.020432605263099802,True,True,,,,,,,
chipmean,sentinel2,chip_mean,5,scm_demeaned,-,estimator,treatment_0007,5,9,196,0.032359659808835685,0.04095422512138629,0.7485946564594536,0.6892375459982578,0.05470814514637737,True,True,,,,,,,
chipmean,sentinel2,chip_mean,5,scm_demeaned,-,estimator,treatment_0008,5,9,196,0.07467801230887294,0.03929643129998831,0.6947109789469024,0.4457171141168588,0.056565150819347834,True,False,,,,,,,
chipmean,sentinel2,chip_mean,5,scm_demeaned,-,estimator,treatment_0009,5,9,196,0.06880218516534867,0.03373742306141566,0.6916387840247704,0.917234906497986,0.04877896358716544,True,False,,,,,,,
chipmean,sentinel2,chip_mean,5,scm_demeaned,-,estimator,treatment_0010,5,9,196,0.12932648879847045,0.04281456146157141,0.6777671275991162,0.753280027820908,0.06317001772162555,True,True,,,,,,,
chipmean,sentinel2,chip_mean,5,scm_demeaned_std,-,estimator,treatment_0001,5,9,196,0.03793604830262515,0.04009261381252489,0.687982538427354,0.5252875113500033,0.058275627029970585,True,True,45.0,,,,,,
chipmean,sentinel2,chip_mean,5,scm_demeaned_std,-,estimator,treatment_0002,5,9,196,0.12154133532492238,0.045010273445066674,0.7245585132168734,0.5772662017192007,0.062120964178905856,True,True,45.0,,,,,,
chipmean,sentinel2,chip_mean,5,scm_demeaned_std,-,estimator,treatment_0003,5,9,196,0.06337008213564188,0.03916942232345048,0.7595137020561458,0.5043353668332274,0.05157171255424559,True,False,45.0,,,,,,
chipmean,sentinel2,chip_mean,5,scm_demeaned_std,-,estimator,treatment_0004,5,9,196,0.1494346535551868,0.022494341306466496,0.6834836244625552,0.40292155378089634,0.03291130979788215,True,True,45.0,,,,,,
chipmean,sentinel2,chip_mean,5,scm_demeaned_std,-,estimator,treatment_0005,5,9,196,0.2067799859261953,0.04051259289537885,0.7103567148192634,1.0,0.0570313365809268,True,True,45.0,,,,,,
chipmean,sentinel2,chip_mean,5,scm_demeaned_std,-,estimator,treatment_0006,5,9,196,0.055136129334659105,0.015892489213540813,0.719305156509002,0.6999968337688105,0.022094223946164525,True,True,45.0,,,,,,
chipmean,sentinel2,chip_mean,5,scm_demeaned_std,-,estimator,treatment_0007,5,9,196,0.034423160795164255,0.03903224159593693,0.7485946564594536,0.9798801813098015,0.05214068956963099,True,True,45.0,,,,,,
chipmean,sentinel2,chip_mean,5,scm_demeaned_std,-,estimator,treatment_0008,5,9,196,0.08019448538350285,0.048112935012673635,0.6947109789469024,0.5200324708830926,0.06925604527742892,True,False,45.0,,,,,,
chipmean,sentinel2,chip_mean,5,scm_demeaned_std,-,estimator,treatment_0009,5,9,196,0.07346127898508567,0.02773086298762128,0.6916387840247704,0.452364235448011,0.040094430254836784,True,False,45.0,,,,,,
chipmean,sentinel2,chip_mean,5,scm_demeaned_std,-,estimator,treatment_0010,5,9,196,0.14224536032200732,0.058976217609226986,0.6777671275991162,0.5341413391913022,0.08701545886142485,True,False,45.0,,,,,,
chipmean,sentinel2,gram,15,equal_weight,-,reference,treatment_0001,5,9,196,0.06633164160927753,0.08920689205470407,0.5005195338767848,,0.17822859252615011,False,False,,,,,,,
chipmean,sentinel2,gram,15,equal_weight,-,reference,treatment_0002,5,9,196,0.11377495302811472,0.06505417510895488,0.5507634302328971,,0.11811636637066829,True,False,,,,,,,
chipmean,sentinel2,gram,15,equal_weight,-,reference,treatment_0003,5,9,196,0.10278102253851848,0.022056350219565653,0.5901829526190498,,0.03737205576963275,True,False,,,,,,,
chipmean,sentinel2,gram,15,equal_weight,-,reference,treatment_0004,5,9,196,0.14286166996277452,0.07761403875716089,0.4932214113458525,,0.1573614546565924,False,False,,,,,,,
chipmean,sentinel2,gram,15,equal_weight,-,reference,treatment_0005,5,9,196,0.1766734834302894,0.08734253004318436,0.5340028392685056,,0.1635619206872177,True,False,,,,,,,
chipmean,sentinel2,gram,15,equal_weight,-,reference,treatment_0006,5,9,196,0.10635295668078144,0.028474616758617077,0.5392184060938452,,0.052807204718566994,True,False,,,,,,,
chipmean,sentinel2,gram,15,equal_weight,-,reference,treatment_0007,5,9,196,0.06565136137800334,0.07108270481886812,0.5778875402781375,,0.12300439075854792,True,False,,,,,,,
chipmean,sentinel2,gram,15,equal_weight,-,reference,treatment_0008,5,9,196,0.09984570703059462,0.01809423922931729,0.5087898265580324,,0.03556328818861213,True,False,,,,,,,
chipmean,sentinel2,gram,15,equal_weight,-,reference,treatment_0009,5,9,196,0.09147808783579979,0.03044662228100552,0.5069751238897915,,0.06005545606932806,True,False,,,,,,,
chipmean,sentinel2,gram,15,equal_weight,-,reference,treatment_0010,5,9,196,0.14668003857368708,0.05883238719716045,0.4878112127412054,,0.12060482756547936,True,False,,,,,,,
chipmean,sentinel2,gram,15,own_history_mean,-,reference,treatment_0001,5,9,196,0.1422660242441469,0.0886033337842521,0.5005195338767848,,0.1770227289591938,False,True,,,,,,,
chipmean,sentinel2,gram,15,own_history_mean,-,reference,treatment_0002,5,9,196,0.13036720211335412,0.13029878867162462,0.5507634302328971,,0.23657850452512103,False,False,,,,,,,
chipmean,sentinel2,gram,15,own_history_mean,-,reference,treatment_0003,5,9,196,0.11689556125922755,0.1300742516400383,0.5901829526190498,,0.22039649072005368,False,False,,,,,,,
chipmean,sentinel2,gram,15,own_history_mean,-,reference,treatment_0004,5,9,196,0.12658466199707938,0.06291334287860513,0.4932214113458525,,0.12755598486070097,False,True,,,,,,,
chipmean,sentinel2,gram,15,own_history_mean,-,reference,treatment_0005,5,9,196,0.1565854574101389,0.0885492300951779,0.5340028392685056,,0.16582164659737672,False,False,,,,,,,
chipmean,sentinel2,gram,15,own_history_mean,-,reference,treatment_0006,5,9,196,0.11256022443012316,0.105224188945468,0.5392184060938452,,0.19514205701493592,False,False,,,,,,,
chipmean,sentinel2,gram,15,own_history_mean,-,reference,treatment_0007,5,9,196,0.12265428070438766,0.14583915605878556,0.5778875402781375,,0.25236598108447383,False,False,,,,,,,
chipmean,sentinel2,gram,15,own_history_mean,-,reference,treatment_0008,5,9,196,0.13518685798496408,0.0866722049558576,0.5087898265580324,,0.17034972090970416,False,False,,,,,,,
chipmean,sentinel2,gram,15,own_history_mean,-,reference,treatment_0009,5,9,196,0.12450532355329838,0.09272590070054437,0.5069751238897915,,0.18290029693981896,False,False,,,,,,,
chipmean,sentinel2,gram,15,own_history_mean,-,reference,treatment_0010,5,9,196,0.17071798458042672,0.07222511588068271,0.4878112127412054,,0.14805956483620175,False,False,,,,,,,
chipmean,sentinel2,gram,15,scm,-,estimator,treatment_0001,5,9,196,0.04700199102506188,0.04815580742558255,0.5005195338767848,0.5517730737479611,0.0962116444339159,True,True,,,,,,,
chipmean,sentinel2,gram,15,scm,-,estimator,treatment_0002,5,9,196,0.08916350392598377,0.07633360229001963,0.5507634302328971,0.6007541174469317,0.13859598894890504,True,False,,,,,,,
chipmean,sentinel2,gram,15,scm,-,estimator,treatment_0003,5,9,196,0.08375775349346234,0.014091818524524343,0.5901829526190498,0.5407458338898291,0.023877034167098864,True,True,,,,,,,
chipmean,sentinel2,gram,15,scm,-,estimator,treatment_0004,5,9,196,0.11476365307913751,0.0964439442378846,0.4932214113458525,0.5639462424779128,0.19553884324429097,False,False,,,,,,,
chipmean,sentinel2,gram,15,scm,-,estimator,treatment_0005,5,9,196,0.1578426716783849,0.09894122688616773,0.5340028392685056,0.5905042115746391,0.18528221127382138,False,False,,,,,,,
chipmean,sentinel2,gram,15,scm,-,estimator,treatment_0006,5,9,196,0.058278869324360556,0.04064948806518759,0.5392184060938452,0.6076859237413661,0.07538594307204154,True,False,,,,,,,
chipmean,sentinel2,gram,15,scm,-,estimator,treatment_0007,5,9,196,0.04155504585202893,0.052260307016528486,0.5778875402781375,0.6954368804989695,0.09043335142919949,True,True,,,,,,,
chipmean,sentinel2,gram,15,scm,-,estimator,treatment_0008,5,9,196,0.08395970971870144,0.02883063538043658,0.5087898265580324,0.5690614183532924,0.0566651176488258,True,False,,,,,,,
chipmean,sentinel2,gram,15,scm,-,estimator,treatment_0009,5,9,196,0.07434343905700057,0.0482678822731239,0.5069751238897915,0.8066517822741306,0.09520759500542395,True,False,,,,,,,
chipmean,sentinel2,gram,15,scm,-,estimator,treatment_0010,5,9,196,0.12049571204726148,0.018516162565785046,0.4878112127412054,0.676171865819147,0.03795764033740708,True,True,,,,,,,
chipmean,sentinel2,gram,15,afsc,-,estimator,treatment_0001,5,9,196,0.04700199145767229,0.048152736561808,0.5005195338767848,0.551800000206858,0.09620550908141375,True,True,,0.0481527365618082,1.0000000000000013,1.0,100000000.0,ceiling,0.0481527366167544
chipmean,sentinel2,gram,15,afsc,-,estimator,treatment_0002,5,9,196,0.0891635039036109,0.0763333522296951,0.5507634302328971,0.600800001645325,0.13859553492398108,True,False,,0.0763333522296944,1.0000000000000002,1.0,100000000.0,ceiling,0.0763333522877681
chipmean,sentinel2,gram,15,afsc,-,estimator,treatment_0003,5,9,196,0.08375775373344872,0.0140922879927161,0.5901829526190498,0.540700000762998,0.023877829629234248,True,True,,0.0140922879927165,0.9999999999999993,2.0,100000000.0,ceiling,0.0140922879679649
chipmean,sentinel2,gram,15,afsc,-,estimator,treatment_0004,5,9,196,0.11476365320348285,0.0964418605532634,0.4932214113458525,0.563900001480202,0.19553461860080779,False,False,,0.0964418605532642,1.0000000000000002,2.0,100000000.0,ceiling,0.0964418605018634
chipmean,sentinel2,gram,15,afsc,-,estimator,treatment_0005,5,9,196,0.15784267155540305,0.0989424719036814,0.5340028392685056,0.590500001767212,0.18528454275489623,False,False,,0.0989424719036813,0.9999999999999999,2.0,100000000.0,ceiling,0.0989424718909607
chipmean,sentinel2,gram,15,afsc,-,estimator,treatment_0006,5,9,196,0.05827886942581915,0.040649592095527,0.5392184060938452,0.607700000190136,0.0753861360000615,True,False,,0.0406495920955276,1.0000000000000004,1.0,100000000.0,ceiling,0.0406495920791214
chipmean,sentinel2,gram,15,afsc,-,estimator,treatment_0007,5,9,196,0.04155504586030867,0.0522618781717308,0.5778875402781375,0.695400000558116,0.0904360702197821,True,True,,0.0522618781717297,0.9999999999999996,3.0,100000000.0,ceiling,0.0522618781748671
chipmean,sentinel2,gram,15,afsc,-,estimator,treatment_0008,5,9,196,0.08395971005094939,0.028830742816742,0.5087898265580324,0.569099999999619,0.0566653288093086,True,False,,0.0288307428167428,0.9999999999999994,0.0,100000000.0,ceiling,0.0288307428167525
chipmean,sentinel2,gram,15,afsc,-,estimator,treatment_0009,5,9,196,0.07434343929294082,0.0482644641333408,0.5069751238897915,0.806600000307314,0.09520085278155135,True,False,,0.0482644641333416,0.9999999999999999,1.0,100000000.0,ceiling,0.0482644642412901
chipmean,sentinel2,gram,15,afsc,-,estimator,treatment_0010,5,9,196,0.1205032972991175,0.0185156570394275,0.4878112127412054,0.676200000610611,0.03795660402183183,True,True,,0.0185156570394272,1.0000999999999998,2.0,100000000.0,ceiling,0.0185156571037892
chipmean,sentinel2,quantile,100,equal_weight,-,reference,treatment_0001,5,9,196,0.11294620601404137,0.12338830386424811,0.7420022503469963,,0.1662910103123619,True,False,,,,,,,
chipmean,sentinel2,quantile,100,equal_weight,-,reference,treatment_0002,5,9,196,0.16988173469018042,0.08448789067550383,0.7672599066388186,,0.11011638943265652,True,False,,,,,,,
chipmean,sentinel2,quantile,100,equal_weight,-,reference,treatment_0003,5,9,196,0.12689420198181198,0.05288002666935496,0.782243996566198,,0.06760042506108252,True,False,,,,,,,
chipmean,sentinel2,quantile,100,equal_weight,-,reference,treatment_0004,5,9,196,0.1731740421245016,0.10588597367370481,0.7378706325253204,,0.14350208424926206,True,False,,,,,,,
chipmean,sentinel2,quantile,100,equal_weight,-,reference,treatment_0005,5,9,196,0.2033043076856379,0.11160079352183284,0.7583668874690279,,0.14715937017541617,True,False,,,,,,,
chipmean,sentinel2,quantile,100,equal_weight,-,reference,treatment_0006,5,9,196,0.15262513665546681,0.06805316512319791,0.7621438050931478,,0.08929176445235368,True,False,,,,,,,
chipmean,sentinel2,quantile,100,equal_weight,-,reference,treatment_0007,5,9,196,0.10182599373276269,0.08941007105354228,0.7765049516322149,,0.1151442381218589,True,False,,,,,,,
chipmean,sentinel2,quantile,100,equal_weight,-,reference,treatment_0008,5,9,196,0.13563162429452919,0.06170556794766508,0.7427158396943287,,0.08308099093868868,True,False,,,,,,,
chipmean,sentinel2,quantile,100,equal_weight,-,reference,treatment_0009,5,9,196,0.1301100808632454,0.06544763705801253,0.7440596012044365,,0.08796020769313379,True,False,,,,,,,
chipmean,sentinel2,quantile,100,equal_weight,-,reference,treatment_0010,5,9,196,0.18628101664299745,0.09580663499271964,0.7354554072421527,,0.13026844870442944,True,False,,,,,,,
chipmean,sentinel2,quantile,100,own_history_mean,-,reference,treatment_0001,5,9,196,0.1871730956615635,0.15503217075285103,0.7420022503469963,,0.20893760184736698,False,False,,,,,,,
chipmean,sentinel2,quantile,100,own_history_mean,-,reference,treatment_0002,5,9,196,0.15979086368407971,0.1721522760834911,0.7672599066388186,,0.22437282932930624,False,False,,,,,,,
chipmean,sentinel2,quantile,100,own_history_mean,-,reference,treatment_0003,5,9,196,0.14174424577922565,0.13198198841489633,0.782243996566198,,0.16872227718493873,False,False,,,,,,,
chipmean,sentinel2,quantile,100,own_history_mean,-,reference,treatment_0004,5,9,196,0.16887899426969963,0.12478941273180684,0.7378706325253204,,0.16912099117527168,False,False,,,,,,,
chipmean,sentinel2,quantile,100,own_history_mean,-,reference,treatment_0005,5,9,196,0.17710755197932984,0.14704124622004175,0.7583668874690279,,0.1938919652871144,False,False,,,,,,,
chipmean,sentinel2,quantile,100,own_history_mean,-,reference,treatment_0006,5,9,196,0.15882526449977233,0.1380358125897244,0.7621438050931478,,0.1811151801894577,False,False,,,,,,,
chipmean,sentinel2,quantile,100,own_history_mean,-,reference,treatment_0007,5,9,196,0.15105952674001666,0.15661455521502715,0.7765049516322149,,0.20169163749158722,False,False,,,,,,,
chipmean,sentinel2,quantile,100,own_history_mean,-,reference,treatment_0008,5,9,196,0.17284368748221393,0.15764886286058102,0.7427158396943287,,0.21225999828610467,False,False,,,,,,,
chipmean,sentinel2,quantile,100,own_history_mean,-,reference,treatment_0009,5,9,196,0.16241328006829975,0.16394002230733856,0.7440596012044365,,0.22033184175294943,False,False,,,,,,,
chipmean,sentinel2,quantile,100,own_history_mean,-,reference,treatment_0010,5,9,196,0.20898334800041077,0.16412868513947682,0.7354554072421527,,0.2231660594555076,False,False,,,,,,,
chipmean,sentinel2,quantile,100,scm,-,estimator,treatment_0001,5,9,196,0.09979060299486797,0.08693285288767384,0.7420022503469963,0.49179513262550334,0.11715982377010288,True,True,,,,,,,
chipmean,sentinel2,quantile,100,scm,-,estimator,treatment_0002,5,9,196,0.1486613379586244,0.08954793947134654,0.7672599066388186,0.5629127987509496,0.11671134995654153,True,False,,,,,,,
chipmean,sentinel2,quantile,100,scm,-,estimator,treatment_0003,5,9,196,0.10232259828829775,0.059130284074516856,0.782243996566198,0.5886669688410887,0.07559058853002384,True,False,,,,,,,
chipmean,sentinel2,quantile,100,scm,-,estimator,treatment_0004,5,9,196,0.15238374072840463,0.11456918723085159,0.7378706325253204,0.5674750469375043,0.15527001913430957,True,False,,,,,,,
chipmean,sentinel2,quantile,100,scm,-,estimator,treatment_0005,5,9,196,0.18202538075777397,0.13285728484036466,0.7583668874690279,0.6042971557597026,0.1751886679595971,True,False,,,,,,,
chipmean,sentinel2,quantile,100,scm,-,estimator,treatment_0006,5,9,196,0.1104144456057554,0.07459664756426071,0.7621438050931478,0.6114324761658562,0.09787739146570068,True,False,,,,,,,
chipmean,sentinel2,quantile,100,scm,-,estimator,treatment_0007,5,9,196,0.08219914024347724,0.07084942497154927,0.7765049516322149,0.636805644179733,0.09124143358342228,True,True,,,,,,,
chipmean,sentinel2,quantile,100,scm,-,estimator,treatment_0008,5,9,196,0.11488042734024707,0.07428571223828287,0.7427158396943287,0.49754354770398584,0.10001902244182083,True,False,,,,,,,
chipmean,sentinel2,quantile,100,scm,-,estimator,treatment_0009,5,9,196,0.11150878987213028,0.08389116305658727,0.7440596012044365,0.5712982849606998,0.1127479074536362,True,False,,,,,,,
chipmean,sentinel2,quantile,100,scm,-,estimator,treatment_0010,5,9,196,0.16612752280909276,0.07045141699930846,0.7354554072421527,0.5177671708819848,0.09579291457450927,True,True,,,,,,,
chipmean,sentinel2,quantile,100,afsc,-,estimator,treatment_0001,5,9,196,0.09974029767580035,0.0868370872649398,0.7420022503469963,0.491799999998481,0.11703075997994691,True,True,,0.0869285118673098,0.9999000000000001,0.0,100000000.0,ceiling,0.0869285118671679
chipmean,sentinel2,quantile,100,afsc,-,estimator,treatment_0002,5,9,196,0.14864682784275599,0.0895022237397301,0.7672599066388186,0.562900016591648,0.11665176684628009,True,False,,0.089549124960784,1.0000000000000002,1.0,100000000.0,ceiling,0.0895491264451664
chipmean,sentinel2,quantile,100,afsc,-,estimator,treatment_0003,5,9,196,0.10228784520755409,0.0590270836230191,0.782243996566198,0.588700001890817,0.07545865980707962,True,False,,0.0591369315225879,1.0000999999999995,1.0,100000000.0,ceiling,0.0591369312444382
chipmean,sentinel2,quantile,100,afsc,-,estimator,treatment_0004,5,9,196,0.15233306234176652,0.114506420409664,0.7378706325253204,0.567500005256504,0.15518495432969362,True,False,,0.114569495954436,1.0000000000000002,1.0,100000000.0,ceiling,0.114569496325176
chipmean,sentinel2,quantile,100,afsc,-,estimator,treatment_0005,5,9,196,0.18199987458241496,0.132818656723969,0.7583668874690279,0.604300013119303,0.1751377320379028,True,False,,0.132859714673816,1.0,1.0,100000000.0,ceiling,0.132859713825704
chipmean,sentinel2,quantile,100,afsc,-,estimator,treatment_0006,5,9,196,0.11034088936695922,0.0744715734650723,0.7621438050931478,0.611400000965834,0.09771328319853038,True,False,,0.074593672053266,0.9999999999999998,1.0,100000000.0,ceiling,0.0745936720161075
chipmean,sentinel2,quantile,100,afsc,-,estimator,treatment_0007,5,9,196,0.08213965497437105,0.0708306986170676,0.7765049516322149,0.636800000370955,0.09121731737599527,True,True,,0.0708645482818126,0.9999000000000007,1.0,100000000.0,ceiling,0.0708645482551232
chipmean,sentinel2,quantile,100,afsc,-,estimator,treatment_0008,5,9,196,0.11485443223430916,0.0741878920277597,0.7427158396943287,0.497500000242768,0.09988731633661184,True,False,,0.0742837778207316,1.0000000000000004,1.0,100000000.0,ceiling,0.0742837777811624
chipmean,sentinel2,quantile,100,afsc,-,estimator,treatment_0009,5,9,196,0.1114580755800431,0.083838737176781,0.7440596012044365,0.571300000924973,0.11267744820585364,True,False,,0.0838904110170531,0.9999999999999999,1.0,100000000.0,ceiling,0.0838904108496019
chipmean,sentinel2,quantile,100,afsc,-,estimator,treatment_0010,5,9,196,0.166110302189149,0.0703110701287629,0.7354554072421527,0.517800007185684,0.09560208468983708,True,True,,0.0704552244218935,1.0001000000000004,2.0,100000000.0,ceiling,0.0704552248554767
chipmean,sentinel2,combined,115,equal_weight,-,reference,treatment_0001,5,9,196,0.15944955767767163,0.1787236656571463,1.0644714445358172,,0.1678989761299629,True,False,,,,,,,
chipmean,sentinel2,combined,115,equal_weight,-,reference,treatment_0002,5,9,196,0.2434842638477577,0.1235813839110419,1.1101883406376678,,0.11131569247075633,True,False,,,,,,,
chipmean,sentinel2,combined,115,equal_weight,-,reference,treatment_0003,5,9,196,0.18722227065924685,0.07273584071443208,1.1404550804504587,,0.06377790932870654,True,False,,,,,,,
chipmean,sentinel2,combined,115,equal_weight,-,reference,treatment_0004,5,9,196,0.2563528155501457,0.15368693949841716,1.057295657700261,,0.14535852708664654,True,False,,,,,,,
chipmean,sentinel2,combined,115,equal_weight,-,reference,treatment_0005,5,9,196,0.3039682932073783,0.16368197032012807,1.0943031153661644,,0.14957644552200558,True,False,,,,,,,
chipmean,sentinel2,combined,115,equal_weight,-,reference,treatment_0006,5,9,196,0.2199130751379327,0.09362237734335387,1.1004917406253139,,0.08507322125848614,True,False,,,,,,,
chipmean,sentinel2,combined,115,equal_weight,-,reference,treatment_0007,5,9,196,0.1452516531999909,0.1314869196405102,1.1296658965404476,,0.11639451986926679,True,False,,,,,,,
chipmean,sentinel2,combined,115,equal_weight,-,reference,treatment_0008,5,9,196,0.19698894407749254,0.08370080924359238,1.067674120064996,,0.07839546512422442,True,False,,,,,,,
chipmean,sentinel2,combined,115,equal_weight,-,reference,treatment_0009,5,9,196,0.18770538497844855,0.09061719928577938,1.0688373043732058,,0.08478109709963733,True,False,,,,,,,
chipmean,sentinel2,combined,115,equal_weight,-,reference,treatment_0010,5,9,196,0.2734949574019815,0.13589694765687674,1.0527919703683841,,0.12908243174510992,True,False,,,,,,,
chipmean,sentinel2,combined,115,own_history_mean,-,reference,treatment_0001,5,9,196,0.273206548697066,0.21826980616235805,1.0644714445358172,,0.2050499403086747,False,False,,,,,,,
chipmean,sentinel2,combined,115,own_history_mean,-,reference,treatment_0002,5,9,196,0.2360647833802121,0.25111243034009495,1.1101883406376678,,0.22618903581338415,False,False,,,,,,,
chipmean,sentinel2,combined,115,own_history_mean,-,reference,treatment_0003,5,9,196,0.2098142511874717,0.20289042248218492,1.1404550804504587,,0.17790303709467184,False,False,,,,,,,
chipmean,sentinel2,combined,115,own_history_mean,-,reference,treatment_0004,5,9,196,0.24596014299643504,0.17378298916090706,1.057295657700261,,0.16436555649808016,False,False,,,,,,,
chipmean,sentinel2,combined,115,own_history_mean,-,reference,treatment_0005,5,9,196,0.2657264556901058,0.20812809205574764,1.0943031153661644,,0.19019235998986073,False,False,,,,,,,
chipmean,sentinel2,combined,115,own_history_mean,-,reference,treatment_0006,5,9,196,0.22938987842558936,0.20157786102735326,1.1004917406253139,,0.1831707168586418,False,False,,,,,,,
chipmean,sentinel2,combined,115,own_history_mean,-,reference,treatment_0007,5,9,196,0.22297369661629318,0.23760043128713118,1.1296658965404476,,0.2103280554142354,False,False,,,,,,,
chipmean,sentinel2,combined,115,own_history_mean,-,reference,treatment_0008,5,9,196,0.2534780794181269,0.22114597990874665,1.067674120064996,,0.20712872565955248,False,False,,,,,,,
chipmean,sentinel2,combined,115,own_history_mean,-,reference,treatment_0009,5,9,196,0.23739293294415897,0.23057993835624843,1.0688373043732058,,0.21572968815068308,False,False,,,,,,,
chipmean,sentinel2,combined,115,own_history_mean,-,reference,treatment_0010,5,9,196,0.30880931284876884,0.22644956453420437,1.0527919703683841,,0.2150943119892594,False,False,,,,,,,
chipmean,sentinel2,combined,115,scm,-,estimator,treatment_0001,5,9,196,0.13839579783398584,0.12191690817116367,1.0644714445358172,0.5015152173454199,0.11453281231449833,True,True,,,,,,,
chipmean,sentinel2,combined,115,scm,-,estimator,treatment_0002,5,9,196,0.21086925841546572,0.1331622476687554,1.1101883406376678,0.5703046278003434,0.11994563696486843,True,False,,,,,,,
chipmean,sentinel2,combined,115,scm,-,estimator,treatment_0003,5,9,196,0.15189052840892148,0.0804177059221119,1.1404550804504587,0.5636555863100798,0.07051369869854794,True,False,,,,,,,
chipmean,sentinel2,combined,115,scm,-,estimator,treatment_0004,5,9,196,0.2226213139853215,0.1706529957078618,1.057295657700261,0.5703485190316262,0.16140517977634714,True,False,,,,,,,
chipmean,sentinel2,combined,115,scm,-,estimator,treatment_0005,5,9,196,0.2731536282253163,0.19380416175463383,1.0943031153661644,0.6030385043846179,0.17710281459793256,True,False,,,,,,,
chipmean,sentinel2,combined,115,scm,-,estimator,treatment_0006,5,9,196,0.15473084234256737,0.10434830506472466,1.1004917406253139,0.6074983730651713,0.09481970760219662,True,False,,,,,,,
chipmean,sentinel2,combined,115,scm,-,estimator,treatment_0007,5,9,196,0.11509003875598882,0.10174691212003592,1.1296658965404476,0.6537358379256594,0.09006814530883103,True,True,,,,,,,
chipmean,sentinel2,combined,115,scm,-,estimator,treatment_0008,5,9,196,0.16679054398080423,0.10217040834508007,1.067674120064996,0.5001147436032919,0.09569437567603523,True,False,,,,,,,
chipmean,sentinel2,combined,115,scm,-,estimator,treatment_0009,5,9,196,0.1609548130447229,0.1170068932239661,1.0688373043732058,0.6191056846379331,0.10947119149493197,True,False,,,,,,,
chipmean,sentinel2,combined,115,scm,-,estimator,treatment_0010,5,9,196,0.2412340336714927,0.09498189339584746,1.0527919703683841,0.5514004164328367,0.09021905188221771,True,True,,,,,,,
chipmean,sentinel2,combined,115,afsc,-,estimator,treatment_0001,5,9,196,0.1383409088276554,0.121797656048842,1.0644714445358172,0.501500000001024,0.11442078289094375,True,True,,0.121915250322649,1.000000000000001,0.0,100000000.0,ceiling,0.121915250322556
chipmean,sentinel2,combined,115,afsc,-,estimator,treatment_0002,5,9,196,0.21084933300512312,0.133100931621171,1.1101883406376678,0.570300040064213,0.11989040665363208,True,False,,0.133160466241334,1.0000000000000004,1.0,100000000.0,ceiling,0.133160471482849
chipmean,sentinel2,combined,115,afsc,-,estimator,treatment_0003,5,9,196,0.15182608756157265,0.080274772979347,1.1404550804504587,0.56370000517187,0.07038836895499641,True,False,,0.0804173146410933,1.0000000000000002,1.0,100000000.0,ceiling,0.0804173135830179
chipmean,sentinel2,combined,115,afsc,-,estimator,treatment_0004,5,9,196,0.22255778540176474,0.170570102478862,1.057295657700261,0.570300014731477,0.1613267785946189,True,False,,0.17065039553451,1.0000000000000002,1.0,100000000.0,ceiling,0.170650396896651
chipmean,sentinel2,combined,115,afsc,-,estimator,treatment_0005,5,9,196,0.27312392274119984,0.193757192163751,1.0943031153661644,0.603000032747171,0.17705989267783268,True,False,,0.193802103881965,1.0000000000000002,1.0,100000000.0,ceiling,0.193802101155363
chipmean,sentinel2,combined,115,afsc,-,estimator,treatment_0006,5,9,196,0.15465730655395513,0.104216190917247,1.1004917406253139,0.607500002496765,0.0946996574985924,True,False,,0.104370686110992,1.0001000000000002,1.0,100000000.0,ceiling,0.104370685943682
chipmean,sentinel2,combined,115,afsc,-,estimator,treatment_0007,5,9,196,0.11501058533005272,0.101726780045505,1.1296658965404476,0.653700002135959,0.09005032404451513,True,True,,0.101776513081778,0.9998999999999999,1.0,100000000.0,ceiling,0.101776512856746
chipmean,sentinel2,combined,115,afsc,-,estimator,treatment_0008,5,9,196,0.16675122200565654,0.102017923420286,1.067674120064996,0.500100000003135,0.09555155595049501,True,False,,0.102143519821544,0.9999,0.0,100000000.0,ceiling,0.102143519820852
chipmean,sentinel2,combined,115,afsc,-,estimator,treatment_0009,5,9,196,0.1608874981848862,0.116934882100868,1.0688373043732058,0.619100001757544,0.10940381816991472,True,False,,0.117002419305913,1.0000000000000002,1.0,100000000.0,ceiling,0.117002418828549
chipmean,sentinel2,combined,115,afsc,-,estimator,treatment_0010,5,9,196,0.2411971794681798,0.0947898996234423,1.0527919703683841,0.551400017992654,0.09003668558592275,True,True,,0.0949814665434447,1.0000000000000004,2.0,100000000.0,ceiling,0.094981468212775
chipmean,sentinel2,block245,245,equal_weight,-,reference,treatment_0001,5,9,196,0.16168345358213215,0.228467544691908,0.7151721520744988,,0.31945811093062354,False,False,,,,,,,
chipmean,sentinel2,block245,245,equal_weight,-,reference,treatment_0002,5,9,196,0.17305749828401526,0.1718908446985369,0.7436447101212397,,0.23114646330303726,False,False,,,,,,,
chipmean,sentinel2,block245,245,equal_weight,-,reference,treatment_0003,5,9,196,0.15117280884726136,0.1216526342412413,0.767570713682291,,0.15849045836784642,True,False,,,,,,,
chipmean,sentinel2,block245,245,equal_weight,-,reference,treatment_0004,5,9,196,0.2152381976155452,0.22052766468133833,0.7067229159967837,,0.31204261201902495,False,False,,,,,,,
chipmean,sentinel2,block245,245,equal_weight,-,reference,treatment_0005,5,9,196,0.22178333920993326,0.20893539006319872,0.7325076844398527,,0.28523303509501235,False,False,,,,,,,
chipmean,sentinel2,block245,245,equal_weight,-,reference,treatment_0006,5,9,196,0.18561478073116422,0.17369421410370448,0.7369872866101295,,0.2356814252558331,False,False,,,,,,,
chipmean,sentinel2,block245,245,equal_weight,-,reference,treatment_0007,5,9,196,0.13517726186923987,0.1567064817225063,0.7622374775597907,,0.20558747940888816,True,False,,,,,,,
chipmean,sentinel2,block245,245,equal_weight,-,reference,treatment_0008,5,9,196,0.16921052578820817,0.19482147950948608,0.7180786029717412,,0.27130940638423806,False,False,,,,,,,
chipmean,sentinel2,block245,245,equal_weight,-,reference,treatment_0009,5,9,196,0.16533224999255441,0.19009893742155698,0.7153621418860916,,0.26573804551684926,False,False,,,,,,,
chipmean,sentinel2,block245,245,equal_weight,-,reference,treatment_0010,5,9,196,0.2096876294878873,0.19326436854455686,0.6990154046491558,,0.27648084328207123,False,False,,,,,,,
chipmean,sentinel2,block245,245,own_history_mean,-,reference,treatment_0001,5,9,196,0.19363927660715535,0.169571368516575,0.7151721520744988,,0.2371056647335884,False,True,,,,,,,
chipmean,sentinel2,block245,245,own_history_mean,-,reference,treatment_0002,5,9,196,0.1640009854590759,0.1674132332140719,0.7436447101212397,,0.22512529294638267,False,True,,,,,,,
chipmean,sentinel2,block245,245,own_history_mean,-,reference,treatment_0003,5,9,196,0.14817159643289493,0.13299782059900384,0.767570713682291,,0.17327109832131196,False,False,,,,,,,
chipmean,sentinel2,block245,245,own_history_mean,-,reference,treatment_0004,5,9,196,0.181068352989409,0.1458848709356682,0.7067229159967837,,0.20642442410390457,False,True,,,,,,,
chipmean,sentinel2,block245,245,own_history_mean,-,reference,treatment_0005,5,9,196,0.18171286212551324,0.1484480336959221,0.7325076844398527,,0.20265730564920975,False,True,,,,,,,
chipmean,sentinel2,block245,245,own_history_mean,-,reference,treatment_0006,5,9,196,0.15823474804457038,0.13879349607700942,0.7369872866101295,,0.18832549570211513,False,True,,,,,,,
chipmean,sentinel2,block245,245,own_history_mean,-,reference,treatment_0007,5,9,196,0.16053342982699775,0.1670982084440489,0.7622374775597907,,0.21922066726368955,False,False,,,,,,,
chipmean,sentinel2,block245,245,own_history_mean,-,reference,treatment_0008,5,9,196,0.1722836364387342,0.15386891414414997,0.7180786029717412,,0.21427865070393307,False,True,,,,,,,
chipmean,sentinel2,block245,245,own_history_mean,-,reference,treatment_0009,5,9,196,0.16568588221257297,0.15578836222947,0.7153621418860916,,0.21777551970911604,False,True,,,,,,,
chipmean,sentinel2,block245,245,own_history_mean,-,reference,treatment_0010,5,9,196,0.21233691541812078,0.15589958644520402,0.6990154046491558,,0.22302739740542898,False,True,,,,,,,
chipmean,sentinel2,block245,245,scm,-,estimator,treatment_0001,5,9,196,0.155155030194056,0.21230039404348772,0.7151721520744988,0.3602431855741282,0.2968521543067194,False,True,,,,,,,
chipmean,sentinel2,block245,245,scm,-,estimator,treatment_0002,5,9,196,0.15971151959030516,0.17966313855991958,0.7436447101212397,0.3861724212492683,0.24159808590668022,False,False,,,,,,,
chipmean,sentinel2,block245,245,scm,-,estimator,treatment_0003,5,9,196,0.13833473353267112,0.1289449136940096,0.767570713682291,0.5240873214976522,0.1679909243480879,True,False,,,,,,,
chipmean,sentinel2,block245,245,scm,-,estimator,treatment_0004,5,9,196,0.18916277397204775,0.21531668563375583,0.7067229159967837,0.6085235364108755,0.3046691719767804,False,True,,,,,,,
chipmean,sentinel2,block245,245,scm,-,estimator,treatment_0005,5,9,196,0.2117208636287913,0.22859112059207626,0.7325076844398527,0.4636959959348686,0.31206651540711067,False,False,,,,,,,
chipmean,sentinel2,block245,245,scm,-,estimator,treatment_0006,5,9,196,0.15715380242630153,0.18996714088817487,0.7369872866101295,0.6233978530665361,0.2577617610772553,False,False,,,,,,,
chipmean,sentinel2,block245,245,scm,-,estimator,treatment_0007,5,9,196,0.12746786390390938,0.1582444742457346,0.7622374775597907,0.3791899743705108,0.20760521347275496,True,False,,,,,,,
chipmean,sentinel2,block245,245,scm,-,estimator,treatment_0008,5,9,196,0.15352187479774532,0.19425131839636323,0.7180786029717412,0.4939613420286126,0.27051539705049205,False,True,,,,,,,
chipmean,sentinel2,block245,245,scm,-,estimator,treatment_0009,5,9,196,0.15762959439626334,0.19719109631060017,0.7153621418860916,0.3471730653433377,0.2756521274535091,False,False,,,,,,,
chipmean,sentinel2,block245,245,scm,-,estimator,treatment_0010,5,9,196,0.19708869069118606,0.1887350524680366,0.6990154046491558,0.44078833074656854,0.27000127781556543,False,True,,,,,,,
chipmean,sentinel2,block245,245,scm,B,estimator,treatment_0001,5,9,196,0.1520610516166888,0.18629804886203388,0.7016096453416801,0.35673589334706507,0.26552948651569314,False,True,,,,,,,
chipmean,sentinel2,block245,245,scm,B,estimator,treatment_0002,4,9,196,0.1881592879241597,0.19086561512580394,0.7075735228200518,0.41841596096078193,0.269746689171048,False,False,,,,,,,
chipmean,sentinel2,block245,245,scm,B,estimator,treatment_0003,5,9,196,0.1326396281570885,0.1179195903216703,0.7736426096051751,0.5395760410748272,0.15242127160220664,True,False,,,,,,,
chipmean,sentinel2,block245,245,scm,B,estimator,treatment_0004,3,9,196,0.24468315771144336,0.20654575955052512,0.6964647495289092,0.5058919973186535,0.2965631206607847,False,False,,,,,,,
chipmean,sentinel2,block245,245,scm,B,estimator,treatment_0005,4,9,196,0.20036633333331968,0.17715722245011203,0.7467986663264875,0.5526066351539753,0.23722219982200926,False,True,,,,,,,
chipmean,sentinel2,block245,245,scm,B,estimator,treatment_0006,5,9,196,0.14411807248238873,0.16673423472589277,0.7423825442763814,0.5994834575625826,0.22459342021358106,False,False,,,,,,,
chipmean,sentinel2,block245,245,scm,B,estimator,treatment_0007,5,9,196,0.13160893558822626,0.17253766178457142,0.7560063712203493,0.39952700945762104,0.22822249699570687,False,False,,,,,,,
chipmean,sentinel2,block245,245,scm,B,estimator,treatment_0008,5,9,196,0.1458681669207428,0.17358665636202564,0.7208872646961522,0.37218591015628616,0.2407958426553574,False,True,,,,,,,
chipmean,sentinel2,block245,245,scm,B,estimator,treatment_0009,5,9,196,0.14387959126879998,0.17107389162361686,0.7277054003104475,0.34195277059687934,0.23508674190219664,False,True,,,,,,,
chipmean,sentinel2,block245,245,scm,B,estimator,treatment_0010,5,9,196,0.18874810899538758,0.1580620128427184,0.7084474498165607,0.40590848086659737,0.22311042672769252,False,True,,,,,,,
chipmean,sentinel2,block245,245,scm,C,estimator,treatment_0001,5,9,196,0.14341757849247772,0.1711075258741414,0.7034097247429083,0.3255305533268629,0.24325442179048648,False,True,,,,,,,
chipmean,sentinel2,block245,245,scm,C,estimator,treatment_0002,4,9,196,0.18385265025587452,0.19346434060703652,0.7056090520995608,0.4662410973465603,0.27418063874234266,False,False,,,,,,,
chipmean,sentinel2,block245,245,scm,C,estimator,treatment_0003,5,9,196,0.12979708627199946,0.11509242869152275,0.771690778980495,0.5479819604171065,0.1491431954695312,True,False,,,,,,,
chipmean,sentinel2,block245,245,scm,C,estimator,treatment_0004,3,9,196,0.23610450836682023,0.18458138896962098,0.6948733101892213,0.49513747793854507,0.26563315393327963,False,True,,,,,,,
chipmean,sentinel2,block245,245,scm,C,estimator,treatment_0005,4,9,196,0.2036476232040398,0.19155983343524288,0.7388790662671939,0.5539783641729842,0.25925735642099096,False,False,,,,,,,
chipmean,sentinel2,block245,245,scm,C,estimator,treatment_0006,5,9,196,0.13974743473231016,0.16261960483995883,0.7442853172316528,0.6225876015864635,0.2184909483970712,False,False,,,,,,,
chipmean,sentinel2,block245,245,scm,C,estimator,treatment_0007,5,9,196,0.12712158570821866,0.15312593039494182,0.7613426187832107,0.42147823489969977,0.20112617712071604,True,False,,,,,,,
chipmean,sentinel2,block245,245,scm,C,estimator,treatment_0008,5,9,196,0.15331311108174042,0.1809824249148244,0.725813433083843,0.4544599566200207,0.2493511647281927,False,True,,,,,,,
chipmean,sentinel2,block245,245,scm,C,estimator,treatment_0009,5,9,196,0.15121103210672865,0.18726829236656076,0.7272414974921217,0.3585445769153003,0.2575049595111828,False,True,,,,,,,
chipmean,sentinel2,block245,245,scm,C,estimator,treatment_0010,5,9,196,0.19172395601866538,0.14691714916704013,0.7084474498165607,0.45091376297657554,0.2073790359540169,True,False,,,,,,,
chipmean,sentinel2,block245,245,scm,D_min,estimator,treatment_0001,5,9,196,0.1329785461807735,0.15626660426012853,0.7043995670448469,0.33284293747416765,0.22184369720116473,True,True,,,,,,,
chipmean,sentinel2,block245,245,scm,D_min,estimator,treatment_0002,4,9,196,0.17323804437266796,0.1418416845583115,0.7158667041358571,0.36437962734046864,0.1981397985670148,True,True,,,,,,,
chipmean,sentinel2,block245,245,scm,D_min,estimator,treatment_0003,5,9,196,0.11960448203452337,0.095985194370308,0.774703281528067,0.5826957798401828,0.12389930010491446,True,False,,,,,,,
chipmean,sentinel2,block245,245,scm,D_min,estimator,treatment_0004,3,9,196,0.23040131146201256,0.17086866222849348,0.701409980882721,0.49634400827762903,0.24360740064385183,False,True,,,,,,,
chipmean,sentinel2,block245,245,scm,D_min,estimator,treatment_0005,4,9,196,0.19641035676058408,0.14332314324046216,0.7464443972537305,0.5486629162875419,0.19200779558098008,True,True,,,,,,,
chipmean,sentinel2,block245,245,scm,D_min,estimator,treatment_0006,5,9,196,0.12491612890923956,0.1371621141210883,0.7427375922851159,0.6318173200373031,0.18467102721850068,True,False,,,,,,,
chipmean,sentinel2,block245,245,scm,D_min,estimator,treatment_0007,5,9,196,0.11414335495502144,0.12332703135967696,0.7635224936700507,0.5280759958231294,0.16152376961008252,True,True,,,,,,,
chipmean,sentinel2,block245,245,scm,D_min,estimator,treatment_0008,5,9,196,0.1351676667691291,0.13679693886845734,0.7255841791725719,0.5314220508499146,0.18853351932846066,True,True,,,,,,,
chipmean,sentinel2,block245,245,scm,D_min,estimator,treatment_0009,5,9,196,0.13090831071567752,0.1466241131849861,0.7265020077811414,0.3602021190809068,0.2018220343709726,True,True,,,,,,,
chipmean,sentinel2,block245,245,scm,D_min,estimator,treatment_0010,5,9,196,0.1864591945782019,0.13960378013800334,0.7084474498165607,0.44502904334097637,0.1970559427860897,True,True,,,,,,,
chipmean,sentinel2,block245,245,scm,D_full,estimator,treatment_0001,5,9,196,0.1367484919731448,0.15526154338786285,0.6995690860789892,0.34366289899318264,0.22193882845522436,True,True,,,,,,,
chipmean,sentinel2,block245,245,scm,D_full,estimator,treatment_0002,4,9,196,0.17477796079715732,0.15406687623784535,0.7174230276124467,0.3681912011554847,0.21475039176059535,True,False,,,,,,,
chipmean,sentinel2,block245,245,scm,D_full,estimator,treatment_0003,5,9,196,0.12128405014613591,0.09635319856167855,0.7727821887884663,0.5401983478139972,0.12468351362074848,True,False,,,,,,,
chipmean,sentinel2,block245,245,scm,D_full,estimator,treatment_0004,3,9,196,0.2250909081295904,0.14615949641529913,0.6922968166456339,0.5126772688054532,0.21112258918577956,False,True,,,,,,,
chipmean,sentinel2,block245,245,scm,D_full,estimator,treatment_0005,4,9,196,0.19496934325952964,0.1439874281698726,0.7544863384949054,0.5408339770540566,0.19084166382271062,True,True,,,,,,,
chipmean,sentinel2,block245,245,scm,D_full,estimator,treatment_0006,5,9,196,0.12918215244512787,0.1310229311138678,0.7423825442763814,0.6129231398853171,0.1764897789206225,True,False,,,,,,,
chipmean,sentinel2,block245,245,scm,D_full,estimator,treatment_0007,5,9,196,0.1142668542552489,0.1354362686440302,0.75665943532045,0.45990395628385333,0.1789923740086213,True,True,,,,,,,
chipmean,sentinel2,block245,245,scm,D_full,estimator,treatment_0008,5,9,196,0.13191226414944068,0.14980322181554484,0.7236196315282252,0.5401503448303242,0.2070192892627481,True,True,,,,,,,
chipmean,sentinel2,block245,245,scm,D_full,estimator,treatment_0009,5,9,196,0.1307359649816556,0.1496992330206729,0.72715013257631,0.35549992953211157,0.20587114863100553,True,False,,,,,,,
chipmean,sentinel2,block245,245,scm,D_full,estimator,treatment_0010,5,9,196,0.18564570620106,0.13302298107600352,0.7084474498165607,0.410109087794493,0.18776689945097177,True,True,,,,,,,
chipmean,sentinel2,block245,245,scm,E,estimator,treatment_0001,5,9,196,0.13454304267991643,0.15769361227294212,0.6995690860789892,0.3162868140987443,0.22541535269489704,True,True,,,,,,,
chipmean,sentinel2,block245,245,scm,E,estimator,treatment_0002,4,9,196,0.17842930019032024,0.1578500685160746,0.7220450196559507,0.4087590326606832,0.21861527220461827,True,False,,,,,,,
chipmean,sentinel2,block245,245,scm,E,estimator,treatment_0003,5,9,196,0.11959219598009917,0.09205691852692728,0.7727821887884663,0.543950514982313,0.11912401691251456,True,True,,,,,,,
chipmean,sentinel2,block245,245,scm,E,estimator,treatment_0004,3,9,196,0.22591498314159347,0.1566181732843474,0.7026424321908636,0.5161507953401449,0.22289882607289524,False,True,,,,,,,
chipmean,sentinel2,block245,245,scm,E,estimator,treatment_0005,4,9,196,0.1955499084488261,0.1435301609795966,0.7556091865339151,0.5279057352489641,0.18995290626095945,True,True,,,,,,,
chipmean,sentinel2,block245,245,scm,E,estimator,treatment_0006,5,9,196,0.1284315804324755,0.12595669904345913,0.743887796502779,0.6259534652386186,0.16932217417144924,True,False,,,,,,,
chipmean,sentinel2,block245,245,scm,E,estimator,treatment_0007,5,9,196,0.11359731067737275,0.13971655834483285,0.75665943532045,0.4766183960186915,0.18464919859971352,True,True,,,,,,,
chipmean,sentinel2,block245,245,scm,E,estimator,treatment_0008,5,9,196,0.13386941723197948,0.14880189051317125,0.7234217673923419,0.5088446811726132,0.2056917516451641,True,True,,,,,,,
chipmean,sentinel2,block245,245,scm,E,estimator,treatment_0009,5,9,196,0.13159903677654872,0.14877780224924786,0.72715013257631,0.3487622788496528,0.20460396771451395,True,False,,,,,,,
chipmean,sentinel2,block245,245,scm,E,estimator,treatment_0010,5,9,196,0.1858288782973551,0.13323843888552336,0.7084474498165607,0.43304909524401414,0.18807102618553145,True,False,,,,,,,
chipmean,sentinel2,latent980,980,equal_weight,-,reference,treatment_0001,5,9,196,0.2177646523392893,0.3193170639638828,0.744381816769253,,0.42896945730052166,False,False,,,,,,,
chipmean,sentinel2,latent980,980,equal_weight,-,reference,treatment_0002,5,9,196,0.21966646800949116,0.26993742400287474,0.7688193571596379,,0.3511064354572759,False,False,,,,,,,
chipmean,sentinel2,latent980,980,equal_weight,-,reference,treatment_0003,5,9,196,0.19795625560361968,0.21038831496631308,0.7842566395555249,,0.26826462710669563,False,False,,,,,,,
chipmean,sentinel2,latent980,980,equal_weight,-,reference,treatment_0004,5,9,196,0.2702089862468045,0.32437191547312844,0.7397901188011846,,0.4384647851187399,False,False,,,,,,,
chipmean,sentinel2,latent980,980,equal_weight,-,reference,treatment_0005,5,9,196,0.2672289650572599,0.3069004686294717,0.7591995891028006,,0.4042421426915648,False,False,,,,,,,
chipmean,sentinel2,latent980,980,equal_weight,-,reference,treatment_0006,5,9,196,0.23933390558411088,0.2733569958420624,0.7615922879836844,,0.358928261426826,False,False,,,,,,,
chipmean,sentinel2,latent980,980,equal_weight,-,reference,treatment_0007,5,9,196,0.18592379685176913,0.24748482648033324,0.7803316223845326,,0.3171533991203261,False,False,,,,,,,
chipmean,sentinel2,latent980,980,equal_weight,-,reference,treatment_0008,5,9,196,0.21379550124373392,0.2864238768320237,0.7443168051681813,,0.3848144699182294,False,False,,,,,,,
chipmean,sentinel2,latent980,980,equal_weight,-,reference,treatment_0009,5,9,196,0.2128013724559482,0.2888034446526726,0.7449123276464203,,0.38770125548218326,False,False,,,,,,,
chipmean,sentinel2,latent980,980,equal_weight,-,reference,treatment_0010,5,9,196,0.25829071776157114,0.312721371001599,0.7357542717539087,,0.4250350735390585,False,False,,,,,,,
chipmean,sentinel2,latent980,980,own_history_mean,-,reference,treatment_0001,5,9,196,0.22483327111979196,0.24771611992910744,0.744381816769253,,0.3327809926957091,False,True,,,,,,,
chipmean,sentinel2,latent980,980,own_history_mean,-,reference,treatment_0002,5,9,196,0.19403875628489292,0.23954151585152106,0.7688193571596379,,0.31157060968976436,False,True,,,,,,,
chipmean,sentinel2,latent980,980,own_history_mean,-,reference,treatment_0003,5,9,196,0.17744872840942189,0.1923385072164322,0.7842566395555249,,0.24524944707569127,False,True,,,,,,,
chipmean,sentinel2,latent980,980,own_history_mean,-,reference,treatment_0004,5,9,196,0.21989490625865415,0.2181147744605584,0.7397901188011846,,0.29483331679802527,False,True,,,,,,,
chipmean,sentinel2,latent980,980,own_history_mean,-,reference,treatment_0005,5,9,196,0.2149968305468077,0.2188484393818432,0.7591995891028006,,0.2882620624709133,False,True,,,,,,,
chipmean,sentinel2,latent980,980,own_history_mean,-,reference,treatment_0006,5,9,196,0.19483813429419775,0.1979901335074691,0.7615922879836844,,0.2599686691046308,False,True,,,,,,,
chipmean,sentinel2,latent980,980,own_history_mean,-,reference,treatment_0007,5,9,196,0.18880719548667524,0.22346903243122224,0.7803316223845326,,0.28637700436687025,False,True,,,,,,,
chipmean,sentinel2,latent980,980,own_history_mean,-,reference,treatment_0008,5,9,196,0.19742541266062513,0.22596583117737182,0.7443168051681813,,0.3035882430819414,False,True,,,,,,,
chipmean,sentinel2,latent980,980,own_history_mean,-,reference,treatment_0009,5,9,196,0.19282491294909473,0.2356979007033656,0.7449123276464203,,0.3164102565573889,False,True,,,,,,,
chipmean,sentinel2,latent980,980,own_history_mean,-,reference,treatment_0010,5,9,196,0.2429456229614142,0.25049294559781426,0.7357542717539087,,0.3404573445434209,False,True,,,,,,,
chipmean,sentinel2,latent980,980,scm,-,estimator,treatment_0001,5,9,196,0.2150863407738558,0.31373295140606505,0.744381816769253,0.2926782533297714,0.42146777948945724,False,True,,,,,,,
chipmean,sentinel2,latent980,980,scm,-,estimator,treatment_0002,5,9,196,0.21241112480130103,0.27665318210634765,0.7688193571596379,0.3320413299349969,0.35984159286575207,False,False,,,,,,,
chipmean,sentinel2,latent980,980,scm,-,estimator,treatment_0003,5,9,196,0.1908365041908236,0.21390425504390737,0.7842566395555249,0.44082043569818313,0.2727477770097515,False,False,,,,,,,
chipmean,sentinel2,latent980,980,scm,-,estimator,treatment_0004,5,9,196,0.2544614970907211,0.33133013593565613,0.7397901188011846,0.4923731983300327,0.44787045340990783,False,False,,,,,,,
chipmean,sentinel2,latent980,980,scm,-,estimator,treatment_0005,5,9,196,0.2617896099198657,0.31600842197110024,0.7591995891028006,0.37023696168492987,0.416238926504886,False,False,,,,,,,
chipmean,sentinel2,latent980,980,scm,-,estimator,treatment_0006,5,9,196,0.22325997140561685,0.28953589031168697,0.7615922879836844,0.5225544628187402,0.38017177285005505,False,False,,,,,,,
chipmean,sentinel2,latent980,980,scm,-,estimator,treatment_0007,5,9,196,0.1817752629986401,0.24747374954068674,0.7803316223845326,0.3014866441298754,0.3171392039508254,False,True,,,,,,,
chipmean,sentinel2,latent980,980,scm,-,estimator,treatment_0008,5,9,196,0.20276231233705394,0.2893316589852039,0.7443168051681813,0.4075257447629905,0.3887211157617599,False,False,,,,,,,
chipmean,sentinel2,latent980,980,scm,-,estimator,treatment_0009,5,9,196,0.20704590114941296,0.29430052189232797,0.7449123276464203,0.3222651145751332,0.3950807510760118,False,False,,,,,,,
chipmean,sentinel2,latent980,980,scm,-,estimator,treatment_0010,5,9,196,0.25259111857994315,0.31269636483423724,0.7357542717539087,0.3291248577058662,0.4250010864209108,False,True,,,,,,,
chipmean,sentinel2,latent980,980,scm,B,estimator,treatment_0001,5,9,196,0.21503753179234206,0.2601036077778002,0.7385949219897031,0.2289520210489487,0.3521600271460117,False,True,,,,,,,
chipmean,sentinel2,latent980,980,scm,B,estimator,treatment_0002,4,9,196,0.24795640675049052,0.2926519906372065,0.7378979086989356,0.41778672837851755,0.39660227680169413,False,False,,,,,,,
chipmean,sentinel2,latent980,980,scm,B,estimator,treatment_0003,5,9,196,0.1783792621762791,0.2104564600972802,0.7863561135017175,0.46305666222814845,0.2676350529788569,False,True,,,,,,,
chipmean,sentinel2,latent980,980,scm,B,estimator,treatment_0004,3,9,196,0.2996430991890796,0.3160704655918931,0.7482039909738488,0.4824640197122885,0.422438892875326,False,False,,,,,,,
chipmean,sentinel2,latent980,980,scm,B,estimator,treatment_0005,4,9,196,0.24647433084301149,0.26580975603195506,0.795930615164329,0.41151167406782196,0.33396096464649194,False,True,,,,,,,
chipmean,sentinel2,latent980,980,scm,B,estimator,treatment_0006,5,9,196,0.20466792465203254,0.2554577263181461,0.7699031616301513,0.5360015489516287,0.3318050100966643,False,False,,,,,,,
chipmean,sentinel2,latent980,980,scm,B,estimator,treatment_0007,5,9,196,0.18512538907356127,0.24312925371641791,0.7828168871122204,0.30652430360020333,0.3105825356084382,False,True,,,,,,,
chipmean,sentinel2,latent980,980,scm,B,estimator,treatment_0008,5,9,196,0.19002633886442175,0.27713927918046866,0.7655301567146887,0.4099061448318071,0.36202268029495516,False,True,,,,,,,
chipmean,sentinel2,latent980,980,scm,B,estimator,treatment_0009,5,9,196,0.18156090946461076,0.27998659051447417,0.7621923638097713,0.3260036347503787,0.3673437360550013,False,False,,,,,,,
chipmean,sentinel2,latent980,980,scm,B,estimator,treatment_0010,5,9,196,0.23795876116996953,0.2680277178231576,0.770546554079861,0.332722008054763,0.3478410440018381,False,True,,,,,,,
chipmean,sentinel2,latent980,980,scm,C,estimator,treatment_0001,5,9,196,0.21620549913389397,0.29549889267401913,0.7327229861877531,0.2739709639775697,0.4032886892377366,False,False,,,,,,,
chipmean,sentinel2,latent980,980,scm,C,estimator,treatment_0002,4,9,196,0.2472928191896987,0.29234465166909307,0.7298853763580436,0.42670957614993527,0.4005350170568208,False,False,,,,,,,
chipmean,sentinel2,latent980,980,scm,C,estimator,treatment_0003,5,9,196,0.17870548979102768,0.2043941366604189,0.7854942871219425,0.4667277114587874,0.2602108506852681,False,True,,,,,,,
chipmean,sentinel2,latent980,980,scm,C,estimator,treatment_0004,3,9,196,0.29322580043125546,0.31073026472169923,0.7497007603109513,0.45256866892652253,0.4144723884137699,False,True,,,,,,,
chipmean,sentinel2,latent980,980,scm,C,estimator,treatment_0005,4,9,196,0.25231765242997667,0.2666556978455178,0.7754797518204316,0.4537960260429684,0.3438590075621523,False,True,,,,,,,
chipmean,sentinel2,latent980,980,scm,C,estimator,treatment_0006,5,9,196,0.2061579795913052,0.2560993542333822,0.7710286473256509,0.5406225782652511,0.33215283909576493,False,True,,,,,,,
chipmean,sentinel2,latent980,980,scm,C,estimator,treatment_0007,5,9,196,0.1883271772052547,0.2514298331045311,0.780992964811674,0.2940024689791515,0.321936104975235,False,False,,,,,,,
chipmean,sentinel2,latent980,980,scm,C,estimator,treatment_0008,5,9,196,0.19949176173709315,0.27396129057446894,0.7643632393077145,0.4621422524373314,0.3584176690948616,False,True,,,,,,,
chipmean,sentinel2,latent980,980,scm,C,estimator,treatment_0009,5,9,196,0.18914604216993527,0.28194618794028276,0.7691885011396994,0.29761884078151446,0.36655018571198833,False,True,,,,,,,
chipmean,sentinel2,latent980,980,scm,C,estimator,treatment_0010,5,9,196,0.2423339442968026,0.2707686533864654,0.770546554079861,0.3247248834814392,0.35139817568816534,False,True,,,,,,,
chipmean,sentinel2,latent980,980,scm,D_min,estimator,treatment_0001,5,9,196,0.1845534284544669,0.22223183280170208,0.7286268953664683,0.2682685258249901,0.30500086424881273,True,True,,,,,,,
chipmean,sentinel2,latent980,980,scm,D_min,estimator,treatment_0002,4,9,196,0.2121638492400714,0.22145602440234338,0.7484805184037541,0.3724208204492359,0.2958741329361935,True,True,,,,,,,
chipmean,sentinel2,latent980,980,scm,D_min,estimator,treatment_0003,5,9,196,0.1568799577819763,0.17252219436806232,0.7894026711516849,0.4854422801311642,0.218547771210812,True,True,,,,,,,
chipmean,sentinel2,latent980,980,scm,D_min,estimator,treatment_0004,3,9,196,0.27180704572796993,0.2417197591730246,0.7498500592842049,0.464030734890374,0.32235745824140694,False,True,,,,,,,
chipmean,sentinel2,latent980,980,scm,D_min,estimator,treatment_0005,4,9,196,0.23646841058997842,0.21081173125151476,0.7785353281368487,0.48701620345987134,0.27077991663656253,True,True,,,,,,,
chipmean,sentinel2,latent980,980,scm,D_min,estimator,treatment_0006,5,9,196,0.17392786755689035,0.1981526010030179,0.769997577375223,0.5379405930438828,0.25734184992955805,False,False,,,,,,,
chipmean,sentinel2,latent980,980,scm,D_min,estimator,treatment_0007,5,9,196,0.17052829316339452,0.20520444567612864,0.788357958708001,0.31890156909508577,0.26029349156622655,True,True,,,,,,,
chipmean,sentinel2,latent980,980,scm,D_min,estimator,treatment_0008,5,9,196,0.17015001904761884,0.2139781267089019,0.7722553105046837,0.47100340220436154,0.2770821045815316,True,True,,,,,,,
chipmean,sentinel2,latent980,980,scm,D_min,estimator,treatment_0009,5,9,196,0.1599632378368612,0.23920909215676298,0.7563317898029994,0.30071285408540105,0.31627533759895166,False,True,,,,,,,
chipmean,sentinel2,latent980,980,scm,D_min,estimator,treatment_0010,5,9,196,0.21841412970978033,0.20943944503864526,0.770546554079861,0.29194753798441975,0.27180634827281125,True,True,,,,,,,
chipmean,sentinel2,latent980,980,scm,D_full,estimator,treatment_0001,5,9,196,0.18376545613641299,0.24316044020073668,0.7175994630482843,0.2814397948301533,0.33885259496686027,True,True,,,,,,,
chipmean,sentinel2,latent980,980,scm,D_full,estimator,treatment_0002,4,9,196,0.2168379439461638,0.22312859399521556,0.7403786557182399,0.41597841847157535,0.3013709164518782,True,True,,,,,,,
chipmean,sentinel2,latent980,980,scm,D_full,estimator,treatment_0003,5,9,196,0.15673468944314273,0.17637786162783872,0.7900047256969518,0.45463235467217805,0.22326178045610554,True,True,,,,,,,
chipmean,sentinel2,latent980,980,scm,D_full,estimator,treatment_0004,3,9,196,0.27363541565444627,0.27767102677485284,0.7508391869160376,0.4622620419115214,0.36981424466581997,False,True,,,,,,,
chipmean,sentinel2,latent980,980,scm,D_full,estimator,treatment_0005,4,9,196,0.22667722477390237,0.232728198770635,0.8007574419607193,0.46771516898232707,0.29063507446247544,False,True,,,,,,,
chipmean,sentinel2,latent980,980,scm,D_full,estimator,treatment_0006,5,9,196,0.18336574058585065,0.20871440109741218,0.7695657197106448,0.5307854702124044,0.2712106266582254,False,True,,,,,,,
chipmean,sentinel2,latent980,980,scm,D_full,estimator,treatment_0007,5,9,196,0.15996200165082405,0.2188448967119066,0.7752921186823122,0.35974394779481306,0.2822741150572455,True,True,,,,,,,
chipmean,sentinel2,latent980,980,scm,D_full,estimator,treatment_0008,5,9,196,0.1694362382947305,0.21931468797386366,0.7846261470349297,0.4563292313744215,0.2795148859143236,True,True,,,,,,,
chipmean,sentinel2,latent980,980,scm,D_full,estimator,treatment_0009,5,9,196,0.15995317456056835,0.2450403187789809,0.7550798697700937,0.31212442706252513,0.3245223831137104,False,True,,,,,,,
chipmean,sentinel2,latent980,980,scm,D_full,estimator,treatment_0010,5,9,196,0.2242617025294665,0.22373377302340985,0.770546554079861,0.32302166759004425,0.29035724297097,True,True,,,,,,,
chipmean,sentinel2,latent980,980,scm,E,estimator,treatment_0001,5,9,196,0.18543382536694286,0.23858780460887835,0.7124595773824715,0.3143362908042777,0.3348790755054959,True,True,,,,,,,
chipmean,sentinel2,latent980,980,scm,E,estimator,treatment_0002,4,9,196,0.21686865746776632,0.22737936753440258,0.741794461503788,0.4098059253969541,0.3065261057267161,True,True,,,,,,,
chipmean,sentinel2,latent980,980,scm,E,estimator,treatment_0003,5,9,196,0.15690675338888507,0.17588777884993692,0.7900575295820652,0.4666264750183055,0.2226265458706283,True,True,,,,,,,
chipmean,sentinel2,latent980,980,scm,E,estimator,treatment_0004,3,9,196,0.2738806461926832,0.2740079476114323,0.7501603972374912,0.4670499533965064,0.36526581331203617,False,True,,,,,,,
chipmean,sentinel2,latent980,980,scm,E,estimator,treatment_0005,4,9,196,0.22856849291771397,0.22795418646803353,0.8016150139098012,0.48414753347441075,0.284368658910477,False,True,,,,,,,
chipmean,sentinel2,latent980,980,scm,E,estimator,treatment_0006,5,9,196,0.1827366512707773,0.20961933089109247,0.7703181275530525,0.538279621466431,0.2721204699634383,False,True,,,,,,,
chipmean,sentinel2,latent980,980,scm,E,estimator,treatment_0007,5,9,196,0.15918677160921355,0.21710737382033313,0.7754687921830179,0.35953857028618,0.27996919541939963,True,True,,,,,,,
chipmean,sentinel2,latent980,980,scm,E,estimator,treatment_0008,5,9,196,0.16752096234958913,0.20198563327123417,0.7809446749986473,0.432459922442186,0.2586426922900576,True,True,,,,,,,
chipmean,sentinel2,latent980,980,scm,E,estimator,treatment_0009,5,9,196,0.16055400509329618,0.24476877588405538,0.754993550238381,0.3100225918994906,0.32419982370282807,False,True,,,,,,,
chipmean,sentinel2,latent980,980,scm,E,estimator,treatment_0010,5,9,196,0.22450833649857393,0.2228816653925078,0.770546554079861,0.3181593841091524,0.2892513946268429,True,True,,,,,,,
histfill,sentinel1,chip_mean,5,equal_weight,-,reference,treatment_0001,5,9,196,0.02572972370098043,0.03783285606385263,0.537943469290473,,0.07032868363241351,False,False,,,,,,,
histfill,sentinel1,chip_mean,5,equal_weight,-,reference,treatment_0002,5,9,196,0.02191504628760778,0.024152901607698937,0.542695340260153,,0.044505452352181084,False,False,,,,,,,
histfill,sentinel1,chip_mean,5,equal_weight,-,reference,treatment_0003,5,9,196,0.020019458919761743,0.02095992149561972,0.5569830615166519,,0.03763116500984131,False,False,,,,,,,
histfill,sentinel1,chip_mean,5,equal_weight,-,reference,treatment_0004,5,9,196,0.024955031850564514,0.03302553638992946,0.5400293652841116,,0.06115507509958202,False,False,,,,,,,
histfill,sentinel1,chip_mean,5,equal_weight,-,reference,treatment_0005,5,9,196,0.01725819944309853,0.016249034983545074,0.5448275725041124,,0.029824178884453257,True,False,,,,,,,
histfill,sentinel1,chip_mean,5,equal_weight,-,reference,treatment_0006,5,9,196,0.04429209645389471,0.04281492290245365,0.5431111390194449,,0.07883270996752796,False,False,,,,,,,
histfill,sentinel1,chip_mean,5,equal_weight,-,reference,treatment_0007,5,5,196,0.033518723630020064,0.025905953810250966,0.5344816979675697,,0.0484693000878448,False,False,,,,,,,
histfill,sentinel1,chip_mean,5,equal_weight,-,reference,treatment_0008,5,9,196,0.030428447828114123,0.03332338307299668,0.5525691760009912,,0.06030626484481449,False,False,,,,,,,
histfill,sentinel1,chip_mean,5,equal_weight,-,reference,treatment_0009,5,9,196,0.01949792312809343,0.01811978608065037,0.5440042620819244,,0.03330816933548513,True,False,,,,,,,
histfill,sentinel1,chip_mean,5,equal_weight,-,reference,treatment_0010,5,9,196,0.021821744850253254,0.022713742894501843,0.5554742461492069,,0.04089072185067724,False,False,,,,,,,
histfill,sentinel1,chip_mean,5,own_history_mean,-,reference,treatment_0001,5,9,196,0.013018679716469266,0.010846674075467844,0.537943469290473,,0.020163222893614073,False,True,,,,,,,
histfill,sentinel1,chip_mean,5,own_history_mean,-,reference,treatment_0002,5,9,196,0.013986945152478954,0.014649329672758246,0.542695340260153,,0.026993652950356578,False,True,,,,,,,
histfill,sentinel1,chip_mean,5,own_history_mean,-,reference,treatment_0003,5,9,196,0.018627829672632622,0.018041057959511036,0.5569830615166519,,0.03239067613723415,False,True,,,,,,,
histfill,sentinel1,chip_mean,5,own_history_mean,-,reference,treatment_0004,5,9,196,0.015633930066922777,0.020061057200434412,0.5400293652841116,,0.037148085808037884,False,True,,,,,,,
histfill,sentinel1,chip_mean,5,own_history_mean,-,reference,treatment_0005,5,9,196,0.018371912004241406,0.02433900205994718,0.5448275725041124,,0.044672853005734155,False,False,,,,,,,
histfill,sentinel1,chip_mean,5,own_history_mean,-,reference,treatment_0006,5,9,196,0.013423748448504011,0.01747196578102449,0.5431111390194449,,0.03217014810738203,False,True,,,,,,,
histfill,sentinel1,chip_mean,5,own_history_mean,-,reference,treatment_0007,5,5,196,0.018464643335805647,0.018775195130366528,0.5344816979675697,,0.03512785414685188,False,True,,,,,,,
histfill,sentinel1,chip_mean,5,own_history_mean,-,reference,treatment_0008,5,9,196,0.0182757822311237,0.019190066574627664,0.5525691760009912,,0.03472880393638396,False,True,,,,,,,
histfill,sentinel1,chip_mean,5,own_history_mean,-,reference,treatment_0009,5,9,196,0.017646284144796374,0.01988444637663619,0.5440042620819244,,0.03655200475918641,False,False,,,,,,,
histfill,sentinel1,chip_mean,5,own_history_mean,-,reference,treatment_0010,5,9,196,0.017658273191091537,0.01934017177640678,0.5554742461492069,,0.03481740496608331,False,True,,,,,,,
histfill,sentinel1,chip_mean,5,scm,-,estimator,treatment_0001,5,9,196,0.019221513024856095,0.027325857306975232,0.537943469290473,0.5858791584327012,0.05079689385023486,False,True,,,,,,,
histfill,sentinel1,chip_mean,5,scm,-,estimator,treatment_0002,5,9,196,0.01919793526152995,0.0193380895656004,0.542695340260153,0.4231130917176079,0.03563341737249901,False,True,,,,,,,
histfill,sentinel1,chip_mean,5,scm,-,estimator,treatment_0003,5,9,196,0.011422037008978037,0.008286258864532162,0.5569830615166519,0.5765236416140161,0.014877039244189712,True,True,,,,,,,
histfill,sentinel1,chip_mean,5,scm,-,estimator,treatment_0004,5,9,196,0.014075241333994301,0.026436131836077587,0.5400293652841116,0.5663779233263723,0.048953137617191306,False,True,,,,,,,
histfill,sentinel1,chip_mean,5,scm,-,estimator,treatment_0005,5,9,196,0.013985523970146097,0.017013359116520146,0.5448275725041124,0.38232298886868443,0.03122705232836161,True,False,,,,,,,
histfill,sentinel1,chip_mean,5,scm,-,estimator,treatment_0006,5,9,196,0.02074812283616442,0.029267481538585275,0.5431111390194449,0.9283355484675702,0.0538885679852304,False,True,,,,,,,
histfill,sentinel1,chip_mean,5,scm,-,estimator,treatment_0007,5,5,196,0.021657186758468398,0.02376976149490454,0.5344816979675697,0.4160271318723662,0.04447254524390992,False,True,,,,,,,
histfill,sentinel1,chip_mean,5,scm,-,estimator,treatment_0008,5,9,196,0.019730177172817935,0.02295382750016542,0.5525691760009912,0.5677086420072338,0.041540188083390744,False,True,,,,,,,
histfill,sentinel1,chip_mean,5,scm,-,estimator,treatment_0009,5,9,196,0.016294035355624924,0.016688712109716022,0.5440042620819244,0.40556356472429,0.030677539263842722,True,True,,,,,,,
histfill,sentinel1,chip_mean,5,scm,-,estimator,treatment_0010,5,9,196,0.012761791011506332,0.01326487453869631,0.5554742461492069,0.6511453920872956,0.023880269212576972,True,True,,,,,,,
histfill,sentinel1,chip_mean,5,perdim_scm,-,estimator,treatment_0001,5,9,196,0.01178420704178875,0.019155390178251266,0.537943469290473,0.7890045055438424,0.0356085560505391,False,True,,,,,,,
histfill,sentinel1,chip_mean,5,perdim_scm,-,estimator,treatment_0002,5,9,196,0.01657421145332831,0.01617794046246409,0.542695340260153,0.8930827815214191,0.02981035447016891,False,True,,,,,,,
histfill,sentinel1,chip_mean,5,perdim_scm,-,estimator,treatment_0003,5,9,196,0.009838553243674587,0.008372805132284288,0.5569830615166519,0.5583347506960548,0.015032423265234197,True,True,,,,,,,
histfill,sentinel1,chip_mean,5,perdim_scm,-,estimator,treatment_0004,5,9,196,0.008960778560975135,0.025762751481467908,0.5400293652841116,0.7736791236946333,0.04770620476890922,False,True,,,,,,,
histfill,sentinel1,chip_mean,5,perdim_scm,-,estimator,treatment_0005,5,9,196,0.01283823047996602,0.01766350548203988,0.5448275725041124,0.7609094108124805,0.03242035897863182,True,False,,,,,,,
histfill,sentinel1,chip_mean,5,perdim_scm,-,estimator,treatment_0006,5,9,196,0.016704898308610636,0.022987512327659602,0.5431111390194449,1.0,0.042325613812970585,False,True,,,,,,,
histfill,sentinel1,chip_mean,5,perdim_scm,-,estimator,treatment_0007,5,5,196,0.010623405113273535,0.01845541115229863,0.5344816979675697,1.0,0.034529547452190654,True,True,,,,,,,
histfill,sentinel1,chip_mean,5,perdim_scm,-,estimator,treatment_0008,5,9,196,0.012659584365328491,0.018105555312272703,0.5525691760009912,0.8340900153052624,0.032766133361445814,True,True,,,,,,,
histfill,sentinel1,chip_mean,5,perdim_scm,-,estimator,treatment_0009,5,9,196,0.01351610744603851,0.01930436832018262,0.5440042620819244,0.7315909654644086,0.03548569315671184,True,False,,,,,,,
histfill,sentinel1,chip_mean,5,perdim_scm,-,estimator,treatment_0010,5,9,196,0.010518689740189506,0.010675583653869152,0.5554742461492069,0.9071121764699791,0.01921886339083588,True,True,,,,,,,
histfill,sentinel1,chip_mean,5,perdim_scm_demeaned,-,estimator,treatment_0001,5,9,196,0.009242687459454401,0.012839004194934726,0.537943469290473,0.5397305184918478,0.023866827887824134,False,True,,,,,,,
histfill,sentinel1,chip_mean,5,perdim_scm_demeaned,-,estimator,treatment_0002,5,9,196,0.01209844004468203,0.014228669128289404,0.542695340260153,1.0,0.02621852091353609,True,True,,,,,,,
histfill,sentinel1,chip_mean,5,perdim_scm_demeaned,-,estimator,treatment_0003,5,9,196,0.008419351794939025,0.009242700177836384,0.5569830615166519,1.0,0.016594221290444144,True,True,,,,,,,
histfill,sentinel1,chip_mean,5,perdim_scm_demeaned,-,estimator,treatment_0004,5,9,196,0.006586952085183768,0.02079644418831944,0.5400293652841116,0.7351924698012163,0.03850983951100205,False,True,,,,,,,
histfill,sentinel1,chip_mean,5,perdim_scm_demeaned,-,estimator,treatment_0005,5,9,196,0.012536227539643436,0.018435042356409102,0.5448275725041124,0.9310392176459554,0.03383647099884974,True,False,,,,,,,
histfill,sentinel1,chip_mean,5,perdim_scm_demeaned,-,estimator,treatment_0006,5,9,196,0.011296011500330461,0.009881570870320867,0.5431111390194449,0.800092150710313,0.01819438078210191,True,True,,,,,,,
histfill,sentinel1,chip_mean,5,perdim_scm_demeaned,-,estimator,treatment_0007,5,5,196,0.0077377394374761755,0.014268561842518245,0.5344816979675697,0.9999999999999999,0.02669607190812361,True,True,,,,,,,
histfill,sentinel1,chip_mean,5,perdim_scm_demeaned,-,estimator,treatment_0008,5,9,196,0.010372818102191097,0.014804987733214259,0.5525691760009912,0.5550429453603307,0.026793003258632184,True,True,,,,,,,
histfill,sentinel1,chip_mean,5,perdim_scm_demeaned,-,estimator,treatment_0009,5,9,196,0.011007645561377576,0.009495768541106439,0.5440042620819244,0.6394684642622545,0.017455320119672928,True,True,,,,,,,
histfill,sentinel1,chip_mean,5,perdim_scm_demeaned,-,estimator,treatment_0010,5,9,196,0.008222565525940816,0.007675949059609934,0.5554742461492069,0.6535612492608052,0.013818730774330235,True,True,,,,,,,
histfill,sentinel1,chip_mean,5,perdim_scm_demeaned_std,-,estimator,treatment_0001,5,9,196,0.011192417772821506,0.012047387951717795,0.537943469290473,0.8053254802238947,0.02239526760610709,False,True,45.0,,,,,,
histfill,sentinel1,chip_mean,5,perdim_scm_demeaned_std,-,estimator,treatment_0002,5,9,196,0.012569555857869496,0.01631885300604957,0.542695340260153,1.0,0.03007000759989346,False,True,45.0,,,,,,
histfill,sentinel1,chip_mean,5,perdim_scm_demeaned_std,-,estimator,treatment_0003,5,9,196,0.008783097436234821,0.010118981528327972,0.5569830615166519,1.0,0.01816748520282506,True,True,45.0,,,,,,
histfill,sentinel1,chip_mean,5,perdim_scm_demeaned_std,-,estimator,treatment_0004,5,9,196,0.006989287739884254,0.0197455950906552,0.5400293652841116,0.7981234444975238,0.036563928482420516,True,True,45.0,,,,,,
histfill,sentinel1,chip_mean,5,perdim_scm_demeaned_std,-,estimator,treatment_0005,5,9,196,0.013084367263931636,0.016832920686028673,0.5448275725041124,0.888525852167991,0.03089586785900344,True,False,45.0,,,,,,
histfill,sentinel1,chip_mean,5,perdim_scm_demeaned_std,-,estimator,treatment_0006,5,9,196,0.011550632514951788,0.008321682282806277,0.5431111390194449,0.8358356651480053,0.015322245641712641,True,True,45.0,,,,,,
histfill,sentinel1,chip_mean,5,perdim_scm_demeaned_std,-,estimator,treatment_0007,5,5,196,0.008825339205043132,0.016304937968069026,0.5344816979675697,0.9999999999999998,0.030506073510225877,True,True,25.0,,,,,,
histfill,sentinel1,chip_mean,5,perdim_scm_demeaned_std,-,estimator,treatment_0008,5,9,196,0.011528725440105306,0.010016385623288493,0.5525691760009912,0.6763780450056129,0.01812693515729246,True,True,45.0,,,,,,
histfill,sentinel1,chip_mean,5,perdim_scm_demeaned_std,-,estimator,treatment_0009,5,9,196,0.011904393689992736,0.007310893846544337,0.5440042620819244,0.9997599745588589,0.013439037809309206,True,True,45.0,,,,,,
histfill,sentinel1,chip_mean,5,perdim_scm_demeaned_std,-,estimator,treatment_0010,5,9,196,0.00899606678660884,0.006716979840546461,0.5554742461492069,0.8691119606097675,0.012092333509809924,True,True,45.0,,,,,,
histfill,sentinel1,chip_mean,5,scm_demeaned,-,estimator,treatment_0001,5,9,196,0.01079837142543815,0.012252953712181002,0.537943469290473,0.46023233810279385,0.02277740025051737,False,True,,,,,,,
histfill,sentinel1,chip_mean,5,scm_demeaned,-,estimator,treatment_0002,5,9,196,0.01411651194554474,0.010112773212476289,0.542695340260153,0.4230662047743964,0.018634346865091026,True,True,,,,,,,
histfill,sentinel1,chip_mean,5,scm_demeaned,-,estimator,treatment_0003,5,9,196,0.010913395242205472,0.008173669852791594,0.5569830615166519,0.572108094186392,0.014674898426057844,True,True,,,,,,,
histfill,sentinel1,chip_mean,5,scm_demeaned,-,estimator,treatment_0004,5,9,196,0.008211592249935026,0.01988101745155879,0.5400293652841116,0.42826320079440555,0.036814696995411185,True,True,,,,,,,
histfill,sentinel1,chip_mean,5,scm_demeaned,-,estimator,treatment_0005,5,9,196,0.013441530506474767,0.017173776177791516,0.5448275725041124,0.36451146913564286,0.03152148871404978,True,False,,,,,,,
histfill,sentinel1,chip_mean,5,scm_demeaned,-,estimator,treatment_0006,5,9,196,0.012564950175215,0.009348750028821731,0.5431111390194449,0.5139282429597926,0.017213327728281082,True,True,,,,,,,
histfill,sentinel1,chip_mean,5,scm_demeaned,-,estimator,treatment_0007,5,5,196,0.01056616167085473,0.005842387526038235,0.5344816979675697,0.6838390781929592,0.010930940288983905,True,True,,,,,,,
histfill,sentinel1,chip_mean,5,scm_demeaned,-,estimator,treatment_0008,5,9,196,0.01149203422962896,0.012937810850372626,0.5525691760009912,0.37039003341345794,0.023413920667824977,True,True,,,,,,,
histfill,sentinel1,chip_mean,5,scm_demeaned,-,estimator,treatment_0009,5,9,196,0.011533124612914765,0.010268024385149864,0.5440042620819244,0.46109937919965976,0.018874896946310227,True,True,,,,,,,
histfill,sentinel1,chip_mean,5,scm_demeaned,-,estimator,treatment_0010,5,9,196,0.009773245766553907,0.007964750392456142,0.5554742461492069,0.2865912651387636,0.014338649267128608,True,True,,,,,,,
histfill,sentinel1,chip_mean,5,scm_demeaned_std,-,estimator,treatment_0001,5,9,196,0.011278461319306089,0.01254660703831306,0.537943469290473,0.3562081249315495,0.023323281635636472,False,True,45.0,,,,,,
histfill,sentinel1,chip_mean,5,scm_demeaned_std,-,estimator,treatment_0002,5,9,196,0.01423416576267515,0.01086251312396667,0.542695340260153,0.48096236383569974,0.020015858471825985,True,True,45.0,,,,,,
histfill,sentinel1,chip_mean,5,scm_demeaned_std,-,estimator,treatment_0003,5,9,196,0.01096406259553573,0.007239225404217801,0.5569830615166519,0.47418401819042466,0.012997209258941482,True,True,45.0,,,,,,
histfill,sentinel1,chip_mean,5,scm_demeaned_std,-,estimator,treatment_0004,5,9,196,0.008313848245716156,0.019003115274519068,0.5400293652841116,0.3394683271337225,0.03518904062656195,True,True,45.0,,,,,,
histfill,sentinel1,chip_mean,5,scm_demeaned_std,-,estimator,treatment_0005,5,9,196,0.013831785464000771,0.01706308374209999,0.5448275725041124,0.43197750153860587,0.03131831904849345,True,False,45.0,,,,,,
histfill,sentinel1,chip_mean,5,scm_demeaned_std,-,estimator,treatment_0006,5,9,196,0.01292999386791282,0.008816244862756948,0.5431111390194449,0.5123797980850137,0.016232855909886434,True,True,45.0,,,,,,
histfill,sentinel1,chip_mean,5,scm_demeaned_std,-,estimator,treatment_0007,5,5,196,0.011218021645792534,0.0073363424238780135,0.5344816979675697,0.5085733518501682,0.013726087257571828,True,True,25.0,,,,,,
histfill,sentinel1,chip_mean,5,scm_demeaned_std,-,estimator,treatment_0008,5,9,196,0.011726871225944189,0.012116276263715583,0.5525691760009912,0.3389226131910227,0.021927166389197665,True,True,45.0,,,,,,
histfill,sentinel1,chip_mean,5,scm_demeaned_std,-,estimator,treatment_0009,5,9,196,0.011887350005567591,0.011288923902893551,0.5440042620819244,0.6507725347847215,0.0207515357686545,True,True,45.0,,,,,,
histfill,sentinel1,chip_mean,5,scm_demeaned_std,-,estimator,treatment_0010,5,9,196,0.010057520583523208,0.008240176638879403,0.5554742461492069,0.3155820455433172,0.01483448908028401,True,True,45.0,,,,,,
histfill,sentinel1,gram,15,equal_weight,-,reference,treatment_0001,5,9,196,0.02160257124842018,0.02974327919888704,0.3241581456880685,,0.09175545823706821,False,False,,,,,,,
histfill,sentinel1,gram,15,equal_weight,-,reference,treatment_0002,5,9,196,0.02007707268799994,0.019654065156311004,0.32779944112982723,,0.05995759202202812,False,False,,,,,,,
histfill,sentinel1,gram,15,equal_weight,-,reference,treatment_0003,5,9,196,0.018238421150009954,0.01810200645304275,0.3438099826888993,,0.052651195033573454,False,False,,,,,,,
histfill,sentinel1,gram,15,equal_weight,-,reference,treatment_0004,5,9,196,0.023343036730456,0.030552909322533805,0.3255395561766472,,0.09385313932772861,False,False,,,,,,,
histfill,sentinel1,gram,15,equal_weight,-,reference,treatment_0005,5,9,196,0.018871601977835228,0.013637367258311208,0.3301136383803457,,0.041311129480202505,True,False,,,,,,,
histfill,sentinel1,gram,15,equal_weight,-,reference,treatment_0006,5,9,196,0.036202206024100306,0.03325515547823108,0.3297249826944926,,0.10085725141744482,False,False,,,,,,,
histfill,sentinel1,gram,15,equal_weight,-,reference,treatment_0007,5,5,196,0.028836199704170656,0.021371971159069154,0.3184718844398508,,0.0671078742057861,False,False,,,,,,,
histfill,sentinel1,gram,15,equal_weight,-,reference,treatment_0008,5,9,196,0.02500871060313038,0.02944783088487648,0.3415014911354085,,0.08623046062542708,False,False,,,,,,,
histfill,sentinel1,gram,15,equal_weight,-,reference,treatment_0009,5,9,196,0.018383232854987372,0.015163859233772536,0.33340698925127005,,0.045481527750290775,True,False,,,,,,,
histfill,sentinel1,gram,15,equal_weight,-,reference,treatment_0010,5,9,196,0.019257847558073676,0.022462590238046202,0.34276004085754236,,0.06553444847843884,False,False,,,,,,,
histfill,sentinel1,gram,15,own_history_mean,-,reference,treatment_0001,5,9,196,0.01238292485248788,0.008893475550967637,0.3241581456880685,,0.027435607185159763,False,True,,,,,,,
histfill,sentinel1,gram,15,own_history_mean,-,reference,treatment_0002,5,9,196,0.013501160253237348,0.013764862732371739,0.32779944112982723,,0.04199172117233742,False,True,,,,,,,
histfill,sentinel1,gram,15,own_history_mean,-,reference,treatment_0003,5,9,196,0.016785942286696165,0.016889179788123956,0.3438099826888993,,0.04912358755855655,False,True,,,,,,,
histfill,sentinel1,gram,15,own_history_mean,-,reference,treatment_0004,5,9,196,0.015026069859999625,0.017713861426594143,0.3255395561766472,,0.05441385260408135,False,True,,,,,,,
histfill,sentinel1,gram,15,own_history_mean,-,reference,treatment_0005,5,9,196,0.016964488769931018,0.02108806187759023,0.3301136383803457,,0.06388121975528101,False,False,,,,,,,
histfill,sentinel1,gram,15,own_history_mean,-,reference,treatment_0006,5,9,196,0.012001400298194144,0.01365465687726671,0.3297249826944926,,0.041412260501711706,False,True,,,,,,,
histfill,sentinel1,gram,15,own_history_mean,-,reference,treatment_0007,5,5,196,0.01711847837372436,0.013201335747737209,0.3184718844398508,,0.041452123068749326,False,True,,,,,,,
histfill,sentinel1,gram,15,own_history_mean,-,reference,treatment_0008,5,9,196,0.01607775406693048,0.021154983794350716,0.3415014911354085,,0.061946973420278766,False,True,,,,,,,
histfill,sentinel1,gram,15,own_history_mean,-,reference,treatment_0009,5,9,196,0.01731052598789451,0.017957216617599914,0.33340698925127005,,0.05385974858513411,False,False,,,,,,,
histfill,sentinel1,gram,15,own_history_mean,-,reference,treatment_0010,5,9,196,0.01637499750836371,0.01855514915021321,0.34276004085754236,,0.054134516683422514,False,True,,,,,,,
histfill,sentinel1,gram,15,scm,-,estimator,treatment_0001,5,9,196,0.01710293711765344,0.022700995698229056,0.3241581456880685,0.5453083210960448,0.07003061931404868,False,True,,,,,,,
histfill,sentinel1,gram,15,scm,-,estimator,treatment_0002,5,9,196,0.018018491165663546,0.016479165715596857,0.32779944112982723,0.4497003751370443,0.050272098264713544,False,True,,,,,,,
histfill,sentinel1,gram,15,scm,-,estimator,treatment_0003,5,9,196,0.012415805776672468,0.008985635694580486,0.3438099826888993,0.5518506927322868,0.026135470600082165,True,True,,,,,,,
histfill,sentinel1,gram,15,scm,-,estimator,treatment_0004,5,9,196,0.016947047246490796,0.027871869667373757,0.3255395561766472,0.5541474274537608,0.08561745919518816,False,True,,,,,,,
histfill,sentinel1,gram,15,scm,-,estimator,treatment_0005,5,9,196,0.014035988224009402,0.013286475115817058,0.3301136383803457,0.4024252030870401,0.040248185991361055,True,True,,,,,,,
histfill,sentinel1,gram,15,scm,-,estimator,treatment_0006,5,9,196,0.01860079919850668,0.022568662095035896,0.3297249826944926,0.9473239697232566,0.06844692783242008,False,True,,,,,,,
histfill,sentinel1,gram,15,scm,-,estimator,treatment_0007,5,5,196,0.01958878226110863,0.01754176022357296,0.3184718844398508,0.39382279193380804,0.05508103252011258,False,True,,,,,,,
histfill,sentinel1,gram,15,scm,-,estimator,treatment_0008,5,9,196,0.01862910637444935,0.025054042812699615,0.3415014911354085,0.4881277312015188,0.07336437310830204,False,True,,,,,,,
histfill,sentinel1,gram,15,scm,-,estimator,treatment_0009,5,9,196,0.01554588663299814,0.012483199589712208,0.33340698925127005,0.3511403272389868,0.03744132544355369,True,True,,,,,,,
histfill,sentinel1,gram,15,scm,-,estimator,treatment_0010,5,9,196,0.013504348345087593,0.015082620062548489,0.34276004085754236,0.6101531852346592,0.044003437579286306,True,True,,,,,,,
histfill,sentinel1,gram,15,afsc,-,estimator,treatment_0001,5,9,196,0.016965682895230358,0.0223660512648138,0.3241581456880685,0.559461541806468,0.06899734454409252,False,True,,0.022366051264814,0.9998999999999998,1.0,0.1,interior,0.0227094824871169
histfill,sentinel1,gram,15,afsc,-,estimator,treatment_0002,5,9,196,0.017905068405652886,0.0159767090767951,0.32779944112982723,0.467789287922762,0.04873928101197529,False,True,,0.0159767090767952,1.0000000000000004,2.0,0.1,interior,0.016479100084573
histfill,sentinel1,gram,15,afsc,-,estimator,treatment_0003,5,9,196,0.012420668561167213,0.0089781685334559,0.3438099826888993,0.551800409703343,0.026113751739372578,True,True,,0.008978168533456,0.9999000000000001,0.0,0.1,interior,0.0089779435991777
histfill,sentinel1,gram,15,afsc,-,estimator,treatment_0004,5,9,196,0.01648961411180801,0.0263445434122271,0.3255395561766472,0.564128385142264,0.08092578278853396,False,True,,0.0263445434122271,0.9999999999999999,1.0,0.1,interior,0.0278716401036871
histfill,sentinel1,gram,15,afsc,-,estimator,treatment_0005,5,9,196,0.013838036053500686,0.0137074993689749,0.3301136383803457,0.424318154308485,0.04152357786921117,True,False,,0.0137074993689749,0.9999000000000003,2.0,0.1,interior,0.0133011625441953
histfill,sentinel1,gram,15,afsc,-,estimator,treatment_0006,5,9,196,0.017578260272973777,0.0206986724545916,0.3297249826944926,0.941451805371192,0.06277556612617977,False,True,,0.0206986724545917,1.0,2.0,0.1,interior,0.0225683315707929
histfill,sentinel1,gram,15,afsc,-,estimator,treatment_0007,5,5,196,0.019588617593622022,0.01753749671837,0.3184718844398508,0.393984205736403,0.055067645136763314,False,True,,0.0175374967183699,0.9999999999999992,1.0,0.1,interior,0.017541633458033
histfill,sentinel1,gram,15,afsc,-,estimator,treatment_0008,5,9,196,0.018239812617337623,0.0251433955452575,0.3415014911354085,0.49746569108405,0.07362601979177863,False,True,,0.0251433955452575,0.9999000000000009,2.0,0.1,interior,0.0250773895009731
histfill,sentinel1,gram,15,afsc,-,estimator,treatment_0009,5,9,196,0.015543439309366329,0.0125307897526484,0.33340698925127005,0.352275416044234,0.03758406439165752,True,True,,0.0125307897526486,1.0,1.0,0.1,interior,0.0124834518064608
histfill,sentinel1,gram,15,afsc,-,estimator,treatment_0010,5,9,196,0.01344137713328745,0.0149108338296773,0.34276004085754236,0.61720544637727,0.0435022524573526,True,True,,0.0149108338296773,0.9999999999999998,2.0,0.1,interior,0.0150828958353865
histfill,sentinel1,quantile,100,equal_weight,-,reference,treatment_0001,5,9,196,0.05971046450016722,0.06572927692961886,0.6208442652782897,,0.10587079660010405,False,False,,,,,,,
histfill,sentinel1,quantile,100,equal_weight,-,reference,treatment_0002,5,9,196,0.059336174570416185,0.055116431332408344,0.6210061993874038,,0.08875343174798958,False,False,,,,,,,
histfill,sentinel1,quantile,100,equal_weight,-,reference,treatment_0003,5,9,196,0.05323206047707595,0.05185184332620901,0.6328481733253016,,0.08193409653654118,False,False,,,,,,,
histfill,sentinel1,quantile,100,equal_weight,-,reference,treatment_0004,5,9,196,0.05908475146135971,0.06624263482043878,0.6204618993447061,,0.1067634207521851,False,False,,,,,,,
histfill,sentinel1,quantile,100,equal_weight,-,reference,treatment_0005,5,9,196,0.05719415083356034,0.05321130014842971,0.622970180212937,,0.08541548510434574,True,False,,,,,,,
histfill,sentinel1,quantile,100,equal_weight,-,reference,treatment_0006,5,9,196,0.06659042657444882,0.07216474934545507,0.6239830491453294,,0.11565177843260203,False,False,,,,,,,
histfill,sentinel1,quantile,100,equal_weight,-,reference,treatment_0007,5,5,196,0.06334798317071877,0.06308051258932879,0.6207753333178503,,0.10161568800129854,False,False,,,,,,,
histfill,sentinel1,quantile,100,equal_weight,-,reference,treatment_0008,5,9,196,0.060962045554154624,0.0637253802808209,0.6340284164118342,,0.10050871322371138,False,False,,,,,,,
histfill,sentinel1,quantile,100,equal_weight,-,reference,treatment_0009,5,9,196,0.054816472350671684,0.05327725896512739,0.62438421161085,,0.085327684419946,False,False,,,,,,,
histfill,sentinel1,quantile,100,equal_weight,-,reference,treatment_0010,5,9,196,0.05526836212673867,0.05575756061738853,0.6320635736692839,,0.08821511465010114,False,False,,,,,,,
histfill,sentinel1,quantile,100,own_history_mean,-,reference,treatment_0001,5,9,196,0.04156689989751476,0.04063301928147397,0.6208442652782897,,0.06544800613284309,False,True,,,,,,,
histfill,sentinel1,quantile,100,own_history_mean,-,reference,treatment_0002,5,9,196,0.04334004753563188,0.04112243373337977,0.6210061993874038,,0.06621903899501375,False,True,,,,,,,
histfill,sentinel1,quantile,100,own_history_mean,-,reference,treatment_0003,5,9,196,0.04588678319929163,0.045723181322263634,0.6328481733253016,,0.07224984324756933,False,True,,,,,,,
histfill,sentinel1,quantile,100,own_history_mean,-,reference,treatment_0004,5,9,196,0.043703603082352216,0.048872178560384165,0.6204618993447061,,0.07876741281293818,False,True,,,,,,,
histfill,sentinel1,quantile,100,own_history_mean,-,reference,treatment_0005,5,9,196,0.04756082458746384,0.05723789053385833,0.622970180212937,,0.0918790214232949,False,False,,,,,,,
histfill,sentinel1,quantile,100,own_history_mean,-,reference,treatment_0006,5,9,196,0.040135363050491896,0.04775497905681817,0.6239830491453294,,0.07653249414744237,False,True,,,,,,,
histfill,sentinel1,quantile,100,own_history_mean,-,reference,treatment_0007,5,5,196,0.04315866962606399,0.05722281585067952,0.6207753333178503,,0.09217959023088344,False,True,,,,,,,
histfill,sentinel1,quantile,100,own_history_mean,-,reference,treatment_0008,5,9,196,0.04687017611022532,0.05183208737849294,0.6340284164118342,,0.08175041691636944,False,True,,,,,,,
histfill,sentinel1,quantile,100,own_history_mean,-,reference,treatment_0009,5,9,196,0.04649178854564251,0.05030095341290386,0.62438421161085,,0.08056089900661058,False,True,,,,,,,
histfill,sentinel1,quantile,100,own_history_mean,-,reference,treatment_0010,5,9,196,0.047862881703114035,0.05040428589079043,0.6320635736692839,,0.07974559520679415,False,True,,,,,,,
histfill,sentinel1,quantile,100,scm,-,estimator,treatment_0001,5,9,196,0.05783880646896982,0.06118217890082395,0.6208442652782897,0.3813556789386607,0.09854674082138683,False,True,,,,,,,
histfill,sentinel1,quantile,100,scm,-,estimator,treatment_0002,5,9,196,0.05827281521248436,0.05347065539200978,0.6210061993874038,0.3048111066842277,0.0861032554018886,False,True,,,,,,,
histfill,sentinel1,quantile,100,scm,-,estimator,treatment_0003,5,9,196,0.048332164368763135,0.04753325246113255,0.6328481733253016,0.38256450160959643,0.07511004134114665,False,True,,,,,,,
histfill,sentinel1,quantile,100,scm,-,estimator,treatment_0004,5,9,196,0.05502258088636997,0.06422767862298515,0.6204618993447061,0.349937186835232,0.1035159107929407,False,True,,,,,,,
histfill,sentinel1,quantile,100,scm,-,estimator,treatment_0005,5,9,196,0.0550268936872314,0.0551201202883362,0.622970180212937,0.31772528201067785,0.0884795485226847,True,False,,,,,,,
histfill,sentinel1,quantile,100,scm,-,estimator,treatment_0006,5,9,196,0.05473926137419436,0.0661820636927683,0.6239830491453294,0.5834605214814237,0.10606388071505785,False,True,,,,,,,
histfill,sentinel1,quantile,100,scm,-,estimator,treatment_0007,5,5,196,0.054460864350438946,0.06404328173944131,0.6207753333178503,0.26394511335497844,0.10316660199294642,False,False,,,,,,,
histfill,sentinel1,quantile,100,scm,-,estimator,treatment_0008,5,9,196,0.057379053468795495,0.058714682204895854,0.6340284164118342,0.3497373172040415,0.09260575817276562,False,True,,,,,,,
histfill,sentinel1,quantile,100,scm,-,estimator,treatment_0009,5,9,196,0.05396470113234552,0.05210796090978448,0.62438421161085,0.29352415384944114,0.08345496241064625,False,True,,,,,,,
histfill,sentinel1,quantile,100,scm,-,estimator,treatment_0010,5,9,196,0.05098113548668202,0.04937805908475241,0.6320635736692839,0.42840254465529065,0.0781219819362484,True,True,,,,,,,
histfill,sentinel1,quantile,100,afsc,-,estimator,treatment_0001,5,9,196,0.05778265224298713,0.0611347426009428,0.6208442652782897,0.381399999999181,0.09847033470388829,False,True,,0.0611774509592272,1.0001000000000004,0.0,100000000.0,ceiling,0.0611774509592234
histfill,sentinel1,quantile,100,afsc,-,estimator,treatment_0002,5,9,196,0.05817587203743866,0.0534215027228976,0.6210061993874038,0.304799999999326,0.08602410535610698,False,True,,0.0534705907460053,0.9999999999999991,0.0,100000000.0,ceiling,0.0534705907460108
histfill,sentinel1,quantile,100,afsc,-,estimator,treatment_0003,5,9,196,0.04827814999847086,0.0474793132763478,0.6328481733253016,0.382599999998709,0.07502480891564825,False,True,,0.0475328892717408,0.9999999999999992,0.0,100000000.0,ceiling,0.0475328892717316
histfill,sentinel1,quantile,100,afsc,-,estimator,treatment_0004,5,9,196,0.05496082133417069,0.0641625975923655,0.6204618993447061,0.349900000001292,0.10341101953259357,False,True,,0.0642266381382779,1.0000000000000004,0.0,100000000.0,ceiling,0.0642266381382535
histfill,sentinel1,quantile,100,afsc,-,estimator,treatment_0005,5,9,196,0.05497223826733977,0.0550782584051581,0.622970180212937,0.31770000000041,0.08841235127230622,True,False,,0.0551223771805117,0.9999,0.0,100000000.0,ceiling,0.0551223771805519
histfill,sentinel1,quantile,100,afsc,-,estimator,treatment_0006,5,9,196,0.05465329741634022,0.0660552683485952,0.6239830491453294,0.58350000052496,0.1058606775281335,False,True,,0.0661792299490061,1.0000999999999998,2.0,100000000.0,ceiling,0.0661792299561496
histfill,sentinel1,quantile,100,afsc,-,estimator,treatment_0007,5,5,196,0.054431176679944,0.0639553360964442,0.6207753333178503,0.263900000000322,0.10302493134613275,False,False,,0.0640393694791889,0.999899999999999,0.0,100000000.0,ceiling,0.064039369479188
histfill,sentinel1,quantile,100,afsc,-,estimator,treatment_0008,5,9,196,0.05730906208445172,0.0586164944580123,0.6340284164118342,0.349700000294929,0.09245089485064635,False,True,,0.0587146553413879,0.9999999999999996,1.0,100000000.0,ceiling,0.0587146553496116
histfill,sentinel1,quantile,100,afsc,-,estimator,treatment_0009,5,9,196,0.05391023549084788,0.0520530832854407,0.62438421161085,0.293500000000581,0.0833670716162871,False,True,,0.052107803147809,1.0,0.0,100000000.0,ceiling,0.0521078031478033
histfill,sentinel1,quantile,100,afsc,-,estimator,treatment_0010,5,9,196,0.05093416177896959,0.049385956683526,0.6320635736692839,0.428399999999475,0.07813447687995755,True,True,,0.0493800852786879,1.0000000000000009,0.0,100000000.0,ceiling,0.0493800852786937
histfill,sentinel1,combined,115,equal_weight,-,reference,treatment_0001,5,9,196,0.09299483694355212,0.1042732843462989,1.0011475426572052,,0.1041537634598203,False,False,,,,,,,
histfill,sentinel1,combined,115,equal_weight,-,reference,treatment_0002,5,9,196,0.09202580894690691,0.08575845643692362,1.0028355032317364,,0.08551597561171152,False,False,,,,,,,
histfill,sentinel1,combined,115,equal_weight,-,reference,treatment_0003,5,9,196,0.08262016131164589,0.08057036547651268,1.0259420787379185,,0.07853305478573196,False,False,,,,,,,
histfill,sentinel1,combined,115,equal_weight,-,reference,treatment_0004,5,9,196,0.09260776960195702,0.10529249885723727,1.0011635443590698,,0.10517012874719082,False,False,,,,,,,
histfill,sentinel1,combined,115,equal_weight,-,reference,treatment_0005,5,9,196,0.08857589380633227,0.08148766654106354,1.0065228333158343,,0.08095958069089698,True,False,,,,,,,
histfill,sentinel1,combined,115,equal_weight,-,reference,treatment_0006,5,9,196,0.10796357869504686,0.11469524283248908,1.007785520362812,,0.1138091791507361,False,False,,,,,,,
histfill,sentinel1,combined,115,equal_weight,-,reference,treatment_0007,5,5,196,0.10055571186343915,0.09784051324190329,0.9987976282412524,,0.0979582955299836,False,False,,,,,,,
histfill,sentinel1,combined,115,equal_weight,-,reference,treatment_0008,5,9,196,0.09584244380370122,0.10131136491551462,1.0266410357744542,,0.0986823645122364,False,False,,,,,,,
histfill,sentinel1,combined,115,equal_weight,-,reference,treatment_0009,5,9,196,0.08497201940129004,0.08191676123332431,1.009839759253079,,0.08111857399426764,False,False,,,,,,,
histfill,sentinel1,combined,115,equal_weight,-,reference,treatment_0010,5,9,196,0.08586893435692379,0.08752895823003506,1.024412599925166,,0.08544307072797533,False,False,,,,,,,
histfill,sentinel1,combined,115,own_history_mean,-,reference,treatment_0001,5,9,196,0.06404026066536969,0.06193380883368666,1.0011475426572052,,0.061862818610436236,False,True,,,,,,,
histfill,sentinel1,combined,115,own_history_mean,-,reference,treatment_0002,5,9,196,0.06691580654427227,0.06373772440307114,1.0028355032317364,,0.06355750688689225,False,True,,,,,,,
histfill,sentinel1,combined,115,own_history_mean,-,reference,treatment_0003,5,9,196,0.07151858693502638,0.0713110127113725,1.0259420787379185,,0.06950783498333263,False,True,,,,,,,
histfill,sentinel1,combined,115,own_history_mean,-,reference,treatment_0004,5,9,196,0.06784553802281568,0.07612427689153384,1.0011635443590698,,0.0760358058585398,False,True,,,,,,,
histfill,sentinel1,combined,115,own_history_mean,-,reference,treatment_0005,5,9,196,0.0740036296993331,0.08925376936179094,1.0065228333158343,,0.08867535480318729,False,False,,,,,,,
histfill,sentinel1,combined,115,own_history_mean,-,reference,treatment_0006,5,9,196,0.061845489199190945,0.07344025844525698,1.007785520362812,,0.07287290495979522,False,True,,,,,,,
histfill,sentinel1,combined,115,own_history_mean,-,reference,treatment_0007,5,5,196,0.06766668905570221,0.08734335950995702,0.9987976282412524,,0.08744850512286144,False,True,,,,,,,
histfill,sentinel1,combined,115,own_history_mean,-,reference,treatment_0008,5,9,196,0.07275122617281442,0.08145386861057814,1.0266410357744542,,0.07934016445108569,False,True,,,,,,,
histfill,sentinel1,combined,115,own_history_mean,-,reference,treatment_0009,5,9,196,0.0725500391990313,0.07827155259018005,1.009839759253079,,0.07750888383328565,False,True,,,,,,,
histfill,sentinel1,combined,115,own_history_mean,-,reference,treatment_0010,5,9,196,0.07428030975046837,0.07859337184239074,1.024412599925166,,0.07672042675786302,False,True,,,,,,,
histfill,sentinel1,combined,115,scm,-,estimator,treatment_0001,5,9,196,0.08932373163546774,0.09564318207161678,1.0011475426572052,0.3991576684046771,0.09553355324407482,False,True,,,,,,,
histfill,sentinel1,combined,115,scm,-,estimator,treatment_0002,5,9,196,0.09009847853003859,0.08262000290144919,1.0028355032317364,0.3151926049895622,0.08238639600931366,False,True,,,,,,,
histfill,sentinel1,combined,115,scm,-,estimator,treatment_0003,5,9,196,0.07412608808578455,0.07216833092711077,1.0259420787379185,0.39297596585536143,0.07034347496097437,False,True,,,,,,,
histfill,sentinel1,combined,115,scm,-,estimator,treatment_0004,5,9,196,0.08524342080463243,0.10117284241878562,1.0011635443590698,0.37221911029543747,0.10105526014089435,False,True,,,,,,,
histfill,sentinel1,combined,115,scm,-,estimator,treatment_0005,5,9,196,0.08442914864008741,0.0843951132316139,1.0065228333158343,0.3286671172867035,0.08384818549380267,True,False,,,,,,,
histfill,sentinel1,combined,115,scm,-,estimator,treatment_0006,5,9,196,0.08537648138961361,0.10271243550814455,1.007785520362812,0.6062720031465219,0.10191894349818315,False,True,,,,,,,
histfill,sentinel1,combined,115,scm,-,estimator,treatment_0007,5,5,196,0.08520828430649233,0.09900607154073215,0.9987976282412524,0.28042363294847733,0.09912525695026776,False,False,,,,,,,
histfill,sentinel1,combined,115,scm,-,estimator,treatment_0008,5,9,196,0.08901482520065422,0.09271380028765196,1.0266410357744542,0.3626197194598916,0.09030790418163309,False,True,,,,,,,
histfill,sentinel1,combined,115,scm,-,estimator,treatment_0009,5,9,196,0.08326631876882869,0.07964252140622777,1.009839759253079,0.30138713200352313,0.07886649409123563,False,True,,,,,,,
histfill,sentinel1,combined,115,scm,-,estimator,treatment_0010,5,9,196,0.07843012324189234,0.0765461823499482,1.024412599925166,0.44092165648113096,0.0747220234850098,True,True,,,,,,,
histfill,sentinel1,combined,115,afsc,-,estimator,treatment_0001,5,9,196,0.08924216179833312,0.0955806127445194,1.0011475426572052,0.39919507076838,0.09547105563564909,False,True,,0.0956422498497431,1.0,0.0,100.0,interior,0.0956421352106212
histfill,sentinel1,combined,115,afsc,-,estimator,treatment_0002,5,9,196,0.08996600124339968,0.0825464059141165,1.0028355032317364,0.315200695343961,0.08231300711642393,False,True,,0.0826248806506081,1.0000999999999998,0.0,100.0,interior,0.0826248700153624
histfill,sentinel1,combined,115,afsc,-,estimator,treatment_0003,5,9,196,0.07404471671398172,0.0720859561406824,1.0259420787379185,0.392998494054915,0.07026318311201375,False,True,,0.072167602073693,1.0000000000000002,0.0,100.0,interior,0.0721675593575702
histfill,sentinel1,combined,115,afsc,-,estimator,treatment_0004,5,9,196,0.0851628927103444,0.101064433297443,1.0011635443590698,0.372199471793553,0.1009469770117758,False,True,,0.101157840164796,0.9999000000000001,0.0,100.0,interior,0.101157808655854
histfill,sentinel1,combined,115,afsc,-,estimator,treatment_0005,5,9,196,0.08435847609534644,0.0843364889416932,1.0065228333158343,0.328768035684764,0.08378994112220946,True,False,,0.0844050453685697,0.9999999999999998,1.0,100.0,interior,0.0843952595979271
histfill,sentinel1,combined,115,afsc,-,estimator,treatment_0006,5,9,196,0.08505156722676242,0.102314416513551,1.007785520362812,0.609085103172537,0.10152399934930288,False,True,,0.102585697064318,0.9999999999999997,2.0,100.0,interior,0.102712985072301
histfill,sentinel1,combined,115,afsc,-,estimator,treatment_0007,5,5,196,0.08516250425309728,0.0988781904229074,0.9987976282412524,0.280399895816881,0.09899722188669843,False,False,,0.0990064631123184,1.0,0.0,100.0,interior,0.0990064889454955
histfill,sentinel1,combined,115,afsc,-,estimator,treatment_0008,5,9,196,0.08887118433446865,0.0925257737729706,1.0266410357744542,0.363440036504685,0.09012475690022764,False,True,,0.0926736955235815,0.9999999999999992,1.0,100.0,interior,0.0927136605092753
histfill,sentinel1,combined,115,afsc,-,estimator,treatment_0009,5,9,196,0.08318494502933675,0.0795615362573014,1.009839759253079,0.301400262923378,0.07878629805202812,False,True,,0.0796430478594926,1.0,0.0,100.0,interior,0.07964309369356
histfill,sentinel1,combined,115,afsc,-,estimator,treatment_0010,5,9,196,0.07835795127462242,0.0765553618237903,1.024412599925166,0.440901738254551,0.07473098420439452,True,True,,0.0765470180080774,0.9999999999999993,0.0,100.0,interior,0.0765470801532319
histfill,sentinel1,block245,245,equal_weight,-,reference,treatment_0001,5,9,196,0.18930617157620105,0.19103230311445218,0.5627442973223135,,0.33946555126979433,False,False,,,,,,,
histfill,sentinel1,block245,245,equal_weight,-,reference,treatment_0002,5,9,196,0.16967273008402403,0.17088541443875954,0.5641827953439776,,0.30289015519264834,False,False,,,,,,,
histfill,sentinel1,block245,245,equal_weight,-,reference,treatment_0003,5,9,196,0.17938959250407463,0.1790578467112507,0.5817937778380126,,0.30776858318533845,False,False,,,,,,,
histfill,sentinel1,block245,245,equal_weight,-,reference,treatment_0004,5,9,196,0.17687852018732686,0.1698279511425268,0.559059515167115,,0.30377436844404937,False,False,,,,,,,
histfill,sentinel1,block245,245,equal_weight,-,reference,treatment_0005,5,9,196,0.16625568317335987,0.162890069781421,0.5643891489421369,,0.2886130431223458,False,False,,,,,,,
histfill,sentinel1,block245,245,equal_weight,-,reference,treatment_0006,5,9,196,0.17497450597581593,0.17530772802254574,0.5642039615063762,,0.31071693923326793,False,False,,,,,,,
histfill,sentinel1,block245,245,equal_weight,-,reference,treatment_0007,5,5,196,0.2001691786209565,0.1813766963892577,0.5592812325702474,,0.324303205304634,False,False,,,,,,,
histfill,sentinel1,block245,245,equal_weight,-,reference,treatment_0008,5,9,196,0.1706695554468801,0.16403590506699373,0.5747207990005099,,0.2854184246546612,False,False,,,,,,,
histfill,sentinel1,block245,245,equal_weight,-,reference,treatment_0009,5,9,196,0.17498506130462163,0.17266339954243667,0.5676161503863296,,0.3041904276770823,False,False,,,,,,,
histfill,sentinel1,block245,245,equal_weight,-,reference,treatment_0010,5,9,196,0.18744615511784804,0.1783866203876109,0.5786435083748274,,0.3082841469847746,False,False,,,,,,,
histfill,sentinel1,block245,245,own_history_mean,-,reference,treatment_0001,5,9,196,0.10267324985039893,0.11333959334774946,0.5627442973223135,,0.2014051388651103,False,True,,,,,,,
histfill,sentinel1,block245,245,own_history_mean,-,reference,treatment_0002,5,9,196,0.09538101070972453,0.10964712680392814,0.5641827953439776,,0.19434681048201263,False,True,,,,,,,
histfill,sentinel1,block245,245,own_history_mean,-,reference,treatment_0003,5,9,196,0.10316001409544576,0.11556423226383035,0.5817937778380126,,0.1986343557905953,False,True,,,,,,,
histfill,sentinel1,block245,245,own_history_mean,-,reference,treatment_0004,5,9,196,0.09662622183271881,0.10434922013598973,0.559059515167115,,0.18665136234162383,False,True,,,,,,,
histfill,sentinel1,block245,245,own_history_mean,-,reference,treatment_0005,5,9,196,0.0905441106700718,0.09638322609339638,0.5643891489421369,,0.1707744138491187,False,True,,,,,,,
histfill,sentinel1,block245,245,own_history_mean,-,reference,treatment_0006,5,9,196,0.10221561319121415,0.10916112486136584,0.5642039615063762,,0.19347812548127985,False,True,,,,,,,
histfill,sentinel1,block245,245,own_history_mean,-,reference,treatment_0007,5,5,196,0.08588540350650832,0.09360325722535467,0.5592812325702474,,0.16736348687258662,False,True,,,,,,,
histfill,sentinel1,block245,245,own_history_mean,-,reference,treatment_0008,5,9,196,0.09145086535042507,0.10045962117934376,0.5747207990005099,,0.17479726043333024,False,True,,,,,,,
histfill,sentinel1,block245,245,own_history_mean,-,reference,treatment_0009,5,9,196,0.09682670787710909,0.11060503696179833,0.5676161503863296,,0.1948588617263948,False,True,,,,,,,
histfill,sentinel1,block245,245,own_history_mean,-,reference,treatment_0010,5,9,196,0.09239905819469686,0.101602679219366,0.5786435083748274,,0.17558769388898238,False,True,,,,,,,
histfill,sentinel1,block245,245,scm,-,estimator,treatment_0001,5,9,196,0.1888634045601235,0.19033232798052127,0.5627442973223135,0.2505769640238176,0.3382216912480019,False,True,,,,,,,
histfill,sentinel1,block245,245,scm,-,estimator,treatment_0002,5,9,196,0.16834252182328102,0.16987667955163083,0.5641827953439776,0.25711992156520624,0.30110219764510615,False,True,,,,,,,
histfill,sentinel1,block245,245,scm,-,estimator,treatment_0003,5,9,196,0.17788793015595614,0.17812830587493547,0.5817937778380126,0.29544734123326494,0.3061708678578053,False,True,,,,,,,
histfill,sentinel1,block245,245,scm,-,estimator,treatment_0004,5,9,196,0.17534124868931864,0.16747274861114203,0.559059515167115,0.2687595199636715,0.29956157451515836,False,True,,,,,,,
histfill,sentinel1,block245,245,scm,-,estimator,treatment_0005,5,9,196,0.16483605283761893,0.16064317216898807,0.5643891489421369,0.2606416805373936,0.28463192899808526,False,True,,,,,,,
histfill,sentinel1,block245,245,scm,-,estimator,treatment_0006,5,9,196,0.17253036741752362,0.17257251383447808,0.5642039615063762,0.3117022023111967,0.30586902185820225,False,True,,,,,,,
histfill,sentinel1,block245,245,scm,-,estimator,treatment_0007,5,5,196,0.17876663996644515,0.17801341781009247,0.5592812325702474,0.3148800358434391,0.318289632198115,False,True,,,,,,,
histfill,sentinel1,block245,245,scm,-,estimator,treatment_0008,5,9,196,0.1667785842143468,0.16022955927763546,0.5747207990005099,0.3621960300619418,0.27879547696253343,False,True,,,,,,,
histfill,sentinel1,block245,245,scm,-,estimator,treatment_0009,5,9,196,0.17292027337629678,0.17051072051638275,0.5676161503863296,0.32554784072845044,0.30039793688098926,False,True,,,,,,,
histfill,sentinel1,block245,245,scm,-,estimator,treatment_0010,5,9,196,0.18608075470642899,0.1765680104486638,0.5786435083748274,0.3155585057494095,0.305141262095156,False,True,,,,,,,
histfill,sentinel1,block245,245,scm,B,estimator,treatment_0001,5,9,196,0.18963720842392637,0.19584696429448717,0.5620439484202047,0.2440164084454185,0.3484548936875392,False,False,,,,,,,
histfill,sentinel1,block245,245,scm,B,estimator,treatment_0002,5,9,196,0.1783279243760048,0.1820935451117988,0.570081997470707,0.24853182082905817,0.31941641012994004,False,True,,,,,,,
histfill,sentinel1,block245,245,scm,B,estimator,treatment_0003,5,9,196,0.1786534323568516,0.18541889666427547,0.5809638171562701,0.25311130356114986,0.31915739188693865,False,True,,,,,,,
histfill,sentinel1,block245,245,scm,B,estimator,treatment_0004,3,9,196,0.18347917066746977,0.17295298518742874,0.5613949314438078,0.4132747159710225,0.3080772117814182,False,True,,,,,,,
histfill,sentinel1,block245,245,scm,B,estimator,treatment_0005,4,9,196,0.16221840246412156,0.16715881862172932,0.5628636829271643,0.36092182214223034,0.29697922195374615,False,True,,,,,,,
histfill,sentinel1,block245,245,scm,B,estimator,treatment_0006,5,9,196,0.1729766116946953,0.17068176783944872,0.5615653943623214,0.2841138814895777,0.3039392554330458,False,True,,,,,,,
histfill,sentinel1,block245,245,scm,B,estimator,treatment_0007,5,5,196,0.181561099389206,0.17784972023068868,0.5618391296828957,0.40198114551034364,0.31654918789844305,False,True,,,,,,,
histfill,sentinel1,block245,245,scm,B,estimator,treatment_0008,5,9,196,0.17158088999093216,0.15416152072972839,0.5563646484775862,0.2539181154131874,0.27708719659232445,False,True,,,,,,,
histfill,sentinel1,block245,245,scm,B,estimator,treatment_0009,5,9,196,0.17967581934845014,0.1773124603119079,0.5653260030858943,0.314224306214719,0.3136463904791718,False,True,,,,,,,
histfill,sentinel1,block245,245,scm,B,estimator,treatment_0010,5,9,196,0.1810991865659096,0.17333175034063986,0.5608862647336209,0.2872786591436373,0.30903190404022374,False,True,,,,,,,
histfill,sentinel1,block245,245,scm,C,estimator,treatment_0001,5,9,196,0.17579134698490737,0.16767818154371492,0.5594664897997348,0.285378220951633,0.2997108577561751,False,True,,,,,,,
histfill,sentinel1,block245,245,scm,C,estimator,treatment_0002,5,9,196,0.1691636301975103,0.17186750438423626,0.5669931973956265,0.24166939006593835,0.3031209283879884,False,True,,,,,,,
histfill,sentinel1,block245,245,scm,C,estimator,treatment_0003,5,9,196,0.17649875602550597,0.17433745912792206,0.581951576702756,0.29111424992018786,0.29957382384921105,False,True,,,,,,,
histfill,sentinel1,block245,245,scm,C,estimator,treatment_0004,3,9,196,0.16972740384741092,0.15920603349600818,0.5561547694336537,0.4564060672820952,0.28626210228877774,False,True,,,,,,,
histfill,sentinel1,block245,245,scm,C,estimator,treatment_0005,4,9,196,0.17249925406386798,0.1699924187575685,0.5650888717774006,0.29678200814049094,0.30082421942389936,False,True,,,,,,,
histfill,sentinel1,block245,245,scm,C,estimator,treatment_0006,5,9,196,0.16689951948097317,0.16086046824897163,0.5603010280994005,0.2644884040935828,0.2870965073803757,False,True,,,,,,,
histfill,sentinel1,block245,245,scm,C,estimator,treatment_0007,5,5,196,0.17205391125114858,0.1733482990329992,0.5595414422457021,0.35621049117708936,0.30980421814204,False,True,,,,,,,
histfill,sentinel1,block245,245,scm,C,estimator,treatment_0008,5,9,196,0.17232986914708623,0.16487942118211435,0.5707335259197607,0.27086572285442656,0.28889037299220216,False,True,,,,,,,
histfill,sentinel1,block245,245,scm,C,estimator,treatment_0009,5,9,196,0.17446010489450633,0.17593003976369215,0.5675190135856416,0.32562083567296934,0.3099984944154534,False,True,,,,,,,
histfill,sentinel1,block245,245,scm,C,estimator,treatment_0010,5,9,196,0.17566777688943067,0.16404458879300468,0.557127007114034,0.23498454743019068,0.29444738219166544,False,True,,,,,,,
histfill,sentinel1,block245,245,scm,D_min,estimator,treatment_0001,5,9,196,0.13889231269812902,0.1489085942816572,0.5608537612716492,0.29944771948076293,0.26550342453624626,False,True,,,,,,,
histfill,sentinel1,block245,245,scm,D_min,estimator,treatment_0002,5,9,196,0.13101258296602852,0.1465369639141473,0.565582382556177,0.22239348547701918,0.25909039679041346,False,True,,,,,,,
histfill,sentinel1,block245,245,scm,D_min,estimator,treatment_0003,5,9,196,0.12000125417381691,0.13041335950315852,0.5807186587758899,0.22949801355136532,0.22457235966562503,False,True,,,,,,,
histfill,sentinel1,block245,245,scm,D_min,estimator,treatment_0004,3,9,196,0.14566100572812615,0.14189061870371267,0.5701689280153217,0.5140671577912056,0.24885715747018006,False,True,,,,,,,
histfill,sentinel1,block245,245,scm,D_min,estimator,treatment_0005,4,9,196,0.12956341025628598,0.1352773473265151,0.5629248576908383,0.35766341888582676,0.24031155398152668,False,True,,,,,,,
histfill,sentinel1,block245,245,scm,D_min,estimator,treatment_0006,5,9,196,0.12893278343570078,0.1382538069078018,0.562119380387484,0.2585714155224597,0.2459509700813015,False,True,,,,,,,
histfill,sentinel1,block245,245,scm,D_min,estimator,treatment_0007,5,5,196,0.11328547292648859,0.11625773703386956,0.5598784324550357,0.3413759843797421,0.207648179130755,False,True,,,,,,,
histfill,sentinel1,block245,245,scm,D_min,estimator,treatment_0008,5,9,196,0.12268058037612424,0.13157363926377327,0.5785640221468471,0.24893346409812436,0.22741413953731496,False,True,,,,,,,
histfill,sentinel1,block245,245,scm,D_min,estimator,treatment_0009,5,9,196,0.12000732014585265,0.12638679468610983,0.5657304480134644,0.2673267819692262,0.22340461810021198,False,True,,,,,,,
histfill,sentinel1,block245,245,scm,D_min,estimator,treatment_0010,5,9,196,0.12588092987333332,0.1287935498727653,0.5597803130766575,0.341816374257075,0.23007874136353923,False,True,,,,,,,
histfill,sentinel1,block245,245,scm,D_full,estimator,treatment_0001,5,9,196,0.1487873714389526,0.14962845003182626,0.5592068264536806,0.2502783473653664,0.2675726456715923,False,True,,,,,,,
histfill,sentinel1,block245,245,scm,D_full,estimator,treatment_0002,5,9,196,0.1342521477067042,0.14135787392088933,0.569418766513724,0.2977331381696827,0.24824941191586516,False,True,,,,,,,
histfill,sentinel1,block245,245,scm,D_full,estimator,treatment_0003,5,9,196,0.12105052659756423,0.142281874908553,0.5807186587758899,0.2661915635685856,0.24500999366624834,False,True,,,,,,,
histfill,sentinel1,block245,245,scm,D_full,estimator,treatment_0004,3,9,196,0.14500570144385314,0.14476610397986522,0.5591510576222923,0.5440504627213764,0.25890338935503726,False,True,,,,,,,
histfill,sentinel1,block245,245,scm,D_full,estimator,treatment_0005,4,9,196,0.13513766178675027,0.13529944552289627,0.568710432969051,0.34630088718159147,0.2379056857046602,False,True,,,,,,,
histfill,sentinel1,block245,245,scm,D_full,estimator,treatment_0006,5,9,196,0.1339203197022702,0.1397316089248924,0.5617486946365284,0.26476948802659317,0.2487439850933766,False,True,,,,,,,
histfill,sentinel1,block245,245,scm,D_full,estimator,treatment_0007,5,5,196,0.11441473413482907,0.11222456147831725,0.5578020469420665,0.3116564702655697,0.2011906591120361,False,True,,,,,,,
histfill,sentinel1,block245,245,scm,D_full,estimator,treatment_0008,5,9,196,0.1297274010782918,0.13154370910685836,0.5748960260479163,0.25701507577602456,0.2288130429621277,False,False,,,,,,,
histfill,sentinel1,block245,245,scm,D_full,estimator,treatment_0009,5,9,196,0.12491977884785946,0.12888383011693488,0.561766176063121,0.2697247264093478,0.2294261128716537,False,True,,,,,,,
histfill,sentinel1,block245,245,scm,D_full,estimator,treatment_0010,5,9,196,0.13011214132932977,0.13272817344667553,0.5597803130766575,0.3012885524017465,0.23710761230093394,False,True,,,,,,,
histfill,sentinel1,block245,245,scm,E,estimator,treatment_0001,5,9,196,0.14774252120856718,0.1471540923650465,0.5585153570368484,0.2342453185409567,0.26347367267707544,False,True,,,,,,,
histfill,sentinel1,block245,245,scm,E,estimator,treatment_0002,5,9,196,0.13671392147640338,0.14681384571505188,0.5665676882759979,0.28431151680704536,0.2591285185390469,False,True,,,,,,,
histfill,sentinel1,block245,245,scm,E,estimator,treatment_0003,5,9,196,0.12172089707796392,0.14050560004393328,0.5807186587758899,0.2364271916437493,0.24195124079551403,False,True,,,,,,,
histfill,sentinel1,block245,245,scm,E,estimator,treatment_0004,3,9,196,0.14828902103466624,0.14119149604058656,0.5581207568489248,0.5022271811254956,0.25297660821241424,False,True,,,,,,,
histfill,sentinel1,block245,245,scm,E,estimator,treatment_0005,4,9,196,0.13168174698234764,0.12810120936446637,0.5660325662070332,0.3700504166283803,0.22631420347926023,False,True,,,,,,,
histfill,sentinel1,block245,245,scm,E,estimator,treatment_0006,5,9,196,0.13477807261065872,0.1359622346616615,0.5616263641433248,0.2543866489790835,0.24208663150821116,False,True,,,,,,,
histfill,sentinel1,block245,245,scm,E,estimator,treatment_0007,5,5,196,0.11418325048773699,0.11449517430211958,0.5537734098041331,0.32456923611163263,0.20675455389347053,False,True,,,,,,,
histfill,sentinel1,block245,245,scm,E,estimator,treatment_0008,5,9,196,0.12832522626460055,0.12906552264991383,0.5748122182611712,0.2724731958402541,0.22453510650894293,False,True,,,,,,,
histfill,sentinel1,block245,245,scm,E,estimator,treatment_0009,5,9,196,0.12626967781794834,0.12625214072576574,0.561766176063121,0.27323473557417893,0.22474144244594008,False,True,,,,,,,
histfill,sentinel1,block245,245,scm,E,estimator,treatment_0010,5,9,196,0.13324886184278553,0.13137589360820653,0.5597803130766575,0.3353147572219003,0.2346918791876406,False,True,,,,,,,
histfill,sentinel1,latent980,980,equal_weight,-,reference,treatment_0001,5,9,196,0.3409496936937086,0.3370403971375198,0.616781878982597,,0.5464499016953605,False,False,,,,,,,
histfill,sentinel1,latent980,980,equal_weight,-,reference,treatment_0002,5,9,196,0.3223526574880274,0.3316542325412325,0.6204482808434488,,0.5345396913508659,False,False,,,,,,,
histfill,sentinel1,latent980,980,equal_weight,-,reference,treatment_0003,5,9,196,0.3256267489520324,0.3165054109109041,0.6307485394739765,,0.5017933314199335,False,False,,,,,,,
histfill,sentinel1,latent980,980,equal_weight,-,reference,treatment_0004,5,9,196,0.337989907505808,0.33376682980549327,0.6169109687629863,,0.5410291706674526,False,False,,,,,,,
histfill,sentinel1,latent980,980,equal_weight,-,reference,treatment_0005,5,9,196,0.3231775574197286,0.32544144954124404,0.6207358147451568,,0.5242833453630416,False,False,,,,,,,
histfill,sentinel1,latent980,980,equal_weight,-,reference,treatment_0006,5,9,196,0.3341525351175629,0.33721660402854087,0.6220774728149808,,0.542081362474986,False,False,,,,,,,
histfill,sentinel1,latent980,980,equal_weight,-,reference,treatment_0007,5,5,196,0.3562551544060197,0.32849104537946006,0.615237633134448,,0.5339254747891452,False,False,,,,,,,
histfill,sentinel1,latent980,980,equal_weight,-,reference,treatment_0008,5,9,196,0.32416135772632354,0.3225144669177002,0.6284437889821903,,0.5131954083594897,False,False,,,,,,,
histfill,sentinel1,latent980,980,equal_weight,-,reference,treatment_0009,5,9,196,0.32998618049446654,0.3242194006653619,0.6218896436777215,,0.5213455537673826,False,False,,,,,,,
histfill,sentinel1,latent980,980,equal_weight,-,reference,treatment_0010,5,9,196,0.34225250459093154,0.3354333515527002,0.6320915948963705,,0.5306720643986629,False,False,,,,,,,
histfill,sentinel1,latent980,980,own_history_mean,-,reference,treatment_0001,5,9,196,0.20161115624108333,0.22062554635953632,0.616781878982597,,0.3577043260795304,False,True,,,,,,,
histfill,sentinel1,latent980,980,own_history_mean,-,reference,treatment_0002,5,9,196,0.19170963115817335,0.22184797024688813,0.6204482808434488,,0.3575607783864014,False,True,,,,,,,
histfill,sentinel1,latent980,980,own_history_mean,-,reference,treatment_0003,5,9,196,0.20632640183129541,0.22937151196370498,0.6307485394739765,,0.3636496917693908,False,True,,,,,,,
histfill,sentinel1,latent980,980,own_history_mean,-,reference,treatment_0004,5,9,196,0.1891848879633412,0.19756028798867667,0.6169109687629863,,0.32024116605483505,False,True,,,,,,,
histfill,sentinel1,latent980,980,own_history_mean,-,reference,treatment_0005,5,9,196,0.1849287336404833,0.19393052330561422,0.6207358147451568,,0.3124203867392965,False,True,,,,,,,
histfill,sentinel1,latent980,980,own_history_mean,-,reference,treatment_0006,5,9,196,0.2049767097790618,0.23541433977868217,0.6220774728149808,,0.37843251052542043,False,True,,,,,,,
histfill,sentinel1,latent980,980,own_history_mean,-,reference,treatment_0007,5,5,196,0.17053440626069777,0.18193407215941668,0.615237633134448,,0.2957134972913118,False,True,,,,,,,
histfill,sentinel1,latent980,980,own_history_mean,-,reference,treatment_0008,5,9,196,0.18130403919385144,0.20301650623667425,0.6284437889821903,,0.3230464041429608,False,True,,,,,,,
histfill,sentinel1,latent980,980,own_history_mean,-,reference,treatment_0009,5,9,196,0.19025823387234853,0.2082532063863515,0.6218896436777215,,0.33487164242643896,False,True,,,,,,,
histfill,sentinel1,latent980,980,own_history_mean,-,reference,treatment_0010,5,9,196,0.18362690849923125,0.2048915825426539,0.6320915948963705,,0.3241485635894989,False,True,,,,,,,
histfill,sentinel1,latent980,980,scm,-,estimator,treatment_0001,5,9,196,0.3408253881672554,0.3373891206718422,0.616781878982597,0.22417774563575718,0.5470152936859578,False,False,,,,,,,
histfill,sentinel1,latent980,980,scm,-,estimator,treatment_0002,5,9,196,0.32211172065936566,0.3317195389153654,0.6204482808434488,0.23194988411297382,0.5346449481081964,False,False,,,,,,,
histfill,sentinel1,latent980,980,scm,-,estimator,treatment_0003,5,9,196,0.3252719094237334,0.3160886842584842,0.6307485394739765,0.2287896000394424,0.5011326455422184,False,True,,,,,,,
histfill,sentinel1,latent980,980,scm,-,estimator,treatment_0004,5,9,196,0.33736626024828376,0.333676016625924,0.6169109687629863,0.23425228816591884,0.5408819643700004,False,True,,,,,,,
histfill,sentinel1,latent980,980,scm,-,estimator,treatment_0005,5,9,196,0.3228611420504608,0.32543228003725216,0.6207358147451568,0.22186581540315836,0.5242685733718433,False,True,,,,,,,
histfill,sentinel1,latent980,980,scm,-,estimator,treatment_0006,5,9,196,0.3334135257470956,0.3363079930337925,0.6220774728149808,0.2487906047931245,0.5406207550193957,False,True,,,,,,,
histfill,sentinel1,latent980,980,scm,-,estimator,treatment_0007,5,5,196,0.3282921055484272,0.32758629767715747,0.615237633134448,0.2340620020949128,0.5324549085338054,False,True,,,,,,,
histfill,sentinel1,latent980,980,scm,-,estimator,treatment_0008,5,9,196,0.32383424753279244,0.3217254181741859,0.6284437889821903,0.23532605322822958,0.5119398485825489,False,True,,,,,,,
histfill,sentinel1,latent980,980,scm,-,estimator,treatment_0009,5,9,196,0.3295928913340892,0.32368338582955053,0.6218896436777215,0.22957792137060662,0.5204836406590672,False,True,,,,,,,
histfill,sentinel1,latent980,980,scm,-,estimator,treatment_0010,5,9,196,0.3416503818171351,0.33440021232692774,0.6320915948963705,0.23147229857548474,0.529037587316363,False,True,,,,,,,
histfill,sentinel1,latent980,980,scm,B,estimator,treatment_0001,5,9,196,0.33824187429546454,0.35288799294873263,0.6317790252555612,0.22394964698498834,0.5585623752007053,False,False,,,,,,,
histfill,sentinel1,latent980,980,scm,B,estimator,treatment_0002,5,9,196,0.32629605708332166,0.3264152343611799,0.6440708019053923,0.22628806183692507,0.506800235929849,False,True,,,,,,,
histfill,sentinel1,latent980,980,scm,B,estimator,treatment_0003,5,9,196,0.3270616009674608,0.3293857498109283,0.632713187637637,0.23843658775633908,0.5205925152923662,False,True,,,,,,,
histfill,sentinel1,latent980,980,scm,B,estimator,treatment_0004,3,9,196,0.3452623676102108,0.3320438014379415,0.6234512612746133,0.37424079809261784,0.5325898302925804,False,True,,,,,,,
histfill,sentinel1,latent980,980,scm,B,estimator,treatment_0005,4,9,196,0.32183296464076816,0.3256192786733065,0.6225912492919115,0.28275401446226095,0.5230065135731371,False,True,,,,,,,
histfill,sentinel1,latent980,980,scm,B,estimator,treatment_0006,5,9,196,0.3293178334003975,0.34408953975862805,0.6089678245967564,0.22079867653645072,0.5650373071622885,False,True,,,,,,,
histfill,sentinel1,latent980,980,scm,B,estimator,treatment_0007,5,5,196,0.33203621155743807,0.3290744098120416,0.6095917072252491,0.32746962296328813,0.5398275696858289,False,True,,,,,,,
histfill,sentinel1,latent980,980,scm,B,estimator,treatment_0008,5,9,196,0.3236005240953847,0.3162279816935355,0.6096902321602042,0.27112508959592224,0.5186699163165245,False,True,,,,,,,
histfill,sentinel1,latent980,980,scm,B,estimator,treatment_0009,5,9,196,0.3269285750298616,0.33386038756856146,0.6218387926750882,0.22080898597993642,0.5368921841178925,False,False,,,,,,,
histfill,sentinel1,latent980,980,scm,B,estimator,treatment_0010,5,9,196,0.33145392659388306,0.31961034773185143,0.620587939837245,0.2670243796342382,0.5150121799267839,False,True,,,,,,,
histfill,sentinel1,latent980,980,scm,C,estimator,treatment_0001,5,9,196,0.3291642302043248,0.3183901160870963,0.630480807530773,0.24189506006954278,0.504995730693287,False,True,,,,,,,
histfill,sentinel1,latent980,980,scm,C,estimator,treatment_0002,5,9,196,0.3265706752280033,0.33323696534082037,0.6306026506254918,0.22994997598749373,0.5284420625417355,False,True,,,,,,,
histfill,sentinel1,latent980,980,scm,C,estimator,treatment_0003,5,9,196,0.3256904326009814,0.33319541443795697,0.6339887543956192,0.21824809843756177,0.5255541397663935,False,True,,,,,,,
histfill,sentinel1,latent980,980,scm,C,estimator,treatment_0004,3,9,196,0.33892354922326723,0.3542433568257539,0.6243995188735112,0.35413165423807846,0.5673344487273947,False,True,,,,,,,
histfill,sentinel1,latent980,980,scm,C,estimator,treatment_0005,4,9,196,0.3158474835491859,0.3049157983148892,0.6020530248685082,0.2741004088733951,0.5064600387673237,False,True,,,,,,,
histfill,sentinel1,latent980,980,scm,C,estimator,treatment_0006,5,9,196,0.32651065233790694,0.33349604219689666,0.6083711950093632,0.2225463948468431,0.5481785543639421,False,True,,,,,,,
histfill,sentinel1,latent980,980,scm,C,estimator,treatment_0007,5,5,196,0.3454593550135878,0.34645454583053653,0.597537470881281,0.2500115255811796,0.5798038829591162,False,True,,,,,,,
histfill,sentinel1,latent980,980,scm,C,estimator,treatment_0008,5,9,196,0.31361826191033443,0.30718505443187405,0.6542835158181074,0.3237476296208683,0.469498385646739,False,True,,,,,,,
histfill,sentinel1,latent980,980,scm,C,estimator,treatment_0009,5,9,196,0.3242775297192032,0.32701128147852615,0.6224025767693039,0.2802867497428757,0.5254015546914007,False,True,,,,,,,
histfill,sentinel1,latent980,980,scm,C,estimator,treatment_0010,5,9,196,0.3232880866787188,0.3143394016077197,0.6203963961002282,0.22738626966341569,0.5066750928658467,False,True,,,,,,,
histfill,sentinel1,latent980,980,scm,D_min,estimator,treatment_0001,5,9,196,0.2510831016017273,0.2701199011301255,0.6290941781912597,0.2823515624977982,0.429379114438415,False,True,,,,,,,
histfill,sentinel1,latent980,980,scm,D_min,estimator,treatment_0002,5,9,196,0.2289375482042124,0.27827011536839835,0.6279044386101884,0.2518090211839944,0.44317271587428964,False,True,,,,,,,
histfill,sentinel1,latent980,980,scm,D_min,estimator,treatment_0003,5,9,196,0.23939310074404907,0.2530722998138308,0.6338877350952755,0.2159690823644922,0.3992383600477664,False,True,,,,,,,
histfill,sentinel1,latent980,980,scm,D_min,estimator,treatment_0004,3,9,196,0.2246236324419481,0.2218454725037533,0.6265133813133724,0.36845727884161616,0.3540953459584442,False,True,,,,,,,
histfill,sentinel1,latent980,980,scm,D_min,estimator,treatment_0005,4,9,196,0.22253725658220766,0.24984905241308977,0.6275379381244091,0.2942787619485114,0.39814174926195034,False,True,,,,,,,
histfill,sentinel1,latent980,980,scm,D_min,estimator,treatment_0006,5,9,196,0.24141724772578782,0.2750719412286608,0.6099475170018547,0.21305444967690323,0.45097640954545337,False,True,,,,,,,
histfill,sentinel1,latent980,980,scm,D_min,estimator,treatment_0007,5,5,196,0.20523481661933674,0.22035725442935541,0.6279216289173689,0.21952168442232578,0.350931142170217,False,True,,,,,,,
histfill,sentinel1,latent980,980,scm,D_min,estimator,treatment_0008,5,9,196,0.2288516524989095,0.23315980658595295,0.6144395765397067,0.2320073122518723,0.3794674293264466,False,True,,,,,,,
histfill,sentinel1,latent980,980,scm,D_min,estimator,treatment_0009,5,9,196,0.21815887057425523,0.22477882000780766,0.5882454094331414,0.21160214459352372,0.382117423108179,False,True,,,,,,,
histfill,sentinel1,latent980,980,scm,D_min,estimator,treatment_0010,5,9,196,0.21076342436911702,0.21133796307271732,0.6258945527360503,0.2305649421395815,0.33765745707303174,False,True,,,,,,,
histfill,sentinel1,latent980,980,scm,D_full,estimator,treatment_0001,5,9,196,0.2508060740120096,0.27144705114032686,0.6113201559009231,0.22977335951901404,0.44403419144635625,False,True,,,,,,,
histfill,sentinel1,latent980,980,scm,D_full,estimator,treatment_0002,5,9,196,0.24544033748097355,0.2762823666504859,0.6414721178748526,0.26010271703672894,0.4307005073981827,False,True,,,,,,,
histfill,sentinel1,latent980,980,scm,D_full,estimator,treatment_0003,5,9,196,0.24191901666749438,0.25678727639199617,0.6304292423841574,0.22589864275229019,0.4073213282760774,False,True,,,,,,,
histfill,sentinel1,latent980,980,scm,D_full,estimator,treatment_0004,3,9,196,0.24596724395883343,0.25632266501928747,0.6220837599444903,0.37963781099355776,0.41203883065868757,False,True,,,,,,,
histfill,sentinel1,latent980,980,scm,D_full,estimator,treatment_0005,4,9,196,0.2226714734392291,0.2572761851598024,0.6218648145147472,0.2613001882116997,0.4137172246359683,False,True,,,,,,,
histfill,sentinel1,latent980,980,scm,D_full,estimator,treatment_0006,5,9,196,0.2539614099351512,0.28287470079934973,0.6112172538824694,0.2148374494259767,0.46280549019603356,False,True,,,,,,,
histfill,sentinel1,latent980,980,scm,D_full,estimator,treatment_0007,5,5,196,0.22102255370249868,0.2131115723154029,0.613811166972436,0.25186781580230205,0.34719402934057886,False,True,,,,,,,
histfill,sentinel1,latent980,980,scm,D_full,estimator,treatment_0008,5,9,196,0.23400914905870718,0.25986591188592933,0.6425221430909054,0.32516149800173016,0.4044466244164335,False,False,,,,,,,
histfill,sentinel1,latent980,980,scm,D_full,estimator,treatment_0009,5,9,196,0.2148771066086577,0.23435129509614575,0.5831693476440187,0.21964099797510384,0.4018580469685449,False,True,,,,,,,
histfill,sentinel1,latent980,980,scm,D_full,estimator,treatment_0010,5,9,196,0.22291416496681596,0.23202489345998914,0.6208356892016581,0.2512943856896364,0.37372995382780494,False,True,,,,,,,
histfill,sentinel1,latent980,980,scm,E,estimator,treatment_0001,5,9,196,0.2529926198154542,0.27568745293113756,0.6076981663332194,0.24233421127274646,0.4536585235966793,False,True,,,,,,,
histfill,sentinel1,latent980,980,scm,E,estimator,treatment_0002,5,9,196,0.2459224067866915,0.28559213079273327,0.6533815454446249,0.2569789807047072,0.4370985571659946,False,True,,,,,,,
histfill,sentinel1,latent980,980,scm,E,estimator,treatment_0003,5,9,196,0.24210399763478385,0.26925711905310734,0.6282236122560393,0.23792672293370046,0.42860076221294385,False,True,,,,,,,
histfill,sentinel1,latent980,980,scm,E,estimator,treatment_0004,3,9,196,0.24982904431674202,0.25147920313105865,0.6272884547824986,0.3491392154869342,0.40089882288405054,False,True,,,,,,,
histfill,sentinel1,latent980,980,scm,E,estimator,treatment_0005,4,9,196,0.2248776471885232,0.25363136320604945,0.6078647425175121,0.30460645939165426,0.41724966997693985,False,True,,,,,,,
histfill,sentinel1,latent980,980,scm,E,estimator,treatment_0006,5,9,196,0.25445411598292644,0.2857279535262983,0.6124383456001745,0.22041981834309382,0.46654158019170394,False,True,,,,,,,
histfill,sentinel1,latent980,980,scm,E,estimator,treatment_0007,5,5,196,0.21739313806311827,0.21827659673514516,0.6117492506109904,0.2606714957273542,0.3568072972989167,False,True,,,,,,,
histfill,sentinel1,latent980,980,scm,E,estimator,treatment_0008,5,9,196,0.23608200235029922,0.2702261297590947,0.6425221430909054,0.2917167802278257,0.4205709214302713,False,False,,,,,,,
histfill,sentinel1,latent980,980,scm,E,estimator,treatment_0009,5,9,196,0.2155991319056537,0.22822903788037843,0.5878740950936048,0.21075347625769264,0.388227751120822,False,True,,,,,,,
histfill,sentinel1,latent980,980,scm,E,estimator,treatment_0010,5,9,196,0.2271417833996144,0.2308009876806734,0.6176012691626844,0.22079286763219844,0.37370549447474877,False,True,,,,,,,
histfill,sentinel2,chip_mean,5,equal_weight,-,reference,treatment_0001,5,9,196,0.059183607429062215,0.09159259629760688,0.687982538427354,,0.1331321526080831,False,False,,,,,,,
histfill,sentinel2,chip_mean,5,equal_weight,-,reference,treatment_0002,5,9,196,0.051076112871643445,0.04987313786883404,0.7245585132168734,,0.06883245032538333,True,False,,,,,,,
histfill,sentinel2,chip_mean,5,equal_weight,-,reference,treatment_0003,5,9,196,0.032318753470465485,0.018835736700269314,0.7595137020561458,,0.02479973257793434,True,False,,,,,,,
histfill,sentinel2,chip_mean,5,equal_weight,-,reference,treatment_0004,5,9,196,0.05099749811087604,0.06908506466399365,0.6834836244625552,,0.10107786374299374,False,False,,,,,,,
histfill,sentinel2,chip_mean,5,equal_weight,-,reference,treatment_0005,5,9,196,0.07740652397021039,0.08137129653461543,0.7103567148192634,,0.11454990828842772,False,False,,,,,,,
histfill,sentinel2,chip_mean,5,equal_weight,-,reference,treatment_0006,5,9,196,0.030813820305603624,0.02287384205687952,0.719305156509002,,0.03179991391677624,True,False,,,,,,,
histfill,sentinel2,chip_mean,5,equal_weight,-,reference,treatment_0007,5,9,196,0.0331618561881743,0.056871485921075486,0.7485946564594536,,0.07597100170345103,True,False,,,,,,,
histfill,sentinel2,chip_mean,5,equal_weight,-,reference,treatment_0008,5,9,196,0.02948201136406149,0.020928193589403756,0.6947109789469024,,0.03012503648802033,True,False,,,,,,,
histfill,sentinel2,chip_mean,5,equal_weight,-,reference,treatment_0009,5,9,196,0.025378115451259016,0.01750625866625247,0.6916387840247704,,0.025311273847860877,True,False,,,,,,,
histfill,sentinel2,chip_mean,5,equal_weight,-,reference,treatment_0010,5,9,196,0.0633354386669842,0.05411771020425188,0.6777671275991162,,0.07984705660771035,False,False,,,,,,,
histfill,sentinel2,chip_mean,5,own_history_mean,-,reference,treatment_0001,5,9,196,0.02653158862443747,0.04911874784078002,0.687982538427354,,0.0713953408658592,False,True,,,,,,,
histfill,sentinel2,chip_mean,5,own_history_mean,-,reference,treatment_0002,5,9,196,0.024914543788550406,0.0832001326671603,0.7245585132168734,,0.11482872832143096,False,False,,,,,,,
histfill,sentinel2,chip_mean,5,own_history_mean,-,reference,treatment_0003,5,9,196,0.035924164939721524,0.0792336020928924,0.7595137020561458,,0.10432149134162058,False,False,,,,,,,
histfill,sentinel2,chip_mean,5,own_history_mean,-,reference,treatment_0004,5,9,196,0.04256655806505085,0.043618926445298196,0.6834836244625552,,0.06381853914875743,False,True,,,,,,,
histfill,sentinel2,chip_mean,5,own_history_mean,-,reference,treatment_0005,5,9,196,0.03337828481426094,0.07213095470101406,0.7103567148192634,,0.10154187775836876,False,True,,,,,,,
histfill,sentinel2,chip_mean,5,own_history_mean,-,reference,treatment_0006,5,9,196,0.027199976197582878,0.07792671344303187,0.719305156509002,,0.10833609732652685,False,False,,,,,,,
histfill,sentinel2,chip_mean,5,own_history_mean,-,reference,treatment_0007,5,9,196,0.04110703000567459,0.08923427612637624,0.7485946564594536,,0.11920239525675733,False,False,,,,,,,
histfill,sentinel2,chip_mean,5,own_history_mean,-,reference,treatment_0008,5,9,196,0.0289629699432228,0.059337615917279214,0.6947109789469024,,0.08541338443683134,False,False,,,,,,,
histfill,sentinel2,chip_mean,5,own_history_mean,-,reference,treatment_0009,5,9,196,0.026710700586818098,0.06420082100913126,0.6916387840247704,,0.09282420606249861,False,False,,,,,,,
histfill,sentinel2,chip_mean,5,own_history_mean,-,reference,treatment_0010,5,9,196,0.022491926509486195,0.04731637457503579,0.6777671275991162,,0.06981214143956292,False,True,,,,,,,
histfill,sentinel2,chip_mean,5,scm,-,estimator,treatment_0001,5,9,196,0.02625933988156599,0.031083572773073546,0.687982538427354,0.6718322839479395,0.045180758285125786,True,True,,,,,,,
histfill,sentinel2,chip_mean,5,scm,-,estimator,treatment_0002,5,9,196,0.034715714623016675,0.03130863215443724,0.7245585132168734,0.565818580163262,0.043210633210883274,True,True,,,,,,,
histfill,sentinel2,chip_mean,5,scm,-,estimator,treatment_0003,5,9,196,0.028825785525383014,0.016875327214986493,0.7595137020561458,0.6667145316751214,0.022218594831537368,True,True,,,,,,,
histfill,sentinel2,chip_mean,5,scm,-,estimator,treatment_0004,5,9,196,0.036532900931491995,0.050957444260115434,0.6834836244625552,0.4881753960237814,0.07455547204980205,False,True,,,,,,,
histfill,sentinel2,chip_mean,5,scm,-,estimator,treatment_0005,5,9,196,0.06077326320759874,0.05085821483315727,0.7103567148192634,0.616020365036764,0.07159531791868423,True,True,,,,,,,
histfill,sentinel2,chip_mean,5,scm,-,estimator,treatment_0006,5,9,196,0.023577047352779223,0.008701745664638617,0.719305156509002,0.6200422273586451,0.012097432620767979,True,True,,,,,,,
histfill,sentinel2,chip_mean,5,scm,-,estimator,treatment_0007,5,9,196,0.021237769592906304,0.03307086411268428,0.7485946564594536,0.6504682098761825,0.0441772644612452,True,True,,,,,,,
histfill,sentinel2,chip_mean,5,scm,-,estimator,treatment_0008,5,9,196,0.02308600939435411,0.023556372174540176,0.6947109789469024,0.5024971383677628,0.03390816165054535,True,False,,,,,,,
histfill,sentinel2,chip_mean,5,scm,-,estimator,treatment_0009,5,9,196,0.02248407375069566,0.015016145828474393,0.6916387840247704,0.36216707551265587,0.021710965572365303,True,True,,,,,,,
histfill,sentinel2,chip_mean,5,scm,-,estimator,treatment_0010,5,9,196,0.04458386500621984,0.023973683067388778,0.6777671275991162,0.7326020946282156,0.03537156361110606,True,True,,,,,,,
histfill,sentinel2,chip_mean,5,perdim_scm,-,estimator,treatment_0001,5,9,196,0.0240717851317411,0.029113058773540066,0.687982538427354,0.7973354028472439,0.04231656640601525,True,True,,,,,,,
histfill,sentinel2,chip_mean,5,perdim_scm,-,estimator,treatment_0002,5,9,196,0.028095637879847778,0.029035658689198385,0.7245585132168734,1.0,0.04007358710104272,True,True,,,,,,,
histfill,sentinel2,chip_mean,5,perdim_scm,-,estimator,treatment_0003,5,9,196,0.027937915623586784,0.029367198776423048,0.7595137020561458,0.7204783959291601,0.038665791936235705,True,False,,,,,,,
histfill,sentinel2,chip_mean,5,perdim_scm,-,estimator,treatment_0004,5,9,196,0.028515320746943986,0.04380742706311139,0.6834836244625552,0.7581328383436599,0.06409433305378538,False,True,,,,,,,
histfill,sentinel2,chip_mean,5,perdim_scm,-,estimator,treatment_0005,5,9,196,0.04876599782601156,0.05558143428514754,0.7103567148192634,1.0,0.07824439908235281,True,True,,,,,,,
histfill,sentinel2,chip_mean,5,perdim_scm,-,estimator,treatment_0006,5,9,196,0.020198744019404583,0.014162707251938201,0.719305156509002,1.0,0.01968942822636495,True,True,,,,,,,
histfill,sentinel2,chip_mean,5,perdim_scm,-,estimator,treatment_0007,5,9,196,0.020207313148204772,0.03493946554376339,0.7485946564594536,0.8965032143638918,0.04667341029257779,True,True,,,,,,,
histfill,sentinel2,chip_mean,5,perdim_scm,-,estimator,treatment_0008,5,9,196,0.019011324554226456,0.023900471016098684,0.6947109789469024,0.5902751848056662,0.03440347387676081,True,False,,,,,,,
histfill,sentinel2,chip_mean,5,perdim_scm,-,estimator,treatment_0009,5,9,196,0.019064374250567517,0.03167059038440403,0.6916387840247704,0.6387252911477223,0.045790651299377934,True,False,,,,,,,
histfill,sentinel2,chip_mean,5,perdim_scm,-,estimator,treatment_0010,5,9,196,0.041407459262327174,0.03267860443287147,0.6777671275991162,1.0,0.048215092031138045,True,True,,,,,,,
histfill,sentinel2,chip_mean,5,perdim_scm_demeaned,-,estimator,treatment_0001,5,9,196,0.01896182795184,0.019570596281018128,0.687982538427354,0.6227637906870892,0.028446356103389157,True,True,,,,,,,
histfill,sentinel2,chip_mean,5,perdim_scm_demeaned,-,estimator,treatment_0002,5,9,196,0.01765687468737795,0.03267693400467522,0.7245585132168734,0.8544721162750648,0.045099096082105425,True,True,,,,,,,
histfill,sentinel2,chip_mean,5,perdim_scm_demeaned,-,estimator,treatment_0003,5,9,196,0.02032765918730451,0.02704291178143725,0.7595137020561458,0.8948541907511403,0.03560556143783453,True,False,,,,,,,
histfill,sentinel2,chip_mean,5,perdim_scm_demeaned,-,estimator,treatment_0004,5,9,196,0.0255412578372307,0.04113965379545476,0.6834836244625552,0.9565145938363477,0.060191133076237455,True,True,,,,,,,
histfill,sentinel2,chip_mean,5,perdim_scm_demeaned,-,estimator,treatment_0005,5,9,196,0.030331597243175516,0.030935747154571522,0.7103567148192634,0.817358012738127,0.04354959488549711,True,True,,,,,,,
histfill,sentinel2,chip_mean,5,perdim_scm_demeaned,-,estimator,treatment_0006,5,9,196,0.01797770215051026,0.017214585334480125,0.719305156509002,0.9100688746361595,0.023932242357371018,True,True,,,,,,,
histfill,sentinel2,chip_mean,5,perdim_scm_demeaned,-,estimator,treatment_0007,5,9,196,0.01783631848111674,0.034830617179529344,0.7485946564594536,1.0,0.04652800668423672,True,True,,,,,,,
histfill,sentinel2,chip_mean,5,perdim_scm_demeaned,-,estimator,treatment_0008,5,9,196,0.015415561533592297,0.030443378119658186,0.6947109789469024,0.8920568859118602,0.04382164532048516,True,False,,,,,,,
histfill,sentinel2,chip_mean,5,perdim_scm_demeaned,-,estimator,treatment_0009,5,9,196,0.015802109190258005,0.04309583167723708,0.6916387840247704,0.6454940214229533,0.06230973836726548,True,False,,,,,,,
histfill,sentinel2,chip_mean,5,perdim_scm_demeaned,-,estimator,treatment_0010,5,9,196,0.021323126155196177,0.022716878627043417,0.6777671275991162,1.0,0.03351723284000863,True,True,,,,,,,
histfill,sentinel2,chip_mean,5,perdim_scm_demeaned_std,-,estimator,treatment_0001,5,9,196,0.02066530435479131,0.02156023347188447,0.687982538427354,0.7886745575129214,0.031338344024208216,True,True,45.0,,,,,,
histfill,sentinel2,chip_mean,5,perdim_scm_demeaned_std,-,estimator,treatment_0002,5,9,196,0.019556317029332974,0.034417491053660806,0.7245585132168734,0.6325957035139117,0.0475013272576911,True,True,45.0,,,,,,
histfill,sentinel2,chip_mean,5,perdim_scm_demeaned_std,-,estimator,treatment_0003,5,9,196,0.02149073605631258,0.026568512333914284,0.7595137020561458,0.9800178786308318,0.034980951972279566,True,False,45.0,,,,,,
histfill,sentinel2,chip_mean,5,perdim_scm_demeaned_std,-,estimator,treatment_0004,5,9,196,0.027451798239428567,0.02952397303303571,0.6834836244625552,0.7105865775169823,0.043196313673573884,True,True,45.0,,,,,,
histfill,sentinel2,chip_mean,5,perdim_scm_demeaned_std,-,estimator,treatment_0005,5,9,196,0.03408590788665026,0.035362095723201044,0.7103567148192634,1.0,0.04978075801282212,True,True,45.0,,,,,,
histfill,sentinel2,chip_mean,5,perdim_scm_demeaned_std,-,estimator,treatment_0006,5,9,196,0.022770267907103205,0.022174280639450133,0.719305156509002,1.0,0.030827362265923957,True,True,45.0,,,,,,
histfill,sentinel2,chip_mean,5,perdim_scm_demeaned_std,-,estimator,treatment_0007,5,9,196,0.019318888471107295,0.040129921316565585,0.7485946564594536,1.0,0.053607010109267536,True,True,45.0,,,,,,
histfill,sentinel2,chip_mean,5,perdim_scm_demeaned_std,-,estimator,treatment_0008,5,9,196,0.01856414736758037,0.03027476027843752,0.6947109789469024,0.9257884729084261,0.04357892878608366,True,False,45.0,,,,,,
histfill,sentinel2,chip_mean,5,perdim_scm_demeaned_std,-,estimator,treatment_0009,5,9,196,0.01813312721841192,0.03733444059939541,0.6916387840247704,0.7293201526367243,0.0539796805236103,True,False,45.0,,,,,,
histfill,sentinel2,chip_mean,5,perdim_scm_demeaned_std,-,estimator,treatment_0010,5,9,196,0.02180945671476326,0.01882897200419661,0.6777671275991162,0.999999999999998,0.027780887029583885,True,True,45.0,,,,,,
histfill,sentinel2,chip_mean,5,scm_demeaned,-,estimator,treatment_0001,5,9,196,0.021812158194274657,0.029555950094222676,0.687982538427354,0.30869335217806765,0.04296032012932196,True,True,,,,,,,
histfill,sentinel2,chip_mean,5,scm_demeaned,-,estimator,treatment_0002,5,9,196,0.020955484820397687,0.032840536808331024,0.7245585132168734,0.5320831751336758,0.045324892619819736,True,True,,,,,,,
histfill,sentinel2,chip_mean,5,scm_demeaned,-,estimator,treatment_0003,5,9,196,0.021348614938942065,0.020069577481048338,0.7595137020561458,0.728262041692127,0.02642424676041556,True,False,,,,,,,
histfill,sentinel2,chip_mean,5,scm_demeaned,-,estimator,treatment_0004,5,9,196,0.028396642373635615,0.04077854431520808,0.6834836244625552,0.51651923002971,0.059662796379757514,True,True,,,,,,,
histfill,sentinel2,chip_mean,5,scm_demeaned,-,estimator,treatment_0005,5,9,196,0.0356486995172097,0.021342150990491488,0.7103567148192634,0.3765580035551883,0.030044272891714113,True,True,,,,,,,
histfill,sentinel2,chip_mean,5,scm_demeaned,-,estimator,treatment_0006,5,9,196,0.019910314911933936,0.016143686685799775,0.719305156509002,0.49142408978841934,0.022443446345011348,True,True,,,,,,,
histfill,sentinel2,chip_mean,5,scm_demeaned,-,estimator,treatment_0007,5,9,196,0.019541339244574307,0.03357568572615734,0.7485946564594536,0.5738541504019913,0.044851623554136216,True,True,,,,,,,
histfill,sentinel2,chip_mean,5,scm_demeaned,-,estimator,treatment_0008,5,9,196,0.018493124256282304,0.03192590331815579,0.6947109789469024,0.5666515175138551,0.04595566254984424,True,False,,,,,,,
histfill,sentinel2,chip_mean,5,scm_demeaned,-,estimator,treatment_0009,5,9,196,0.01899561303445835,0.03343784540589356,0.6916387840247704,0.2966779359504988,0.04834582180500742,True,False,,,,,,,
histfill,sentinel2,chip_mean,5,scm_demeaned,-,estimator,treatment_0010,5,9,196,0.025419728589955403,0.029790208862890744,0.6777671275991162,0.43993414540515413,0.04395345783206968,True,True,,,,,,,
histfill,sentinel2,chip_mean,5,scm_demeaned_std,-,estimator,treatment_0001,5,9,196,0.02303490070761203,0.02645859589595667,0.687982538427354,0.5596492720619481,0.03845823755416506,True,True,45.0,,,,,,
histfill,sentinel2,chip_mean,5,scm_demeaned_std,-,estimator,treatment_0002,5,9,196,0.021798766383508746,0.03278535145744845,0.7245585132168734,0.5101013200539715,0.04524872851453918,True,True,45.0,,,,,,
histfill,sentinel2,chip_mean,5,scm_demeaned_std,-,estimator,treatment_0003,5,9,196,0.02174522900959864,0.021254937583159994,0.7595137020561458,0.7366077593148016,0.02798492973282628,True,False,45.0,,,,,,
histfill,sentinel2,chip_mean,5,scm_demeaned_std,-,estimator,treatment_0004,5,9,196,0.029325987361136823,0.03526115558522692,0.6834836244625552,0.4492435019035406,0.05159034441089043,True,True,45.0,,,,,,
histfill,sentinel2,chip_mean,5,scm_demeaned_std,-,estimator,treatment_0005,5,9,196,0.03668643664057588,0.026568326434592938,0.7103567148192634,0.5477575950558299,0.037401387050100224,True,True,45.0,,,,,,
histfill,sentinel2,chip_mean,5,scm_demeaned_std,-,estimator,treatment_0006,5,9,196,0.020643367254492062,0.014957094552547663,0.719305156509002,0.4918847577071563,0.020793809716503093,True,True,45.0,,,,,,
histfill,sentinel2,chip_mean,5,scm_demeaned_std,-,estimator,treatment_0007,5,9,196,0.020345841891634554,0.03296639682011496,0.7485946564594536,0.4910128834883021,0.04403771324795788,True,True,45.0,,,,,,
histfill,sentinel2,chip_mean,5,scm_demeaned_std,-,estimator,treatment_0008,5,9,196,0.01998507179021395,0.025619471378681636,0.6947109789469024,0.6075985435817615,0.03687788469604676,True,False,45.0,,,,,,
histfill,sentinel2,chip_mean,5,scm_demeaned_std,-,estimator,treatment_0009,5,9,196,0.020076879066937888,0.02461502112941992,0.6916387840247704,0.32177969360835545,0.03558941704538413,True,False,45.0,,,,,,
histfill,sentinel2,chip_mean,5,scm_demeaned_std,-,estimator,treatment_0010,5,9,196,0.026008164991142314,0.02640114824754675,0.6777671275991162,0.7038402795532718,0.03895312589306106,True,True,45.0,,,,,,
histfill,sentinel2,gram,15,equal_weight,-,reference,treatment_0001,5,9,196,0.057549280869923385,0.08830498608691485,0.5005195338767848,,0.1764266529279021,False,False,,,,,,,
histfill,sentinel2,gram,15,equal_weight,-,reference,treatment_0002,5,9,196,0.05231442418359568,0.06505417510895488,0.5507634302328971,,0.11811636637066829,True,False,,,,,,,
histfill,sentinel2,gram,15,equal_weight,-,reference,treatment_0003,5,9,196,0.038984018345712704,0.0213096822575584,0.5901829526190498,,0.036106909159257496,True,False,,,,,,,
histfill,sentinel2,gram,15,equal_weight,-,reference,treatment_0004,5,9,196,0.05535123611293417,0.0770649440809397,0.4932214113458525,,0.15624817233836769,False,False,,,,,,,
histfill,sentinel2,gram,15,equal_weight,-,reference,treatment_0005,5,9,196,0.08024704604443146,0.08712102304910888,0.5340028392685056,,0.16314711578771768,False,False,,,,,,,
histfill,sentinel2,gram,15,equal_weight,-,reference,treatment_0006,5,9,196,0.03543090097720589,0.028474616758617077,0.5392184060938452,,0.052807204718566994,True,False,,,,,,,
histfill,sentinel2,gram,15,equal_weight,-,reference,treatment_0007,5,9,196,0.03905854867145887,0.07108270481886812,0.5778875402781375,,0.12300439075854792,True,False,,,,,,,
histfill,sentinel2,gram,15,equal_weight,-,reference,treatment_0008,5,9,196,0.031932027222353145,0.01809423922931729,0.5087898265580324,,0.03556328818861213,True,False,,,,,,,
histfill,sentinel2,gram,15,equal_weight,-,reference,treatment_0009,5,9,196,0.028185471641197578,0.019862221587646983,0.5069751238897915,,0.03917790173855694,True,False,,,,,,,
histfill,sentinel2,gram,15,equal_weight,-,reference,treatment_0010,5,9,196,0.06074311716763006,0.05883238719716045,0.4878112127412054,,0.12060482756547936,False,False,,,,,,,
histfill,sentinel2,gram,15,own_history_mean,-,reference,treatment_0001,5,9,196,0.02901222345072788,0.05833416133259349,0.5005195338767848,,0.11654722220482583,False,True,,,,,,,
histfill,sentinel2,gram,15,own_history_mean,-,reference,treatment_0002,5,9,196,0.029477174740199594,0.10096660898161029,0.5507634302328971,,0.18332119280126374,False,False,,,,,,,
histfill,sentinel2,gram,15,own_history_mean,-,reference,treatment_0003,5,9,196,0.04452217514989855,0.10052529878350402,0.5901829526190498,,0.17032904515015854,False,False,,,,,,,
histfill,sentinel2,gram,15,own_history_mean,-,reference,treatment_0004,5,9,196,0.04786928611715137,0.04034680487662441,0.4932214113458525,,0.08180262240953844,False,True,,,,,,,
histfill,sentinel2,gram,15,own_history_mean,-,reference,treatment_0005,5,9,196,0.041765404535006476,0.08449511420704647,0.5340028392685056,,0.15822970964497235,False,True,,,,,,,
histfill,sentinel2,gram,15,own_history_mean,-,reference,treatment_0006,5,9,196,0.031094531275664243,0.08384008412680835,0.5392184060938452,,0.15548446265800667,False,False,,,,,,,
histfill,sentinel2,gram,15,own_history_mean,-,reference,treatment_0007,5,9,196,0.05191918063348001,0.11404978530605922,0.5778875402781375,,0.1973563666923274,False,False,,,,,,,
histfill,sentinel2,gram,15,own_history_mean,-,reference,treatment_0008,5,9,196,0.035158364658952446,0.0648614248926622,0.5087898265580324,,0.12748176458529115,False,False,,,,,,,
histfill,sentinel2,gram,15,own_history_mean,-,reference,treatment_0009,5,9,196,0.03173064095465529,0.07121182130640835,0.5069751238897915,,0.14046413315121295,False,False,,,,,,,
histfill,sentinel2,gram,15,own_history_mean,-,reference,treatment_0010,5,9,196,0.02504660461341511,0.05359375744410529,0.4878112127412054,,0.10986577603032253,False,True,,,,,,,
histfill,sentinel2,gram,15,scm,-,estimator,treatment_0001,5,9,196,0.02821474632977983,0.03792880036073778,0.5005195338767848,0.8104352894624646,0.0757788613502443,True,True,,,,,,,
histfill,sentinel2,gram,15,scm,-,estimator,treatment_0002,5,9,196,0.03762814226099136,0.04880390460009515,0.5507634302328971,0.5829368563509464,0.08861137454143936,True,True,,,,,,,
histfill,sentinel2,gram,15,scm,-,estimator,treatment_0003,5,9,196,0.03466888859994704,0.017720703967018973,0.5901829526190498,0.6100991965426272,0.030025780799631634,True,True,,,,,,,
histfill,sentinel2,gram,15,scm,-,estimator,treatment_0004,5,9,196,0.04262921306987431,0.056704425790812286,0.4932214113458525,0.4157811418316089,0.11496748617640708,False,True,,,,,,,
histfill,sentinel2,gram,15,scm,-,estimator,treatment_0005,5,9,196,0.0671992524755864,0.058552366801422034,0.5340028392685056,0.5237561572391943,0.10964804397225485,True,True,,,,,,,
histfill,sentinel2,gram,15,scm,-,estimator,treatment_0006,5,9,196,0.0270685959334689,0.007719553612768862,0.5392184060938452,0.5706210730450798,0.014316190852404539,True,True,,,,,,,
histfill,sentinel2,gram,15,scm,-,estimator,treatment_0007,5,9,196,0.025196204970308826,0.041050932882568295,0.5778875402781375,0.6691154178045984,0.07103619652849838,True,True,,,,,,,
histfill,sentinel2,gram,15,scm,-,estimator,treatment_0008,5,9,196,0.024213382895192627,0.025066389886300718,0.5087898265580324,0.5063825544871707,0.049266688478964024,True,False,,,,,,,
histfill,sentinel2,gram,15,scm,-,estimator,treatment_0009,5,9,196,0.025166889665924147,0.016540786839887273,0.5069751238897915,0.32212948889693493,0.03262642693980185,True,True,,,,,,,
histfill,sentinel2,gram,15,scm,-,estimator,treatment_0010,5,9,196,0.0433282519666544,0.022279837150533943,0.4878112127412054,0.504868575040389,0.04567307304261144,True,True,,,,,,,
histfill,sentinel2,gram,15,afsc,-,estimator,treatment_0001,5,9,196,0.02820716851201043,0.0381032162005458,0.5005195338767848,0.814199067566009,0.07612733094633993,True,True,,0.0381032162005455,0.9999000000000007,1.0,0.1,interior,0.0379425462913987
histfill,sentinel2,gram,15,afsc,-,estimator,treatment_0002,5,9,196,0.03628978755593193,0.0470870378182933,0.5507634302328971,0.621822657621503,0.08549412548756545,True,True,,0.0470870378182927,1.0000000000000004,1.0,0.1,interior,0.0488044158736737
histfill,sentinel2,gram,15,afsc,-,estimator,treatment_0003,5,9,196,0.03433856732203194,0.0183326319368283,0.5901829526190498,0.640140388194485,0.031062625335878877,True,True,,0.018332631936829,0.9999999999999989,2.0,0.1,interior,0.0177207321256175
histfill,sentinel2,gram,15,afsc,-,estimator,treatment_0004,5,9,196,0.04219744054707696,0.0553556369170077,0.4932214113458525,0.451233209281522,0.11223283426799914,False,True,,0.0553556369170082,1.0000000000000004,2.0,0.1,interior,0.0567032905763419
histfill,sentinel2,gram,15,afsc,-,estimator,treatment_0005,5,9,196,0.059487788239983824,0.0340209156342319,0.5340028392685056,0.540198227025067,0.0637092410984834,True,True,,0.0340209156342317,1.000100000000001,1.0,0.1,interior,0.0585530918259891
histfill,sentinel2,gram,15,afsc,-,estimator,treatment_0006,5,9,196,0.02596781439891906,0.012053770023512,0.5392184060938452,0.628686419553236,0.022354151652260495,True,True,,0.012053770023511,1.0000000000000002,2.0,0.1,interior,0.0077189393705101
histfill,sentinel2,gram,15,afsc,-,estimator,treatment_0007,5,9,196,0.024721628928097723,0.036439785853565,0.5778875402781375,0.68544823353211,0.06305688099111208,True,True,,0.0364397858535641,0.9999999999999989,2.0,0.1,interior,0.0410517678931503
histfill,sentinel2,gram,15,afsc,-,estimator,treatment_0008,5,9,196,0.02394523881009919,0.0258589043028129,0.5087898265580324,0.545332985188117,0.05082433443637938,True,False,,0.025858904302814,1.0,1.0,0.1,interior,0.025068320592403
histfill,sentinel2,gram,15,afsc,-,estimator,treatment_0009,5,9,196,0.025175971071860342,0.0165169826902418,0.5069751238897915,0.32209969402925,0.03257947365053031,True,True,,0.0165169826902426,0.9998999999999991,0.0,0.1,interior,0.0165171868817715
histfill,sentinel2,gram,15,afsc,-,estimator,treatment_0010,5,9,196,0.03618341572534815,0.0271412884641949,0.4878112127412054,0.543747006601045,0.055638918817952535,True,True,,0.0271412884641945,1.0,2.0,0.1,interior,0.0222795087590383
histfill,sentinel2,quantile,100,equal_weight,-,reference,treatment_0001,5,9,196,0.09358946158037455,0.12215079229271512,0.7420022503469963,,0.16462321001801744,False,False,,,,,,,
histfill,sentinel2,quantile,100,equal_weight,-,reference,treatment_0002,5,9,196,0.08804054227212894,0.08448789067550383,0.7672599066388186,,0.11011638943265652,True,False,,,,,,,
histfill,sentinel2,quantile,100,equal_weight,-,reference,treatment_0003,5,9,196,0.07005390378080617,0.049804103495820005,0.782243996566198,,0.06366824637126543,True,False,,,,,,,
histfill,sentinel2,quantile,100,equal_weight,-,reference,treatment_0004,5,9,196,0.08737421086583592,0.10447070717459984,0.7378706325253204,,0.14158404274344782,False,False,,,,,,,
histfill,sentinel2,quantile,100,equal_weight,-,reference,treatment_0005,5,9,196,0.10540065604266637,0.10983213996538774,0.7583668874690279,,0.14482718296409447,True,False,,,,,,,
histfill,sentinel2,quantile,100,equal_weight,-,reference,treatment_0006,5,9,196,0.08447378762978255,0.06805316512319791,0.7621438050931478,,0.08929176445235368,True,False,,,,,,,
histfill,sentinel2,quantile,100,equal_weight,-,reference,treatment_0007,5,9,196,0.07863657792947251,0.08941007105354228,0.7765049516322149,,0.1151442381218589,True,False,,,,,,,
histfill,sentinel2,quantile,100,equal_weight,-,reference,treatment_0008,5,9,196,0.07307276513789489,0.06170556794766508,0.7427158396943287,,0.08308099093868868,True,False,,,,,,,
histfill,sentinel2,quantile,100,equal_weight,-,reference,treatment_0009,5,9,196,0.06608783455855093,0.057899706356999404,0.7440596012044365,,0.07781595219425304,True,False,,,,,,,
histfill,sentinel2,quantile,100,equal_weight,-,reference,treatment_0010,5,9,196,0.10389398700453796,0.09580663499271964,0.7354554072421527,,0.13026844870442944,True,False,,,,,,,
histfill,sentinel2,quantile,100,own_history_mean,-,reference,treatment_0001,5,9,196,0.06367565659112165,0.11297822607745123,0.7420022503469963,,0.15226129843220437,False,True,,,,,,,
histfill,sentinel2,quantile,100,own_history_mean,-,reference,treatment_0002,5,9,196,0.04903074849415468,0.12198067240762735,0.7672599066388186,,0.15898220583686612,False,False,,,,,,,
histfill,sentinel2,quantile,100,own_history_mean,-,reference,treatment_0003,5,9,196,0.06554542534547315,0.11507751763207891,0.782243996566198,,0.14711204961269445,False,False,,,,,,,
histfill,sentinel2,quantile,100,own_history_mean,-,reference,treatment_0004,5,9,196,0.07190393610172544,0.09126546080187707,0.7378706325253204,,0.12368761782743164,False,True,,,,,,,
histfill,sentinel2,quantile,100,own_history_mean,-,reference,treatment_0005,5,9,196,0.06091189713579524,0.12221641932033757,0.7583668874690279,,0.1611573782291872,False,False,,,,,,,
histfill,sentinel2,quantile,100,own_history_mean,-,reference,treatment_0006,5,9,196,0.05706298408174229,0.10997310165929286,0.7621438050931478,,0.14429442439127632,False,False,,,,,,,
histfill,sentinel2,quantile,100,own_history_mean,-,reference,treatment_0007,5,9,196,0.07093978916263029,0.1351508268959045,0.7765049516322149,,0.17405018037788064,False,False,,,,,,,
histfill,sentinel2,quantile,100,own_history_mean,-,reference,treatment_0008,5,9,196,0.05377703117348237,0.1157622234513546,0.7427158396943287,,0.15586341002098134,False,False,,,,,,,
histfill,sentinel2,quantile,100,own_history_mean,-,reference,treatment_0009,5,9,196,0.05136863973905965,0.11772268014240148,0.7440596012044365,,0.1582167341861317,False,False,,,,,,,
histfill,sentinel2,quantile,100,own_history_mean,-,reference,treatment_0010,5,9,196,0.050871199976067254,0.0966582712036074,0.7354554072421527,,0.1314264199457876,False,False,,,,,,,
histfill,sentinel2,quantile,100,scm,-,estimator,treatment_0001,5,9,196,0.07577858370768328,0.07790264385694988,0.7420022503469963,0.5365657206850886,0.1049897676462825,True,True,,,,,,,
histfill,sentinel2,quantile,100,scm,-,estimator,treatment_0002,5,9,196,0.07951397658017165,0.07772064199533335,0.7672599066388186,0.525338208499564,0.1012963681835127,True,True,,,,,,,
histfill,sentinel2,quantile,100,scm,-,estimator,treatment_0003,5,9,196,0.06865196405931324,0.05103522503385451,0.782243996566198,0.36965764913872995,0.06524207952746572,True,False,,,,,,,
histfill,sentinel2,quantile,100,scm,-,estimator,treatment_0004,5,9,196,0.07623465055308491,0.09051470655840144,0.7378706325253204,0.47791963941190424,0.12267015729928157,True,True,,,,,,,
histfill,sentinel2,quantile,100,scm,-,estimator,treatment_0005,5,9,196,0.09729489586804622,0.08847743842345598,0.7583668874690279,0.4100536969711178,0.1166683829231263,True,True,,,,,,,
histfill,sentinel2,quantile,100,scm,-,estimator,treatment_0006,5,9,196,0.06879782879522356,0.057531253061460744,0.7621438050931478,0.5828157311658139,0.07548608632255349,True,True,,,,,,,
histfill,sentinel2,quantile,100,scm,-,estimator,treatment_0007,5,9,196,0.06946165245765132,0.06933724735654095,0.7765049516322149,0.42601710843414403,0.08929401829414471,True,True,,,,,,,
histfill,sentinel2,quantile,100,scm,-,estimator,treatment_0008,5,9,196,0.06819221261255297,0.06700500823923397,0.7427158396943287,0.4113969831585077,0.09021621010104008,True,False,,,,,,,
histfill,sentinel2,quantile,100,scm,-,estimator,treatment_0009,5,9,196,0.06414021922654094,0.058538313045727215,0.7440596012044365,0.2689150016871739,0.07867422576224957,True,False,,,,,,,
histfill,sentinel2,quantile,100,scm,-,estimator,treatment_0010,5,9,196,0.08638249687901155,0.07047073099197047,0.7354554072421527,0.5004261919658116,0.09581917584401904,True,True,,,,,,,
histfill,sentinel2,quantile,100,afsc,-,estimator,treatment_0001,5,9,196,0.07571908900733088,0.0777993480554915,0.7420022503469963,0.536571204194118,0.1048505553980581,True,True,,0.0779027028216235,0.9999999999999992,0.0,1.0,interior,0.0779015128029768
histfill,sentinel2,quantile,100,afsc,-,estimator,treatment_0002,5,9,196,0.07918161749636564,0.0774289807362203,0.7672599066388186,0.530964734043637,0.10091623459828375,True,True,,0.0774950779021494,1.0000000000000002,1.0,1.0,interior,0.0777207205058864
histfill,sentinel2,quantile,100,afsc,-,estimator,treatment_0003,5,9,196,0.06861279050815608,0.0509993241517942,0.782243996566198,0.369664277974757,0.06519618479101788,True,False,,0.0510351739930909,1.0,0.0,1.0,interior,0.0510352493721716
histfill,sentinel2,quantile,100,afsc,-,estimator,treatment_0004,5,9,196,0.07617949881060555,0.0904370183402062,0.7378706325253204,0.477902485309555,0.12256487025468224,True,True,,0.0905066452360272,0.9998999999999995,0.0,1.0,interior,0.0905061286603581
histfill,sentinel2,quantile,100,afsc,-,estimator,treatment_0005,5,9,196,0.09585345734580675,0.0840497161965544,0.7583668874690279,0.421509035639535,0.11082988667538181,True,True,,0.0846431098487302,1.0001000000000002,1.0,1.0,interior,0.0884741417686987
histfill,sentinel2,quantile,100,afsc,-,estimator,treatment_0006,5,9,196,0.06789860558858295,0.0565945265774531,0.7621438050931478,0.596002129014117,0.07425701842519893,True,True,,0.0579808102377349,1.0000000000000004,1.0,1.0,interior,0.057530681511335
histfill,sentinel2,quantile,100,afsc,-,estimator,treatment_0007,5,9,196,0.06921144861965595,0.0687995126760798,0.7765049516322149,0.425680946784364,0.08860151185316087,True,True,,0.0688566903301381,1.0000000000000002,1.0,1.0,interior,0.0693377612786217
histfill,sentinel2,quantile,100,afsc,-,estimator,treatment_0008,5,9,196,0.0681491559256607,0.0669344997676578,0.7427158396943287,0.411394078627095,0.09012127679302664,True,False,,0.0670049954704585,0.9999999999999998,0.0,1.0,interior,0.0670064974886651
histfill,sentinel2,quantile,100,afsc,-,estimator,treatment_0009,5,9,196,0.06409473715445409,0.0585312410498695,0.7440596012044365,0.268911547855793,0.0786647211528792,True,False,,0.0585381096237113,1.0000000000000007,0.0,1.0,interior,0.0585374244631977
histfill,sentinel2,quantile,100,afsc,-,estimator,treatment_0010,5,9,196,0.08309904117717865,0.0670476721716936,0.7354554072421527,0.510925114278705,0.09116483679562885,True,True,,0.0706220167956687,1.0000000000000004,2.0,1.0,interior,0.0704710464776304
histfill,sentinel2,combined,115,equal_weight,-,reference,treatment_0001,5,9,196,0.129591175042496,0.1726921345830512,1.0389754397952784,,0.16621387567840754,False,False,,,,,,,
histfill,sentinel2,combined,115,equal_weight,-,reference,treatment_0002,5,9,196,0.12145860050117242,0.12062258598852633,1.0836021432952414,,0.11131630436029984,True,False,,,,,,,
histfill,sentinel2,combined,115,equal_weight,-,reference,treatment_0003,5,9,196,0.0960218650772004,0.06695759911170114,1.1131483538205684,,0.0601515502240901,True,False,,,,,,,
histfill,sentinel2,combined,115,equal_weight,-,reference,treatment_0004,5,9,196,0.1213966875925044,0.1481444788587234,1.031970889605735,,0.14355490096752835,False,False,,,,,,,
histfill,sentinel2,combined,115,equal_weight,-,reference,treatment_0005,5,9,196,0.15020451776833915,0.15759142772350065,1.0680958160366805,,0.1475442796024291,True,False,,,,,,,
histfill,sentinel2,combined,115,equal_weight,-,reference,treatment_0006,5,9,196,0.11344157940735117,0.09137786883415566,1.0741366025890342,,0.08507099433526792,True,False,,,,,,,
histfill,sentinel2,combined,115,equal_weight,-,reference,treatment_0007,5,9,196,0.10676370310990134,0.12833919146924694,1.1026163072287019,,0.11639515090413691,True,False,,,,,,,
histfill,sentinel2,combined,115,equal_weight,-,reference,treatment_0008,5,9,196,0.09836110006609314,0.08169349773769764,1.0421025142124052,,0.07839295714533376,True,False,,,,,,,
histfill,sentinel2,combined,115,equal_weight,-,reference,treatment_0009,5,9,196,0.08883337795793664,0.07704421386785154,1.0432374493887568,,0.07385108147046726,True,False,,,,,,,
histfill,sentinel2,combined,115,equal_weight,-,reference,treatment_0010,5,9,196,0.14309078979582762,0.13264117920224094,1.0275745436667787,,0.12908180727105842,False,False,,,,,,,
histfill,sentinel2,combined,115,own_history_mean,-,reference,treatment_0001,5,9,196,0.0859332673050737,0.15385429478799426,1.0389754397952784,,0.14808270618823288,False,True,,,,,,,
histfill,sentinel2,combined,115,own_history_mean,-,reference,treatment_0002,5,9,196,0.06772521588029554,0.17635678309985867,1.0836021432952414,,0.16275049305786393,False,False,,,,,,,
histfill,sentinel2,combined,115,own_history_mean,-,reference,treatment_0003,5,9,196,0.09186274008227832,0.16811472628281024,1.1131483538205684,,0.15102634406797957,False,False,,,,,,,
histfill,sentinel2,combined,115,own_history_mean,-,reference,treatment_0004,5,9,196,0.10051122177272813,0.12293520824940582,1.031970889605735,,0.11912662410116363,False,True,,,,,,,
histfill,sentinel2,combined,115,own_history_mean,-,reference,treatment_0005,5,9,196,0.08547586000724329,0.1716946813708653,1.0680958160366805,,0.16074838866794042,False,False,,,,,,,
histfill,sentinel2,combined,115,own_history_mean,-,reference,treatment_0006,5,9,196,0.07806583974681676,0.1567542877791874,1.0741366025890342,,0.1459351514522048,False,False,,,,,,,
histfill,sentinel2,combined,115,own_history_mean,-,reference,treatment_0007,5,9,196,0.10047599498730414,0.19610710299624262,1.1026163072287019,,0.17785616057968076,False,False,,,,,,,
histfill,sentinel2,combined,115,own_history_mean,-,reference,treatment_0008,5,9,196,0.07500127217473371,0.15877484312919682,1.0421025142124052,,0.15236009985946042,False,False,,,,,,,
histfill,sentinel2,combined,115,own_history_mean,-,reference,treatment_0009,5,9,196,0.07116493015649447,0.1627155281749592,1.0432374493887568,,0.15597170928851897,False,False,,,,,,,
histfill,sentinel2,combined,115,own_history_mean,-,reference,treatment_0010,5,9,196,0.06902171419774566,0.13244351214262015,1.0275745436667787,,0.12888944452634168,False,True,,,,,,,
histfill,sentinel2,combined,115,scm,-,estimator,treatment_0001,5,9,196,0.10156614550354678,0.10500535373143677,1.0389754397952784,0.5547375984107212,0.10106625210710199,True,True,,,,,,,
histfill,sentinel2,combined,115,scm,-,estimator,treatment_0002,5,9,196,0.10787871437799455,0.10868397641121504,1.0836021432952414,0.5377553323147823,0.10029878316842963,True,True,,,,,,,
histfill,sentinel2,combined,115,scm,-,estimator,treatment_0003,5,9,196,0.09379707619427954,0.06884458572451692,1.1131483538205684,0.38570303715767273,0.06184673003218956,True,False,,,,,,,
histfill,sentinel2,combined,115,scm,-,estimator,treatment_0004,5,9,196,0.10485790676220284,0.1257008014239905,1.031970889605735,0.4747322063298736,0.12180653804296221,False,True,,,,,,,
histfill,sentinel2,combined,115,scm,-,estimator,treatment_0005,5,9,196,0.13690290075458786,0.12394222448471055,1.0680958160366805,0.42529589765025744,0.1160403613831347,True,True,,,,,,,
histfill,sentinel2,combined,115,scm,-,estimator,treatment_0006,5,9,196,0.09210148286536719,0.07532972466140875,1.0741366025890342,0.5830857461175984,0.07013048850568775,True,True,,,,,,,
histfill,sentinel2,combined,115,scm,-,estimator,treatment_0007,5,9,196,0.09299905457666377,0.0958902120475799,1.1026163072287019,0.45006090067681426,0.08696607461628136,True,True,,,,,,,
histfill,sentinel2,combined,115,scm,-,estimator,treatment_0008,5,9,196,0.0911273014277872,0.09032539027709496,1.0421025142124052,0.4251585378740177,0.08667610819973946,True,False,,,,,,,
histfill,sentinel2,combined,115,scm,-,estimator,treatment_0009,5,9,196,0.08609674536429072,0.07773672777731853,1.0432374493887568,0.27356398451328207,0.07451489382677477,True,False,,,,,,,
histfill,sentinel2,combined,115,scm,-,estimator,treatment_0010,5,9,196,0.11742071528395695,0.09346339906182669,1.0275745436667787,0.49078665895473905,0.09095534687762268,True,True,,,,,,,
histfill,sentinel2,combined,115,afsc,-,estimator,treatment_0001,5,9,196,0.10147993466347867,0.104869822607181,1.0389754397952784,0.554709072740296,0.10093580520810458,True,True,,0.105003884971471,0.9999,0.0,10.0,interior,0.105004456423188
histfill,sentinel2,combined,115,afsc,-,estimator,treatment_0002,5,9,196,0.10750603283461138,0.108403794860679,1.0836021432952414,0.543071574315909,0.10004021820317033,True,True,,0.108490348798321,0.9999999999999999,1.0,10.0,interior,0.108684323514522
histfill,sentinel2,combined,115,afsc,-,estimator,treatment_0003,5,9,196,0.09375901538010768,0.0687870361966477,1.1131483538205684,0.385711255600286,0.06179503024961188,True,False,,0.0688377690320073,1.0001,0.0,10.0,interior,0.0688381755569998
histfill,sentinel2,combined,115,afsc,-,estimator,treatment_0004,5,9,196,0.1047774882989105,0.125614342818098,1.031970889605735,0.474728005743674,0.12172275796082681,False,True,,0.125701472704142,1.0000000000000007,0.0,10.0,interior,0.125703157131587
histfill,sentinel2,combined,115,afsc,-,estimator,treatment_0005,5,9,196,0.1346617292541529,0.117385475909017,1.0680958160366805,0.438589379045398,0.10990163442882146,True,True,,0.118055359317242,1.0,1.0,10.0,interior,0.123941533468396
histfill,sentinel2,combined,115,afsc,-,estimator,treatment_0006,5,9,196,0.09126465442744297,0.0745274058213715,1.0741366025890342,0.593621819751812,0.06938354548363321,True,True,,0.0757537973060714,1.0,1.0,10.0,interior,0.0753305455169922
histfill,sentinel2,combined,115,afsc,-,estimator,treatment_0007,5,9,196,0.09268429845902892,0.0948822609536489,1.1026163072287019,0.451113454039998,0.0860519296981236,True,True,,0.0949490421738513,1.0000000000000007,1.0,10.0,interior,0.0958898100912881
histfill,sentinel2,combined,115,afsc,-,estimator,treatment_0008,5,9,196,0.09107114632254829,0.0902321056223571,1.0421025142124052,0.425173297210185,0.086586592385829,True,False,,0.0903258349367405,0.999999999999999,0.0,10.0,interior,0.0903277784452006
histfill,sentinel2,combined,115,afsc,-,estimator,treatment_0009,5,9,196,0.08603779713910116,0.0777231508041528,1.0432374493887568,0.2735815458136,0.07450187955742153,True,False,,0.0777356242456005,1.0000000000000004,0.0,10.0,interior,0.0777347069076685
histfill,sentinel2,combined,115,afsc,-,estimator,treatment_0010,5,9,196,0.11342615067147095,0.0890390606221793,1.0275745436667787,0.509237683959133,0.0866497337550363,True,True,,0.0925418062479933,1.0000000000000007,2.0,10.0,interior,0.0934629914570793
histfill,sentinel2,block245,245,equal_weight,-,reference,treatment_0001,5,9,196,0.1828326573452947,0.2268958163256433,0.7151721520744988,,0.3172604185824167,False,False,,,,,,,
histfill,sentinel2,block245,245,equal_weight,-,reference,treatment_0002,5,9,196,0.17863447174948247,0.1718908446985369,0.7436447101212397,,0.23114646330303726,False,False,,,,,,,
histfill,sentinel2,block245,245,equal_weight,-,reference,treatment_0003,5,9,196,0.12018059213106247,0.11838380945673453,0.767570713682291,,0.15423179564630363,True,False,,,,,,,
histfill,sentinel2,block245,245,equal_weight,-,reference,treatment_0004,5,9,196,0.193647080950853,0.2183716978003688,0.7067229159967837,,0.30899195831561604,False,False,,,,,,,
histfill,sentinel2,block245,245,equal_weight,-,reference,treatment_0005,5,9,196,0.18446941701118988,0.2090281264296581,0.7325076844398527,,0.28535963631494393,False,False,,,,,,,
histfill,sentinel2,block245,245,equal_weight,-,reference,treatment_0006,5,9,196,0.17061999902003755,0.17369421410370448,0.7369872866101295,,0.2356814252558331,False,False,,,,,,,
histfill,sentinel2,block245,245,equal_weight,-,reference,treatment_0007,5,9,196,0.1400970887277716,0.1567064817225063,0.7622374775597907,,0.20558747940888816,True,False,,,,,,,
histfill,sentinel2,block245,245,equal_weight,-,reference,treatment_0008,5,9,196,0.16115194472787145,0.19482147950948608,0.7180786029717412,,0.27130940638423806,False,False,,,,,,,
histfill,sentinel2,block245,245,equal_weight,-,reference,treatment_0009,5,9,196,0.16397219175002617,0.18831461197810068,0.7153621418860916,,0.2632437487977751,False,False,,,,,,,
histfill,sentinel2,block245,245,equal_weight,-,reference,treatment_0010,5,9,196,0.19078530167577362,0.19326436854455686,0.6990154046491558,,0.27648084328207123,False,False,,,,,,,
histfill,sentinel2,block245,245,own_history_mean,-,reference,treatment_0001,5,9,196,0.09104190302440654,0.14505790219571457,0.7151721520744988,,0.2028293492342303,False,True,,,,,,,
histfill,sentinel2,block245,245,own_history_mean,-,reference,treatment_0002,5,9,196,0.07608328083758077,0.15234896907394488,0.7436447101212397,,0.20486795239773406,False,True,,,,,,,
histfill,sentinel2,block245,245,own_history_mean,-,reference,treatment_0003,5,9,196,0.08380476510040034,0.12017373223126757,0.767570713682291,,0.15656372773103128,False,False,,,,,,,
histfill,sentinel2,block245,245,own_history_mean,-,reference,treatment_0004,5,9,196,0.1173175156038569,0.11933184232019094,0.7067229159967837,,0.16885237427440944,False,True,,,,,,,
histfill,sentinel2,block245,245,own_history_mean,-,reference,treatment_0005,5,9,196,0.08719251081619137,0.14048917800796681,0.7325076844398527,,0.19179208763577496,False,True,,,,,,,
histfill,sentinel2,block245,245,own_history_mean,-,reference,treatment_0006,5,9,196,0.08005336830732981,0.12831116951973628,0.7369872866101295,,0.1741022835141709,False,True,,,,,,,
histfill,sentinel2,block245,245,own_history_mean,-,reference,treatment_0007,5,9,196,0.09963056302542299,0.15801005318867378,0.7622374775597907,,0.20729767013624611,False,False,,,,,,,
histfill,sentinel2,block245,245,own_history_mean,-,reference,treatment_0008,5,9,196,0.07053478731379946,0.14236216612511512,0.7180786029717412,,0.1982542935215653,False,True,,,,,,,
histfill,sentinel2,block245,245,own_history_mean,-,reference,treatment_0009,5,9,196,0.07204006316317262,0.14580220515310185,0.7153621418860916,,0.20381593687455465,False,True,,,,,,,
histfill,sentinel2,block245,245,own_history_mean,-,reference,treatment_0010,5,9,196,0.07694248368753012,0.13200499676680036,0.6990154046491558,,0.1888441883953262,False,True,,,,,,,
histfill,sentinel2,block245,245,scm,-,estimator,treatment_0001,5,9,196,0.1744208327858918,0.20809339875569205,0.7151721520744988,0.3739794182066383,0.2909696611537178,False,True,,,,,,,
histfill,sentinel2,block245,245,scm,-,estimator,treatment_0002,5,9,196,0.16962335076236634,0.17544850758121677,0.7436447101212397,0.3384584388984301,0.23593055284776063,False,False,,,,,,,
histfill,sentinel2,block245,245,scm,-,estimator,treatment_0003,5,9,196,0.1195836114284931,0.11734724550683531,0.767570713682291,0.2807976184011265,0.15288134814821386,True,True,,,,,,,
histfill,sentinel2,block245,245,scm,-,estimator,treatment_0004,5,9,196,0.18864434843990716,0.21760575071782146,0.7067229159967837,0.3165629412414421,0.3079081572031715,False,True,,,,,,,
histfill,sentinel2,block245,245,scm,-,estimator,treatment_0005,5,9,196,0.17576769018636723,0.2001485057983868,0.7325076844398527,0.46140579922462094,0.27323741450090044,False,True,,,,,,,
histfill,sentinel2,block245,245,scm,-,estimator,treatment_0006,5,9,196,0.16583578943776595,0.17395581817801098,0.7369872866101295,0.37778006046892565,0.23603638941743998,False,False,,,,,,,
histfill,sentinel2,block245,245,scm,-,estimator,treatment_0007,5,9,196,0.1384899932652739,0.1548258730470166,0.7622374775597907,0.28708372528415393,0.20312025793152094,True,True,,,,,,,
histfill,sentinel2,block245,245,scm,-,estimator,treatment_0008,5,9,196,0.156852601610928,0.19056101466831113,0.7180786029717412,0.37165968223577445,0.26537626087127725,False,True,,,,,,,
histfill,sentinel2,block245,245,scm,-,estimator,treatment_0009,5,9,196,0.16212890943359926,0.18814396778218515,0.7153621418860916,0.3503410546566179,0.26300520640655267,False,True,,,,,,,
histfill,sentinel2,block245,245,scm,-,estimator,treatment_0010,5,9,196,0.1817402052780577,0.18740473354746695,0.6990154046491558,0.3745029054324218,0.2680981453356205,False,True,,,,,,,
histfill,sentinel2,block245,245,scm,B,estimator,treatment_0001,5,9,196,0.1627866548750574,0.1863636904572486,0.7016096453416801,0.43787892372218534,0.2656230450858333,False,True,,,,,,,
histfill,sentinel2,block245,245,scm,B,estimator,treatment_0002,4,9,196,0.16896516754122676,0.18267530748648347,0.7075735228200518,0.34542311868197495,0.25817148549938174,False,False,,,,,,,
histfill,sentinel2,block245,245,scm,B,estimator,treatment_0003,5,9,196,0.11148298707872573,0.11125177852925626,0.7736426096051751,0.3321244667331828,0.143802548034464,True,True,,,,,,,
histfill,sentinel2,block245,245,scm,B,estimator,treatment_0004,3,9,196,0.17749965188804345,0.20198303148545813,0.6964647495289092,0.45901658115372446,0.2900118514570623,False,False,,,,,,,
histfill,sentinel2,block245,245,scm,B,estimator,treatment_0005,4,9,196,0.1472236233716156,0.16422849400841502,0.7467986663264875,0.2800707235122391,0.21990999905805556,False,True,,,,,,,
histfill,sentinel2,block245,245,scm,B,estimator,treatment_0006,5,9,196,0.14817658389714533,0.15048384356349614,0.7423825442763814,0.28892113167230726,0.202703908818568,False,False,,,,,,,
histfill,sentinel2,block245,245,scm,B,estimator,treatment_0007,5,9,196,0.13391584412680996,0.17227150374235106,0.7560063712203493,0.34607324405035317,0.22787043906028137,False,False,,,,,,,
histfill,sentinel2,block245,245,scm,B,estimator,treatment_0008,5,9,196,0.12434091274427667,0.1606918754022008,0.7208872646961522,0.2944478857913995,0.2229084674840678,False,True,,,,,,,
histfill,sentinel2,block245,245,scm,B,estimator,treatment_0009,5,9,196,0.1352456103372865,0.17376615309475205,0.7277054003104475,0.32713529687947496,0.23878640040409402,False,True,,,,,,,
histfill,sentinel2,block245,245,scm,B,estimator,treatment_0010,5,9,196,0.14612385351170346,0.15603096898347218,0.7084474498165607,0.3654112364627535,0.22024353256388107,False,True,,,,,,,
histfill,sentinel2,block245,245,scm,C,estimator,treatment_0001,5,9,196,0.15813017171324203,0.1702764987285112,0.7034097247429083,0.3774013780575563,0.24207299492588924,False,True,,,,,,,
histfill,sentinel2,block245,245,scm,C,estimator,treatment_0002,4,9,196,0.1638891847897433,0.18699201039371666,0.7056090520995608,0.34680810354103775,0.26500795282786743,False,False,,,,,,,
histfill,sentinel2,block245,245,scm,C,estimator,treatment_0003,5,9,196,0.11233789778908793,0.10786300019748826,0.771690778980495,0.345964126035746,0.13977489836018187,True,True,,,,,,,
histfill,sentinel2,block245,245,scm,C,estimator,treatment_0004,3,9,196,0.17179353973644104,0.17978002897882214,0.6948733101892213,0.36655386878181107,0.25872346274152647,False,True,,,,,,,
histfill,sentinel2,block245,245,scm,C,estimator,treatment_0005,4,9,196,0.15570129098790808,0.1671956362487088,0.7388790662671939,0.3067331970909822,0.22628281660946045,False,True,,,,,,,
histfill,sentinel2,block245,245,scm,C,estimator,treatment_0006,5,9,196,0.1376524243907566,0.13880422844342988,0.7442853172316528,0.2983675293138079,0.18649330469087863,False,True,,,,,,,
histfill,sentinel2,block245,245,scm,C,estimator,treatment_0007,5,9,196,0.13379342622992008,0.151521474989467,0.7613426187832107,0.3367085473239237,0.19901877453232672,True,False,,,,,,,
histfill,sentinel2,block245,245,scm,C,estimator,treatment_0008,5,9,196,0.15245254565440722,0.18101773546166758,0.725813433083843,0.3526739111551139,0.24939981434699782,False,True,,,,,,,
histfill,sentinel2,block245,245,scm,C,estimator,treatment_0009,5,9,196,0.1496935236746185,0.19166258649483814,0.7272414974921217,0.2706179206640881,0.263547373404547,False,False,,,,,,,
histfill,sentinel2,block245,245,scm,C,estimator,treatment_0010,5,9,196,0.14287448249993623,0.14002245643134098,0.7084474498165607,0.3441327309663498,0.19764691999046252,False,True,,,,,,,
histfill,sentinel2,block245,245,scm,D_min,estimator,treatment_0001,5,9,196,0.11755797488578837,0.15896964552934115,0.7043995670448469,0.35158947599831614,0.22568106649506225,False,False,,,,,,,
histfill,sentinel2,block245,245,scm,D_min,estimator,treatment_0002,4,9,196,0.12842732216088226,0.1405636881492052,0.7158667041358571,0.3227223092052976,0.1963545550269496,True,True,,,,,,,
histfill,sentinel2,block245,245,scm,D_min,estimator,treatment_0003,5,9,196,0.093534315423425,0.09231191958689784,0.774703281528067,0.3643978917962654,0.11915777535473553,True,True,,,,,,,
histfill,sentinel2,block245,245,scm,D_min,estimator,treatment_0004,3,9,196,0.1494325516593849,0.17373514768097498,0.701409980882721,0.46148312091809124,0.24769414809628193,False,True,,,,,,,
histfill,sentinel2,block245,245,scm,D_min,estimator,treatment_0005,4,9,196,0.1213320555747242,0.13370988862586122,0.7464443972537305,0.3059406351136264,0.1791290672390307,True,True,,,,,,,
histfill,sentinel2,block245,245,scm,D_min,estimator,treatment_0006,5,9,196,0.10081635836601276,0.11782165924382833,0.7427375922851159,0.4908604575639465,0.15863160888536249,True,True,,,,,,,
histfill,sentinel2,block245,245,scm,D_min,estimator,treatment_0007,5,9,196,0.10769325413579944,0.12236952770008042,0.7635224936700507,0.43406025931330977,0.16026970877031071,True,True,,,,,,,
histfill,sentinel2,block245,245,scm,D_min,estimator,treatment_0008,5,9,196,0.10241010807179873,0.13512700310214815,0.7255841791725719,0.43192153247332876,0.18623201412169949,True,True,,,,,,,
histfill,sentinel2,block245,245,scm,D_min,estimator,treatment_0009,5,9,196,0.0946663906260047,0.14176494491052988,0.7265020077811414,0.2358082806522903,0.19513358998621866,True,True,,,,,,,
histfill,sentinel2,block245,245,scm,D_min,estimator,treatment_0010,5,9,196,0.12557598823105715,0.138310423507354,0.7084474498165607,0.3857505826928764,0.19523032166064952,False,True,,,,,,,
histfill,sentinel2,block245,245,scm,D_full,estimator,treatment_0001,5,9,196,0.1299897869677749,0.15693655256368932,0.6995690860789892,0.31442836455565415,0.22433317264389444,False,True,,,,,,,
histfill,sentinel2,block245,245,scm,D_full,estimator,treatment_0002,4,9,196,0.128656083944964,0.143866593021364,0.7174230276124467,0.3132828622207575,0.20053244387784136,True,True,,,,,,,
histfill,sentinel2,block245,245,scm,D_full,estimator,treatment_0003,5,9,196,0.09679844907633475,0.09090125773615526,0.7727821887884663,0.280892981353238,0.11762856216790689,True,True,,,,,,,
histfill,sentinel2,block245,245,scm,D_full,estimator,treatment_0004,3,9,196,0.14412663909366974,0.15043904019812065,0.6922968166456339,0.4068313363006065,0.2173042495371258,False,True,,,,,,,
histfill,sentinel2,block245,245,scm,D_full,estimator,treatment_0005,4,9,196,0.12806608872126152,0.13010667459327482,0.7544863384949054,0.3035114722624492,0.17244404299330246,True,True,,,,,,,
histfill,sentinel2,block245,245,scm,D_full,estimator,treatment_0006,5,9,196,0.11517833069255085,0.1174594598561711,0.7423825442763814,0.3992249986291988,0.15821958741050643,True,True,,,,,,,
histfill,sentinel2,block245,245,scm,D_full,estimator,treatment_0007,5,9,196,0.11235811410682879,0.13228732173947158,0.75665943532045,0.3783791429186161,0.17483073039781374,True,True,,,,,,,
histfill,sentinel2,block245,245,scm,D_full,estimator,treatment_0008,5,9,196,0.10461526377461249,0.14121927312655527,0.7236196315282252,0.37592659526741884,0.19515677432397982,True,True,,,,,,,
histfill,sentinel2,block245,245,scm,D_full,estimator,treatment_0009,5,9,196,0.09982224975637227,0.13808160690814084,0.72715013257631,0.22646330224529593,0.18989421953196164,True,True,,,,,,,
histfill,sentinel2,block245,245,scm,D_full,estimator,treatment_0010,5,9,196,0.12207101467587289,0.12809625554976034,0.7084474498165607,0.35840568969116166,0.18081264260733593,True,True,,,,,,,
histfill,sentinel2,block245,245,scm,E,estimator,treatment_0001,5,9,196,0.12915549231327664,0.1621381572635047,0.6995690860789892,0.29961596186277134,0.23176861369371243,False,True,,,,,,,
histfill,sentinel2,block245,245,scm,E,estimator,treatment_0002,4,9,196,0.13466060437940328,0.1486701391736474,0.7220450196559507,0.30777580488387457,0.20590148138475864,True,False,,,,,,,
histfill,sentinel2,block245,245,scm,E,estimator,treatment_0003,5,9,196,0.09572004679930939,0.08831051088059819,0.7727821887884663,0.27745907969947253,0.1142760691975154,True,True,,,,,,,
histfill,sentinel2,block245,245,scm,E,estimator,treatment_0004,3,9,196,0.14410775644722715,0.1578596451102003,0.7026424321908636,0.4243416834744218,0.2246656875218714,False,True,,,,,,,
histfill,sentinel2,block245,245,scm,E,estimator,treatment_0005,4,9,196,0.12387662478694797,0.1292905668599439,0.7556091865339151,0.36822929869368004,0.1711077223041951,True,True,,,,,,,
histfill,sentinel2,block245,245,scm,E,estimator,treatment_0006,5,9,196,0.11744043024217772,0.11709385402947145,0.743887796502779,0.3328931322228681,0.15740795127969814,True,True,,,,,,,
histfill,sentinel2,block245,245,scm,E,estimator,treatment_0007,5,9,196,0.11138162979083484,0.13612113402043816,0.75665943532045,0.4053391928792282,0.179897491085656,True,True,,,,,,,
histfill,sentinel2,block245,245,scm,E,estimator,treatment_0008,5,9,196,0.10723719056260261,0.14342415065625172,0.7234217673923419,0.34389953871354084,0.1982579970924027,False,True,,,,,,,
histfill,sentinel2,block245,245,scm,E,estimator,treatment_0009,5,9,196,0.10053925260924713,0.13706144324653388,0.72715013257631,0.233999306315846,0.18849125800324337,True,True,,,,,,,
histfill,sentinel2,block245,245,scm,E,estimator,treatment_0010,5,9,196,0.12075296268887896,0.127135512205067,0.7084474498165607,0.36722345660877653,0.17945651754126063,True,True,,,,,,,
histfill,sentinel2,latent980,980,equal_weight,-,reference,treatment_0001,5,9,196,0.25582476948093547,0.31783097020701107,0.744381816769253,,0.42697304400375197,False,False,,,,,,,
histfill,sentinel2,latent980,980,equal_weight,-,reference,treatment_0002,5,9,196,0.2507023137549411,0.26993742400287474,0.7688193571596379,,0.3511064354572759,False,False,,,,,,,
histfill,sentinel2,latent980,980,equal_weight,-,reference,treatment_0003,5,9,196,0.18645252534076806,0.2079947715382421,0.7842566395555249,,0.26521263709813475,False,False,,,,,,,
histfill,sentinel2,latent980,980,equal_weight,-,reference,treatment_0004,5,9,196,0.27528076907464644,0.323099526075915,0.7397901188011846,,0.4367448521744133,False,False,,,,,,,
histfill,sentinel2,latent980,980,equal_weight,-,reference,treatment_0005,5,9,196,0.2601887104450904,0.3073648714653133,0.7591995891028006,,0.4048538432805897,False,False,,,,,,,
histfill,sentinel2,latent980,980,equal_weight,-,reference,treatment_0006,5,9,196,0.25355709339122473,0.2733569958420624,0.7615922879836844,,0.358928261426826,False,False,,,,,,,
histfill,sentinel2,latent980,980,equal_weight,-,reference,treatment_0007,5,9,196,0.201219982815271,0.24748482648033324,0.7803316223845326,,0.3171533991203261,False,False,,,,,,,
histfill,sentinel2,latent980,980,equal_weight,-,reference,treatment_0008,5,9,196,0.2314557569966091,0.2864238768320237,0.7443168051681813,,0.3848144699182294,False,False,,,,,,,
histfill,sentinel2,latent980,980,equal_weight,-,reference,treatment_0009,5,9,196,0.23360842400562237,0.2876084251411594,0.7449123276464203,,0.3860970136577945,False,False,,,,,,,
histfill,sentinel2,latent980,980,equal_weight,-,reference,treatment_0010,5,9,196,0.2799147668213692,0.312721371001599,0.7357542717539087,,0.4250350735390585,False,False,,,,,,,
histfill,sentinel2,latent980,980,own_history_mean,-,reference,treatment_0001,5,9,196,0.1302527959975461,0.23007834089798682,0.744381816769253,,0.3090864603552072,False,True,,,,,,,
histfill,sentinel2,latent980,980,own_history_mean,-,reference,treatment_0002,5,9,196,0.11293528865339429,0.22214617031960104,0.7688193571596379,,0.288944559278929,False,True,,,,,,,
histfill,sentinel2,latent980,980,own_history_mean,-,reference,treatment_0003,5,9,196,0.1251533413300739,0.1823296385073678,0.7842566395555249,,0.23248721057778046,False,True,,,,,,,
histfill,sentinel2,latent980,980,own_history_mean,-,reference,treatment_0004,5,9,196,0.15956358769987092,0.18128727990032958,0.7397901188011846,,0.24505231320756496,False,True,,,,,,,
histfill,sentinel2,latent980,980,own_history_mean,-,reference,treatment_0005,5,9,196,0.12687199841679012,0.20090302237055005,0.7591995891028006,,0.2646247775344178,False,True,,,,,,,
histfill,sentinel2,latent980,980,own_history_mean,-,reference,treatment_0006,5,9,196,0.124524098440877,0.18288576981555932,0.7615922879836844,,0.24013605796843007,False,True,,,,,,,
histfill,sentinel2,latent980,980,own_history_mean,-,reference,treatment_0007,5,9,196,0.13629158678566072,0.21785481685518002,0.7803316223845326,,0.2791823509464612,False,True,,,,,,,
histfill,sentinel2,latent980,980,own_history_mean,-,reference,treatment_0008,5,9,196,0.10252008177109821,0.21050889164626074,0.7443168051681813,,0.28282162942524913,False,True,,,,,,,
histfill,sentinel2,latent980,980,own_history_mean,-,reference,treatment_0009,5,9,196,0.1058312189414462,0.22246446194116803,0.7449123276464203,,0.29864516089303184,False,True,,,,,,,
histfill,sentinel2,latent980,980,own_history_mean,-,reference,treatment_0010,5,9,196,0.11795963811533342,0.22510405569080316,0.7357542717539087,,0.30595004926603375,False,True,,,,,,,
histfill,sentinel2,latent980,980,scm,-,estimator,treatment_0001,5,9,196,0.2535866182753954,0.31169268356099306,0.744381816769253,0.28267494795374326,0.4187268906080937,False,True,,,,,,,
histfill,sentinel2,latent980,980,scm,-,estimator,treatment_0002,5,9,196,0.24590090442434465,0.2744891975212677,0.7688193571596379,0.28690018158830993,0.35702690751095734,False,False,,,,,,,
histfill,sentinel2,latent980,980,scm,-,estimator,treatment_0003,5,9,196,0.1861769411611654,0.20709054385286452,0.7842566395555249,0.2274677653288629,0.2640596628805495,False,True,,,,,,,
histfill,sentinel2,latent980,980,scm,-,estimator,treatment_0004,5,9,196,0.27404967176652273,0.3242706508240864,0.7397901188011846,0.24683607065792312,0.4383279021752286,False,False,,,,,,,
histfill,sentinel2,latent980,980,scm,-,estimator,treatment_0005,5,9,196,0.25399989950005125,0.3035726923641492,0.7591995891028006,0.3956783644391841,0.3998588733733409,False,True,,,,,,,
histfill,sentinel2,latent980,980,scm,-,estimator,treatment_0006,5,9,196,0.2495511512353929,0.2724714750268735,0.7615922879836844,0.31228401986688326,0.3577655384986129,False,True,,,,,,,
histfill,sentinel2,latent980,980,scm,-,estimator,treatment_0007,5,9,196,0.19970061476127368,0.2453859149932513,0.7803316223845326,0.24042101040739838,0.3144636305310844,False,True,,,,,,,
histfill,sentinel2,latent980,980,scm,-,estimator,treatment_0008,5,9,196,0.22773734173438426,0.2833889528032017,0.7443168051681813,0.320101095769276,0.38073700719301756,False,True,,,,,,,
histfill,sentinel2,latent980,980,scm,-,estimator,treatment_0009,5,9,196,0.23279413844698488,0.2872323905580246,0.7449123276464203,0.2799576544339309,0.38559220984507875,False,True,,,,,,,
histfill,sentinel2,latent980,980,scm,-,estimator,treatment_0010,5,9,196,0.2762135600570728,0.31199471686863484,0.7357542717539087,0.3368104648799114,0.4240474419875189,False,True,,,,,,,
histfill,sentinel2,latent980,980,scm,B,estimator,treatment_0001,5,9,196,0.22851474800437185,0.25969410067094484,0.7385949219897031,0.2598271022446819,0.35160558641718537,False,True,,,,,,,
histfill,sentinel2,latent980,980,scm,B,estimator,treatment_0002,4,9,196,0.25337728660672376,0.28568214915383267,0.7378979086989356,0.31008380974768307,0.3871567405002523,False,True,,,,,,,
histfill,sentinel2,latent980,980,scm,B,estimator,treatment_0003,5,9,196,0.1666488505642215,0.20650255079516378,0.7863561135017175,0.280470310739939,0.26260691212228077,False,True,,,,,,,
histfill,sentinel2,latent980,980,scm,B,estimator,treatment_0004,3,9,196,0.25977445463688725,0.3122522809449013,0.7482039909738488,0.3725011391101852,0.41733575964822023,False,False,,,,,,,
histfill,sentinel2,latent980,980,scm,B,estimator,treatment_0005,4,9,196,0.2042414423291753,0.2568906216623339,0.795930615164329,0.31784767283437787,0.32275504518606296,False,True,,,,,,,
histfill,sentinel2,latent980,980,scm,B,estimator,treatment_0006,5,9,196,0.22415035329710406,0.24266604259053995,0.7699031616301513,0.23901556718213532,0.31519034429827775,False,True,,,,,,,
histfill,sentinel2,latent980,980,scm,B,estimator,treatment_0007,5,9,196,0.19329102355385114,0.24297815440728157,0.7828168871122204,0.27642443941656303,0.31038951561663175,False,True,,,,,,,
histfill,sentinel2,latent980,980,scm,B,estimator,treatment_0008,5,9,196,0.19171765877044455,0.26671430678739605,0.7655301567146887,0.2882923755656768,0.34840470286894243,False,True,,,,,,,
histfill,sentinel2,latent980,980,scm,B,estimator,treatment_0009,5,9,196,0.19337167658406884,0.282165572761481,0.7621923638097713,0.3067418226846684,0.3702025711082881,False,False,,,,,,,
histfill,sentinel2,latent980,980,scm,B,estimator,treatment_0010,5,9,196,0.21613290887783465,0.26664908489952194,0.770546554079861,0.2471545037886965,0.34605188159972733,False,True,,,,,,,
histfill,sentinel2,latent980,980,scm,C,estimator,treatment_0001,5,9,196,0.25108623085213055,0.2955039947343572,0.7327229861877531,0.27836616745522913,0.4032956523881143,False,False,,,,,,,
histfill,sentinel2,latent980,980,scm,C,estimator,treatment_0002,4,9,196,0.2529811609210325,0.28586417597258557,0.7298853763580436,0.33603195281748616,0.391656258958058,False,True,,,,,,,
histfill,sentinel2,latent980,980,scm,C,estimator,treatment_0003,5,9,196,0.1684907355825145,0.19997460733666386,0.7854942871219425,0.2879775336202589,0.25458441979173707,False,True,,,,,,,
histfill,sentinel2,latent980,980,scm,C,estimator,treatment_0004,3,9,196,0.2568753512083007,0.30685978888228127,0.7497007603109513,0.3539517269302083,0.40930969411716467,False,True,,,,,,,
histfill,sentinel2,latent980,980,scm,C,estimator,treatment_0005,4,9,196,0.22611972233077043,0.24938896688591103,0.7754797518204316,0.3137114067360006,0.321593138054827,False,True,,,,,,,
histfill,sentinel2,latent980,980,scm,C,estimator,treatment_0006,5,9,196,0.22148984631594595,0.24065624172985736,0.7710286473256509,0.23407738492315194,0.3121236059964631,False,True,,,,,,,
histfill,sentinel2,latent980,980,scm,C,estimator,treatment_0007,5,9,196,0.20251725957397665,0.24941076584942612,0.780992964811674,0.3045621635930257,0.3193508483262307,False,False,,,,,,,
histfill,sentinel2,latent980,980,scm,C,estimator,treatment_0008,5,9,196,0.22001479537742638,0.27508900027528516,0.7643632393077145,0.4651459355064352,0.3598930274622231,False,True,,,,,,,
histfill,sentinel2,latent980,980,scm,C,estimator,treatment_0009,5,9,196,0.2083290258248474,0.2815159114046187,0.7691885011396994,0.27143743289742966,0.3659907954779605,False,True,,,,,,,
histfill,sentinel2,latent980,980,scm,C,estimator,treatment_0010,5,9,196,0.21752177493624875,0.26798229235452226,0.770546554079861,0.3259888581930977,0.3477820917316672,False,True,,,,,,,
histfill,sentinel2,latent980,980,scm,D_min,estimator,treatment_0001,5,9,196,0.16729158372676878,0.22270409150390272,0.7286268953664683,0.2665354643326729,0.3056490131233655,True,True,,,,,,,
histfill,sentinel2,latent980,980,scm,D_min,estimator,treatment_0002,4,9,196,0.1646468805151065,0.2161393865347663,0.7484805184037541,0.29933020122114007,0.2887708914531479,True,True,,,,,,,
histfill,sentinel2,latent980,980,scm,D_min,estimator,treatment_0003,5,9,196,0.1348856664482556,0.17033768905495908,0.7894026711516849,0.30394746819033297,0.2157804822302513,True,True,,,,,,,
histfill,sentinel2,latent980,980,scm,D_min,estimator,treatment_0004,3,9,196,0.1932024656357547,0.23958498630808908,0.7498500592842049,0.4123130304113394,0.3195105252599342,False,True,,,,,,,
histfill,sentinel2,latent980,980,scm,D_min,estimator,treatment_0005,4,9,196,0.15952499353614838,0.19489297137158484,0.7785353281368487,0.28633367795497616,0.2503328549495536,True,True,,,,,,,
histfill,sentinel2,latent980,980,scm,D_min,estimator,treatment_0006,5,9,196,0.15366561599863307,0.18531573181535255,0.769997577375223,0.3622987519810003,0.2406705387918999,False,True,,,,,,,
histfill,sentinel2,latent980,980,scm,D_min,estimator,treatment_0007,5,9,196,0.16022143587189056,0.203511921673152,0.788357958708001,0.27714207810816666,0.258146593720798,True,True,,,,,,,
histfill,sentinel2,latent980,980,scm,D_min,estimator,treatment_0008,5,9,196,0.1273046657078497,0.20308248166254714,0.7722553105046837,0.30862677925678095,0.2629732407146917,True,True,,,,,,,
histfill,sentinel2,latent980,980,scm,D_min,estimator,treatment_0009,5,9,196,0.1289762016713036,0.23965981110061335,0.7563317898029994,0.2439885398793984,0.3168712651401803,False,True,,,,,,,
histfill,sentinel2,latent980,980,scm,D_min,estimator,treatment_0010,5,9,196,0.1492563632382326,0.20725321745014608,0.770546554079861,0.25727985950423465,0.268969105569014,True,True,,,,,,,
histfill,sentinel2,latent980,980,scm,D_full,estimator,treatment_0001,5,9,196,0.18051008998989088,0.24591779486941803,0.7175994630482843,0.24091193297272742,0.3426950653290431,False,True,,,,,,,
histfill,sentinel2,latent980,980,scm,D_full,estimator,treatment_0002,4,9,196,0.18030570334521032,0.21730785099025204,0.7403786557182399,0.33767637194776984,0.29350907040863045,True,True,,,,,,,
histfill,sentinel2,latent980,980,scm,D_full,estimator,treatment_0003,5,9,196,0.1365241866910944,0.17454980922420318,0.7900047256969518,0.26773168408725045,0.22094780391372118,True,True,,,,,,,
histfill,sentinel2,latent980,980,scm,D_full,estimator,treatment_0004,3,9,196,0.21138659525197434,0.2700900423491535,0.7508391869160376,0.42770535568494955,0.35971756276934475,False,True,,,,,,,
histfill,sentinel2,latent980,980,scm,D_full,estimator,treatment_0005,4,9,196,0.16096457782392548,0.21340964814897428,0.8007574419607193,0.33452041049062897,0.26650972812244306,False,True,,,,,,,
histfill,sentinel2,latent980,980,scm,D_full,estimator,treatment_0006,5,9,196,0.17505788099300665,0.20121735092938303,0.7695657197106448,0.32167581111674515,0.26146870342021,False,True,,,,,,,
histfill,sentinel2,latent980,980,scm,D_full,estimator,treatment_0007,5,9,196,0.1588735821404359,0.21658216499911265,0.7752921186823122,0.2859002634794344,0.2793555613169602,True,True,,,,,,,
histfill,sentinel2,latent980,980,scm,D_full,estimator,treatment_0008,5,9,196,0.1436223563668063,0.2129196408672935,0.7846261470349297,0.36979021334199924,0.2713644474784688,False,True,,,,,,,
histfill,sentinel2,latent980,980,scm,D_full,estimator,treatment_0009,5,9,196,0.13872265112474755,0.242351573094921,0.7550798697700937,0.2842355770092232,0.32096150724917627,False,False,,,,,,,
histfill,sentinel2,latent980,980,scm,D_full,estimator,treatment_0010,5,9,196,0.1702558271544411,0.22457461873686038,0.770546554079861,0.2470330057675201,0.29144847582250694,True,True,,,,,,,
histfill,sentinel2,latent980,980,scm,E,estimator,treatment_0001,5,9,196,0.19165582576838253,0.2439352677911203,0.7124595773824715,0.23238961287746943,0.3423847128104054,False,True,,,,,,,
histfill,sentinel2,latent980,980,scm,E,estimator,treatment_0002,4,9,196,0.1823177517764038,0.22087569987131667,0.741794461503788,0.3064744269294293,0.2977586263229181,True,True,,,,,,,
histfill,sentinel2,latent980,980,scm,E,estimator,treatment_0003,5,9,196,0.1380318063790156,0.17252559018015562,0.7900575295820652,0.276218366197924,0.21837092074980974,True,True,,,,,,,
histfill,sentinel2,latent980,980,scm,E,estimator,treatment_0004,3,9,196,0.20967078958975915,0.2704173291191828,0.7501603972374912,0.4282555807381047,0.3604793456372933,False,True,,,,,,,
histfill,sentinel2,latent980,980,scm,E,estimator,treatment_0005,4,9,196,0.15833180675257633,0.20811539281818373,0.8016150139098012,0.3278374336981792,0.2596201283744932,False,True,,,,,,,
histfill,sentinel2,latent980,980,scm,E,estimator,treatment_0006,5,9,196,0.17668084717957058,0.20253500090209353,0.7703181275530525,0.3104590075455412,0.2629238410180666,False,True,,,,,,,
histfill,sentinel2,latent980,980,scm,E,estimator,treatment_0007,5,9,196,0.15718514833332087,0.21412899689340792,0.7754687921830179,0.2969060015735129,0.27612845165646777,True,True,,,,,,,
histfill,sentinel2,latent980,980,scm,E,estimator,treatment_0008,5,9,196,0.1399019057563424,0.19986920288837817,0.7809446749986473,0.3536475247930397,0.2559326022534495,True,True,,,,,,,
histfill,sentinel2,latent980,980,scm,E,estimator,treatment_0009,5,9,196,0.13859818047709838,0.24114102742730958,0.754993550238381,0.2771785748575402,0.3193948178115852,False,True,,,,,,,
histfill,sentinel2,latent980,980,scm,E,estimator,treatment_0010,5,9,196,0.1712959704169969,0.22557487685697836,0.770546554079861,0.24643183741387378,0.29274659092641836,False,True,,,,,,,
masked,sentinel2,chip_mean,5,equal_weight,-,reference,treatment_0001,5,9,196,0.07764496728089236,0.09239355841048967,0.687982538427354,,0.13429637127373947,True,False,,,,,,,
masked,sentinel2,chip_mean,5,equal_weight,-,reference,treatment_0002,5,9,196,0.11193634721793203,0.04987313786883404,0.7245585132168734,,0.06883245032538333,True,False,,,,,,,
masked,sentinel2,chip_mean,5,equal_weight,-,reference,treatment_0003,5,9,196,0.08502352359384026,0.011127528024727629,0.7595137020561458,,0.01465085882532906,True,False,,,,,,,
masked,sentinel2,chip_mean,5,equal_weight,-,reference,treatment_0004,5,9,196,0.14587277920341263,0.06807766168252677,0.6834836244625552,,0.0996039396497003,False,False,,,,,,,
masked,sentinel2,chip_mean,5,equal_weight,-,reference,treatment_0005,5,9,196,0.1565584307379865,0.08124205967694485,0.7103567148192634,,0.1143679759508085,False,False,,,,,,,
masked,sentinel2,chip_mean,5,equal_weight,-,reference,treatment_0006,5,9,196,0.09997842744063842,0.02287384205687952,0.719305156509002,,0.03179991391677624,True,False,,,,,,,
masked,sentinel2,chip_mean,5,equal_weight,-,reference,treatment_0007,5,9,196,0.0813529012304123,0.056871485921075486,0.7485946564594536,,0.07597100170345103,True,False,,,,,,,
masked,sentinel2,chip_mean,5,equal_weight,-,reference,treatment_0008,5,9,196,0.12054611619486505,0.020928193589403756,0.6947109789469024,,0.03012503648802033,True,False,,,,,,,
masked,sentinel2,chip_mean,5,equal_weight,-,reference,treatment_0009,5,9,196,0.10297474387634274,0.01900585668781701,0.6916387840247704,,0.027479454777273354,True,False,,,,,,,
masked,sentinel2,chip_mean,5,equal_weight,-,reference,treatment_0010,5,9,196,0.15349814129871073,0.05411771020425188,0.6777671275991162,,0.07984705660771035,True,False,,,,,,,
masked,sentinel2,chip_mean,5,own_history_mean,-,reference,treatment_0001,5,9,196,0.1421625762207002,0.09416854942283011,0.687982538427354,,0.13687636555149812,False,False,,,,,,,
masked,sentinel2,chip_mean,5,own_history_mean,-,reference,treatment_0002,5,9,196,0.11556065525767177,0.11325774618928587,0.7245585132168734,,0.15631276718625178,False,False,,,,,,,
masked,sentinel2,chip_mean,5,own_history_mean,-,reference,treatment_0003,5,9,196,0.12021375583562881,0.0962013649471146,0.7595137020561458,,0.12666178988829235,False,False,,,,,,,
masked,sentinel2,chip_mean,5,own_history_mean,-,reference,treatment_0004,5,9,196,0.130454315794749,0.06609905612193052,0.6834836244625552,,0.09670905601272643,False,True,,,,,,,
masked,sentinel2,chip_mean,5,own_history_mean,-,reference,treatment_0005,5,9,196,0.13232605892192761,0.07797671069188651,0.7103567148192634,,0.10977120236235985,False,True,,,,,,,
masked,sentinel2,chip_mean,5,own_history_mean,-,reference,treatment_0006,5,9,196,0.11950053132937082,0.08545940724176276,0.719305156509002,,0.1188082783342222,False,False,,,,,,,
masked,sentinel2,chip_mean,5,own_history_mean,-,reference,treatment_0007,5,9,196,0.12911061924066944,0.12235410309997993,0.7485946564594536,,0.16344506609045914,False,False,,,,,,,
masked,sentinel2,chip_mean,5,own_history_mean,-,reference,treatment_0008,5,9,196,0.14357364370828032,0.06673136493945848,0.6947109789469024,,0.09605629817541554,False,False,,,,,,,
masked,sentinel2,chip_mean,5,own_history_mean,-,reference,treatment_0009,5,9,196,0.12904756648080346,0.07850636583782504,0.6916387840247704,,0.11350775527795359,False,False,,,,,,,
masked,sentinel2,chip_mean,5,own_history_mean,-,reference,treatment_0010,5,9,196,0.1598000041636964,0.10831347702406718,0.6777671275991162,,0.15980928052346047,False,False,,,,,,,
masked,sentinel2,chip_mean,5,scm,-,estimator,treatment_0001,5,9,196,0.04693137601214063,0.031002581080510593,0.687982538427354,0.6875561375555668,0.04506303481390501,True,True,,,,,,,
masked,sentinel2,chip_mean,5,scm,-,estimator,treatment_0002,5,9,196,0.08269970558589869,0.047658543031746006,0.7245585132168734,0.6420244673648118,0.06577597552494832,True,True,,,,,,,
masked,sentinel2,chip_mean,5,scm,-,estimator,treatment_0003,5,9,196,0.05918607880401555,0.027403603779363836,0.7595137020561458,0.6118168042991742,0.036080460043284475,True,False,,,,,,,
masked,sentinel2,chip_mean,5,scm,-,estimator,treatment_0004,5,9,196,0.1142582131678526,0.07640824479669003,0.6834836244625552,0.8325428052390669,0.11179235619108249,False,False,,,,,,,
masked,sentinel2,chip_mean,5,scm,-,estimator,treatment_0005,5,9,196,0.13995688744226345,0.08965486470333249,0.7103567148192634,0.6133184301346729,0.12621104697538257,False,False,,,,,,,
masked,sentinel2,chip_mean,5,scm,-,estimator,treatment_0006,5,9,196,0.052249572906003273,0.02801023887552628,0.719305156509002,0.5421907444035196,0.03894068966705056,True,False,,,,,,,
masked,sentinel2,chip_mean,5,scm,-,estimator,treatment_0007,5,9,196,0.05389006158871465,0.03514667269166022,0.7485946564594536,0.8515672801062267,0.0469502051455852,True,True,,,,,,,
masked,sentinel2,chip_mean,5,scm,-,estimator,treatment_0008,5,9,196,0.09192267525202594,0.03499079534583664,0.6947109789469024,0.7569640506536491,0.05036741379685469,True,False,,,,,,,
masked,sentinel2,chip_mean,5,scm,-,estimator,treatment_0009,5,9,196,0.08597333858967006,0.03638638427759296,0.6916387840247704,0.6295987340273843,0.05260894142727805,True,False,,,,,,,
masked,sentinel2,chip_mean,5,scm,-,estimator,treatment_0010,5,9,196,0.1337353492158272,0.01881695715866621,0.6777671275991162,0.8832003119791879,0.027763159929756896,True,True,,,,,,,
masked,sentinel2,chip_mean,5,perdim_scm,-,estimator,treatment_0001,5,9,196,0.04251013090899974,0.02890039136866757,0.687982538427354,0.8484809359524849,0.042007448960449514,True,True,,,,,,,
masked,sentinel2,chip_mean,5,perdim_scm,-,estimator,treatment_0002,5,9,196,0.07623987378379168,0.03683376107964213,0.7245585132168734,0.6447640877110293,0.05083614422817102,True,True,,,,,,,
masked,sentinel2,chip_mean,5,perdim_scm,-,estimator,treatment_0003,5,9,196,0.0433992475114792,0.020995467236903934,0.7595137020561458,0.7921566773264661,0.027643302787119278,True,False,,,,,,,
masked,sentinel2,chip_mean,5,perdim_scm,-,estimator,treatment_0004,5,9,196,0.08919405138137722,0.04297885559465795,0.6834836244625552,0.9999999999999999,0.0628820560674787,True,True,,,,,,,
masked,sentinel2,chip_mean,5,perdim_scm,-,estimator,treatment_0005,5,9,196,0.1277659890784449,0.0669637462221024,0.7103567148192634,0.8802575285029686,0.09426777395796143,True,True,,,,,,,
masked,sentinel2,chip_mean,5,perdim_scm,-,estimator,treatment_0006,5,9,196,0.040528350777425115,0.01499411450892843,0.719305156509002,0.7742718468118172,0.02084527599065082,True,True,,,,,,,
masked,sentinel2,chip_mean,5,perdim_scm,-,estimator,treatment_0007,5,9,196,0.05286686716026633,0.033157409450333304,0.7485946564594536,0.8830518180441924,0.04429287487457403,True,True,,,,,,,
masked,sentinel2,chip_mean,5,perdim_scm,-,estimator,treatment_0008,5,9,196,0.0724914356528434,0.030207561609611234,0.6947109789469024,0.9999999999999999,0.04348219982848441,True,False,,,,,,,
masked,sentinel2,chip_mean,5,perdim_scm,-,estimator,treatment_0009,5,9,196,0.07831186479696098,0.038071821462450674,0.6916387840247704,0.854763405753803,0.05504581631600226,True,False,,,,,,,
masked,sentinel2,chip_mean,5,perdim_scm,-,estimator,treatment_0010,5,9,196,0.12216591436175658,0.03590803647442532,0.6777671275991162,0.9999999999999998,0.052979902701424775,True,True,,,,,,,
masked,sentinel2,chip_mean,5,perdim_scm_demeaned,-,estimator,treatment_0001,5,9,196,0.03616196294505797,0.031098900984547338,0.687982538427354,0.7908143362260893,0.04520303822773717,True,True,,,,,,,
masked,sentinel2,chip_mean,5,perdim_scm_demeaned,-,estimator,treatment_0002,5,9,196,0.07263184076483438,0.04674475323502244,0.7245585132168734,0.6142957451551341,0.06451480782067755,True,True,,,,,,,
masked,sentinel2,chip_mean,5,perdim_scm_demeaned,-,estimator,treatment_0003,5,9,196,0.03967074508122314,0.013506253060095688,0.7595137020561458,0.7973825886579091,0.017782764186520576,True,False,,,,,,,
masked,sentinel2,chip_mean,5,perdim_scm_demeaned,-,estimator,treatment_0004,5,9,196,0.07527456211466077,0.037562334856948106,0.6834836244625552,1.0,0.05495718333630094,True,True,,,,,,,
masked,sentinel2,chip_mean,5,perdim_scm_demeaned,-,estimator,treatment_0005,5,9,196,0.12205912942135345,0.05554097172184514,0.7103567148192634,0.7356649366276448,0.07818743817460284,True,True,,,,,,,
masked,sentinel2,chip_mean,5,perdim_scm_demeaned,-,estimator,treatment_0006,5,9,196,0.0361909963901314,0.012159227240316874,0.719305156509002,0.9624607283543706,0.016904129117229126,True,True,,,,,,,
masked,sentinel2,chip_mean,5,perdim_scm_demeaned,-,estimator,treatment_0007,5,9,196,0.048649499577548286,0.042391294331221435,0.7485946564594536,1.0,0.05662783452357904,True,True,,,,,,,
masked,sentinel2,chip_mean,5,perdim_scm_demeaned,-,estimator,treatment_0008,5,9,196,0.06871674910243124,0.0447788385742168,0.6947109789469024,1.0,0.06445678840731162,True,False,,,,,,,
masked,sentinel2,chip_mean,5,perdim_scm_demeaned,-,estimator,treatment_0009,5,9,196,0.07555429502084987,0.022494486722118272,0.6916387840247704,0.9999999999999999,0.032523460571743545,True,False,,,,,,,
masked,sentinel2,chip_mean,5,perdim_scm_demeaned,-,estimator,treatment_0010,5,9,196,0.11527194271117301,0.05681680197331074,0.6777671275991162,0.9077085439936021,0.08382938572806763,True,False,,,,,,,
masked,sentinel2,chip_mean,5,perdim_scm_demeaned_std,-,estimator,treatment_0001,5,9,196,0.041307822444144174,0.03136348298761065,0.687982538427354,0.8136161250473717,0.04558761485328368,True,True,45.0,,,,,,
masked,sentinel2,chip_mean,5,perdim_scm_demeaned_std,-,estimator,treatment_0002,5,9,196,0.0768789704360973,0.047566430530929335,0.7245585132168734,0.9999999999999989,0.0656488463847389,True,True,45.0,,,,,,
masked,sentinel2,chip_mean,5,perdim_scm_demeaned_std,-,estimator,treatment_0003,5,9,196,0.04445225983976767,0.015974674977831543,0.7595137020561458,0.7370125349473167,0.021032767328074672,True,False,45.0,,,,,,
masked,sentinel2,chip_mean,5,perdim_scm_demeaned_std,-,estimator,treatment_0004,5,9,196,0.08469994484302666,0.03143128257075338,0.6834836244625552,0.8978049872142321,0.04598688460966244,True,True,45.0,,,,,,
masked,sentinel2,chip_mean,5,perdim_scm_demeaned_std,-,estimator,treatment_0005,5,9,196,0.13023073751290687,0.048064743385373164,0.7103567148192634,1.0,0.06766282683426497,True,True,45.0,,,,,,
masked,sentinel2,chip_mean,5,perdim_scm_demeaned_std,-,estimator,treatment_0006,5,9,196,0.04260765563937243,0.01324516411483584,0.719305156509002,0.7011101053787647,0.018413831730497376,True,True,45.0,,,,,,
masked,sentinel2,chip_mean,5,perdim_scm_demeaned_std,-,estimator,treatment_0007,5,9,196,0.05018110564812279,0.04754824920665416,0.7485946564594536,0.9999999999999989,0.06351668262172472,True,True,45.0,,,,,,
masked,sentinel2,chip_mean,5,perdim_scm_demeaned_std,-,estimator,treatment_0008,5,9,196,0.07580891032600821,0.043198045831600994,0.6947109789469024,0.9996433669042765,0.062181320204675615,True,False,45.0,,,,,,
masked,sentinel2,chip_mean,5,perdim_scm_demeaned_std,-,estimator,treatment_0009,5,9,196,0.09422979530486836,0.03665216193610666,0.6916387840247704,0.9226018009772512,0.052993213773844694,True,False,45.0,,,,,,
masked,sentinel2,chip_mean,5,perdim_scm_demeaned_std,-,estimator,treatment_0010,5,9,196,0.119443052413826,0.049938926541501075,0.6777671275991162,1.0,0.07368154120782147,True,True,45.0,,,,,,
masked,sentinel2,chip_mean,5,scm_demeaned,-,estimator,treatment_0001,5,9,196,0.04093291950941773,0.035529975871160614,0.687982538427354,0.4284320136848369,0.05164371751698509,True,True,,,,,,,
masked,sentinel2,chip_mean,5,scm_demeaned,-,estimator,treatment_0002,5,9,196,0.0780989639115353,0.04128968516752557,0.7245585132168734,0.615219305761987,0.056985991351076466,True,True,,,,,,,
masked,sentinel2,chip_mean,5,scm_demeaned,-,estimator,treatment_0003,5,9,196,0.05432273551336058,0.02865196786006335,0.7595137020561458,0.5959692810125214,0.03772409606633443,True,False,,,,,,,
masked,sentinel2,chip_mean,5,scm_demeaned,-,estimator,treatment_0004,5,9,196,0.09742031832945922,0.03711997507338222,0.6834836244625552,0.8949240111666065,0.05430996990245499,True,True,,,,,,,
masked,sentinel2,chip_mean,5,scm_demeaned,-,estimator,treatment_0005,5,9,196,0.1253772242452059,0.053075915326922254,0.7103567148192634,0.5805529122996316,0.07471727122397427,True,True,,,,,,,
masked,sentinel2,chip_mean,5,scm_demeaned,-,estimator,treatment_0006,5,9,196,0.04577790765726678,0.0122114763266095,0.719305156509002,0.550639657570259,0.016976767392959287,True,True,,,,,,,
masked,sentinel2,chip_mean,5,scm_demeaned,-,estimator,treatment_0007,5,9,196,0.04987264561321734,0.04777187261010065,0.7485946564594536,1.0,0.06381540690664567,True,True,,,,,,,
masked,sentinel2,chip_mean,5,scm_demeaned,-,estimator,treatment_0008,5,9,196,0.0822000649443333,0.050208634308904064,0.6947109789469024,0.8100018440172899,0.07227269444483844,True,False,,,,,,,
masked,sentinel2,chip_mean,5,scm_demeaned,-,estimator,treatment_0009,5,9,196,0.08043272808531698,0.024873994342870305,0.6916387840247704,0.6026290830863763,0.035963851243454074,True,False,,,,,,,
masked,sentinel2,chip_mean,5,scm_demeaned,-,estimator,treatment_0010,5,9,196,0.1243752784151565,0.05636879930069343,0.6777671275991162,0.7560032470744588,0.08316838779179372,True,False,,,,,,,
masked,sentinel2,chip_mean,5,scm_demeaned_std,-,estimator,treatment_0001,5,9,196,0.04479193470674369,0.03438759842849284,0.687982538427354,0.5826353554012142,0.04998324304436386,True,True,45.0,,,,,,
masked,sentinel2,chip_mean,5,scm_demeaned_std,-,estimator,treatment_0002,5,9,196,0.10533890525347508,0.04724328827118872,0.7245585132168734,0.47902051048154737,0.06520286134164564,True,True,45.0,,,,,,
masked,sentinel2,chip_mean,5,scm_demeaned_std,-,estimator,treatment_0003,5,9,196,0.05604339512592224,0.02549418746948781,0.7595137020561458,0.6169219435706997,0.033566461540417605,True,False,45.0,,,,,,
masked,sentinel2,chip_mean,5,scm_demeaned_std,-,estimator,treatment_0004,5,9,196,0.13610278026894515,0.021529216710944973,0.6834836244625552,0.39009268535593644,0.03149924290852481,True,True,45.0,,,,,,
masked,sentinel2,chip_mean,5,scm_demeaned_std,-,estimator,treatment_0005,5,9,196,0.15041883324163446,0.03928026633135618,0.7103567148192634,0.45851296251429086,0.05529653695376172,True,True,45.0,,,,,,
masked,sentinel2,chip_mean,5,scm_demeaned_std,-,estimator,treatment_0006,5,9,196,0.05397582600544398,0.017229284413036075,0.719305156509002,0.4655408156729732,0.023952677465367864,True,True,45.0,,,,,,
masked,sentinel2,chip_mean,5,scm_demeaned_std,-,estimator,treatment_0007,5,9,196,0.04987264561321734,0.04777187261010065,0.7485946564594536,1.0,0.06381540690664567,True,True,45.0,,,,,,
masked,sentinel2,chip_mean,5,scm_demeaned_std,-,estimator,treatment_0008,5,9,196,0.08531673205604057,0.05063574532025866,0.6947109789469024,0.7640376905948427,0.07288749833350311,True,False,45.0,,,,,,
masked,sentinel2,chip_mean,5,scm_demeaned_std,-,estimator,treatment_0009,5,9,196,0.0839576405785154,0.03142491279378336,0.6916387840247704,0.5408877539568038,0.04543544046346872,True,False,45.0,,,,,,
masked,sentinel2,chip_mean,5,scm_demeaned_std,-,estimator,treatment_0010,5,9,196,0.13222265230990365,0.06858140844579359,0.6777671275991162,0.3277232132522291,0.10118727458608458,True,False,45.0,,,,,,
masked,sentinel2,gram,15,equal_weight,-,reference,treatment_0001,5,9,196,0.07200071998660308,0.08896012557121766,0.5005195338767848,,0.177735571841073,True,False,,,,,,,
masked,sentinel2,gram,15,equal_weight,-,reference,treatment_0002,5,9,196,0.09776057574607343,0.06505417510895488,0.5507634302328971,,0.11811636637066829,True,False,,,,,,,
masked,sentinel2,gram,15,equal_weight,-,reference,treatment_0003,5,9,196,0.078314721675865,0.013483572654769507,0.5901829526190498,,0.02284642854378218,True,False,,,,,,,
masked,sentinel2,gram,15,equal_weight,-,reference,treatment_0004,5,9,196,0.13108504681096508,0.07548043092829651,0.4932214113458525,,0.15303559251885107,True,False,,,,,,,
masked,sentinel2,gram,15,equal_weight,-,reference,treatment_0005,5,9,196,0.15721679234991365,0.08724104914319085,0.5340028392685056,,0.16337188255908242,True,False,,,,,,,
masked,sentinel2,gram,15,equal_weight,-,reference,treatment_0006,5,9,196,0.08532860452824133,0.028474616758617077,0.5392184060938452,,0.052807204718566994,True,False,,,,,,,
masked,sentinel2,gram,15,equal_weight,-,reference,treatment_0007,5,9,196,0.0858414306483483,0.07108270481886812,0.5778875402781375,,0.12300439075854792,True,False,,,,,,,
masked,sentinel2,gram,15,equal_weight,-,reference,treatment_0008,5,9,196,0.11164138657954575,0.01809423922931729,0.5087898265580324,,0.03556328818861213,True,False,,,,,,,
masked,sentinel2,gram,15,equal_weight,-,reference,treatment_0009,5,9,196,0.09579512976271397,0.020535269881320862,0.5069751238897915,,0.04050547830387218,True,False,,,,,,,
masked,sentinel2,gram,15,equal_weight,-,reference,treatment_0010,5,9,196,0.13574136703152143,0.05883238719716045,0.4878112127412054,,0.12060482756547936,True,False,,,,,,,
masked,sentinel2,gram,15,own_history_mean,-,reference,treatment_0001,5,9,196,0.12446573586839417,0.1127074819767928,0.5005195338767848,,0.22518098565267686,False,False,,,,,,,
masked,sentinel2,gram,15,own_history_mean,-,reference,treatment_0002,5,9,196,0.10532463553867578,0.15053313865153037,0.5507634302328971,,0.2733172363820081,False,False,,,,,,,
masked,sentinel2,gram,15,own_history_mean,-,reference,treatment_0003,5,9,196,0.11706839403825417,0.12809816927404546,0.5901829526190498,,0.21704823683162197,False,False,,,,,,,
masked,sentinel2,gram,15,own_history_mean,-,reference,treatment_0004,5,9,196,0.12027202898483069,0.0803830947798984,0.4932214113458525,,0.1629756797470677,False,False,,,,,,,
masked,sentinel2,gram,15,own_history_mean,-,reference,treatment_0005,5,9,196,0.13865661452861855,0.1068813633903315,0.5340028392685056,,0.20015130169858472,False,False,,,,,,,
masked,sentinel2,gram,15,own_history_mean,-,reference,treatment_0006,5,9,196,0.11176428857278986,0.1125442727448452,0.5392184060938452,,0.20871741667746052,False,False,,,,,,,
masked,sentinel2,gram,15,own_history_mean,-,reference,treatment_0007,5,9,196,0.1262629076546658,0.15296607079151422,0.5778875402781375,,0.2646986829269439,False,False,,,,,,,
masked,sentinel2,gram,15,own_history_mean,-,reference,treatment_0008,5,9,196,0.13242921834944452,0.09032031497585367,0.5087898265580324,,0.17751989183209774,False,False,,,,,,,
masked,sentinel2,gram,15,own_history_mean,-,reference,treatment_0009,5,9,196,0.11761159893836105,0.10277210264381917,0.5069751238897915,,0.20271626318722538,False,False,,,,,,,
masked,sentinel2,gram,15,own_history_mean,-,reference,treatment_0010,5,9,196,0.13523156661255867,0.12139732832562591,0.4878112127412054,,0.24886129132507223,False,False,,,,,,,
masked,sentinel2,gram,15,scm,-,estimator,treatment_0001,5,9,196,0.04891713042724338,0.03388244358065848,0.5005195338767848,0.671705069173201,0.06769454793946059,True,True,,,,,,,
masked,sentinel2,gram,15,scm,-,estimator,treatment_0002,5,9,196,0.07150075821894304,0.06714766316869929,0.5507634302328971,0.6478023197096557,0.12191743220915208,True,False,,,,,,,
masked,sentinel2,gram,15,scm,-,estimator,treatment_0003,5,9,196,0.05932881588723747,0.031615886804827485,0.5901829526190498,0.4767294449028545,0.053569637456530955,True,False,,,,,,,
masked,sentinel2,gram,15,scm,-,estimator,treatment_0004,5,9,196,0.11291931369375903,0.08104997769104968,0.4932214113458525,0.6310282290804912,0.16432777618045563,False,False,,,,,,,
masked,sentinel2,gram,15,scm,-,estimator,treatment_0005,5,9,196,0.1463424782618204,0.09450585155373128,0.5340028392685056,0.6277621567431437,0.1769763091207314,True,False,,,,,,,
masked,sentinel2,gram,15,scm,-,estimator,treatment_0006,5,9,196,0.05414558579205452,0.03443064193916241,0.5392184060938452,0.45182036537960374,0.06385286842966212,True,False,,,,,,,
masked,sentinel2,gram,15,scm,-,estimator,treatment_0007,5,9,196,0.05934850814796358,0.04622061659625511,0.5778875402781375,0.8454985848885809,0.07998202656179282,True,True,,,,,,,
masked,sentinel2,gram,15,scm,-,estimator,treatment_0008,5,9,196,0.09185136297108908,0.0373719353518674,0.5087898265580324,0.7070790937479076,0.07345259948432709,True,False,,,,,,,
masked,sentinel2,gram,15,scm,-,estimator,treatment_0009,5,9,196,0.0854278168531818,0.040147046780795524,0.5069751238897915,0.6533213840131896,0.07918938206033728,True,False,,,,,,,
masked,sentinel2,gram,15,scm,-,estimator,treatment_0010,5,9,196,0.11540432209747407,0.018021700051220366,0.4878112127412054,0.8549577294466089,0.03694400534573459,True,True,,,,,,,
masked,sentinel2,gram,15,afsc,-,estimator,treatment_0001,5,9,196,0.04891713057839253,0.0338813038448897,0.5005195338767848,0.671700000155235,0.0676922708339899,True,True,,0.0338813038448897,0.9999999999999998,1.0,100000000.0,ceiling,0.0338813038356783
masked,sentinel2,gram,15,afsc,-,estimator,treatment_0002,5,9,196,0.0715007579883033,0.0671477181106386,0.5507634302328971,0.647800001128475,0.12191753196512042,True,False,,0.0671477181106377,0.9999999999999993,1.0,100000000.0,ceiling,0.0671477181582398
masked,sentinel2,gram,15,afsc,-,estimator,treatment_0003,5,9,196,0.05932881605996461,0.0316148991362209,0.5901829526190498,0.476700000503828,0.053567963960876416,True,False,,0.0316148991362217,1.0,1.0,100000000.0,ceiling,0.0316148990700941
masked,sentinel2,gram,15,afsc,-,estimator,treatment_0004,5,9,196,0.11291931366572476,0.081050480522214,0.4932214113458525,0.631000001232939,0.16432879566410485,False,False,,0.0810504805222147,0.9999999999999999,2.0,100000000.0,ceiling,0.0810504805621949
masked,sentinel2,gram,15,afsc,-,estimator,treatment_0005,5,9,196,0.1463348730283633,0.0944850724920999,0.5340028392685056,0.627800000472936,0.17693739722719196,True,False,,0.0944850724920997,1.0001000000000004,1.0,100000000.0,ceiling,0.0944850724919801
masked,sentinel2,gram,15,afsc,-,estimator,treatment_0006,5,9,196,0.05414558628500238,0.0344307883082534,0.5392184060938452,0.451800000462082,0.0638531398764253,True,False,,0.0344307883082539,1.0000000000000004,1.0,100000000.0,ceiling,0.0344307882473887
masked,sentinel2,gram,15,afsc,-,estimator,treatment_0007,5,9,196,0.05934850813595409,0.0462205633386233,0.5778875402781375,0.845500000440958,0.07998193440263018,True,True,,0.0462205633386221,0.9999999999999994,2.0,100000000.0,ceiling,0.0462205634053251
masked,sentinel2,gram,15,afsc,-,estimator,treatment_0008,5,9,196,0.09185556708066553,0.0374144140706577,0.5087898265580324,0.707100000348886,0.0735360892016386,True,False,,0.0374144140706585,1.0000999999999998,2.0,100000000.0,ceiling,0.0374144141053703
masked,sentinel2,gram,15,afsc,-,estimator,treatment_0009,5,9,196,0.08542781705799395,0.0401442689077615,0.5069751238897915,0.653300000131347,0.0791839027519785,True,False,,0.0401442689077627,1.0,1.0,100000000.0,ceiling,0.0401442688949843
masked,sentinel2,gram,15,afsc,-,estimator,treatment_0010,5,9,196,0.11541502515414957,0.0180381564423961,0.4878112127412054,0.855000000410839,0.036977740509555976,True,True,,0.0180381564423962,1.0000999999999998,2.0,100000000.0,ceiling,0.0180381565067606
masked,sentinel2,quantile,100,equal_weight,-,reference,treatment_0001,5,9,196,0.10546318829785921,0.12298708180561391,0.7420022503469963,,0.1657502814150485,True,False,,,,,,,
masked,sentinel2,quantile,100,equal_weight,-,reference,treatment_0002,5,9,196,0.16159864433795965,0.08448789067550383,0.7672599066388186,,0.11011638943265652,True,False,,,,,,,
masked,sentinel2,quantile,100,equal_weight,-,reference,treatment_0003,5,9,196,0.11281748565220535,0.047001269511261254,0.782243996566198,,0.060085177665257714,True,False,,,,,,,
masked,sentinel2,quantile,100,equal_weight,-,reference,treatment_0004,5,9,196,0.17352918639884524,0.10520727980951096,0.7378706325253204,,0.14258228363072945,True,False,,,,,,,
masked,sentinel2,quantile,100,equal_weight,-,reference,treatment_0005,5,9,196,0.20178273305320465,0.11083858374556728,0.7583668874690279,,0.14615430285396525,True,False,,,,,,,
masked,sentinel2,quantile,100,equal_weight,-,reference,treatment_0006,5,9,196,0.14681214353671856,0.06805316512319791,0.7621438050931478,,0.08929176445235368,True,False,,,,,,,
masked,sentinel2,quantile,100,equal_weight,-,reference,treatment_0007,5,9,196,0.10902146760208765,0.08941007105354228,0.7765049516322149,,0.1151442381218589,True,False,,,,,,,
masked,sentinel2,quantile,100,equal_weight,-,reference,treatment_0008,5,9,196,0.14692765620395926,0.06170556794766508,0.7427158396943287,,0.08308099093868868,True,False,,,,,,,
masked,sentinel2,quantile,100,equal_weight,-,reference,treatment_0009,5,9,196,0.12872361275381816,0.05974565372425844,0.7440596012044365,,0.0802968655031747,True,False,,,,,,,
masked,sentinel2,quantile,100,equal_weight,-,reference,treatment_0010,5,9,196,0.18105389572056302,0.09580663499271964,0.7354554072421527,,0.13026844870442944,True,False,,,,,,,
masked,sentinel2,quantile,100,own_history_mean,-,reference,treatment_0001,5,9,196,0.17913082848887205,0.14785949857669786,0.7420022503469963,,0.19927095707263903,False,False,,,,,,,
masked,sentinel2,quantile,100,own_history_mean,-,reference,treatment_0002,5,9,196,0.15742970948596693,0.1503643109912242,0.7672599066388186,,0.19597571786323897,False,False,,,,,,,
masked,sentinel2,quantile,100,own_history_mean,-,reference,treatment_0003,5,9,196,0.14126740429237913,0.12788484396969163,0.782243996566198,,0.16348459627822695,False,False,,,,,,,
masked,sentinel2,quantile,100,own_history_mean,-,reference,treatment_0004,5,9,196,0.16340338468590257,0.11586190555042321,0.7378706325253204,,0.15702197708274743,False,False,,,,,,,
masked,sentinel2,quantile,100,own_history_mean,-,reference,treatment_0005,5,9,196,0.17761884642566586,0.1311080432027862,0.7583668874690279,,0.17288207775044864,False,False,,,,,,,
masked,sentinel2,quantile,100,own_history_mean,-,reference,treatment_0006,5,9,196,0.15761384668261633,0.12950910427722415,0.7621438050931478,,0.1699273856347829,False,False,,,,,,,
masked,sentinel2,quantile,100,own_history_mean,-,reference,treatment_0007,5,9,196,0.15338027588102437,0.15842717122742997,0.7765049516322149,,0.2040259638968377,False,False,,,,,,,
masked,sentinel2,quantile,100,own_history_mean,-,reference,treatment_0008,5,9,196,0.17418988196158336,0.147902066014338,0.7427158396943287,,0.1991368139869057,False,False,,,,,,,
masked,sentinel2,quantile,100,own_history_mean,-,reference,treatment_0009,5,9,196,0.1583738810758471,0.15162677716407463,0.7440596012044365,,0.20378310678154118,False,False,,,,,,,
masked,sentinel2,quantile,100,own_history_mean,-,reference,treatment_0010,5,9,196,0.19619044111570796,0.1512155389023384,0.7354554072421527,,0.20560803199390967,False,False,,,,,,,
masked,sentinel2,quantile,100,scm,-,estimator,treatment_0001,5,9,196,0.08722548072835425,0.07731832499570679,0.7420022503469963,0.48912242284128477,0.10420227830784742,True,True,,,,,,,
masked,sentinel2,quantile,100,scm,-,estimator,treatment_0002,5,9,196,0.14249228272032083,0.08125284348143053,0.7672599066388186,0.4665073792731149,0.10590002524357062,True,True,,,,,,,
masked,sentinel2,quantile,100,scm,-,estimator,treatment_0003,5,9,196,0.09456100160492602,0.057294432937363395,0.782243996566198,0.5514351445287926,0.07324368507635431,True,False,,,,,,,
masked,sentinel2,quantile,100,scm,-,estimator,treatment_0004,5,9,196,0.15660314004521786,0.10853967934239969,0.7378706325253204,0.5740000094858642,0.14709852182479305,True,False,,,,,,,
masked,sentinel2,quantile,100,scm,-,estimator,treatment_0005,5,9,196,0.18380403120921068,0.12653339160458138,0.7583668874690279,0.6142491210552523,0.16684983705825246,True,False,,,,,,,
masked,sentinel2,quantile,100,scm,-,estimator,treatment_0006,5,9,196,0.12053718371007774,0.06913273446538992,0.7621438050931478,0.5099685250761423,0.09070825479837187,True,False,,,,,,,
masked,sentinel2,quantile,100,scm,-,estimator,treatment_0007,5,9,196,0.09045210293233234,0.07224484795333129,0.7765049516322149,0.6107896985581612,0.09303848971145964,True,True,,,,,,,
masked,sentinel2,quantile,100,scm,-,estimator,treatment_0008,5,9,196,0.12642714663719665,0.08328857782011044,0.7427158396943287,0.694211307768231,0.11214057028107625,True,False,,,,,,,
masked,sentinel2,quantile,100,scm,-,estimator,treatment_0009,5,9,196,0.11761616998459239,0.07129640645379011,0.7440596012044365,0.4133864061884069,0.09582082717349526,True,False,,,,,,,
masked,sentinel2,quantile,100,scm,-,estimator,treatment_0010,5,9,196,0.16199921238804355,0.07080082561428155,0.7354554072421527,0.5087177269094937,0.09626800607772266,True,True,,,,,,,
masked,sentinel2,quantile,100,afsc,-,estimator,treatment_0001,5,9,196,0.08717373968826539,0.0772136845174788,0.7420022503469963,0.4891000000023,0.10406125383227602,True,True,,0.0773211521735117,1.0000999999999998,0.0,100000000.0,ceiling,0.0773211521735364
masked,sentinel2,quantile,100,afsc,-,estimator,treatment_0002,5,9,196,0.14245807372144464,0.0812085435584153,0.7672599066388186,0.466500016758132,0.10584228741231953,True,True,,0.0812527122515962,1.0000000000000002,1.0,100000000.0,ceiling,0.0812527128658292
masked,sentinel2,quantile,100,afsc,-,estimator,treatment_0003,5,9,196,0.09452518750262359,0.0572013975542204,0.782243996566198,0.551400002014197,0.07312475110747582,True,False,,0.0572935256986317,1.0000000000000007,1.0,100000000.0,ceiling,0.0572935254267769
masked,sentinel2,quantile,100,afsc,-,estimator,treatment_0004,5,9,196,0.15656187937556124,0.108458698946384,0.7378706325253204,0.574000006977829,0.14698877305252042,True,False,,0.108523485080236,0.9999000000000003,1.0,100000000.0,ceiling,0.108523485693906
masked,sentinel2,quantile,100,afsc,-,estimator,treatment_0005,5,9,196,0.18377106023431597,0.126454535978396,0.7583668874690279,0.614200008078996,0.16674585621799115,True,False,,0.126527666836323,1.0,1.0,100000000.0,ceiling,0.126527666465172
masked,sentinel2,quantile,100,afsc,-,estimator,treatment_0006,5,9,196,0.12048124276807197,0.069029157664099,0.7621438050931478,0.510000002966011,0.09057235288511252,True,False,,0.069134343678209,1.0000000000000004,1.0,100000000.0,ceiling,0.0691343436134157
masked,sentinel2,quantile,100,afsc,-,estimator,treatment_0007,5,9,196,0.0903971282241018,0.0722145872382701,0.7765049516322149,0.610800000355404,0.09299951930309638,True,True,,0.072244989184133,1.0,1.0,100000000.0,ceiling,0.0722449892432187
masked,sentinel2,quantile,100,afsc,-,estimator,treatment_0008,5,9,196,0.12639499389676753,0.0831650976881343,0.7427158396943287,0.694200000003045,0.11197431540218886,True,False,,0.0833037492664885,1.0000999999999993,0.0,100000000.0,ceiling,0.0833037492661711
masked,sentinel2,quantile,100,afsc,-,estimator,treatment_0009,5,9,196,0.11759160596201494,0.0712729171914039,0.7440596012044365,0.41339999999827,0.09578925811323692,True,False,,0.0713159111675735,1.0000999999999989,0.0,100000000.0,ceiling,0.0713159111679456
masked,sentinel2,quantile,100,afsc,-,estimator,treatment_0010,5,9,196,0.16197444342692335,0.0706566590691812,0.7354554072421527,0.508700005954453,0.09607198257489608,True,True,,0.0708012644143713,1.0000000000000002,2.0,100000000.0,ceiling,0.0708012647829631
masked,sentinel2,combined,115,equal_weight,-,reference,treatment_0001,5,9,196,0.15381315715645852,0.18089499336791703,1.0803843403986886,,0.16743577873515114,True,False,,,,,,,
masked,sentinel2,combined,115,equal_weight,-,reference,treatment_0002,5,9,196,0.2321320631008122,0.1255339391572033,1.1272066325074483,,0.11136728221511222,True,False,,,,,,,
masked,sentinel2,combined,115,equal_weight,-,reference,treatment_0003,5,9,196,0.1649265695574569,0.06449892763533492,1.158312953047862,,0.05568350717793432,True,False,,,,,,,
masked,sentinel2,combined,115,equal_weight,-,reference,treatment_0004,5,9,196,0.25700689282256556,0.15455082593112038,1.073045436157681,,0.14403008551485938,True,False,,,,,,,
masked,sentinel2,combined,115,equal_weight,-,reference,treatment_0005,5,9,196,0.3004247235480252,0.1653170281943409,1.110945174612415,,0.14880754871815927,True,False,,,,,,,
masked,sentinel2,combined,115,equal_weight,-,reference,treatment_0006,5,9,196,0.2099746843982431,0.09483886417111854,1.1172605302574914,,0.08488518264335476,True,False,,,,,,,
masked,sentinel2,combined,115,equal_weight,-,reference,treatment_0007,5,9,196,0.16261705478688832,0.13359461800776565,1.1472499551178272,,0.11644769948502193,True,False,,,,,,,
masked,sentinel2,combined,115,equal_weight,-,reference,treatment_0008,5,9,196,0.21782012142178753,0.08473004215389535,1.0837321876086274,,0.07818356151334895,True,False,,,,,,,
masked,sentinel2,combined,115,equal_weight,-,reference,treatment_0009,5,9,196,0.19018217063484655,0.08248217466740482,1.0848786449280194,,0.07602894116592868,True,False,,,,,,,
masked,sentinel2,combined,115,equal_weight,-,reference,treatment_0010,5,9,196,0.2678192568341912,0.13785894220429917,1.0684279065275564,,0.1290297093159496,True,False,,,,,,,
masked,sentinel2,combined,115,own_history_mean,-,reference,treatment_0001,5,9,196,0.2619049491763931,0.21931836881283384,1.0803843403986886,,0.20300032184092925,False,False,,,,,,,
masked,sentinel2,combined,115,own_history_mean,-,reference,treatment_0002,5,9,196,0.22896856272556876,0.23621353382883287,1.1272066325074483,,0.2095565506950404,False,False,,,,,,,
masked,sentinel2,combined,115,own_history_mean,-,reference,treatment_0003,5,9,196,0.21271557525062668,0.2009278587760405,1.158312953047862,,0.17346595170790435,False,False,,,,,,,
masked,sentinel2,combined,115,own_history_mean,-,reference,treatment_0004,5,9,196,0.24099533844272744,0.16936360046434068,1.073045436157681,,0.15783450985150377,False,False,,,,,,,
masked,sentinel2,combined,115,own_history_mean,-,reference,treatment_0005,5,9,196,0.26453708788039004,0.19680361386839748,1.110945174612415,,0.17714970852369744,False,False,,,,,,,
masked,sentinel2,combined,115,own_history_mean,-,reference,treatment_0006,5,9,196,0.2311305743705975,0.19687177465437272,1.1172605302574914,,0.17620937044021445,False,False,,,,,,,
masked,sentinel2,combined,115,own_history_mean,-,reference,treatment_0007,5,9,196,0.23066048289125074,0.2466261944845031,1.1472499551178272,,0.21497163140806014,False,False,,,,,,,
masked,sentinel2,combined,115,own_history_mean,-,reference,treatment_0008,5,9,196,0.2582601088022989,0.21268459309350266,1.0837321876086274,,0.1962519850617469,False,False,,,,,,,
masked,sentinel2,combined,115,own_history_mean,-,reference,treatment_0009,5,9,196,0.2339091810987194,0.22091965901290186,1.0848786449280194,,0.20363536515880046,False,False,,,,,,,
masked,sentinel2,combined,115,own_history_mean,-,reference,treatment_0010,5,9,196,0.28652017311838435,0.2263430355438322,1.0684279065275564,,0.21184680235417874,False,False,,,,,,,
masked,sentinel2,combined,115,scm,-,estimator,treatment_0001,5,9,196,0.12469569796990719,0.10869161123364596,1.0803843403986886,0.520122930325318,0.10060457854612745,True,True,,,,,,,
masked,sentinel2,combined,115,scm,-,estimator,treatment_0002,5,9,196,0.20182546835059453,0.12173802189212334,1.1272066325074483,0.4911179188714965,0.10799973880682336,True,True,,,,,,,
masked,sentinel2,combined,115,scm,-,estimator,treatment_0003,5,9,196,0.13759566098979278,0.07935865863375045,1.158312953047862,0.5396772580534557,0.06851227764045502,True,False,,,,,,,
masked,sentinel2,combined,115,scm,-,estimator,treatment_0004,5,9,196,0.23057924811149222,0.161094258193605,1.073045436157681,0.584859631281855,0.1501280866264573,True,False,,,,,,,
masked,sentinel2,combined,115,scm,-,estimator,treatment_0005,5,9,196,0.27480976814030034,0.18745438956452515,1.110945174612415,0.6132441838452837,0.16873414984670504,True,False,,,,,,,
masked,sentinel2,combined,115,scm,-,estimator,treatment_0006,5,9,196,0.16993365833417096,0.0967571236716232,1.1172605302574914,0.4906509899656748,0.08660211387698795,True,False,,,,,,,
masked,sentinel2,combined,115,scm,-,estimator,treatment_0007,5,9,196,0.13189207892438276,0.10509232361589826,1.1472499551178272,0.6505896621637781,0.09160368509677114,True,True,,,,,,,
masked,sentinel2,combined,115,scm,-,estimator,treatment_0008,5,9,196,0.18638312183446243,0.11798834154368879,1.0837321876086274,0.7086659515382967,0.10887223143574139,True,False,,,,,,,
masked,sentinel2,combined,115,scm,-,estimator,treatment_0009,5,9,196,0.17423293516941063,0.1011606565294864,1.0848786449280194,0.45366067580086866,0.09324605752212801,True,False,,,,,,,
masked,sentinel2,combined,115,scm,-,estimator,treatment_0010,5,9,196,0.23841966472573012,0.09668330626480645,1.0684279065275564,0.5591363953527326,0.09049118398548012,True,True,,,,,,,
masked,sentinel2,combined,115,afsc,-,estimator,treatment_0001,5,9,196,0.1246171404268751,0.108543616581857,1.0803843403986886,0.520099999997483,0.10046759520949898,True,True,,0.10869000718008,0.9999999999999996,0.0,100000000.0,ceiling,0.108690007178316
masked,sentinel2,combined,115,afsc,-,estimator,treatment_0002,5,9,196,0.2017796148859605,0.121681142492359,1.1272066325074483,0.491100040669648,0.107949278316152,True,True,,0.121739705999596,1.0000000000000007,1.0,100000000.0,ceiling,0.12173970847369
masked,sentinel2,combined,115,afsc,-,estimator,treatment_0003,5,9,196,0.13755221791888655,0.0792421527912765,1.158312953047862,0.539700006203556,0.06841169528732895,True,False,,0.0793586866561131,1.0000000000000004,1.0,100000000.0,ceiling,0.0793586853631347
masked,sentinel2,combined,115,afsc,-,estimator,treatment_0004,5,9,196,0.23053109717290468,0.16101104386413,1.073045436157681,0.584900018889665,0.15005053694713247,True,False,,0.161094448229708,0.999999999999999,1.0,100000000.0,ceiling,0.161094450749996
masked,sentinel2,combined,115,afsc,-,estimator,treatment_0005,5,9,196,0.27476940833896596,0.187358590456051,1.110945174612415,0.613200019270985,0.16864791777093446,True,False,,0.187446051208767,1.0,1.0,100000000.0,ceiling,0.18744605009852
masked,sentinel2,combined,115,afsc,-,estimator,treatment_0006,5,9,196,0.16987289595436458,0.0966505898711186,1.1172605302574914,0.490700008167399,0.086506761183843,True,False,,0.0967816212254086,1.000099999999999,1.0,100000000.0,ceiling,0.096781620792714
masked,sentinel2,combined,115,afsc,-,estimator,treatment_0007,5,9,196,0.13181718723201852,0.105040128534234,1.1472499551178272,0.650600001563815,0.09155818927310043,True,True,,0.105092048002678,0.9999999999999999,1.0,100000000.0,ceiling,0.105092048498495
masked,sentinel2,combined,115,afsc,-,estimator,treatment_0008,5,9,196,0.18633551800285933,0.11780479199811,1.0837321876086274,0.708700000425763,0.10870286344272846,True,False,,0.117991484376601,1.0000000000000004,1.0,100000000.0,ceiling,0.117991484427006
masked,sentinel2,combined,115,afsc,-,estimator,treatment_0009,5,9,196,0.17416090808896265,0.101076795912988,1.0848786449280194,0.453699999981923,0.09316875798554809,True,False,,0.10112947012701,0.9998999999999992,0.0,100000000.0,ceiling,0.101129470129327
masked,sentinel2,combined,115,afsc,-,estimator,treatment_0010,5,9,196,0.2383860035847305,0.0964876478138968,1.0684279065275564,0.55910001421739,0.09030805656086469,True,True,,0.0966840097061815,0.9999999999999999,2.0,100000000.0,ceiling,0.0966840111142141
maskdrop,sentinel2,chip_mean,5,equal_weight,-,reference,treatment_0001,5,7,196,0.0762358054765972,0.09239355841048967,0.687982538427354,,0.13429637127373947,False,False,,,,,,,
maskdrop,sentinel2,chip_mean,5,equal_weight,-,reference,treatment_0002,5,5,196,0.06285561693641466,0.04987313786883404,0.7245585132168734,,0.06883245032538333,True,False,,,,,,,
maskdrop,sentinel2,chip_mean,5,equal_weight,-,reference,treatment_0003,5,5,196,0.03307372977697505,0.011127528024727629,0.7595137020561458,,0.01465085882532906,True,False,,,,,,,
maskdrop,sentinel2,chip_mean,5,equal_weight,-,reference,treatment_0004,5,5,196,0.10628765791002076,0.06807766168252677,0.6834836244625552,,0.0996039396497003,False,False,,,,,,,
maskdrop,sentinel2,chip_mean,5,equal_weight,-,reference,treatment_0005,5,6,196,0.08911536284673643,0.08124205967694485,0.7103567148192634,,0.1143679759508085,True,False,,,,,,,
maskdrop,sentinel2,chip_mean,5,equal_weight,-,reference,treatment_0006,5,4,196,0.038025385125812,0.02287384205687952,0.719305156509002,,0.03179991391677624,True,False,,,,,,,
maskdrop,sentinel2,chip_mean,5,equal_weight,-,reference,treatment_0007,5,6,196,0.0677911815731164,0.056871485921075486,0.7485946564594536,,0.07597100170345103,True,False,,,,,,,
maskdrop,sentinel2,chip_mean,5,equal_weight,-,reference,treatment_0008,5,6,196,0.04498292793563851,0.020928193589403756,0.6947109789469024,,0.03012503648802033,True,False,,,,,,,
maskdrop,sentinel2,chip_mean,5,equal_weight,-,reference,treatment_0009,5,6,196,0.04661876454706882,0.01900585668781701,0.6916387840247704,,0.027479454777273354,True,False,,,,,,,
maskdrop,sentinel2,chip_mean,5,equal_weight,-,reference,treatment_0010,5,6,196,0.07605602571695923,0.05411771020425188,0.6777671275991162,,0.07984705660771035,True,False,,,,,,,
maskdrop,sentinel2,chip_mean,5,own_history_mean,-,reference,treatment_0001,5,7,196,0.04750595050038171,0.053663338611372915,0.687982538427354,,0.07800101836020563,False,True,,,,,,,
maskdrop,sentinel2,chip_mean,5,own_history_mean,-,reference,treatment_0002,5,5,196,0.05565902445849371,0.10760209024443718,0.7245585132168734,,0.1485071092004821,False,False,,,,,,,
maskdrop,sentinel2,chip_mean,5,own_history_mean,-,reference,treatment_0003,5,5,196,0.04758830764043148,0.08448093742695989,0.7595137020561458,,0.11123030064928938,False,False,,,,,,,
maskdrop,sentinel2,chip_mean,5,own_history_mean,-,reference,treatment_0004,5,5,196,0.067492280008095,0.05831953707450533,0.6834836244625552,,0.08532689736402073,False,True,,,,,,,
maskdrop,sentinel2,chip_mean,5,own_history_mean,-,reference,treatment_0005,5,6,196,0.056938855396571016,0.09025885991060288,0.7103567148192634,,0.1270613172616627,False,False,,,,,,,
maskdrop,sentinel2,chip_mean,5,own_history_mean,-,reference,treatment_0006,5,4,196,0.05306795245209716,0.07784100094954126,0.719305156509002,,0.10821693719995888,False,False,,,,,,,
maskdrop,sentinel2,chip_mean,5,own_history_mean,-,reference,treatment_0007,5,6,196,0.07178662313595226,0.10306633471625597,0.7485946564594536,,0.13767976277538174,False,False,,,,,,,
maskdrop,sentinel2,chip_mean,5,own_history_mean,-,reference,treatment_0008,5,6,196,0.046073491490766734,0.0609707421542123,0.6947109789469024,,0.08776418395839454,False,False,,,,,,,
maskdrop,sentinel2,chip_mean,5,own_history_mean,-,reference,treatment_0009,5,6,196,0.05084044862116501,0.07385616815517039,0.6916387840247704,,0.10678430686808521,False,False,,,,,,,
maskdrop,sentinel2,chip_mean,5,own_history_mean,-,reference,treatment_0010,5,6,196,0.0720927396245972,0.05715256555867103,0.6777671275991162,,0.08432478240885632,False,False,,,,,,,
maskdrop,sentinel2,chip_mean,5,scm,-,estimator,treatment_0001,5,7,196,0.053043249236681966,0.034509361100375856,0.687982538427354,0.699362120563181,0.050160228164017266,True,True,,,,,,,
maskdrop,sentinel2,chip_mean,5,scm,-,estimator,treatment_0002,5,5,196,0.0472869433396785,0.03361405739512314,0.7245585132168734,0.8227977924788826,0.04639246766404613,True,True,,,,,,,
maskdrop,sentinel2,chip_mean,5,scm,-,estimator,treatment_0003,5,5,196,0.021927803285665435,0.026971013760128948,0.7595137020561458,0.49238761965822014,0.03551089820646206,True,False,,,,,,,
maskdrop,sentinel2,chip_mean,5,scm,-,estimator,treatment_0004,5,5,196,0.07118314694336868,0.053555920287161905,0.6834836244625552,0.5264011586948345,0.07835728373049848,True,True,,,,,,,
maskdrop,sentinel2,chip_mean,5,scm,-,estimator,treatment_0005,5,6,196,0.08096678002346028,0.06249515112521372,0.7103567148192634,0.580186767677155,0.0879771385579348,True,True,,,,,,,
maskdrop,sentinel2,chip_mean,5,scm,-,estimator,treatment_0006,5,4,196,0.02802705056944354,0.02370262891424057,0.719305156509002,0.5153599532631166,0.03295211872145662,True,False,,,,,,,
maskdrop,sentinel2,chip_mean,5,scm,-,estimator,treatment_0007,5,6,196,0.05952431188178785,0.04217688373376351,0.7485946564594536,0.5572430274777649,0.0563414170403552,True,True,,,,,,,
maskdrop,sentinel2,chip_mean,5,scm,-,estimator,treatment_0008,5,6,196,0.03983872855189969,0.02494640188743923,0.6947109789469024,0.5303290941673295,0.03590903648198414,True,False,,,,,,,
maskdrop,sentinel2,chip_mean,5,scm,-,estimator,treatment_0009,5,6,196,0.04244354406319166,0.015620920364578697,0.6916387840247704,0.6764589447066407,0.022585373645008386,True,True,,,,,,,
maskdrop,sentinel2,chip_mean,5,scm,-,estimator,treatment_0010,5,6,196,0.052668599073843664,0.03031654060602668,0.6777671275991162,0.3986118275995882,0.04473002506542074,True,True,,,,,,,
maskdrop,sentinel2,chip_mean,5,perdim_scm,-,estimator,treatment_0001,5,7,196,0.04628449056085342,0.031160628800199937,0.687982538427354,0.8646100607502172,0.04529276116720842,True,True,,,,,,,
maskdrop,sentinel2,chip_mean,5,perdim_scm,-,estimator,treatment_0002,5,5,196,0.039429886499502624,0.035206118202093226,0.7245585132168734,1.0,0.04858975163480744,True,True,,,,,,,
maskdrop,sentinel2,chip_mean,5,perdim_scm,-,estimator,treatment_0003,5,5,196,0.018968179412766864,0.0236406570305116,0.7595137020561458,0.6804120333451938,0.03112604416024611,True,False,,,,,,,
maskdrop,sentinel2,chip_mean,5,perdim_scm,-,estimator,treatment_0004,5,5,196,0.05356221178933581,0.042256399801520524,0.6834836244625552,0.8936362371621508,0.06182503616637205,True,True,,,,,,,
maskdrop,sentinel2,chip_mean,5,perdim_scm,-,estimator,treatment_0005,5,6,196,0.07102623834920217,0.055369671222431145,0.7103567148192634,0.9528548333533032,0.07794629102157342,True,True,,,,,,,
maskdrop,sentinel2,chip_mean,5,perdim_scm,-,estimator,treatment_0006,5,4,196,0.02165989367786259,0.014893566098652115,0.719305156509002,1.0,0.020705490519399225,True,True,,,,,,,
maskdrop,sentinel2,chip_mean,5,perdim_scm,-,estimator,treatment_0007,5,6,196,0.05744510051732793,0.03450772927670575,0.7485946564594536,0.8240856964224998,0.04609668126661923,True,True,,,,,,,
maskdrop,sentinel2,chip_mean,5,perdim_scm,-,estimator,treatment_0008,5,6,196,0.030700736443427707,0.02211041619883325,0.6947109789469024,0.9639856821998345,0.03182678389846373,True,False,,,,,,,
maskdrop,sentinel2,chip_mean,5,perdim_scm,-,estimator,treatment_0009,5,6,196,0.03921797644007643,0.024947182941056127,0.6916387840247704,0.92611545818858,0.036069670350011296,True,False,,,,,,,
maskdrop,sentinel2,chip_mean,5,perdim_scm,-,estimator,treatment_0010,5,6,196,0.039884437367097014,0.04114358091305584,0.6777671275991162,0.8890969850043795,0.060704597844396094,True,True,,,,,,,
maskdrop,sentinel2,chip_mean,5,perdim_scm_demeaned,-,estimator,treatment_0001,5,7,196,0.03675797030481348,0.0348110229767088,0.687982538427354,0.8103599923633621,0.050598701322104256,True,True,,,,,,,
maskdrop,sentinel2,chip_mean,5,perdim_scm_demeaned,-,estimator,treatment_0002,5,5,196,0.03387174712188222,0.04853854280657448,0.7245585132168734,0.9726825693620944,0.06699050790401247,True,True,,,,,,,
maskdrop,sentinel2,chip_mean,5,perdim_scm_demeaned,-,estimator,treatment_0003,5,5,196,0.01832711505811735,0.029974176710584492,0.7595137020561458,0.6732957037362304,0.03946495847203123,True,False,,,,,,,
maskdrop,sentinel2,chip_mean,5,perdim_scm_demeaned,-,estimator,treatment_0004,5,5,196,0.03634904949563324,0.020113360043632827,0.6834836244625552,0.651015657777566,0.029427713150331287,True,True,,,,,,,
maskdrop,sentinel2,chip_mean,5,perdim_scm_demeaned,-,estimator,treatment_0005,5,6,196,0.054251298515058166,0.038660567268327284,0.7103567148192634,0.9174950420009947,0.05442415966767305,True,True,,,,,,,
maskdrop,sentinel2,chip_mean,5,perdim_scm_demeaned,-,estimator,treatment_0006,5,4,196,0.017139400255498316,0.018718372262193975,0.719305156509002,1.0,0.026022852877963094,True,True,,,,,,,
maskdrop,sentinel2,chip_mean,5,perdim_scm_demeaned,-,estimator,treatment_0007,5,6,196,0.052447131837882945,0.04323992623425978,0.7485946564594536,1.0,0.057761467920125084,True,True,,,,,,,
maskdrop,sentinel2,chip_mean,5,perdim_scm_demeaned,-,estimator,treatment_0008,5,6,196,0.029922574657059327,0.02133104505386974,0.6947109789469024,0.9558577326890064,0.030704920031931864,True,False,,,,,,,
maskdrop,sentinel2,chip_mean,5,perdim_scm_demeaned,-,estimator,treatment_0009,5,6,196,0.0344217872669188,0.023065677182764328,0.6916387840247704,1.0,0.03334931139711542,True,False,,,,,,,
maskdrop,sentinel2,chip_mean,5,perdim_scm_demeaned,-,estimator,treatment_0010,5,6,196,0.035364031667251467,0.04575123599362166,0.6777671275991162,0.8313581130944803,0.06750288429550758,True,True,,,,,,,
maskdrop,sentinel2,chip_mean,5,perdim_scm_demeaned_std,-,estimator,treatment_0001,5,7,196,0.03778088968483178,0.03306028022370857,0.687982538427354,0.743548814581555,0.048053952501876614,True,True,35.0,,,,,,
maskdrop,sentinel2,chip_mean,5,perdim_scm_demeaned_std,-,estimator,treatment_0002,5,5,196,0.04102454892457591,0.051868488651969885,0.7245585132168734,1.0,0.07158633527289013,True,False,25.0,,,,,,
maskdrop,sentinel2,chip_mean,5,perdim_scm_demeaned_std,-,estimator,treatment_0003,5,5,196,0.022516482135287907,0.029044913568355642,0.7595137020561458,0.6319487624888781,0.03824146093707806,True,False,25.0,,,,,,
maskdrop,sentinel2,chip_mean,5,perdim_scm_demeaned_std,-,estimator,treatment_0004,5,5,196,0.0378299949926559,0.02034905404298313,0.6834836244625552,0.6498337358264978,0.02977255535417434,True,True,25.0,,,,,,
maskdrop,sentinel2,chip_mean,5,perdim_scm_demeaned_std,-,estimator,treatment_0005,5,6,196,0.054742399772069156,0.043230738647686666,0.7103567148192634,0.9999999999999984,0.06085778841224285,True,True,30.0,,,,,,
maskdrop,sentinel2,chip_mean,5,perdim_scm_demeaned_std,-,estimator,treatment_0006,5,4,196,0.018792135637930217,0.018942230163210477,0.719305156509002,1.0,0.026334066969772123,True,True,20.0,,,,,,
maskdrop,sentinel2,chip_mean,5,perdim_scm_demeaned_std,-,estimator,treatment_0007,5,6,196,0.05425195521179041,0.048472241404059584,0.7485946564594536,1.0,0.06475098504351268,True,True,30.0,,,,,,
maskdrop,sentinel2,chip_mean,5,perdim_scm_demeaned_std,-,estimator,treatment_0008,5,6,196,0.040410716578914874,0.02551246503420623,0.6947109789469024,0.9068810634670026,0.036723854678214575,True,False,30.0,,,,,,
maskdrop,sentinel2,chip_mean,5,perdim_scm_demeaned_std,-,estimator,treatment_0009,5,6,196,0.03709311775348624,0.020186767348246825,0.6916387840247704,0.9999999999999993,0.02918686432067386,True,False,30.0,,,,,,
maskdrop,sentinel2,chip_mean,5,perdim_scm_demeaned_std,-,estimator,treatment_0010,5,6,196,0.0436855144981427,0.03682587549569117,0.6777671275991162,0.8679129083502407,0.05433411270053929,True,True,30.0,,,,,,
maskdrop,sentinel2,chip_mean,5,scm_demeaned,-,estimator,treatment_0001,5,7,196,0.04588745296997144,0.034655205429645286,0.687982538427354,0.40800176705182006,0.05037221658105299,True,True,,,,,,,
maskdrop,sentinel2,chip_mean,5,scm_demeaned,-,estimator,treatment_0002,5,5,196,0.036588112598605296,0.05783460520782531,0.7245585132168734,0.8119675765464823,0.0798204757143118,True,False,,,,,,,
maskdrop,sentinel2,chip_mean,5,scm_demeaned,-,estimator,treatment_0003,5,5,196,0.02250319703673243,0.028284682732456375,0.7595137020561458,0.4500336679208861,0.037240516735754,True,False,,,,,,,
maskdrop,sentinel2,chip_mean,5,scm_demeaned,-,estimator,treatment_0004,5,5,196,0.03870174215385728,0.020783076476308476,0.6834836244625552,0.6597492900502471,0.03040757047054473,True,True,,,,,,,
maskdrop,sentinel2,chip_mean,5,scm_demeaned,-,estimator,treatment_0005,5,6,196,0.059512881107763864,0.04039094199617812,0.7103567148192634,0.5203291158319315,0.05686008332652253,True,True,,,,,,,
maskdrop,sentinel2,chip_mean,5,scm_demeaned,-,estimator,treatment_0006,5,4,196,0.020270280667111968,0.02337030387892783,0.719305156509002,1.0,0.03249011030638337,True,False,,,,,,,
maskdrop,sentinel2,chip_mean,5,scm_demeaned,-,estimator,treatment_0007,5,6,196,0.05303985079504776,0.049951915870541305,0.7485946564594536,0.9382769680168436,0.0667275880738896,True,True,,,,,,,
maskdrop,sentinel2,chip_mean,5,scm_demeaned,-,estimator,treatment_0008,5,6,196,0.03686983481995205,0.02148937761215386,0.6947109789469024,0.5722453310993626,0.03093283144125511,True,False,,,,,,,
maskdrop,sentinel2,chip_mean,5,scm_demeaned,-,estimator,treatment_0009,5,6,196,0.03879803352421107,0.0182991756823895,0.6916387840247704,0.9110798571238716,0.026457706110555725,True,True,,,,,,,
maskdrop,sentinel2,chip_mean,5,scm_demeaned,-,estimator,treatment_0010,5,6,196,0.04096361968720878,0.04050226568877863,0.6777671275991162,0.5955379294065964,0.059758380186202824,True,True,,,,,,,
maskdrop,sentinel2,chip_mean,5,scm_demeaned_std,-,estimator,treatment_0001,5,7,196,0.04657366905496532,0.0311338083960821,0.687982538427354,0.5835978341694924,0.04525377703226345,True,True,35.0,,,,,,
maskdrop,sentinel2,chip_mean,5,scm_demeaned_std,-,estimator,treatment_0002,5,5,196,0.04134715339454513,0.055727444162151314,0.7245585132168734,0.6852732006624671,0.07691227574531456,True,False,25.0,,,,,,
maskdrop,sentinel2,chip_mean,5,scm_demeaned_std,-,estimator,treatment_0003,5,5,196,0.02536548692929524,0.034345253235588555,0.7595137020561458,0.6250293119615821,0.04522005744282101,True,False,25.0,,,,,,
maskdrop,sentinel2,chip_mean,5,scm_demeaned_std,-,estimator,treatment_0004,5,5,196,0.039172904701877405,0.02073319283613347,0.6834836244625552,0.6148299697045493,0.030334586073567798,True,True,25.0,,,,,,
maskdrop,sentinel2,chip_mean,5,scm_demeaned_std,-,estimator,treatment_0005,5,6,196,0.059548742087582665,0.040352299883006607,0.7103567148192634,0.5563179462574422,0.05680568514548845,True,True,30.0,,,,,,
maskdrop,sentinel2,chip_mean,5,scm_demeaned_std,-,estimator,treatment_0006,5,4,196,0.02168220612645857,0.0198105763814841,0.719305156509002,0.8598603177177472,0.027541268406347335,True,True,20.0,,,,,,
maskdrop,sentinel2,chip_mean,5,scm_demeaned_std,-,estimator,treatment_0007,5,6,196,0.053648208562951216,0.04969748421904,0.7485946564594536,0.7332026075064988,0.0663877090094241,True,True,30.0,,,,,,
maskdrop,sentinel2,chip_mean,5,scm_demeaned_std,-,estimator,treatment_0008,5,6,196,0.04326116624196016,0.027233213398573597,0.6947109789469024,0.4328501396629408,0.03920078165434473,True,False,30.0,,,,,,
maskdrop,sentinel2,chip_mean,5,scm_demeaned_std,-,estimator,treatment_0009,5,6,196,0.04421204060981089,0.01850236379742974,0.6916387840247704,0.3432968170856154,0.026751483902856286,True,True,30.0,,,,,,
maskdrop,sentinel2,chip_mean,5,scm_demeaned_std,-,estimator,treatment_0010,5,6,196,0.04512683146824485,0.03216088871438936,0.6777671275991162,0.5123265624366622,0.04745123716506327,True,True,30.0,,,,,,
maskdrop,sentinel2,gram,15,equal_weight,-,reference,treatment_0001,5,7,196,0.07327915057748266,0.08896012557121766,0.5005195338767848,,0.177735571841073,False,False,,,,,,,
maskdrop,sentinel2,gram,15,equal_weight,-,reference,treatment_0002,5,5,196,0.06636909310646412,0.06505417510895488,0.5507634302328971,,0.11811636637066829,True,False,,,,,,,
maskdrop,sentinel2,gram,15,equal_weight,-,reference,treatment_0003,5,5,196,0.0391838317435225,0.013483572654769507,0.5901829526190498,,0.02284642854378218,True,False,,,,,,,
maskdrop,sentinel2,gram,15,equal_weight,-,reference,treatment_0004,5,5,196,0.10518132842681749,0.07548043092829651,0.4932214113458525,,0.15303559251885107,False,False,,,,,,,
maskdrop,sentinel2,gram,15,equal_weight,-,reference,treatment_0005,5,6,196,0.0994266917766719,0.08724104914319085,0.5340028392685056,,0.16337188255908242,True,False,,,,,,,
maskdrop,sentinel2,gram,15,equal_weight,-,reference,treatment_0006,5,4,196,0.04569161651415081,0.028474616758617077,0.5392184060938452,,0.052807204718566994,True,False,,,,,,,
maskdrop,sentinel2,gram,15,equal_weight,-,reference,treatment_0007,5,6,196,0.07624820541307452,0.07108270481886812,0.5778875402781375,,0.12300439075854792,True,False,,,,,,,
maskdrop,sentinel2,gram,15,equal_weight,-,reference,treatment_0008,5,6,196,0.049741129291628765,0.01809423922931729,0.5087898265580324,,0.03556328818861213,True,False,,,,,,,
maskdrop,sentinel2,gram,15,equal_weight,-,reference,treatment_0009,5,6,196,0.053033508050513836,0.020535269881320862,0.5069751238897915,,0.04050547830387218,True,False,,,,,,,
maskdrop,sentinel2,gram,15,equal_weight,-,reference,treatment_0010,5,6,196,0.07514353064299305,0.05883238719716045,0.4878112127412054,,0.12060482756547936,True,False,,,,,,,
maskdrop,sentinel2,gram,15,own_history_mean,-,reference,treatment_0001,5,7,196,0.04815300587404353,0.06954448647444908,0.5005195338767848,,0.13894460009540638,False,True,,,,,,,
maskdrop,sentinel2,gram,15,own_history_mean,-,reference,treatment_0002,5,5,196,0.061843117577414966,0.1356213472930522,0.5507634302328971,,0.24624246972189684,False,False,,,,,,,
maskdrop,sentinel2,gram,15,own_history_mean,-,reference,treatment_0003,5,5,196,0.057573636969815,0.10747314448543288,0.5901829526190498,,0.18210140433318214,False,False,,,,,,,
maskdrop,sentinel2,gram,15,own_history_mean,-,reference,treatment_0004,5,5,196,0.07550289126897884,0.06364309189504035,0.4932214113458525,,0.12903554150534044,False,True,,,,,,,
maskdrop,sentinel2,gram,15,own_history_mean,-,reference,treatment_0005,5,6,196,0.07199270198445201,0.11389794161161704,0.5340028392685056,,0.2132908914260421,False,False,,,,,,,
maskdrop,sentinel2,gram,15,own_history_mean,-,reference,treatment_0006,5,4,196,0.06064627675531096,0.09407383806934223,0.5392184060938452,,0.17446332878512624,False,False,,,,,,,
maskdrop,sentinel2,gram,15,own_history_mean,-,reference,treatment_0007,5,6,196,0.08507966266803528,0.1292625348448169,0.5778875402781375,,0.22368112450149522,False,False,,,,,,,
maskdrop,sentinel2,gram,15,own_history_mean,-,reference,treatment_0008,5,6,196,0.055179109157284224,0.07077552930016516,0.5087898265580324,,0.13910562988053876,False,False,,,,,,,
maskdrop,sentinel2,gram,15,own_history_mean,-,reference,treatment_0009,5,6,196,0.059355605889396694,0.08743066775332287,0.5069751238897915,,0.17245553802030122,False,False,,,,,,,
maskdrop,sentinel2,gram,15,own_history_mean,-,reference,treatment_0010,5,6,196,0.07038795661624106,0.07384344075580403,0.4878112127412054,,0.15137708774845157,False,False,,,,,,,
maskdrop,sentinel2,gram,15,scm,-,estimator,treatment_0001,5,7,196,0.05411194658499172,0.04142074770175633,0.5005195338767848,0.689547244940063,0.08275550682494054,True,True,,,,,,,
maskdrop,sentinel2,gram,15,scm,-,estimator,treatment_0002,5,5,196,0.05151297109819058,0.05210459507048287,0.5507634302328971,0.7613457300634889,0.09460431141633678,True,True,,,,,,,
maskdrop,sentinel2,gram,15,scm,-,estimator,treatment_0003,5,5,196,0.027754657875076198,0.034991768408838074,0.5901829526190498,0.5072727111202768,0.059289696955080455,True,False,,,,,,,
maskdrop,sentinel2,gram,15,scm,-,estimator,treatment_0004,5,5,196,0.06412459689085417,0.05354173430938107,0.4932214113458525,0.5108056107203066,0.10855517031039229,True,True,,,,,,,
maskdrop,sentinel2,gram,15,scm,-,estimator,treatment_0005,5,6,196,0.08836056812135394,0.08373289568361023,0.5340028392685056,0.720503897643382,0.15680234172220933,True,True,,,,,,,
maskdrop,sentinel2,gram,15,scm,-,estimator,treatment_0006,5,4,196,0.033434778573477146,0.027963016872959278,0.5392184060938452,0.5273126463645144,0.051858424261750094,True,True,,,,,,,
maskdrop,sentinel2,gram,15,scm,-,estimator,treatment_0007,5,6,196,0.06496033912186844,0.04980100096218314,0.5778875402781375,0.5712457479273251,0.08617766864849499,True,True,,,,,,,
maskdrop,sentinel2,gram,15,scm,-,estimator,treatment_0008,5,6,196,0.04451317648051025,0.023029549972670642,0.5087898265580324,0.5095054261617913,0.04526338533233997,True,False,,,,,,,
maskdrop,sentinel2,gram,15,scm,-,estimator,treatment_0009,5,6,196,0.04842968750217922,0.015909046463886575,0.5069751238897915,0.7314509951040788,0.03138032955507488,True,True,,,,,,,
maskdrop,sentinel2,gram,15,scm,-,estimator,treatment_0010,5,6,196,0.055254396888964157,0.028329664150295676,0.4878112127412054,0.39502052630980855,0.05807505733847325,True,True,,,,,,,
maskdrop,sentinel2,gram,15,afsc,-,estimator,treatment_0001,5,7,196,0.05411194668102447,0.0414189889367762,0.5005195338767848,0.689600000254893,0.08275199294613844,True,True,,0.041418988936776,1.0000000000000002,1.0,100000000.0,ceiling,0.0414189889312745
maskdrop,sentinel2,gram,15,afsc,-,estimator,treatment_0002,5,5,196,0.05151297126263697,0.0521062003414417,0.5507634302328971,0.761300000283945,0.09460722604514238,True,True,,0.0521062003414413,1.0,2.0,100000000.0,ceiling,0.052106200342963
maskdrop,sentinel2,gram,15,afsc,-,estimator,treatment_0003,5,5,196,0.027754657988275956,0.0349913345993037,0.5901829526190498,0.507300000078394,0.05928896191261194,True,False,,0.0349913345993047,1.0000000000000002,2.0,100000000.0,ceiling,0.0349913345939581
maskdrop,sentinel2,gram,15,afsc,-,estimator,treatment_0004,5,5,196,0.06412459689614573,0.0535418899411037,0.4932214113458525,0.510800000152447,0.10855548585168683,True,True,,0.0535418899411039,1.0000000000000007,1.0,100000000.0,ceiling,0.0535418899656
maskdrop,sentinel2,gram,15,afsc,-,estimator,treatment_0005,5,6,196,0.08836056808713322,0.0837325525065589,0.5340028392685056,0.720500000723193,0.1568016990719721,True,True,,0.0837325525065585,1.0,2.0,100000000.0,ceiling,0.0837325525886855
maskdrop,sentinel2,gram,15,afsc,-,estimator,treatment_0006,5,4,196,0.033434778634240755,0.0279625494310458,0.5392184060938452,0.527300000125084,0.0518575573738468,True,True,,0.0279625494310467,1.0000000000000004,1.0,100000000.0,ceiling,0.0279625494417711
maskdrop,sentinel2,gram,15,afsc,-,estimator,treatment_0007,5,6,196,0.06496033915647773,0.049801976658361,0.5778875402781375,0.571200000441622,0.08617935703266988,True,True,,0.0498019766583598,0.9999999999999998,2.0,100000000.0,ceiling,0.0498019767334756
maskdrop,sentinel2,gram,15,afsc,-,estimator,treatment_0008,5,6,196,0.0445131764817546,0.0230292965571781,0.5087898265580324,0.509500000061378,0.0452628872573406,True,False,,0.0230292965571786,1.0000000000000002,1.0,100000000.0,ceiling,0.0230292965576742
maskdrop,sentinel2,gram,15,afsc,-,estimator,treatment_0009,5,6,196,0.04842968760530006,0.0159103574227832,0.5069751238897915,0.731400000048394,0.03138291539969497,True,True,,0.0159103574227834,1.0000000000000009,2.0,100000000.0,ceiling,0.0159103574192123
maskdrop,sentinel2,gram,15,afsc,-,estimator,treatment_0010,5,6,196,0.05525439687801203,0.0283289204927756,0.4878112127412054,0.395000000488167,0.05807353286035414,True,True,,0.028328920492776,0.9999999999999998,2.0,100000000.0,ceiling,0.0283289205949891
maskdrop,sentinel2,quantile,100,equal_weight,-,reference,treatment_0001,5,7,196,0.10903687516667902,0.12298708180561391,0.7420022503469963,,0.1657502814150485,False,False,,,,,,,
maskdrop,sentinel2,quantile,100,equal_weight,-,reference,treatment_0002,5,5,196,0.10585482366949792,0.08448789067550383,0.7672599066388186,,0.11011638943265652,True,False,,,,,,,
maskdrop,sentinel2,quantile,100,equal_weight,-,reference,treatment_0003,5,5,196,0.07549366770116656,0.047001269511261254,0.782243996566198,,0.060085177665257714,True,False,,,,,,,
maskdrop,sentinel2,quantile,100,equal_weight,-,reference,treatment_0004,5,5,196,0.14651327479031317,0.10520727980951096,0.7378706325253204,,0.14258228363072945,False,False,,,,,,,
maskdrop,sentinel2,quantile,100,equal_weight,-,reference,treatment_0005,5,6,196,0.13234076883107818,0.11083858374556728,0.7583668874690279,,0.14615430285396525,True,False,,,,,,,
maskdrop,sentinel2,quantile,100,equal_weight,-,reference,treatment_0006,5,4,196,0.08557045898890447,0.06805316512319791,0.7621438050931478,,0.08929176445235368,True,False,,,,,,,
maskdrop,sentinel2,quantile,100,equal_weight,-,reference,treatment_0007,5,6,196,0.10527067287492893,0.08941007105354228,0.7765049516322149,,0.1151442381218589,True,False,,,,,,,
maskdrop,sentinel2,quantile,100,equal_weight,-,reference,treatment_0008,5,6,196,0.08730445886549094,0.06170556794766508,0.7427158396943287,,0.08308099093868868,True,False,,,,,,,
maskdrop,sentinel2,quantile,100,equal_weight,-,reference,treatment_0009,5,6,196,0.08665294810962242,0.05974565372425844,0.7440596012044365,,0.0802968655031747,True,False,,,,,,,
maskdrop,sentinel2,quantile,100,equal_weight,-,reference,treatment_0010,5,6,196,0.11403994061271136,0.09580663499271964,0.7354554072421527,,0.13026844870442944,True,False,,,,,,,
maskdrop,sentinel2,quantile,100,own_history_mean,-,reference,treatment_0001,5,7,196,0.08972707432201497,0.10292280806885483,0.7420022503469963,,0.1387095632401696,False,True,,,,,,,
maskdrop,sentinel2,quantile,100,own_history_mean,-,reference,treatment_0002,5,5,196,0.09354051906187914,0.136280396829213,0.7672599066388186,,0.17761959884783332,False,False,,,,,,,
maskdrop,sentinel2,quantile,100,own_history_mean,-,reference,treatment_0003,5,5,196,0.0780892319493372,0.11830363632897896,0.782243996566198,,0.1512362342802172,False,False,,,,,,,
maskdrop,sentinel2,quantile,100,own_history_mean,-,reference,treatment_0004,5,5,196,0.10389430142455021,0.10364802988833162,0.7378706325253204,,0.1404691084311109,False,True,,,,,,,
maskdrop,sentinel2,quantile,100,own_history_mean,-,reference,treatment_0005,5,6,196,0.10235126261209039,0.12461044374256221,0.7583668874690279,,0.16431419383095278,False,False,,,,,,,
maskdrop,sentinel2,quantile,100,own_history_mean,-,reference,treatment_0006,5,4,196,0.08261235345946165,0.10994787024387544,0.7621438050931478,,0.1442613185453076,False,False,,,,,,,
maskdrop,sentinel2,quantile,100,own_history_mean,-,reference,treatment_0007,5,6,196,0.1002075550173449,0.1449438084001656,0.7765049516322149,,0.18666179538906152,False,False,,,,,,,
maskdrop,sentinel2,quantile,100,own_history_mean,-,reference,treatment_0008,5,6,196,0.07282138292151452,0.11527428887807965,0.7427158396943287,,0.15520645005433276,False,False,,,,,,,
maskdrop,sentinel2,quantile,100,own_history_mean,-,reference,treatment_0009,5,6,196,0.08130719197901218,0.13340966775831375,0.7440596012044365,,0.1792997060213438,False,False,,,,,,,
maskdrop,sentinel2,quantile,100,own_history_mean,-,reference,treatment_0010,5,6,196,0.10584303082411427,0.09770902299777492,0.7354554072421527,,0.13285512899302634,False,False,,,,,,,
maskdrop,sentinel2,quantile,100,scm,-,estimator,treatment_0001,5,7,196,0.09781665244056552,0.08451707027587974,0.7420022503469963,0.5033528124562221,0.11390406193021038,True,True,,,,,,,
maskdrop,sentinel2,quantile,100,scm,-,estimator,treatment_0002,5,5,196,0.09807477211783316,0.07930480049805866,0.7672599066388186,0.41798036893982454,0.10336106423894081,True,True,,,,,,,
maskdrop,sentinel2,quantile,100,scm,-,estimator,treatment_0003,5,5,196,0.06659660082796184,0.05574936583982881,0.782243996566198,0.48389540755781507,0.07126851223473848,True,False,,,,,,,
maskdrop,sentinel2,quantile,100,scm,-,estimator,treatment_0004,5,5,196,0.10818182951528857,0.09374356279414711,0.7378706325253204,0.4039446333043474,0.12704606832408424,True,True,,,,,,,
maskdrop,sentinel2,quantile,100,scm,-,estimator,treatment_0005,5,6,196,0.12674711690924148,0.10187139785744515,0.7583668874690279,0.4073885652381648,0.13432996553611476,True,True,,,,,,,
maskdrop,sentinel2,quantile,100,scm,-,estimator,treatment_0006,5,4,196,0.07279894754757124,0.05785422375657666,0.7621438050931478,0.5896433248467512,0.07590985240574884,True,True,,,,,,,
maskdrop,sentinel2,quantile,100,scm,-,estimator,treatment_0007,5,6,196,0.09448395202771945,0.07618380766327706,0.7765049516322149,0.43518414727171245,0.09811116787232142,True,True,,,,,,,
maskdrop,sentinel2,quantile,100,scm,-,estimator,treatment_0008,5,6,196,0.08403610036378634,0.06380071973034544,0.7427158396943287,0.29614947968645877,0.08590192415527746,True,False,,,,,,,
maskdrop,sentinel2,quantile,100,scm,-,estimator,treatment_0009,5,6,196,0.0844908021132704,0.05726595836291621,0.7440596012044365,0.4182157137095105,0.07696420860669993,True,True,,,,,,,
maskdrop,sentinel2,quantile,100,scm,-,estimator,treatment_0010,5,6,196,0.09156717016721731,0.07492876302350036,0.7354554072421527,0.39685444609904275,0.10188076977293833,True,True,,,,,,,
maskdrop,sentinel2,quantile,100,afsc,-,estimator,treatment_0001,5,7,196,0.09774315129503852,0.0844008529122122,0.7420022503469963,0.503399999994257,0.11374743523047572,True,True,,0.0845131601530137,0.9999000000000001,0.0,100000000.0,ceiling,0.0845131601523382
maskdrop,sentinel2,quantile,100,afsc,-,estimator,treatment_0002,5,5,196,0.09800892042791667,0.0792606098880825,0.7672599066388186,0.417999999999691,0.10330346887967104,True,True,,0.079305354422909,1.0000000000000002,0.0,100000000.0,ceiling,0.0793053544229138
maskdrop,sentinel2,quantile,100,afsc,-,estimator,treatment_0003,5,5,196,0.06655322766585538,0.0556683487710087,0.782243996566198,0.483899999999504,0.07116494216047041,True,False,,0.0557493154739792,1.0000000000000004,0.0,100000000.0,ceiling,0.0557493154739672
maskdrop,sentinel2,quantile,100,afsc,-,estimator,treatment_0004,5,5,196,0.10811031994548792,0.0936782768081526,0.7378706325253204,0.403900000003115,0.1269575894185462,True,True,,0.093733649297771,0.9999,0.0,100000000.0,ceiling,0.0937336492978014
maskdrop,sentinel2,quantile,100,afsc,-,estimator,treatment_0005,5,6,196,0.1266871261961165,0.101841664027458,0.7583668874690279,0.407400001633797,0.1342907578248098,True,True,,0.101872162758248,1.0000000000000002,1.0,100000000.0,ceiling,0.101872163058888
maskdrop,sentinel2,quantile,100,afsc,-,estimator,treatment_0006,5,4,196,0.07270710473985253,0.057765246720914,0.7621438050931478,0.589600000646716,0.0757931066747358,True,True,,0.0578532417840124,0.9999999999999999,2.0,100000000.0,ceiling,0.0578532417726617
maskdrop,sentinel2,quantile,100,afsc,-,estimator,treatment_0007,5,6,196,0.094425137473639,0.0761993631322636,0.7765049516322149,0.435100001281452,0.09813120054430095,True,True,,0.0762036455613556,0.9999000000000002,1.0,100000000.0,ceiling,0.0762036458243385
maskdrop,sentinel2,quantile,100,afsc,-,estimator,treatment_0008,5,6,196,0.08400228745721514,0.0637347939732938,0.7427158396943287,0.296100000001444,0.08581316105971891,True,False,,0.0637850172835718,0.9999000000000001,0.0,100000000.0,ceiling,0.0637850172834878
maskdrop,sentinel2,quantile,100,afsc,-,estimator,treatment_0009,5,6,196,0.08443555975695988,0.0572221620488256,0.7440596012044365,0.418199999999899,0.07690534730846561,True,True,,0.0572568836643094,0.9999,0.0,100000000.0,ceiling,0.0572568836642654
maskdrop,sentinel2,quantile,100,afsc,-,estimator,treatment_0010,5,6,196,0.0915266858870176,0.0747881700730642,0.7354554072421527,0.396900001592661,0.10168960529300966,True,True,,0.0749351284470795,1.0001000000000004,2.0,100000000.0,ceiling,0.0749351285730918
maskdrop,sentinel2,combined,115,equal_weight,-,reference,treatment_0001,5,7,196,0.15490437998767315,0.17656371456502534,1.0546572820427944,,0.16741335557180648,False,False,,,,,,,
maskdrop,sentinel2,combined,115,equal_weight,-,reference,treatment_0002,5,5,196,0.14907443990491293,0.12251209858716317,1.1002340587159285,,0.11135094175338085,True,False,,,,,,,
maskdrop,sentinel2,combined,115,equal_weight,-,reference,treatment_0003,5,5,196,0.1043168125940057,0.06301594957141789,1.1304799151249145,,0.05574265294616475,True,False,,,,,,,
maskdrop,sentinel2,combined,115,equal_weight,-,reference,treatment_0004,5,5,196,0.21009968869734247,0.15085278967168544,1.04751041740361,,0.1440107775210423,False,False,,,,,,,
maskdrop,sentinel2,combined,115,equal_weight,-,reference,treatment_0005,5,6,196,0.19112453456264558,0.16132964139108105,1.084402757478412,,0.148772806301438,True,False,,,,,,,
maskdrop,sentinel2,combined,115,equal_weight,-,reference,treatment_0006,5,4,196,0.11853141506466883,0.09263716216167742,1.090557141708183,,0.08494480354929054,True,False,,,,,,,
maskdrop,sentinel2,combined,115,equal_weight,-,reference,treatment_0007,5,6,196,0.1511605304390257,0.1303693998619833,1.1197151596797763,,0.11643086077290157,True,False,,,,,,,
maskdrop,sentinel2,combined,115,equal_weight,-,reference,treatment_0008,5,6,196,0.12167470714658432,0.08278113109355059,1.0578953050522566,,0.07825077840709528,True,False,,,,,,,
maskdrop,sentinel2,combined,115,equal_weight,-,reference,treatment_0009,5,6,196,0.12169135325665635,0.08057848398587934,1.0590250168560007,,0.07608742258525501,True,False,,,,,,,
maskdrop,sentinel2,combined,115,equal_weight,-,reference,treatment_0010,5,6,196,0.16159217110004387,0.13459764492233853,1.0430172374290734,,0.12904642425096197,True,False,,,,,,,
maskdrop,sentinel2,combined,115,own_history_mean,-,reference,treatment_0001,5,7,196,0.12434497190038934,0.14632443795661787,1.0546572820427944,,0.13874121996597613,False,True,,,,,,,
maskdrop,sentinel2,combined,115,own_history_mean,-,reference,treatment_0002,5,5,196,0.1326025677266425,0.2084770833287842,1.1002340587159285,,0.18948430261475052,False,False,,,,,,,
maskdrop,sentinel2,combined,115,own_history_mean,-,reference,treatment_0003,5,5,196,0.11243778243759814,0.1771216590071603,1.1304799151249145,,0.15667828913845752,False,False,,,,,,,
maskdrop,sentinel2,combined,115,own_history_mean,-,reference,treatment_0004,5,5,196,0.14926011450539614,0.1456127570783623,1.04751041740361,,0.13900840951947985,False,True,,,,,,,
maskdrop,sentinel2,combined,115,own_history_mean,-,reference,treatment_0005,5,6,196,0.1463310756268287,0.1868168145244753,1.084402757478412,,0.17227622600193765,False,False,,,,,,,
maskdrop,sentinel2,combined,115,own_history_mean,-,reference,treatment_0006,5,4,196,0.11887038259614248,0.16255383701395093,1.090557141708183,,0.1490557723177498,False,False,,,,,,,
maskdrop,sentinel2,combined,115,own_history_mean,-,reference,treatment_0007,5,6,196,0.14792554841156108,0.21613847602382294,1.1197151596797763,,0.19302987385259274,False,False,,,,,,,
maskdrop,sentinel2,combined,115,own_history_mean,-,reference,treatment_0008,5,6,196,0.10531383314219649,0.16194454041341025,1.0578953050522566,,0.1530818216509721,False,False,,,,,,,
maskdrop,sentinel2,combined,115,own_history_mean,-,reference,treatment_0009,5,6,196,0.11689124850387794,0.18890669629450763,1.0590250168560007,,0.1783779356368065,False,False,,,,,,,
maskdrop,sentinel2,combined,115,own_history_mean,-,reference,treatment_0010,5,6,196,0.15015743654099034,0.14124556087271667,1.0430172374290734,,0.1354201597097973,False,False,,,,,,,
maskdrop,sentinel2,combined,115,scm,-,estimator,treatment_0001,5,7,196,0.136252301272557,0.11601798681167029,1.0546572820427944,0.5280867246956986,0.11000539112284125,True,True,,,,,,,
maskdrop,sentinel2,combined,115,scm,-,estimator,treatment_0002,5,5,196,0.13625413264683056,0.11375803533683669,1.1002340587159285,0.46211527233119304,0.10339439543400655,True,True,,,,,,,
maskdrop,sentinel2,combined,115,scm,-,estimator,treatment_0003,5,5,196,0.09107609066445882,0.0793640784999359,1.1304799151249145,0.4922779375494429,0.07020388194262295,True,False,,,,,,,
maskdrop,sentinel2,combined,115,scm,-,estimator,treatment_0004,5,5,196,0.15201209992700895,0.13042920881312312,1.04751041740361,0.42385843883418683,0.1245135195279573,True,True,,,,,,,
maskdrop,sentinel2,combined,115,scm,-,estimator,treatment_0005,5,6,196,0.1824206820262707,0.14934039198253762,1.084402757478412,0.47072095208673437,0.13771672098086735,True,True,,,,,,,
maskdrop,sentinel2,combined,115,scm,-,estimator,treatment_0006,5,4,196,0.10068656064257174,0.07697598395476246,1.090557141708183,0.5715274005573006,0.07058409047158402,True,True,,,,,,,
maskdrop,sentinel2,combined,115,scm,-,estimator,treatment_0007,5,6,196,0.13524010354986654,0.10982335548494376,1.1197151596797763,0.46136450924952643,0.09808151165547477,True,True,,,,,,,
maskdrop,sentinel2,combined,115,scm,-,estimator,treatment_0008,5,6,196,0.11706836164877543,0.0872361775444308,1.0578953050522566,0.3247329992531691,0.08246201408382431,True,False,,,,,,,
maskdrop,sentinel2,combined,115,scm,-,estimator,treatment_0009,5,6,196,0.1184099689468332,0.07671759587942639,1.0590250168560007,0.44503617584878485,0.07244172201633453,True,True,,,,,,,
maskdrop,sentinel2,combined,115,scm,-,estimator,treatment_0010,5,6,196,0.1285609709680958,0.10131009181743414,1.0430172374290734,0.38639004039035385,0.0971317521723349,True,True,,,,,,,
maskdrop,sentinel2,combined,115,afsc,-,estimator,treatment_0001,5,7,196,0.13616917958012958,0.115872712208905,1.0546572820427944,0.528100000866775,0.10986764533068788,True,True,,0.116018969848093,1.0,1.0,100000000.0,ceiling,0.116018969737939
maskdrop,sentinel2,combined,115,afsc,-,estimator,treatment_0002,5,5,196,0.13616225323286604,0.11369322709031,1.1002340587159285,0.462100000047983,0.10333549137989799,True,True,,0.113757665291104,0.9999999999999996,1.0,100000000.0,ceiling,0.113757665287844
maskdrop,sentinel2,combined,115,afsc,-,estimator,treatment_0003,5,5,196,0.09102600702808913,0.0792750478581793,1.1304799151249145,0.492299999999033,0.07012512721149908,True,False,,0.0793836277446726,1.0001000000000007,0.0,100000000.0,ceiling,0.0793836277444962
maskdrop,sentinel2,combined,115,afsc,-,estimator,treatment_0004,5,5,196,0.1519308700338357,0.130354735611433,1.04751041740361,0.42389999999314,0.1244424240997374,True,True,,0.130427615410805,0.9999999999999987,0.0,100000000.0,ceiling,0.130427615410459
maskdrop,sentinel2,combined,115,afsc,-,estimator,treatment_0005,5,6,196,0.18234156087078252,0.149296208005014,1.084402757478412,0.47070000467526,0.13767597599269857,True,True,,0.149337497217567,1.0000000000000004,1.0,100000000.0,ceiling,0.149337498566583
maskdrop,sentinel2,combined,115,afsc,-,estimator,treatment_0006,5,4,196,0.10058284594544709,0.0768706191336701,1.090557141708183,0.571500001971279,0.07048747488211815,True,True,,0.076982600471051,0.9998999999999996,2.0,100000000.0,ceiling,0.0769826004366132
maskdrop,sentinel2,combined,115,afsc,-,estimator,treatment_0007,5,6,196,0.13517923805509888,0.109807772811558,1.1197151596797763,0.461400003757862,0.09806759501493359,True,True,,0.109820205871706,0.9999999999999992,1.0,100000000.0,ceiling,0.109820207289907
maskdrop,sentinel2,combined,115,afsc,-,estimator,treatment_0008,5,6,196,0.11702519979134188,0.0871636364069708,1.0578953050522566,0.32470000000295,0.08239344289619017,True,False,,0.0872345558837556,1.0000000000000002,0.0,100000000.0,ceiling,0.0872345558835171
maskdrop,sentinel2,combined,115,afsc,-,estimator,treatment_0009,5,6,196,0.11834854559546511,0.0766701146896194,1.0590250168560007,0.445000000001457,0.07239688720218826,True,True,,0.0767178004871228,0.999999999999999,0.0,100000000.0,ceiling,0.0767178004871899
maskdrop,sentinel2,combined,115,afsc,-,estimator,treatment_0010,5,6,196,0.128502013990953,0.10112030329264,1.0430172374290734,0.386400005331254,0.09694979110977188,True,True,,0.101310794728464,1.0,2.0,100000000.0,ceiling,0.101310795448835
