variant,sensor,treatment_site_id,fit_window,lambda,cv_sse,chosen
cv,sentinel1,treatment_0001,P01-08,0.0001,8128.399549634407,False
cv,sentinel1,treatment_0001,P01-08,0.00012589254117941674,8128.399549608115,False
cv,sentinel1,treatment_0001,P01-08,0.00015848931924611142,8128.399549575018,False
cv,sentinel1,treatment_0001,P01-08,0.00019952623149688788,8128.399549533349,False
cv,sentinel1,treatment_0001,P01-08,0.00025118864315095795,8128.399549480891,False
cv,sentinel1,treatment_0001,P01-08,0.00031622776601683794,8128.399549414853,False
cv,sentinel1,treatment_0001,P01-08,0.00039810717055349735,8128.3995493317125,False
cv,sentinel1,treatment_0001,P01-08,0.0005011872336272725,8128.399549227046,False
cv,sentinel1,treatment_0001,P01-08,0.000630957344480193,8128.39954909528,False
cv,sentinel1,treatment_0001,P01-08,0.0007943282347242813,8128.399548929396,False
cv,sentinel1,treatment_0001,P01-08,0.001,8128.39954872056,False
cv,sentinel1,treatment_0001,P01-08,0.0012589254117941675,8128.399548457651,False
cv,sentinel1,treatment_0001,P01-08,0.001584893192461114,8128.399548126668,False
cv,sentinel1,treatment_0001,P01-08,0.001995262314968879,8128.399547709986,False
cv,sentinel1,treatment_0001,P01-08,0.002511886431509582,8128.399547185416,False
cv,sentinel1,treatment_0001,P01-08,0.0031622776601683794,8128.399546525023,False
cv,sentinel1,treatment_0001,P01-08,0.003981071705534973,8128.399545693636,False
cv,sentinel1,treatment_0001,P01-08,0.005011872336272725,8128.399544646987,False
cv,sentinel1,treatment_0001,P01-08,0.00630957344480193,8128.399543329338,False
cv,sentinel1,treatment_0001,P01-08,0.00794328234724282,8128.399541670519,False
cv,sentinel1,treatment_0001,P01-08,0.01,8128.3995395822,False
cv,sentinel1,treatment_0001,P01-08,0.012589254117941675,8128.399536953178,False
cv,sentinel1,treatment_0001,P01-08,0.01584893192461114,8128.399533643459,False
cv,sentinel1,treatment_0001,P01-08,0.01995262314968881,8128.399529476807,False
cv,sentinel1,treatment_0001,P01-08,0.025118864315095822,8128.399524231362,False
cv,sentinel1,treatment_0001,P01-08,0.03162277660168379,8128.399517627831,False
cv,sentinel1,treatment_0001,P01-08,0.039810717055349734,8128.39950931463,False
cv,sentinel1,treatment_0001,P01-08,0.05011872336272725,8128.399498849164,False
cv,sentinel1,treatment_0001,P01-08,0.06309573444801936,8128.399485674298,False
cv,sentinel1,treatment_0001,P01-08,0.07943282347242822,8128.399469088718,False
cv,sentinel1,treatment_0001,P01-08,0.1,8128.39944820965,False
cv,sentinel1,treatment_0001,P01-08,0.12589254117941676,8128.399421925952,False
cv,sentinel1,treatment_0001,P01-08,0.15848931924611143,8128.3993888391,False
cv,sentinel1,treatment_0001,P01-08,0.19952623149688808,8128.3993471889635,False
cv,sentinel1,treatment_0001,P01-08,0.25118864315095824,8128.399294760484,False
cv,sentinel1,treatment_0001,P01-08,0.31622776601683794,8128.399228766342,False
cv,sentinel1,treatment_0001,P01-08,0.3981071705534973,8128.399145699546,False
cv,sentinel1,treatment_0001,P01-08,0.5011872336272725,8128.399041148265,False
cv,sentinel1,treatment_0001,P01-08,0.6309573444801936,8128.398909563434,False
cv,sentinel1,treatment_0001,P01-08,0.7943282347242822,8128.3987439672665,False
cv,sentinel1,treatment_0001,P01-08,1.0,8128.398535588043,False
cv,sentinel1,treatment_0001,P01-08,1.2589254117941688,8128.398273403099,False
cv,sentinel1,treatment_0001,P01-08,1.584893192461114,8128.397943567836,False
cv,sentinel1,treatment_0001,P01-08,1.9952623149688788,8128.397528703804,False
cv,sentinel1,treatment_0001,P01-08,2.5118864315095824,8128.397007013413,False
cv,sentinel1,treatment_0001,P01-08,3.1622776601683795,8128.396351182704,False
cv,sentinel1,treatment_0001,P01-08,3.9810717055349776,8128.395527027457,False
cv,sentinel1,treatment_0001,P01-08,5.011872336272725,8128.3944918320185,False
cv,sentinel1,treatment_0001,P01-08,6.309573444801943,8128.393192326463,False
cv,sentinel1,treatment_0001,P01-08,7.943282347242821,8128.391562248033,False
cv,sentinel1,treatment_0001,P01-08,10.0,8128.389519441582,False
cv,sentinel1,treatment_0001,P01-08,12.589254117941687,8128.386962477653,False
cv,sentinel1,treatment_0001,P01-08,15.848931924611142,8128.383766817047,False
cv,sentinel1,treatment_0001,P01-08,19.95262314968883,8128.379780644792,False
cv,sentinel1,treatment_0001,P01-08,25.11886431509582,8128.3748206625105,False
cv,sentinel1,treatment_0001,P01-08,31.622776601683793,8128.3686684094655,False
cv,sentinel1,treatment_0001,P01-08,39.81071705534978,8128.361068145236,False
cv,sentinel1,treatment_0001,P01-08,50.11872336272725,8128.3517280699125,False
cv,sentinel1,treatment_0001,P01-08,63.09573444801943,8128.340327824758,False
cv,sentinel1,treatment_0001,P01-08,79.43282347242821,8128.326537010167,False
cv,sentinel1,treatment_0001,P01-08,100.0,8128.310052149297,False
cv,sentinel1,treatment_0001,P01-08,125.89254117941688,8128.290663450351,False
cv,sentinel1,treatment_0001,P01-08,158.48931924611142,8128.268368235647,False
cv,sentinel1,treatment_0001,P01-08,199.5262314968883,8128.243555271328,False
cv,sentinel1,treatment_0001,P01-08,251.18864315095823,8128.217293338886,False
cv,sentinel1,treatment_0001,P01-08,316.22776601683796,8128.191767237669,False
cv,sentinel1,treatment_0001,P01-08,398.1071705534977,8128.170912210124,False
cv,sentinel1,treatment_0001,P01-08,501.18723362727246,8128.16129766196,True
cv,sentinel1,treatment_0001,P01-08,630.9573444801943,8128.173292553572,False
cv,sentinel1,treatment_0001,P01-08,794.3282347242822,8128.222492181782,False
cv,sentinel1,treatment_0001,P01-08,1000.0,8128.331280239477,False
cv,sentinel1,treatment_0001,P01-08,1258.9254117941687,8128.530227306579,False
cv,sentinel1,treatment_0001,P01-08,1584.893192461114,8128.858797436701,False
cv,sentinel1,treatment_0001,P01-08,1995.262314968883,8129.364610001645,False
cv,sentinel1,treatment_0001,P01-08,2511.886431509582,8130.100420412567,False
cv,sentinel1,treatment_0001,P01-08,3162.2776601683795,8131.118234522444,False
cv,sentinel1,treatment_0001,P01-08,3981.0717055349774,8132.46071249338,False
cv,sentinel1,treatment_0001,P01-08,5011.872336272725,8134.151189646307,False
cv,sentinel1,treatment_0001,P01-08,6309.573444801943,8136.1848240143245,False
cv,sentinel1,treatment_0001,P01-08,7943.282347242822,8138.52387025121,False
cv,sentinel1,treatment_0001,P01-08,10000.0,8141.099302159144,False
cv,sentinel1,treatment_0001,P01-09,0.0001,9113.231598866887,False
cv,sentinel1,treatment_0001,P01-09,0.00012589254117941674,9113.231598846098,False
cv,sentinel1,treatment_0001,P01-09,0.00015848931924611142,9113.231598819928,False
cv,sentinel1,treatment_0001,P01-09,0.00019952623149688788,9113.23159878698,False
cv,sentinel1,treatment_0001,P01-09,0.00025118864315095795,9113.231598745502,False
cv,sentinel1,treatment_0001,P01-09,0.00031622776601683794,9113.231598693284,False
cv,sentinel1,treatment_0001,P01-09,0.00039810717055349735,9113.231598627546,False
cv,sentinel1,treatment_0001,P01-09,0.0005011872336272725,9113.231598544786,False
cv,sentinel1,treatment_0001,P01-09,0.000630957344480193,9113.231598440596,False
cv,sentinel1,treatment_0001,P01-09,0.0007943282347242813,9113.23159830943,False
cv,sentinel1,treatment_0001,P01-09,0.001,9113.231598144303,False
cv,sentinel1,treatment_0001,P01-09,0.0012589254117941675,9113.23159793642,False
cv,sentinel1,treatment_0001,P01-09,0.001584893192461114,9113.23159767471,False
cv,sentinel1,treatment_0001,P01-09,0.001995262314968879,9113.231597345235,False
cv,sentinel1,treatment_0001,P01-09,0.002511886431509582,9113.231596930455,False
cv,sentinel1,treatment_0001,P01-09,0.0031622776601683794,9113.231596408277,False
cv,sentinel1,treatment_0001,P01-09,0.003981071705534973,9113.231595750896,False
cv,sentinel1,treatment_0001,P01-09,0.005011872336272725,9113.231594923302,False
cv,sentinel1,treatment_0001,P01-09,0.00630957344480193,9113.23159388143,False
cv,sentinel1,treatment_0001,P01-09,0.00794328234724282,9113.231592569795,False
cv,sentinel1,treatment_0001,P01-09,0.01,9113.23159091855,False
cv,sentinel1,treatment_0001,P01-09,0.012589254117941675,9113.231588839768,False
cv,sentinel1,treatment_0001,P01-09,0.01584893192461114,9113.231586222757,False
cv,sentinel1,treatment_0001,P01-09,0.01995262314968881,9113.231582928167,False
cv,sentinel1,treatment_0001,P01-09,0.025118864315095822,9113.231578780575,False
cv,sentinel1,treatment_0001,P01-09,0.03162277660168379,9113.231573559144,False
cv,sentinel1,treatment_0001,P01-09,0.039810717055349734,9113.23156698588,False
cv,sentinel1,treatment_0001,P01-09,0.05011872336272725,9113.231558710826,False
cv,sentinel1,treatment_0001,P01-09,0.06309573444801936,9113.231548293466,False
cv,sentinel1,treatment_0001,P01-09,0.07943282347242822,9113.231535179288,False
cv,sentinel1,treatment_0001,P01-09,0.1,9113.231518670307,False
cv,sentinel1,treatment_0001,P01-09,0.12589254117941676,9113.23149788799,False
cv,sentinel1,treatment_0001,P01-09,0.15848931924611143,9113.231471726589,False
cv,sentinel1,treatment_0001,P01-09,0.19952623149688808,9113.231438794492,False
cv,sentinel1,treatment_0001,P01-09,0.25118864315095824,9113.231397340433,False
cv,sentinel1,treatment_0001,P01-09,0.31622776601683794,9113.231345160786,False
cv,sentinel1,treatment_0001,P01-09,0.3981071705534973,9113.231279483052,False
cv,sentinel1,treatment_0001,P01-09,0.5011872336272725,9113.231196819575,False
cv,sentinel1,treatment_0001,P01-09,0.6309573444801936,9113.231092783948,False
cv,sentinel1,treatment_0001,P01-09,0.7943282347242822,9113.230961860805,False
cv,sentinel1,treatment_0001,P01-09,1.0,9113.230797117498,False
cv,sentinel1,treatment_0001,P01-09,1.2589254117941688,9113.230589843406,False
cv,sentinel1,treatment_0001,P01-09,1.584893192461114,9113.230329099559,False
cv,sentinel1,treatment_0001,P01-09,1.9952623149688788,9113.230001157459,False
cv,sentinel1,treatment_0001,P01-09,2.5118864315095824,9113.22958880183,False
cv,sentinel1,treatment_0001,P01-09,3.1622776601683795,9113.229070467414,False
cv,sentinel1,treatment_0001,P01-09,3.9810717055349776,9113.22841917536,False
cv,sentinel1,treatment_0001,P01-09,5.011872336272725,9113.227601230758,False
cv,sentinel1,treatment_0001,P01-09,6.309573444801943,9113.22657464063,False
cv,sentinel1,treatment_0001,P01-09,7.943282347242821,9113.225287213505,False
cv,sentinel1,treatment_0001,P01-09,10.0,9113.223674310806,False
cv,sentinel1,treatment_0001,P01-09,12.589254117941687,9113.22165624283,False
cv,sentinel1,treatment_0001,P01-09,15.848931924611142,9113.219135347525,False
cv,sentinel1,treatment_0001,P01-09,19.95262314968883,9113.215992873875,False
cv,sentinel1,treatment_0001,P01-09,25.11886431509582,9113.212085937774,False
cv,sentinel1,treatment_0001,P01-09,31.622776601683793,9113.207245064465,False
cv,sentinel1,treatment_0001,P01-09,39.81071705534978,9113.201273235756,False
cv,sentinel1,treatment_0001,P01-09,50.11872336272725,9113.193948009715,False
cv,sentinel1,treatment_0001,P01-09,63.09573444801943,9113.185029303839,False
cv,sentinel1,treatment_0001,P01-09,79.43282347242821,9113.174277014548,False
cv,sentinel1,treatment_0001,P01-09,100.0,9113.161485039996,False
cv,sentinel1,treatment_0001,P01-09,125.89254117941688,9113.146541808697,False
cv,sentinel1,treatment_0001,P01-09,158.48931924611142,9113.129532477893,False
cv,sentinel1,treatment_0001,P01-09,199.5262314968883,9113.11090491549,False
cv,sentinel1,treatment_0001,P01-09,251.18864315095823,9113.09173056296,False
cv,sentinel1,treatment_0001,P01-09,316.22776601683796,9113.074101814602,False
cv,sentinel1,treatment_0001,P01-09,398.1071705534977,9113.061717791768,False
cv,sentinel1,treatment_0001,P01-09,501.18723362727246,9113.06071592512,True
cv,sentinel1,treatment_0001,P01-09,630.9573444801943,9113.080799002046,False
cv,sentinel1,treatment_0001,P01-09,794.3282347242822,9113.136672050336,False
cv,sentinel1,treatment_0001,P01-09,1000.0,9113.249720856002,False
cv,sentinel1,treatment_0001,P01-09,1258.9254117941687,9113.449713644673,False
cv,sentinel1,treatment_0001,P01-09,1584.893192461114,9113.776082403645,False
cv,sentinel1,treatment_0001,P01-09,1995.262314968883,9114.278072683348,False
cv,sentinel1,treatment_0001,P01-09,2511.886431509582,9115.012843919647,False
cv,sentinel1,treatment_0001,P01-09,3162.2776601683795,9116.04064380496,False
cv,sentinel1,treatment_0001,P01-09,3981.0717055349774,9117.416689521151,False
cv,sentinel1,treatment_0001,P01-09,5011.872336272725,9119.180465038022,False
cv,sentinel1,treatment_0001,P01-09,6309.573444801943,9121.344558195684,False
cv,sentinel1,treatment_0001,P01-09,7943.282347242822,9123.886269165268,False
cv,sentinel1,treatment_0001,P01-09,10000.0,9126.745211935608,False
cv,sentinel1,treatment_0002,P01-08,0.0001,7561.887300329486,False
cv,sentinel1,treatment_0002,P01-08,0.00012589254117941674,7561.887300293336,False
cv,sentinel1,treatment_0002,P01-08,0.00015848931924611142,7561.887300247825,False
cv,sentinel1,treatment_0002,P01-08,0.00019952623149688788,7561.88730019053,False
cv,sentinel1,treatment_0002,P01-08,0.00025118864315095795,7561.887300118399,False
cv,sentinel1,treatment_0002,P01-08,0.00031622776601683794,7561.887300027593,False
cv,sentinel1,treatment_0002,P01-08,0.00039810717055349735,7561.887299913275,False
cv,sentinel1,treatment_0002,P01-08,0.0005011872336272725,7561.887299769356,False
cv,sentinel1,treatment_0002,P01-08,0.000630957344480193,7561.887299588174,False
cv,sentinel1,treatment_0002,P01-08,0.0007943282347242813,7561.887299360078,False
cv,sentinel1,treatment_0002,P01-08,0.001,7561.887299072921,False
cv,sentinel1,treatment_0002,P01-08,0.0012589254117941675,7561.8872987114155,False
cv,sentinel1,treatment_0002,P01-08,0.001584893192461114,7561.887298256305,False
cv,sentinel1,treatment_0002,P01-08,0.001995262314968879,7561.887297683357,False
cv,sentinel1,treatment_0002,P01-08,0.002511886431509582,7561.887296962057,False
cv,sentinel1,treatment_0002,P01-08,0.0031622776601683794,7561.887296053996,False
cv,sentinel1,treatment_0002,P01-08,0.003981071705534973,7561.8872949108145,False
cv,sentinel1,treatment_0002,P01-08,0.005011872336272725,7561.887293471636,False
cv,sentinel1,treatment_0002,P01-08,0.00630957344480193,7561.887291659821,False
cv,sentinel1,treatment_0002,P01-08,0.00794328234724282,7561.887289378886,False
cv,sentinel1,treatment_0002,P01-08,0.01,7561.887286507365,False
cv,sentinel1,treatment_0002,P01-08,0.012589254117941675,7561.887282892346,False
cv,sentinel1,treatment_0002,P01-08,0.01584893192461114,7561.887278341325,False
cv,sentinel1,treatment_0002,P01-08,0.01995262314968881,7561.887272611955,False
cv,sentinel1,treatment_0002,P01-08,0.025118864315095822,7561.887265399151,False
cv,sentinel1,treatment_0002,P01-08,0.03162277660168379,7561.887256318839,False
cv,sentinel1,treatment_0002,P01-08,0.039810717055349734,7561.887244887512,False
cv,sentinel1,treatment_0002,P01-08,0.05011872336272725,7561.8872304965,False
cv,sentinel1,treatment_0002,P01-08,0.06309573444801936,7561.887212379568,False
cv,sentinel1,treatment_0002,P01-08,0.07943282347242822,7561.887189572141,False
cv,sentinel1,treatment_0002,P01-08,0.1,7561.887160859993,False
cv,sentinel1,treatment_0002,P01-08,0.12589254117941676,7561.887124714646,False
cv,sentinel1,treatment_0002,P01-08,0.15848931924611143,7561.887079212103,False
cv,sentinel1,treatment_0002,P01-08,0.19952623149688808,7561.887021930576,False
cv,sentinel1,treatment_0002,P01-08,0.25118864315095824,7561.886949821812,False
cv,sentinel1,treatment_0002,P01-08,0.31622776601683794,7561.886859049241,False
cv,sentinel1,treatment_0002,P01-08,0.3981071705534973,7561.8867447844095,False
cv,sentinel1,treatment_0002,P01-08,0.5011872336272725,7561.886600951045,False
cv,sentinel1,treatment_0002,P01-08,0.6309573444801936,7561.886419903363,False
cv,sentinel1,treatment_0002,P01-08,0.7943282347242822,7561.886192021879,False
cv,sentinel1,treatment_0002,P01-08,1.0,7561.8859052058815,False
cv,sentinel1,treatment_0002,P01-08,1.2589254117941688,7561.885544236535,False
cv,sentinel1,treatment_0002,P01-08,1.584893192461114,7561.885089978304,False
cv,sentinel1,treatment_0002,P01-08,1.9952623149688788,7561.884518378753,False
cv,sentinel1,treatment_0002,P01-08,2.5118864315095824,7561.883799217497,False
cv,sentinel1,treatment_0002,P01-08,3.1622776601683795,7561.882894544085,False
cv,sentinel1,treatment_0002,P01-08,3.9810717055349776,7561.881756731766,False
cv,sentinel1,treatment_0002,P01-08,5.011872336272725,7561.880326059507,False
cv,sentinel1,treatment_0002,P01-08,6.309573444801943,7561.878527718814,False
cv,sentinel1,treatment_0002,P01-08,7.943282347242821,7561.876268125848,False
cv,sentinel1,treatment_0002,P01-08,10.0,7561.873430405392,False
cv,sentinel1,treatment_0002,P01-08,12.589254117941687,7561.869868905241,False
cv,sentinel1,treatment_0002,P01-08,15.848931924611142,7561.865402604465,False
cv,sentinel1,treatment_0002,P01-08,19.95262314968883,7561.859807308479,False
cv,sentinel1,treatment_0002,P01-08,25.11886431509582,7561.852806596565,False
cv,sentinel1,treatment_0002,P01-08,31.622776601683793,7561.8440616334565,False
cv,sentinel1,treatment_0002,P01-08,39.81071705534978,7561.833160222691,False
cv,sentinel1,treatment_0002,P01-08,50.11872336272725,7561.819605936291,False
cv,sentinel1,treatment_0002,P01-08,63.09573444801943,7561.8028089088875,False
cv,sentinel1,treatment_0002,P01-08,79.43282347242821,7561.782081085087,False
cv,sentinel1,treatment_0002,P01-08,100.0,7561.756640564172,False
cv,sentinel1,treatment_0002,P01-08,125.89254117941688,7561.72563246066,False
cv,sentinel1,treatment_0002,P01-08,158.48931924611142,7561.688177694787,False
cv,sentinel1,treatment_0002,P01-08,199.5262314968883,7561.643466608736,False
cv,sentinel1,treatment_0002,P01-08,251.18864315095823,7561.590921327159,False
cv,sentinel1,treatment_0002,P01-08,316.22776601683796,7561.53045883765,False
cv,sentinel1,treatment_0002,P01-08,398.1071705534977,7561.462894174921,False
cv,sentinel1,treatment_0002,P01-08,501.18723362727246,7561.390526057993,False
cv,sentinel1,treatment_0002,P01-08,630.9573444801943,7561.317938817695,False
cv,sentinel1,treatment_0002,P01-08,794.3282347242822,7561.253023423221,False
cv,sentinel1,treatment_0002,P01-08,1000.0,7561.208152838068,False
cv,sentinel1,treatment_0002,P01-08,1258.9254117941687,7561.201331030301,True
cv,sentinel1,treatment_0002,P01-08,1584.893192461114,7561.256973511401,False
cv,sentinel1,treatment_0002,P01-08,1995.262314968883,7561.405807085659,False
cv,sentinel1,treatment_0002,P01-08,2511.886431509582,7561.68328642341,False
cv,sentinel1,treatment_0002,P01-08,3162.2776601683795,7562.126050009569,False
cv,sentinel1,treatment_0002,P01-08,3981.0717055349774,7562.766398668475,False
cv,sentinel1,treatment_0002,P01-08,5011.872336272725,7563.62556311027,False
cv,sentinel1,treatment_0002,P01-08,6309.573444801943,7564.707372980589,False
cv,sentinel1,treatment_0002,P01-08,7943.282347242822,7565.994373043779,False
cv,sentinel1,treatment_0002,P01-08,10000.0,7567.448025037593,False
cv,sentinel1,treatment_0002,P01-09,0.0001,8518.265596341907,False
cv,sentinel1,treatment_0002,P01-09,0.00012589254117941674,8518.265596313457,False
cv,sentinel1,treatment_0002,P01-09,0.00015848931924611142,8518.265596277637,False
cv,sentinel1,treatment_0002,P01-09,0.00019952623149688788,8518.265596232543,False
cv,sentinel1,treatment_0002,P01-09,0.00025118864315095795,8518.265596175772,False
cv,sentinel1,treatment_0002,P01-09,0.00031622776601683794,8518.265596104304,False
cv,sentinel1,treatment_0002,P01-09,0.00039810717055349735,8518.26559601433,False
cv,sentinel1,treatment_0002,P01-09,0.0005011872336272725,8518.265595901059,False
cv,sentinel1,treatment_0002,P01-09,0.000630957344480193,8518.265595758457,False
cv,sentinel1,treatment_0002,P01-09,0.0007943282347242813,8518.265595578936,False
cv,sentinel1,treatment_0002,P01-09,0.001,8518.26559535293,False
cv,sentinel1,treatment_0002,P01-09,0.0012589254117941675,8518.265595068407,False
cv,sentinel1,treatment_0002,P01-09,0.001584893192461114,8518.265594710214,False
cv,sentinel1,treatment_0002,P01-09,0.001995262314968879,8518.265594259276,False
cv,sentinel1,treatment_0002,P01-09,0.002511886431509582,8518.265593691576,False
cv,sentinel1,treatment_0002,P01-09,0.0031622776601683794,8518.265592976888,False
cv,sentinel1,treatment_0002,P01-09,0.003981071705534973,8518.265592077147,False
cv,sentinel1,treatment_0002,P01-09,0.005011872336272725,8518.265590944444,False
cv,sentinel1,treatment_0002,P01-09,0.00630957344480193,8518.265589518456,False
cv,sentinel1,treatment_0002,P01-09,0.00794328234724282,8518.265587723248,False
cv,sentinel1,treatment_0002,P01-09,0.01,8518.265585463221,False
cv,sentinel1,treatment_0002,P01-09,0.012589254117941675,8518.265582618023,False
cv,sentinel1,treatment_0002,P01-09,0.01584893192461114,8518.265579036148,False
cv,sentinel1,treatment_0002,P01-09,0.01995262314968881,8518.265574526853,False
cv,sentinel1,treatment_0002,P01-09,0.025118864315095822,8518.265568850022,False
cv,sentinel1,treatment_0002,P01-09,0.03162277660168379,8518.26556170337,False
cv,sentinel1,treatment_0002,P01-09,0.039810717055349734,8518.265552706354,False
cv,sentinel1,treatment_0002,P01-09,0.05011872336272725,8518.265541379922,False
cv,sentinel1,treatment_0002,P01-09,0.06309573444801936,8518.265527121006,False
cv,sentinel1,treatment_0002,P01-09,0.07943282347242822,8518.26550917044,False
cv,sentinel1,treatment_0002,P01-09,0.1,8518.265486572567,False
cv,sentinel1,treatment_0002,P01-09,0.12589254117941676,8518.265458124395,False
cv,sentinel1,treatment_0002,P01-09,0.15848931924611143,8518.265422311651,False
cv,sentinel1,treatment_0002,P01-09,0.19952623149688808,8518.265377228257,False
cv,sentinel1,treatment_0002,P01-09,0.25118864315095824,8518.26532047509,False
cv,sentinel1,treatment_0002,P01-09,0.31622776601683794,8518.265249032564,False
cv,sentinel1,treatment_0002,P01-09,0.3981071705534973,8518.265159100443,False
cv,sentinel1,treatment_0002,P01-09,0.5011872336272725,8518.265045896384,False
cv,sentinel1,treatment_0002,P01-09,0.6309573444801936,8518.264903402742,False
cv,sentinel1,treatment_0002,P01-09,0.7943282347242822,8518.264724048457,False
cv,sentinel1,treatment_0002,P01-09,1.0,8518.2644983096,False
cv,sentinel1,treatment_0002,P01-09,1.2589254117941688,8518.26421420807,False
cv,sentinel1,treatment_0002,P01-09,1.584893192461114,8518.263856683057,False
cv,sentinel1,treatment_0002,P01-09,1.9952623149688788,8518.263406803804,False
cv,sentinel1,treatment_0002,P01-09,2.5118864315095824,8518.262840784893,False
cv,sentinel1,treatment_0002,P01-09,3.1622776601683795,8518.262128756693,False
cv,sentinel1,treatment_0002,P01-09,3.9810717055349776,8518.261233233445,False
cv,sentinel1,treatment_0002,P01-09,5.011872336272725,8518.260107209982,False
cv,sentinel1,treatment_0002,P01-09,6.309573444801943,8518.258691805659,False
cv,sentinel1,treatment_0002,P01-09,7.943282347242821,8518.256913361414,False
cv,sentinel1,treatment_0002,P01-09,10.0,8518.254679884978,False
cv,sentinel1,treatment_0002,P01-09,12.589254117941687,8518.251876732917,False
cv,sentinel1,treatment_0002,P01-09,15.848931924611142,8518.248361422422,False
cv,sentinel1,treatment_0002,P01-09,19.95262314968883,8518.24395748919,False
cv,sentinel1,treatment_0002,P01-09,25.11886431509582,8518.238447365999,False
cv,sentinel1,treatment_0002,P01-09,31.622776601683793,8518.23156437343,False
cv,sentinel1,treatment_0002,P01-09,39.81071705534978,8518.222984127591,False
cv,sentinel1,treatment_0002,P01-09,50.11872336272725,8518.212316037801,False
cv,sentinel1,treatment_0002,P01-09,63.09573444801943,8518.19909617673,False
cv,sentinel1,treatment_0002,P01-09,79.43282347242821,8518.182783783792,False
cv,sentinel1,treatment_0002,P01-09,100.0,8518.162765187451,False
cv,sentinel1,treatment_0002,P01-09,125.89254117941688,8518.138371239987,False
cv,sentinel1,treatment_0002,P01-09,158.48931924611142,8518.108917738095,False
cv,sentinel1,treatment_0002,P01-09,199.5262314968883,8518.073783052123,False
cv,sentinel1,treatment_0002,P01-09,251.18864315095823,8518.032543498353,False
cv,sentinel1,treatment_0002,P01-09,316.22776601683796,8517.985194697338,False
cv,sentinel1,treatment_0002,P01-09,398.1071705534977,8517.932495270727,False
cv,sentinel1,treatment_0002,P01-09,501.18723362727246,8517.876475128927,False
cv,sentinel1,treatment_0002,P01-09,630.9573444801943,8517.82114897864,False
cv,sentinel1,treatment_0002,P01-09,794.3282347242822,8517.773457402795,False
cv,sentinel1,treatment_0002,P01-09,1000.0,8517.744409774818,True
cv,sentinel1,treatment_0002,P01-09,1258.9254117941687,8517.750310808282,False
cv,sentinel1,treatment_0002,P01-09,1584.893192461114,8517.81380817772,False
cv,sentinel1,treatment_0002,P01-09,1995.262314968883,8517.964318363847,False
cv,sentinel1,treatment_0002,P01-09,2511.886431509582,8518.23723283901,False
cv,sentinel1,treatment_0002,P01-09,3162.2776601683795,8518.671295003132,False
cv,sentinel1,treatment_0002,P01-09,3981.0717055349774,8519.303817358425,False
cv,sentinel1,treatment_0002,P01-09,5011.872336272725,8520.164061847307,False
cv,sentinel1,treatment_0002,P01-09,6309.573444801943,8521.266016275302,False
cv,sentinel1,treatment_0002,P01-09,7943.282347242822,8522.602573645552,False
cv,sentinel1,treatment_0002,P01-09,10000.0,8524.143228499392,False
cv,sentinel1,treatment_0003,P01-08,0.0001,7410.611828994791,False
cv,sentinel1,treatment_0003,P01-08,0.00012589254117941674,7410.611828955827,False
cv,sentinel1,treatment_0003,P01-08,0.00015848931924611142,7410.611828906778,False
cv,sentinel1,treatment_0003,P01-08,0.00019952623149688788,7410.611828845026,False
cv,sentinel1,treatment_0003,P01-08,0.00025118864315095795,7410.611828767287,False
cv,sentinel1,treatment_0003,P01-08,0.00031622776601683794,7410.611828669418,False
cv,sentinel1,treatment_0003,P01-08,0.00039810717055349735,7410.611828546208,False
cv,sentinel1,treatment_0003,P01-08,0.0005011872336272725,7410.611828391098,False
cv,sentinel1,treatment_0003,P01-08,0.000630957344480193,7410.611828195823,False
cv,sentinel1,treatment_0003,P01-08,0.0007943282347242813,7410.61182794999,False
cv,sentinel1,treatment_0003,P01-08,0.001,7410.611827640503,False
cv,sentinel1,treatment_0003,P01-08,0.0012589254117941675,7410.611827250882,False
cv,sentinel1,treatment_0003,P01-08,0.001584893192461114,7410.611826760379,False
cv,sentinel1,treatment_0003,P01-08,0.001995262314968879,7410.611826142873,False
cv,sentinel1,treatment_0003,P01-08,0.002511886431509582,7410.61182536548,False
cv,sentinel1,treatment_0003,P01-08,0.0031622776601683794,7410.611824386802,False
cv,sentinel1,treatment_0003,P01-08,0.003981071705534973,7410.611823154724,False
cv,sentinel1,treatment_0003,P01-08,0.005011872336272725,7410.611821603634,False
cv,sentinel1,treatment_0003,P01-08,0.00630957344480193,7410.611819650932,False
cv,sentinel1,treatment_0003,P01-08,0.00794328234724282,7410.611817192642,False
cv,sentinel1,treatment_0003,P01-08,0.01,7410.611814097855,False
cv,sentinel1,treatment_0003,P01-08,0.012589254117941675,7410.611810201779,False
cv,sentinel1,treatment_0003,P01-08,0.01584893192461114,7410.611805296958,False
cv,sentinel1,treatment_0003,P01-08,0.01995262314968881,7410.611799122228,False
cv,sentinel1,treatment_0003,P01-08,0.025118864315095822,7410.611791348827,False
cv,sentinel1,treatment_0003,P01-08,0.03162277660168379,7410.611781562883,False
cv,sentinel1,treatment_0003,P01-08,0.039810717055349734,7410.611769243411,False
cv,sentinel1,treatment_0003,P01-08,0.05011872336272725,7410.611753734592,False
cv,sentinel1,treatment_0003,P01-08,0.06309573444801936,7410.611734210903,False
cv,sentinel1,treatment_0003,P01-08,0.07943282347242822,7410.611709633233,False
cv,sentinel1,treatment_0003,P01-08,0.1,7410.611678693679,False
cv,sentinel1,treatment_0003,P01-08,0.12589254117941676,7410.611639746102,False
cv,sentinel1,treatment_0003,P01-08,0.15848931924611143,7410.611590718778,False
cv,sentinel1,treatment_0003,P01-08,0.19952623149688808,7410.611529004601,False
cv,sentinel1,treatment_0003,P01-08,0.25118864315095824,7410.611451323042,False
cv,sentinel1,treatment_0003,P01-08,0.31622776601683794,7410.611353546757,False
cv,sentinel1,treatment_0003,P01-08,0.3981071705534973,7410.611230483816,False
cv,sentinel1,treatment_0003,P01-08,0.5011872336272725,7410.611075604473,False
cv,sentinel1,treatment_0003,P01-08,0.6309573444801936,7410.610880698559,False
cv,sentinel1,treatment_0003,P01-08,0.7943282347242822,7410.610635446395,False
cv,sentinel1,treatment_0003,P01-08,1.0,7410.610326882127,False
cv,sentinel1,treatment_0003,P01-08,1.2589254117941688,7410.609938723673,False
cv,sentinel1,treatment_0003,P01-08,1.584893192461114,7410.609450537988,False
cv,sentinel1,treatment_0003,P01-08,1.9952623149688788,7410.608836704181,False
cv,sentinel1,treatment_0003,P01-08,2.5118864315095824,7410.608065130266,False
cv,sentinel1,treatment_0003,P01-08,3.1622776601683795,7410.607095672648,False
cv,sentinel1,treatment_0003,P01-08,3.9810717055349776,7410.605878201734,False
cv,sentinel1,treatment_0003,P01-08,5.011872336272725,7410.604350254255,False
cv,sentinel1,treatment_0003,P01-08,6.309573444801943,7410.602434216039,False
cv,sentinel1,treatment_0003,P01-08,7.943282347242821,7410.600033993836,False
cv,sentinel1,treatment_0003,P01-08,10.0,7410.59703117,False
cv,sentinel1,treatment_0003,P01-08,12.589254117941687,7410.59328070458,False
cv,sentinel1,treatment_0003,P01-08,15.848931924611142,7410.588606378862,False
cv,sentinel1,treatment_0003,P01-08,19.95262314968883,7410.582796400528,False
cv,sentinel1,treatment_0003,P01-08,25.11886431509582,7410.57559997188,False
cv,sentinel1,treatment_0003,P01-08,31.622776601683793,7410.566726250062,False
cv,sentinel1,treatment_0003,P01-08,39.81071705534978,7410.555848139988,False
cv,sentinel1,treatment_0003,P01-08,50.11872336272725,7410.542614963833,False
cv,sentinel1,treatment_0003,P01-08,63.09573444801943,7410.52668054712,False
cv,sentinel1,treatment_0003,P01-08,79.43282347242821,7410.507757078255,False
cv,sentinel1,treatment_0003,P01-08,100.0,7410.485710813077,False
cv,sentinel1,treatment_0003,P01-08,125.89254117941688,7410.460724035921,False
cv,sentinel1,treatment_0003,P01-08,158.48931924611142,7410.433559459452,False
cv,sentinel1,treatment_0003,P01-08,199.5262314968883,7410.40597910611,False
cv,sentinel1,treatment_0003,P01-08,251.18864315095823,7410.38138964993,False
cv,sentinel1,treatment_0003,P01-08,316.22776601683796,7410.36580847128,True
cv,sentinel1,treatment_0003,P01-08,398.1071705534977,7410.369263982781,False
cv,sentinel1,treatment_0003,P01-08,501.18723362727246,7410.407748426022,False
cv,sentinel1,treatment_0003,P01-08,630.9573444801943,7410.505809737403,False
cv,sentinel1,treatment_0003,P01-08,794.3282347242822,7410.6997672250245,False
cv,sentinel1,treatment_0003,P01-08,1000.0,7411.041319764538,False
cv,sentinel1,treatment_0003,P01-08,1258.9254117941687,7411.600946382018,False
cv,sentinel1,treatment_0003,P01-08,1584.893192461114,7412.469981359968,False
cv,sentinel1,treatment_0003,P01-08,1995.262314968883,7413.759687683568,False
cv,sentinel1,treatment_0003,P01-08,2511.886431509582,7415.59533001805,False
cv,sentinel1,treatment_0003,P01-08,3162.2776601683795,7418.103602559521,False
cv,sentinel1,treatment_0003,P01-08,3981.0717055349774,7421.393231821414,False
cv,sentinel1,treatment_0003,P01-08,5011.872336272725,7425.531192030153,False
cv,sentinel1,treatment_0003,P01-08,6309.573444801943,7430.519972662711,False
cv,sentinel1,treatment_0003,P01-08,7943.282347242822,7436.283135121489,False
cv,sentinel1,treatment_0003,P01-08,10000.0,7442.6653694303495,False
cv,sentinel1,treatment_0003,P01-09,0.0001,8337.773913430206,False
cv,sentinel1,treatment_0003,P01-09,0.00012589254117941674,8337.773913398816,False
cv,sentinel1,treatment_0003,P01-09,0.00015848931924611142,8337.773913359297,False
cv,sentinel1,treatment_0003,P01-09,0.00019952623149688788,8337.773913309546,False
cv,sentinel1,treatment_0003,P01-09,0.00025118864315095795,8337.773913246912,False
cv,sentinel1,treatment_0003,P01-09,0.00031622776601683794,8337.77391316806,False
cv,sentinel1,treatment_0003,P01-09,0.00039810717055349735,8337.773913068791,False
cv,sentinel1,treatment_0003,P01-09,0.0005011872336272725,8337.773912943821,False
cv,sentinel1,treatment_0003,P01-09,0.000630957344480193,8337.773912786493,False
cv,sentinel1,treatment_0003,P01-09,0.0007943282347242813,8337.773912588429,False
cv,sentinel1,treatment_0003,P01-09,0.001,8337.77391233908,False
cv,sentinel1,treatment_0003,P01-09,0.0012589254117941675,8337.773912025166,False
cv,sentinel1,treatment_0003,P01-09,0.001584893192461114,8337.773911629976,False
cv,sentinel1,treatment_0003,P01-09,0.001995262314968879,8337.77391113246,False
cv,sentinel1,treatment_0003,P01-09,0.002511886431509582,8337.773910506126,False
cv,sentinel1,treatment_0003,P01-09,0.0031622776601683794,8337.773909717622,False
cv,sentinel1,treatment_0003,P01-09,0.003981071705534973,8337.773908724952,False
cv,sentinel1,treatment_0003,P01-09,0.005011872336272725,8337.77390747526,False
cv,sentinel1,treatment_0003,P01-09,0.00630957344480193,8337.773905901999,False
cv,sentinel1,treatment_0003,P01-09,0.00794328234724282,8337.77390392139,False
cv,sentinel1,treatment_0003,P01-09,0.01,8337.773901427965,False
cv,sentinel1,treatment_0003,P01-09,0.012589254117941675,8337.773898288955,False
cv,sentinel1,treatment_0003,P01-09,0.01584893192461114,8337.77389433721,False
cv,sentinel1,treatment_0003,P01-09,0.01995262314968881,8337.773889362323,False
cv,sentinel1,treatment_0003,P01-09,0.025118864315095822,8337.773883099406,False
cv,sentinel1,treatment_0003,P01-09,0.03162277660168379,8337.773875215013,False
cv,sentinel1,treatment_0003,P01-09,0.039810717055349734,8337.77386528939,False
cv,sentinel1,treatment_0003,P01-09,0.05011872336272725,8337.773852794156,False
cv,sentinel1,treatment_0003,P01-09,0.06309573444801936,8337.773837064196,False
cv,sentinel1,treatment_0003,P01-09,0.07943282347242822,8337.77381726231,False
cv,sentinel1,treatment_0003,P01-09,0.1,8337.773792334741,False
cv,sentinel1,treatment_0003,P01-09,0.12589254117941676,8337.773760955208,False
cv,sentinel1,treatment_0003,P01-09,0.15848931924611143,8337.773721454549,False
cv,sentinel1,treatment_0003,P01-09,0.19952623149688808,8337.773671732233,False
cv,sentinel1,treatment_0003,P01-09,0.25118864315095824,8337.773609145175,False
cv,sentinel1,treatment_0003,P01-09,0.31622776601683794,8337.773530367986,False
cv,sentinel1,treatment_0003,P01-09,0.3981071705534973,8337.773431217556,False
cv,sentinel1,treatment_0003,P01-09,0.5011872336272725,8337.773306432866,False
cv,sentinel1,treatment_0003,P01-09,0.6309573444801936,8337.773149398961,False
cv,sentinel1,treatment_0003,P01-09,0.7943282347242822,8337.772951801197,False
cv,sentinel1,treatment_0003,P01-09,1.0,8337.772703192812,False
cv,sentinel1,treatment_0003,P01-09,1.2589254117941688,8337.772390454998,False
cv,sentinel1,treatment_0003,P01-09,1.584893192461114,8337.771997124255,False
cv,sentinel1,treatment_0003,P01-09,1.9952623149688788,8337.771502556796,False
cv,sentinel1,treatment_0003,P01-09,2.5118864315095824,8337.77088089437,False
cv,sentinel1,treatment_0003,P01-09,3.1622776601683795,8337.770099790425,False
cv,sentinel1,treatment_0003,P01-09,3.9810717055349776,8337.769118850949,False
cv,sentinel1,treatment_0003,P01-09,5.011872336272725,8337.767887741942,False
cv,sentinel1,treatment_0003,P01-09,6.309573444801943,8337.766343918189,False
cv,sentinel1,treatment_0003,P01-09,7.943282347242821,8337.764409939635,False
cv,sentinel1,treatment_0003,P01-09,10.0,8337.761990370385,False
cv,sentinel1,treatment_0003,P01-09,12.589254117941687,8337.758968312151,False
cv,sentinel1,treatment_0003,P01-09,15.848931924611142,8337.755201728973,False
cv,sentinel1,treatment_0003,P01-09,19.95262314968883,8337.750519903024,False
cv,sentinel1,treatment_0003,P01-09,25.11886431509582,8337.744720671211,False
cv,sentinel1,treatment_0003,P01-09,31.622776601683793,8337.737569603101,False
cv,sentinel1,treatment_0003,P01-09,39.81071705534978,8337.728803107777,False
cv,sentinel1,treatment_0003,P01-09,50.11872336272725,8337.71813877329,False
cv,sentinel1,treatment_0003,P01-09,63.09573444801943,8337.70529830359,False
cv,sentinel1,treatment_0003,P01-09,79.43282347242821,8337.69005159341,False
cv,sentinel1,treatment_0003,P01-09,100.0,8337.672295284136,False
cv,sentinel1,treatment_0003,P01-09,125.89254117941688,8337.652186247897,False
cv,sentinel1,treatment_0003,P01-09,158.48931924611142,8337.630360664149,False
cv,sentinel1,treatment_0003,P01-09,199.5262314968883,8337.608283500502,False
cv,sentinel1,treatment_0003,P01-09,251.18864315095823,8337.588791761704,False
cv,sentinel1,treatment_0003,P01-09,316.22776601683796,8337.576917201783,True
cv,sentinel1,treatment_0003,P01-09,398.1071705534977,8337.58109715101,False
cv,sentinel1,treatment_0003,P01-09,501.18723362727246,8337.614897633124,False
cv,sentinel1,treatment_0003,P01-09,630.9573444801943,8337.69936470338,False
cv,sentinel1,treatment_0003,P01-09,794.3282347242822,8337.86605970848,False
cv,sentinel1,treatment_0003,P01-09,1000.0,8338.160680680063,False
cv,sentinel1,treatment_0003,P01-09,1258.9254117941687,8338.646878114423,False
cv,sentinel1,treatment_0003,P01-09,1584.893192461114,8339.409410614298,False
cv,sentinel1,treatment_0003,P01-09,1995.262314968883,8340.555195904299,False
cv,sentinel1,treatment_0003,P01-09,2511.886431509582,8342.210279056619,False
cv,sentinel1,treatment_0003,P01-09,3162.2776601683795,8344.510637640176,False
cv,sentinel1,treatment_0003,P01-09,3981.0717055349774,8347.585574721172,False
cv,sentinel1,treatment_0003,P01-09,5011.872336272725,8351.534562238536,False
cv,sentinel1,treatment_0003,P01-09,6309.573444801943,8356.401514957537,False
cv,sentinel1,treatment_0003,P01-09,7943.282347242822,8362.153370735874,False
cv,sentinel1,treatment_0003,P01-09,10000.0,8368.67066585502,False
cv,sentinel1,treatment_0004,P01-08,0.0001,7727.736865761838,False
cv,sentinel1,treatment_0004,P01-08,0.00012589254117941674,7727.736865715786,False
cv,sentinel1,treatment_0004,P01-08,0.00015848931924611142,7727.73686565781,False
cv,sentinel1,treatment_0004,P01-08,0.00019952623149688788,7727.736865584823,False
cv,sentinel1,treatment_0004,P01-08,0.00025118864315095795,7727.736865492938,False
cv,sentinel1,treatment_0004,P01-08,0.00031622776601683794,7727.736865377262,False
cv,sentinel1,treatment_0004,P01-08,0.00039810717055349735,7727.7368652316345,False
cv,sentinel1,treatment_0004,P01-08,0.0005011872336272725,7727.736865048299,False
cv,sentinel1,treatment_0004,P01-08,0.000630957344480193,7727.736864817492,False
cv,sentinel1,treatment_0004,P01-08,0.0007943282347242813,7727.736864526926,False
cv,sentinel1,treatment_0004,P01-08,0.001,7727.736864161125,False
cv,sentinel1,treatment_0004,P01-08,0.0012589254117941675,7727.736863700608,False
cv,sentinel1,treatment_0004,P01-08,0.001584893192461114,7727.736863120854,False
cv,sentinel1,treatment_0004,P01-08,0.001995262314968879,7727.736862390984,False
cv,sentinel1,treatment_0004,P01-08,0.002511886431509582,7727.736861472136,False
cv,sentinel1,treatment_0004,P01-08,0.0031622776601683794,7727.736860315374,False
cv,sentinel1,treatment_0004,P01-08,0.003981071705534973,7727.7368588591,False
cv,sentinel1,treatment_0004,P01-08,0.005011872336272725,7727.73685702576,False
cv,sentinel1,treatment_0004,P01-08,0.00630957344480193,7727.736854717728,False
cv,sentinel1,treatment_0004,P01-08,0.00794328234724282,7727.736851812094,False
cv,sentinel1,treatment_0004,P01-08,0.01,7727.736848154129,False
cv,sentinel1,treatment_0004,P01-08,0.012589254117941675,7727.73684354904,False
cv,sentinel1,treatment_0004,P01-08,0.01584893192461114,7727.736837751603,False
cv,sentinel1,treatment_0004,P01-08,0.01995262314968881,7727.7368304531055,False
cv,sentinel1,treatment_0004,P01-08,0.025118864315095822,7727.736821264909,False
cv,sentinel1,treatment_0004,P01-08,0.03162277660168379,7727.736809697761,False
cv,sentinel1,treatment_0004,P01-08,0.039810717055349734,7727.7367951357555,False
cv,sentinel1,treatment_0004,P01-08,0.05011872336272725,7727.736776803545,False
cv,sentinel1,treatment_0004,P01-08,0.06309573444801936,7727.736753725087,False
cv,sentinel1,treatment_0004,P01-08,0.07943282347242822,7727.736724671703,False
cv,sentinel1,treatment_0004,P01-08,0.1,7727.736688096729,False
cv,sentinel1,treatment_0004,P01-08,0.12589254117941676,7727.736642053265,False
cv,sentinel1,treatment_0004,P01-08,0.15848931924611143,7727.736584090664,False
cv,sentinel1,treatment_0004,P01-08,0.19952623149688808,7727.736511124336,False
cv,sentinel1,treatment_0004,P01-08,0.25118864315095824,7727.736419271923,False
cv,sentinel1,treatment_0004,P01-08,0.31622776601683794,7727.736303647291,False
cv,sentinel1,treatment_0004,P01-08,0.3981071705534973,7727.736158101465,False
cv,sentinel1,treatment_0004,P01-08,0.5011872336272725,7727.73597489701,False
cv,sentinel1,treatment_0004,P01-08,0.6309573444801936,7727.735744298864,False
cv,sentinel1,treatment_0004,P01-08,0.7943282347242822,7727.735454060511,False
cv,sentinel1,treatment_0004,P01-08,1.0,7727.735088779058,False
cv,sentinel1,treatment_0004,P01-08,1.2589254117941688,7727.734629086489,False
cv,sentinel1,treatment_0004,P01-08,1.584893192461114,7727.734050636462,False
cv,sentinel1,treatment_0004,P01-08,1.9952623149688788,7727.733322836676,False
cv,sentinel1,treatment_0004,P01-08,2.5118864315095824,7727.732407265419,False
cv,sentinel1,treatment_0004,P01-08,3.1622776601683795,7727.731255697893,False
cv,sentinel1,treatment_0004,P01-08,3.9810717055349776,7727.729807652691,False
cv,sentinel1,treatment_0004,P01-08,5.011872336272725,7727.727987352361,False
cv,sentinel1,treatment_0004,P01-08,6.309573444801943,7727.725699974974,False
cv,sentinel1,treatment_0004,P01-08,7.943282347242821,7727.722827058345,False
cv,sentinel1,treatment_0004,P01-08,10.0,7727.719220908724,False
cv,sentinel1,treatment_0004,P01-08,12.589254117941687,7727.714697868215,False
cv,sentinel1,treatment_0004,P01-08,15.848931924611142,7727.709030321299,False
cv,sentinel1,treatment_0004,P01-08,19.95262314968883,7727.701937389558,False
cv,sentinel1,treatment_0004,P01-08,25.11886431509582,7727.6930744049505,False
cv,sentinel1,treatment_0004,P01-08,31.622776601683793,7727.682021514266,False
cv,sentinel1,treatment_0004,P01-08,39.81071705534978,7727.668272224427,False
cv,sentinel1,treatment_0004,P01-08,50.11872336272725,7727.651223463306,False
cv,sentinel1,treatment_0004,P01-08,63.09573444801943,7727.6301699712,False
cv,sentinel1,treatment_0004,P01-08,79.43282347242821,7727.604307794687,False
cv,sentinel1,treatment_0004,P01-08,100.0,7727.572754659944,False
cv,sentinel1,treatment_0004,P01-08,125.89254117941688,7727.534599486706,False
cv,sentinel1,treatment_0004,P01-08,158.48931924611142,7727.488999769499,False
cv,sentinel1,treatment_0004,P01-08,199.5262314968883,7727.435354469146,False
cv,sentinel1,treatment_0004,P01-08,251.18864315095823,7727.373591603957,False
cv,sentinel1,treatment_0004,P01-08,316.22776601683796,7727.304623260894,False
cv,sentinel1,treatment_0004,P01-08,398.1071705534977,7727.231033826426,False
cv,sentinel1,treatment_0004,P01-08,501.18723362727246,7727.15807411952,False
cv,sentinel1,treatment_0004,P01-08,630.9573444801943,7727.095023768982,False
cv,sentinel1,treatment_0004,P01-08,794.3282347242822,7727.056938636806,True
cv,sentinel1,treatment_0004,P01-08,1000.0,7727.066695111403,False
cv,sentinel1,treatment_0004,P01-08,1258.9254117941687,7727.157055195788,False
cv,sentinel1,treatment_0004,P01-08,1584.893192461114,7727.372201314576,False
cv,sentinel1,treatment_0004,P01-08,1995.262314968883,7727.767875226196,False
cv,sentinel1,treatment_0004,P01-08,2511.886431509582,7728.409036965597,False
cv,sentinel1,treatment_0004,P01-08,3162.2776601683795,7729.3640672385945,False
cv,sentinel1,treatment_0004,P01-08,3981.0717055349774,7730.69521579537,False
cv,sentinel1,treatment_0004,P01-08,5011.872336272725,7732.446316217504,False
cv,sentinel1,treatment_0004,P01-08,6309.573444801943,7734.630400505407,False
cv,sentinel1,treatment_0004,P01-08,7943.282347242822,7737.220954961462,False
cv,sentinel1,treatment_0004,P01-08,10000.0,7740.150272431578,False
cv,sentinel1,treatment_0004,P01-09,0.0001,8672.729344421994,False
cv,sentinel1,treatment_0004,P01-09,0.00012589254117941674,8672.729344385458,False
cv,sentinel1,treatment_0004,P01-09,0.00015848931924611142,8672.729344339465,False
cv,sentinel1,treatment_0004,P01-09,0.00019952623149688788,8672.729344281563,False
cv,sentinel1,treatment_0004,P01-09,0.00025118864315095795,8672.729344208667,False
cv,sentinel1,treatment_0004,P01-09,0.00031622776601683794,8672.729344116895,False
cv,sentinel1,treatment_0004,P01-09,0.00039810717055349735,8672.729344001364,False
cv,sentinel1,treatment_0004,P01-09,0.0005011872336272725,8672.729343855917,False
cv,sentinel1,treatment_0004,P01-09,0.000630957344480193,8672.72934367281,False
cv,sentinel1,treatment_0004,P01-09,0.0007943282347242813,8672.729343442295,False
cv,sentinel1,treatment_0004,P01-09,0.001,8672.729343152092,False
cv,sentinel1,treatment_0004,P01-09,0.0012589254117941675,8672.729342786746,False
cv,sentinel1,treatment_0004,P01-09,0.001584893192461114,8672.729342326806,False
cv,sentinel1,treatment_0004,P01-09,0.001995262314968879,8672.729341747776,False
cv,sentinel1,treatment_0004,P01-09,0.002511886431509582,8672.72934101882,False
cv,sentinel1,treatment_0004,P01-09,0.0031622776601683794,8672.72934010112,False
cv,sentinel1,treatment_0004,P01-09,0.003981071705534973,8672.729338945806,False
cv,sentinel1,treatment_0004,P01-09,0.005011872336272725,8672.729337491352,False
cv,sentinel1,treatment_0004,P01-09,0.00630957344480193,8672.729335660308,False
cv,sentinel1,treatment_0004,P01-09,0.00794328234724282,8672.729333355164,False
cv,sentinel1,treatment_0004,P01-09,0.01,8672.729330453167,False
cv,sentinel1,treatment_0004,P01-09,0.012589254117941675,8672.729326799783,False
cv,sentinel1,treatment_0004,P01-09,0.01584893192461114,8672.729322200465,False
cv,sentinel1,treatment_0004,P01-09,0.01995262314968881,8672.7293164103,False
cv,sentinel1,treatment_0004,P01-09,0.025118864315095822,8672.729309120963,False
cv,sentinel1,treatment_0004,P01-09,0.03162277660168379,8672.729299944314,False
cv,sentinel1,treatment_0004,P01-09,0.039810717055349734,8672.729288391725,False
cv,sentinel1,treatment_0004,P01-09,0.05011872336272725,8672.729273848083,False
cv,sentinel1,treatment_0004,P01-09,0.06309573444801936,8672.729255539041,False
cv,sentinel1,treatment_0004,P01-09,0.07943282347242822,8672.729232489834,False
cv,sentinel1,treatment_0004,P01-09,0.1,8672.72920347341,False
cv,sentinel1,treatment_0004,P01-09,0.12589254117941676,8672.729166945177,False
cv,sentinel1,treatment_0004,P01-09,0.15848931924611143,8672.729120960888,False
cv,sentinel1,treatment_0004,P01-09,0.19952623149688808,8672.729063073317,False
cv,sentinel1,treatment_0004,P01-09,0.25118864315095824,8672.72899020228,False
cv,sentinel1,treatment_0004,P01-09,0.31622776601683794,8672.728898471169,False
cv,sentinel1,treatment_0004,P01-09,0.3981071705534973,8672.72878300135,False
cv,sentinel1,treatment_0004,P01-09,0.5011872336272725,8672.728637653767,False
cv,sentinel1,treatment_0004,P01-09,0.6309573444801936,8672.728454704178,False
cv,sentinel1,treatment_0004,P01-09,0.7943282347242822,8672.728224435288,False
cv,sentinel1,treatment_0004,P01-09,1.0,8672.72793462474,False
cv,sentinel1,treatment_0004,P01-09,1.2589254117941688,8672.727569902932,False
cv,sentinel1,treatment_0004,P01-09,1.584893192461114,8672.7271109483,False
cv,sentinel1,treatment_0004,P01-09,1.9952623149688788,8672.726533480189,False
cv,sentinel1,treatment_0004,P01-09,2.5118864315095824,8672.725807000363,False
cv,sentinel1,treatment_0004,P01-09,3.1622776601683795,8672.724893223587,False
cv,sentinel1,treatment_0004,P01-09,3.9810717055349776,8672.723744125433,False
cv,sentinel1,treatment_0004,P01-09,5.011872336272725,8672.722299521942,False
cv,sentinel1,treatment_0004,P01-09,6.309573444801943,8672.720484081596,False
cv,sentinel1,treatment_0004,P01-09,7.943282347242821,8672.71820365689,False
cv,sentinel1,treatment_0004,P01-09,10.0,8672.715340813258,False
cv,sentinel1,treatment_0004,P01-09,12.589254117941687,8672.71174943255,False
cv,sentinel1,treatment_0004,P01-09,15.848931924611142,8672.707248285036,False
cv,sentinel1,treatment_0004,P01-09,19.95262314968883,8672.701613512389,False
cv,sentinel1,treatment_0004,P01-09,25.11886431509582,8672.694570067484,False
cv,sentinel1,treatment_0004,P01-09,31.622776601683793,8672.68578235173,False
cv,sentinel1,treatment_0004,P01-09,39.81071705534978,8672.674844634967,False
cv,sentinel1,treatment_0004,P01-09,50.11872336272725,8672.661272424655,False
cv,sentinel1,treatment_0004,P01-09,63.09573444801943,8672.644496903265,False
cv,sentinel1,treatment_0004,P01-09,79.43282347242821,8672.62386606937,False
cv,sentinel1,treatment_0004,P01-09,100.0,8672.598658573792,False
cv,sentinel1,treatment_0004,P01-09,125.89254117941688,8672.568119806416,False
cv,sentinel1,treatment_0004,P01-09,158.48931924611142,8672.53153502258,False
cv,sentinel1,treatment_0004,P01-09,199.5262314968883,8672.488361698648,False
cv,sentinel1,treatment_0004,P01-09,251.18864315095823,8672.43845325451,False
cv,sentinel1,treatment_0004,P01-09,316.22776601683796,8672.382418680283,False
cv,sentinel1,treatment_0004,P01-09,398.1071705534977,8672.322176190864,False
cv,sentinel1,treatment_0004,P01-09,501.18723362727246,8672.261770184123,False
cv,sentinel1,treatment_0004,P01-09,630.9573444801943,8672.20852177727,False
cv,sentinel1,treatment_0004,P01-09,794.3282347242822,8672.174560229336,True
cv,sentinel1,treatment_0004,P01-09,1000.0,8672.178714684178,False
cv,sentinel1,treatment_0004,P01-09,1258.9254117941687,8672.248607546191,False
cv,sentinel1,treatment_0004,P01-09,1584.893192461114,8672.422563900114,False
cv,sentinel1,treatment_0004,P01-09,1995.262314968883,8672.750648539215,False
cv,sentinel1,treatment_0004,P01-09,2511.886431509582,8673.293844192754,False
cv,sentinel1,treatment_0004,P01-09,3162.2776601683795,8674.120270110921,False
cv,sentinel1,treatment_0004,P01-09,3981.0717055349774,8675.297663960218,False
cv,sentinel1,treatment_0004,P01-09,5011.872336272725,8676.882315269562,False
cv,sentinel1,treatment_0004,P01-09,6309.573444801943,8678.906166600644,False
cv,sentinel1,treatment_0004,P01-09,7943.282347242822,8681.365336677034,False
cv,sentinel1,treatment_0004,P01-09,10000.0,8684.21394940612,False
cv,sentinel1,treatment_0005,P01-08,0.0001,7379.658361035843,False
cv,sentinel1,treatment_0005,P01-08,0.00012589254117941674,7379.6583610184925,False
cv,sentinel1,treatment_0005,P01-08,0.00015848931924611142,7379.658360996649,False
cv,sentinel1,treatment_0005,P01-08,0.00019952623149688788,7379.6583609691515,False
cv,sentinel1,treatment_0005,P01-08,0.00025118864315095795,7379.658360934534,False
cv,sentinel1,treatment_0005,P01-08,0.00031622776601683794,7379.658360890951,False
cv,sentinel1,treatment_0005,P01-08,0.00039810717055349735,7379.658360836085,False
cv,sentinel1,treatment_0005,P01-08,0.0005011872336272725,7379.658360767014,False
cv,sentinel1,treatment_0005,P01-08,0.000630957344480193,7379.658360680056,False
cv,sentinel1,treatment_0005,P01-08,0.0007943282347242813,7379.658360570584,False
cv,sentinel1,treatment_0005,P01-08,0.001,7379.658360432766,False
cv,sentinel1,treatment_0005,P01-08,0.0012589254117941675,7379.658360259265,False
cv,sentinel1,treatment_0005,P01-08,0.001584893192461114,7379.65836004084,False
cv,sentinel1,treatment_0005,P01-08,0.001995262314968879,7379.658359765857,False
cv,sentinel1,treatment_0005,P01-08,0.002511886431509582,7379.658359419677,False
cv,sentinel1,treatment_0005,P01-08,0.0031622776601683794,7379.658358983861,False
cv,sentinel1,treatment_0005,P01-08,0.003981071705534973,7379.658358435203,False
cv,sentinel1,treatment_0005,P01-08,0.005011872336272725,7379.6583577444835,False
cv,sentinel1,treatment_0005,P01-08,0.00630957344480193,7379.658356874921,False
cv,sentinel1,treatment_0005,P01-08,0.00794328234724282,7379.65835578021,False
cv,sentinel1,treatment_0005,P01-08,0.01,7379.658354402052,False
cv,sentinel1,treatment_0005,P01-08,0.012589254117941675,7379.658352667064,False
cv,sentinel1,treatment_0005,P01-08,0.01584893192461114,7379.658350482851,False
cv,sentinel1,treatment_0005,P01-08,0.01995262314968881,7379.658347733108,False
cv,sentinel1,treatment_0005,P01-08,0.025118864315095822,7379.658344271409,False
cv,sentinel1,treatment_0005,P01-08,0.03162277660168379,7379.658339913431,False
cv,sentinel1,treatment_0005,P01-08,0.039810717055349734,7379.658334427126,False
cv,sentinel1,treatment_0005,P01-08,0.05011872336272725,7379.658327520377,False
cv,sentinel1,treatment_0005,P01-08,0.06309573444801936,7379.658318825457,False
cv,sentinel1,treatment_0005,P01-08,0.07943282347242822,7379.658307879455,False
cv,sentinel1,treatment_0005,P01-08,0.1,7379.6582940996595,False
cv,sentinel1,treatment_0005,P01-08,0.12589254117941676,7379.658276752566,False
cv,sentinel1,treatment_0005,P01-08,0.15848931924611143,7379.6582549148825,False
cv,sentinel1,treatment_0005,P01-08,0.19952623149688808,7379.658227424476,False
cv,sentinel1,treatment_0005,P01-08,0.25118864315095824,7379.6581928186515,False
cv,sentinel1,treatment_0005,P01-08,0.31622776601683794,7379.658149256537,False
cv,sentinel1,treatment_0005,P01-08,0.3981071705534973,7379.658094421486,False
cv,sentinel1,treatment_0005,P01-08,0.5011872336272725,7379.658025398388,False
cv,sentinel1,treatment_0005,P01-08,0.6309573444801936,7379.657938519529,False
cv,sentinel1,treatment_0005,P01-08,0.7943282347242822,7379.657829170997,False
cv,sentinel1,treatment_0005,P01-08,1.0,7379.657691549715,False
cv,sentinel1,treatment_0005,P01-08,1.2589254117941688,7379.657518358745,False
cv,sentinel1,treatment_0005,P01-08,1.584893192461114,7379.657300425584,False
cv,sentinel1,treatment_0005,P01-08,1.9952623149688788,7379.657026224575,False
cv,sentinel1,treatment_0005,P01-08,2.5118864315095824,7379.656681280385,False
cv,sentinel1,treatment_0005,P01-08,3.1622776601683795,7379.656247424449,False
cv,sentinel1,treatment_0005,P01-08,3.9810717055349776,7379.655701870675,False
cv,sentinel1,treatment_0005,P01-08,5.011872336272725,7379.655016070425,False
cv,sentinel1,treatment_0005,P01-08,6.309573444801943,7379.654154300457,False
cv,sentinel1,treatment_0005,P01-08,7.943282347242821,7379.6530719317125,False
cv,sentinel1,treatment_0005,P01-08,10.0,7379.651713323143,False
cv,sentinel1,treatment_0005,P01-08,12.589254117941687,7379.650009285762,False
cv,sentinel1,treatment_0005,P01-08,15.848931924611142,7379.647874071874,False
cv,sentinel1,treatment_0005,P01-08,19.95262314968883,7379.645201870363,False
cv,sentinel1,treatment_0005,P01-08,25.11886431509582,7379.641862842045,False
cv,sentinel1,treatment_0005,P01-08,31.622776601683793,7379.63769882776,False
cv,sentinel1,treatment_0005,P01-08,39.81071705534978,7379.632519033472,False
cv,sentinel1,treatment_0005,P01-08,50.11872336272725,7379.626096283952,False
cv,sentinel1,treatment_0005,P01-08,63.09573444801943,7379.6181649014325,False
cv,sentinel1,treatment_0005,P01-08,79.43282347242821,7379.608421997967,False
cv,sentinel1,treatment_0005,P01-08,100.0,7379.5965350925035,False
cv,sentinel1,treatment_0005,P01-08,125.89254117941688,7379.582160633381,False
cv,sentinel1,treatment_0005,P01-08,158.48931924611142,7379.564980404804,False
cv,sentinel1,treatment_0005,P01-08,199.5262314968883,7379.544766083694,False
cv,sentinel1,treatment_0005,P01-08,251.18864315095823,7379.52148643303,False
cv,sentinel1,treatment_0005,P01-08,316.22776601683796,7379.495476486357,False
cv,sentinel1,treatment_0005,P01-08,398.1071705534977,7379.467692621018,False
cv,sentinel1,treatment_0005,P01-08,501.18723362727246,7379.440079405867,False
cv,sentinel1,treatment_0005,P01-08,630.9573444801943,7379.416069349112,False
cv,sentinel1,treatment_0005,P01-08,794.3282347242822,7379.401218465056,True
cv,sentinel1,treatment_0005,P01-08,1000.0,7379.403940153466,False
cv,sentinel1,treatment_0005,P01-08,1258.9254117941687,7379.43622929318,False
cv,sentinel1,treatment_0005,P01-08,1584.893192461114,7379.514167765464,False
cv,sentinel1,treatment_0005,P01-08,1995.262314968883,7379.657891947048,False
cv,sentinel1,treatment_0005,P01-08,2511.886431509582,7379.890634583327,False
cv,sentinel1,treatment_0005,P01-08,3162.2776601683795,7380.236512391068,False
cv,sentinel1,treatment_0005,P01-08,3981.0717055349774,7380.717000404329,False
cv,sentinel1,treatment_0005,P01-08,5011.872336272725,7381.346524061635,False
cv,sentinel1,treatment_0005,P01-08,6309.573444801943,7382.128166576162,False
cv,sentinel1,treatment_0005,P01-08,7943.282347242822,7383.050834362388,False
cv,sentinel1,treatment_0005,P01-08,10000.0,7384.08904468564,False
cv,sentinel1,treatment_0005,P01-09,0.0001,8291.245006708072,False
cv,sentinel1,treatment_0005,P01-09,0.00012589254117941674,8291.245006689984,False
cv,sentinel1,treatment_0005,P01-09,0.00015848931924611142,8291.24500666721,False
cv,sentinel1,treatment_0005,P01-09,0.00019952623149688788,8291.245006638539,False
cv,sentinel1,treatment_0005,P01-09,0.00025118864315095795,8291.245006602445,False
cv,sentinel1,treatment_0005,P01-09,0.00031622776601683794,8291.245006557006,False
cv,sentinel1,treatment_0005,P01-09,0.00039810717055349735,8291.245006499803,False
cv,sentinel1,treatment_0005,P01-09,0.0005011872336272725,8291.245006427787,False
cv,sentinel1,treatment_0005,P01-09,0.000630957344480193,8291.245006337123,False
cv,sentinel1,treatment_0005,P01-09,0.0007943282347242813,8291.245006222987,False
cv,sentinel1,treatment_0005,P01-09,0.001,8291.245006079294,False
cv,sentinel1,treatment_0005,P01-09,0.0012589254117941675,8291.245005898398,False
cv,sentinel1,treatment_0005,P01-09,0.001584893192461114,8291.245005670666,False
cv,sentinel1,treatment_0005,P01-09,0.001995262314968879,8291.245005383966,False
cv,sentinel1,treatment_0005,P01-09,0.002511886431509582,8291.24500502303,False
cv,sentinel1,treatment_0005,P01-09,0.0031622776601683794,8291.245004568644,False
cv,sentinel1,treatment_0005,P01-09,0.003981071705534973,8291.2450039966,False
cv,sentinel1,treatment_0005,P01-09,0.005011872336272725,8291.245003276446,False
cv,sentinel1,treatment_0005,P01-09,0.00630957344480193,8291.245002369824,False
cv,sentinel1,treatment_0005,P01-09,0.00794328234724282,8291.245001228459,False
cv,sentinel1,treatment_0005,P01-09,0.01,8291.244999791566,False
cv,sentinel1,treatment_0005,P01-09,0.012589254117941675,8291.244997982634,False
cv,sentinel1,treatment_0005,P01-09,0.01584893192461114,8291.244995705332,False
cv,sentinel1,treatment_0005,P01-09,0.01995262314968881,8291.244992838392,False
cv,sentinel1,treatment_0005,P01-09,0.025118864315095822,8291.24498922915,False
cv,sentinel1,treatment_0005,P01-09,0.03162277660168379,8291.244984685422,False
cv,sentinel1,treatment_0005,P01-09,0.039810717055349734,8291.244978965262,False
cv,sentinel1,treatment_0005,P01-09,0.05011872336272725,8291.244971764097,False
cv,sentinel1,treatment_0005,P01-09,0.06309573444801936,8291.244962698513,False
cv,sentinel1,treatment_0005,P01-09,0.07943282347242822,8291.244951285844,False
cv,sentinel1,treatment_0005,P01-09,0.1,8291.244936918503,False
cv,sentinel1,treatment_0005,P01-09,0.12589254117941676,8291.244918831664,False
cv,sentinel1,treatment_0005,P01-09,0.15848931924611143,8291.244896062582,False
cv,sentinel1,treatment_0005,P01-09,0.19952623149688808,8291.24486739944,False
cv,sentinel1,treatment_0005,P01-09,0.25118864315095824,8291.244831316948,False
cv,sentinel1,treatment_0005,P01-09,0.31622776601683794,8291.244785895373,False
cv,sentinel1,treatment_0005,P01-09,0.3981071705534973,8291.244728718688,False
cv,sentinel1,treatment_0005,P01-09,0.5011872336272725,8291.24465674653,False
cv,sentinel1,treatment_0005,P01-09,0.6309573444801936,8291.24456615325,False
cv,sentinel1,treatment_0005,P01-09,0.7943282347242822,8291.244452125722,False
cv,sentinel1,treatment_0005,P01-09,1.0,8291.244308609474,False
cv,sentinel1,treatment_0005,P01-09,1.2589254117941688,8291.244127990121,False
cv,sentinel1,treatment_0005,P01-09,1.584893192461114,8291.243900693986,False
cv,sentinel1,treatment_0005,P01-09,1.9952623149688788,8291.243614687965,False
cv,sentinel1,treatment_0005,P01-09,2.5118864315095824,8291.243254854066,False
cv,sentinel1,treatment_0005,P01-09,3.1622776601683795,8291.24280220863,False
cv,sentinel1,treatment_0005,P01-09,3.9810717055349776,8291.242232929873,False
cv,sentinel1,treatment_0005,P01-09,5.011872336272725,8291.2415171502,False
cv,sentinel1,treatment_0005,P01-09,6.309573444801943,8291.240617462037,False
cv,sentinel1,treatment_0005,P01-09,7.943282347242821,8291.239487078199,False
cv,sentinel1,treatment_0005,P01-09,10.0,8291.238067581286,False
cv,sentinel1,treatment_0005,P01-09,12.589254117941687,8291.23628619344,False
cv,sentinel1,treatment_0005,P01-09,15.848931924611142,8291.234052501524,False
cv,sentinel1,treatment_0005,P01-09,19.95262314968883,8291.231254589673,False
cv,sentinel1,treatment_0005,P01-09,25.11886431509582,8291.227754571008,False
cv,sentinel1,treatment_0005,P01-09,31.622776601683793,8291.223383589311,False
cv,sentinel1,treatment_0005,P01-09,39.81071705534978,8291.217936504228,False
cv,sentinel1,treatment_0005,P01-09,50.11872336272725,8291.211166718871,False
cv,sentinel1,treatment_0005,P01-09,63.09573444801943,8291.202782013761,False
cv,sentinel1,treatment_0005,P01-09,79.43282347242821,8291.192442899905,False
cv,sentinel1,treatment_0005,P01-09,100.0,8291.179766014879,False
cv,sentinel1,treatment_0005,P01-09,125.89254117941688,8291.164336616099,False
cv,sentinel1,treatment_0005,P01-09,158.48931924611142,8291.145736468927,False
cv,sentinel1,treatment_0005,P01-09,199.5262314968883,8291.123596586389,False
cv,sentinel1,treatment_0005,P01-09,251.18864315095823,8291.097688490689,False
cv,sentinel1,treatment_0005,P01-09,316.22776601683796,8291.068072845494,False
cv,sentinel1,treatment_0005,P01-09,398.1071705534977,8291.03532982729,False
cv,sentinel1,treatment_0005,P01-09,501.18723362727246,8291.00089978591,False
cv,sentinel1,treatment_0005,P01-09,630.9573444801943,8290.967562129432,False
cv,sentinel1,treatment_0005,P01-09,794.3282347242822,8290.940068943424,False
cv,sentinel1,treatment_0005,P01-09,1000.0,8290.925918821353,True
cv,sentinel1,treatment_0005,P01-09,1258.9254117941687,8290.936195737664,False
cv,sentinel1,treatment_0005,P01-09,1584.893192461114,8290.986301675697,False
cv,sentinel1,treatment_0005,P01-09,1995.262314968883,8291.09628921375,False
cv,sentinel1,treatment_0005,P01-09,2511.886431509582,8291.29039013305,False
cv,sentinel1,treatment_0005,P01-09,3162.2776601683795,8291.595316017974,False
cv,sentinel1,treatment_0005,P01-09,3981.0717055349774,8292.037077753792,False
cv,sentinel1,treatment_0005,P01-09,5011.872336272725,8292.636497523159,False
cv,sentinel1,treatment_0005,P01-09,6309.573444801943,8293.404204625407,False
cv,sentinel1,treatment_0005,P01-09,7943.282347242822,8294.336462467953,False
cv,sentinel1,treatment_0005,P01-09,10000.0,8295.413304898995,False
cv,sentinel1,treatment_0006,P01-08,0.0001,7828.8921735634,False
cv,sentinel1,treatment_0006,P01-08,0.00012589254117941674,7828.892173533521,False
cv,sentinel1,treatment_0006,P01-08,0.00015848931924611142,7828.892173495902,False
cv,sentinel1,treatment_0006,P01-08,0.00019952623149688788,7828.892173448542,False
cv,sentinel1,treatment_0006,P01-08,0.00025118864315095795,7828.892173388921,False
cv,sentinel1,treatment_0006,P01-08,0.00031622776601683794,7828.892173313862,False
cv,sentinel1,treatment_0006,P01-08,0.00039810717055349735,7828.89217321937,False
cv,sentinel1,treatment_0006,P01-08,0.0005011872336272725,7828.89217310041,False
cv,sentinel1,treatment_0006,P01-08,0.000630957344480193,7828.892172950649,False
cv,sentinel1,treatment_0006,P01-08,0.0007943282347242813,7828.89217276211,False
cv,sentinel1,treatment_0006,P01-08,0.001,7828.892172524755,False
cv,sentinel1,treatment_0006,P01-08,0.0012589254117941675,7828.892172225942,False
cv,sentinel1,treatment_0006,P01-08,0.001584893192461114,7828.8921718497595,False
cv,sentinel1,treatment_0006,P01-08,0.001995262314968879,7828.892171376175,False
cv,sentinel1,treatment_0006,P01-08,0.002511886431509582,7828.8921707799645,False
cv,sentinel1,treatment_0006,P01-08,0.0031622776601683794,7828.892170029383,False
cv,sentinel1,treatment_0006,P01-08,0.003981071705534973,7828.892169084458,False
cv,sentinel1,treatment_0006,P01-08,0.005011872336272725,7828.892167894869,False
cv,sentinel1,treatment_0006,P01-08,0.00630957344480193,7828.892166397269,False
cv,sentinel1,treatment_0006,P01-08,0.00794328234724282,7828.892164511906,False
cv,sentinel1,treatment_0006,P01-08,0.01,7828.892162138382,False
cv,sentinel1,treatment_0006,P01-08,0.012589254117941675,7828.892159150304,False
cv,sentinel1,treatment_0006,P01-08,0.01584893192461114,7828.892155388557,False
cv,sentinel1,treatment_0006,P01-08,0.01995262314968881,7828.892150652824,False
cv,sentinel1,treatment_0006,P01-08,0.025118864315095822,7828.892144690937,False
cv,sentinel1,treatment_0006,P01-08,0.03162277660168379,7828.892137185441,False
cv,sentinel1,treatment_0006,P01-08,0.039810717055349734,7828.8921277366935,False
cv,sentinel1,treatment_0006,P01-08,0.05011872336272725,7828.892115841611,False
cv,sentinel1,treatment_0006,P01-08,0.06309573444801936,7828.89210086688,False
cv,sentinel1,treatment_0006,P01-08,0.07943282347242822,7828.892082015271,False
cv,sentinel1,treatment_0006,P01-08,0.1,7828.892058283233,False
cv,sentinel1,treatment_0006,P01-08,0.12589254117941676,7828.892028407526,False
cv,sentinel1,treatment_0006,P01-08,0.15848931924611143,7828.8919907980735,False
cv,sentinel1,treatment_0006,P01-08,0.19952623149688808,7828.891943453488,False
cv,sentinel1,treatment_0006,P01-08,0.25118864315095824,7828.891883854799,False
cv,sentinel1,treatment_0006,P01-08,0.31622776601683794,7828.891808831801,False
cv,sentinel1,treatment_0006,P01-08,0.3981071705534973,7828.891714395023,False
cv,sentinel1,treatment_0006,P01-08,0.5011872336272725,7828.891595524519,False
cv,sentinel1,treatment_0006,P01-08,0.6309573444801936,7828.891445904505,False
cv,sentinel1,treatment_0006,P01-08,0.7943282347242822,7828.891257590166,False
cv,sentinel1,treatment_0006,P01-08,1.0,7828.891020589505,False
cv,sentinel1,treatment_0006,P01-08,1.2589254117941688,7828.890722339101,False
cv,sentinel1,treatment_0006,P01-08,1.584893192461114,7828.890347047507,False
cv,sentinel1,treatment_0006,P01-08,1.9952623149688788,7828.8898748740085,False
cv,sentinel1,treatment_0006,P01-08,2.5118864315095824,7828.889280903251,False
cv,sentinel1,treatment_0006,P01-08,3.1622776601683795,7828.888533867861,False
cv,sentinel1,treatment_0006,P01-08,3.9810717055349776,7828.887594561604,False
cv,sentinel1,treatment_0006,P01-08,5.011872336272725,7828.886413875389,False
cv,sentinel1,treatment_0006,P01-08,6.309573444801943,7828.884930378022,False
cv,sentinel1,treatment_0006,P01-08,7.943282347242821,7828.883067354687,False
cv,sentinel1,treatment_0006,P01-08,10.0,7828.880729211429,False
cv,sentinel1,treatment_0006,P01-08,12.589254117941687,7828.877797157999,False
cv,sentinel1,treatment_0006,P01-08,15.848931924611142,7828.87412410242,False
cv,sentinel1,treatment_0006,P01-08,19.95262314968883,7828.869528741462,False
cv,sentinel1,treatment_0006,P01-08,25.11886431509582,7828.863788932882,False
cv,sentinel1,treatment_0006,P01-08,31.622776601683793,7828.856634620852,False
cv,sentinel1,treatment_0006,P01-08,39.81071705534978,7828.847740906789,False
cv,sentinel1,treatment_0006,P01-08,50.11872336272725,7828.8367223917685,False
cv,sentinel1,treatment_0006,P01-08,63.09573444801943,7828.8231307795095,False
cv,sentinel1,treatment_0006,P01-08,79.43282347242821,7828.806459087505,False
cv,sentinel1,treatment_0006,P01-08,100.0,7828.786157898845,False
cv,sentinel1,treatment_0006,P01-08,125.89254117941688,7828.76167219926,False
cv,sentinel1,treatment_0006,P01-08,158.48931924611142,7828.732511836991,False
cv,sentinel1,treatment_0006,P01-08,199.5262314968883,7828.6983748565335,False
cv,sentinel1,treatment_0006,P01-08,251.18864315095823,7828.659351042787,False
cv,sentinel1,treatment_0006,P01-08,316.22776601683796,7828.616242571078,False
cv,sentinel1,treatment_0006,P01-08,398.1071705534977,7828.571048080777,False
cv,sentinel1,treatment_0006,P01-08,501.18723362727246,7828.5276618966245,False
cv,sentinel1,treatment_0006,P01-08,630.9573444801943,7828.492833959829,False
cv,sentinel1,treatment_0006,P01-08,794.3282347242822,7828.4774058041285,True
cv,sentinel1,treatment_0006,P01-08,1000.0,7828.497766416826,False
cv,sentinel1,treatment_0006,P01-08,1258.9254117941687,7828.577341634764,False
cv,sentinel1,treatment_0006,P01-08,1584.893192461114,7828.747736696845,False
cv,sentinel1,treatment_0006,P01-08,1995.262314968883,7829.04892356734,False
cv,sentinel1,treatment_0006,P01-08,2511.886431509582,7829.527694453958,False
cv,sentinel1,treatment_0006,P01-08,3162.2776601683795,7830.233652659084,False
cv,sentinel1,treatment_0006,P01-08,3981.0717055349774,7831.21246433671,False
cv,sentinel1,treatment_0006,P01-08,5011.872336272725,7832.497018838177,False
cv,sentinel1,treatment_0006,P01-08,6309.573444801943,7834.098322764146,False
cv,sentinel1,treatment_0006,P01-08,7943.282347242822,7835.998822695954,False
cv,sentinel1,treatment_0006,P01-08,10000.0,7838.150748434538,False
cv,sentinel1,treatment_0006,P01-09,0.0001,8796.917150695805,False
cv,sentinel1,treatment_0006,P01-09,0.00012589254117941674,8796.917150671175,False
cv,sentinel1,treatment_0006,P01-09,0.00015848931924611142,8796.917150640174,False
cv,sentinel1,treatment_0006,P01-09,0.00019952623149688788,8796.917150601143,False
cv,sentinel1,treatment_0006,P01-09,0.00025118864315095795,8796.917150552008,False
cv,sentinel1,treatment_0006,P01-09,0.00031622776601683794,8796.917150490146,False
cv,sentinel1,treatment_0006,P01-09,0.00039810717055349735,8796.91715041227,False
cv,sentinel1,treatment_0006,P01-09,0.0005011872336272725,8796.91715031423,False
cv,sentinel1,treatment_0006,P01-09,0.000630957344480193,8796.917150190804,False
cv,sentinel1,treatment_0006,P01-09,0.0007943282347242813,8796.91715003542,False
cv,sentinel1,treatment_0006,P01-09,0.001,8796.917149839803,False
cv,sentinel1,treatment_0006,P01-09,0.0012589254117941675,8796.917149593535,False
cv,sentinel1,treatment_0006,P01-09,0.001584893192461114,8796.917149283505,False
cv,sentinel1,treatment_0006,P01-09,0.001995262314968879,8796.917148893197,False
cv,sentinel1,treatment_0006,P01-09,0.002511886431509582,8796.917148401832,False
cv,sentinel1,treatment_0006,P01-09,0.0031622776601683794,8796.917147783239,False
cv,sentinel1,treatment_0006,P01-09,0.003981071705534973,8796.917147004478,False
cv,sentinel1,treatment_0006,P01-09,0.005011872336272725,8796.917146024076,False
cv,sentinel1,treatment_0006,P01-09,0.00630957344480193,8796.91714478983,False
cv,sentinel1,treatment_0006,P01-09,0.00794328234724282,8796.917143236005,False
cv,sentinel1,treatment_0006,P01-09,0.01,8796.917141279864,False
cv,sentinel1,treatment_0006,P01-09,0.012589254117941675,8796.91713881724,False
cv,sentinel1,treatment_0006,P01-09,0.01584893192461114,8796.91713571699,False
cv,sentinel1,treatment_0006,P01-09,0.01995262314968881,8796.91713181404,False
cv,sentinel1,treatment_0006,P01-09,0.025118864315095822,8796.917126900553,False
cv,sentinel1,treatment_0006,P01-09,0.03162277660168379,8796.917120714905,False
cv,sentinel1,treatment_0006,P01-09,0.039810717055349734,8796.917112927735,False
cv,sentinel1,treatment_0006,P01-09,0.05011872336272725,8796.91710312443,False
cv,sentinel1,treatment_0006,P01-09,0.06309573444801936,8796.917090783052,False
cv,sentinel1,treatment_0006,P01-09,0.07943282347242822,8796.917075246582,False
cv,sentinel1,treatment_0006,P01-09,0.1,8796.917055687962,False
cv,sentinel1,treatment_0006,P01-09,0.12589254117941676,8796.917031066128,False
cv,sentinel1,treatment_0006,P01-09,0.15848931924611143,8796.917000070678,False
cv,sentinel1,treatment_0006,P01-09,0.19952623149688808,8796.916961052259,False
cv,sentinel1,treatment_0006,P01-09,0.25118864315095824,8796.916911935,False
cv,sentinel1,treatment_0006,P01-09,0.31622776601683794,8796.916850106412,False
cv,sentinel1,treatment_0006,P01-09,0.3981071705534973,8796.916772278935,False
cv,sentinel1,treatment_0006,P01-09,0.5011872336272725,8796.91667431596,False
cv,sentinel1,treatment_0006,P01-09,0.6309573444801936,8796.916551013259,False
cv,sentinel1,treatment_0006,P01-09,0.7943282347242822,8796.916395824575,False
cv,sentinel1,treatment_0006,P01-09,1.0,8796.91620051733,False
cv,sentinel1,treatment_0006,P01-09,1.2589254117941688,8796.91595474107,False
cv,sentinel1,treatment_0006,P01-09,1.584893192461114,8796.915645487135,False
cv,sentinel1,treatment_0006,P01-09,1.9952623149688788,8796.915256413085,False
cv,sentinel1,treatment_0006,P01-09,2.5118864315095824,8796.914766999678,False
cv,sentinel1,treatment_0006,P01-09,3.1622776601683795,8796.914151501282,False
cv,sentinel1,treatment_0006,P01-09,3.9810717055349776,8796.913377643166,False
cv,sentinel1,treatment_0006,P01-09,5.011872336272725,8796.912405010913,False
cv,sentinel1,treatment_0006,P01-09,6.309573444801943,8796.911183069344,False
cv,sentinel1,treatment_0006,P01-09,7.943282347242821,8796.909648742056,False
cv,sentinel1,treatment_0006,P01-09,10.0,8796.907723480364,False
cv,sentinel1,treatment_0006,P01-09,12.589254117941687,8796.905309756465,False
cv,sentinel1,treatment_0006,P01-09,15.848931924611142,8796.90228693716,False
cv,sentinel1,treatment_0006,P01-09,19.95262314968883,8796.898506543028,False
cv,sentinel1,treatment_0006,P01-09,25.11886431509582,8796.893786992492,False
cv,sentinel1,treatment_0006,P01-09,31.622776601683793,8796.8879081005,False
cv,sentinel1,treatment_0006,P01-09,39.81071705534978,8796.880605893719,False
cv,sentinel1,treatment_0006,P01-09,50.11872336272725,8796.871568789362,False
cv,sentinel1,treatment_0006,P01-09,63.09573444801943,8796.860436968907,False
cv,sentinel1,treatment_0006,P01-09,79.43282347242821,8796.84680801651,False
cv,sentinel1,treatment_0006,P01-09,100.0,8796.830253803699,False
cv,sentinel1,treatment_0006,P01-09,125.89254117941688,8796.810356482263,False
cv,sentinel1,treatment_0006,P01-09,158.48931924611142,8796.786775662982,False
cv,sentinel1,treatment_0006,P01-09,199.5262314968883,8796.759364808624,False
cv,sentinel1,treatment_0006,P01-09,251.18864315095823,8796.728362860034,False
cv,sentinel1,treatment_0006,P01-09,316.22776601683796,8796.694697073106,False
cv,sentinel1,treatment_0006,P01-09,398.1071705534977,8796.660443967427,False
cv,sentinel1,treatment_0006,P01-09,501.18723362727246,8796.62950428501,False
cv,sentinel1,treatment_0006,P01-09,630.9573444801943,8796.60854873816,False
cv,sentinel1,treatment_0006,P01-09,794.3282347242822,8796.608272949132,True
cv,sentinel1,treatment_0006,P01-09,1000.0,8796.64494531929,False
cv,sentinel1,treatment_0006,P01-09,1258.9254117941687,8796.742119700126,False
cv,sentinel1,treatment_0006,P01-09,1584.893192461114,8796.932199686813,False
cv,sentinel1,treatment_0006,P01-09,1995.262314968883,8797.257291826236,False
cv,sentinel1,treatment_0006,P01-09,2511.886431509582,8797.768534687057,False
cv,sentinel1,treatment_0006,P01-09,3162.2776601683795,8798.52298442436,False
cv,sentinel1,treatment_0006,P01-09,3981.0717055349774,8799.577386984525,False
cv,sentinel1,treatment_0006,P01-09,5011.872336272725,8800.978950274719,False
cv,sentinel1,treatment_0006,P01-09,6309.573444801943,8802.754499093917,False
cv,sentinel1,treatment_0006,P01-09,7943.282347242822,8804.90070875801,False
cv,sentinel1,treatment_0006,P01-09,10000.0,8807.378701849486,False
cv,sentinel1,treatment_0007,P01-08,0.0001,3850.755901520164,False
cv,sentinel1,treatment_0007,P01-08,0.00012589254117941674,3850.755901440821,False
cv,sentinel1,treatment_0007,P01-08,0.00015848931924611142,3850.7559013409336,False
cv,sentinel1,treatment_0007,P01-08,0.00019952623149688788,3850.7559012151837,False
cv,sentinel1,treatment_0007,P01-08,0.00025118864315095795,3850.7559010568734,False
cv,sentinel1,treatment_0007,P01-08,0.00031622776601683794,3850.755900857572,False
cv,sentinel1,treatment_0007,P01-08,0.00039810717055349735,3850.7559006066676,False
cv,sentinel1,treatment_0007,P01-08,0.0005011872336272725,3850.7559002907965,False
cv,sentinel1,treatment_0007,P01-08,0.000630957344480193,3850.7558998931395,False
cv,sentinel1,treatment_0007,P01-08,0.0007943282347242813,3850.755899392519,False
cv,sentinel1,treatment_0007,P01-08,0.001,3850.755898762276,False
cv,sentinel1,treatment_0007,P01-08,0.0012589254117941675,3850.7558979688474,False
cv,sentinel1,treatment_0007,P01-08,0.001584893192461114,3850.7558969699808,False
cv,sentinel1,treatment_0007,P01-08,0.001995262314968879,3850.755895712485,False
cv,sentinel1,treatment_0007,P01-08,0.002511886431509582,3850.7558941293946,False
cv,sentinel1,treatment_0007,P01-08,0.0031622776601683794,3850.7558921364075,False
cv,sentinel1,treatment_0007,P01-08,0.003981071705534973,3850.7558896273918,False
cv,sentinel1,treatment_0007,P01-08,0.005011872336272725,3850.7558864687426,False
cv,sentinel1,treatment_0007,P01-08,0.00630957344480193,3850.755882492258,False
cv,sentinel1,treatment_0007,P01-08,0.00794328234724282,3850.755877486192,False
cv,sentinel1,treatment_0007,P01-08,0.01,3850.755871183979,False
cv,sentinel1,treatment_0007,P01-08,0.012589254117941675,3850.7558632500436,False
cv,sentinel1,treatment_0007,P01-08,0.01584893192461114,3850.7558532619364,False
cv,sentinel1,treatment_0007,P01-08,0.01995262314968881,3850.7558406878557,False
cv,sentinel1,treatment_0007,P01-08,0.025118864315095822,3850.7558248583437,False
cv,sentinel1,treatment_0007,P01-08,0.03162277660168379,3850.755804930672,False
cv,sentinel1,treatment_0007,P01-08,0.039810717055349734,3850.7557798440193,False
cv,sentinel1,treatment_0007,P01-08,0.05011872336272725,3850.7557482630605,False
cv,sentinel1,treatment_0007,P01-08,0.06309573444801936,3850.755708506995,False
cv,sentinel1,treatment_0007,P01-08,0.07943282347242822,3850.7556584602535,False
cv,sentinel1,treatment_0007,P01-08,0.1,3850.755595460179,False
cv,sentinel1,treatment_0007,P01-08,0.12589254117941676,3850.7555161557702,False
cv,sentinel1,treatment_0007,P01-08,0.15848931924611143,3850.7554163300924,False
cv,sentinel1,treatment_0007,P01-08,0.19952623149688808,3850.7552906770698,False
cv,sentinel1,treatment_0007,P01-08,0.25118864315095824,3850.7551325210748,False
cv,sentinel1,treatment_0007,P01-08,0.31622776601683794,3850.7549334648515,False
cv,sentinel1,treatment_0007,P01-08,0.3981071705534973,3850.754682947748,False
cv,sentinel1,treatment_0007,P01-08,0.5011872336272725,3850.7543676919076,False
cv,sentinel1,treatment_0007,P01-08,0.6309573444801936,3850.7539710087835,False
cv,sentinel1,treatment_0007,P01-08,0.7943282347242822,3850.753471931953,False
cv,sentinel1,treatment_0007,P01-08,1.0,3850.752844134712,False
cv,sentinel1,treatment_0007,P01-08,1.2589254117941688,3850.7520545821235,False
cv,sentinel1,treatment_0007,P01-08,1.584893192461114,3850.751061857344,False
cv,sentinel1,treatment_0007,P01-08,1.9952623149688788,3850.7498140914486,False
cv,sentinel1,treatment_0007,P01-08,2.5118864315095824,3850.748246415477,False
cv,sentinel1,treatment_0007,P01-08,3.1622776601683795,3850.7462778447825,False
cv,sentinel1,treatment_0007,P01-08,3.9810717055349776,3850.743807501898,False
cv,sentinel1,treatment_0007,P01-08,5.011872336272725,3850.7407100904215,False
cv,sentinel1,treatment_0007,P01-08,6.309573444801943,3850.736830557581,False
cv,sentinel1,treatment_0007,P01-08,7.943282347242821,3850.731977941624,False
cv,sentinel1,treatment_0007,P01-08,10.0,3850.725918515209,False
cv,sentinel1,treatment_0007,P01-08,12.589254117941687,3850.718368544124,False
cv,sentinel1,treatment_0007,P01-08,15.848931924611142,3850.7089873387795,False
cv,sentinel1,treatment_0007,P01-08,19.95262314968883,3850.69737187055,False
cv,sentinel1,treatment_0007,P01-08,25.11886431509582,3850.683055185042,False
cv,sentinel1,treatment_0007,P01-08,31.622776601683793,3850.6655123563796,False
cv,sentinel1,treatment_0007,P01-08,39.81071705534978,3850.6441800506145,False
cv,sentinel1,treatment_0007,P01-08,50.11872336272725,3850.6184992451663,False
cv,sentinel1,treatment_0007,P01-08,63.09573444801943,3850.5879956969147,False
cv,sentinel1,treatment_0007,P01-08,79.43282347242821,3850.5524197791015,False
cv,sentinel1,treatment_0007,P01-08,100.0,3850.511976555547,False
cv,sentinel1,treatment_0007,P01-08,125.89254117941688,3850.467688109807,False
cv,sentinel1,treatment_0007,P01-08,158.48931924611142,3850.4219416019687,False
cv,sentinel1,treatment_0007,P01-08,199.5262314968883,3850.379284242894,False
cv,sentinel1,treatment_0007,P01-08,251.18864315095823,3850.3475222383195,False
cv,sentinel1,treatment_0007,P01-08,316.22776601683796,3850.33915094114,True
cv,sentinel1,treatment_0007,P01-08,398.1071705534977,3850.3730681893367,False
cv,sentinel1,treatment_0007,P01-08,501.18723362727246,3850.476380474713,False
cv,sentinel1,treatment_0007,P01-08,630.9573444801943,3850.6858915451908,False
cv,sentinel1,treatment_0007,P01-08,794.3282347242822,3851.04859064095,False
cv,sentinel1,treatment_0007,P01-08,1000.0,3851.620226822979,False
cv,sentinel1,treatment_0007,P01-08,1258.9254117941687,3852.4610470207035,False
cv,sentinel1,treatment_0007,P01-08,1584.893192461114,3853.6282129490783,False
cv,sentinel1,treatment_0007,P01-08,1995.262314968883,3855.16542284132,False
cv,sentinel1,treatment_0007,P01-08,2511.886431509582,3857.091667726383,False
cv,sentinel1,treatment_0007,P01-08,3162.2776601683795,3859.3922469941504,False
cv,sentinel1,treatment_0007,P01-08,3981.0717055349774,3862.0153360027866,False
cv,sentinel1,treatment_0007,P01-08,5011.872336272725,3864.8760570037502,False
cv,sentinel1,treatment_0007,P01-08,6309.573444801943,3867.867529601687,False
cv,sentinel1,treatment_0007,P01-08,7943.282347242822,3870.875945962792,False
cv,sentinel1,treatment_0007,P01-08,10000.0,3873.7955628655823,False
cv,sentinel1,treatment_0007,P01-09,0.0001,4822.243258545622,False
cv,sentinel1,treatment_0007,P01-09,0.00012589254117941674,4822.243258499572,False
cv,sentinel1,treatment_0007,P01-09,0.00015848931924611142,4822.243258441598,False
cv,sentinel1,treatment_0007,P01-09,0.00019952623149688788,4822.243258368614,False
cv,sentinel1,treatment_0007,P01-09,0.00025118864315095795,4822.243258276734,False
cv,sentinel1,treatment_0007,P01-09,0.00031622776601683794,4822.243258161062,False
cv,sentinel1,treatment_0007,P01-09,0.00039810717055349735,4822.24325801544,False
cv,sentinel1,treatment_0007,P01-09,0.0005011872336272725,4822.243257832111,False
cv,sentinel1,treatment_0007,P01-09,0.000630957344480193,4822.243257601317,False
cv,sentinel1,treatment_0007,P01-09,0.0007943282347242813,4822.243257310763,False
cv,sentinel1,treatment_0007,P01-09,0.001,4822.2432569449775,False
cv,sentinel1,treatment_0007,P01-09,0.0012589254117941675,4822.243256484482,False
cv,sentinel1,treatment_0007,P01-09,0.001584893192461114,4822.243255904754,False
cv,sentinel1,treatment_0007,P01-09,0.001995262314968879,4822.243255174919,False
cv,sentinel1,treatment_0007,P01-09,0.002511886431509582,4822.243254256115,False
cv,sentinel1,treatment_0007,P01-09,0.0031622776601683794,4822.24325309941,False
cv,sentinel1,treatment_0007,P01-09,0.003981071705534973,4822.243251643213,False
cv,sentinel1,treatment_0007,P01-09,0.005011872336272725,4822.243249809977,False
cv,sentinel1,treatment_0007,P01-09,0.00630957344480193,4822.243247502082,False
cv,sentinel1,treatment_0007,P01-09,0.00794328234724282,4822.243244596636,False
cv,sentinel1,treatment_0007,P01-09,0.01,4822.243240938929,False
cv,sentinel1,treatment_0007,P01-09,0.012589254117941675,4822.243236334202,False
cv,sentinel1,treatment_0007,P01-09,0.01584893192461114,4822.243230537279,False
cv,sentinel1,treatment_0007,P01-09,0.01995262314968881,4822.243223239516,False
cv,sentinel1,treatment_0007,P01-09,0.025118864315095822,4822.243214052387,False
cv,sentinel1,treatment_0007,P01-09,0.03162277660168379,4822.24320248681,False
cv,sentinel1,treatment_0007,P01-09,0.039810717055349734,4822.243187927141,False
cv,sentinel1,treatment_0007,P01-09,0.05011872336272725,4822.243169598437,False
cv,sentinel1,treatment_0007,P01-09,0.06309573444801936,4822.243146525293,False
cv,sentinel1,treatment_0007,P01-09,0.07943282347242822,4822.243117480026,False
cv,sentinel1,treatment_0007,P01-09,0.1,4822.243080917529,False
cv,sentinel1,treatment_0007,P01-09,0.12589254117941676,4822.24303489335,False
cv,sentinel1,treatment_0007,P01-09,0.15848931924611143,4822.242976960704,False
cv,sentinel1,treatment_0007,P01-09,0.19952623149688808,4822.242904041077,False
cv,sentinel1,treatment_0007,P01-09,0.25118864315095824,4822.242812261708,False
cv,sentinel1,treatment_0007,P01-09,0.31622776601683794,4822.242696751613,False
cv,sentinel1,treatment_0007,P01-09,0.3981071705534973,4822.242551385767,False
cv,sentinel1,treatment_0007,P01-09,0.5011872336272725,4822.242368464598,False
cv,sentinel1,treatment_0007,P01-09,0.6309573444801936,4822.242138312951,False
cv,sentinel1,treatment_0007,P01-09,0.7943282347242822,4822.241848779094,False
cv,sentinel1,treatment_0007,P01-09,1.0,4822.24148461015,False
cv,sentinel1,treatment_0007,P01-09,1.2589254117941688,4822.2410266755705,False
cv,sentinel1,treatment_0007,P01-09,1.584893192461114,4822.2404510049555,False
cv,sentinel1,treatment_0007,P01-09,1.9952623149688788,4822.239727601136,False
cv,sentinel1,treatment_0007,P01-09,2.5118864315095824,4822.238818984544,False
cv,sentinel1,treatment_0007,P01-09,3.1622776601683795,4822.237678421684,False
cv,sentinel1,treatment_0007,P01-09,3.9810717055349776,4822.236247791329,False
cv,sentinel1,treatment_0007,P01-09,5.011872336272725,4822.234455050397,False
cv,sentinel1,treatment_0007,P01-09,6.309573444801943,4822.232211283668,False
cv,sentinel1,treatment_0007,P01-09,7.943282347242821,4822.229407367607,False
cv,sentinel1,treatment_0007,P01-09,10.0,4822.225910364654,False
cv,sentinel1,treatment_0007,P01-09,12.589254117941687,4822.221559916467,False
cv,sentinel1,treatment_0007,P01-09,15.848931924611142,4822.216165162628,False
cv,sentinel1,treatment_0007,P01-09,19.95262314968883,4822.209503137626,False
cv,sentinel1,treatment_0007,P01-09,25.11886431509582,4822.2013202876315,False
cv,sentinel1,treatment_0007,P01-09,31.622776601683793,4822.191339839668,False
cv,sentinel1,treatment_0007,P01-09,39.81071705534978,4822.179279452549,False
cv,sentinel1,treatment_0007,P01-09,50.11872336272725,4822.164886165248,False
cv,sentinel1,treatment_0007,P01-09,63.09573444801943,4822.147999511617,False
cv,sentinel1,treatment_0007,P01-09,79.43282347242821,4822.128659251461,False
cv,sentinel1,treatment_0007,P01-09,100.0,4822.107281957219,False
cv,sentinel1,treatment_0007,P01-09,125.89254117941688,4822.0849410128485,False
cv,sentinel1,treatment_0007,P01-09,158.48931924611142,4822.063797189233,False
cv,sentinel1,treatment_0007,P01-09,199.5262314968883,4822.047740303647,False
cv,sentinel1,treatment_0007,P01-09,251.18864315095823,4822.043312394115,True
cv,sentinel1,treatment_0007,P01-09,316.22776601683796,4822.060980733484,False
cv,sentinel1,treatment_0007,P01-09,398.1071705534977,4822.116799748434,False
cv,sentinel1,treatment_0007,P01-09,501.18723362727246,4822.234421952292,False
cv,sentinel1,treatment_0007,P01-09,630.9573444801943,4822.447262737176,False
cv,sentinel1,treatment_0007,P01-09,794.3282347242822,4822.800374337241,False
cv,sentinel1,treatment_0007,P01-09,1000.0,4823.351258288975,False
cv,sentinel1,treatment_0007,P01-09,1258.9254117941687,4824.16853646282,False
cv,sentinel1,treatment_0007,P01-09,1584.893192461114,4825.327307333649,False
cv,sentinel1,treatment_0007,P01-09,1995.262314968883,4826.900413494542,False
cv,sentinel1,treatment_0007,P01-09,2511.886431509582,4828.945948649935,False
cv,sentinel1,treatment_0007,P01-09,3162.2776601683795,4831.493026991054,False
cv,sentinel1,treatment_0007,P01-09,3981.0717055349774,4834.529492709052,False
cv,sentinel1,treatment_0007,P01-09,5011.872336272725,4837.995845784112,False
cv,sentinel1,treatment_0007,P01-09,6309.573444801943,4841.788412761372,False
cv,sentinel1,treatment_0007,P01-09,7943.282347242822,4845.771876775442,False
cv,sentinel1,treatment_0007,P01-09,10000.0,4849.798008097244,False
cv,sentinel1,treatment_0008,P01-08,0.0001,3744.969768818736,False
cv,sentinel1,treatment_0008,P01-08,0.00012589254117941674,3744.969768768202,False
cv,sentinel1,treatment_0008,P01-08,0.00015848931924611142,3744.9697687045827,False
cv,sentinel1,treatment_0008,P01-08,0.00019952623149688788,3744.9697686244904,False
cv,sentinel1,treatment_0008,P01-08,0.00025118864315095795,3744.969768523661,False
cv,sentinel1,treatment_0008,P01-08,0.00031622776601683794,3744.969768396724,False
cv,sentinel1,treatment_0008,P01-08,0.00039810717055349735,3744.96976823692,False
cv,sentinel1,treatment_0008,P01-08,0.0005011872336272725,3744.9697680357385,False
cv,sentinel1,treatment_0008,P01-08,0.000630957344480193,3744.969767782466,False
cv,sentinel1,treatment_0008,P01-08,0.0007943282347242813,3744.9697674636154,False
cv,sentinel1,treatment_0008,P01-08,0.001,3744.9697670622063,False
cv,sentinel1,treatment_0008,P01-08,0.0012589254117941675,3744.969766556862,False
cv,sentinel1,treatment_0008,P01-08,0.001584893192461114,3744.9697659206727,False
cv,sentinel1,treatment_0008,P01-08,0.001995262314968879,3744.9697651197575,False
cv,sentinel1,treatment_0008,P01-08,0.002511886431509582,3744.9697641114662,False
cv,sentinel1,treatment_0008,P01-08,0.0031622776601683794,3744.9697628421045,False
cv,sentinel1,treatment_0008,P01-08,0.003981071705534973,3744.9697612440755,False
cv,sentinel1,treatment_0008,P01-08,0.005011872336272725,3744.969759232282,False
cv,sentinel1,treatment_0008,P01-08,0.00630957344480193,3744.96975669959,False
cv,sentinel1,treatment_0008,P01-08,0.00794328234724282,3744.9697535111322,False
cv,sentinel1,treatment_0008,P01-08,0.01,3744.9697494971188,False
cv,sentinel1,treatment_0008,P01-08,0.012589254117941675,3744.9697444438034,False
cv,sentinel1,treatment_0008,P01-08,0.01584893192461114,3744.969738082104,False
cv,sentinel1,treatment_0008,P01-08,0.01995262314968881,3744.9697300732696,False
cv,sentinel1,treatment_0008,P01-08,0.025118864315095822,3744.9697199908596,False
cv,sentinel1,treatment_0008,P01-08,0.03162277660168379,3744.9697072980393,False
cv,sentinel1,treatment_0008,P01-08,0.039810717055349734,3744.969691319013,False
cv,sentinel1,treatment_0008,P01-08,0.05011872336272725,3744.969671203066,False
cv,sentinel1,treatment_0008,P01-08,0.06309573444801936,3744.9696458793114,False
cv,sentinel1,treatment_0008,P01-08,0.07943282347242822,3744.9696139997395,False
cv,sentinel1,treatment_0008,P01-08,0.1,3744.969573867552,False
cv,sentinel1,treatment_0008,P01-08,0.12589254117941676,3744.969523346997,False
cv,sentinel1,treatment_0008,P01-08,0.15848931924611143,3744.969459749946,False
cv,sentinel1,treatment_0008,P01-08,0.19952623149688808,3744.969379693228,False
cv,sentinel1,treatment_0008,P01-08,0.25118864315095824,3744.969278919241,False
cv,sentinel1,treatment_0008,P01-08,0.31622776601683794,3744.9691520704555,False
cv,sentinel1,treatment_0008,P01-08,0.3981071705534973,3744.9689924060517,False
cv,sentinel1,treatment_0008,P01-08,0.5011872336272725,3744.9687914460446,False
cv,sentinel1,treatment_0008,P01-08,0.6309573444801936,3744.9685385245944,False
cv,sentinel1,treatment_0008,P01-08,0.7943282347242822,3744.968220229769,False
cv,sentinel1,treatment_0008,P01-08,1.0,3744.967819701608,False
cv,sentinel1,treatment_0008,P01-08,1.2589254117941688,3744.9673157537345,False
cv,sentinel1,treatment_0008,P01-08,1.584893192461114,3744.9666817759307,False
cv,sentinel1,treatment_0008,P01-08,1.9952623149688788,3744.96588436583,False
cv,sentinel1,treatment_0008,P01-08,2.5118864315095824,3744.964881627323,False
cv,sentinel1,treatment_0008,P01-08,3.1622776601683795,3744.963621061533,False
cv,sentinel1,treatment_0008,P01-08,3.9810717055349776,3744.962036964068,False
cv,sentinel1,treatment_0008,P01-08,5.011872336272725,3744.960047230922,False
cv,sentinel1,treatment_0008,P01-08,6.309573444801943,3744.957549467377,False
cv,sentinel1,treatment_0008,P01-08,7.943282347242821,3744.9544162938573,False
cv,sentinel1,treatment_0008,P01-08,10.0,3744.950489757187,False
cv,sentinel1,treatment_0008,P01-08,12.589254117941687,3744.945574796847,False
cv,sentinel1,treatment_0008,P01-08,15.848931924611142,3744.9394318026007,False
cv,sentinel1,treatment_0008,P01-08,19.95262314968883,3744.931768461395,False
cv,sentinel1,treatment_0008,P01-08,25.11886431509582,3744.9222313720265,False
cv,sentinel1,treatment_0008,P01-08,31.622776601683793,3744.9103983708383,False
cv,sentinel1,treatment_0008,P01-08,39.81071705534978,3744.895773252435,False
cv,sentinel1,treatment_0008,P01-08,50.11872336272725,3744.87778570933,False
cv,sentinel1,treatment_0008,P01-08,63.09573444801943,3744.855801005331,False
cv,sentinel1,treatment_0008,P01-08,79.43282347242821,3744.829146299649,False
cv,sentinel1,treatment_0008,P01-08,100.0,3744.7971637645032,False
cv,sentinel1,treatment_0008,P01-08,125.89254117941688,3744.7593046282736,False
cv,sentinel1,treatment_0008,P01-08,158.48931924611142,3744.715282561556,False
cv,sentinel1,treatment_0008,P01-08,199.5262314968883,3744.6653081435247,False
cv,sentinel1,treatment_0008,P01-08,251.18864315095823,3744.6104259103704,False
cv,sentinel1,treatment_0008,P01-08,316.22776601683796,3744.5529672411312,False
cv,sentinel1,treatment_0008,P01-08,398.1071705534977,3744.497109683613,False
cv,sentinel1,treatment_0008,P01-08,501.18723362727246,3744.4494892713933,False
cv,sentinel1,treatment_0008,P01-08,630.9573444801943,3744.4197434940306,True
cv,sentinel1,treatment_0008,P01-08,794.3282347242822,3744.4207769194345,False
cv,sentinel1,treatment_0008,P01-08,1000.0,3744.468468655149,False
cv,sentinel1,treatment_0008,P01-08,1258.9254117941687,3744.580536741992,False
cv,sentinel1,treatment_0008,P01-08,1584.893192461114,3744.7744068135175,False
cv,sentinel1,treatment_0008,P01-08,1995.262314968883,3745.0642355936193,False
cv,sentinel1,treatment_0008,P01-08,2511.886431509582,3745.4576535861406,False
cv,sentinel1,treatment_0008,P01-08,3162.2776601683795,3745.953132238814,False
cv,sentinel1,treatment_0008,P01-08,3981.0717055349774,3746.5389127746143,False
cv,sentinel1,treatment_0008,P01-08,5011.872336272725,3747.1940330159805,False
cv,sentinel1,treatment_0008,P01-08,6309.573444801943,3747.8912834565776,False
cv,sentinel1,treatment_0008,P01-08,7943.282347242822,3748.601257821906,False
cv,sentinel1,treatment_0008,P01-08,10000.0,3749.2963709742144,False
cv,sentinel1,treatment_0008,P01-09,0.0001,4693.317074081964,False
cv,sentinel1,treatment_0008,P01-09,0.00012589254117941674,4693.317074046847,False
cv,sentinel1,treatment_0008,P01-09,0.00015848931924611142,4693.317074002638,False
cv,sentinel1,treatment_0008,P01-09,0.00019952623149688788,4693.317073946982,False
cv,sentinel1,treatment_0008,P01-09,0.00025118864315095795,4693.317073876916,False
cv,sentinel1,treatment_0008,P01-09,0.00031622776601683794,4693.317073788708,False
cv,sentinel1,treatment_0008,P01-09,0.00039810717055349735,4693.31707367766,False
cv,sentinel1,treatment_0008,P01-09,0.0005011872336272725,4693.31707353786,False
cv,sentinel1,treatment_0008,P01-09,0.000630957344480193,4693.317073361861,False
cv,sentinel1,treatment_0008,P01-09,0.0007943282347242813,4693.317073140292,False
cv,sentinel1,treatment_0008,P01-09,0.001,4693.317072861353,False
cv,sentinel1,treatment_0008,P01-09,0.0012589254117941675,4693.317072510191,False
cv,sentinel1,treatment_0008,P01-09,0.001584893192461114,4693.317072068104,False
cv,sentinel1,treatment_0008,P01-09,0.001995262314968879,4693.317071511549,False
cv,sentinel1,treatment_0008,P01-09,0.002511886431509582,4693.31707081089,False
cv,sentinel1,treatment_0008,P01-09,0.0031622776601683794,4693.317069928812,False
cv,sentinel1,treatment_0008,P01-09,0.003981071705534973,4693.3170688183445,False
cv,sentinel1,treatment_0008,P01-09,0.005011872336272725,4693.317067420352,False
cv,sentinel1,treatment_0008,P01-09,0.00630957344480193,4693.317065660388,False
cv,sentinel1,treatment_0008,P01-09,0.00794328234724282,4693.317063444732,False
cv,sentinel1,treatment_0008,P01-09,0.01,4693.3170606553995,False
cv,sentinel1,treatment_0008,P01-09,0.012589254117941675,4693.317057143857,False
cv,sentinel1,treatment_0008,P01-09,0.01584893192461114,4693.317052723116,False
cv,sentinel1,treatment_0008,P01-09,0.01995262314968881,4693.317047157781,False
cv,sentinel1,treatment_0008,P01-09,0.025118864315095822,4693.317040151516,False
cv,sentinel1,treatment_0008,P01-09,0.03162277660168379,4693.317031331271,False
cv,sentinel1,treatment_0008,P01-09,0.039810717055349734,4693.317020227431,False
cv,sentinel1,treatment_0008,P01-09,0.05011872336272725,4693.317006248829,False
cv,sentinel1,treatment_0008,P01-09,0.06309573444801936,4693.3169886512915,False
cv,sentinel1,treatment_0008,P01-09,0.07943282347242822,4693.316966498064,False
cv,sentinel1,treatment_0008,P01-09,0.1,4693.31693861001,False
cv,sentinel1,treatment_0008,P01-09,0.12589254117941676,4693.31690350294,False
cv,sentinel1,treatment_0008,P01-09,0.15848931924611143,4693.316859308787,False
cv,sentinel1,treatment_0008,P01-09,0.19952623149688808,4693.316803676442,False
cv,sentinel1,treatment_0008,P01-09,0.25118864315095824,4693.316733647076,False
cv,sentinel1,treatment_0008,P01-09,0.31622776601683794,4693.316645497381,False
cv,sentinel1,treatment_0008,P01-09,0.3981071705534973,4693.316534542592,False
cv,sentinel1,treatment_0008,P01-09,0.5011872336272725,4693.31639488906,False
cv,sentinel1,treatment_0008,P01-09,0.6309573444801936,4693.316219123649,False
cv,sentinel1,treatment_0008,P01-09,0.7943282347242822,4693.31599792412,False
cv,sentinel1,treatment_0008,P01-09,1.0,4693.315719570855,False
cv,sentinel1,treatment_0008,P01-09,1.2589254117941688,4693.315369335691,False
cv,sentinel1,treatment_0008,P01-09,1.584893192461114,4693.314928718083,False
cv,sentinel1,treatment_0008,P01-09,1.9952623149688788,4693.314374492338,False
cv,sentinel1,treatment_0008,P01-09,2.5118864315095824,4693.3136775221155,False
cv,sentinel1,treatment_0008,P01-09,3.1622776601683795,4693.3128012900925,False
cv,sentinel1,treatment_0008,P01-09,3.9810717055349776,4693.311700081823,False
cv,sentinel1,treatment_0008,P01-09,5.011872336272725,4693.310316754487,False
cv,sentinel1,treatment_0008,P01-09,6.309573444801943,4693.308580014851,False
cv,sentinel1,treatment_0008,P01-09,7.943282347242821,4693.306401129351,False
cv,sentinel1,treatment_0008,P01-09,10.0,4693.303669997678,False
cv,sentinel1,treatment_0008,P01-09,12.589254117941687,4693.30025054764,False
cv,sentinel1,treatment_0008,P01-09,15.848931924611142,4693.295975466547,False
cv,sentinel1,treatment_0008,P01-09,19.95262314968883,4693.290640393592,False
cv,sentinel1,treatment_0008,P01-09,25.11886431509582,4693.283997890343,False
cv,sentinel1,treatment_0008,P01-09,31.622776601683793,4693.275751830774,False
cv,sentinel1,treatment_0008,P01-09,39.81071705534978,4693.26555337838,False
cv,sentinel1,treatment_0008,P01-09,50.11872336272725,4693.253000545204,False
cv,sentinel1,treatment_0008,P01-09,63.09573444801943,4693.237644589283,False
cv,sentinel1,treatment_0008,P01-09,79.43282347242821,4693.219008367585,False
cv,sentinel1,treatment_0008,P01-09,100.0,4693.1966243960715,False
cv,sentinel1,treatment_0008,P01-09,125.89254117941688,4693.170103902943,False
cv,sentinel1,treatment_0008,P01-09,158.48931924611142,4693.139252537999,False
cv,sentinel1,treatment_0008,P01-09,199.5262314968883,4693.104253126292,False
cv,sentinel1,treatment_0008,P01-09,251.18864315095823,4693.065939569845,False
cv,sentinel1,treatment_0008,P01-09,316.22776601683796,4693.026185881154,False
cv,sentinel1,treatment_0008,P01-09,398.1071705534977,4692.988425438865,False
cv,sentinel1,treatment_0008,P01-09,501.18723362727246,4692.958290635732,False
cv,sentinel1,treatment_0008,P01-09,630.9573444801943,4692.944313849895,True
cv,sentinel1,treatment_0008,P01-09,794.3282347242822,4692.958552155216,False
cv,sentinel1,treatment_0008,P01-09,1000.0,4693.016897623632,False
cv,sentinel1,treatment_0008,P01-09,1258.9254117941687,4693.138743943684,False
cv,sentinel1,treatment_0008,P01-09,1584.893192461114,4693.345661674894,False
cv,sentinel1,treatment_0008,P01-09,1995.262314968883,4693.658871075484,False
cv,sentinel1,treatment_0008,P01-09,2511.886431509582,4694.095645763741,False
cv,sentinel1,treatment_0008,P01-09,3162.2776601683795,4694.665279852808,False
cv,sentinel1,treatment_0008,P01-09,3981.0717055349774,4695.365700830246,False
cv,sentinel1,treatment_0008,P01-09,5011.872336272725,4696.18191709956,False
cv,sentinel1,treatment_0008,P01-09,6309.573444801943,4697.087063026305,False
cv,sentinel1,treatment_0008,P01-09,7943.282347242822,4698.045953013924,False
cv,sentinel1,treatment_0008,P01-09,10000.0,4699.020181565061,False
cv,sentinel1,treatment_0009,P01-08,0.0001,7698.909739744115,False
cv,sentinel1,treatment_0009,P01-08,0.00012589254117941674,7698.9097397159185,False
cv,sentinel1,treatment_0009,P01-08,0.00015848931924611142,7698.909739680419,False
cv,sentinel1,treatment_0009,P01-08,0.00019952623149688788,7698.909739635727,False
cv,sentinel1,treatment_0009,P01-08,0.00025118864315095795,7698.909739579467,False
cv,sentinel1,treatment_0009,P01-08,0.00031622776601683794,7698.909739508636,False
cv,sentinel1,treatment_0009,P01-08,0.00039810717055349735,7698.909739419467,False
cv,sentinel1,treatment_0009,P01-08,0.0005011872336272725,7698.909739307212,False
cv,sentinel1,treatment_0009,P01-08,0.000630957344480193,7698.909739165888,False
cv,sentinel1,treatment_0009,P01-08,0.0007943282347242813,7698.9097389879735,False
cv,sentinel1,treatment_0009,P01-08,0.001,7698.90973876399,False
cv,sentinel1,treatment_0009,P01-08,0.0012589254117941675,7698.909738482016,False
cv,sentinel1,treatment_0009,P01-08,0.001584893192461114,7698.909738127029,False
cv,sentinel1,treatment_0009,P01-08,0.001995262314968879,7698.909737680127,False
cv,sentinel1,treatment_0009,P01-08,0.002511886431509582,7698.909737117514,False
cv,sentinel1,treatment_0009,P01-08,0.0031622776601683794,7698.909736409227,False
cv,sentinel1,treatment_0009,P01-08,0.003981071705534973,7698.909735517548,False
cv,sentinel1,treatment_0009,P01-08,0.005011872336272725,7698.909734394995,False
cv,sentinel1,treatment_0009,P01-08,0.00630957344480193,7698.90973298179,False
cv,sentinel1,treatment_0009,P01-08,0.00794328234724282,7698.909731202679,False
cv,sentinel1,treatment_0009,P01-08,0.01,7698.909728962925,False
cv,sentinel1,treatment_0009,P01-08,0.012589254117941675,7698.909726143265,False
cv,sentinel1,treatment_0009,P01-08,0.01584893192461114,7698.90972259356,False
cv,sentinel1,treatment_0009,P01-08,0.01995262314968881,7698.909718124806,False
cv,sentinel1,treatment_0009,P01-08,0.025118864315095822,7698.9097124990685,False
cv,sentinel1,treatment_0009,P01-08,0.03162277660168379,7698.909705416828,False
cv,sentinel1,treatment_0009,P01-08,0.039810717055349734,7698.909696501045,False
cv,sentinel1,treatment_0009,P01-08,0.05011872336272725,7698.909685277104,False
cv,sentinel1,treatment_0009,P01-08,0.06309573444801936,7698.909671147576,False
cv,sentinel1,treatment_0009,P01-08,0.07943282347242822,7698.909653360468,False
cv,sentinel1,treatment_0009,P01-08,0.1,7698.909630969274,False
cv,sentinel1,treatment_0009,P01-08,0.12589254117941676,7698.909602782726,False
cv,sentinel1,treatment_0009,P01-08,0.15848931924611143,7698.909567301605,False
cv,sentinel1,treatment_0009,P01-08,0.19952623149688808,7698.909522639285,False
cv,sentinel1,treatment_0009,P01-08,0.25118864315095824,7698.909466421893,False
cv,sentinel1,treatment_0009,P01-08,0.31622776601683794,7698.909395662874,False
cv,sentinel1,treatment_0009,P01-08,0.3981071705534973,7698.9093066055,False
cv,sentinel1,treatment_0009,P01-08,0.5011872336272725,7698.909194525287,False
cv,sentinel1,treatment_0009,P01-08,0.6309573444801936,7698.909053482302,False
cv,sentinel1,treatment_0009,P01-08,0.7943282347242822,7698.908876011058,False
cv,sentinel1,treatment_0009,P01-08,1.0,7698.908652732763,False
cv,sentinel1,treatment_0009,P01-08,1.2589254117941688,7698.908371871437,False
cv,sentinel1,treatment_0009,P01-08,1.584893192461114,7698.908018651466,False
cv,sentinel1,treatment_0009,P01-08,1.9952623149688788,7698.907574549787,False
cv,sentinel1,treatment_0009,P01-08,2.5118864315095824,7698.907016371347,False
cv,sentinel1,treatment_0009,P01-08,3.1622776601683795,7698.906315111812,False
cv,sentinel1,treatment_0009,P01-08,3.9810717055349776,7698.905434568009,False
cv,sentinel1,treatment_0009,P01-08,5.011872336272725,7698.904329655304,False
cv,sentinel1,treatment_0009,P01-08,6.309573444801943,7698.90294439472,False
cv,sentinel1,treatment_0009,P01-08,7.943282347242821,7698.901209545333,False
cv,sentinel1,treatment_0009,P01-08,10.0,7698.899039886179,False
cv,sentinel1,treatment_0009,P01-08,12.589254117941687,7698.896331208023,False
cv,sentinel1,treatment_0009,P01-08,15.848931924611142,7698.892957176818,False
cv,sentinel1,treatment_0009,P01-08,19.95262314968883,7698.888766406323,False
cv,sentinel1,treatment_0009,P01-08,25.11886431509582,7698.88358037191,False
cv,sentinel1,treatment_0009,P01-08,31.622776601683793,7698.877193280139,False
cv,sentinel1,treatment_0009,P01-08,39.81071705534978,7698.869375784332,False
cv,sentinel1,treatment_0009,P01-08,50.11872336272725,7698.859885661617,False
cv,sentinel1,treatment_0009,P01-08,63.09573444801943,7698.848490469803,False
cv,sentinel1,treatment_0009,P01-08,79.43282347242821,7698.835010104029,False
cv,sentinel1,treatment_0009,P01-08,100.0,7698.819391504751,False
cv,sentinel1,treatment_0009,P01-08,125.89254117941688,7698.801834067703,False
cv,sentinel1,treatment_0009,P01-08,158.48931924611142,7698.782993156219,False
cv,sentinel1,treatment_0009,P01-08,199.5262314968883,7698.764300965207,False
cv,sentinel1,treatment_0009,P01-08,251.18864315095823,7698.748458732677,False
cv,sentinel1,treatment_0009,P01-08,316.22776601683796,7698.740170474759,True
cv,sentinel1,treatment_0009,P01-08,398.1071705534977,7698.747201794914,False
cv,sentinel1,treatment_0009,P01-08,501.18723362727246,7698.781848755725,False
cv,sentinel1,treatment_0009,P01-08,630.9573444801943,7698.862874741487,False
cv,sentinel1,treatment_0009,P01-08,794.3282347242822,7699.017892053243,False
cv,sentinel1,treatment_0009,P01-08,1000.0,7699.28599747671,False
cv,sentinel1,treatment_0009,P01-08,1258.9254117941687,7699.72019089876,False
cv,sentinel1,treatment_0009,P01-08,1584.893192461114,7700.388721656503,False
cv,sentinel1,treatment_0009,P01-08,1995.262314968883,7701.374108025621,False
cv,sentinel1,treatment_0009,P01-08,2511.886431509582,7702.768375175427,False
cv,sentinel1,treatment_0009,P01-08,3162.2776601683795,7704.663383311204,False
cv,sentinel1,treatment_0009,P01-08,3981.0717055349774,7707.136270622583,False
cv,sentinel1,treatment_0009,P01-08,5011.872336272725,7710.23199848058,False
cv,sentinel1,treatment_0009,P01-08,6309.573444801943,7713.947136345158,False
cv,sentinel1,treatment_0009,P01-08,7943.282347242822,7718.220174981347,False
cv,sentinel1,treatment_0009,P01-08,10000.0,7722.932684953721,False
cv,sentinel1,treatment_0009,P01-09,0.0001,8662.918051163551,False
cv,sentinel1,treatment_0009,P01-09,0.00012589254117941674,8662.918051140163,False
cv,sentinel1,treatment_0009,P01-09,0.00015848931924611142,8662.918051110717,False
cv,sentinel1,treatment_0009,P01-09,0.00019952623149688788,8662.91805107365,False
cv,sentinel1,treatment_0009,P01-09,0.00025118864315095795,8662.918051026982,False
cv,sentinel1,treatment_0009,P01-09,0.00031622776601683794,8662.918050968234,False
cv,sentinel1,treatment_0009,P01-09,0.00039810717055349735,8662.91805089427,False
cv,sentinel1,treatment_0009,P01-09,0.0005011872336272725,8662.91805080116,False
cv,sentinel1,treatment_0009,P01-09,0.000630957344480193,8662.918050683938,False
cv,sentinel1,treatment_0009,P01-09,0.0007943282347242813,8662.918050536366,False
cv,sentinel1,treatment_0009,P01-09,0.001,8662.918050350583,False
cv,sentinel1,treatment_0009,P01-09,0.0012589254117941675,8662.918050116697,False
cv,sentinel1,treatment_0009,P01-09,0.001584893192461114,8662.918049822252,False
cv,sentinel1,treatment_0009,P01-09,0.001995262314968879,8662.918049451568,False
cv,sentinel1,treatment_0009,P01-09,0.002511886431509582,8662.918048984904,False
cv,sentinel1,treatment_0009,P01-09,0.0031622776601683794,8662.918048397412,False
cv,sentinel1,treatment_0009,P01-09,0.003981071705534973,8662.918047657806,False
cv,sentinel1,treatment_0009,P01-09,0.005011872336272725,8662.918046726698,False
cv,sentinel1,treatment_0009,P01-09,0.00630957344480193,8662.91804555451,False
cv,sentinel1,treatment_0009,P01-09,0.00794328234724282,8662.918044078819,False
cv,sentinel1,treatment_0009,P01-09,0.01,8662.918042221045,False
cv,sentinel1,treatment_0009,P01-09,0.012589254117941675,8662.918039882263,False
cv,sentinel1,treatment_0009,P01-09,0.01584893192461114,8662.918036937943,False
cv,sentinel1,treatment_0009,P01-09,0.01995262314968881,8662.918033231308,False
cv,sentinel1,treatment_0009,P01-09,0.025118864315095822,8662.918028565009,False
cv,sentinel1,treatment_0009,P01-09,0.03162277660168379,8662.918022690605,False
cv,sentinel1,treatment_0009,P01-09,0.039810717055349734,8662.918015295356,False
cv,sentinel1,treatment_0009,P01-09,0.05011872336272725,8662.918005985583,False
cv,sentinel1,treatment_0009,P01-09,0.06309573444801936,8662.917994265745,False
cv,sentinel1,treatment_0009,P01-09,0.07943282347242822,8662.917979512087,False
cv,sentinel1,treatment_0009,P01-09,0.1,8662.917960939514,False
cv,sentinel1,treatment_0009,P01-09,0.12589254117941676,8662.917937559903,False
cv,sentinel1,treatment_0009,P01-09,0.15848931924611143,8662.917908129684,False
cv,sentinel1,treatment_0009,P01-09,0.19952623149688808,8662.917871083935,False
cv,sentinel1,treatment_0009,P01-09,0.25118864315095824,8662.917824453552,False
cv,sentinel1,treatment_0009,P01-09,0.31622776601683794,8662.917765761193,False
cv,sentinel1,treatment_0009,P01-09,0.3981071705534973,8662.917691890605,False
cv,sentinel1,treatment_0009,P01-09,0.5011872336272725,8662.917598922713,False
cv,sentinel1,treatment_0009,P01-09,0.6309573444801936,8662.91748193008,False
cv,sentinel1,treatment_0009,P01-09,0.7943282347242822,8662.917334719588,False
cv,sentinel1,treatment_0009,P01-09,1.0,8662.91714951062,False
cv,sentinel1,treatment_0009,P01-09,1.2589254117941688,8662.916916533432,False
cv,sentinel1,treatment_0009,P01-09,1.584893192461114,8662.916623528989,False
cv,sentinel1,treatment_0009,P01-09,1.9952623149688788,8662.91625512798,False
cv,sentinel1,treatment_0009,P01-09,2.5118864315095824,8662.915792082842,False
cv,sentinel1,treatment_0009,P01-09,3.1622776601683795,8662.915210322635,False
cv,sentinel1,treatment_0009,P01-09,3.9810717055349776,8662.914479797731,False
cv,sentinel1,treatment_0009,P01-09,5.011872336272725,8662.913563079788,False
cv,sentinel1,treatment_0009,P01-09,6.309573444801943,8662.912413685368,False
cv,sentinel1,treatment_0009,P01-09,7.943282347242821,8662.910974101556,False
cv,sentinel1,treatment_0009,P01-09,10.0,8662.909173515063,False
cv,sentinel1,treatment_0009,P01-09,12.589254117941687,8662.906925291858,False
cv,sentinel1,treatment_0009,P01-09,15.848931924611142,8662.904124337174,False
cv,sentinel1,treatment_0009,P01-09,19.95262314968883,8662.900644609546,False
cv,sentinel1,treatment_0009,P01-09,25.11886431509582,8662.896337304679,False
cv,sentinel1,treatment_0009,P01-09,31.622776601683793,8662.891030623074,False
cv,sentinel1,treatment_0009,P01-09,39.81071705534978,8662.88453267807,False
cv,sentinel1,treatment_0009,P01-09,50.11872336272725,8662.87664012135,False
cv,sentinel1,treatment_0009,P01-09,63.09573444801943,8662.867156657883,False
cv,sentinel1,treatment_0009,P01-09,79.43282347242821,8662.85592807369,False
cv,sentinel1,treatment_0009,P01-09,100.0,8662.842904098516,False
cv,sentinel1,treatment_0009,P01-09,125.89254117941688,8662.828242880292,False
cv,sentinel1,treatment_0009,P01-09,158.48931924611142,8662.812481664298,False
cv,sentinel1,treatment_0009,P01-09,199.5262314968883,8662.796808037281,False
cv,sentinel1,treatment_0009,P01-09,251.18864315095823,8662.783480110527,False
cv,sentinel1,treatment_0009,P01-09,316.22776601683796,8662.776460674266,True
cv,sentinel1,treatment_0009,P01-09,398.1071705534977,8662.782347044063,False
cv,sentinel1,treatment_0009,P01-09,501.18723362727246,8662.811688578484,False
cv,sentinel1,treatment_0009,P01-09,630.9573444801943,8662.880774832356,False
cv,sentinel1,treatment_0009,P01-09,794.3282347242822,8663.013927214808,False
cv,sentinel1,treatment_0009,P01-09,1000.0,8663.246204620116,False
cv,sentinel1,treatment_0009,P01-09,1258.9254117941687,8663.626204425076,False
cv,sentinel1,treatment_0009,P01-09,1584.893192461114,8664.218287037223,False
cv,sentinel1,treatment_0009,P01-09,1995.262314968883,8665.103113903893,False
cv,sentinel1,treatment_0009,P01-09,2511.886431509582,8666.375014174548,False
cv,sentinel1,treatment_0009,P01-09,3162.2776601683795,8668.134673545479,False
cv,sentinel1,treatment_0009,P01-09,3981.0717055349774,8670.476338941438,False
cv,sentinel1,treatment_0009,P01-09,5011.872336272725,8673.470378808308,False
cv,sentinel1,treatment_0009,P01-09,6309.573444801943,8677.14436510458,False
cv,sentinel1,treatment_0009,P01-09,7943.282347242822,8681.467882427485,False
cv,sentinel1,treatment_0009,P01-09,10000.0,8686.34665279472,False
cv,sentinel1,treatment_0010,P01-08,0.0001,3891.779480990489,False
cv,sentinel1,treatment_0010,P01-08,0.00012589254117941674,3891.779480957654,False
cv,sentinel1,treatment_0010,P01-08,0.00015848931924611142,3891.779480916317,False
cv,sentinel1,treatment_0010,P01-08,0.00019952623149688788,3891.7794808642757,False
cv,sentinel1,treatment_0010,P01-08,0.00025118864315095795,3891.7794807987607,False
cv,sentinel1,treatment_0010,P01-08,0.00031622776601683794,3891.7794807162813,False
cv,sentinel1,treatment_0010,P01-08,0.00039810717055349735,3891.7794806124466,False
cv,sentinel1,treatment_0010,P01-08,0.0005011872336272725,3891.7794804817263,False
cv,sentinel1,treatment_0010,P01-08,0.000630957344480193,3891.77948031716,False
cv,sentinel1,treatment_0010,P01-08,0.0007943282347242813,3891.779480109983,False
cv,sentinel1,treatment_0010,P01-08,0.001,3891.779479849163,False
cv,sentinel1,treatment_0010,P01-08,0.0012589254117941675,3891.7794795208115,False
cv,sentinel1,treatment_0010,P01-08,0.001584893192461114,3891.779479107442,False
cv,sentinel1,treatment_0010,P01-08,0.001995262314968879,3891.7794785870424,False
cv,sentinel1,treatment_0010,P01-08,0.002511886431509582,3891.779477931901,False
cv,sentinel1,treatment_0010,P01-08,0.0031622776601683794,3891.7794771071312,False
cv,sentinel1,treatment_0010,P01-08,0.003981071705534973,3891.779476068814,False
cv,sentinel1,treatment_0010,P01-08,0.005011872336272725,3891.779474761662,False
cv,sentinel1,treatment_0010,P01-08,0.00630957344480193,3891.779473116072,False
cv,sentinel1,treatment_0010,P01-08,0.00794328234724282,3891.779471044425,False
cv,sentinel1,treatment_0010,P01-08,0.01,3891.77946843642,False
cv,sentinel1,treatment_0010,P01-08,0.012589254117941675,3891.779465153206,False
cv,sentinel1,treatment_0010,P01-08,0.01584893192461114,3891.7794610199953,False
cv,sentinel1,treatment_0010,P01-08,0.01995262314968881,3891.779455816766,False
cv,sentinel1,treatment_0010,P01-08,0.025118864315095822,3891.7794492665666,False
cv,sentinel1,treatment_0010,P01-08,0.03162277660168379,3891.779441020794,False
cv,sentinel1,treatment_0010,P01-08,0.039810717055349734,3891.77943064068,False
cv,sentinel1,treatment_0010,P01-08,0.05011872336272725,3891.7794175739955,False
cv,sentinel1,treatment_0010,P01-08,0.06309573444801936,3891.7794011257683,False
cv,sentinel1,treatment_0010,P01-08,0.07943282347242822,3891.779380421454,False
cv,sentinel1,treatment_0010,P01-08,0.1,3891.7793543606685,False
cv,sentinel1,treatment_0010,P01-08,0.12589254117941676,3891.779321559061,False
cv,sentinel1,treatment_0010,P01-08,0.15848931924611143,3891.7792802753397,False
cv,sentinel1,treatment_0010,P01-08,0.19952623149688808,3891.7792283197377,False
cv,sentinel1,treatment_0010,P01-08,0.25118864315095824,3891.779162939279,False
cv,sentinel1,treatment_0010,P01-08,0.31622776601683794,3891.7790806741655,False
cv,sentinel1,treatment_0010,P01-08,0.3981071705534973,3891.778977178261,False
cv,sentinel1,treatment_0010,P01-08,0.5011872336272725,3891.7788469951433,False
cv,sentinel1,treatment_0010,P01-08,0.6309573444801936,3891.7786832794136,False
cv,sentinel1,treatment_0010,P01-08,0.7943282347242822,3891.778477450971,False
cv,sentinel1,treatment_0010,P01-08,1.0,3891.778218767892,False
cv,sentinel1,treatment_0010,P01-08,1.2589254117941688,3891.777893801583,False
cv,sentinel1,treatment_0010,P01-08,1.584893192461114,3891.777485796358,False
cv,sentinel1,treatment_0010,P01-08,1.9952623149688788,3891.7769738953684,False
cv,sentinel1,treatment_0010,P01-08,2.5118864315095824,3891.7763322169253,False
cv,sentinel1,treatment_0010,P01-08,3.1622776601683795,3891.7755287719333,False
cv,sentinel1,treatment_0010,P01-08,3.9810717055349776,3891.7745242276605,False
cv,sentinel1,treatment_0010,P01-08,5.011872336272725,3891.7732705510125,False
cv,sentinel1,treatment_0010,P01-08,6.309573444801943,3891.7717096145884,False
cv,sentinel1,treatment_0010,P01-08,7.943282347242821,3891.7697719351117,False
cv,sentinel1,treatment_0010,P01-08,10.0,3891.767375858185,False
cv,sentinel1,treatment_0010,P01-08,12.589254117941687,3891.7644277395,False
cv,sentinel1,treatment_0010,P01-08,15.848931924611142,3891.760824052193,False
cv,sentinel1,treatment_0010,P01-08,19.95262314968883,3891.756456950068,False
cv,sentinel1,treatment_0010,P01-08,25.11886431509582,3891.751225749955,False
cv,sentinel1,treatment_0010,P01-08,31.622776601683793,3891.745058224228,False
cv,sentinel1,treatment_0010,P01-08,39.81071705534978,3891.7379477351824,False
cv,sentinel1,treatment_0010,P01-08,50.11872336272725,3891.7300153758506,False
cv,sentinel1,treatment_0010,P01-08,63.09573444801943,3891.7216107237323,False
cv,sentinel1,treatment_0010,P01-08,79.43282347242821,3891.713470843686,False
cv,sentinel1,treatment_0010,P01-08,100.0,3891.7069648484676,False
cv,sentinel1,treatment_0010,P01-08,125.89254117941688,3891.7044600954914,True
cv,sentinel1,treatment_0010,P01-08,158.48931924611142,3891.7098541468886,False
cv,sentinel1,treatment_0010,P01-08,199.5262314968883,3891.7293197961235,False
cv,sentinel1,treatment_0010,P01-08,251.18864315095823,3891.7723009189244,False
cv,sentinel1,treatment_0010,P01-08,316.22776601683796,3891.8527619388506,False
cv,sentinel1,treatment_0010,P01-08,398.1071705534977,3891.9906162573384,False
cv,sentinel1,treatment_0010,P01-08,501.18723362727246,3892.213122619636,False
cv,sentinel1,treatment_0010,P01-08,630.9573444801943,3892.555840290585,False
cv,sentinel1,treatment_0010,P01-08,794.3282347242822,3893.062508121459,False
cv,sentinel1,treatment_0010,P01-08,1000.0,3893.783056368767,False
cv,sentinel1,treatment_0010,P01-08,1258.9254117941687,3894.7690400438382,False
cv,sentinel1,treatment_0010,P01-08,1584.893192461114,3896.06628063773,False
cv,sentinel1,treatment_0010,P01-08,1995.262314968883,3897.705477693489,False
cv,sentinel1,treatment_0010,P01-08,2511.886431509582,3899.6927637065924,False
cv,sentinel1,treatment_0010,P01-08,3162.2776601683795,3902.0030401412328,False
cv,sentinel1,treatment_0010,P01-08,3981.0717055349774,3904.578769190701,False
cv,sentinel1,treatment_0010,P01-08,5011.872336272725,3907.335434982266,False
cv,sentinel1,treatment_0010,P01-08,6309.573444801943,3910.1726397549965,False
cv,sentinel1,treatment_0010,P01-08,7943.282347242822,3912.987863381956,False
cv,sentinel1,treatment_0010,P01-08,10000.0,3915.689257101345,False
cv,sentinel1,treatment_0010,P01-09,0.0001,4822.88427626839,False
cv,sentinel1,treatment_0010,P01-09,0.00012589254117941674,4822.884276243772,False
cv,sentinel1,treatment_0010,P01-09,0.00015848931924611142,4822.884276212778,False
cv,sentinel1,treatment_0010,P01-09,0.00019952623149688788,4822.8842761737615,False
cv,sentinel1,treatment_0010,P01-09,0.00025118864315095795,4822.884276124641,False
cv,sentinel1,treatment_0010,P01-09,0.00031622776601683794,4822.884276062803,False
cv,sentinel1,treatment_0010,P01-09,0.00039810717055349735,4822.884275984953,False
cv,sentinel1,treatment_0010,P01-09,0.0005011872336272725,4822.884275886945,False
cv,sentinel1,treatment_0010,P01-09,0.000630957344480193,4822.884275763563,False
cv,sentinel1,treatment_0010,P01-09,0.0007943282347242813,4822.884275608232,False
cv,sentinel1,treatment_0010,P01-09,0.001,4822.884275412682,False
cv,sentinel1,treatment_0010,P01-09,0.0012589254117941675,4822.8842751665015,False
cv,sentinel1,treatment_0010,P01-09,0.001584893192461114,4822.884274856578,False
cv,sentinel1,treatment_0010,P01-09,0.001995262314968879,4822.884274466408,False
cv,sentinel1,treatment_0010,P01-09,0.002511886431509582,4822.884273975216,False
cv,sentinel1,treatment_0010,P01-09,0.0031622776601683794,4822.884273356845,False
cv,sentinel1,treatment_0010,P01-09,0.003981071705534973,4822.884272578366,False
cv,sentinel1,treatment_0010,P01-09,0.005011872336272725,4822.884271598327,False
cv,sentinel1,treatment_0010,P01-09,0.00630957344480193,4822.884270364544,False
cv,sentinel1,treatment_0010,P01-09,0.00794328234724282,4822.88426881132,False
cv,sentinel1,treatment_0010,P01-09,0.01,4822.884266855957,False
cv,sentinel1,treatment_0010,P01-09,0.012589254117941675,4822.884264394349,False
cv,sentinel1,treatment_0010,P01-09,0.01584893192461114,4822.884261295441,False
cv,sentinel1,treatment_0010,P01-09,0.01995262314968881,4822.884257394267,False
cv,sentinel1,treatment_0010,P01-09,0.025118864315095822,4822.884252483167,False
cv,sentinel1,treatment_0010,P01-09,0.03162277660168379,4822.884246300755,False
cv,sentinel1,treatment_0010,P01-09,0.039810717055349734,4822.884238518032,False
cv,sentinel1,treatment_0010,P01-09,0.05011872336272725,4822.884228720911,False
cv,sentinel1,treatment_0010,P01-09,0.06309573444801936,4822.88421638825,False
cv,sentinel1,treatment_0010,P01-09,0.07943282347242822,4822.884200864226,False
cv,sentinel1,treatment_0010,P01-09,0.1,4822.884181323612,False
cv,sentinel1,treatment_0010,P01-09,0.12589254117941676,4822.884156728149,False
cv,sentinel1,treatment_0010,P01-09,0.15848931924611143,4822.884125771764,False
cv,sentinel1,treatment_0010,P01-09,0.19952623149688808,4822.884086811821,False
cv,sentinel1,treatment_0010,P01-09,0.25118864315095824,4822.884037782918,False
cv,sentinel1,treatment_0010,P01-09,0.31622776601683794,4822.883976088915,False
cv,sentinel1,treatment_0010,P01-09,0.3981071705534973,4822.88389846788,False
cv,sentinel1,treatment_0010,P01-09,0.5011872336272725,4822.883800823442,False
cv,sentinel1,treatment_0010,P01-09,0.6309573444801936,4822.883678014683,False
cv,sentinel1,treatment_0010,P01-09,0.7943282347242822,4822.883523595079,False
cv,sentinel1,treatment_0010,P01-09,1.0,4822.883329489351,False
cv,sentinel1,treatment_0010,P01-09,1.2589254117941688,4822.883085595332,False
cv,sentinel1,treatment_0010,P01-09,1.584893192461114,4822.88277929653,False
cv,sentinel1,treatment_0010,P01-09,1.9952623149688788,4822.882394870242,False
cv,sentinel1,treatment_0010,P01-09,2.5118864315095824,4822.881912776871,False
cv,sentinel1,treatment_0010,P01-09,3.1622776601683795,4822.881308819675,False
cv,sentinel1,treatment_0010,P01-09,3.9810717055349776,4822.880553172942,False
cv,sentinel1,treatment_0010,P01-09,5.011872336272725,4822.87960929426,False
cv,sentinel1,treatment_0010,P01-09,6.309573444801943,4822.878432769067,False
cv,sentinel1,treatment_0010,P01-09,7.943282347242821,4822.8769701927895,False
cv,sentinel1,treatment_0010,P01-09,10.0,4822.875158292678,False
cv,sentinel1,treatment_0010,P01-09,12.589254117941687,4822.872923651829,False
cv,sentinel1,treatment_0010,P01-09,15.848931924611142,4822.870183658576,False
cv,sentinel1,treatment_0010,P01-09,19.95262314968883,4822.866849721555,False
cv,sentinel1,treatment_0010,P01-09,25.11886431509582,4822.862834448617,False
cv,sentinel1,treatment_0010,P01-09,31.622776601683793,4822.858065510265,False
cv,sentinel1,treatment_0010,P01-09,39.81071705534978,4822.852510472659,False
cv,sentinel1,treatment_0010,P01-09,50.11872336272725,4822.846219235183,False
cv,sentinel1,treatment_0010,P01-09,63.09573444801943,4822.839394158684,False
cv,sentinel1,treatment_0010,P01-09,79.43282347242821,4822.83250289208,False
cv,sentinel1,treatment_0010,P01-09,100.0,4822.826455646642,False
cv,sentinel1,treatment_0010,P01-09,125.89254117941688,4822.822877372835,True
cv,sentinel1,treatment_0010,P01-09,158.48931924611142,4822.824515513469,False
cv,sentinel1,treatment_0010,P01-09,199.5262314968883,4822.83583397762,False
cv,sentinel1,treatment_0010,P01-09,251.18864315095823,4822.863849472786,False
cv,sentinel1,treatment_0010,P01-09,316.22776601683796,4822.919259074291,False
cv,sentinel1,treatment_0010,P01-09,398.1071705534977,4823.017874057011,False
cv,sentinel1,treatment_0010,P01-09,501.18723362727246,4823.182295093753,False
cv,sentinel1,treatment_0010,P01-09,630.9573444801943,4823.4436172064015,False
cv,sentinel1,treatment_0010,P01-09,794.3282347242822,4823.84273048655,False
cv,sentinel1,treatment_0010,P01-09,1000.0,4824.430512746043,False
cv,sentinel1,treatment_0010,P01-09,1258.9254117941687,4825.26599042119,False
cv,sentinel1,treatment_0010,P01-09,1584.893192461114,4826.411557438447,False
cv,sentinel1,treatment_0010,P01-09,1995.262314968883,4827.924813106281,False
cv,sentinel1,treatment_0010,P01-09,2511.886431509582,4829.847631591801,False
cv,sentinel1,treatment_0010,P01-09,3162.2776601683795,4832.194515575588,False
cv,sentinel1,treatment_0010,P01-09,3981.0717055349774,4834.943496387363,False
cv,sentinel1,treatment_0010,P01-09,5011.872336272725,4838.032985554523,False
cv,sentinel1,treatment_0010,P01-09,6309.573444801943,4841.366565298306,False
cv,sentinel1,treatment_0010,P01-09,7943.282347242822,4844.825114795591,False
cv,sentinel1,treatment_0010,P01-09,10000.0,4848.28312185635,False
cv,sentinel2,treatment_0001,P01-08,0.0001,6247.869803876777,True
cv,sentinel2,treatment_0001,P01-08,0.00012589254117941674,6247.869804482233,False
cv,sentinel2,treatment_0001,P01-08,0.00015848931924611142,6247.869805244458,False
cv,sentinel2,treatment_0001,P01-08,0.00019952623149688788,6247.869806204044,False
cv,sentinel2,treatment_0001,P01-08,0.00025118864315095795,6247.869807412089,False
cv,sentinel2,treatment_0001,P01-08,0.00031622776601683794,6247.869808932928,False
cv,sentinel2,treatment_0001,P01-08,0.00039810717055349735,6247.869810847551,False
cv,sentinel2,treatment_0001,P01-08,0.0005011872336272725,6247.869813257921,False
cv,sentinel2,treatment_0001,P01-08,0.000630957344480193,6247.869816292396,False
cv,sentinel2,treatment_0001,P01-08,0.0007943282347242813,6247.869820112572,False
cv,sentinel2,treatment_0001,P01-08,0.001,6247.869824921893,False
cv,sentinel2,treatment_0001,P01-08,0.0012589254117941675,6247.86983097647,False
cv,sentinel2,treatment_0001,P01-08,0.001584893192461114,6247.869838598733,False
cv,sentinel2,treatment_0001,P01-08,0.001995262314968879,6247.869848194597,False
cv,sentinel2,treatment_0001,P01-08,0.002511886431509582,6247.86986027508,False
cv,sentinel2,treatment_0001,P01-08,0.0031622776601683794,6247.86987548352,False
cv,sentinel2,treatment_0001,P01-08,0.003981071705534973,6247.869894629828,False
cv,sentinel2,treatment_0001,P01-08,0.005011872336272725,6247.869918733629,False
cv,sentinel2,treatment_0001,P01-08,0.00630957344480193,6247.869949078556,False
cv,sentinel2,treatment_0001,P01-08,0.00794328234724282,6247.869987280623,False
cv,sentinel2,treatment_0001,P01-08,0.01,6247.870035374279,False
cv,sentinel2,treatment_0001,P01-08,0.012589254117941675,6247.870095920772,False
cv,sentinel2,treatment_0001,P01-08,0.01584893192461114,6247.870172144555,False
cv,sentinel2,treatment_0001,P01-08,0.01995262314968881,6247.870268105027,False
cv,sentinel2,treatment_0001,P01-08,0.025118864315095822,6247.870388912765,False
cv,sentinel2,treatment_0001,P01-08,0.03162277660168379,6247.870541001743,False
cv,sentinel2,treatment_0001,P01-08,0.039810717055349734,6247.870732472083,False
cv,sentinel2,treatment_0001,P01-08,0.05011872336272725,6247.87097352159,False
cv,sentinel2,treatment_0001,P01-08,0.06309573444801936,6247.871276989109,False
cv,sentinel2,treatment_0001,P01-08,0.07943282347242822,6247.8716590386875,False
cv,sentinel2,treatment_0001,P01-08,0.1,6247.872140021084,False
cv,sentinel2,treatment_0001,P01-08,0.12589254117941676,6247.872745558641,False
cv,sentinel2,treatment_0001,P01-08,0.15848931924611143,6247.873507911562,False
cv,sentinel2,treatment_0001,P01-08,0.19952623149688808,6247.874467698715,False
cv,sentinel2,treatment_0001,P01-08,0.25118864315095824,6247.875676065218,False
cv,sentinel2,treatment_0001,P01-08,0.31622776601683794,6247.877197413216,False
cv,sentinel2,treatment_0001,P01-08,0.3981071705534973,6247.879112842798,False
cv,sentinel2,treatment_0001,P01-08,0.5011872336272725,6247.881524488731,False
cv,sentinel2,treatment_0001,P01-08,0.6309573444801936,6247.88456098779,False
cv,sentinel2,treatment_0001,P01-08,0.7943282347242822,6247.888384373964,False
cv,sentinel2,treatment_0001,P01-08,1.0,6247.893198778376,False
cv,sentinel2,treatment_0001,P01-08,1.2589254117941688,6247.899261412489,False
cv,sentinel2,treatment_0001,P01-08,1.584893192461114,6247.906896443738,False
cv,sentinel2,treatment_0001,P01-08,1.9952623149688788,6247.916512540804,False
cv,sentinel2,treatment_0001,P01-08,2.5118864315095824,6247.928625083482,False
cv,sentinel2,treatment_0001,P01-08,3.1622776601683795,6247.9438843157495,False
cv,sentinel2,treatment_0001,P01-08,3.9810717055349776,6247.9631110927485,False
cv,sentinel2,treatment_0001,P01-08,5.011872336272725,6247.987342364535,False
cv,sentinel2,treatment_0001,P01-08,6.309573444801943,6248.017889196139,False
cv,sentinel2,treatment_0001,P01-08,7.943282347242821,6248.056411008455,False
cv,sentinel2,treatment_0001,P01-08,10.0,6248.105010929355,False
cv,sentinel2,treatment_0001,P01-08,12.589254117941687,6248.166358802652,False
cv,sentinel2,treatment_0001,P01-08,15.848931924611142,6248.243850708613,False
cv,sentinel2,treatment_0001,P01-08,19.95262314968883,6248.341817088928,False
cv,sentinel2,treatment_0001,P01-08,25.11886431509582,6248.465796158982,False
cv,sentinel2,treatment_0001,P01-08,31.622776601683793,6248.622895840284,False
cv,sentinel2,treatment_0001,P01-08,39.81071705534978,6248.822276838405,False
cv,sentinel2,treatment_0001,P01-08,50.11872336272725,6249.0758029859135,False
cv,sentinel2,treatment_0001,P01-08,63.09573444801943,6249.398924326974,False
cv,sentinel2,treatment_0001,P01-08,79.43282347242821,6249.811886025023,False
cv,sentinel2,treatment_0001,P01-08,100.0,6250.341395106849,False
cv,sentinel2,treatment_0001,P01-08,125.89254117941688,6251.022930995789,False
cv,sentinel2,treatment_0001,P01-08,158.48931924611142,6251.9039585636065,False
cv,sentinel2,treatment_0001,P01-08,199.5262314968883,6253.048396894838,False
cv,sentinel2,treatment_0001,P01-08,251.18864315095823,6254.542812751993,False
cv,sentinel2,treatment_0001,P01-08,316.22776601683796,6256.504937559615,False
cv,sentinel2,treatment_0001,P01-08,398.1071705534977,6259.095231053813,False
cv,sentinel2,treatment_0001,P01-08,501.18723362727246,6262.532295736696,False
cv,sentinel2,treatment_0001,P01-08,630.9573444801943,6267.1129231414025,False
cv,sentinel2,treatment_0001,P01-08,794.3282347242822,6273.237341483208,False
cv,sentinel2,treatment_0001,P01-08,1000.0,6281.439731024118,False
cv,sentinel2,treatment_0001,P01-08,1258.9254117941687,6292.423155698484,False
cv,sentinel2,treatment_0001,P01-08,1584.893192461114,6307.096563502332,False
cv,sentinel2,treatment_0001,P01-08,1995.262314968883,6326.609179227978,False
cv,sentinel2,treatment_0001,P01-08,2511.886431509582,6352.374094022969,False
cv,sentinel2,treatment_0001,P01-08,3162.2776601683795,6386.06791039051,False
cv,sentinel2,treatment_0001,P01-08,3981.0717055349774,6429.5875179123905,False
cv,sentinel2,treatment_0001,P01-08,5011.872336272725,6484.940985287514,False
cv,sentinel2,treatment_0001,P01-08,6309.573444801943,6554.052279368141,False
cv,sentinel2,treatment_0001,P01-08,7943.282347242822,6638.475324537341,False
cv,sentinel2,treatment_0001,P01-08,10000.0,6739.044592740953,False
cv,sentinel2,treatment_0001,P01-09,0.0001,7310.073871052853,True
cv,sentinel2,treatment_0001,P01-09,0.00012589254117941674,7310.073871575316,False
cv,sentinel2,treatment_0001,P01-09,0.00015848931924611142,7310.07387223306,False
cv,sentinel2,treatment_0001,P01-09,0.00019952623149688788,7310.073873061109,False
cv,sentinel2,treatment_0001,P01-09,0.00025118864315095795,7310.073874103562,False
cv,sentinel2,treatment_0001,P01-09,0.00031622776601683794,7310.073875415934,False
cv,sentinel2,treatment_0001,P01-09,0.00039810717055349735,7310.07387706811,False
cv,sentinel2,treatment_0001,P01-09,0.0005011872336272725,7310.073879148078,False
cv,sentinel2,treatment_0001,P01-09,0.000630957344480193,7310.073881766602,False
cv,sentinel2,treatment_0001,P01-09,0.0007943282347242813,7310.073885063129,False
cv,sentinel2,treatment_0001,P01-09,0.001,7310.073889213211,False
cv,sentinel2,treatment_0001,P01-09,0.0012589254117941675,7310.073894437856,False
cv,sentinel2,treatment_0001,P01-09,0.001584893192461114,7310.073901015296,False
cv,sentinel2,treatment_0001,P01-09,0.001995262314968879,7310.073909295807,False
cv,sentinel2,treatment_0001,P01-09,0.002511886431509582,7310.073919720355,False
cv,sentinel2,treatment_0001,P01-09,0.0031622776601683794,7310.0739328440895,False
cv,sentinel2,treatment_0001,P01-09,0.003981071705534973,7310.073949365902,False
cv,sentinel2,treatment_0001,P01-09,0.005011872336272725,7310.073970165647,False
cv,sentinel2,treatment_0001,P01-09,0.00630957344480193,7310.073996351002,False
cv,sentinel2,treatment_0001,P01-09,0.00794328234724282,7310.074029316449,False
cv,sentinel2,treatment_0001,P01-09,0.01,7310.074070817553,False
cv,sentinel2,treatment_0001,P01-09,0.012589254117941675,7310.074123064447,False
cv,sentinel2,treatment_0001,P01-09,0.01584893192461114,7310.074188839549,False
cv,sentinel2,treatment_0001,P01-09,0.01995262314968881,7310.07427164575,False
cv,sentinel2,treatment_0001,P01-09,0.025118864315095822,7310.074375892982,False
cv,sentinel2,treatment_0001,P01-09,0.03162277660168379,7310.074507133105,False
cv,sentinel2,treatment_0001,P01-09,0.039810717055349734,7310.074672355637,False
cv,sentinel2,treatment_0001,P01-09,0.05011872336272725,7310.074880360077,False
cv,sentinel2,treatment_0001,P01-09,0.06309573444801936,7310.075142224682,False
cv,sentinel2,treatment_0001,P01-09,0.07943282347242822,7310.075471896695,False
cv,sentinel2,treatment_0001,P01-09,0.1,7310.075886935518,False
cv,sentinel2,treatment_0001,P01-09,0.12589254117941676,7310.076409448508,False
cv,sentinel2,treatment_0001,P01-09,0.15848931924611143,7310.077067269337,False
cv,sentinel2,treatment_0001,P01-09,0.19952623149688808,7310.077895441978,False
cv,sentinel2,treatment_0001,P01-09,0.25118864315095824,7310.07893808963,False
cv,sentinel2,treatment_0001,P01-09,0.31622776601683794,7310.080250768754,False
cv,sentinel2,treatment_0001,P01-09,0.3981071705534973,7310.081903434494,False
cv,sentinel2,treatment_0001,P01-09,0.5011872336272725,7310.0839841768775,False
cv,sentinel2,treatment_0001,P01-09,0.6309573444801936,7310.086603929089,False
cv,sentinel2,treatment_0001,P01-09,0.7943282347242822,7310.0899024022565,False
cv,sentinel2,treatment_0001,P01-09,1.0,7310.09405556867,False
cv,sentinel2,treatment_0001,P01-09,1.2589254117941688,7310.099285101219,False
cv,sentinel2,treatment_0001,P01-09,1.584893192461114,7310.105870286411,False
cv,sentinel2,treatment_0001,P01-09,1.9952623149688788,7310.114163068707,False
cv,sentinel2,treatment_0001,P01-09,2.5118864315095824,7310.124607064134,False
cv,sentinel2,treatment_0001,P01-09,3.1622776601683795,7310.137761614053,False
cv,sentinel2,treatment_0001,P01-09,3.9810717055349776,7310.154332252204,False
cv,sentinel2,treatment_0001,P01-09,5.011872336272725,7310.175209353286,False
cv,sentinel2,treatment_0001,P01-09,6.309573444801943,7310.2015172514675,False
cv,sentinel2,treatment_0001,P01-09,7.943282347242821,7310.234676807988,False
cv,sentinel2,treatment_0001,P01-09,10.0,7310.276485332749,False
cv,sentinel2,treatment_0001,P01-09,12.589254117941687,7310.3292190181955,False
cv,sentinel2,treatment_0001,P01-09,15.848931924611142,7310.395764758428,False
cv,sentinel2,treatment_0001,P01-09,19.95262314968883,7310.479790597558,False
cv,sentinel2,treatment_0001,P01-09,25.11886431509582,7310.585967363111,False
cv,sentinel2,treatment_0001,P01-09,31.622776601683793,7310.720258710024,False
cv,sentinel2,treatment_0001,P01-09,39.81071705534978,7310.890303436943,False
cv,sentinel2,treatment_0001,P01-09,50.11872336272725,7311.105923423196,False
cv,sentinel2,treatment_0001,P01-09,63.09573444801943,7311.379804140174,False
cv,sentinel2,treatment_0001,P01-09,79.43282347242821,7311.728414204423,False
cv,sentinel2,treatment_0001,P01-09,100.0,7312.1732583157345,False
cv,sentinel2,treatment_0001,P01-09,125.89254117941688,7312.742597396273,False
cv,sentinel2,treatment_0001,P01-09,158.48931924611142,7313.4738248093145,False
cv,sentinel2,treatment_0001,P01-09,199.5262314968883,7314.416762601785,False
cv,sentinel2,treatment_0001,P01-09,251.18864315095823,7315.638240626233,False
cv,sentinel2,treatment_0001,P01-09,316.22776601683796,7317.228445297968,False
cv,sentinel2,treatment_0001,P01-09,398.1071705534977,7319.309668184588,False
cv,sentinel2,treatment_0001,P01-09,501.18723362727246,7322.048229364822,False
cv,sentinel2,treatment_0001,P01-09,630.9573444801943,7325.670456897442,False
cv,sentinel2,treatment_0001,P01-09,794.3282347242822,7330.4836007225285,False
cv,sentinel2,treatment_0001,P01-09,1000.0,7336.9023349265435,False
cv,sentinel2,treatment_0001,P01-09,1258.9254117941687,7345.480897254594,False
cv,sentinel2,treatment_0001,P01-09,1584.893192461114,7356.949719631105,False
cv,sentinel2,treatment_0001,P01-09,1995.262314968883,7372.253361111659,False
cv,sentinel2,treatment_0001,P01-09,2511.886431509582,7392.58338793496,False
cv,sentinel2,treatment_0001,P01-09,3162.2776601683795,7419.395385834913,False
cv,sentinel2,treatment_0001,P01-09,3981.0717055349774,7454.393856053718,False
cv,sentinel2,treatment_0001,P01-09,5011.872336272725,7499.463871389298,False
cv,sentinel2,treatment_0001,P01-09,6309.573444801943,7556.527587091863,False
cv,sentinel2,treatment_0001,P01-09,7943.282347242822,7627.312379235859,False
cv,sentinel2,treatment_0001,P01-09,10000.0,7713.040176464327,False
cv,sentinel2,treatment_0002,P01-08,0.0001,6032.930752608587,False
cv,sentinel2,treatment_0002,P01-08,0.00012589254117941674,6032.930747171515,False
cv,sentinel2,treatment_0002,P01-08,0.00015848931924611142,6032.930740326647,False
cv,sentinel2,treatment_0002,P01-08,0.00019952623149688788,6032.930731709466,False
cv,sentinel2,treatment_0002,P01-08,0.00025118864315095795,6032.93072086108,False
cv,sentinel2,treatment_0002,P01-08,0.00031622776601683794,6032.930707203772,False
cv,sentinel2,treatment_0002,P01-08,0.00039810717055349735,6032.930690010241,False
cv,sentinel2,treatment_0002,P01-08,0.0005011872336272725,6032.930668364868,False
cv,sentinel2,treatment_0002,P01-08,0.000630957344480193,6032.930641114962,False
cv,sentinel2,treatment_0002,P01-08,0.0007943282347242813,6032.930606809363,False
cv,sentinel2,treatment_0002,P01-08,0.001,6032.930563621179,False
cv,sentinel2,treatment_0002,P01-08,0.0012589254117941675,6032.9305092504865,False
cv,sentinel2,treatment_0002,P01-08,0.001584893192461114,6032.930440801853,False
cv,sentinel2,treatment_0002,P01-08,0.001995262314968879,6032.93035463015,False
cv,sentinel2,treatment_0002,P01-08,0.002511886431509582,6032.930246146435,False
cv,sentinel2,treatment_0002,P01-08,0.0031622776601683794,6032.930109573583,False
cv,sentinel2,treatment_0002,P01-08,0.003981071705534973,6032.9299376386325,False
cv,sentinel2,treatment_0002,P01-08,0.005011872336272725,6032.9297211854855,False
cv,sentinel2,treatment_0002,P01-08,0.00630957344480193,6032.929448687326,False
cv,sentinel2,treatment_0002,P01-08,0.00794328234724282,6032.9291056328,False
cv,sentinel2,treatment_0002,P01-08,0.01,6032.928673753263,False
cv,sentinel2,treatment_0002,P01-08,0.012589254117941675,6032.9281300499715,False
cv,sentinel2,treatment_0002,P01-08,0.01584893192461114,6032.9274455693985,False
cv,sentinel2,treatment_0002,P01-08,0.01995262314968881,6032.926583861501,False
cv,sentinel2,treatment_0002,P01-08,0.025118864315095822,6032.925499038838,False
cv,sentinel2,treatment_0002,P01-08,0.03162277660168379,6032.924133333266,False
cv,sentinel2,treatment_0002,P01-08,0.039810717055349734,6032.922414020126,False
cv,sentinel2,treatment_0002,P01-08,0.05011872336272725,6032.920249546297,False
cv,sentinel2,treatment_0002,P01-08,0.06309573444801936,6032.917524656069,False
cv,sentinel2,treatment_0002,P01-08,0.07943282347242822,6032.914094255606,False
cv,sentinel2,treatment_0002,P01-08,0.1,6032.909775689733,False
cv,sentinel2,treatment_0002,P01-08,0.12589254117941676,6032.904339020526,False
cv,sentinel2,treatment_0002,P01-08,0.15848931924611143,6032.897494791226,False
cv,sentinel2,treatment_0002,P01-08,0.19952623149688808,6032.8888786257985,False
cv,sentinel2,treatment_0002,P01-08,0.25118864315095824,6032.87803184704,False
cv,sentinel2,treatment_0002,P01-08,0.31622776601683794,6032.864377085964,False
cv,sentinel2,treatment_0002,P01-08,0.3981071705534973,6032.847187591227,False
cv,sentinel2,treatment_0002,P01-08,0.5011872336272725,6032.8255486164,False
cv,sentinel2,treatment_0002,P01-08,0.6309573444801936,6032.79830884808,False
cv,sentinel2,treatment_0002,P01-08,0.7943282347242822,6032.764019318792,False
cv,sentinel2,treatment_0002,P01-08,1.0,6032.720856599916,False
cv,sentinel2,treatment_0002,P01-08,1.2589254117941688,6032.666526261068,False
cv,sentinel2,treatment_0002,P01-08,1.584893192461114,6032.598141576082,False
cv,sentinel2,treatment_0002,P01-08,1.9952623149688788,6032.5120712083935,False
cv,sentinel2,treatment_0002,P01-08,2.5118864315095824,6032.403748068531,False
cv,sentinel2,treatment_0002,P01-08,3.1622776601683795,6032.267429645592,False
cv,sentinel2,treatment_0002,P01-08,3.9810717055349776,6032.095897810061,False
cv,sentinel2,treatment_0002,P01-08,5.011872336272725,6031.880083303238,False
cv,sentinel2,treatment_0002,P01-08,6.309573444801943,6031.608596813864,False
cv,sentinel2,treatment_0002,P01-08,7.943282347242821,6031.2671446643335,False
cv,sentinel2,treatment_0002,P01-08,10.0,6030.837802707837,False
cv,sentinel2,treatment_0002,P01-08,12.589254117941687,6030.298117192359,False
cv,sentinel2,treatment_0002,P01-08,15.848931924611142,6029.619996367108,False
cv,sentinel2,treatment_0002,P01-08,19.95262314968883,6028.768352068744,False
cv,sentinel2,treatment_0002,P01-08,25.11886431509582,6027.699447471474,False
cv,sentinel2,treatment_0002,P01-08,31.622776601683793,6026.35890739176,False
cv,sentinel2,treatment_0002,P01-08,39.81071705534978,6024.679353896842,False
cv,sentinel2,treatment_0002,P01-08,50.11872336272725,6022.577647014561,False
cv,sentinel2,treatment_0002,P01-08,63.09573444801943,6019.951744946632,False
cv,sentinel2,treatment_0002,P01-08,79.43282347242821,6016.677260322467,False
cv,sentinel2,treatment_0002,P01-08,100.0,6012.603892464067,False
cv,sentinel2,treatment_0002,P01-08,125.89254117941688,6007.552078048878,False
cv,sentinel2,treatment_0002,P01-08,158.48931924611142,6001.310444158635,False
cv,sentinel2,treatment_0002,P01-08,199.5262314968883,5993.634986539011,False
cv,sentinel2,treatment_0002,P01-08,251.18864315095823,5984.251337174167,False
cv,sentinel2,treatment_0002,P01-08,316.22776601683796,5972.86200101549,False
cv,sentinel2,treatment_0002,P01-08,398.1071705534977,5959.160937568792,False
cv,sentinel2,treatment_0002,P01-08,501.18723362727246,5942.858133682537,False
cv,sentinel2,treatment_0002,P01-08,630.9573444801943,5923.716500337645,False
cv,sentinel2,treatment_0002,P01-08,794.3282347242822,5901.602013484833,False
cv,sentinel2,treatment_0002,P01-08,1000.0,5876.544944687578,False
cv,sentinel2,treatment_0002,P01-08,1258.9254117941687,5848.804992252695,False
cv,sentinel2,treatment_0002,P01-08,1584.893192461114,5818.926641923006,False
cv,sentinel2,treatment_0002,P01-08,1995.262314968883,5787.765115311422,False
cv,sentinel2,treatment_0002,P01-08,2511.886431509582,5756.461396475132,False
cv,sentinel2,treatment_0002,P01-08,3162.2776601683795,5726.351251721926,False
cv,sentinel2,treatment_0002,P01-08,3981.0717055349774,5698.8099584788215,False
cv,sentinel2,treatment_0002,P01-08,5011.872336272725,5675.058268801597,False
cv,sentinel2,treatment_0002,P01-08,6309.573444801943,5655.97605085678,False
cv,sentinel2,treatment_0002,P01-08,7943.282347242822,5641.975713987846,False
cv,sentinel2,treatment_0002,P01-08,10000.0,5632.971414845294,True
cv,sentinel2,treatment_0002,P01-09,0.0001,7241.473587179651,False
cv,sentinel2,treatment_0002,P01-09,0.00012589254117941674,7241.4735833343675,False
cv,sentinel2,treatment_0002,P01-09,0.00015848931924611142,7241.47357849344,False
cv,sentinel2,treatment_0002,P01-09,0.00019952623149688788,7241.473572399074,False
cv,sentinel2,treatment_0002,P01-09,0.00025118864315095795,7241.473564726726,False
cv,sentinel2,treatment_0002,P01-09,0.00031622776601683794,7241.473555067807,False
cv,sentinel2,treatment_0002,P01-09,0.00039810717055349735,7241.47354290795,False
cv,sentinel2,treatment_0002,P01-09,0.0005011872336272725,7241.4735275996,False
cv,sentinel2,treatment_0002,P01-09,0.000630957344480193,7241.473508327529,False
cv,sentinel2,treatment_0002,P01-09,0.0007943282347242813,7241.473484065431,False
cv,sentinel2,treatment_0002,P01-09,0.001,7241.473453521262,False
cv,sentinel2,treatment_0002,P01-09,0.0012589254117941675,7241.473415068438,False
cv,sentinel2,treatment_0002,P01-09,0.001584893192461114,7241.473366659206,False
cv,sentinel2,treatment_0002,P01-09,0.001995262314968879,7241.473305715607,False
cv,sentinel2,treatment_0002,P01-09,0.002511886431509582,7241.473228992179,False
cv,sentinel2,treatment_0002,P01-09,0.0031622776601683794,7241.473132403135,False
cv,sentinel2,treatment_0002,P01-09,0.003981071705534973,7241.4730108047825,False
cv,sentinel2,treatment_0002,P01-09,0.005011872336272725,7241.472857721598,False
cv,sentinel2,treatment_0002,P01-09,0.00630957344480193,7241.472665001409,False
cv,sentinel2,treatment_0002,P01-09,0.00794328234724282,7241.472422381252,False
cv,sentinel2,treatment_0002,P01-09,0.01,7241.4721169408695,False
cv,sentinel2,treatment_0002,P01-09,0.012589254117941675,7241.47173241468,False
cv,sentinel2,treatment_0002,P01-09,0.01584893192461114,7241.471248325638,False
cv,sentinel2,treatment_0002,P01-09,0.01995262314968881,7241.470638894825,False
cv,sentinel2,treatment_0002,P01-09,0.025118864315095822,7241.469871668766,False
cv,sentinel2,treatment_0002,P01-09,0.03162277660168379,7241.468905791364,False
cv,sentinel2,treatment_0002,P01-09,0.039810717055349734,7241.467689828474,False
cv,sentinel2,treatment_0002,P01-09,0.05011872336272725,7241.466159029367,False
cv,sentinel2,treatment_0002,P01-09,0.06309573444801936,7241.464231879323,False
cv,sentinel2,treatment_0002,P01-09,0.07943282347242822,7241.461805759944,False
cv,sentinel2,treatment_0002,P01-09,0.1,7241.458751486371,False
cv,sentinel2,treatment_0002,P01-09,0.12589254117941676,7241.454906430931,False
cv,sentinel2,treatment_0002,P01-09,0.15848931924611143,7241.4500658677,False
cv,sentinel2,treatment_0002,P01-09,0.19952623149688808,7241.443972078135,False
cv,sentinel2,treatment_0002,P01-09,0.25118864315095824,7241.436300639403,False
cv,sentinel2,treatment_0002,P01-09,0.31622776601683794,7241.426643167871,False
cv,sentinel2,treatment_0002,P01-09,0.3981071705534973,7241.414485603242,False
cv,sentinel2,treatment_0002,P01-09,0.5011872336272725,7241.399180883733,False
cv,sentinel2,treatment_0002,P01-09,0.6309573444801936,7241.379914568122,False
cv,sentinel2,treatment_0002,P01-09,0.7943282347242822,7241.355661591256,False
cv,sentinel2,treatment_0002,P01-09,1.0,7241.325131877587,False
cv,sentinel2,treatment_0002,P01-09,1.2589254117941688,7241.286701959962,False
cv,sentinel2,treatment_0002,P01-09,1.584893192461114,7241.238329031089,False
cv,sentinel2,treatment_0002,P01-09,1.9952623149688788,7241.177442959729,False
cv,sentinel2,treatment_0002,P01-09,2.5118864315095824,7241.100810693943,False
cv,sentinel2,treatment_0002,P01-09,3.1622776601683795,7241.004366103822,False
cv,sentinel2,treatment_0002,P01-09,3.9810717055349776,7240.882996634873,False
cv,sentinel2,treatment_0002,P01-09,5.011872336272725,7240.730276094737,False
cv,sentinel2,treatment_0002,P01-09,6.309573444801943,7240.538130424305,False
cv,sentinel2,treatment_0002,P01-09,7.943282347242821,7240.2964203615775,False
cv,sentinel2,treatment_0002,P01-09,10.0,7239.992421467041,False
cv,sentinel2,treatment_0002,P01-09,12.589254117941687,7239.610178064052,False
cv,sentinel2,treatment_0002,P01-09,15.848931924611142,7239.129703366591,False
cv,sentinel2,treatment_0002,P01-09,19.95262314968883,7238.5259936839275,False
cv,sentinel2,treatment_0002,P01-09,25.11886431509582,7237.767820631242,False
cv,sentinel2,treatment_0002,P01-09,31.622776601683793,7236.81626268056,False
cv,sentinel2,treatment_0002,P01-09,39.81071705534978,7235.622937760753,False
cv,sentinel2,treatment_0002,P01-09,50.11872336272725,7234.127904566207,False
cv,sentinel2,treatment_0002,P01-09,63.09573444801943,7232.257215847994,False
cv,sentinel2,treatment_0002,P01-09,79.43282347242821,7229.920138414718,False
cv,sentinel2,treatment_0002,P01-09,100.0,7227.006110818627,False
cv,sentinel2,treatment_0002,P01-09,125.89254117941688,7223.381603082755,False
cv,sentinel2,treatment_0002,P01-09,158.48931924611142,7218.887189124774,False
cv,sentinel2,treatment_0002,P01-09,199.5262314968883,7213.335359659599,False
cv,sentinel2,treatment_0002,P01-09,251.18864315095823,7206.509907000923,False
cv,sentinel2,treatment_0002,P01-09,316.22776601683796,7198.168106929805,False
cv,sentinel2,treatment_0002,P01-09,398.1071705534977,7188.0473794762875,False
cv,sentinel2,treatment_0002,P01-09,501.18723362727246,7175.878541815412,False
cv,sentinel2,treatment_0002,P01-09,630.9573444801943,7161.40798272549,False
cv,sentinel2,treatment_0002,P01-09,794.3282347242822,7144.430760464846,False
cv,sentinel2,treatment_0002,P01-09,1000.0,7124.835288566705,False
cv,sentinel2,treatment_0002,P01-09,1258.9254117941687,7102.6574314809095,False
cv,sentinel2,treatment_0002,P01-09,1584.893192461114,7078.137255033371,False
cv,sentinel2,treatment_0002,P01-09,1995.262314968883,7051.765913325546,False
cv,sentinel2,treatment_0002,P01-09,2511.886431509582,7024.305084930425,False
cv,sentinel2,treatment_0002,P01-09,3162.2776601683795,6996.760307995759,False
cv,sentinel2,treatment_0002,P01-09,3981.0717055349774,6970.296160243866,False
cv,sentinel2,treatment_0002,P01-09,5011.872336272725,6946.096916152412,False
cv,sentinel2,treatment_0002,P01-09,6309.573444801943,6925.197388724649,False
cv,sentinel2,treatment_0002,P01-09,7943.282347242822,6908.325812764077,False
cv,sentinel2,treatment_0002,P01-09,10000.0,6895.803209798583,True
cv,sentinel2,treatment_0003,P01-08,0.0001,5020.574627143125,False
cv,sentinel2,treatment_0003,P01-08,0.00012589254117941674,5020.574626991927,False
cv,sentinel2,treatment_0003,P01-08,0.00015848931924611142,5020.574626801578,False
cv,sentinel2,treatment_0003,P01-08,0.00019952623149688788,5020.5746265619455,False
cv,sentinel2,treatment_0003,P01-08,0.00025118864315095795,5020.574626260264,False
cv,sentinel2,treatment_0003,P01-08,0.00031622776601683794,5020.57462588047,False
cv,sentinel2,treatment_0003,P01-08,0.00039810717055349735,5020.574625402337,False
cv,sentinel2,treatment_0003,P01-08,0.0005011872336272725,5020.574624800405,False
cv,sentinel2,treatment_0003,P01-08,0.000630957344480193,5020.574624042619,False
cv,sentinel2,treatment_0003,P01-08,0.0007943282347242813,5020.57462308862,False
cv,sentinel2,treatment_0003,P01-08,0.001,5020.5746218876075,False
cv,sentinel2,treatment_0003,P01-08,0.0012589254117941675,5020.574620375625,False
cv,sentinel2,treatment_0003,P01-08,0.001584893192461114,5020.574618472152,False
cv,sentinel2,treatment_0003,P01-08,0.001995262314968879,5020.5746160758235,False
cv,sentinel2,treatment_0003,P01-08,0.002511886431509582,5020.574613059027,False
cv,sentinel2,treatment_0003,P01-08,0.0031622776601683794,5020.574609261112,False
cv,sentinel2,treatment_0003,P01-08,0.003981071705534973,5020.574604479826,False
cv,sentinel2,treatment_0003,P01-08,0.005011872336272725,5020.574598460557,False
cv,sentinel2,treatment_0003,P01-08,0.00630957344480193,5020.574590882765,False
cv,sentinel2,treatment_0003,P01-08,0.00794328234724282,5020.574581342923,False
cv,sentinel2,treatment_0003,P01-08,0.01,5020.574569333023,False
cv,sentinel2,treatment_0003,P01-08,0.012589254117941675,5020.574554213532,False
cv,sentinel2,treatment_0003,P01-08,0.01584893192461114,5020.574535179347,False
cv,sentinel2,treatment_0003,P01-08,0.01995262314968881,5020.574511216924,False
cv,sentinel2,treatment_0003,P01-08,0.025118864315095822,5020.574481050334,False
cv,sentinel2,treatment_0003,P01-08,0.03162277660168379,5020.574443073343,False
cv,sentinel2,treatment_0003,P01-08,0.039810717055349734,5020.574395263931,False
cv,sentinel2,treatment_0003,P01-08,0.05011872336272725,5020.574335076693,False
cv,sentinel2,treatment_0003,P01-08,0.06309573444801936,5020.574259307425,False
cv,sentinel2,treatment_0003,P01-08,0.07943282347242822,5020.574163922697,False
cv,sentinel2,treatment_0003,P01-08,0.1,5020.5740438453995,False
cv,sentinel2,treatment_0003,P01-08,0.12589254117941676,5020.573892684901,False
cv,sentinel2,treatment_0003,P01-08,0.15848931924611143,5020.573702397565,False
cv,sentinel2,treatment_0003,P01-08,0.19952623149688808,5020.573462859749,False
cv,sentinel2,treatment_0003,P01-08,0.25118864315095824,5020.5731613308,False
cv,sentinel2,treatment_0003,P01-08,0.31622776601683794,5020.572781777937,False
cv,sentinel2,treatment_0003,P01-08,0.3981071705534973,5020.57230402779,False
cv,sentinel2,treatment_0003,P01-08,0.5011872336272725,5020.571702700545,False
cv,sentinel2,treatment_0003,P01-08,0.6309573444801936,5020.57094587178,False
cv,sentinel2,treatment_0003,P01-08,0.7943282347242822,5020.569993393607,False
cv,sentinel2,treatment_0003,P01-08,1.0,5020.568794790287,False
cv,sentinel2,treatment_0003,P01-08,1.2589254117941688,5020.567286623495,False
cv,sentinel2,treatment_0003,P01-08,1.584893192461114,5020.565389198403,False
cv,sentinel2,treatment_0003,P01-08,1.9952623149688788,5020.563002453299,False
cv,sentinel2,treatment_0003,P01-08,2.5118864315095824,5020.560000842582,False
cv,sentinel2,treatment_0003,P01-08,3.1622776601683795,5020.556226985996,False
cv,sentinel2,treatment_0003,P01-08,3.9810717055349776,5020.55148381771,False
cv,sentinel2,treatment_0003,P01-08,5.011872336272725,5020.5455249304305,False
cv,sentinel2,treatment_0003,P01-08,6.309573444801943,5020.5380427791515,False
cv,sentinel2,treatment_0003,P01-08,7.943282347242821,5020.528654398132,False
cv,sentinel2,treatment_0003,P01-08,10.0,5020.516884313912,False
cv,sentinel2,treatment_0003,P01-08,12.589254117941687,5020.502144440968,False
cv,sentinel2,treatment_0003,P01-08,15.848931924611142,5020.483710980879,False
cv,sentinel2,treatment_0003,P01-08,19.95262314968883,5020.460698800283,False
cv,sentinel2,treatment_0003,P01-08,25.11886431509582,5020.432034577873,False
cv,sentinel2,treatment_0003,P01-08,31.622776601683793,5020.396431403117,False
cv,sentinel2,treatment_0003,P01-08,39.81071705534978,5020.35236980712,False
cv,sentinel2,treatment_0003,P01-08,50.11872336272725,5020.298093892632,False
cv,sentinel2,treatment_0003,P01-08,63.09573444801943,5020.231636999083,False
cv,sentinel2,treatment_0003,P01-08,79.43282347242821,5020.150900143404,False
cv,sentinel2,treatment_0003,P01-08,100.0,5020.0538195578665,False
cv,sentinel2,treatment_0003,P01-08,125.89254117941688,5019.938678472703,False
cv,sentinel2,treatment_0003,P01-08,158.48931924611142,5019.804644336046,False
cv,sentinel2,treatment_0003,P01-08,199.5262314968883,5019.652646843748,False
cv,sentinel2,treatment_0003,P01-08,251.18864315095823,5019.486753743425,False
cv,sentinel2,treatment_0003,P01-08,316.22776601683796,5019.316246215727,False
cv,sentinel2,treatment_0003,P01-08,398.1071705534977,5019.158633623531,False
cv,sentinel2,treatment_0003,P01-08,501.18723362727246,5019.04385992961,False
cv,sentinel2,treatment_0003,P01-08,630.9573444801943,5019.0199128753475,True
cv,sentinel2,treatment_0003,P01-08,794.3282347242822,5019.159917431956,False
cv,sentinel2,treatment_0003,P01-08,1000.0,5019.570546274341,False
cv,sentinel2,treatment_0003,P01-08,1258.9254117941687,5020.401201799143,False
cv,sentinel2,treatment_0003,P01-08,1584.893192461114,5021.852940745059,False
cv,sentinel2,treatment_0003,P01-08,1995.262314968883,5024.1855756119185,False
cv,sentinel2,treatment_0003,P01-08,2511.886431509582,5027.7208354448285,False
cv,sentinel2,treatment_0003,P01-08,3162.2776601683795,5032.838879651431,False
cv,sentinel2,treatment_0003,P01-08,3981.0717055349774,5039.964789105344,False
cv,sentinel2,treatment_0003,P01-08,5011.872336272725,5049.541090363189,False
cv,sentinel2,treatment_0003,P01-08,6309.573444801943,5061.982709357233,False
cv,sentinel2,treatment_0003,P01-08,7943.282347242822,5077.613546389423,False
cv,sentinel2,treatment_0003,P01-08,10000.0,5096.590492577913,False
cv,sentinel2,treatment_0003,P01-09,0.0001,5628.662079175829,False
cv,sentinel2,treatment_0003,P01-09,0.00012589254117941674,5628.662079079155,False
cv,sentinel2,treatment_0003,P01-09,0.00015848931924611142,5628.662078957449,False
cv,sentinel2,treatment_0003,P01-09,0.00019952623149688788,5628.662078804233,False
cv,sentinel2,treatment_0003,P01-09,0.00025118864315095795,5628.662078611342,False
cv,sentinel2,treatment_0003,P01-09,0.00031622776601683794,5628.662078368508,False
cv,sentinel2,treatment_0003,P01-09,0.00039810717055349735,5628.6620780628,False
cv,sentinel2,treatment_0003,P01-09,0.0005011872336272725,5628.662077677935,False
cv,sentinel2,treatment_0003,P01-09,0.000630957344480193,5628.662077193418,False
cv,sentinel2,treatment_0003,P01-09,0.0007943282347242813,5628.662076583449,False
cv,sentinel2,treatment_0003,P01-09,0.001,5628.662075815544,False
cv,sentinel2,treatment_0003,P01-09,0.0012589254117941675,5628.662074848808,False
cv,sentinel2,treatment_0003,P01-09,0.001584893192461114,5628.662073631763,False
cv,sentinel2,treatment_0003,P01-09,0.001995262314968879,5628.662072099593,False
cv,sentinel2,treatment_0003,P01-09,0.002511886431509582,5628.6620701707125,False
cv,sentinel2,treatment_0003,P01-09,0.0031622776601683794,5628.6620677424,False
cv,sentinel2,treatment_0003,P01-09,0.003981071705534973,5628.662064685342,False
cv,sentinel2,treatment_0003,P01-09,0.005011872336272725,5628.662060836746,False
cv,sentinel2,treatment_0003,P01-09,0.00630957344480193,5628.662055991672,False
cv,sentinel2,treatment_0003,P01-09,0.00794328234724282,5628.662049892117,False
cv,sentinel2,treatment_0003,P01-09,0.01,5628.662042213282,False
cv,sentinel2,treatment_0003,P01-09,0.012589254117941675,5628.662032546281,False
cv,sentinel2,treatment_0003,P01-09,0.01584893192461114,5628.662020376373,False
cv,sentinel2,treatment_0003,P01-09,0.01995262314968881,5628.662005055567,False
cv,sentinel2,treatment_0003,P01-09,0.025118864315095822,5628.66198576813,False
cv,sentinel2,treatment_0003,P01-09,0.03162277660168379,5628.661961487186,False
cv,sentinel2,treatment_0003,P01-09,0.039810717055349734,5628.661930920086,False
cv,sentinel2,treatment_0003,P01-09,0.05011872336272725,5628.661892439643,False
cv,sentinel2,treatment_0003,P01-09,0.06309573444801936,5628.661843997633,False
cv,sentinel2,treatment_0003,P01-09,0.07943282347242822,5628.6617830159175,False
cv,sentinel2,treatment_0003,P01-09,0.1,5628.661706249497,False
cv,sentinel2,treatment_0003,P01-09,0.12589254117941676,5628.661609614242,False
cv,sentinel2,treatment_0003,P01-09,0.15848931924611143,5628.661487970253,False
cv,sentinel2,treatment_0003,P01-09,0.19952623149688808,5628.661334849493,False
cv,sentinel2,treatment_0003,P01-09,0.25118864315095824,5628.661142113497,False
cv,sentinel2,treatment_0003,P01-09,0.31622776601683794,5628.660899523364,False
cv,sentinel2,treatment_0003,P01-09,0.3981071705534973,5628.660594199893,False
cv,sentinel2,treatment_0003,P01-09,0.5011872336272725,5628.660209946273,False
cv,sentinel2,treatment_0003,P01-09,0.6309573444801936,5628.659726399074,False
cv,sentinel2,treatment_0003,P01-09,0.7943282347242822,5628.659117965287,False
cv,sentinel2,treatment_0003,P01-09,1.0,5628.658352493402,False
cv,sentinel2,treatment_0003,P01-09,1.2589254117941688,5628.657389615084,False
cv,sentinel2,treatment_0003,P01-09,1.584893192461114,5628.656178680742,False
cv,sentinel2,treatment_0003,P01-09,1.9952623149688788,5628.654656197418,False
cv,sentinel2,treatment_0003,P01-09,2.5118864315095824,5628.652742661597,False
cv,sentinel2,treatment_0003,P01-09,3.1622776601683795,5628.65033866428,False
cv,sentinel2,treatment_0003,P01-09,3.9810717055349776,5628.647320133619,False
cv,sentinel2,treatment_0003,P01-09,5.011872336272725,5628.643532576685,False
cv,sentinel2,treatment_0003,P01-09,6.309573444801943,5628.638784195271,False
cv,sentinel2,treatment_0003,P01-09,7.943282347242821,5628.632837795577,False
cv,sentinel2,treatment_0003,P01-09,10.0,5628.6254015124505,False
cv,sentinel2,treatment_0003,P01-09,12.589254117941687,5628.616118564876,False
cv,sentinel2,treatment_0003,P01-09,15.848931924611142,5628.604556613669,False
cv,sentinel2,treatment_0003,P01-09,19.95262314968883,5628.590197904795,False
cv,sentinel2,treatment_0003,P01-09,25.11886431509582,5628.572432408838,False
cv,sentinel2,treatment_0003,P01-09,31.622776601683793,5628.55055785103,False
cv,sentinel2,treatment_0003,P01-09,39.81071705534978,5628.52379323616,False
cv,sentinel2,treatment_0003,P01-09,50.11872336272725,5628.491316762287,False
cv,sentinel2,treatment_0003,P01-09,63.09573444801943,5628.452345700149,False
cv,sentinel2,treatment_0003,P01-09,79.43282347242821,5628.406286053344,False
cv,sentinel2,treatment_0003,P01-09,100.0,5628.352995206132,False
cv,sentinel2,treatment_0003,P01-09,125.89254117941688,5628.29322339034,False
cv,sentinel2,treatment_0003,P01-09,158.48931924611142,5628.229332135078,False
cv,sentinel2,treatment_0003,P01-09,199.5262314968883,5628.166432392403,False
cv,sentinel2,treatment_0003,P01-09,251.18864315095823,5628.114143313052,False
cv,sentinel2,treatment_0003,P01-09,316.22776601683796,5628.08924338772,True
cv,sentinel2,treatment_0003,P01-09,398.1071705534977,5628.119561425145,False
cv,sentinel2,treatment_0003,P01-09,501.18723362727246,5628.249517082897,False
cv,sentinel2,treatment_0003,P01-09,630.9573444801943,5628.547733822157,False
cv,sentinel2,treatment_0003,P01-09,794.3282347242822,5629.117053805726,False
cv,sentinel2,treatment_0003,P01-09,1000.0,5630.10700619537,False
cv,sentinel2,treatment_0003,P01-09,1258.9254117941687,5631.728231978596,False
cv,sentinel2,treatment_0003,P01-09,1584.893192461114,5634.267487847013,False
cv,sentinel2,treatment_0003,P01-09,1995.262314968883,5638.100646090449,False
cv,sentinel2,treatment_0003,P01-09,2511.886431509582,5643.699700899116,False
cv,sentinel2,treatment_0003,P01-09,3162.2776601683795,5651.628457658211,False
cv,sentinel2,treatment_0003,P01-09,3981.0717055349774,5662.520768279446,False
cv,sentinel2,treatment_0003,P01-09,5011.872336272725,5677.035545808443,False
cv,sentinel2,treatment_0003,P01-09,6309.573444801943,5695.785264311448,False
cv,sentinel2,treatment_0003,P01-09,7943.282347242822,5719.240232413004,False
cv,sentinel2,treatment_0003,P01-09,10000.0,5747.619967449017,False
cv,sentinel2,treatment_0004,P01-08,0.0001,8243.284472962181,False
cv,sentinel2,treatment_0004,P01-08,0.00012589254117941674,8243.284472527932,False
cv,sentinel2,treatment_0004,P01-08,0.00015848931924611142,8243.284471981247,False
cv,sentinel2,treatment_0004,P01-08,0.00019952623149688788,8243.284471293011,False
cv,sentinel2,treatment_0004,P01-08,0.00025118864315095795,8243.28447042657,False
cv,sentinel2,treatment_0004,P01-08,0.00031622776601683794,8243.284469335787,False
cv,sentinel2,treatment_0004,P01-08,0.00039810717055349735,8243.284467962572,False
cv,sentinel2,treatment_0004,P01-08,0.0005011872336272725,8243.284466233801,False
cv,sentinel2,treatment_0004,P01-08,0.000630957344480193,8243.284464057404,False
cv,sentinel2,treatment_0004,P01-08,0.0007943282347242813,8243.284461317482,False
cv,sentinel2,treatment_0004,P01-08,0.001,8243.284457868129,False
cv,sentinel2,treatment_0004,P01-08,0.0012589254117941675,8243.284453525648,False
cv,sentinel2,treatment_0004,P01-08,0.001584893192461114,8243.28444805879,False
cv,sentinel2,treatment_0004,P01-08,0.001995262314968879,8243.284441176427,False
cv,sentinel2,treatment_0004,P01-08,0.002511886431509582,8243.284432512051,False
cv,sentinel2,treatment_0004,P01-08,0.0031622776601683794,8243.284421604252,False
cv,sentinel2,treatment_0004,P01-08,0.003981071705534973,8243.284407872157,False
cv,sentinel2,treatment_0004,P01-08,0.005011872336272725,8243.284390584491,False
cv,sentinel2,treatment_0004,P01-08,0.00630957344480193,8243.28436882063,False
cv,sentinel2,treatment_0004,P01-08,0.00794328234724282,8243.284341421597,False
cv,sentinel2,treatment_0004,P01-08,0.01,8243.284306928317,False
cv,sentinel2,treatment_0004,P01-08,0.012589254117941675,8243.284263503949,False
cv,sentinel2,treatment_0004,P01-08,0.01584893192461114,8243.284208836067,False
cv,sentinel2,treatment_0004,P01-08,0.01995262314968881,8243.28414001353,False
cv,sentinel2,treatment_0004,P01-08,0.025118864315095822,8243.284053371483,False
cv,sentinel2,treatment_0004,P01-08,0.03162277660168379,8243.283944296232,False
cv,sentinel2,treatment_0004,P01-08,0.039810717055349734,8243.283806979618,False
cv,sentinel2,treatment_0004,P01-08,0.05011872336272725,8243.283634109812,False
cv,sentinel2,treatment_0004,P01-08,0.06309573444801936,8243.283416482107,False
cv,sentinel2,treatment_0004,P01-08,0.07943282347242822,8243.283142509003,False
cv,sentinel2,treatment_0004,P01-08,0.1,8243.282797603542,False
cv,sentinel2,treatment_0004,P01-08,0.12589254117941676,8243.282363403196,False
cv,sentinel2,treatment_0004,P01-08,0.15848931924611143,8243.281816793036,False
cv,sentinel2,treatment_0004,P01-08,0.19952623149688808,8243.28112867648,False
cv,sentinel2,treatment_0004,P01-08,0.25118864315095824,8243.280262428474,False
cv,sentinel2,treatment_0004,P01-08,0.31622776601683794,8243.279171949303,False
cv,sentinel2,treatment_0004,P01-08,0.3981071705534973,8243.277799216343,False
cv,sentinel2,treatment_0004,P01-08,0.5011872336272725,8243.276071204804,False
cv,sentinel2,treatment_0004,P01-08,0.6309573444801936,8243.273896015748,False
cv,sentinel2,treatment_0004,P01-08,0.7943282347242822,8243.271158008907,False
cv,sentinel2,treatment_0004,P01-08,1.0,8243.267711686765,False
cv,sentinel2,treatment_0004,P01-08,1.2589254117941688,8243.263374013424,False
cv,sentinel2,treatment_0004,P01-08,1.584893192461114,8243.257914773578,False
cv,sentinel2,treatment_0004,P01-08,1.9952623149688788,8243.251044481129,False
cv,sentinel2,treatment_0004,P01-08,2.5118864315095824,8243.242399229659,False
cv,sentinel2,treatment_0004,P01-08,3.1622776601683795,8243.231521735257,False
cv,sentinel2,treatment_0004,P01-08,3.9810717055349776,8243.21783765271,False
cv,sentinel2,treatment_0004,P01-08,5.011872336272725,8243.20062604675,False
cv,sentinel2,treatment_0004,P01-08,6.309573444801943,8243.178982671634,False
cv,sentinel2,treatment_0004,P01-08,7.943282347242821,8243.151774459584,False
cv,sentinel2,treatment_0004,P01-08,10.0,8243.11758335513,False
cv,sentinel2,treatment_0004,P01-08,12.589254117941687,8243.074637386137,False
cv,sentinel2,treatment_0004,P01-08,15.848931924611142,8243.020726684485,False
cv,sentinel2,treatment_0004,P01-08,19.95262314968883,8242.953102149917,False
cv,sentinel2,treatment_0004,P01-08,25.11886431509582,8242.868354739448,False
cv,sentinel2,treatment_0004,P01-08,31.622776601683793,8242.762274203602,False
cv,sentinel2,treatment_0004,P01-08,39.81071705534978,8242.62968786031,False
cv,sentinel2,treatment_0004,P01-08,50.11872336272725,8242.464283278063,False
cv,sentinel2,treatment_0004,P01-08,63.09573444801943,8242.258424391723,False
cv,sentinel2,treatment_0004,P01-08,79.43282347242821,8242.002979825935,False
cv,sentinel2,treatment_0004,P01-08,100.0,8241.687196724717,False
cv,sentinel2,treatment_0004,P01-08,125.89254117941688,8241.298675313372,False
cv,sentinel2,treatment_0004,P01-08,158.48931924611142,8240.823531190636,False
cv,sentinel2,treatment_0004,P01-08,199.5262314968883,8240.246876240933,False
cv,sentinel2,treatment_0004,P01-08,251.18864315095823,8239.55380613713,False
cv,sentinel2,treatment_0004,P01-08,316.22776601683796,8238.73115067284,False
cv,sentinel2,treatment_0004,P01-08,398.1071705534977,8237.770314743633,False
cv,sentinel2,treatment_0004,P01-08,501.18723362727246,8236.671595531514,False
cv,sentinel2,treatment_0004,P01-08,630.9573444801943,8235.450376113798,False
cv,sentinel2,treatment_0004,P01-08,794.3282347242822,8234.145526075132,False
cv,sentinel2,treatment_0004,P01-08,1000.0,8232.830137596413,False
cv,sentinel2,treatment_0004,P01-08,1258.9254117941687,8231.624345527174,False
cv,sentinel2,treatment_0004,P01-08,1584.893192461114,8230.709387479252,False
cv,sentinel2,treatment_0004,P01-08,1995.262314968883,8230.341228323552,True
cv,sentinel2,treatment_0004,P01-08,2511.886431509582,8230.860974843104,False
cv,sentinel2,treatment_0004,P01-08,3162.2776601683795,8232.697940848328,False
cv,sentinel2,treatment_0004,P01-08,3981.0717055349774,8236.359768125258,False
cv,sentinel2,treatment_0004,P01-08,5011.872336272725,8242.403118850403,False
cv,sentinel2,treatment_0004,P01-08,6309.573444801943,8251.379516552646,False
cv,sentinel2,treatment_0004,P01-08,7943.282347242822,8263.7557336962,False
cv,sentinel2,treatment_0004,P01-08,10000.0,8279.817553815266,False
cv,sentinel2,treatment_0004,P01-09,0.0001,9927.431720845381,False
cv,sentinel2,treatment_0004,P01-09,0.00012589254117941674,9927.431720297815,False
cv,sentinel2,treatment_0004,P01-09,0.00015848931924611142,9927.431719608472,False
cv,sentinel2,treatment_0004,P01-09,0.00019952623149688788,9927.431718740638,False
cv,sentinel2,treatment_0004,P01-09,0.00025118864315095795,9927.4317176481,False
cv,sentinel2,treatment_0004,P01-09,0.00031622776601683794,9927.431716272675,False
cv,sentinel2,treatment_0004,P01-09,0.00039810717055349735,9927.431714541117,False
cv,sentinel2,treatment_0004,P01-09,0.0005011872336272725,9927.431712361216,False
cv,sentinel2,treatment_0004,P01-09,0.000630957344480193,9927.431709616883,False
cv,sentinel2,treatment_0004,P01-09,0.0007943282347242813,9927.431706161975,False
cv,sentinel2,treatment_0004,P01-09,0.001,9927.431701812502,False
cv,sentinel2,treatment_0004,P01-09,0.0012589254117941675,9927.431696336842,False
cv,sentinel2,treatment_0004,P01-09,0.001584893192461114,9927.431689443394,False
cv,sentinel2,treatment_0004,P01-09,0.001995262314968879,9927.43168076506,False
cv,sentinel2,treatment_0004,P01-09,0.002511886431509582,9927.431669839687,False
cv,sentinel2,treatment_0004,P01-09,0.0031622776601683794,9927.431656085462,False
cv,sentinel2,treatment_0004,P01-09,0.003981071705534973,9927.431638769925,False
cv,sentinel2,treatment_0004,P01-09,0.005011872336272725,9927.43161697097,False
cv,sentinel2,treatment_0004,P01-09,0.00630957344480193,9927.431589527725,False
cv,sentinel2,treatment_0004,P01-09,0.00794328234724282,9927.431554978759,False
cv,sentinel2,treatment_0004,P01-09,0.01,9927.431511484227,False
cv,sentinel2,treatment_0004,P01-09,0.012589254117941675,9927.431456727933,False
cv,sentinel2,treatment_0004,P01-09,0.01584893192461114,9927.431387793948,False
cv,sentinel2,treatment_0004,P01-09,0.01995262314968881,9927.431301011387,False
cv,sentinel2,treatment_0004,P01-09,0.025118864315095822,9927.431191758893,False
cv,sentinel2,treatment_0004,P01-09,0.03162277660168379,9927.431054218603,False
cv,sentinel2,treatment_0004,P01-09,0.039810717055349734,9927.430881066342,False
cv,sentinel2,treatment_0004,P01-09,0.05011872336272725,9927.430663081685,False
cv,sentinel2,treatment_0004,P01-09,0.06309573444801936,9927.430388657043,False
cv,sentinel2,treatment_0004,P01-09,0.07943282347242822,9927.430043179707,False
cv,sentinel2,treatment_0004,P01-09,0.1,9927.429608253984,False
cv,sentinel2,treatment_0004,P01-09,0.12589254117941676,9927.429060722025,False
cv,sentinel2,treatment_0004,P01-09,0.15848931924611143,9927.42837143136,False
cv,sentinel2,treatment_0004,P01-09,0.19952623149688808,9927.42750368363,False
cv,sentinel2,treatment_0004,P01-09,0.25118864315095824,9927.426411282173,False
cv,sentinel2,treatment_0004,P01-09,0.31622776601683794,9927.425036074934,False
cv,sentinel2,treatment_0004,P01-09,0.3981071705534973,9927.42330486246,False
cv,sentinel2,treatment_0004,P01-09,0.5011872336272725,9927.42112550739,False
cv,sentinel2,treatment_0004,P01-09,0.6309573444801936,9927.418382039894,False
cv,sentinel2,treatment_0004,P01-09,0.7943282347242822,9927.414928501013,False
cv,sentinel2,treatment_0004,P01-09,1.0,9927.410581200158,False
cv,sentinel2,treatment_0004,P01-09,1.2589254117941688,9927.405108981002,False
cv,sentinel2,treatment_0004,P01-09,1.584893192461114,9927.398220987758,False
cv,sentinel2,treatment_0004,P01-09,1.9952623149688788,9927.389551296741,False
cv,sentinel2,treatment_0004,P01-09,2.5118864315095824,9927.378639620807,False
cv,sentinel2,treatment_0004,P01-09,3.1622776601683795,9927.364907100195,False
cv,sentinel2,treatment_0004,P01-09,3.9810717055349776,9927.347625955672,False
cv,sentinel2,treatment_0004,P01-09,5.011872336272725,9927.325881490862,False
cv,sentinel2,treatment_0004,P01-09,6.309573444801943,9927.298524582982,False
cv,sentinel2,treatment_0004,P01-09,7.943282347242821,9927.264112389192,False
cv,sentinel2,treatment_0004,P01-09,10.0,9927.220834516973,False
cv,sentinel2,treatment_0004,P01-09,12.589254117941687,9927.166421367307,False
cv,sentinel2,treatment_0004,P01-09,15.848931924611142,9927.098030778328,False
cv,sentinel2,treatment_0004,P01-09,19.95262314968883,9927.01210851938,False
cv,sentinel2,treatment_0004,P01-09,25.11886431509582,9926.904217696301,False
cv,sentinel2,treatment_0004,P01-09,31.622776601683793,9926.76883188144,False
cv,sentinel2,treatment_0004,P01-09,39.81071705534978,9926.599087035285,False
cv,sentinel2,treatment_0004,P01-09,50.11872336272725,9926.386488463719,False
cv,sentinel2,treatment_0004,P01-09,63.09573444801943,9926.120571825857,False
cv,sentinel2,treatment_0004,P01-09,79.43282347242821,9925.788522601933,False
cv,sentinel2,treatment_0004,P01-09,100.0,9925.374767983052,False
cv,sentinel2,treatment_0004,P01-09,125.89254117941688,9924.860571059931,False
cv,sentinel2,treatment_0004,P01-09,158.48931924611142,9924.223682490663,False
cv,sentinel2,treatment_0004,P01-09,199.5262314968883,9923.438143408372,False
cv,sentinel2,treatment_0004,P01-09,251.18864315095823,9922.47438971352,False
cv,sentinel2,treatment_0004,P01-09,316.22776601683796,9921.299886429251,False
cv,sentinel2,treatment_0004,P01-09,398.1071705534977,9919.880623801455,False
cv,sentinel2,treatment_0004,P01-09,501.18723362727246,9918.183931120733,False
cv,sentinel2,treatment_0004,P01-09,630.9573444801943,9916.183195534888,False
cv,sentinel2,treatment_0004,P01-09,794.3282347242822,9913.865178137068,False
cv,sentinel2,treatment_0004,P01-09,1000.0,9911.240637008894,False
cv,sentinel2,treatment_0004,P01-09,1258.9254117941687,9908.358799649253,False
cv,sentinel2,treatment_0004,P01-09,1584.893192461114,9905.325741615443,False
cv,sentinel2,treatment_0004,P01-09,1995.262314968883,9902.325767572038,False
cv,sentinel2,treatment_0004,P01-09,2511.886431509582,9899.6433179764,False
cv,sentinel2,treatment_0004,P01-09,3162.2776601683795,9897.680716521172,False
cv,sentinel2,treatment_0004,P01-09,3981.0717055349774,9896.964501641043,True
cv,sentinel2,treatment_0004,P01-09,5011.872336272725,9898.130979603959,False
cv,sentinel2,treatment_0004,P01-09,6309.573444801943,9901.88159569218,False
cv,sentinel2,treatment_0004,P01-09,7943.282347242822,9908.902882075636,False
cv,sentinel2,treatment_0004,P01-09,10000.0,9919.755604593403,False
cv,sentinel2,treatment_0005,P01-08,0.0001,8037.4175401608245,False
cv,sentinel2,treatment_0005,P01-08,0.00012589254117941674,8037.417539816042,False
cv,sentinel2,treatment_0005,P01-08,0.00015848931924611142,8037.417539381983,False
cv,sentinel2,treatment_0005,P01-08,0.00019952623149688788,8037.417538835539,False
cv,sentinel2,treatment_0005,P01-08,0.00025118864315095795,8037.417538147604,False
cv,sentinel2,treatment_0005,P01-08,0.00031622776601683794,8037.417537281547,False
cv,sentinel2,treatment_0005,P01-08,0.00039810717055349735,8037.417536191245,False
cv,sentinel2,treatment_0005,P01-08,0.0005011872336272725,8037.417534818636,False
cv,sentinel2,treatment_0005,P01-08,0.000630957344480193,8037.417533090624,False
cv,sentinel2,treatment_0005,P01-08,0.0007943282347242813,8037.417530915187,False
cv,sentinel2,treatment_0005,P01-08,0.001,8037.4175281764765,False
cv,sentinel2,treatment_0005,P01-08,0.0012589254117941675,8037.417524728644,False
cv,sentinel2,treatment_0005,P01-08,0.001584893192461114,8037.417520388085,False
cv,sentinel2,treatment_0005,P01-08,0.001995262314968879,8037.417514923649,False
cv,sentinel2,treatment_0005,P01-08,0.002511886431509582,8037.417508044339,False
cv,sentinel2,treatment_0005,P01-08,0.0031622776601683794,8037.417499383813,False
cv,sentinel2,treatment_0005,P01-08,0.003981071705534973,8037.417488480874,False
cv,sentinel2,treatment_0005,P01-08,0.005011872336272725,8037.417474754919,False
cv,sentinel2,treatment_0005,P01-08,0.00630957344480193,8037.417457475012,False
cv,sentinel2,treatment_0005,P01-08,0.00794328234724282,8037.417435720973,False
cv,sentinel2,treatment_0005,P01-08,0.01,8037.417408334378,False
cv,sentinel2,treatment_0005,P01-08,0.012589254117941675,8037.417373856888,False
cv,sentinel2,treatment_0005,P01-08,0.01584893192461114,8037.4173304525975,False
cv,sentinel2,treatment_0005,P01-08,0.01995262314968881,8037.417275810307,False
cv,sentinel2,treatment_0005,P01-08,0.025118864315095822,8037.41720702049,False
cv,sentinel2,treatment_0005,P01-08,0.03162277660168379,8037.417120420429,False
cv,sentinel2,treatment_0005,P01-08,0.039810717055349734,8037.417011399294,False
cv,sentinel2,treatment_0005,P01-08,0.05011872336272725,8037.416874152802,False
cv,sentinel2,treatment_0005,P01-08,0.06309573444801936,8037.416701374437,False
cv,sentinel2,treatment_0005,P01-08,0.07943282347242822,8037.416483866866,False
cv,sentinel2,treatment_0005,P01-08,0.1,8037.416210052939,False
cv,sentinel2,treatment_0005,P01-08,0.12589254117941676,8037.415865360468,False
cv,sentinel2,treatment_0005,P01-08,0.15848931924611143,8037.4154314482075,False
cv,sentinel2,treatment_0005,P01-08,0.19952623149688808,8037.414885232348,False
cv,sentinel2,treatment_0005,P01-08,0.25118864315095824,8037.414197662301,False
cv,sentinel2,treatment_0005,P01-08,0.31622776601683794,8037.413332181724,False
cv,sentinel2,treatment_0005,P01-08,0.3981071705534973,8037.412242794542,False
cv,sentinel2,treatment_0005,P01-08,0.5011872336272725,8037.410871635746,False
cv,sentinel2,treatment_0005,P01-08,0.6309573444801936,8037.4091459219835,False
cv,sentinel2,treatment_0005,P01-08,0.7943282347242822,8037.406974126407,False
cv,sentinel2,treatment_0005,P01-08,1.0,8037.404241185109,False
cv,sentinel2,treatment_0005,P01-08,1.2589254117941688,8037.400802497121,False
cv,sentinel2,treatment_0005,P01-08,1.584893192461114,8037.396476425934,False
cv,sentinel2,treatment_0005,P01-08,1.9952623149688788,8037.39103494659,False
cv,sentinel2,treatment_0005,P01-08,2.5118864315095824,8037.384192008851,False
cv,sentinel2,treatment_0005,P01-08,3.1622776601683795,8037.37558910521,False
cv,sentinel2,treatment_0005,P01-08,3.9810717055349776,8037.364777446299,False
cv,sentinel2,treatment_0005,P01-08,5.011872336272725,8037.351196064549,False
cv,sentinel2,treatment_0005,P01-08,6.309573444801943,8037.334145105443,False
cv,sentinel2,treatment_0005,P01-08,7.943282347242821,8037.312753553302,False
cv,sentinel2,treatment_0005,P01-08,10.0,8037.285940723588,False
cv,sentinel2,treatment_0005,P01-08,12.589254117941687,8037.252371116624,False
cv,sentinel2,treatment_0005,P01-08,15.848931924611142,8037.210402797534,False
cv,sentinel2,treatment_0005,P01-08,19.95262314968883,8037.158030548252,False
cv,sentinel2,treatment_0005,P01-08,25.11886431509582,8037.092826944274,False
cv,sentinel2,treatment_0005,P01-08,31.622776601683793,8037.011887717167,False
cv,sentinel2,treatment_0005,P01-08,39.81071705534978,8036.911792971145,False
cv,sentinel2,treatment_0005,P01-08,50.11872336272725,8036.78860401771,False
cv,sentinel2,treatment_0005,P01-08,63.09573444801943,8036.6379281118625,False
cv,sentinel2,treatment_0005,P01-08,79.43282347242821,8036.455101890005,False
cv,sentinel2,treatment_0005,P01-08,100.0,8036.235570665053,False
cv,sentinel2,treatment_0005,P01-08,125.89254117941688,8035.9755764220845,False
cv,sentinel2,treatment_0005,P01-08,158.48931924611142,8035.673312372034,False
cv,sentinel2,treatment_0005,P01-08,199.5262314968883,8035.33075256988,False
cv,sentinel2,treatment_0005,P01-08,251.18864315095823,8034.956410420423,False
cv,sentinel2,treatment_0005,P01-08,316.22776601683796,8034.569296709853,False
cv,sentinel2,treatment_0005,P01-08,398.1071705534977,8034.204295864554,False
cv,sentinel2,treatment_0005,P01-08,501.18723362727246,8033.919000429722,False
cv,sentinel2,treatment_0005,P01-08,630.9573444801943,8033.801674193614,True
cv,sentinel2,treatment_0005,P01-08,794.3282347242822,8033.979419096257,False
cv,sentinel2,treatment_0005,P01-08,1000.0,8034.624859652863,False
cv,sentinel2,treatment_0005,P01-08,1258.9254117941687,8035.958963603275,False
cv,sentinel2,treatment_0005,P01-08,1584.893192461114,8038.247423671449,False
cv,sentinel2,treatment_0005,P01-08,1995.262314968883,8041.788844553581,False
cv,sentinel2,treatment_0005,P01-08,2511.886431509582,8046.895045066653,False
cv,sentinel2,treatment_0005,P01-08,3162.2776601683795,8053.866573097034,False
cv,sentinel2,treatment_0005,P01-08,3981.0717055349774,8062.968551546579,False
cv,sentinel2,treatment_0005,P01-08,5011.872336272725,8074.411368968437,False
cv,sentinel2,treatment_0005,P01-08,6309.573444801943,8088.3367824761235,False
cv,sentinel2,treatment_0005,P01-08,7943.282347242822,8104.804670716077,False
cv,sentinel2,treatment_0005,P01-08,10000.0,8123.773398099942,False
cv,sentinel2,treatment_0005,P01-09,0.0001,9049.731013996989,False
cv,sentinel2,treatment_0005,P01-09,0.00012589254117941674,9049.731013753708,False
cv,sentinel2,treatment_0005,P01-09,0.00015848931924611142,9049.731013447434,False
cv,sentinel2,treatment_0005,P01-09,0.00019952623149688788,9049.731013061859,False
cv,sentinel2,treatment_0005,P01-09,0.00025118864315095795,9049.731012576449,False
cv,sentinel2,treatment_0005,P01-09,0.00031622776601683794,9049.731011965354,False
cv,sentinel2,treatment_0005,P01-09,0.00039810717055349735,9049.731011196029,False
cv,sentinel2,treatment_0005,P01-09,0.0005011872336272725,9049.73101022751,False
cv,sentinel2,treatment_0005,P01-09,0.000630957344480193,9049.731009008214,False
cv,sentinel2,treatment_0005,P01-09,0.0007943282347242813,9049.731007473212,False
cv,sentinel2,treatment_0005,P01-09,0.001,9049.731005540762,False
cv,sentinel2,treatment_0005,P01-09,0.0012589254117941675,9049.73100310795,False
cv,sentinel2,treatment_0005,P01-09,0.001584893192461114,9049.731000045225,False
cv,sentinel2,treatment_0005,P01-09,0.001995262314968879,9049.730996189483,False
cv,sentinel2,treatment_0005,P01-09,0.002511886431509582,9049.730991335398,False
cv,sentinel2,treatment_0005,P01-09,0.0031622776601683794,9049.730985224476,False
cv,sentinel2,treatment_0005,P01-09,0.003981071705534973,9049.73097753129,False
cv,sentinel2,treatment_0005,P01-09,0.005011872336272725,9049.730967846164,False
cv,sentinel2,treatment_0005,P01-09,0.00630957344480193,9049.73095565334,False
cv,sentinel2,treatment_0005,P01-09,0.00794328234724282,9049.730940303529,False
cv,sentinel2,treatment_0005,P01-09,0.01,9049.730920979335,False
cv,sentinel2,treatment_0005,P01-09,0.012589254117941675,9049.730896651734,False
cv,sentinel2,treatment_0005,P01-09,0.01584893192461114,9049.730866025282,False
cv,sentinel2,treatment_0005,P01-09,0.01995262314968881,9049.730827469157,False
cv,sentinel2,treatment_0005,P01-09,0.025118864315095822,9049.73077893033,False
cv,sentinel2,treatment_0005,P01-09,0.03162277660168379,9049.730717824303,False
cv,sentinel2,treatment_0005,P01-09,0.039810717055349734,9049.730640897531,False
cv,sentinel2,treatment_0005,P01-09,0.05011872336272725,9049.730544054304,False
cv,sentinel2,treatment_0005,P01-09,0.06309573444801936,9049.730422138822,False
cv,sentinel2,treatment_0005,P01-09,0.07943282347242822,9049.730268660946,False
cv,sentinel2,treatment_0005,P01-09,0.1,9049.730075451069,False
cv,sentinel2,treatment_0005,P01-09,0.12589254117941676,9049.729832225856,False
cv,sentinel2,treatment_0005,P01-09,0.15848931924611143,9049.729526041852,False
cv,sentinel2,treatment_0005,P01-09,0.19952623149688808,9049.729140608188,False
cv,sentinel2,treatment_0005,P01-09,0.25118864315095824,9049.728655422161,False
cv,sentinel2,treatment_0005,P01-09,0.31622776601683794,9049.728044682377,False
cv,sentinel2,treatment_0005,P01-09,0.3981071705534973,9049.727275922598,False
cv,sentinel2,treatment_0005,P01-09,0.5011872336272725,9049.726308295301,False
cv,sentinel2,treatment_0005,P01-09,0.6309573444801936,9049.72509041617,False
cv,sentinel2,treatment_0005,P01-09,0.7943282347242822,9049.723557659056,False
cv,sentinel2,treatment_0005,P01-09,1.0,9049.721628764053,False
cv,sentinel2,treatment_0005,P01-09,1.2589254117941688,9049.719201588798,False
cv,sentinel2,treatment_0005,P01-09,1.584893192461114,9049.716147793617,False
cv,sentinel2,treatment_0005,P01-09,1.9952623149688788,9049.712306204312,False
cv,sentinel2,treatment_0005,P01-09,2.5118864315095824,9049.707474541472,False
cv,sentinel2,treatment_0005,P01-09,3.1622776601683795,9049.70139914288,False
cv,sentinel2,treatment_0005,P01-09,3.9810717055349776,9049.693762237575,False
cv,sentinel2,treatment_0005,P01-09,5.011872336272725,9049.684166261037,False
cv,sentinel2,treatment_0005,P01-09,6.309573444801943,9049.672114639863,False
cv,sentinel2,treatment_0005,P01-09,7.943282347242821,9049.656988438144,False
cv,sentinel2,treatment_0005,P01-09,10.0,9049.638018275286,False
cv,sentinel2,treatment_0005,P01-09,12.589254117941687,9049.614251045661,False
cv,sentinel2,treatment_0005,P01-09,15.848931924611142,9049.584511274277,False
cv,sentinel2,treatment_0005,P01-09,19.95262314968883,9049.54735755814,False
cv,sentinel2,treatment_0005,P01-09,25.11886431509582,9049.501035672436,False
cv,sentinel2,treatment_0005,P01-09,31.622776601683793,9049.443431874784,False
cv,sentinel2,treatment_0005,P01-09,39.81071705534978,9049.372033187556,False
cv,sentinel2,treatment_0005,P01-09,50.11872336272725,9049.28390666368,False
cv,sentinel2,treatment_0005,P01-09,63.09573444801943,9049.175717815317,False
cv,sentinel2,treatment_0005,P01-09,79.43282347242821,9049.043820815745,False
cv,sentinel2,treatment_0005,P01-09,100.0,9048.884471411755,False
cv,sentinel2,treatment_0005,P01-09,125.89254117941688,9048.694239511442,False
cv,sentinel2,treatment_0005,P01-09,158.48931924611142,9048.470733620536,False
cv,sentinel2,treatment_0005,P01-09,199.5262314968883,9048.213793743305,False
cv,sentinel2,treatment_0005,P01-09,251.18864315095823,9047.927359610123,False
cv,sentinel2,treatment_0005,P01-09,316.22776601683796,9047.6222668727,False
cv,sentinel2,treatment_0005,P01-09,398.1071705534977,9047.32024360762,False
cv,sentinel2,treatment_0005,P01-09,501.18723362727246,9047.059335869506,False
cv,sentinel2,treatment_0005,P01-09,630.9573444801943,9046.900831235133,True
cv,sentinel2,treatment_0005,P01-09,794.3282347242822,9046.937416227758,False
cv,sentinel2,treatment_0005,P01-09,1000.0,9047.301768460171,False
cv,sentinel2,treatment_0005,P01-09,1258.9254117941687,9048.174103369205,False
cv,sentinel2,treatment_0005,P01-09,1584.893192461114,9049.786570380204,False
cv,sentinel2,treatment_0005,P01-09,1995.262314968883,9052.42217799043,False
cv,sentinel2,treatment_0005,P01-09,2511.886431509582,9056.406492467166,False
cv,sentinel2,treatment_0005,P01-09,3162.2776601683795,9062.091779240363,False
cv,sentinel2,treatment_0005,P01-09,3981.0717055349774,9069.834992986936,False
cv,sentinel2,treatment_0005,P01-09,5011.872336272725,9079.971924766349,False
cv,sentinel2,treatment_0005,P01-09,6309.573444801943,9092.788880919052,False
cv,sentinel2,treatment_0005,P01-09,7943.282347242822,9108.490909266762,False
cv,sentinel2,treatment_0005,P01-09,10000.0,9127.164288945518,False
cv,sentinel2,treatment_0006,P01-08,0.0001,7028.963970152778,False
cv,sentinel2,treatment_0006,P01-08,0.00012589254117941674,7028.963968864812,False
cv,sentinel2,treatment_0006,P01-08,0.00015848931924611142,7028.963967243361,False
cv,sentinel2,treatment_0006,P01-08,0.00019952623149688788,7028.963965202073,False
cv,sentinel2,treatment_0006,P01-08,0.00025118864315095795,7028.963962632246,False
cv,sentinel2,treatment_0006,P01-08,0.00031622776601683794,7028.963959397023,False
cv,sentinel2,treatment_0006,P01-08,0.00039810717055349735,7028.963955324121,False
cv,sentinel2,treatment_0006,P01-08,0.0005011872336272725,7028.963950196641,False
cv,sentinel2,treatment_0006,P01-08,0.000630957344480193,7028.963943741527,False
cv,sentinel2,treatment_0006,P01-08,0.0007943282347242813,7028.963935615021,False
cv,sentinel2,treatment_0006,P01-08,0.001,7028.963925384357,False
cv,sentinel2,treatment_0006,P01-08,0.0012589254117941675,7028.963912504716,False
cv,sentinel2,treatment_0006,P01-08,0.001584893192461114,7028.963896290213,False
cv,sentinel2,treatment_0006,P01-08,0.001995262314968879,7028.963875877368,False
cv,sentinel2,treatment_0006,P01-08,0.002511886431509582,7028.963850179128,False
cv,sentinel2,treatment_0006,P01-08,0.0031622776601683794,7028.963817826977,False
cv,sentinel2,treatment_0006,P01-08,0.003981071705534973,7028.9637770980535,False
cv,sentinel2,treatment_0006,P01-08,0.005011872336272725,7028.963725823412,False
cv,sentinel2,treatment_0006,P01-08,0.00630957344480193,7028.963661272523,False
cv,sentinel2,treatment_0006,P01-08,0.00794328234724282,7028.963580007856,False
cv,sentinel2,treatment_0006,P01-08,0.01,7028.963477701847,False
cv,sentinel2,treatment_0006,P01-08,0.012589254117941675,7028.963348906444,False
cv,sentinel2,treatment_0006,P01-08,0.01584893192461114,7028.963186763,False
cv,sentinel2,treatment_0006,P01-08,0.01995262314968881,7028.962982637074,False
cv,sentinel2,treatment_0006,P01-08,0.025118864315095822,7028.962725658666,False
cv,sentinel2,treatment_0006,P01-08,0.03162277660168379,7028.962402143467,False
cv,sentinel2,treatment_0006,P01-08,0.039810717055349734,7028.961994864249,False
cv,sentinel2,treatment_0006,P01-08,0.05011872336272725,7028.961482133724,False
cv,sentinel2,treatment_0006,P01-08,0.06309573444801936,7028.960836649985,False
cv,sentinel2,treatment_0006,P01-08,0.07943282347242822,7028.960024043219,False
cv,sentinel2,treatment_0006,P01-08,0.1,7028.959001046361,False
cv,sentinel2,treatment_0006,P01-08,0.12589254117941676,7028.957713192514,False
cv,sentinel2,treatment_0006,P01-08,0.15848931924611143,7028.956091916866,False
cv,sentinel2,treatment_0006,P01-08,0.19952623149688808,7028.954050909262,False
cv,sentinel2,treatment_0006,P01-08,0.25118864315095824,7028.951481524064,False
cv,sentinel2,treatment_0006,P01-08,0.31622776601683794,7028.948247004183,False
cv,sentinel2,treatment_0006,P01-08,0.3981071705534973,7028.944175213812,False
cv,sentinel2,treatment_0006,P01-08,0.5011872336272725,7028.939049496196,False
cv,sentinel2,treatment_0006,P01-08,0.6309573444801936,7028.932597174891,False
cv,sentinel2,treatment_0006,P01-08,0.7943282347242822,7028.924475094579,False
cv,sentinel2,treatment_0006,P01-08,1.0,7028.914251444752,False
cv,sentinel2,treatment_0006,P01-08,1.2589254117941688,7028.901382919401,False
cv,sentinel2,treatment_0006,P01-08,1.584893192461114,7028.885186029726,False
cv,sentinel2,treatment_0006,P01-08,1.9952623149688788,7028.864801095055,False
cv,sentinel2,treatment_0006,P01-08,2.5118864315095824,7028.839147077849,False
cv,sentinel2,treatment_0006,P01-08,3.1622776601683795,7028.806864989773,False
cv,sentinel2,treatment_0006,P01-08,3.9810717055349776,7028.766247063702,False
cv,sentinel2,treatment_0006,P01-08,5.011872336272725,7028.715148249423,False
cv,sentinel2,treatment_0006,P01-08,6.309573444801943,7028.650875839721,False
cv,sentinel2,treatment_0006,P01-08,7.943282347242821,7028.570052167933,False
cv,sentinel2,treatment_0006,P01-08,10.0,7028.468444353077,False
cv,sentinel2,treatment_0006,P01-08,12.589254117941687,7028.340754047625,False
cv,sentinel2,treatment_0006,P01-08,15.848931924611142,7028.180359156558,False
cv,sentinel2,treatment_0006,P01-08,19.95262314968883,7027.9789987137265,False
cv,sentinel2,treatment_0006,P01-08,25.11886431509582,7027.726391813678,False
cv,sentinel2,treatment_0006,P01-08,31.622776601683793,7027.409782182825,False
cv,sentinel2,treatment_0006,P01-08,39.81071705534978,7027.013402387108,False
cv,sentinel2,treatment_0006,P01-08,50.11872336272725,7026.517856957369,False
cv,sentinel2,treatment_0006,P01-08,63.09573444801943,7025.899433528965,False
cv,sentinel2,treatment_0006,P01-08,79.43282347242821,7025.129367730089,False
cv,sentinel2,treatment_0006,P01-08,100.0,7024.173113960234,False
cv,sentinel2,treatment_0006,P01-08,125.89254117941688,7022.989713772362,False
cv,sentinel2,treatment_0006,P01-08,158.48931924611142,7021.531409479661,False
cv,sentinel2,treatment_0006,P01-08,199.5262314968883,7019.743724312896,False
cv,sentinel2,treatment_0006,P01-08,251.18864315095823,7017.566319075533,False
cv,sentinel2,treatment_0006,P01-08,316.22776601683796,7014.935027703442,False
cv,sentinel2,treatment_0006,P01-08,398.1071705534977,7011.78554690167,False
cv,sentinel2,treatment_0006,P01-08,501.18723362727246,7008.059269993071,False
cv,sentinel2,treatment_0006,P01-08,630.9573444801943,7003.711664229676,False
cv,sentinel2,treatment_0006,P01-08,794.3282347242822,6998.723352447281,False
cv,sentinel2,treatment_0006,P01-08,1000.0,6993.113665741452,False
cv,sentinel2,treatment_0006,P01-08,1258.9254117941687,6986.955929018299,False
cv,sentinel2,treatment_0006,P01-08,1584.893192461114,6980.393202387454,False
cv,sentinel2,treatment_0006,P01-08,1995.262314968883,6973.652645156975,False
cv,sentinel2,treatment_0006,P01-08,2511.886431509582,6967.055943278622,False
cv,sentinel2,treatment_0006,P01-08,3162.2776601683795,6961.022072555215,False
cv,sentinel2,treatment_0006,P01-08,3981.0717055349774,6956.057061917083,False
cv,sentinel2,treatment_0006,P01-08,5011.872336272725,6952.724283584817,False
cv,sentinel2,treatment_0006,P01-08,6309.573444801943,6951.59016047565,True
cv,sentinel2,treatment_0006,P01-08,7943.282347242822,6953.146167551922,False
cv,sentinel2,treatment_0006,P01-08,10000.0,6957.718563442591,False
cv,sentinel2,treatment_0006,P01-09,0.0001,8270.955685531857,False
cv,sentinel2,treatment_0006,P01-09,0.00012589254117941674,8270.95568438875,False
cv,sentinel2,treatment_0006,P01-09,0.00015848931924611142,8270.955682949665,False
cv,sentinel2,treatment_0006,P01-09,0.00019952623149688788,8270.955681137966,False
cv,sentinel2,treatment_0006,P01-09,0.00025118864315095795,8270.95567885717,False
cv,sentinel2,treatment_0006,P01-09,0.00031622776601683794,8270.955675985819,False
cv,sentinel2,treatment_0006,P01-09,0.00039810717055349735,8270.955672371001,False
cv,sentinel2,treatment_0006,P01-09,0.0005011872336272725,8270.955667820217,False
cv,sentinel2,treatment_0006,P01-09,0.000630957344480193,8270.95566209112,False
cv,sentinel2,treatment_0006,P01-09,0.0007943282347242813,8270.955654878613,False
cv,sentinel2,treatment_0006,P01-09,0.001,8270.955645798607,False
cv,sentinel2,treatment_0006,P01-09,0.0012589254117941675,8270.955634367558,False
cv,sentinel2,treatment_0006,P01-09,0.001584893192461114,8270.955619976723,False
cv,sentinel2,treatment_0006,P01-09,0.001995262314968879,8270.955601859741,False
cv,sentinel2,treatment_0006,P01-09,0.002511886431509582,8270.955579051815,False
cv,sentinel2,treatment_0006,P01-09,0.0031622776601683794,8270.95555033835,False
cv,sentinel2,treatment_0006,P01-09,0.003981071705534973,8270.955514190258,False
cv,sentinel2,treatment_0006,P01-09,0.005011872336272725,8270.955468682534,False
cv,sentinel2,treatment_0006,P01-09,0.00630957344480193,8270.955411391746,False
cv,sentinel2,treatment_0006,P01-09,0.00794328234724282,8270.955339266988,False
cv,sentinel2,treatment_0006,P01-09,0.01,8270.955248467406,False
cv,sentinel2,treatment_0006,P01-09,0.012589254117941675,8270.955134157677,False
cv,sentinel2,treatment_0006,P01-09,0.01584893192461114,8270.954990250531,False
cv,sentinel2,treatment_0006,P01-09,0.01995262314968881,8270.954809082607,False
cv,sentinel2,treatment_0006,P01-09,0.025118864315095822,8270.954581006392,False
cv,sentinel2,treatment_0006,P01-09,0.03162277660168379,8270.954293876548,False
cv,sentinel2,treatment_0006,P01-09,0.039810717055349734,8270.953932403232,False
cv,sentinel2,treatment_0006,P01-09,0.05011872336272725,8270.953477338044,False
cv,sentinel2,treatment_0006,P01-09,0.06309573444801936,8270.952904449281,False
cv,sentinel2,treatment_0006,P01-09,0.07943282347242822,8270.95218323198,False
cv,sentinel2,treatment_0006,P01-09,0.1,8270.951275284166,False
cv,sentinel2,treatment_0006,P01-09,0.12589254117941676,8270.950132262975,False
cv,sentinel2,treatment_0006,P01-09,0.15848931924611143,8270.948693312108,False
cv,sentinel2,treatment_0006,P01-09,0.19952623149688808,8270.94688182397,False
cv,sentinel2,treatment_0006,P01-09,0.25118864315095824,8270.944601364727,False
cv,sentinel2,treatment_0006,P01-09,0.31622776601683794,8270.941730546328,False
cv,sentinel2,treatment_0006,P01-09,0.3981071705534973,8270.938116573929,False
cv,sentinel2,treatment_0006,P01-09,0.5011872336272725,8270.933567127728,False
cv,sentinel2,treatment_0006,P01-09,0.6309573444801936,8270.927840150878,False
cv,sentinel2,treatment_0006,P01-09,0.7943282347242822,8270.92063100605,False
cv,sentinel2,treatment_0006,P01-09,1.0,8270.911556326788,False
cv,sentinel2,treatment_0006,P01-09,1.2589254117941688,8270.900133719751,False
cv,sentinel2,treatment_0006,P01-09,1.584893192461114,8270.885756262272,False
cv,sentinel2,treatment_0006,P01-09,1.9952623149688788,8270.867660477294,False
cv,sentinel2,treatment_0006,P01-09,2.5118864315095824,8270.844886143866,False
cv,sentinel2,treatment_0006,P01-09,3.1622776601683795,8270.816225903533,False
cv,sentinel2,treatment_0006,P01-09,3.9810717055349776,8270.780162137999,False
cv,sentinel2,treatment_0006,P01-09,5.011872336272725,8270.734788007998,False
cv,sentinel2,treatment_0006,P01-09,6.309573444801943,8270.677708845134,False
cv,sentinel2,treatment_0006,P01-09,7.943282347242821,8270.605919271624,False
cv,sentinel2,treatment_0006,P01-09,10.0,8270.515650490373,False
cv,sentinel2,treatment_0006,P01-09,12.589254117941687,8270.402181164707,False
cv,sentinel2,treatment_0006,P01-09,15.848931924611142,8270.259604252595,False
cv,sentinel2,treatment_0006,P01-09,19.95262314968883,8270.080541194007,False
cv,sentinel2,treatment_0006,P01-09,25.11886431509582,8269.855794188394,False
cv,sentinel2,treatment_0006,P01-09,31.622776601683793,8269.573927310264,False
cv,sentinel2,treatment_0006,P01-09,39.81071705534978,8269.220768494552,False
cv,sentinel2,treatment_0006,P01-09,50.11872336272725,8268.778827921218,False
cv,sentinel2,treatment_0006,P01-09,63.09573444801943,8268.226635464862,False
cv,sentinel2,treatment_0006,P01-09,79.43282347242821,8267.538012720835,False
cv,sentinel2,treatment_0006,P01-09,100.0,8266.68131654054,False
cv,sentinel2,treatment_0006,P01-09,125.89254117941688,8265.618724713016,False
cv,sentinel2,treatment_0006,P01-09,158.48931924611142,8264.305684739478,False
cv,sentinel2,treatment_0006,P01-09,199.5262314968883,8262.690717688854,False
cv,sentinel2,treatment_0006,P01-09,251.18864315095823,8260.715862993808,False
cv,sentinel2,treatment_0006,P01-09,316.22776601683796,8258.318163436255,False
cv,sentinel2,treatment_0006,P01-09,398.1071705534977,8255.432708544482,False
cv,sentinel2,treatment_0006,P01-09,501.18723362727246,8251.997848206818,False
cv,sentinel2,treatment_0006,P01-09,630.9573444801943,8247.963203481146,False
cv,sentinel2,treatment_0006,P01-09,794.3282347242822,8243.300965144334,False
cv,sentinel2,treatment_0006,P01-09,1000.0,8238.020604998099,False
cv,sentinel2,treatment_0006,P01-09,1258.9254117941687,8232.186481653935,False
cv,sentinel2,treatment_0006,P01-09,1584.893192461114,8225.93692045324,False
cv,sentinel2,treatment_0006,P01-09,1995.262314968883,8219.502285780683,False
cv,sentinel2,treatment_0006,P01-09,2511.886431509582,8213.21847851384,False
cv,sentinel2,treatment_0006,P01-09,3162.2776601683795,8207.531279801286,False
cv,sentinel2,treatment_0006,P01-09,3981.0717055349774,8202.986121327282,False
cv,sentinel2,treatment_0006,P01-09,5011.872336272725,8200.197576439672,False
cv,sentinel2,treatment_0006,P01-09,6309.573444801943,8199.794208455514,True
cv,sentinel2,treatment_0006,P01-09,7943.282347242822,8202.339014172598,False
cv,sentinel2,treatment_0006,P01-09,10000.0,8208.234418426677,False
cv,sentinel2,treatment_0007,P01-08,0.0001,4856.569347428625,True
cv,sentinel2,treatment_0007,P01-08,0.00012589254117941674,4856.569348168355,False
cv,sentinel2,treatment_0007,P01-08,0.00015848931924611142,4856.56934909962,False
cv,sentinel2,treatment_0007,P01-08,0.00019952623149688788,4856.569350272013,False
cv,sentinel2,treatment_0007,P01-08,0.00025118864315095795,4856.569351747969,False
cv,sentinel2,treatment_0007,P01-08,0.00031622776601683794,4856.569353606086,False
cv,sentinel2,treatment_0007,P01-08,0.00039810717055349735,4856.569355945317,False
cv,sentinel2,treatment_0007,P01-08,0.0005011872336272725,4856.569358890234,False
cv,sentinel2,treatment_0007,P01-08,0.000630957344480193,4856.5693625976655,False
cv,sentinel2,treatment_0007,P01-08,0.0007943282347242813,4856.569367265046,False
cv,sentinel2,treatment_0007,P01-08,0.001,4856.56937314093,False
cv,sentinel2,treatment_0007,P01-08,0.0012589254117941675,4856.569380538231,False
cv,sentinel2,treatment_0007,P01-08,0.001584893192461114,4856.56938985088,False
cv,sentinel2,treatment_0007,P01-08,0.001995262314968879,4856.569401574811,False
cv,sentinel2,treatment_0007,P01-08,0.002511886431509582,4856.569416334368,False
cv,sentinel2,treatment_0007,P01-08,0.0031622776601683794,4856.56943491555,False
cv,sentinel2,treatment_0007,P01-08,0.003981071705534973,4856.569458307876,False
cv,sentinel2,treatment_0007,P01-08,0.005011872336272725,4856.569487757074,False
cv,sentinel2,treatment_0007,P01-08,0.00630957344480193,4856.569524831426,False
cv,sentinel2,treatment_0007,P01-08,0.00794328234724282,4856.569571505282,False
cv,sentinel2,treatment_0007,P01-08,0.01,4856.569630264204,False
cv,sentinel2,treatment_0007,P01-08,0.012589254117941675,4856.569704237334,False
cv,sentinel2,treatment_0007,P01-08,0.01584893192461114,4856.569797364035,False
cv,sentinel2,treatment_0007,P01-08,0.01995262314968881,4856.569914603682,False
cv,sentinel2,treatment_0007,P01-08,0.025118864315095822,4856.570062199775,False
cv,sentinel2,treatment_0007,P01-08,0.03162277660168379,4856.570248012437,False
cv,sentinel2,treatment_0007,P01-08,0.039810717055349734,4856.570481937022,False
cv,sentinel2,treatment_0007,P01-08,0.05011872336272725,4856.570776431106,False
cv,sentinel2,treatment_0007,P01-08,0.06309573444801936,4856.571147177955,False
cv,sentinel2,treatment_0007,P01-08,0.07943282347242822,4856.571613921792,False
cv,sentinel2,treatment_0007,P01-08,0.1,4856.57220151938,False
cv,sentinel2,treatment_0007,P01-08,0.12589254117941676,4856.572941263943,False
cv,sentinel2,treatment_0007,P01-08,0.15848931924611143,4856.573872551976,False
cv,sentinel2,treatment_0007,P01-08,0.19952623149688808,4856.575044981756,False
cv,sentinel2,treatment_0007,P01-08,0.25118864315095824,4856.576520995461,False
cv,sentinel2,treatment_0007,P01-08,0.31622776601683794,4856.5783792057355,False
cv,sentinel2,treatment_0007,P01-08,0.3981071705534973,4856.580718584157,False
cv,sentinel2,treatment_0007,P01-08,0.5011872336272725,4856.583663735098,False
cv,sentinel2,treatment_0007,P01-08,0.6309573444801936,4856.5873715365115,False
cv,sentinel2,treatment_0007,P01-08,0.7943282347242822,4856.59203950244,False
cv,sentinel2,treatment_0007,P01-08,1.0,4856.597916314296,False
cv,sentinel2,treatment_0007,P01-08,1.2589254117941688,4856.605315084563,False
cv,sentinel2,treatment_0007,P01-08,1.584893192461114,4856.6146300636265,False
cv,sentinel2,treatment_0007,P01-08,1.9952623149688788,4856.626357686412,False
cv,sentinel2,treatment_0007,P01-08,2.5118864315095824,4856.641123090625,False
cv,sentinel2,treatment_0007,P01-08,3.1622776601683795,4856.6597135361235,False
cv,sentinel2,treatment_0007,P01-08,3.9810717055349776,4856.683120532486,False
cv,sentinel2,treatment_0007,P01-08,5.011872336272725,4856.712592961288,False
cv,sentinel2,treatment_0007,P01-08,6.309573444801943,4856.7497040897315,False
cv,sentinel2,treatment_0007,P01-08,7.943282347242821,4856.796436150545,False
cv,sentinel2,treatment_0007,P01-08,10.0,4856.855287158404,False
cv,sentinel2,treatment_0007,P01-08,12.589254117941687,4856.929405910133,False
cv,sentinel2,treatment_0007,P01-08,15.848931924611142,4857.022762759574,False
cv,sentinel2,treatment_0007,P01-08,19.95262314968883,4857.140365881058,False
cv,sentinel2,treatment_0007,P01-08,25.11886431509582,4857.288535486764,False
cv,sentinel2,treatment_0007,P01-08,31.622776601683793,4857.47525203858,False
cv,sentinel2,treatment_0007,P01-08,39.81071705534978,4857.7105991484295,False
cv,sentinel2,treatment_0007,P01-08,50.11872336272725,4858.007327913023,False
cv,sentinel2,treatment_0007,P01-08,63.09573444801943,4858.381577266344,False
cv,sentinel2,treatment_0007,P01-08,79.43282347242821,4858.853794980641,False
cv,sentinel2,treatment_0007,P01-08,100.0,4859.449916583714,False
cv,sentinel2,treatment_0007,P01-08,125.89254117941688,4860.202874823032,False
cv,sentinel2,treatment_0007,P01-08,158.48931924611142,4861.154529889979,False
cv,sentinel2,treatment_0007,P01-08,199.5262314968883,4862.358128537395,False
cv,sentinel2,treatment_0007,P01-08,251.18864315095823,4863.881414000127,False
cv,sentinel2,treatment_0007,P01-08,316.22776601683796,4865.810509385667,False
cv,sentinel2,treatment_0007,P01-08,398.1071705534977,4868.254669471983,False
cv,sentinel2,treatment_0007,P01-08,501.18723362727246,4871.3519158054805,False
cv,sentinel2,treatment_0007,P01-08,630.9573444801943,4875.275406094501,False
cv,sentinel2,treatment_0007,P01-08,794.3282347242822,4880.240108295287,False
cv,sentinel2,treatment_0007,P01-08,1000.0,4886.508934175213,False
cv,sentinel2,treatment_0007,P01-08,1258.9254117941687,4894.396958460928,False
cv,sentinel2,treatment_0007,P01-08,1584.893192461114,4904.271796845768,False
cv,sentinel2,treatment_0007,P01-08,1995.262314968883,4916.547800266137,False
cv,sentinel2,treatment_0007,P01-08,2511.886431509582,4931.671633864403,False
cv,sentinel2,treatment_0007,P01-08,3162.2776601683795,4950.097173134241,False
cv,sentinel2,treatment_0007,P01-08,3981.0717055349774,4972.248457241418,False
cv,sentinel2,treatment_0007,P01-08,5011.872336272725,4998.47062797673,False
cv,sentinel2,treatment_0007,P01-08,6309.573444801943,5028.970537203637,False
cv,sentinel2,treatment_0007,P01-08,7943.282347242822,5063.751704199902,False
cv,sentinel2,treatment_0007,P01-08,10000.0,5102.553249100212,False
cv,sentinel2,treatment_0007,P01-09,0.0001,5927.816209414719,True
cv,sentinel2,treatment_0007,P01-09,0.00012589254117941674,5927.816209765394,False
cv,sentinel2,treatment_0007,P01-09,0.00015848931924611142,5927.816210206868,False
cv,sentinel2,treatment_0007,P01-09,0.00019952623149688788,5927.816210762651,False
cv,sentinel2,treatment_0007,P01-09,0.00025118864315095795,5927.816211462341,False
cv,sentinel2,treatment_0007,P01-09,0.00031622776601683794,5927.816212343199,False
cv,sentinel2,treatment_0007,P01-09,0.00039810717055349735,5927.816213452132,False
cv,sentinel2,treatment_0007,P01-09,0.0005011872336272725,5927.816214848197,False
cv,sentinel2,treatment_0007,P01-09,0.000630957344480193,5927.816216605737,False
cv,sentinel2,treatment_0007,P01-09,0.0007943282347242813,5927.8162188183505,False
cv,sentinel2,treatment_0007,P01-09,0.001,5927.816221603866,False
cv,sentinel2,treatment_0007,P01-09,0.0012589254117941675,5927.816225110624,False
cv,sentinel2,treatment_0007,P01-09,0.001584893192461114,5927.816229525369,False
cv,sentinel2,treatment_0007,P01-09,0.001995262314968879,5927.816235083206,False
cv,sentinel2,treatment_0007,P01-09,0.002511886431509582,5927.81624208011,False
cv,sentinel2,treatment_0007,P01-09,0.0031622776601683794,5927.816250888693,False
cv,sentinel2,treatment_0007,P01-09,0.003981071705534973,5927.816261978045,False
cv,sentinel2,treatment_0007,P01-09,0.005011872336272725,5927.8162759387205,False
cv,sentinel2,treatment_0007,P01-09,0.00630957344480193,5927.816293514181,False
cv,sentinel2,treatment_0007,P01-09,0.00794328234724282,5927.816315640392,False
cv,sentinel2,treatment_0007,P01-09,0.01,5927.816343495665,False
cv,sentinel2,treatment_0007,P01-09,0.012589254117941675,5927.816378563426,False
cv,sentinel2,treatment_0007,P01-09,0.01584893192461114,5927.816422711187,False
cv,sentinel2,treatment_0007,P01-09,0.01995262314968881,5927.816478290037,False
cv,sentinel2,treatment_0007,P01-09,0.025118864315095822,5927.816548259838,False
cv,sentinel2,treatment_0007,P01-09,0.03162277660168379,5927.816636346874,False
cv,sentinel2,treatment_0007,P01-09,0.039810717055349734,5927.816747242318,False
cv,sentinel2,treatment_0007,P01-09,0.05011872336272725,5927.816886852108,False
cv,sentinel2,treatment_0007,P01-09,0.06309573444801936,5927.817062611518,False
cv,sentinel2,treatment_0007,P01-09,0.07943282347242822,5927.817283881249,False
cv,sentinel2,treatment_0007,P01-09,0.1,5927.817562446099,False
cv,sentinel2,treatment_0007,P01-09,0.12589254117941676,5927.817913142845,False
cv,sentinel2,treatment_0007,P01-09,0.15848931924611143,5927.818354650832,False
cv,sentinel2,treatment_0007,P01-09,0.19952623149688808,5927.818910487448,False
cv,sentinel2,treatment_0007,P01-09,0.25118864315095824,5927.8196102617185,False
cv,sentinel2,treatment_0007,P01-09,0.31622776601683794,5927.820491252947,False
cv,sentinel2,treatment_0007,P01-09,0.3981071705534973,5927.821600398963,False
cv,sentinel2,treatment_0007,P01-09,0.5011872336272725,5927.822996800431,False
cv,sentinel2,treatment_0007,P01-09,0.6309573444801936,5927.824754875642,False
cv,sentinel2,treatment_0007,P01-09,0.7943282347242822,5927.826968335383,False
cv,sentinel2,treatment_0007,P01-09,1.0,5927.829755192104,False
cv,sentinel2,treatment_0007,P01-09,1.2589254117941688,5927.833264074181,False
cv,sentinel2,treatment_0007,P01-09,1.584893192461114,5927.837682187905,False
cv,sentinel2,treatment_0007,P01-09,1.9952623149688788,5927.843245361297,False
cv,sentinel2,treatment_0007,P01-09,2.5118864315095824,5927.850250720618,False
cv,sentinel2,treatment_0007,P01-09,3.1622776601683795,5927.859072699848,False
cv,sentinel2,treatment_0007,P01-09,3.9810717055349776,5927.870183275645,False
cv,sentinel2,treatment_0007,P01-09,5.011872336272725,5927.884177568294,False
cv,sentinel2,treatment_0007,P01-09,6.309573444801943,5927.901806271346,False
cv,sentinel2,treatment_0007,P01-09,7.943282347242821,5927.924016793306,False
cv,sentinel2,treatment_0007,P01-09,10.0,5927.952005548239,False
cv,sentinel2,treatment_0007,P01-09,12.589254117941687,5927.987284565765,False
cv,sentinel2,treatment_0007,P01-09,15.848931924611142,5928.0317665713665,False
cv,sentinel2,treatment_0007,P01-09,19.95262314968883,5928.087874009336,False
cv,sentinel2,treatment_0007,P01-09,25.11886431509582,5928.158679276179,False
cv,sentinel2,treatment_0007,P01-09,31.622776601683793,5928.248085890047,False
cv,sentinel2,treatment_0007,P01-09,39.81071705534978,5928.3610637060865,False
cv,sentinel2,treatment_0007,P01-09,50.11872336272725,5928.503955964479,False
cv,sentinel2,treatment_0007,P01-09,63.09573444801943,5928.684882422554,False
cv,sentinel2,treatment_0007,P01-09,79.43282347242821,5928.914271720197,False
cv,sentinel2,treatment_0007,P01-09,100.0,5929.205568246981,False
cv,sentinel2,treatment_0007,P01-09,125.89254117941688,5929.576174976802,False
cv,sentinel2,treatment_0007,P01-09,158.48931924611142,5930.048714719958,False
cv,sentinel2,treatment_0007,P01-09,199.5262314968883,5930.65271809662,False
cv,sentinel2,treatment_0007,P01-09,251.18864315095823,5931.42687581644,False
cv,sentinel2,treatment_0007,P01-09,316.22776601683796,5932.422021095127,False
cv,sentinel2,treatment_0007,P01-09,398.1071705534977,5933.705025647448,False
cv,sentinel2,treatment_0007,P01-09,501.18723362727246,5935.363782531985,False
cv,sentinel2,treatment_0007,P01-09,630.9573444801943,5937.51338502444,False
cv,sentinel2,treatment_0007,P01-09,794.3282347242822,5940.303459112817,False
cv,sentinel2,treatment_0007,P01-09,1000.0,5943.926334696539,False
cv,sentinel2,treatment_0007,P01-09,1258.9254117941687,5948.625327948655,False
cv,sentinel2,treatment_0007,P01-09,1584.893192461114,5954.701865222604,False
cv,sentinel2,treatment_0007,P01-09,1995.262314968883,5962.519551904895,False
cv,sentinel2,treatment_0007,P01-09,2511.886431509582,5972.502637936655,False
cv,sentinel2,treatment_0007,P01-09,3162.2776601683795,5985.125708612937,False
cv,sentinel2,treatment_0007,P01-09,3981.0717055349774,6000.890922451665,False
cv,sentinel2,treatment_0007,P01-09,5011.872336272725,6020.28903261993,False
cv,sentinel2,treatment_0007,P01-09,6309.573444801943,6043.741554490853,False
cv,sentinel2,treatment_0007,P01-09,7943.282347242822,6071.525057975716,False
cv,sentinel2,treatment_0007,P01-09,10000.0,6103.685646869988,False
cv,sentinel2,treatment_0008,P01-08,0.0001,6125.521852224495,True
cv,sentinel2,treatment_0008,P01-08,0.00012589254117941674,6125.52185226891,False
cv,sentinel2,treatment_0008,P01-08,0.00015848931924611142,6125.521852324826,False
cv,sentinel2,treatment_0008,P01-08,0.00019952623149688788,6125.521852395221,False
cv,sentinel2,treatment_0008,P01-08,0.00025118864315095795,6125.521852483841,False
cv,sentinel2,treatment_0008,P01-08,0.00031622776601683794,6125.521852595408,False
cv,sentinel2,treatment_0008,P01-08,0.00039810717055349735,6125.521852735862,False
cv,sentinel2,treatment_0008,P01-08,0.0005011872336272725,6125.521852912684,False
cv,sentinel2,treatment_0008,P01-08,0.000630957344480193,6125.52185313529,False
cv,sentinel2,treatment_0008,P01-08,0.0007943282347242813,6125.521853415536,False
cv,sentinel2,treatment_0008,P01-08,0.001,6125.521853768342,False
cv,sentinel2,treatment_0008,P01-08,0.0012589254117941675,6125.521854212502,False
cv,sentinel2,treatment_0008,P01-08,0.001584893192461114,6125.5218547716695,False
cv,sentinel2,treatment_0008,P01-08,0.001995262314968879,6125.521855475621,False
cv,sentinel2,treatment_0008,P01-08,0.002511886431509582,6125.521856361849,False
cv,sentinel2,treatment_0008,P01-08,0.0031622776601683794,6125.521857477549,False
cv,sentinel2,treatment_0008,P01-08,0.003981071705534973,6125.521858882144,False
cv,sentinel2,treatment_0008,P01-08,0.005011872336272725,6125.521860650444,False
cv,sentinel2,treatment_0008,P01-08,0.00630957344480193,6125.52186287663,False
cv,sentinel2,treatment_0008,P01-08,0.00794328234724282,6125.521865679278,False
cv,sentinel2,treatment_0008,P01-08,0.01,6125.521869207674,False
cv,sentinel2,treatment_0008,P01-08,0.012589254117941675,6125.521873649776,False
cv,sentinel2,treatment_0008,P01-08,0.01584893192461114,6125.521879242234,False
cv,sentinel2,treatment_0008,P01-08,0.01995262314968881,6125.521886283008,False
cv,sentinel2,treatment_0008,P01-08,0.025118864315095822,6125.521895147272,False
cv,sentinel2,treatment_0008,P01-08,0.03162277660168379,6125.521906307442,False
cv,sentinel2,treatment_0008,P01-08,0.039810717055349734,6125.521920358408,False
cv,sentinel2,treatment_0008,P01-08,0.05011872336272725,6125.521938049341,False
cv,sentinel2,treatment_0008,P01-08,0.06309573444801936,6125.52196032378,False
cv,sentinel2,treatment_0008,P01-08,0.07943282347242822,6125.521988370194,False
cv,sentinel2,treatment_0008,P01-08,0.1,6125.522023685759,False
cv,sentinel2,treatment_0008,P01-08,0.12589254117941676,6125.522068156865,False
cv,sentinel2,treatment_0008,P01-08,0.15848931924611143,6125.522124160809,False
cv,sentinel2,treatment_0008,P01-08,0.19952623149688808,6125.52219469434,False
cv,sentinel2,treatment_0008,P01-08,0.25118864315095824,6125.522283536352,False
cv,sentinel2,treatment_0008,P01-08,0.31622776601683794,6125.522395454013,False
cv,sentinel2,treatment_0008,P01-08,0.3981071705534973,6125.522536464414,False
cv,sentinel2,treatment_0008,P01-08,0.5011872336272725,6125.522714167301,False
cv,sentinel2,treatment_0008,P01-08,0.6309573444801936,6125.5229381693025,False
cv,sentinel2,treatment_0008,P01-08,0.7943282347242822,6125.523220626409,False
cv,sentinel2,treatment_0008,P01-08,1.0,6125.523576940277,False
cv,sentinel2,treatment_0008,P01-08,1.2589254117941688,6125.524026655953,False
cv,sentinel2,treatment_0008,P01-08,1.584893192461114,6125.524594625513,False
cv,sentinel2,treatment_0008,P01-08,1.9952623149688788,6125.525312525943,False
cv,sentinel2,treatment_0008,P01-08,2.5118864315095824,6125.526220853835,False
cv,sentinel2,treatment_0008,P01-08,3.1622776601683795,6125.527371569033,False
cv,sentinel2,treatment_0008,P01-08,3.9810717055349776,6125.528831632171,False
cv,sentinel2,treatment_0008,P01-08,5.011872336272725,6125.530687788819,False
cv,sentinel2,treatment_0008,P01-08,6.309573444801943,6125.533053114007,False
cv,sentinel2,treatment_0008,P01-08,7.943282347242821,6125.536076073379,False
cv,sentinel2,treatment_0008,P01-08,10.0,6125.539953224013,False
cv,sentinel2,treatment_0008,P01-08,12.589254117941687,6125.544947235283,False
cv,sentinel2,treatment_0008,P01-08,15.848931924611142,6125.551412758752,False
cv,sentinel2,treatment_0008,P01-08,19.95262314968883,6125.559833968324,False
cv,sentinel2,treatment_0008,P01-08,25.11886431509582,6125.570879557326,False
cv,sentinel2,treatment_0008,P01-08,31.622776601683793,6125.585483956382,False
cv,sentinel2,treatment_0008,P01-08,39.81071705534978,6125.604968018442,False
cv,sentinel2,treatment_0008,P01-08,50.11872336272725,6125.631219102888,False
cv,sentinel2,treatment_0008,P01-08,63.09573444801943,6125.666960332149,False
cv,sentinel2,treatment_0008,P01-08,79.43282347242821,6125.716153019588,False
cv,sentinel2,treatment_0008,P01-08,100.0,6125.784596318647,False
cv,sentinel2,treatment_0008,P01-08,125.89254117941688,6125.880815426483,False
cv,sentinel2,treatment_0008,P01-08,158.48931924611142,6126.017364949895,False
cv,sentinel2,treatment_0008,P01-08,199.5262314968883,6126.212716189215,False
cv,sentinel2,treatment_0008,P01-08,251.18864315095823,6126.493940990138,False
cv,sentinel2,treatment_0008,P01-08,316.22776601683796,6126.900438153149,False
cv,sentinel2,treatment_0008,P01-08,398.1071705534977,6127.48894797295,False
cv,sentinel2,treatment_0008,P01-08,501.18723362727246,6128.340029736943,False
cv,sentinel2,treatment_0008,P01-08,630.9573444801943,6129.5659887911315,False
cv,sentinel2,treatment_0008,P01-08,794.3282347242822,6131.319890309031,False
cv,sentinel2,treatment_0008,P01-08,1000.0,6133.804775412566,False
cv,sentinel2,treatment_0008,P01-08,1258.9254117941687,6137.281563971206,False
cv,sentinel2,treatment_0008,P01-08,1584.893192461114,6142.073546714311,False
cv,sentinel2,treatment_0008,P01-08,1995.262314968883,6148.5650577032475,False
cv,sentinel2,treatment_0008,P01-08,2511.886431509582,6157.192032236978,False
cv,sentinel2,treatment_0008,P01-08,3162.2776601683795,6168.422626222416,False
cv,sentinel2,treatment_0008,P01-08,3981.0717055349774,6182.726595269474,False
cv,sentinel2,treatment_0008,P01-08,5011.872336272725,6200.53248847585,False
cv,sentinel2,treatment_0008,P01-08,6309.573444801943,6222.172357534773,False
cv,sentinel2,treatment_0008,P01-08,7943.282347242822,6247.815996884351,False
cv,sentinel2,treatment_0008,P01-08,10000.0,6277.40213278508,False
cv,sentinel2,treatment_0008,P01-09,0.0001,6923.425618706295,True
cv,sentinel2,treatment_0008,P01-09,0.00012589254117941674,6923.425618781663,False
cv,sentinel2,treatment_0008,P01-09,0.00015848931924611142,6923.425618876547,False
cv,sentinel2,treatment_0008,P01-09,0.00019952623149688788,6923.425618995999,False
cv,sentinel2,treatment_0008,P01-09,0.00025118864315095795,6923.42561914638,False
cv,sentinel2,treatment_0008,P01-09,0.00031622776601683794,6923.4256193357,False
cv,sentinel2,treatment_0008,P01-09,0.00039810717055349735,6923.425619574039,False
cv,sentinel2,treatment_0008,P01-09,0.0005011872336272725,6923.4256198740895,False
cv,sentinel2,treatment_0008,P01-09,0.000630957344480193,6923.42562025183,False
cv,sentinel2,treatment_0008,P01-09,0.0007943282347242813,6923.42562072738,False
cv,sentinel2,treatment_0008,P01-09,0.001,6923.42562132606,False
cv,sentinel2,treatment_0008,P01-09,0.0012589254117941675,6923.425622079757,False
cv,sentinel2,treatment_0008,P01-09,0.001584893192461114,6923.425623028605,False
cv,sentinel2,treatment_0008,P01-09,0.001995262314968879,6923.425624223135,False
cv,sentinel2,treatment_0008,P01-09,0.002511886431509582,6923.425625726964,False
cv,sentinel2,treatment_0008,P01-09,0.0031622776601683794,6923.425627620176,False
cv,sentinel2,treatment_0008,P01-09,0.003981071705534973,6923.425630003598,False
cv,sentinel2,treatment_0008,P01-09,0.005011872336272725,6923.425633004158,False
cv,sentinel2,treatment_0008,P01-09,0.00630957344480193,6923.4256367816615,False
cv,sentinel2,treatment_0008,P01-09,0.00794328234724282,6923.425641537284,False
cv,sentinel2,treatment_0008,P01-09,0.01,6923.425647524308,False
cv,sentinel2,treatment_0008,P01-09,0.012589254117941675,6923.425655061601,False
cv,sentinel2,treatment_0008,P01-09,0.01584893192461114,6923.425664550614,False
cv,sentinel2,treatment_0008,P01-09,0.01995262314968881,6923.425676496765,False
cv,sentinel2,treatment_0008,P01-09,0.025118864315095822,6923.425691536384,False
cv,sentinel2,treatment_0008,P01-09,0.03162277660168379,6923.425710470624,False
cv,sentinel2,treatment_0008,P01-09,0.039810717055349734,6923.425734308192,False
cv,sentinel2,treatment_0008,P01-09,0.05011872336272725,6923.425764319123,False
cv,sentinel2,treatment_0008,P01-09,0.06309573444801936,6923.425802102575,False
cv,sentinel2,treatment_0008,P01-09,0.07943282347242822,6923.425849672177,False
cv,sentinel2,treatment_0008,P01-09,0.1,6923.425909563595,False
cv,sentinel2,treatment_0008,P01-09,0.12589254117941676,6923.4259849700975,False
cv,sentinel2,treatment_0008,P01-09,0.15848931924611143,6923.4260799134145,False
cv,sentinel2,treatment_0008,P01-09,0.19952623149688808,6923.4261994592325,False
cv,sentinel2,treatment_0008,P01-09,0.25118864315095824,6923.426349989035,False
cv,sentinel2,treatment_0008,P01-09,0.31622776601683794,6923.426539543214,False
cv,sentinel2,treatment_0008,P01-09,0.3981071705534973,6923.426778254472,False
cv,sentinel2,treatment_0008,P01-09,0.5011872336272725,6923.4270788956655,False
cv,sentinel2,treatment_0008,P01-09,0.6309573444801936,6923.427457573091,False
cv,sentinel2,treatment_0008,P01-09,0.7943282347242822,6923.427934604901,False
cv,sentinel2,treatment_0008,P01-09,1.0,6923.428535635971,False
cv,sentinel2,treatment_0008,P01-09,1.2589254117941688,6923.429293055538,False
cv,sentinel2,treatment_0008,P01-09,1.584893192461114,6923.430247804424,False
cv,sentinel2,treatment_0008,P01-09,1.9952623149688788,6923.431451685675,False
cv,sentinel2,treatment_0008,P01-09,2.5118864315095824,6923.432970329776,False
cv,sentinel2,treatment_0008,P01-09,3.1622776601683795,6923.4348870165795,False
cv,sentinel2,treatment_0008,P01-09,3.9810717055349776,6923.43730762754,False
cv,sentinel2,treatment_0008,P01-09,5.011872336272725,6923.440367102541,False
cv,sentinel2,treatment_0008,P01-09,6.309573444801943,6923.444237919642,False
cv,sentinel2,treatment_0008,P01-09,7.943282347242821,6923.449141324324,False
cv,sentinel2,treatment_0008,P01-09,10.0,6923.455362338997,False
cv,sentinel2,treatment_0008,P01-09,12.589254117941687,6923.463270031885,False
cv,sentinel2,treatment_0008,P01-09,15.848931924611142,6923.4733451901,False
cv,sentinel2,treatment_0008,P01-09,19.95262314968883,6923.486218535346,False
cv,sentinel2,treatment_0008,P01-09,25.11886431509582,6923.502724108934,False
cv,sentinel2,treatment_0008,P01-09,31.622776601683793,6923.523974684211,False
cv,sentinel2,treatment_0008,P01-09,39.81071705534978,6923.551469405332,False
cv,sentinel2,treatment_0008,P01-09,50.11872336272725,6923.58724883186,False
cv,sentinel2,treatment_0008,P01-09,63.09573444801943,6923.63411993713,False
cv,sentinel2,treatment_0008,P01-09,79.43282347242821,6923.695984381851,False
cv,sentinel2,treatment_0008,P01-09,100.0,6923.778318871215,False
cv,sentinel2,treatment_0008,P01-09,125.89254117941688,6923.888878136109,False
cv,sentinel2,treatment_0008,P01-09,158.48931924611142,6924.038720553994,False
cv,sentinel2,treatment_0008,P01-09,199.5262314968883,6924.243694471507,False
cv,sentinel2,treatment_0008,P01-09,251.18864315095823,6924.526568815457,False
cv,sentinel2,treatment_0008,P01-09,316.22776601683796,6924.920039421144,False
cv,sentinel2,treatment_0008,P01-09,398.1071705534977,6925.470880317088,False
cv,sentinel2,treatment_0008,P01-09,501.18723362727246,6926.245513861319,False
cv,sentinel2,treatment_0008,P01-09,630.9573444801943,6927.337208976625,False
cv,sentinel2,treatment_0008,P01-09,794.3282347242822,6928.874936239538,False
cv,sentinel2,treatment_0008,P01-09,1000.0,6931.0335674511225,False
cv,sentinel2,treatment_0008,P01-09,1258.9254117941687,6934.0445860498,False
cv,sentinel2,treatment_0008,P01-09,1584.893192461114,6938.205806008281,False
cv,sentinel2,treatment_0008,P01-09,1995.262314968883,6943.887873076022,False
cv,sentinel2,treatment_0008,P01-09,2511.886431509582,6951.534658312583,False
cv,sentinel2,treatment_0008,P01-09,3162.2776601683795,6961.654119423589,False
cv,sentinel2,treatment_0008,P01-09,3981.0717055349774,6974.7958232823685,False
cv,sentinel2,treatment_0008,P01-09,5011.872336272725,6991.511270777106,False
cv,sentinel2,treatment_0008,P01-09,6309.573444801943,7012.294152960934,False
cv,sentinel2,treatment_0008,P01-09,7943.282347242822,7037.501072276496,False
cv,sentinel2,treatment_0008,P01-09,10000.0,7067.260338801238,False
cv,sentinel2,treatment_0009,P01-08,0.0001,5850.653340888967,False
cv,sentinel2,treatment_0009,P01-08,0.00012589254117941674,5850.653340651701,False
cv,sentinel2,treatment_0009,P01-08,0.00015848931924611142,5850.653340353003,False
cv,sentinel2,treatment_0009,P01-08,0.00019952623149688788,5850.653339976963,False
cv,sentinel2,treatment_0009,P01-08,0.00025118864315095795,5850.653339503558,False
cv,sentinel2,treatment_0009,P01-08,0.00031622776601683794,5850.653338907578,False
cv,sentinel2,treatment_0009,P01-08,0.00039810717055349735,5850.65333815728,False
cv,sentinel2,treatment_0009,P01-08,0.0005011872336272725,5850.653337212711,False
cv,sentinel2,treatment_0009,P01-08,0.000630957344480193,5850.653336023571,False
cv,sentinel2,treatment_0009,P01-08,0.0007943282347242813,5850.653334526536,False
cv,sentinel2,treatment_0009,P01-08,0.001,5850.6533326418785,False
cv,sentinel2,treatment_0009,P01-08,0.0012589254117941675,5850.653330269238,False
cv,sentinel2,treatment_0009,P01-08,0.001584893192461114,5850.653327282263,False
cv,sentinel2,treatment_0009,P01-08,0.001995262314968879,5850.65332352189,False
cv,sentinel2,treatment_0009,P01-08,0.002511886431509582,5850.653318787868,False
cv,sentinel2,treatment_0009,P01-08,0.0031622776601683794,5850.653312828099,False
cv,sentinel2,treatment_0009,P01-08,0.003981071705534973,5850.653305325213,False
cv,sentinel2,treatment_0009,P01-08,0.005011872336272725,5850.653295879672,False
cv,sentinel2,treatment_0009,P01-08,0.00630957344480193,5850.653283988488,False
cv,sentinel2,treatment_0009,P01-08,0.00794328234724282,5850.653269018449,False
cv,sentinel2,treatment_0009,P01-08,0.01,5850.653250172407,False
cv,sentinel2,treatment_0009,P01-08,0.012589254117941675,5850.65322644684,False
cv,sentinel2,treatment_0009,P01-08,0.01584893192461114,5850.6531965784225,False
cv,sentinel2,treatment_0009,P01-08,0.01995262314968881,5850.653158976794,False
cv,sentinel2,treatment_0009,P01-08,0.025118864315095822,5850.65311163991,False
cv,sentinel2,treatment_0009,P01-08,0.03162277660168379,5850.6530520475135,False
cv,sentinel2,treatment_0009,P01-08,0.039810717055349734,5850.652977027046,False
cv,sentinel2,treatment_0009,P01-08,0.05011872336272725,5850.652882584909,False
cv,sentinel2,treatment_0009,P01-08,0.06309573444801936,5850.652763694114,False
cv,sentinel2,treatment_0009,P01-08,0.07943282347242822,5850.652614027093,False
cv,sentinel2,treatment_0009,P01-08,0.1,5850.652425619563,False
cv,sentinel2,treatment_0009,P01-08,0.12589254117941676,5850.652188447684,False
cv,sentinel2,treatment_0009,P01-08,0.15848931924611143,5850.651889896331,False
cv,sentinel2,treatment_0009,P01-08,0.19952623149688808,5850.651514090547,False
cv,sentinel2,treatment_0009,P01-08,0.25118864315095824,5850.651041055324,False
cv,sentinel2,treatment_0009,P01-08,0.31622776601683794,5850.65044566007,False
cv,sentinel2,treatment_0009,P01-08,0.3981071705534973,5850.649696293303,False
cv,sentinel2,treatment_0009,P01-08,0.5011872336272725,5850.648753199833,False
cv,sentinel2,treatment_0009,P01-08,0.6309573444801936,5850.647566396279,False
cv,sentinel2,treatment_0009,P01-08,0.7943282347242822,5850.64607306098,False
cv,sentinel2,treatment_0009,P01-08,1.0,5850.64419427041,False
cv,sentinel2,treatment_0009,P01-08,1.2589254117941688,5850.641830925947,False
cv,sentinel2,treatment_0009,P01-08,1.584893192461114,5850.638858681959,False
cv,sentinel2,treatment_0009,P01-08,1.9952623149688788,5850.635121649227,False
cv,sentinel2,treatment_0009,P01-08,2.5118864315095824,5850.6304246082145,False
cv,sentinel2,treatment_0009,P01-08,3.1622776601683795,5850.624523427747,False
cv,sentinel2,treatment_0009,P01-08,3.9810717055349776,5850.6171133530615,False
cv,sentinel2,treatment_0009,P01-08,5.011872336272725,5850.607814814326,False
cv,sentinel2,treatment_0009,P01-08,6.309573444801943,5850.596156432914,False
cv,sentinel2,treatment_0009,P01-08,7.943282347242821,5850.581555001991,False
cv,sentinel2,treatment_0009,P01-08,10.0,5850.563292445613,False
cv,sentinel2,treatment_0009,P01-08,12.589254117941687,5850.540490206576,False
cv,sentinel2,treatment_0009,P01-08,15.848931924611142,5850.512082319205,False
cv,sentinel2,treatment_0009,P01-08,19.95262314968883,5850.4767898108075,False
cv,sentinel2,treatment_0009,P01-08,25.11886431509582,5850.433101383709,False
cv,sentinel2,treatment_0009,P01-08,31.622776601683793,5850.379269068689,False
cv,sentinel2,treatment_0009,P01-08,39.81071705534978,5850.313333458655,False
cv,sentinel2,treatment_0009,P01-08,50.11872336272725,5850.23320229214,False
cv,sentinel2,treatment_0009,P01-08,63.09573444801943,5850.136820007204,False
cv,sentinel2,treatment_0009,P01-08,79.43282347242821,5850.02248626928,False
cv,sentinel2,treatment_0009,P01-08,100.0,5849.8894104840465,False
cv,sentinel2,treatment_0009,P01-08,125.89254117941688,5849.738628797277,False
cv,sentinel2,treatment_0009,P01-08,158.48931924611142,5849.574460550413,False
cv,sentinel2,treatment_0009,P01-08,199.5262314968883,5849.406739513515,False
cv,sentinel2,treatment_0009,P01-08,251.18864315095823,5849.254111016275,False
cv,sentinel2,treatment_0009,P01-08,316.22776601683796,5849.148716111797,False
cv,sentinel2,treatment_0009,P01-08,398.1071705534977,5849.142546091369,True
cv,sentinel2,treatment_0009,P01-08,501.18723362727246,5849.315581373218,False
cv,sentinel2,treatment_0009,P01-08,630.9573444801943,5849.785451443942,False
cv,sentinel2,treatment_0009,P01-08,794.3282347242822,5850.717710184257,False
cv,sentinel2,treatment_0009,P01-08,1000.0,5852.334942428636,False
cv,sentinel2,treatment_0009,P01-08,1258.9254117941687,5854.922006420533,False
cv,sentinel2,treatment_0009,P01-08,1584.893192461114,5858.82420369438,False
cv,sentinel2,treatment_0009,P01-08,1995.262314968883,5864.435615360493,False
cv,sentinel2,treatment_0009,P01-08,2511.886431509582,5872.176603987244,False
cv,sentinel2,treatment_0009,P01-08,3162.2776601683795,5882.462191753521,False
cv,sentinel2,treatment_0009,P01-08,3981.0717055349774,5895.665367450112,False
cv,sentinel2,treatment_0009,P01-08,5011.872336272725,5912.079665156554,False
cv,sentinel2,treatment_0009,P01-08,6309.573444801943,5931.883079530298,False
cv,sentinel2,treatment_0009,P01-08,7943.282347242822,5955.102530699178,False
cv,sentinel2,treatment_0009,P01-08,10000.0,5981.578441047221,False
cv,sentinel2,treatment_0009,P01-09,0.0001,6818.3763420330715,False
cv,sentinel2,treatment_0009,P01-09,0.00012589254117941674,6818.376341871302,False
cv,sentinel2,treatment_0009,P01-09,0.00015848931924611142,6818.3763416676475,False
cv,sentinel2,treatment_0009,P01-09,0.00019952623149688788,6818.376341411262,False
cv,sentinel2,treatment_0009,P01-09,0.00025118864315095795,6818.376341088491,False
cv,sentinel2,treatment_0009,P01-09,0.00031622776601683794,6818.376340682146,False
cv,sentinel2,treatment_0009,P01-09,0.00039810717055349735,6818.376340170591,False
cv,sentinel2,treatment_0009,P01-09,0.0005011872336272725,6818.37633952658,False
cv,sentinel2,treatment_0009,P01-09,0.000630957344480193,6818.376338715817,False
cv,sentinel2,treatment_0009,P01-09,0.0007943282347242813,6818.376337695129,False
cv,sentinel2,treatment_0009,P01-09,0.001,6818.37633641016,False
cv,sentinel2,treatment_0009,P01-09,0.0012589254117941675,6818.37633479248,False
cv,sentinel2,treatment_0009,P01-09,0.001584893192461114,6818.376332755944,False
cv,sentinel2,treatment_0009,P01-09,0.001995262314968879,6818.376330192101,False
cv,sentinel2,treatment_0009,P01-09,0.002511886431509582,6818.376326964418,False
cv,sentinel2,treatment_0009,P01-09,0.0031622776601683794,6818.376322901015,False
cv,sentinel2,treatment_0009,P01-09,0.003981071705534973,6818.376317785507,False
cv,sentinel2,treatment_0009,P01-09,0.005011872336272725,6818.376311345486,False
cv,sentinel2,treatment_0009,P01-09,0.00630957344480193,6818.376303238011,False
cv,sentinel2,treatment_0009,P01-09,0.00794328234724282,6818.376293031361,False
cv,sentinel2,treatment_0009,P01-09,0.01,6818.376280182031,False
cv,sentinel2,treatment_0009,P01-09,0.012589254117941675,6818.376264005816,False
cv,sentinel2,treatment_0009,P01-09,0.01584893192461114,6818.37624364138,False
cv,sentinel2,treatment_0009,P01-09,0.01995262314968881,6818.376218004405,False
cv,sentinel2,treatment_0009,P01-09,0.025118864315095822,6818.376185729898,False
cv,sentinel2,treatment_0009,P01-09,0.03162277660168379,6818.376145099537,False
cv,sentinel2,treatment_0009,P01-09,0.039810717055349734,6818.376093950274,False
cv,sentinel2,treatment_0009,P01-09,0.05011872336272725,6818.376029559272,False
cv,sentinel2,treatment_0009,P01-09,0.06309573444801936,6818.375948499142,False
cv,sentinel2,treatment_0009,P01-09,0.07943282347242822,6818.375846455775,False
cv,sentinel2,treatment_0009,P01-09,0.1,6818.375717999171,False
cv,sentinel2,treatment_0009,P01-09,0.12589254117941676,6818.3755562951765,False
cv,sentinel2,treatment_0009,P01-09,0.15848931924611143,6818.375352742968,False
cv,sentinel2,treatment_0009,P01-09,0.19952623149688808,6818.375096519298,False
cv,sentinel2,treatment_0009,P01-09,0.25118864315095824,6818.374774005704,False
cv,sentinel2,treatment_0009,P01-09,0.31622776601683794,6818.374368068975,False
cv,sentinel2,treatment_0009,P01-09,0.3981071705534973,6818.373857157762,False
cv,sentinel2,treatment_0009,P01-09,0.5011872336272725,6818.373214169189,False
cv,sentinel2,treatment_0009,P01-09,0.6309573444801936,6818.372405028173,False
cv,sentinel2,treatment_0009,P01-09,0.7943282347242822,6818.371386908692,False
cv,sentinel2,treatment_0009,P01-09,1.0,6818.370106009992,False
cv,sentinel2,treatment_0009,P01-09,1.2589254117941688,6818.368494781568,False
cv,sentinel2,treatment_0009,P01-09,1.584893192461114,6818.366468468498,False
cv,sentinel2,treatment_0009,P01-09,1.9952623149688788,6818.363920823832,False
cv,sentinel2,treatment_0009,P01-09,2.5118864315095824,6818.360718808226,False
cv,sentinel2,treatment_0009,P01-09,3.1622776601683795,6818.356696071241,False
cv,sentinel2,treatment_0009,P01-09,3.9810717055349776,6818.351644988423,False
cv,sentinel2,treatment_0009,P01-09,5.011872336272725,6818.345307021475,False
cv,sentinel2,treatment_0009,P01-09,6.309573444801943,6818.337361190159,False
cv,sentinel2,treatment_0009,P01-09,7.943282347242821,6818.327410517755,False
cv,sentinel2,treatment_0009,P01-09,10.0,6818.314966476703,False
cv,sentinel2,treatment_0009,P01-09,12.589254117941687,6818.299431781303,False
cv,sentinel2,treatment_0009,P01-09,15.848931924611142,6818.280082451716,False
cv,sentinel2,treatment_0009,P01-09,19.95262314968883,6818.256051068089,False
cv,sentinel2,treatment_0009,P01-09,25.11886431509582,6818.226314792517,False
cv,sentinel2,treatment_0009,P01-09,31.622776601683793,6818.189694436988,False
cv,sentinel2,treatment_0009,P01-09,39.81071705534978,6818.144875160099,False
cv,sentinel2,treatment_0009,P01-09,50.11872336272725,6818.090466105712,False
cv,sentinel2,treatment_0009,P01-09,63.09573444801943,6818.025126611583,False
cv,sentinel2,treatment_0009,P01-09,79.43282347242821,6817.947802078917,False
cv,sentinel2,treatment_0009,P01-09,100.0,6817.858135168772,False
cv,sentinel2,treatment_0009,P01-09,125.89254117941688,6817.75714986233,False
cv,sentinel2,treatment_0009,P01-09,158.48931924611142,6817.6483489259945,False
cv,sentinel2,treatment_0009,P01-09,199.5262314968883,6817.539419668779,False
cv,sentinel2,treatment_0009,P01-09,251.18864315095823,6817.44480470123,False
cv,sentinel2,treatment_0009,P01-09,316.22776601683796,6817.389451694664,True
cv,sentinel2,treatment_0009,P01-09,398.1071705534977,6817.41408307916,False
cv,sentinel2,treatment_0009,P01-09,501.18723362727246,6817.582277716263,False
cv,sentinel2,treatment_0009,P01-09,630.9573444801943,6817.9894649941325,False
cv,sentinel2,treatment_0009,P01-09,794.3282347242822,6818.773520610775,False
cv,sentinel2,treatment_0009,P01-09,1000.0,6820.12597177531,False
cv,sentinel2,treatment_0009,P01-09,1258.9254117941687,6822.301910766861,False
cv,sentinel2,treatment_0009,P01-09,1584.893192461114,6825.625797282137,False
cv,sentinel2,treatment_0009,P01-09,1995.262314968883,6830.489820543824,False
cv,sentinel2,treatment_0009,P01-09,2511.886431509582,6837.341878703136,False
cv,sentinel2,treatment_0009,P01-09,3162.2776601683795,6846.6617245670295,False
cv,sentinel2,treatment_0009,P01-09,3981.0717055349774,6858.925962377153,False
cv,sentinel2,treatment_0009,P01-09,5011.872336272725,6874.564248773663,False
cv,sentinel2,treatment_0009,P01-09,6309.573444801943,6893.909328594844,False
cv,sentinel2,treatment_0009,P01-09,7943.282347242822,6917.142985034332,False
cv,sentinel2,treatment_0009,P01-09,10000.0,6944.24096742877,False
cv,sentinel2,treatment_0010,P01-08,0.0001,9011.130904196054,False
cv,sentinel2,treatment_0010,P01-08,0.00012589254117941674,9011.130902513838,False
cv,sentinel2,treatment_0010,P01-08,0.00015848931924611142,9011.130900396052,False
cv,sentinel2,treatment_0010,P01-08,0.00019952623149688788,9011.130897729921,False
cv,sentinel2,treatment_0010,P01-08,0.00025118864315095795,9011.13089437346,False
cv,sentinel2,treatment_0010,P01-08,0.00031622776601683794,9011.130890147924,False
cv,sentinel2,treatment_0010,P01-08,0.00039810717055349735,9011.130884828293,False
cv,sentinel2,treatment_0010,P01-08,0.0005011872336272725,9011.130878131271,False
cv,sentinel2,treatment_0010,P01-08,0.000630957344480193,9011.130869700224,False
cv,sentinel2,treatment_0010,P01-08,0.0007943282347242813,9011.130859086163,False
cv,sentinel2,treatment_0010,P01-08,0.001,9011.130845723856,False
cv,sentinel2,treatment_0010,P01-08,0.0012589254117941675,9011.130828901709,False
cv,sentinel2,treatment_0010,P01-08,0.001584893192461114,9011.130807723885,False
cv,sentinel2,treatment_0010,P01-08,0.001995262314968879,9011.130781062593,False
cv,sentinel2,treatment_0010,P01-08,0.002511886431509582,9011.130747498026,False
cv,sentinel2,treatment_0010,P01-08,0.0031622776601683794,9011.130705242756,False
cv,sentinel2,treatment_0010,P01-08,0.003981071705534973,9011.130652046553,False
cv,sentinel2,treatment_0010,P01-08,0.005011872336272725,9011.130585076544,False
cv,sentinel2,treatment_0010,P01-08,0.00630957344480193,9011.130500766369,False
cv,sentinel2,treatment_0010,P01-08,0.00794328234724282,9011.130394626256,False
cv,sentinel2,treatment_0010,P01-08,0.01,9011.130261003953,False
cv,sentinel2,treatment_0010,P01-08,0.012589254117941675,9011.130092783715,False
cv,sentinel2,treatment_0010,P01-08,0.01584893192461114,9011.12988100743,False
cv,sentinel2,treatment_0010,P01-08,0.01995262314968881,9011.129614397585,False
cv,sentinel2,treatment_0010,P01-08,0.025118864315095822,9011.129278756795,False
cv,sentinel2,treatment_0010,P01-08,0.03162277660168379,9011.128856211843,False
cv,sentinel2,treatment_0010,P01-08,0.039810717055349734,9011.12832426207,False
cv,sentinel2,treatment_0010,P01-08,0.05011872336272725,9011.127654581427,False
cv,sentinel2,treatment_0010,P01-08,0.06309573444801936,9011.12681151049,False
cv,sentinel2,treatment_0010,P01-08,0.07943282347242822,9011.125750158226,False
cv,sentinel2,treatment_0010,P01-08,0.1,9011.12441401258,False
cv,sentinel2,treatment_0010,P01-08,0.12589254117941676,9011.122731932908,False
cv,sentinel2,treatment_0010,P01-08,0.15848931924611143,9011.120614364503,False
cv,sentinel2,treatment_0010,P01-08,0.19952623149688808,9011.117948574245,False
cv,sentinel2,treatment_0010,P01-08,0.25118864315095824,9011.11459265476,False
cv,sentinel2,treatment_0010,P01-08,0.31622776601683794,9011.110367979321,False
cv,sentinel2,treatment_0010,P01-08,0.3981071705534973,9011.105049708385,False
cv,sentinel2,treatment_0010,P01-08,0.5011872336272725,9011.09835484622,False
cv,sentinel2,treatment_0010,P01-08,0.6309573444801936,9011.089927218178,False
cv,sentinel2,treatment_0010,P01-08,0.7943282347242822,9011.079318578839,False
cv,sentinel2,treatment_0010,P01-08,1.0,9011.065964861355,False
cv,sentinel2,treatment_0010,P01-08,1.2589254117941688,9011.049156329029,False
cv,sentinel2,treatment_0010,P01-08,1.584893192461114,9011.028000080554,False
cv,sentinel2,treatment_0010,P01-08,1.9952623149688788,9011.001372977078,False
cv,sentinel2,treatment_0010,P01-08,2.5118864315095824,9010.96786258697,False
cv,sentinel2,treatment_0010,P01-08,3.1622776601683795,9010.92569316595,False
cv,sentinel2,treatment_0010,P01-08,3.9810717055349776,9010.87263298786,False
cv,sentinel2,treatment_0010,P01-08,5.011872336272725,9010.805878497737,False
cv,sentinel2,treatment_0010,P01-08,6.309573444801943,9010.721909760485,False
cv,sentinel2,treatment_0010,P01-08,7.943282347242821,9010.616310521977,False
cv,sentinel2,treatment_0010,P01-08,10.0,9010.483544901062,False
cv,sentinel2,treatment_0010,P01-08,12.589254117941687,9010.316681343207,False
cv,sentinel2,treatment_0010,P01-08,15.848931924611142,9010.10705310445,False
cv,sentinel2,treatment_0010,P01-08,19.95262314968883,9009.843843418637,False
cv,sentinel2,treatment_0010,P01-08,25.11886431509582,9009.513583022488,False
cv,sentinel2,treatment_0010,P01-08,31.622776601683793,9009.09954853386,False
cv,sentinel2,treatment_0010,P01-08,39.81071705534978,9008.58105338009,False
cv,sentinel2,treatment_0010,P01-08,50.11872336272725,9007.932630269686,False
cv,sentinel2,treatment_0010,P01-08,63.09573444801943,9007.123118234704,False
cv,sentinel2,treatment_0010,P01-08,79.43282347242821,9006.114691996201,False
cv,sentinel2,treatment_0010,P01-08,100.0,9004.861912532264,False
cv,sentinel2,treatment_0010,P01-08,125.89254117941688,9003.310943145378,False
cv,sentinel2,treatment_0010,P01-08,158.48931924611142,9001.39917526332,False
cv,sentinel2,treatment_0010,P01-08,199.5262314968883,8999.055654671325,False
cv,sentinel2,treatment_0010,P01-08,251.18864315095823,8996.202903486554,False
cv,sentinel2,treatment_0010,P01-08,316.22776601683796,8992.76100203388,False
cv,sentinel2,treatment_0010,P01-08,398.1071705534977,8988.655118328134,False
cv,sentinel2,treatment_0010,P01-08,501.18723362727246,8983.828008905895,False
cv,sentinel2,treatment_0010,P01-08,630.9573444801943,8978.259263655207,False
cv,sentinel2,treatment_0010,P01-08,794.3282347242822,8971.993043075861,False
cv,sentinel2,treatment_0010,P01-08,1000.0,8965.175466120694,False
cv,sentinel2,treatment_0010,P01-08,1258.9254117941687,8958.101265153773,False
cv,sentinel2,treatment_0010,P01-08,1584.893192461114,8951.266446378235,False
cv,sentinel2,treatment_0010,P01-08,1995.262314968883,8945.419310010044,False
cv,sentinel2,treatment_0010,P01-08,2511.886431509582,8941.596692113078,False
cv,sentinel2,treatment_0010,P01-08,3162.2776601683795,8941.127052926151,True
cv,sentinel2,treatment_0010,P01-08,3981.0717055349774,8945.579586877553,False
cv,sentinel2,treatment_0010,P01-08,5011.872336272725,8956.642200116908,False
cv,sentinel2,treatment_0010,P01-08,6309.573444801943,8975.923868752983,False
cv,sentinel2,treatment_0010,P01-08,7943.282347242822,9004.698875227736,False
cv,sentinel2,treatment_0010,P01-08,10000.0,9043.637250362277,False
cv,sentinel2,treatment_0010,P01-09,0.0001,9855.07991129169,False
cv,sentinel2,treatment_0010,P01-09,0.00012589254117941674,9855.079910146067,False
cv,sentinel2,treatment_0010,P01-09,0.00015848931924611142,9855.079908703812,False
cv,sentinel2,treatment_0010,P01-09,0.00019952623149688788,9855.07990688812,False
cv,sentinel2,treatment_0010,P01-09,0.00025118864315095795,9855.079904602298,False
cv,sentinel2,treatment_0010,P01-09,0.00031622776601683794,9855.079901724625,False
cv,sentinel2,treatment_0010,P01-09,0.00039810717055349735,9855.079898101843,False
cv,sentinel2,treatment_0010,P01-09,0.0005011872336272725,9855.079893541033,False
cv,sentinel2,treatment_0010,P01-09,0.000630957344480193,9855.079887799315,False
cv,sentinel2,treatment_0010,P01-09,0.0007943282347242813,9855.079880570922,False
cv,sentinel2,treatment_0010,P01-09,0.001,9855.079871470914,False
cv,sentinel2,treatment_0010,P01-09,0.0012589254117941675,9855.079860014685,False
cv,sentinel2,treatment_0010,P01-09,0.001584893192461114,9855.079845592149,False
cv,sentinel2,treatment_0010,P01-09,0.001995262314968879,9855.079827435258,False
cv,sentinel2,treatment_0010,P01-09,0.002511886431509582,9855.079804577095,False
cv,sentinel2,treatment_0010,P01-09,0.0031622776601683794,9855.079775800385,False
cv,sentinel2,treatment_0010,P01-09,0.003981071705534973,9855.079739572675,False
cv,sentinel2,treatment_0010,P01-09,0.005011872336272725,9855.079693964719,False
cv,sentinel2,treatment_0010,P01-09,0.00630957344480193,9855.079636547756,False
cv,sentinel2,treatment_0010,P01-09,0.00794328234724282,9855.079564264162,False
cv,sentinel2,treatment_0010,P01-09,0.01,9855.079473264634,False
cv,sentinel2,treatment_0010,P01-09,0.012589254117941675,9855.079358703215,False
cv,sentinel2,treatment_0010,P01-09,0.01584893192461114,9855.079214479254,False
cv,sentinel2,treatment_0010,P01-09,0.01995262314968881,9855.079032912545,False
cv,sentinel2,treatment_0010,P01-09,0.025118864315095822,9855.078804334393,False
cv,sentinel2,treatment_0010,P01-09,0.03162277660168379,9855.078516572812,False
cv,sentinel2,treatment_0010,P01-09,0.039810717055349734,9855.078154304447,False
cv,sentinel2,treatment_0010,P01-09,0.05011872336272725,9855.077698238765,False
cv,sentinel2,treatment_0010,P01-09,0.06309573444801936,9855.077124091104,False
cv,sentinel2,treatment_0010,P01-09,0.07943282347242822,9855.076401289985,False
cv,sentinel2,treatment_0010,P01-09,0.1,9855.075491349899,False
cv,sentinel2,treatment_0010,P01-09,0.12589254117941676,9855.074345823192,False
cv,sentinel2,treatment_0010,P01-09,0.15848931924611143,9855.072903722186,False
cv,sentinel2,treatment_0010,P01-09,0.19952623149688808,9855.071088274795,False
cv,sentinel2,treatment_0010,P01-09,0.25118864315095824,9855.068802841508,False
cv,sentinel2,treatment_0010,P01-09,0.31622776601683794,9855.065925777573,False
cv,sentinel2,treatment_0010,P01-09,0.3981071705534973,9855.062303968534,False
cv,sentinel2,treatment_0010,P01-09,0.5011872336272725,9855.05774469784,False
cv,sentinel2,treatment_0010,P01-09,0.6309573444801936,9855.05200541807,False
cv,sentinel2,treatment_0010,P01-09,0.7943282347242822,9855.044780888435,False
cv,sentinel2,treatment_0010,P01-09,1.0,9855.03568700517,False
cv,sentinel2,treatment_0010,P01-09,1.2589254117941688,9855.024240482237,False
cv,sentinel2,treatment_0010,P01-09,1.584893192461114,9855.00983332948,False
cv,sentinel2,treatment_0010,P01-09,1.9952623149688788,9854.991700815335,False
cv,sentinel2,treatment_0010,P01-09,2.5118864315095824,9854.968881281357,False
cv,sentinel2,treatment_0010,P01-09,3.1622776601683795,9854.940165784503,False
cv,sentinel2,treatment_0010,P01-09,3.9810717055349776,9854.904035069041,False
cv,sentinel2,treatment_0010,P01-09,5.011872336272725,9854.858580802089,False
cv,sentinel2,treatment_0010,P01-09,6.309573444801943,9854.801407337402,False
cv,sentinel2,treatment_0010,P01-09,7.943282347242821,9854.729509501636,False
cv,sentinel2,treatment_0010,P01-09,10.0,9854.639121040345,False
cv,sentinel2,treatment_0010,P01-09,12.589254117941687,9854.525527459975,False
cv,sentinel2,treatment_0010,P01-09,15.848931924611142,9854.382836145662,False
cv,sentinel2,treatment_0010,P01-09,19.95262314968883,9854.203695990456,False
cv,sentinel2,treatment_0010,P01-09,25.11886431509582,9853.9789586339,False
cv,sentinel2,treatment_0010,P01-09,31.622776601683793,9853.69727427553,False
cv,sentinel2,treatment_0010,P01-09,39.81071705534978,9853.344617717374,False
cv,sentinel2,treatment_0010,P01-09,50.11872336272725,9852.90374610056,False
cv,sentinel2,treatment_0010,P01-09,63.09573444801943,9852.353600760967,False
cv,sentinel2,treatment_0010,P01-09,79.43282347242821,9851.668684813378,False
cv,sentinel2,treatment_0010,P01-09,100.0,9850.818480018757,False
cv,sentinel2,treatment_0010,P01-09,125.89254117941688,9849.767017650453,False
cv,sentinel2,treatment_0010,P01-09,158.48931924611142,9848.472797201786,False
cv,sentinel2,treatment_0010,P01-09,199.5262314968883,9846.88936491036,False
cv,sentinel2,treatment_0010,P01-09,251.18864315095823,9844.967033538232,False
cv,sentinel2,treatment_0010,P01-09,316.22776601683796,9842.656456148627,False
cv,sentinel2,treatment_0010,P01-09,398.1071705534977,9839.915061471414,False
cv,sentinel2,treatment_0010,P01-09,501.18723362727246,9836.71769654714,False
cv,sentinel2,treatment_0010,P01-09,630.9573444801943,9833.073139553848,False
cv,sentinel2,treatment_0010,P01-09,794.3282347242822,9829.04830346505,False
cv,sentinel2,treatment_0010,P01-09,1000.0,9824.801703122608,False
cv,sentinel2,treatment_0010,P01-09,1258.9254117941687,9820.626733765874,False
cv,sentinel2,treatment_0010,P01-09,1584.893192461114,9817.003052623208,False
cv,sentinel2,treatment_0010,P01-09,1995.262314968883,9814.650480683391,False
cv,sentinel2,treatment_0010,P01-09,2511.886431509582,9814.5743531947,True
cv,sentinel2,treatment_0010,P01-09,3162.2776601683795,9818.085010249,False
cv,sentinel2,treatment_0010,P01-09,3981.0717055349774,9826.769304551852,False
cv,sentinel2,treatment_0010,P01-09,5011.872336272725,9842.39211564901,False
cv,sentinel2,treatment_0010,P01-09,6309.573444801943,9866.714837778487,False
cv,sentinel2,treatment_0010,P01-09,7943.282347242822,9901.23793148965,False
cv,sentinel2,treatment_0010,P01-09,10000.0,9946.903649410537,False
cv_intercept,sentinel1,treatment_0001,P01-08,0.0001,8128.816981619986,False
cv_intercept,sentinel1,treatment_0001,P01-08,0.00012589254117941674,8128.816981593773,False
cv_intercept,sentinel1,treatment_0001,P01-08,0.00015848931924611142,8128.816981560772,False
cv_intercept,sentinel1,treatment_0001,P01-08,0.00019952623149688788,8128.816981519222,False
cv_intercept,sentinel1,treatment_0001,P01-08,0.00025118864315095795,8128.816981466917,False
cv_intercept,sentinel1,treatment_0001,P01-08,0.00031622776601683794,8128.81698140107,False
cv_intercept,sentinel1,treatment_0001,P01-08,0.00039810717055349735,8128.816981318172,False
cv_intercept,sentinel1,treatment_0001,P01-08,0.0005011872336272725,8128.816981213811,False
cv_intercept,sentinel1,treatment_0001,P01-08,0.000630957344480193,8128.816981082427,False
cv_intercept,sentinel1,treatment_0001,P01-08,0.0007943282347242813,8128.816980917026,False
cv_intercept,sentinel1,treatment_0001,P01-08,0.001,8128.816980708796,False
cv_intercept,sentinel1,treatment_0001,P01-08,0.0012589254117941675,8128.8169804466515,False
cv_intercept,sentinel1,treatment_0001,P01-08,0.001584893192461114,8128.816980116631,False
cv_intercept,sentinel1,treatment_0001,P01-08,0.001995262314968879,8128.8169797011615,False
cv_intercept,sentinel1,treatment_0001,P01-08,0.002511886431509582,8128.8169791781165,False
cv_intercept,sentinel1,treatment_0001,P01-08,0.0031622776601683794,8128.816978519642,False
cv_intercept,sentinel1,treatment_0001,P01-08,0.003981071705534973,8128.816977690676,False
cv_intercept,sentinel1,treatment_0001,P01-08,0.005011872336272725,8128.816976647068,False
cv_intercept,sentinel1,treatment_0001,P01-08,0.00630957344480193,8128.816975333248,False
cv_intercept,sentinel1,treatment_0001,P01-08,0.00794328234724282,8128.816973679255,False
cv_intercept,sentinel1,treatment_0001,P01-08,0.01,8128.816971597007,False
cv_intercept,sentinel1,treatment_0001,P01-08,0.012589254117941675,8128.816968975629,False
cv_intercept,sentinel1,treatment_0001,P01-08,0.01584893192461114,8128.816965675532,False
cv_intercept,sentinel1,treatment_0001,P01-08,0.01995262314968881,8128.816961520997,False
cv_intercept,sentinel1,treatment_0001,P01-08,0.025118864315095822,8128.816956290803,False
cv_intercept,sentinel1,treatment_0001,P01-08,0.03162277660168379,8128.816949706475,False
cv_intercept,sentinel1,treatment_0001,P01-08,0.039810717055349734,8128.816941417444,False
cv_intercept,sentinel1,treatment_0001,P01-08,0.05011872336272725,8128.816930982409,False
cv_intercept,sentinel1,treatment_0001,P01-08,0.06309573444801936,8128.816917845853,False
cv_intercept,sentinel1,treatment_0001,P01-08,0.07943282347242822,8128.816901308501,False
cv_intercept,sentinel1,treatment_0001,P01-08,0.1,8128.816880490149,False
cv_intercept,sentinel1,treatment_0001,P01-08,0.12589254117941676,8128.816854282884,False
cv_intercept,sentinel1,treatment_0001,P01-08,0.15848931924611143,8128.816821292255,False
cv_intercept,sentinel1,treatment_0001,P01-08,0.19952623149688808,8128.816779763254,False
cv_intercept,sentinel1,treatment_0001,P01-08,0.25118864315095824,8128.816727487268,False
cv_intercept,sentinel1,treatment_0001,P01-08,0.31622776601683794,8128.816661685095,False
cv_intercept,sentinel1,treatment_0001,P01-08,0.3981071705534973,8128.816578859958,False
cv_intercept,sentinel1,treatment_0001,P01-08,0.5011872336272725,8128.816474612888,False
cv_intercept,sentinel1,treatment_0001,P01-08,0.6309573444801936,8128.816343410999,False
cv_intercept,sentinel1,treatment_0001,P01-08,0.7943282347242822,8128.816178296871,False
cv_intercept,sentinel1,treatment_0001,P01-08,1.0,8128.815970524411,False
cv_intercept,sentinel1,treatment_0001,P01-08,1.2589254117941688,8128.815709103196,False
cv_intercept,sentinel1,treatment_0001,P01-08,1.584893192461114,8128.815380229186,False
cv_intercept,sentinel1,treatment_0001,P01-08,1.9952623149688788,8128.81496657495,False
cv_intercept,sentinel1,treatment_0001,P01-08,2.5118864315095824,8128.8144464070365,False
cv_intercept,sentinel1,treatment_0001,P01-08,3.1622776601683795,8128.813792492127,False
cv_intercept,sentinel1,treatment_0001,P01-08,3.9810717055349776,8128.812970747318,False
cv_intercept,sentinel1,treatment_0001,P01-08,5.011872336272725,8128.811938584211,False
cv_intercept,sentinel1,treatment_0001,P01-08,6.309573444801943,8128.810642892599,False
cv_intercept,sentinel1,treatment_0001,P01-08,7.943282347242821,8128.809017610034,False
cv_intercept,sentinel1,treatment_0001,P01-08,10.0,8128.806980832338,False
cv_intercept,sentinel1,treatment_0001,P01-08,12.589254117941687,8128.804431444092,False
cv_intercept,sentinel1,treatment_0001,P01-08,15.848931924611142,8128.801245298422,False
cv_intercept,sentinel1,treatment_0001,P01-08,19.95262314968883,8128.7972710694485,False
cv_intercept,sentinel1,treatment_0001,P01-08,25.11886431509582,8128.792326066946,False
cv_intercept,sentinel1,treatment_0001,P01-08,31.622776601683793,8128.786192583759,False
cv_intercept,sentinel1,treatment_0001,P01-08,39.81071705534978,8128.778615809169,False
cv_intercept,sentinel1,treatment_0001,P01-08,50.11872336272725,8128.769305083623,False
cv_intercept,sentinel1,treatment_0001,P01-08,63.09573444801943,8128.757941436536,False
cv_intercept,sentinel1,treatment_0001,P01-08,79.43282347242821,8128.7441961409695,False
cv_intercept,sentinel1,treatment_0001,P01-08,100.0,8128.727767707816,False
cv_intercept,sentinel1,treatment_0001,P01-08,125.89254117941688,8128.708448662113,False
cv_intercept,sentinel1,treatment_0001,P01-08,158.48931924611142,8128.686238951912,False
cv_intercept,sentinel1,treatment_0001,P01-08,199.5262314968883,8128.661530194406,False
cv_intercept,sentinel1,treatment_0001,P01-08,251.18864315095823,8128.635394054162,False
cv_intercept,sentinel1,treatment_0001,P01-08,316.22776601683796,8128.610017871171,False
cv_intercept,sentinel1,treatment_0001,P01-08,398.1071705534977,8128.589338425044,False
cv_intercept,sentinel1,treatment_0001,P01-08,501.18723362727246,8128.5799245598755,True
cv_intercept,sentinel1,treatment_0001,P01-08,630.9573444801943,8128.592140855611,False
cv_intercept,sentinel1,treatment_0001,P01-08,794.3282347242822,8128.641571851292,False
cv_intercept,sentinel1,treatment_0001,P01-08,1000.0,8128.75058053328,False
cv_intercept,sentinel1,treatment_0001,P01-08,1258.9254117941687,8128.949702242163,False
cv_intercept,sentinel1,treatment_0001,P01-08,1584.893192461114,8129.278346068058,False
cv_intercept,sentinel1,treatment_0001,P01-08,1995.262314968883,8129.784052008316,False
cv_intercept,sentinel1,treatment_0001,P01-08,2511.886431509582,8130.519469558751,False
cv_intercept,sentinel1,treatment_0001,P01-08,3162.2776601683795,8131.536475410634,False
cv_intercept,sentinel1,treatment_0001,P01-08,3981.0717055349774,8132.8775888678665,False
cv_intercept,sentinel1,treatment_0001,P01-08,5011.872336272725,8134.566013606482,False
cv_intercept,sentinel1,treatment_0001,P01-08,6309.573444801943,8136.596812955888,False
cv_intercept,sentinel1,treatment_0001,P01-08,7943.282347242822,8138.932211438256,False
cv_intercept,sentinel1,treatment_0001,P01-08,10000.0,8141.503235386896,False
cv_intercept,sentinel1,treatment_0001,P01-09,0.0001,9113.63764751405,False
cv_intercept,sentinel1,treatment_0001,P01-09,0.00012589254117941674,9113.637647493255,False
cv_intercept,sentinel1,treatment_0001,P01-09,0.00015848931924611142,9113.637647467074,False
cv_intercept,sentinel1,treatment_0001,P01-09,0.00019952623149688788,9113.637647434114,False
cv_intercept,sentinel1,treatment_0001,P01-09,0.00025118864315095795,9113.637647392621,False
cv_intercept,sentinel1,treatment_0001,P01-09,0.00031622776601683794,9113.637647340385,False
cv_intercept,sentinel1,treatment_0001,P01-09,0.00039810717055349735,9113.637647274623,False
cv_intercept,sentinel1,treatment_0001,P01-09,0.0005011872336272725,9113.637647191834,False
cv_intercept,sentinel1,treatment_0001,P01-09,0.000630957344480193,9113.637647087608,False
cv_intercept,sentinel1,treatment_0001,P01-09,0.0007943282347242813,9113.637646956395,False
cv_intercept,sentinel1,treatment_0001,P01-09,0.001,9113.637646791209,False
cv_intercept,sentinel1,treatment_0001,P01-09,0.0012589254117941675,9113.63764658325,False
cv_intercept,sentinel1,treatment_0001,P01-09,0.001584893192461114,9113.637646321447,False
cv_intercept,sentinel1,treatment_0001,P01-09,0.001995262314968879,9113.63764599186,False
cv_intercept,sentinel1,treatment_0001,P01-09,0.002511886431509582,9113.637645576931,False
cv_intercept,sentinel1,treatment_0001,P01-09,0.0031622776601683794,9113.637645054567,False
cv_intercept,sentinel1,treatment_0001,P01-09,0.003981071705534973,9113.637644396953,False
cv_intercept,sentinel1,treatment_0001,P01-09,0.005011872336272725,9113.637643569069,False
cv_intercept,sentinel1,treatment_0001,P01-09,0.00630957344480193,9113.637642526824,False
cv_intercept,sentinel1,treatment_0001,P01-09,0.00794328234724282,9113.637641214722,False
cv_intercept,sentinel1,treatment_0001,P01-09,0.01,9113.63763956289,False
cv_intercept,sentinel1,treatment_0001,P01-09,0.012589254117941675,9113.63763748337,False
cv_intercept,sentinel1,treatment_0001,P01-09,0.01584893192461114,9113.637634865436,False
cv_intercept,sentinel1,treatment_0001,P01-09,0.01995262314968881,9113.637631569678,False
cv_intercept,sentinel1,treatment_0001,P01-09,0.025118864315095822,9113.637627420612,False
cv_intercept,sentinel1,treatment_0001,P01-09,0.03162277660168379,9113.63762219733,False
cv_intercept,sentinel1,treatment_0001,P01-09,0.039810717055349734,9113.637615621732,False
cv_intercept,sentinel1,treatment_0001,P01-09,0.05011872336272725,9113.637607343744,False
cv_intercept,sentinel1,treatment_0001,P01-09,0.06309573444801936,9113.63759692269,False
cv_intercept,sentinel1,treatment_0001,P01-09,0.07943282347242822,9113.637583803858,False
cv_intercept,sentinel1,treatment_0001,P01-09,0.1,9113.637567289023,False
cv_intercept,sentinel1,treatment_0001,P01-09,0.12589254117941676,9113.63754649933,False
cv_intercept,sentinel1,treatment_0001,P01-09,0.15848931924611143,9113.637520328646,False
cv_intercept,sentinel1,treatment_0001,P01-09,0.19952623149688808,9113.637487384862,False
cv_intercept,sentinel1,treatment_0001,P01-09,0.25118864315095824,9113.637445916089,False
cv_intercept,sentinel1,treatment_0001,P01-09,0.31622776601683794,9113.63739371792,False
cv_intercept,sentinel1,treatment_0001,P01-09,0.3981071705534973,9113.637328016865,False
cv_intercept,sentinel1,treatment_0001,P01-09,0.5011872336272725,9113.63724532403,False
cv_intercept,sentinel1,treatment_0001,P01-09,0.6309573444801936,9113.637141251436,False
cv_intercept,sentinel1,treatment_0001,P01-09,0.7943282347242822,9113.637010281756,False
cv_intercept,sentinel1,treatment_0001,P01-09,1.0,9113.636845479856,False
cv_intercept,sentinel1,treatment_0001,P01-09,1.2589254117941688,9113.636638131991,False
cv_intercept,sentinel1,treatment_0001,P01-09,1.584893192461114,9113.636377295255,False
cv_intercept,sentinel1,treatment_0001,P01-09,1.9952623149688788,9113.6360492362,False
cv_intercept,sentinel1,treatment_0001,P01-09,2.5118864315095824,9113.635636733296,False
cv_intercept,sentinel1,treatment_0001,P01-09,3.1622776601683795,9113.635118213417,False
cv_intercept,sentinel1,treatment_0001,P01-09,3.9810717055349776,9113.634466687796,False
cv_intercept,sentinel1,treatment_0001,P01-09,5.011872336272725,9113.633648449013,False
cv_intercept,sentinel1,treatment_0001,P01-09,6.309573444801943,9113.632621488323,False
cv_intercept,sentinel1,treatment_0001,P01-09,7.943282347242821,9113.631333594343,False
cv_intercept,sentinel1,treatment_0001,P01-09,10.0,9113.62972010335,False
cv_intercept,sentinel1,treatment_0001,P01-09,12.589254117941687,9113.627701293859,False
cv_intercept,sentinel1,treatment_0001,P01-09,15.848931924611142,9113.625179463586,False
cv_intercept,sentinel1,treatment_0001,P01-09,19.95262314968883,9113.622035810511,False
cv_intercept,sentinel1,treatment_0001,P01-09,25.11886431509582,9113.618127385715,False
cv_intercept,sentinel1,treatment_0001,P01-09,31.622776601683793,9113.613284631829,False
cv_intercept,sentinel1,treatment_0001,P01-09,39.81071705534978,9113.607310424934,False
cv_intercept,sentinel1,treatment_0001,P01-09,50.11872336272725,9113.59998218701,False
cv_intercept,sentinel1,treatment_0001,P01-09,63.09573444801943,9113.591059659033,False
cv_intercept,sentinel1,treatment_0001,P01-09,79.43282347242821,9113.580302506052,False
cv_intercept,sentinel1,treatment_0001,P01-09,100.0,9113.567504318697,False
cv_intercept,sentinel1,treatment_0001,P01-09,125.89254117941688,9113.552553109304,False
cv_intercept,sentinel1,treatment_0001,P01-09,158.48931924611142,9113.535533458971,False
cv_intercept,sentinel1,treatment_0001,P01-09,199.5262314968883,9113.516892416206,False
cv_intercept,sentinel1,treatment_0001,P01-09,251.18864315095823,9113.497700221467,False
cv_intercept,sentinel1,treatment_0001,P01-09,316.22776601683796,9113.480047453364,False
cv_intercept,sentinel1,treatment_0001,P01-09,398.1071705534977,9113.467630408151,False
cv_intercept,sentinel1,treatment_0001,P01-09,501.18723362727246,9113.466582016643,True
cv_intercept,sentinel1,treatment_0001,P01-09,630.9573444801943,9113.48659778731,False
cv_intercept,sentinel1,treatment_0001,P01-09,794.3282347242822,9113.542370905969,False
cv_intercept,sentinel1,treatment_0001,P01-09,1000.0,9113.655267988777,False
cv_intercept,sentinel1,treatment_0001,P01-09,1258.9254117941687,9113.855026727346,False
cv_intercept,sentinel1,treatment_0001,P01-09,1584.893192461114,9114.181031809963,False
cv_intercept,sentinel1,treatment_0001,P01-09,1995.262314968883,9114.682458407982,False
cv_intercept,sentinel1,treatment_0001,P01-09,2511.886431509582,9115.41636673414,False
cv_intercept,sentinel1,treatment_0001,P01-09,3162.2776601683795,9116.442874050608,False
cv_intercept,sentinel1,treatment_0001,P01-09,3981.0717055349774,9117.81704095322,False
cv_intercept,sentinel1,treatment_0001,P01-09,5011.872336272725,9119.578184938338,False
cv_intercept,sentinel1,treatment_0001,P01-09,6309.573444801943,9121.73874597996,False
cv_intercept,sentinel1,treatment_0001,P01-09,7943.282347242822,9124.275931291824,False
cv_intercept,sentinel1,treatment_0001,P01-09,10000.0,9127.129350634585,False
cv_intercept,sentinel1,treatment_0002,P01-08,0.0001,7561.94867839899,False
cv_intercept,sentinel1,treatment_0002,P01-08,0.00012589254117941674,7561.948678363132,False
cv_intercept,sentinel1,treatment_0002,P01-08,0.00015848931924611142,7561.94867831799,False
cv_intercept,sentinel1,treatment_0002,P01-08,0.00019952623149688788,7561.948678261158,False
cv_intercept,sentinel1,treatment_0002,P01-08,0.00025118864315095795,7561.948678189611,False
cv_intercept,sentinel1,treatment_0002,P01-08,0.00031622776601683794,7561.9486780995385,False
cv_intercept,sentinel1,treatment_0002,P01-08,0.00039810717055349735,7561.9486779861445,False
cv_intercept,sentinel1,treatment_0002,P01-08,0.0005011872336272725,7561.948677843389,False
cv_intercept,sentinel1,treatment_0002,P01-08,0.000630957344480193,7561.948677663672,False
cv_intercept,sentinel1,treatment_0002,P01-08,0.0007943282347242813,7561.948677437421,False
cv_intercept,sentinel1,treatment_0002,P01-08,0.001,7561.948677152587,False
cv_intercept,sentinel1,treatment_0002,P01-08,0.0012589254117941675,7561.948676794003,False
cv_intercept,sentinel1,treatment_0002,P01-08,0.001584893192461114,7561.948676342574,False
cv_intercept,sentinel1,treatment_0002,P01-08,0.001995262314968879,7561.948675774258,False
cv_intercept,sentinel1,treatment_0002,P01-08,0.002511886431509582,7561.94867505879,False
cv_intercept,sentinel1,treatment_0002,P01-08,0.0031622776601683794,7561.94867415807,False
cv_intercept,sentinel1,treatment_0002,P01-08,0.003981071705534973,7561.948673024132,False
cv_intercept,sentinel1,treatment_0002,P01-08,0.005011872336272725,7561.948671596592,False
cv_intercept,sentinel1,treatment_0002,P01-08,0.00630957344480193,7561.948669799427,False
cv_intercept,sentinel1,treatment_0002,P01-08,0.00794328234724282,7561.948667536935,False
cv_intercept,sentinel1,treatment_0002,P01-08,0.01,7561.948664688634,False
cv_intercept,sentinel1,treatment_0002,P01-08,0.012589254117941675,7561.948661102845,False
cv_intercept,sentinel1,treatment_0002,P01-08,0.01584893192461114,7561.948656588623,False
cv_intercept,sentinel1,treatment_0002,P01-08,0.01995262314968881,7561.948650905582,False
cv_intercept,sentinel1,treatment_0002,P01-08,0.025118864315095822,7561.9486437511,False
cv_intercept,sentinel1,treatment_0002,P01-08,0.03162277660168379,7561.94863474421,False
cv_intercept,sentinel1,treatment_0002,P01-08,0.039810717055349734,7561.948623405319,False
cv_intercept,sentinel1,treatment_0002,P01-08,0.05011872336272725,7561.948609130677,False
cv_intercept,sentinel1,treatment_0002,P01-08,0.06309573444801936,7561.948591160242,False
cv_intercept,sentinel1,treatment_0002,P01-08,0.07943282347242822,7561.9485685372465,False
cv_intercept,sentinel1,treatment_0002,P01-08,0.1,7561.948540057277,False
cv_intercept,sentinel1,treatment_0002,P01-08,0.12589254117941676,7561.948504204226,False
cv_intercept,sentinel1,treatment_0002,P01-08,0.15848931924611143,7561.948459069657,False
cv_intercept,sentinel1,treatment_0002,P01-08,0.19952623149688808,7561.9484022513725,False
cv_intercept,sentinel1,treatment_0002,P01-08,0.25118864315095824,7561.948330725787,False
cv_intercept,sentinel1,treatment_0002,P01-08,0.31622776601683794,7561.948240687373,False
cv_intercept,sentinel1,treatment_0002,P01-08,0.3981071705534973,7561.948127346763,False
cv_intercept,sentinel1,treatment_0002,P01-08,0.5011872336272725,7561.947984676879,False
cv_intercept,sentinel1,treatment_0002,P01-08,0.6309573444801936,7561.947805093856,False
cv_intercept,sentinel1,treatment_0002,P01-08,0.7943282347242822,7561.947579056151,False
cv_intercept,sentinel1,treatment_0002,P01-08,1.0,7561.9472945611515,False
cv_intercept,sentinel1,treatment_0002,P01-08,1.2589254117941688,7561.946936513472,False
cv_intercept,sentinel1,treatment_0002,P01-08,1.584893192461114,7561.946485932936,False
cv_intercept,sentinel1,treatment_0002,P01-08,1.9952623149688788,7561.945918962593,False
cv_intercept,sentinel1,treatment_0002,P01-08,2.5118864315095824,7561.945205627996,False
cv_intercept,sentinel1,treatment_0002,P01-08,3.1622776601683795,7561.944308288062,False
cv_intercept,sentinel1,treatment_0002,P01-08,3.9810717055349776,7561.943179705111,False
cv_intercept,sentinel1,treatment_0002,P01-08,5.011872336272725,7561.941760647296,False
cv_intercept,sentinel1,treatment_0002,P01-08,6.309573444801943,7561.939976920959,False
cv_intercept,sentinel1,treatment_0002,P01-08,7.943282347242821,7561.937735714722,False
cv_intercept,sentinel1,treatment_0002,P01-08,10.0,7561.934921123344,False
cv_intercept,sentinel1,treatment_0002,P01-08,12.589254117941687,7561.931388711778,False
cv_intercept,sentinel1,treatment_0002,P01-08,15.848931924611142,7561.926958985164,False
cv_intercept,sentinel1,treatment_0002,P01-08,19.95262314968883,7561.921409660259,False
cv_intercept,sentinel1,treatment_0002,P01-08,25.11886431509582,7561.914466707023,False
cv_intercept,sentinel1,treatment_0002,P01-08,31.622776601683793,7561.905794275378,False
cv_intercept,sentinel1,treatment_0002,P01-08,39.81071705534978,7561.894983888442,False
cv_intercept,sentinel1,treatment_0002,P01-08,50.11872336272725,7561.881543740445,False
cv_intercept,sentinel1,treatment_0002,P01-08,63.09573444801943,7561.864889690356,False
cv_intercept,sentinel1,treatment_0002,P01-08,79.43282347242821,7561.844340741569,False
cv_intercept,sentinel1,treatment_0002,P01-08,100.0,7561.819123650255,False
cv_intercept,sentinel1,treatment_0002,P01-08,125.89254117941688,7561.788394074278,False
cv_intercept,sentinel1,treatment_0002,P01-08,158.48931924611142,7561.751285661623,False
cv_intercept,sentinel1,treatment_0002,P01-08,199.5262314968883,7561.707003946166,False
cv_intercept,sentinel1,treatment_0002,P01-08,251.18864315095823,7561.654988922739,False
cv_intercept,sentinel1,treatment_0002,P01-08,316.22776601683796,7561.595178205774,False
cv_intercept,sentinel1,treatment_0002,P01-08,398.1071705534977,7561.5284100537865,False
cv_intercept,sentinel1,treatment_0002,P01-08,501.18723362727246,7561.457008476687,False
cv_intercept,sentinel1,treatment_0002,P01-08,630.9573444801943,7561.385584109055,False
cv_intercept,sentinel1,treatment_0002,P01-08,794.3282347242822,7561.322053509307,False
cv_intercept,sentinel1,treatment_0002,P01-08,1000.0,7561.278812024441,False
cv_intercept,sentinel1,treatment_0002,P01-08,1258.9254117941687,7561.273879592951,True
cv_intercept,sentinel1,treatment_0002,P01-08,1584.893192461114,7561.3316776393285,False
cv_intercept,sentinel1,treatment_0002,P01-08,1995.262314968883,7561.482925316486,False
cv_intercept,sentinel1,treatment_0002,P01-08,2511.886431509582,7561.763053546025,False
cv_intercept,sentinel1,treatment_0002,P01-08,3162.2776601683795,7562.20866031318,False
cv_intercept,sentinel1,treatment_0002,P01-08,3981.0717055349774,7562.851991044803,False
cv_intercept,sentinel1,treatment_0002,P01-08,5011.872336272725,7563.714210501499,False
cv_intercept,sentinel1,treatment_0002,P01-08,6309.573444801943,7564.799077868205,False
cv_intercept,sentinel1,treatment_0002,P01-08,7943.282347242822,7566.089069344545,False
cv_intercept,sentinel1,treatment_0002,P01-08,10000.0,7567.545585466537,False
cv_intercept,sentinel1,treatment_0002,P01-09,0.0001,8518.792580918054,False
cv_intercept,sentinel1,treatment_0002,P01-09,0.00012589254117941674,8518.792580889753,False
cv_intercept,sentinel1,treatment_0002,P01-09,0.00015848931924611142,8518.79258085412,False
cv_intercept,sentinel1,treatment_0002,P01-09,0.00019952623149688788,8518.79258080926,False
cv_intercept,sentinel1,treatment_0002,P01-09,0.00025118864315095795,8518.792580752792,False
cv_intercept,sentinel1,treatment_0002,P01-09,0.00031622776601683794,8518.792580681695,False
cv_intercept,sentinel1,treatment_0002,P01-09,0.00039810717055349735,8518.792580592191,False
cv_intercept,sentinel1,treatment_0002,P01-09,0.0005011872336272725,8518.792580479516,False
cv_intercept,sentinel1,treatment_0002,P01-09,0.000630957344480193,8518.792580337664,False
cv_intercept,sentinel1,treatment_0002,P01-09,0.0007943282347242813,8518.792580159083,False
cv_intercept,sentinel1,treatment_0002,P01-09,0.001,8518.792579934263,False
cv_intercept,sentinel1,treatment_0002,P01-09,0.0012589254117941675,8518.792579651232,False
cv_intercept,sentinel1,treatment_0002,P01-09,0.001584893192461114,8518.792579294914,False
cv_intercept,sentinel1,treatment_0002,P01-09,0.001995262314968879,8518.79257884634,False
cv_intercept,sentinel1,treatment_0002,P01-09,0.002511886431509582,8518.792578281618,False
cv_intercept,sentinel1,treatment_0002,P01-09,0.0031622776601683794,8518.792577570677,False
cv_intercept,sentinel1,treatment_0002,P01-09,0.003981071705534973,8518.792576675654,False
cv_intercept,sentinel1,treatment_0002,P01-09,0.005011872336272725,8518.792575548889,False
cv_intercept,sentinel1,treatment_0002,P01-09,0.00630957344480193,8518.792574130379,False
cv_intercept,sentinel1,treatment_0002,P01-09,0.00794328234724282,8518.792572344582,False
cv_intercept,sentinel1,treatment_0002,P01-09,0.01,8518.792570096404,False
cv_intercept,sentinel1,treatment_0002,P01-09,0.012589254117941675,8518.792567266124,False
cv_intercept,sentinel1,treatment_0002,P01-09,0.01584893192461114,8518.792563703028,False
cv_intercept,sentinel1,treatment_0002,P01-09,0.01995262314968881,8518.792559217374,False
cv_intercept,sentinel1,treatment_0002,P01-09,0.025118864315095822,8518.792553570309,False
cv_intercept,sentinel1,treatment_0002,P01-09,0.03162277660168379,8518.792546461125,False
cv_intercept,sentinel1,treatment_0002,P01-09,0.039810717055349734,8518.792537511283,False
cv_intercept,sentinel1,treatment_0002,P01-09,0.05011872336272725,8518.792526244237,False
cv_intercept,sentinel1,treatment_0002,P01-09,0.06309573444801936,8518.792512060083,False
cv_intercept,sentinel1,treatment_0002,P01-09,0.07943282347242822,8518.792494203637,False
cv_intercept,sentinel1,treatment_0002,P01-09,0.1,8518.79247172425,False
cv_intercept,sentinel1,treatment_0002,P01-09,0.12589254117941676,8518.792443425244,False
cv_intercept,sentinel1,treatment_0002,P01-09,0.15848931924611143,8518.792407800283,False
cv_intercept,sentinel1,treatment_0002,P01-09,0.19952623149688808,8518.792362953292,False
cv_intercept,sentinel1,treatment_0002,P01-09,0.25118864315095824,8518.79230649773,False
cv_intercept,sentinel1,treatment_0002,P01-09,0.31622776601683794,8518.792235429857,False
cv_intercept,sentinel1,treatment_0002,P01-09,0.3981071705534973,8518.792145969375,False
cv_intercept,sentinel1,treatment_0002,P01-09,0.5011872336272725,8518.792033359045,False
cv_intercept,sentinel1,treatment_0002,P01-09,0.6309573444801936,8518.791891612813,False
cv_intercept,sentinel1,treatment_0002,P01-09,0.7943282347242822,8518.79171319939,False
cv_intercept,sentinel1,treatment_0002,P01-09,1.0,8518.79148864489,False
cv_intercept,sentinel1,treatment_0002,P01-09,1.2589254117941688,8518.791206034186,False
cv_intercept,sentinel1,treatment_0002,P01-09,1.584893192461114,8518.790850385714,False
cv_intercept,sentinel1,treatment_0002,P01-09,1.9952623149688788,8518.790402868412,False
cv_intercept,sentinel1,treatment_0002,P01-09,2.5118864315095824,8518.789839822271,False
cv_intercept,sentinel1,treatment_0002,P01-09,3.1622776601683795,8518.78913153538,False
cv_intercept,sentinel1,treatment_0002,P01-09,3.9810717055349776,8518.788240720278,False
cv_intercept,sentinel1,treatment_0002,P01-09,5.011872336272725,8518.787120621038,False
cv_intercept,sentinel1,treatment_0002,P01-09,6.309573444801943,8518.785712670146,False
cv_intercept,sentinel1,treatment_0002,P01-09,7.943282347242821,8518.783943601737,False
cv_intercept,sentinel1,treatment_0002,P01-09,10.0,8518.781721916936,False
cv_intercept,sentinel1,treatment_0002,P01-09,12.589254117941687,8518.778933590922,False
cv_intercept,sentinel1,treatment_0002,P01-09,15.848931924611142,8518.775436915663,False
cv_intercept,sentinel1,treatment_0002,P01-09,19.95262314968883,8518.771056395904,False
cv_intercept,sentinel1,treatment_0002,P01-09,25.11886431509582,8518.765575674402,False
cv_intercept,sentinel1,treatment_0002,P01-09,31.622776601683793,8518.758729579267,False
cv_intercept,sentinel1,treatment_0002,P01-09,39.81071705534978,8518.750195599754,False
cv_intercept,sentinel1,treatment_0002,P01-09,50.11872336272725,8518.739585464493,False
cv_intercept,sentinel1,treatment_0002,P01-09,63.09573444801943,8518.726438105195,False
cv_intercept,sentinel1,treatment_0002,P01-09,79.43282347242821,8518.710216265772,False
cv_intercept,sentinel1,treatment_0002,P01-09,100.0,8518.690310539141,False
cv_intercept,sentinel1,treatment_0002,P01-09,125.89254117941688,8518.666056918271,False
cv_intercept,sentinel1,treatment_0002,P01-09,158.48931924611142,8518.636777321373,False
cv_intercept,sentinel1,treatment_0002,P01-09,199.5262314968883,8518.601857291622,False
cv_intercept,sentinel1,treatment_0002,P01-09,251.18864315095823,8518.560881370337,False
cv_intercept,sentinel1,treatment_0002,P01-09,316.22776601683796,8518.513854334316,False
cv_intercept,sentinel1,treatment_0002,P01-09,398.1071705534977,8518.461544577398,False
cv_intercept,sentinel1,treatment_0002,P01-09,501.18723362727246,8518.405991796883,False
cv_intercept,sentinel1,treatment_0002,P01-09,630.9573444801943,8518.3512195115,False
cv_intercept,sentinel1,treatment_0002,P01-09,794.3282347242822,8518.3041746741,False
cv_intercept,sentinel1,treatment_0002,P01-09,1000.0,8518.275868610295,True
cv_intercept,sentinel1,treatment_0002,P01-09,1258.9254117941687,8518.282601183657,False
cv_intercept,sentinel1,treatment_0002,P01-09,1584.893192461114,8518.347005939964,False
cv_intercept,sentinel1,treatment_0002,P01-09,1995.262314968883,8518.498473984791,False
cv_intercept,sentinel1,treatment_0002,P01-09,2511.886431509582,8518.772359573573,False
cv_intercept,sentinel1,treatment_0002,P01-09,3162.2776601683795,8519.207358754891,False
cv_intercept,sentinel1,treatment_0002,P01-09,3981.0717055349774,8519.840731149598,False
cv_intercept,sentinel1,treatment_0002,P01-09,5011.872336272725,8520.701687542365,False
cv_intercept,sentinel1,treatment_0002,P01-09,6309.573444801943,8521.804174803314,False
cv_intercept,sentinel1,treatment_0002,P01-09,7943.282347242822,8523.141062634813,False
cv_intercept,sentinel1,treatment_0002,P01-09,10000.0,8524.681843853956,False
cv_intercept,sentinel1,treatment_0003,P01-08,0.0001,7408.754066608983,False
cv_intercept,sentinel1,treatment_0003,P01-08,0.00012589254117941674,7408.754066571618,False
cv_intercept,sentinel1,treatment_0003,P01-08,0.00015848931924611142,7408.7540665245815,False
cv_intercept,sentinel1,treatment_0003,P01-08,0.00019952623149688788,7408.754066465364,False
cv_intercept,sentinel1,treatment_0003,P01-08,0.00025118864315095795,7408.754066390815,False
cv_intercept,sentinel1,treatment_0003,P01-08,0.00031622776601683794,7408.754066296962,False
cv_intercept,sentinel1,treatment_0003,P01-08,0.00039810717055349735,7408.75406617881,False
cv_intercept,sentinel1,treatment_0003,P01-08,0.0005011872336272725,7408.754066030064,False
cv_intercept,sentinel1,treatment_0003,P01-08,0.000630957344480193,7408.754065842803,False
cv_intercept,sentinel1,treatment_0003,P01-08,0.0007943282347242813,7408.754065607057,False
cv_intercept,sentinel1,treatment_0003,P01-08,0.001,7408.754065310271,False
cv_intercept,sentinel1,treatment_0003,P01-08,0.0012589254117941675,7408.754064936639,False
cv_intercept,sentinel1,treatment_0003,P01-08,0.001584893192461114,7408.754064466264,False
cv_intercept,sentinel1,treatment_0003,P01-08,0.001995262314968879,7408.754063874099,False
cv_intercept,sentinel1,treatment_0003,P01-08,0.002511886431509582,7408.754063128607,False
cv_intercept,sentinel1,treatment_0003,P01-08,0.0031622776601683794,7408.754062190091,False
cv_intercept,sentinel1,treatment_0003,P01-08,0.003981071705534973,7408.754061008572,False
cv_intercept,sentinel1,treatment_0003,P01-08,0.005011872336272725,7408.754059521134,False
cv_intercept,sentinel1,treatment_0003,P01-08,0.00630957344480193,7408.754057648568,False
cv_intercept,sentinel1,treatment_0003,P01-08,0.00794328234724282,7408.754055291158,False
cv_intercept,sentinel1,treatment_0003,P01-08,0.01,7408.754052323374,False
cv_intercept,sentinel1,treatment_0003,P01-08,0.012589254117941675,7408.754048587184,False
cv_intercept,sentinel1,treatment_0003,P01-08,0.01584893192461114,7408.75404388365,False
cv_intercept,sentinel1,treatment_0003,P01-08,0.01995262314968881,7408.754037962327,False
cv_intercept,sentinel1,treatment_0003,P01-08,0.025118864315095822,7408.754030507945,False
cv_intercept,sentinel1,treatment_0003,P01-08,0.03162277660168379,7408.754021123623,False
cv_intercept,sentinel1,treatment_0003,P01-08,0.039810717055349734,7408.754009309768,False
cv_intercept,sentinel1,treatment_0003,P01-08,0.05011872336272725,7408.753994437486,False
cv_intercept,sentinel1,treatment_0003,P01-08,0.06309573444801936,7408.7539757151535,False
cv_intercept,sentinel1,treatment_0003,P01-08,0.07943282347242822,7408.753952146344,False
cv_intercept,sentinel1,treatment_0003,P01-08,0.1,7408.753922476886,False
cv_intercept,sentinel1,treatment_0003,P01-08,0.12589254117941676,7408.753885128286,False
cv_intercept,sentinel1,treatment_0003,P01-08,0.15848931924611143,7408.753838113997,False
cv_intercept,sentinel1,treatment_0003,P01-08,0.19952623149688808,7408.7537789341395,False
cv_intercept,sentinel1,treatment_0003,P01-08,0.25118864315095824,7408.7537044431965,False
cv_intercept,sentinel1,treatment_0003,P01-08,0.31622776601683794,7408.75361068381,False
cv_intercept,sentinel1,treatment_0003,P01-08,0.3981071705534973,7408.753492678088,False
cv_intercept,sentinel1,treatment_0003,P01-08,0.5011872336272725,7408.753344165788,False
cv_intercept,sentinel1,treatment_0003,P01-08,0.6309573444801936,7408.753157276113,False
cv_intercept,sentinel1,treatment_0003,P01-08,0.7943282347242822,7408.752922116759,False
cv_intercept,sentinel1,treatment_0003,P01-08,1.0,7408.7526262601095,False
cv_intercept,sentinel1,treatment_0003,P01-08,1.2589254117941688,7408.752254102012,False
cv_intercept,sentinel1,treatment_0003,P01-08,1.584893192461114,7408.751786063409,False
cv_intercept,sentinel1,treatment_0003,P01-08,1.9952623149688788,7408.75119759934,False
cv_intercept,sentinel1,treatment_0003,P01-08,2.5118864315095824,7408.750457973631,False
cv_intercept,sentinel1,treatment_0003,P01-08,3.1622776601683795,7408.74952875163,False
cv_intercept,sentinel1,treatment_0003,P01-08,3.9810717055349776,7408.748361958448,False
cv_intercept,sentinel1,treatment_0003,P01-08,5.011872336272725,7408.746897848592,False
cv_intercept,sentinel1,treatment_0003,P01-08,6.309573444801943,7408.745062237567,False
cv_intercept,sentinel1,treatment_0003,P01-08,7.943282347242821,7408.742763362761,False
cv_intercept,sentinel1,treatment_0003,P01-08,10.0,7408.7398882789175,False
cv_intercept,sentinel1,treatment_0003,P01-08,12.589254117941687,7408.73629886769,False
cv_intercept,sentinel1,treatment_0003,P01-08,15.848931924611142,7408.731827675,False
cv_intercept,sentinel1,treatment_0003,P01-08,19.95262314968883,7408.726274022635,False
cv_intercept,sentinel1,treatment_0003,P01-08,25.11886431509582,7408.719401230595,False
cv_intercept,sentinel1,treatment_0003,P01-08,31.622776601683793,7408.710936426527,False
cv_intercept,sentinel1,treatment_0003,P01-08,39.81071705534978,7408.700575447562,False
cv_intercept,sentinel1,treatment_0003,P01-08,50.11872336272725,7408.687996966862,False
cv_intercept,sentinel1,treatment_0003,P01-08,63.09573444801943,7408.6728925069165,False
cv_intercept,sentinel1,treatment_0003,P01-08,79.43282347242821,7408.6550228648575,False
cv_intercept,sentinel1,treatment_0003,P01-08,100.0,7408.634317253639,False
cv_intercept,sentinel1,treatment_0003,P01-08,125.89254117941688,7408.611039888545,False
cv_intercept,sentinel1,treatment_0003,P01-08,158.48931924611142,7408.586060630229,False
cv_intercept,sentinel1,treatment_0003,P01-08,199.5262314968883,7408.561282290777,False
cv_intercept,sentinel1,treatment_0003,P01-08,251.18864315095823,7408.540297290572,False
cv_intercept,sentinel1,treatment_0003,P01-08,316.22776601683796,7408.5293687454505,True
cv_intercept,sentinel1,treatment_0003,P01-08,398.1071705534977,7408.538850376048,False
cv_intercept,sentinel1,treatment_0003,P01-08,501.18723362727246,7408.5851640083265,False
cv_intercept,sentinel1,treatment_0003,P01-08,630.9573444801943,7408.693421030643,False
cv_intercept,sentinel1,treatment_0003,P01-08,794.3282347242822,7408.90067058979,False
cv_intercept,sentinel1,treatment_0003,P01-08,1000.0,7409.259538187049,False
cv_intercept,sentinel1,treatment_0003,P01-08,1258.9254117941687,7409.841644792706,False
cv_intercept,sentinel1,treatment_0003,P01-08,1584.893192461114,7410.739672982422,False
cv_intercept,sentinel1,treatment_0003,P01-08,1995.262314968883,7412.066383095864,False
cv_intercept,sentinel1,treatment_0003,P01-08,2511.886431509582,7413.948559254035,False
cv_intercept,sentinel1,treatment_0003,P01-08,3162.2776601683795,7416.51422886006,False
cv_intercept,sentinel1,treatment_0003,P01-08,3981.0717055349774,7419.872987977635,False
cv_intercept,sentinel1,treatment_0003,P01-08,5011.872336272725,7424.091918629798,False
cv_intercept,sentinel1,treatment_0003,P01-08,6309.573444801943,7429.1726201951915,False
cv_intercept,sentinel1,treatment_0003,P01-08,7943.282347242822,7435.036684517736,False
cv_intercept,sentinel1,treatment_0003,P01-08,10000.0,7441.525886242826,False
cv_intercept,sentinel1,treatment_0003,P01-09,0.0001,8333.32194997062,False
cv_intercept,sentinel1,treatment_0003,P01-09,0.00012589254117941674,8333.321949940375,False
cv_intercept,sentinel1,treatment_0003,P01-09,0.00015848931924611142,8333.321949902302,False
cv_intercept,sentinel1,treatment_0003,P01-09,0.00019952623149688788,8333.321949854368,False
cv_intercept,sentinel1,treatment_0003,P01-09,0.00025118864315095795,8333.321949794024,False
cv_intercept,sentinel1,treatment_0003,P01-09,0.00031622776601683794,8333.321949718054,False
cv_intercept,sentinel1,treatment_0003,P01-09,0.00039810717055349735,8333.321949622416,False
cv_intercept,sentinel1,treatment_0003,P01-09,0.0005011872336272725,8333.321949502013,False
cv_intercept,sentinel1,treatment_0003,P01-09,0.000630957344480193,8333.321949350435,False
cv_intercept,sentinel1,treatment_0003,P01-09,0.0007943282347242813,8333.32194915961,False
cv_intercept,sentinel1,treatment_0003,P01-09,0.001,8333.321948919374,False
cv_intercept,sentinel1,treatment_0003,P01-09,0.0012589254117941675,8333.321948616938,False
cv_intercept,sentinel1,treatment_0003,P01-09,0.001584893192461114,8333.321948236193,False
cv_intercept,sentinel1,treatment_0003,P01-09,0.001995262314968879,8333.321947756862,False
cv_intercept,sentinel1,treatment_0003,P01-09,0.002511886431509582,8333.321947153423,False
cv_intercept,sentinel1,treatment_0003,P01-09,0.0031622776601683794,8333.321946393738,False
cv_intercept,sentinel1,treatment_0003,P01-09,0.003981071705534973,8333.32194543736,False
cv_intercept,sentinel1,treatment_0003,P01-09,0.005011872336272725,8333.321944233348,False
cv_intercept,sentinel1,treatment_0003,P01-09,0.00630957344480193,8333.321942717594,False
cv_intercept,sentinel1,treatment_0003,P01-09,0.00794328234724282,8333.321940809383,False
cv_intercept,sentinel1,treatment_0003,P01-09,0.01,8333.321938407105,False
cv_intercept,sentinel1,treatment_0003,P01-09,0.012589254117941675,8333.321935382839,False
cv_intercept,sentinel1,treatment_0003,P01-09,0.01584893192461114,8333.321931575554,False
cv_intercept,sentinel1,treatment_0003,P01-09,0.01995262314968881,8333.321926782526,False
cv_intercept,sentinel1,treatment_0003,P01-09,0.025118864315095822,8333.32192074856,False
cv_intercept,sentinel1,treatment_0003,P01-09,0.03162277660168379,8333.321913152402,False
cv_intercept,sentinel1,treatment_0003,P01-09,0.039810717055349734,8333.32190358965,False
cv_intercept,sentinel1,treatment_0003,P01-09,0.05011872336272725,8333.321891551248,False
cv_intercept,sentinel1,treatment_0003,P01-09,0.06309573444801936,8333.321876396414,False
cv_intercept,sentinel1,treatment_0003,P01-09,0.07943282347242822,8333.321857318582,False
cv_intercept,sentinel1,treatment_0003,P01-09,0.1,8333.321833302565,False
cv_intercept,sentinel1,treatment_0003,P01-09,0.12589254117941676,8333.321803070641,False
cv_intercept,sentinel1,treatment_0003,P01-09,0.15848931924611143,8333.321765014789,False
cv_intercept,sentinel1,treatment_0003,P01-09,0.19952623149688808,8333.321717111468,False
cv_intercept,sentinel1,treatment_0003,P01-09,0.25118864315095824,8333.321656814522,False
cv_intercept,sentinel1,treatment_0003,P01-09,0.31622776601683794,8333.321580920632,False
cv_intercept,sentinel1,treatment_0003,P01-09,0.3981071705534973,8333.3214854004,False
cv_intercept,sentinel1,treatment_0003,P01-09,0.5011872336272725,8333.321365186404,False
cv_intercept,sentinel1,treatment_0003,P01-09,0.6309573444801936,8333.321213907519,False
cv_intercept,sentinel1,treatment_0003,P01-09,0.7943282347242822,8333.321023556258,False
cv_intercept,sentinel1,treatment_0003,P01-09,1.0,8333.320784072843,False
cv_intercept,sentinel1,treatment_0003,P01-09,1.2589254117941688,8333.320482826106,False
cv_intercept,sentinel1,treatment_0003,P01-09,1.584893192461114,8333.320103967191,False
cv_intercept,sentinel1,treatment_0003,P01-09,1.9952623149688788,8333.319627627285,False
cv_intercept,sentinel1,treatment_0003,P01-09,2.5118864315095824,8333.319028925594,False
cv_intercept,sentinel1,treatment_0003,P01-09,3.1622776601683795,8333.318276749073,False
cv_intercept,sentinel1,treatment_0003,P01-09,3.9810717055349776,8333.317332261218,False
cv_intercept,sentinel1,treatment_0003,P01-09,5.011872336272725,8333.316147096193,False
cv_intercept,sentinel1,treatment_0003,P01-09,6.309573444801943,8333.314661198154,False
cv_intercept,sentinel1,treatment_0003,P01-09,7.943282347242821,8333.312800279384,False
cv_intercept,sentinel1,treatment_0003,P01-09,10.0,8333.310472901603,False
cv_intercept,sentinel1,treatment_0003,P01-09,12.589254117941687,8333.307567245165,False
cv_intercept,sentinel1,treatment_0003,P01-09,15.848931924611142,8333.30394774021,False
cv_intercept,sentinel1,treatment_0003,P01-09,19.95262314968883,8333.299451923578,False
cv_intercept,sentinel1,treatment_0003,P01-09,25.11886431509582,8333.293888204156,False
cv_intercept,sentinel1,treatment_0003,P01-09,31.622776601683793,8333.287035743802,False
cv_intercept,sentinel1,treatment_0003,P01-09,39.81071705534978,8333.27864850716,False
cv_intercept,sentinel1,treatment_0003,P01-09,50.11872336272725,8333.268466877813,False
cv_intercept,sentinel1,treatment_0003,P01-09,63.09573444801943,8333.256242340241,False
cv_intercept,sentinel1,treatment_0003,P01-09,79.43282347242821,8333.241783961279,False
cv_intercept,sentinel1,treatment_0003,P01-09,100.0,8333.225040291529,False
cv_intercept,sentinel1,treatment_0003,P01-09,125.89254117941688,8333.206237529883,False
cv_intercept,sentinel1,treatment_0003,P01-09,158.48931924611142,8333.186105173789,False
cv_intercept,sentinel1,treatment_0003,P01-09,199.5262314968883,8333.166234739565,False
cv_intercept,sentinel1,treatment_0003,P01-09,251.18864315095823,8333.14963595325,False
cv_intercept,sentinel1,treatment_0003,P01-09,316.22776601683796,8333.141577432785,True
cv_intercept,sentinel1,treatment_0003,P01-09,398.1071705534977,8333.150822079882,False
cv_intercept,sentinel1,treatment_0003,P01-09,501.18723362727246,8333.191382954257,False
cv_intercept,sentinel1,treatment_0003,P01-09,630.9573444801943,8333.284916672397,False
cv_intercept,sentinel1,treatment_0003,P01-09,794.3282347242822,8333.46380964095,False
cv_intercept,sentinel1,treatment_0003,P01-09,1000.0,8333.77485573248,False
cv_intercept,sentinel1,treatment_0003,P01-09,1258.9254117941687,8334.283124409585,False
cv_intercept,sentinel1,treatment_0003,P01-09,1584.893192461114,8335.07514720305,False
cv_intercept,sentinel1,treatment_0003,P01-09,1995.262314968883,8336.259950658066,False
cv_intercept,sentinel1,treatment_0003,P01-09,2511.886431509582,8337.965922718577,False
cv_intercept,sentinel1,treatment_0003,P01-09,3162.2776601683795,8340.331399503268,False
cv_intercept,sentinel1,treatment_0003,P01-09,3981.0717055349774,8343.48771117315,False
cv_intercept,sentinel1,treatment_0003,P01-09,5011.872336272725,8347.535580758511,False
cv_intercept,sentinel1,treatment_0003,P01-09,6309.573444801943,8352.518945669439,False
cv_intercept,sentinel1,treatment_0003,P01-09,7943.282347242822,8358.403213592841,False
cv_intercept,sentinel1,treatment_0003,P01-09,10000.0,8365.065777130463,False
cv_intercept,sentinel1,treatment_0004,P01-08,0.0001,7725.871103735764,False
cv_intercept,sentinel1,treatment_0004,P01-08,0.00012589254117941674,7725.871103690971,False
cv_intercept,sentinel1,treatment_0004,P01-08,0.00015848931924611142,7725.871103634581,False
cv_intercept,sentinel1,treatment_0004,P01-08,0.00019952623149688788,7725.87110356359,False
cv_intercept,sentinel1,treatment_0004,P01-08,0.00025118864315095795,7725.871103474216,False
cv_intercept,sentinel1,treatment_0004,P01-08,0.00031622776601683794,7725.871103361704,False
cv_intercept,sentinel1,treatment_0004,P01-08,0.00039810717055349735,7725.871103220058,False
cv_intercept,sentinel1,treatment_0004,P01-08,0.0005011872336272725,7725.871103041736,False
cv_intercept,sentinel1,treatment_0004,P01-08,0.000630957344480193,7725.87110281724,False
cv_intercept,sentinel1,treatment_0004,P01-08,0.0007943282347242813,7725.87110253462,False
cv_intercept,sentinel1,treatment_0004,P01-08,0.001,7725.871102178821,False
cv_intercept,sentinel1,treatment_0004,P01-08,0.0012589254117941675,7725.871101730898,False
cv_intercept,sentinel1,treatment_0004,P01-08,0.001584893192461114,7725.871101166995,False
cv_intercept,sentinel1,treatment_0004,P01-08,0.001995262314968879,7725.871100457083,False
cv_intercept,sentinel1,treatment_0004,P01-08,0.002511886431509582,7725.871099563357,False
cv_intercept,sentinel1,treatment_0004,P01-08,0.0031622776601683794,7725.871098438227,False
cv_intercept,sentinel1,treatment_0004,P01-08,0.003981071705534973,7725.871097021772,False
cv_intercept,sentinel1,treatment_0004,P01-08,0.005011872336272725,7725.8710952385645,False
cv_intercept,sentinel1,treatment_0004,P01-08,0.00630957344480193,7725.8710929936415,False
cv_intercept,sentinel1,treatment_0004,P01-08,0.00794328234724282,7725.871090167458,False
cv_intercept,sentinel1,treatment_0004,P01-08,0.01,7725.871086609515,False
cv_intercept,sentinel1,treatment_0004,P01-08,0.012589254117941675,7725.8710821303475,False
cv_intercept,sentinel1,treatment_0004,P01-08,0.01584893192461114,7725.871076491434,False
cv_intercept,sentinel1,treatment_0004,P01-08,0.01995262314968881,7725.871069392508,False
cv_intercept,sentinel1,treatment_0004,P01-08,0.025118864315095822,7725.8710604555545,False
cv_intercept,sentinel1,treatment_0004,P01-08,0.03162277660168379,7725.871049204703,False
cv_intercept,sentinel1,treatment_0004,P01-08,0.039810717055349734,7725.871035040886,False
cv_intercept,sentinel1,treatment_0004,P01-08,0.05011872336272725,7725.871017209965,False
cv_intercept,sentinel1,treatment_0004,P01-08,0.06309573444801936,7725.8709947625875,False
cv_intercept,sentinel1,treatment_0004,P01-08,0.07943282347242822,7725.87096650368,False
cv_intercept,sentinel1,treatment_0004,P01-08,0.1,7725.8709309288815,False
cv_intercept,sentinel1,treatment_0004,P01-08,0.12589254117941676,7725.870886144543,False
cv_intercept,sentinel1,treatment_0004,P01-08,0.15848931924611143,7725.870829767058,False
cv_intercept,sentinel1,treatment_0004,P01-08,0.19952623149688808,7725.8707587962235,False
cv_intercept,sentinel1,treatment_0004,P01-08,0.25118864315095824,7725.870669455917,False
cv_intercept,sentinel1,treatment_0004,P01-08,0.31622776601683794,7725.8705569937165,False
cv_intercept,sentinel1,treatment_0004,P01-08,0.3981071705534973,7725.870415428972,False
cv_intercept,sentinel1,treatment_0004,P01-08,0.5011872336272725,7725.870237236097,False
cv_intercept,sentinel1,treatment_0004,P01-08,0.6309573444801936,7725.870012946688,False
cv_intercept,sentinel1,treatment_0004,P01-08,0.7943282347242822,7725.8697306498125,False
cv_intercept,sentinel1,treatment_0004,P01-08,1.0,7725.869375364899,False
cv_intercept,sentinel1,treatment_0004,P01-08,1.2589254117941688,7725.868928255341,False
cv_intercept,sentinel1,treatment_0004,P01-08,1.584893192461114,7725.86836564341,False
cv_intercept,sentinel1,treatment_0004,P01-08,1.9952623149688788,7725.867657777868,False
cv_intercept,sentinel1,treatment_0004,P01-08,2.5118864315095824,7725.866767294846,False
cv_intercept,sentinel1,treatment_0004,P01-08,3.1622776601683795,7725.865647299664,False
cv_intercept,sentinel1,treatment_0004,P01-08,3.9810717055349776,7725.864238982883,False
cv_intercept,sentinel1,treatment_0004,P01-08,5.011872336272725,7725.862468667881,False
cv_intercept,sentinel1,treatment_0004,P01-08,6.309573444801943,7725.860244171112,False
cv_intercept,sentinel1,treatment_0004,P01-08,7.943282347242821,7725.857450341786,False
cv_intercept,sentinel1,treatment_0004,P01-08,10.0,7725.853943638924,False
cv_intercept,sentinel1,treatment_0004,P01-08,12.589254117941687,7725.849545607307,False
cv_intercept,sentinel1,treatment_0004,P01-08,15.848931924611142,7725.8440351412,False
cv_intercept,sentinel1,treatment_0004,P01-08,19.95262314968883,7725.837139494337,False
cv_intercept,sentinel1,treatment_0004,P01-08,25.11886431509582,7725.828524136889,False
cv_intercept,sentinel1,treatment_0004,P01-08,31.622776601683793,7725.817781822177,False
cv_intercept,sentinel1,treatment_0004,P01-08,39.81071705534978,7725.804421681509,False
cv_intercept,sentinel1,treatment_0004,P01-08,50.11872336272725,7725.787859926534,False
cv_intercept,sentinel1,treatment_0004,P01-08,63.09573444801943,7725.767414970593,False
cv_intercept,sentinel1,treatment_0004,P01-08,79.43282347242821,7725.742311722136,False
cv_intercept,sentinel1,treatment_0004,P01-08,100.0,7725.711702783101,False
cv_intercept,sentinel1,treatment_0004,P01-08,125.89254117941688,7725.674718728513,False
cv_intercept,sentinel1,treatment_0004,P01-08,158.48931924611142,7725.630566046892,False
cv_intercept,sentinel1,treatment_0004,P01-08,199.5262314968883,7725.578700147198,False
cv_intercept,sentinel1,treatment_0004,P01-08,251.18864315095823,7725.519112261439,False
cv_intercept,sentinel1,treatment_0004,P01-08,316.22776601683796,7725.452782448148,False
cv_intercept,sentinel1,treatment_0004,P01-08,398.1071705534977,7725.382363811096,False
cv_intercept,sentinel1,treatment_0004,P01-08,501.18723362727246,7725.313169789791,False
cv_intercept,sentinel1,treatment_0004,P01-08,630.9573444801943,7725.254526019089,False
cv_intercept,sentinel1,treatment_0004,P01-08,794.3282347242822,7725.221502973814,True
cv_intercept,sentinel1,treatment_0004,P01-08,1000.0,7725.23694138845,False
cv_intercept,sentinel1,treatment_0004,P01-08,1258.9254117941687,7725.333496004789,False
cv_intercept,sentinel1,treatment_0004,P01-08,1584.893192461114,7725.555150429374,False
cv_intercept,sentinel1,treatment_0004,P01-08,1995.262314968883,7725.957343977467,False
cv_intercept,sentinel1,treatment_0004,P01-08,2511.886431509582,7726.604634874334,False
cv_intercept,sentinel1,treatment_0004,P01-08,3162.2776601683795,7727.564931165314,False
cv_intercept,sentinel1,treatment_0004,P01-08,3981.0717055349774,7728.899995000386,False
cv_intercept,sentinel1,treatment_0004,P01-08,5011.872336272725,7730.653234530299,False
cv_intercept,sentinel1,treatment_0004,P01-08,6309.573444801943,7732.837399598048,False
cv_intercept,sentinel1,treatment_0004,P01-08,7943.282347242822,7735.42589868847,False
cv_intercept,sentinel1,treatment_0004,P01-08,10000.0,7738.351171115395,False
cv_intercept,sentinel1,treatment_0004,P01-09,0.0001,8669.205507766554,False
cv_intercept,sentinel1,treatment_0004,P01-09,0.00012589254117941674,8669.205507730956,False
cv_intercept,sentinel1,treatment_0004,P01-09,0.00015848931924611142,8669.205507686142,False
cv_intercept,sentinel1,treatment_0004,P01-09,0.00019952623149688788,8669.205507629722,False
cv_intercept,sentinel1,treatment_0004,P01-09,0.00025118864315095795,8669.205507558696,False
cv_intercept,sentinel1,treatment_0004,P01-09,0.00031622776601683794,8669.20550746928,False
cv_intercept,sentinel1,treatment_0004,P01-09,0.00039810717055349735,8669.20550735671,False
cv_intercept,sentinel1,treatment_0004,P01-09,0.0005011872336272725,8669.205507214994,False
cv_intercept,sentinel1,treatment_0004,P01-09,0.000630957344480193,8669.205507036584,False
cv_intercept,sentinel1,treatment_0004,P01-09,0.0007943282347242813,8669.205506811979,False
cv_intercept,sentinel1,treatment_0004,P01-09,0.001,8669.20550652922,False
cv_intercept,sentinel1,treatment_0004,P01-09,0.0012589254117941675,8669.205506173244,False
cv_intercept,sentinel1,treatment_0004,P01-09,0.001584893192461114,8669.205505725102,False
cv_intercept,sentinel1,treatment_0004,P01-09,0.001995262314968879,8669.20550516092,False
cv_intercept,sentinel1,treatment_0004,P01-09,0.002511886431509582,8669.20550445066,False
cv_intercept,sentinel1,treatment_0004,P01-09,0.0031622776601683794,8669.205503556494,False
cv_intercept,sentinel1,treatment_0004,P01-09,0.003981071705534973,8669.20550243081,False
cv_intercept,sentinel1,treatment_0004,P01-09,0.005011872336272725,8669.20550101366,False
cv_intercept,sentinel1,treatment_0004,P01-09,0.00630957344480193,8669.205499229574,False
cv_intercept,sentinel1,treatment_0004,P01-09,0.00794328234724282,8669.20549698355,False
cv_intercept,sentinel1,treatment_0004,P01-09,0.01,8669.205494155978,False
cv_intercept,sentinel1,treatment_0004,P01-09,0.012589254117941675,8669.205490596292,False
cv_intercept,sentinel1,treatment_0004,P01-09,0.01584893192461114,8669.20548611493,False
cv_intercept,sentinel1,treatment_0004,P01-09,0.01995262314968881,8669.205480473265,False
cv_intercept,sentinel1,treatment_0004,P01-09,0.025118864315095822,8669.20547337088,False
cv_intercept,sentinel1,treatment_0004,P01-09,0.03162277660168379,8669.205464429582,False
cv_intercept,sentinel1,treatment_0004,P01-09,0.039810717055349734,8669.205453173285,False
cv_intercept,sentinel1,treatment_0004,P01-09,0.05011872336272725,8669.205439002642,False
cv_intercept,sentinel1,treatment_0004,P01-09,0.06309573444801936,8669.205421163182,False
cv_intercept,sentinel1,treatment_0004,P01-09,0.07943282347242822,8669.205398705133,False
cv_intercept,sentinel1,treatment_0004,P01-09,0.1,8669.205370432921,False
cv_intercept,sentinel1,treatment_0004,P01-09,0.12589254117941676,8669.205334841577,False
cv_intercept,sentinel1,treatment_0004,P01-09,0.15848931924611143,8669.205290036729,False
cv_intercept,sentinel1,treatment_0004,P01-09,0.19952623149688808,8669.20523363394,False
cv_intercept,sentinel1,treatment_0004,P01-09,0.25118864315095824,8669.205162632059,False
cv_intercept,sentinel1,treatment_0004,P01-09,0.31622776601683794,8669.205073253952,False
cv_intercept,sentinel1,treatment_0004,P01-09,0.3981071705534973,8669.204960746201,False
cv_intercept,sentinel1,treatment_0004,P01-09,0.5011872336272725,8669.204819127339,False
cv_intercept,sentinel1,treatment_0004,P01-09,0.6309573444801936,8669.204640871454,False
cv_intercept,sentinel1,treatment_0004,P01-09,0.7943282347242822,8669.204416510824,False
cv_intercept,sentinel1,treatment_0004,P01-09,1.0,8669.204134137135,False
cv_intercept,sentinel1,treatment_0004,P01-09,1.2589254117941688,8669.203778775878,False
cv_intercept,sentinel1,treatment_0004,P01-09,1.584893192461114,8669.203331602466,False
cv_intercept,sentinel1,treatment_0004,P01-09,1.9952623149688788,8669.202768961246,False
cv_intercept,sentinel1,treatment_0004,P01-09,2.5118864315095824,8669.202061139797,False
cv_intercept,sentinel1,treatment_0004,P01-09,3.1622776601683795,8669.201170840524,False
cv_intercept,sentinel1,treatment_0004,P01-09,3.9810717055349776,8669.20005127979,False
cv_intercept,sentinel1,treatment_0004,P01-09,5.011872336272725,8669.198643831587,False
cv_intercept,sentinel1,treatment_0004,P01-09,6.309573444801943,8669.196875119285,False
cv_intercept,sentinel1,treatment_0004,P01-09,7.943282347242821,8669.194653446179,False
cv_intercept,sentinel1,treatment_0004,P01-09,10.0,8669.19186444686,False
cv_intercept,sentinel1,treatment_0004,P01-09,12.589254117941687,8669.188365841394,False
cv_intercept,sentinel1,treatment_0004,P01-09,15.848931924611142,8669.183981191585,False
cv_intercept,sentinel1,treatment_0004,P01-09,19.95262314968883,8669.178492607381,False
cv_intercept,sentinel1,treatment_0004,P01-09,25.11886431509582,8669.17163245447,False
cv_intercept,sentinel1,treatment_0004,P01-09,31.622776601683793,8669.163074307722,False
cv_intercept,sentinel1,treatment_0004,P01-09,39.81071705534978,8669.15242373612,False
cv_intercept,sentinel1,treatment_0004,P01-09,50.11872336272725,8669.139210080384,False
cv_intercept,sentinel1,treatment_0004,P01-09,63.09573444801943,8669.122881325347,False
cv_intercept,sentinel1,treatment_0004,P01-09,79.43282347242821,8669.102805666998,False
cv_intercept,sentinel1,treatment_0004,P01-09,100.0,8669.078285699248,False
cv_intercept,sentinel1,treatment_0004,P01-09,125.89254117941688,8669.04859466216,False
cv_intercept,sentinel1,treatment_0004,P01-09,158.48931924611142,8669.013049354964,False
cv_intercept,sentinel1,treatment_0004,P01-09,199.5262314968883,8668.971141614538,False
cv_intercept,sentinel1,treatment_0004,P01-09,251.18864315095823,8668.922760066549,False
cv_intercept,sentinel1,treatment_0004,P01-09,316.22776601683796,8668.868546075748,False
cv_intercept,sentinel1,treatment_0004,P01-09,398.1071705534977,8668.81044120449,False
cv_intercept,sentinel1,treatment_0004,P01-09,501.18723362727246,8668.752494459775,False
cv_intercept,sentinel1,treatment_0004,P01-09,630.9573444801943,8668.701998552251,False
cv_intercept,sentinel1,treatment_0004,P01-09,794.3282347242822,8668.671001677958,True
cv_intercept,sentinel1,treatment_0004,P01-09,1000.0,8668.678174303477,False
cv_intercept,sentinel1,treatment_0004,P01-09,1258.9254117941687,8668.750874082472,False
cv_intercept,sentinel1,treatment_0004,P01-09,1584.893192461114,8668.927028064705,False
cv_intercept,sentinel1,treatment_0004,P01-09,1995.262314968883,8669.256152421014,False
cv_intercept,sentinel1,treatment_0004,P01-09,2511.886431509582,8669.798535727155,False
cv_intercept,sentinel1,treatment_0004,P01-09,3162.2776601683795,8670.621498750648,False
cv_intercept,sentinel1,treatment_0004,P01-09,3981.0717055349774,8671.791963144015,False
cv_intercept,sentinel1,treatment_0004,P01-09,5011.872336272725,8673.365514417603,False
cv_intercept,sentinel1,treatment_0004,P01-09,6309.573444801943,8675.373653721688,False
cv_intercept,sentinel1,treatment_0004,P01-09,7943.282347242822,8677.812453212933,False
cv_intercept,sentinel1,treatment_0004,P01-09,10000.0,8680.636453868161,False
cv_intercept,sentinel1,treatment_0005,P01-08,0.0001,7378.069488417833,False
cv_intercept,sentinel1,treatment_0005,P01-08,0.00012589254117941674,7378.069488401914,False
cv_intercept,sentinel1,treatment_0005,P01-08,0.00015848931924611142,7378.069488381874,False
cv_intercept,sentinel1,treatment_0005,P01-08,0.00019952623149688788,7378.069488356645,False
cv_intercept,sentinel1,treatment_0005,P01-08,0.00025118864315095795,7378.069488324883,False
cv_intercept,sentinel1,treatment_0005,P01-08,0.00031622776601683794,7378.069488284898,False
cv_intercept,sentinel1,treatment_0005,P01-08,0.00039810717055349735,7378.069488234559,False
cv_intercept,sentinel1,treatment_0005,P01-08,0.0005011872336272725,7378.069488171186,False
cv_intercept,sentinel1,treatment_0005,P01-08,0.000630957344480193,7378.069488091404,False
cv_intercept,sentinel1,treatment_0005,P01-08,0.0007943282347242813,7378.069487990966,False
cv_intercept,sentinel1,treatment_0005,P01-08,0.001,7378.06948786452,False
cv_intercept,sentinel1,treatment_0005,P01-08,0.0012589254117941675,7378.069487705336,False
cv_intercept,sentinel1,treatment_0005,P01-08,0.001584893192461114,7378.069487504933,False
cv_intercept,sentinel1,treatment_0005,P01-08,0.001995262314968879,7378.069487252642,False
cv_intercept,sentinel1,treatment_0005,P01-08,0.002511886431509582,7378.069486935026,False
cv_intercept,sentinel1,treatment_0005,P01-08,0.0031622776601683794,7378.0694865351725,False
cv_intercept,sentinel1,treatment_0005,P01-08,0.003981071705534973,7378.069486031787,False
cv_intercept,sentinel1,treatment_0005,P01-08,0.005011872336272725,7378.069485398063,False
cv_intercept,sentinel1,treatment_0005,P01-08,0.00630957344480193,7378.069484600254,False
cv_intercept,sentinel1,treatment_0005,P01-08,0.00794328234724282,7378.069483595875,False
cv_intercept,sentinel1,treatment_0005,P01-08,0.01,7378.069482331439,False
cv_intercept,sentinel1,treatment_0005,P01-08,0.012589254117941675,7378.069480739615,False
cv_intercept,sentinel1,treatment_0005,P01-08,0.01584893192461114,7378.069478735638,False
cv_intercept,sentinel1,treatment_0005,P01-08,0.01995262314968881,7378.069476212794,False
cv_intercept,sentinel1,treatment_0005,P01-08,0.025118864315095822,7378.069473036749,False
cv_intercept,sentinel1,treatment_0005,P01-08,0.03162277660168379,7378.0694690383825,False
cv_intercept,sentinel1,treatment_0005,P01-08,0.039810717055349734,7378.069464004801,False
cv_intercept,sentinel1,treatment_0005,P01-08,0.05011872336272725,7378.069457667994,False
cv_intercept,sentinel1,treatment_0005,P01-08,0.06309573444801936,7378.069449690585,False
cv_intercept,sentinel1,treatment_0005,P01-08,0.07943282347242822,7378.06943964787,False
cv_intercept,sentinel1,treatment_0005,P01-08,0.1,7378.069427005233,False
cv_intercept,sentinel1,treatment_0005,P01-08,0.12589254117941676,7378.0694110897175,False
cv_intercept,sentinel1,treatment_0005,P01-08,0.15848931924611143,7378.069391054256,False
cv_intercept,sentinel1,treatment_0005,P01-08,0.19952623149688808,7378.069365832669,False
cv_intercept,sentinel1,treatment_0005,P01-08,0.25118864315095824,7378.0693340830485,False
cv_intercept,sentinel1,treatment_0005,P01-08,0.31622776601683794,7378.06929411657,False
cv_intercept,sentinel1,treatment_0005,P01-08,0.3981071705534973,7378.069243807973,False
cv_intercept,sentinel1,treatment_0005,P01-08,0.5011872336272725,7378.069180483063,False
cv_intercept,sentinel1,treatment_0005,P01-08,0.6309573444801936,7378.069100777347,False
cv_intercept,sentinel1,treatment_0005,P01-08,0.7943282347242822,7378.069000458554,False
cv_intercept,sentinel1,treatment_0005,P01-08,1.0,7378.068874203913,False
cv_intercept,sentinel1,treatment_0005,P01-08,1.2589254117941688,7378.068715320907,False
cv_intercept,sentinel1,treatment_0005,P01-08,1.584893192461114,7378.068515397574,False
cv_intercept,sentinel1,treatment_0005,P01-08,1.9952623149688788,7378.068263865103,False
cv_intercept,sentinel1,treatment_0005,P01-08,2.5118864315095824,7378.0679474518,False
cv_intercept,sentinel1,treatment_0005,P01-08,3.1622776601683795,7378.067549502852,False
cv_intercept,sentinel1,treatment_0005,P01-08,3.9810717055349776,7378.067049135441,False
cv_intercept,sentinel1,treatment_0005,P01-08,5.011872336272725,7378.066420193166,False
cv_intercept,sentinel1,treatment_0005,P01-08,6.309573444801943,7378.065629958356,False
cv_intercept,sentinel1,treatment_0005,P01-08,7.943282347242821,7378.064637576104,False
cv_intercept,sentinel1,treatment_0005,P01-08,10.0,7378.063392141516,False
cv_intercept,sentinel1,treatment_0005,P01-08,12.589254117941687,7378.061830403987,False
cv_intercept,sentinel1,treatment_0005,P01-08,15.848931924611142,7378.05987405377,False
cv_intercept,sentinel1,treatment_0005,P01-08,19.95262314968883,7378.057426583523,False
cv_intercept,sentinel1,treatment_0005,P01-08,25.11886431509582,7378.054369772119,False
cv_intercept,sentinel1,treatment_0005,P01-08,31.622776601683793,7378.050559937501,False
cv_intercept,sentinel1,treatment_0005,P01-08,39.81071705534978,7378.045824276705,False
cv_intercept,sentinel1,treatment_0005,P01-08,50.11872336272725,7378.039957895856,False
cv_intercept,sentinel1,treatment_0005,P01-08,63.09573444801943,7378.032722591648,False
cv_intercept,sentinel1,treatment_0005,P01-08,79.43282347242821,7378.0238491656355,False
cv_intercept,sentinel1,treatment_0005,P01-08,100.0,7378.013046152747,False
cv_intercept,sentinel1,treatment_0005,P01-08,125.89254117941688,7378.000019478468,False
cv_intercept,sentinel1,treatment_0005,P01-08,158.48931924611142,7377.984509899301,False
cv_intercept,sentinel1,treatment_0005,P01-08,199.5262314968883,7377.966358282981,False
cv_intercept,sentinel1,treatment_0005,P01-08,251.18864315095823,7377.945612883793,False
cv_intercept,sentinel1,treatment_0005,P01-08,316.22776601683796,7377.922697478361,False
cv_intercept,sentinel1,treatment_0005,P01-08,398.1071705534977,7377.898663583841,False
cv_intercept,sentinel1,treatment_0005,P01-08,501.18723362727246,7377.875551787448,False
cv_intercept,sentinel1,treatment_0005,P01-08,630.9573444801943,7377.856882356041,False
cv_intercept,sentinel1,treatment_0005,P01-08,794.3282347242822,7377.848277203614,True
cv_intercept,sentinel1,treatment_0005,P01-08,1000.0,7377.858175401976,False
cv_intercept,sentinel1,treatment_0005,P01-08,1258.9254117941687,7377.898535004395,False
cv_intercept,sentinel1,treatment_0005,P01-08,1584.893192461114,7377.985315220852,False
cv_intercept,sentinel1,treatment_0005,P01-08,1995.262314968883,7378.138424855137,False
cv_intercept,sentinel1,treatment_0005,P01-08,2511.886431509582,7378.38075713824,False
cv_intercept,sentinel1,treatment_0005,P01-08,3162.2776601683795,7378.7359906978,False
cv_intercept,sentinel1,treatment_0005,P01-08,3981.0717055349774,7379.225103271247,False
cv_intercept,sentinel1,treatment_0005,P01-08,5011.872336272725,7379.862027627536,False
cv_intercept,sentinel1,treatment_0005,P01-08,6309.573444801943,7380.649435792615,False
cv_intercept,sentinel1,treatment_0005,P01-08,7943.282347242822,7381.575974613511,False
cv_intercept,sentinel1,treatment_0005,P01-08,10000.0,7382.616095738697,False
cv_intercept,sentinel1,treatment_0005,P01-09,0.0001,8290.451147410335,False
cv_intercept,sentinel1,treatment_0005,P01-09,0.00012589254117941674,8290.451147393327,False
cv_intercept,sentinel1,treatment_0005,P01-09,0.00015848931924611142,8290.451147371916,False
cv_intercept,sentinel1,treatment_0005,P01-09,0.00019952623149688788,8290.451147344964,False
cv_intercept,sentinel1,treatment_0005,P01-09,0.00025118864315095795,8290.451147311029,False
cv_intercept,sentinel1,treatment_0005,P01-09,0.00031622776601683794,8290.45114726831,False
cv_intercept,sentinel1,treatment_0005,P01-09,0.00039810717055349735,8290.451147214528,False
cv_intercept,sentinel1,treatment_0005,P01-09,0.0005011872336272725,8290.451147146821,False
cv_intercept,sentinel1,treatment_0005,P01-09,0.000630957344480193,8290.451147061585,False
cv_intercept,sentinel1,treatment_0005,P01-09,0.0007943282347242813,8290.451146954276,False
cv_intercept,sentinel1,treatment_0005,P01-09,0.001,8290.451146819185,False
cv_intercept,sentinel1,treatment_0005,P01-09,0.0012589254117941675,8290.451146649113,False
cv_intercept,sentinel1,treatment_0005,P01-09,0.001584893192461114,8290.451146435007,False
cv_intercept,sentinel1,treatment_0005,P01-09,0.001995262314968879,8290.451146165464,False
cv_intercept,sentinel1,treatment_0005,P01-09,0.002511886431509582,8290.45114582613,False
cv_intercept,sentinel1,treatment_0005,P01-09,0.0031622776601683794,8290.45114539893,False
cv_intercept,sentinel1,treatment_0005,P01-09,0.003981071705534973,8290.451144861125,False
cv_intercept,sentinel1,treatment_0005,P01-09,0.005011872336272725,8290.451144184062,False
cv_intercept,sentinel1,treatment_0005,P01-09,0.00630957344480193,8290.451143331697,False
cv_intercept,sentinel1,treatment_0005,P01-09,0.00794328234724282,8290.451142258633,False
cv_intercept,sentinel1,treatment_0005,P01-09,0.01,8290.45114090773,False
cv_intercept,sentinel1,treatment_0005,P01-09,0.012589254117941675,8290.451139207047,False
cv_intercept,sentinel1,treatment_0005,P01-09,0.01584893192461114,8290.451137066024,False
cv_intercept,sentinel1,treatment_0005,P01-09,0.01995262314968881,8290.45113437065,False
cv_intercept,sentinel1,treatment_0005,P01-09,0.025118864315095822,8290.451130977399,False
cv_intercept,sentinel1,treatment_0005,P01-09,0.03162277660168379,8290.451126705582,False
cv_intercept,sentinel1,treatment_0005,P01-09,0.039810717055349734,8290.451121327738,False
cv_intercept,sentinel1,treatment_0005,P01-09,0.05011872336272725,8290.451114557522,False
cv_intercept,sentinel1,treatment_0005,P01-09,0.06309573444801936,8290.451106034467,False
cv_intercept,sentinel1,treatment_0005,P01-09,0.07943282347242822,8290.451095304797,False
cv_intercept,sentinel1,treatment_0005,P01-09,0.1,8290.451081797295,False
cv_intercept,sentinel1,treatment_0005,P01-09,0.12589254117941676,8290.451064792915,False
cv_intercept,sentinel1,treatment_0005,P01-09,0.15848931924611143,8290.451043386549,False
cv_intercept,sentinel1,treatment_0005,P01-09,0.19952623149688808,8290.451016438932,False
cv_intercept,sentinel1,treatment_0005,P01-09,0.25118864315095824,8290.45098251611,False
cv_intercept,sentinel1,treatment_0005,P01-09,0.31622776601683794,8290.450939813318,False
cv_intercept,sentinel1,treatment_0005,P01-09,0.3981071705534973,8290.450886059261,False
cv_intercept,sentinel1,treatment_0005,P01-09,0.5011872336272725,8290.450818395737,False
cv_intercept,sentinel1,treatment_0005,P01-09,0.6309573444801936,8290.450733226395,False
cv_intercept,sentinel1,treatment_0005,P01-09,0.7943282347242822,8290.450626026714,False
cv_intercept,sentinel1,treatment_0005,P01-09,1.0,8290.450491105436,False
cv_intercept,sentinel1,treatment_0005,P01-09,1.2589254117941688,8290.450321305274,False
cv_intercept,sentinel1,treatment_0005,P01-09,1.584893192461114,8290.450107627741,False
cv_intercept,sentinel1,treatment_0005,P01-09,1.9952623149688788,8290.449838763428,False
cv_intercept,sentinel1,treatment_0005,P01-09,2.5118864315095824,8290.449500504752,False
cv_intercept,sentinel1,treatment_0005,P01-09,3.1622776601683795,8290.449075013144,False
cv_intercept,sentinel1,treatment_0005,P01-09,3.9810717055349776,8290.448539906716,False
cv_intercept,sentinel1,treatment_0005,P01-09,5.011872336272725,8290.44786712795,False
cv_intercept,sentinel1,treatment_0005,P01-09,6.309573444801943,8290.447021543825,False
cv_intercept,sentinel1,treatment_0005,P01-09,7.943282347242821,8290.445959224005,False
cv_intercept,sentinel1,treatment_0005,P01-09,10.0,8290.444625337139,False
cv_intercept,sentinel1,treatment_0005,P01-09,12.589254117941687,8290.442951603314,False
cv_intercept,sentinel1,treatment_0005,P01-09,15.848931924611142,8290.440853245711,False
cv_intercept,sentinel1,treatment_0005,P01-09,19.95262314968883,8290.438225402666,False
cv_intercept,sentinel1,treatment_0005,P01-09,25.11886431509582,8290.434939002575,False
cv_intercept,sentinel1,treatment_0005,P01-09,31.622776601683793,8290.430836183814,False
cv_intercept,sentinel1,treatment_0005,P01-09,39.81071705534978,8290.425725485044,False
cv_intercept,sentinel1,treatment_0005,P01-09,50.11872336272725,8290.419377275204,False
cv_intercept,sentinel1,treatment_0005,P01-09,63.09573444801943,8290.41152029379,False
cv_intercept,sentinel1,treatment_0005,P01-09,79.43282347242821,8290.401840812956,False
cv_intercept,sentinel1,treatment_0005,P01-09,100.0,8290.38998692904,False
cv_intercept,sentinel1,treatment_0005,P01-09,125.89254117941688,8290.37558199633,False
cv_intercept,sentinel1,treatment_0005,P01-09,158.48931924611142,8290.358253418675,False
cv_intercept,sentinel1,treatment_0005,P01-09,199.5262314968883,8290.337686111936,False
cv_intercept,sentinel1,treatment_0005,P01-09,251.18864315095823,8290.313714074171,False
cv_intercept,sentinel1,treatment_0005,P01-09,316.22776601683796,8290.28646855806,False
cv_intercept,sentinel1,treatment_0005,P01-09,398.1071705534977,8290.256606708263,False
cv_intercept,sentinel1,treatment_0005,P01-09,501.18723362727246,8290.225648545334,False
cv_intercept,sentinel1,treatment_0005,P01-09,630.9573444801943,8290.19644943424,False
cv_intercept,sentinel1,treatment_0005,P01-09,794.3282347242822,8290.173823747107,False
cv_intercept,sentinel1,treatment_0005,P01-09,1000.0,8290.165304668433,True
cv_intercept,sentinel1,treatment_0005,P01-09,1258.9254117941687,8290.181965187028,False
cv_intercept,sentinel1,treatment_0005,P01-09,1584.893192461114,8290.239130587132,False
cv_intercept,sentinel1,treatment_0005,P01-09,1995.262314968883,8290.356692277268,False
cv_intercept,sentinel1,treatment_0005,P01-09,2511.886431509582,8290.558624927377,False
cv_intercept,sentinel1,treatment_0005,P01-09,3162.2776601683795,8290.87129026977,False
cv_intercept,sentinel1,treatment_0005,P01-09,3981.0717055349774,8291.320280995296,False
cv_intercept,sentinel1,treatment_0005,P01-09,5011.872336272725,8291.92598034488,False
cv_intercept,sentinel1,treatment_0005,P01-09,6309.573444801943,8292.698622721993,False
cv_intercept,sentinel1,treatment_0005,P01-09,7943.282347242822,8293.63418798979,False
cv_intercept,sentinel1,treatment_0005,P01-09,10000.0,8294.712588307164,False
cv_intercept,sentinel1,treatment_0006,P01-08,0.0001,7824.915409643282,False
cv_intercept,sentinel1,treatment_0006,P01-08,0.00012589254117941674,7824.915409612535,False
cv_intercept,sentinel1,treatment_0006,P01-08,0.00015848931924611142,7824.915409573825,False
cv_intercept,sentinel1,treatment_0006,P01-08,0.00019952623149688788,7824.915409525094,False
cv_intercept,sentinel1,treatment_0006,P01-08,0.00025118864315095795,7824.915409463744,False
cv_intercept,sentinel1,treatment_0006,P01-08,0.00031622776601683794,7824.915409386511,False
cv_intercept,sentinel1,treatment_0006,P01-08,0.00039810717055349735,7824.915409289279,False
cv_intercept,sentinel1,treatment_0006,P01-08,0.0005011872336272725,7824.915409166871,False
cv_intercept,sentinel1,treatment_0006,P01-08,0.000630957344480193,7824.9154090127695,False
cv_intercept,sentinel1,treatment_0006,P01-08,0.0007943282347242813,7824.915408818766,False
cv_intercept,sentinel1,treatment_0006,P01-08,0.001,7824.91540857453,False
cv_intercept,sentinel1,treatment_0006,P01-08,0.0012589254117941675,7824.9154082670575,False
cv_intercept,sentinel1,treatment_0006,P01-08,0.001584893192461114,7824.915407879969,False
cv_intercept,sentinel1,treatment_0006,P01-08,0.001995262314968879,7824.915407392658,False
cv_intercept,sentinel1,treatment_0006,P01-08,0.002511886431509582,7824.915406779166,False
cv_intercept,sentinel1,treatment_0006,P01-08,0.0031622776601683794,7824.91540600683,False
cv_intercept,sentinel1,treatment_0006,P01-08,0.003981071705534973,7824.915405034516,False
cv_intercept,sentinel1,treatment_0006,P01-08,0.005011872336272725,7824.915403810447,False
cv_intercept,sentinel1,treatment_0006,P01-08,0.00630957344480193,7824.915402269437,False
cv_intercept,sentinel1,treatment_0006,P01-08,0.00794328234724282,7824.915400329428,False
cv_intercept,sentinel1,treatment_0006,P01-08,0.01,7824.915397887106,False
cv_intercept,sentinel1,treatment_0006,P01-08,0.012589254117941675,7824.9153948124185,False
cv_intercept,sentinel1,treatment_0006,P01-08,0.01584893192461114,7824.9153909416345,False
cv_intercept,sentinel1,treatment_0006,P01-08,0.01995262314968881,7824.9153860686365,False
cv_intercept,sentinel1,treatment_0006,P01-08,0.025118864315095822,7824.915379933942,False
cv_intercept,sentinel1,treatment_0006,P01-08,0.03162277660168379,7824.9153722108895,False
cv_intercept,sentinel1,treatment_0006,P01-08,0.039810717055349734,7824.915362488262,False
cv_intercept,sentinel1,treatment_0006,P01-08,0.05011872336272725,7824.915350248388,False
cv_intercept,sentinel1,treatment_0006,P01-08,0.06309573444801936,7824.915334839593,False
cv_intercept,sentinel1,treatment_0006,P01-08,0.07943282347242822,7824.915315441538,False
cv_intercept,sentinel1,treatment_0006,P01-08,0.1,7824.915291021574,False
cv_intercept,sentinel1,treatment_0006,P01-08,0.12589254117941676,7824.915260279836,False
cv_intercept,sentinel1,treatment_0006,P01-08,0.15848931924611143,7824.915221580141,False
cv_intercept,sentinel1,treatment_0006,P01-08,0.19952623149688808,7824.915172863065,False
cv_intercept,sentinel1,treatment_0006,P01-08,0.25118864315095824,7824.915111536577,False
cv_intercept,sentinel1,treatment_0006,P01-08,0.31622776601683794,7824.9150343385145,False
cv_intercept,sentinel1,treatment_0006,P01-08,0.3981071705534973,7824.91493716366,False
cv_intercept,sentinel1,treatment_0006,P01-08,0.5011872336272725,7824.914814846381,False
cv_intercept,sentinel1,treatment_0006,P01-08,0.6309573444801936,7824.914660887554,False
cv_intercept,sentinel1,treatment_0006,P01-08,0.7943282347242822,7824.91446711163,False
cv_intercept,sentinel1,treatment_0006,P01-08,1.0,7824.914223236286,False
cv_intercept,sentinel1,treatment_0006,P01-08,1.2589254117941688,7824.913916332827,False
cv_intercept,sentinel1,treatment_0006,P01-08,1.584893192461114,7824.9135301503065,False
cv_intercept,sentinel1,treatment_0006,P01-08,1.9952623149688788,7824.913044270102,False
cv_intercept,sentinel1,treatment_0006,P01-08,2.5118864315095824,7824.912433050216,False
cv_intercept,sentinel1,treatment_0006,P01-08,3.1622776601683795,7824.911664309902,False
cv_intercept,sentinel1,treatment_0006,P01-08,3.9810717055349776,7824.910697695304,False
cv_intercept,sentinel1,treatment_0006,P01-08,5.011872336272725,7824.909482656126,False
cv_intercept,sentinel1,treatment_0006,P01-08,6.309573444801943,7824.907955952435,False
cv_intercept,sentinel1,treatment_0006,P01-08,7.943282347242821,7824.906038601268,False
cv_intercept,sentinel1,treatment_0006,P01-08,10.0,7824.90363216734,False
cv_intercept,sentinel1,treatment_0006,P01-08,12.589254117941687,7824.900614305674,False
cv_intercept,sentinel1,treatment_0006,P01-08,15.848931924611142,7824.896833484366,False
cv_intercept,sentinel1,treatment_0006,P01-08,19.95262314968883,7824.892102866235,False
cv_intercept,sentinel1,treatment_0006,P01-08,25.11886431509582,7824.886193429827,False
cv_intercept,sentinel1,treatment_0006,P01-08,31.622776601683793,7824.878826596874,False
cv_intercept,sentinel1,treatment_0006,P01-08,39.81071705534978,7824.869666956542,False
cv_intercept,sentinel1,treatment_0006,P01-08,50.11872336272725,7824.858316215894,False
cv_intercept,sentinel1,treatment_0006,P01-08,63.09573444801943,7824.844310378065,False
cv_intercept,sentinel1,treatment_0006,P01-08,79.43282347242821,7824.827123523995,False
cv_intercept,sentinel1,treatment_0006,P01-08,100.0,7824.806183684172,False
cv_intercept,sentinel1,treatment_0006,P01-08,125.89254117941688,7824.780909438974,False
cv_intercept,sentinel1,treatment_0006,P01-08,158.48931924611142,7824.75078043949,False
cv_intercept,sentinel1,treatment_0006,P01-08,199.5262314968883,7824.715461340932,False
cv_intercept,sentinel1,treatment_0006,P01-08,251.18864315095823,7824.675006844256,False
cv_intercept,sentinel1,treatment_0006,P01-08,316.22776601683796,7824.630185249466,False
cv_intercept,sentinel1,treatment_0006,P01-08,398.1071705534977,7824.5829675115,False
cv_intercept,sentinel1,treatment_0006,P01-08,501.18723362727246,7824.537234335661,False
cv_intercept,sentinel1,treatment_0006,P01-08,630.9573444801943,7824.4997477130655,False
cv_intercept,sentinel1,treatment_0006,P01-08,794.3282347242822,7824.481402825057,True
cv_intercept,sentinel1,treatment_0006,P01-08,1000.0,7824.498704007059,False
cv_intercept,sentinel1,treatment_0006,P01-08,1258.9254117941687,7824.575276770558,False
cv_intercept,sentinel1,treatment_0006,P01-08,1584.893192461114,7824.743031445072,False
cv_intercept,sentinel1,treatment_0006,P01-08,1995.262314968883,7825.04236291865,False
cv_intercept,sentinel1,treatment_0006,P01-08,2511.886431509582,7825.520598017871,False
cv_intercept,sentinel1,treatment_0006,P01-08,3162.2776601683795,7826.227951310795,False
cv_intercept,sentinel1,treatment_0006,P01-08,3981.0717055349774,7827.210706791014,False
cv_intercept,sentinel1,treatment_0006,P01-08,5011.872336272725,7828.502277339235,False
cv_intercept,sentinel1,treatment_0006,P01-08,6309.573444801943,7830.11398578398,False
cv_intercept,sentinel1,treatment_0006,P01-08,7943.282347242822,7832.028293561906,False
cv_intercept,sentinel1,treatment_0006,P01-08,10000.0,7834.197101610878,False
cv_intercept,sentinel1,treatment_0006,P01-09,0.0001,8791.30148419216,False
cv_intercept,sentinel1,treatment_0006,P01-09,0.00012589254117941674,8791.301484167032,False
cv_intercept,sentinel1,treatment_0006,P01-09,0.00015848931924611142,8791.301484135398,False
cv_intercept,sentinel1,treatment_0006,P01-09,0.00019952623149688788,8791.301484095573,False
cv_intercept,sentinel1,treatment_0006,P01-09,0.00025118864315095795,8791.301484045434,False
cv_intercept,sentinel1,treatment_0006,P01-09,0.00031622776601683794,8791.301483982317,False
cv_intercept,sentinel1,treatment_0006,P01-09,0.00039810717055349735,8791.301483902856,False
cv_intercept,sentinel1,treatment_0006,P01-09,0.0005011872336272725,8791.301483802821,False
cv_intercept,sentinel1,treatment_0006,P01-09,0.000630957344480193,8791.301483676882,False
cv_intercept,sentinel1,treatment_0006,P01-09,0.0007943282347242813,8791.301483518335,False
cv_intercept,sentinel1,treatment_0006,P01-09,0.001,8791.301483318739,False
cv_intercept,sentinel1,treatment_0006,P01-09,0.0012589254117941675,8791.30148306746,False
cv_intercept,sentinel1,treatment_0006,P01-09,0.001584893192461114,8791.301482751118,False
cv_intercept,sentinel1,treatment_0006,P01-09,0.001995262314968879,8791.301482352868,False
cv_intercept,sentinel1,treatment_0006,P01-09,0.002511886431509582,8791.301481851504,False
cv_intercept,sentinel1,treatment_0006,P01-09,0.0031622776601683794,8791.30148122032,False
cv_intercept,sentinel1,treatment_0006,P01-09,0.003981071705534973,8791.30148042571,False
cv_intercept,sentinel1,treatment_0006,P01-09,0.005011872336272725,8791.30147942536,False
cv_intercept,sentinel1,treatment_0006,P01-09,0.00630957344480193,8791.301478165993,False
cv_intercept,sentinel1,treatment_0006,P01-09,0.00794328234724282,8791.301476580547,False
cv_intercept,sentinel1,treatment_0006,P01-09,0.01,8791.301474584596,False
cv_intercept,sentinel1,treatment_0006,P01-09,0.012589254117941675,8791.301472071855,False
cv_intercept,sentinel1,treatment_0006,P01-09,0.01584893192461114,8791.301468908518,False
cv_intercept,sentinel1,treatment_0006,P01-09,0.01995262314968881,8791.301464926133,False
cv_intercept,sentinel1,treatment_0006,P01-09,0.025118864315095822,8791.30145991265,False
cv_intercept,sentinel1,treatment_0006,P01-09,0.03162277660168379,8791.301453601118,False
cv_intercept,sentinel1,treatment_0006,P01-09,0.039810717055349734,8791.301445655467,False
cv_intercept,sentinel1,treatment_0006,P01-09,0.05011872336272725,8791.301435652647,False
cv_intercept,sentinel1,treatment_0006,P01-09,0.06309573444801936,8791.301423060102,False
cv_intercept,sentinel1,treatment_0006,P01-09,0.07943282347242822,8791.301407207431,False
cv_intercept,sentinel1,treatment_0006,P01-09,0.1,8791.301387250744,False
cv_intercept,sentinel1,treatment_0006,P01-09,0.12589254117941676,8791.301362127782,False
cv_intercept,sentinel1,treatment_0006,P01-09,0.15848931924611143,8791.301330501465,False
cv_intercept,sentinel1,treatment_0006,P01-09,0.19952623149688808,8791.301290688849,False
cv_intercept,sentinel1,treatment_0006,P01-09,0.25118864315095824,8791.301240571795,False
cv_intercept,sentinel1,treatment_0006,P01-09,0.31622776601683794,8791.301177484595,False
cv_intercept,sentinel1,treatment_0006,P01-09,0.3981071705534973,8791.301098072709,False
cv_intercept,sentinel1,treatment_0006,P01-09,0.5011872336272725,8791.300998115223,False
cv_intercept,sentinel1,treatment_0006,P01-09,0.6309573444801936,8791.30087230181,False
cv_intercept,sentinel1,treatment_0006,P01-09,0.7943282347242822,8791.30071395268,False
cv_intercept,sentinel1,treatment_0006,P01-09,1.0,8791.300514667239,False
cv_intercept,sentinel1,treatment_0006,P01-09,1.2589254117941688,8791.300263883624,False
cv_intercept,sentinel1,treatment_0006,P01-09,1.584893192461114,8791.299948327223,False
cv_intercept,sentinel1,treatment_0006,P01-09,1.9952623149688788,8791.299551321095,False
cv_intercept,sentinel1,treatment_0006,P01-09,2.5118864315095824,8791.299051925362,False
cv_intercept,sentinel1,treatment_0006,P01-09,3.1622776601683795,8791.29842386562,False
cv_intercept,sentinel1,treatment_0006,P01-09,3.9810717055349776,8791.297634202672,False
cv_intercept,sentinel1,treatment_0006,P01-09,5.011872336272725,8791.296641687513,False
cv_intercept,sentinel1,treatment_0006,P01-09,6.309573444801943,8791.295394737337,False
cv_intercept,sentinel1,treatment_0006,P01-09,7.943282347242821,8791.293828961692,False
cv_intercept,sentinel1,treatment_0006,P01-09,10.0,8791.291864165254,False
cv_intercept,sentinel1,treatment_0006,P01-09,12.589254117941687,8791.289400759313,False
cv_intercept,sentinel1,treatment_0006,P01-09,15.848931924611142,8791.286315535262,False
cv_intercept,sentinel1,treatment_0006,P01-09,19.95262314968883,8791.282456801599,False
cv_intercept,sentinel1,treatment_0006,P01-09,25.11886431509582,8791.277638980599,False
cv_intercept,sentinel1,treatment_0006,P01-09,31.622776601683793,8791.271636931358,False
cv_intercept,sentinel1,treatment_0006,P01-09,39.81071705534978,8791.264180559514,False
cv_intercept,sentinel1,treatment_0006,P01-09,50.11872336272725,8791.254950761679,False
cv_intercept,sentinel1,treatment_0006,P01-09,63.09573444801943,8791.243578541726,False
cv_intercept,sentinel1,treatment_0006,P01-09,79.43282347242821,8791.229650383211,False
cv_intercept,sentinel1,treatment_0006,P01-09,100.0,8791.212724888073,False
cv_intercept,sentinel1,treatment_0006,P01-09,125.89254117941688,8791.192368594397,False
cv_intercept,sentinel1,treatment_0006,P01-09,158.48931924611142,8791.16822313621,False
cv_intercept,sentinel1,treatment_0006,P01-09,199.5262314968883,8791.140121909077,False
cv_intercept,sentinel1,treatment_0006,P01-09,251.18864315095823,8791.108282466324,False
cv_intercept,sentinel1,treatment_0006,P01-09,316.22776601683796,8791.073610922202,False
cv_intercept,sentinel1,treatment_0006,P01-09,398.1071705534977,8791.038165672044,False
cv_intercept,sentinel1,treatment_0006,P01-09,501.18723362727246,8791.005836847908,False
cv_intercept,sentinel1,treatment_0006,P01-09,630.9573444801943,8790.983298877105,False
cv_intercept,sentinel1,treatment_0006,P01-09,794.3282347242822,8790.981275077445,True
cv_intercept,sentinel1,treatment_0006,P01-09,1000.0,8791.016098241571,False
cv_intercept,sentinel1,treatment_0006,P01-09,1258.9254117941687,8791.111438543574,False
cv_intercept,sentinel1,treatment_0006,P01-09,1584.893192461114,8791.299883693848,False
cv_intercept,sentinel1,treatment_0006,P01-09,1995.262314968883,8791.623804770106,False
cv_intercept,sentinel1,treatment_0006,P01-09,2511.886431509582,8792.134688604052,False
cv_intercept,sentinel1,treatment_0006,P01-09,3162.2776601683795,8792.890009853552,False
cv_intercept,sentinel1,treatment_0006,P01-09,3981.0717055349774,8793.946966355976,False
cv_intercept,sentinel1,treatment_0006,P01-09,5011.872336272725,8795.353189462674,False
cv_intercept,sentinel1,treatment_0006,P01-09,6309.573444801943,8797.135819585312,False
cv_intercept,sentinel1,treatment_0006,P01-09,7943.282347242822,8799.291660785848,False
cv_intercept,sentinel1,treatment_0006,P01-09,10000.0,8801.781723085895,False
cv_intercept,sentinel1,treatment_0007,P01-08,0.0001,3850.4634624110763,False
cv_intercept,sentinel1,treatment_0007,P01-08,0.00012589254117941674,3850.4634623300844,False
cv_intercept,sentinel1,treatment_0007,P01-08,0.00015848931924611142,3850.4634622281224,False
cv_intercept,sentinel1,treatment_0007,P01-08,0.00019952623149688788,3850.4634620997585,False
cv_intercept,sentinel1,treatment_0007,P01-08,0.00025118864315095795,3850.4634619381586,False
cv_intercept,sentinel1,treatment_0007,P01-08,0.00031622776601683794,3850.463461734717,False
cv_intercept,sentinel1,treatment_0007,P01-08,0.00039810717055349735,3850.463461478598,False
cv_intercept,sentinel1,treatment_0007,P01-08,0.0005011872336272725,3850.4634611561646,False
cv_intercept,sentinel1,treatment_0007,P01-08,0.000630957344480193,3850.463460750245,False
cv_intercept,sentinel1,treatment_0007,P01-08,0.0007943282347242813,3850.4634602392216,False
cv_intercept,sentinel1,treatment_0007,P01-08,0.001,3850.463459595883,False
cv_intercept,sentinel1,treatment_0007,P01-08,0.0012589254117941675,3850.463458785968,False
cv_intercept,sentinel1,treatment_0007,P01-08,0.001584893192461114,3850.463457766347,False
cv_intercept,sentinel1,treatment_0007,P01-08,0.001995262314968879,3850.463456482722,False
cv_intercept,sentinel1,treatment_0007,P01-08,0.002511886431509582,3850.4634548667373,False
cv_intercept,sentinel1,treatment_0007,P01-08,0.0031622776601683794,3850.463452832337,False
cv_intercept,sentinel1,treatment_0007,P01-08,0.003981071705534973,3850.463450271189,False
cv_intercept,sentinel1,treatment_0007,P01-08,0.005011872336272725,3850.4634470469055,False
cv_intercept,sentinel1,treatment_0007,P01-08,0.00630957344480193,3850.4634429877938,False
cv_intercept,sentinel1,treatment_0007,P01-08,0.00794328234724282,3850.463437877706,False
cv_intercept,sentinel1,treatment_0007,P01-08,0.01,3850.4634314445375,False
cv_intercept,sentinel1,treatment_0007,P01-08,0.012589254117941675,3850.4634233457373,False
cv_intercept,sentinel1,treatment_0007,P01-08,0.01584893192461114,3850.4634131500784,False
cv_intercept,sentinel1,treatment_0007,P01-08,0.01995262314968881,3850.463400314705,False
cv_intercept,sentinel1,treatment_0007,P01-08,0.025118864315095822,3850.4633841562436,False
cv_intercept,sentinel1,treatment_0007,P01-08,0.03162277660168379,3850.463363814449,False
cv_intercept,sentinel1,treatment_0007,P01-08,0.039810717055349734,3850.463338206443,False
cv_intercept,sentinel1,treatment_0007,P01-08,0.05011872336272725,3850.4633059691364,False
cv_intercept,sentinel1,treatment_0007,P01-08,0.06309573444801936,3850.463265386773,False
cv_intercept,sentinel1,treatment_0007,P01-08,0.07943282347242822,3850.463214299774,False
cv_intercept,sentinel1,treatment_0007,P01-08,0.1,3850.4631499900793,False
cv_intercept,sentinel1,treatment_0007,P01-08,0.12589254117941676,3850.463069036934,False
cv_intercept,sentinel1,treatment_0007,P01-08,0.15848931924611143,3850.4629671355838,False
cv_intercept,sentinel1,treatment_0007,P01-08,0.19952623149688808,3850.462838869389,False
cv_intercept,sentinel1,treatment_0007,P01-08,0.25118864315095824,3850.4626774235176,False
cv_intercept,sentinel1,treatment_0007,P01-08,0.31622776601683794,3850.462474225445,False
cv_intercept,sentinel1,treatment_0007,P01-08,0.3981071705534973,3850.462218493838,False
cv_intercept,sentinel1,treatment_0007,P01-08,0.5011872336272725,3850.4618966729768,False
cv_intercept,sentinel1,treatment_0007,P01-08,0.6309573444801936,3850.4614917244207,False
cv_intercept,sentinel1,treatment_0007,P01-08,0.7943282347242822,3850.4609822411453,False
cv_intercept,sentinel1,treatment_0007,P01-08,1.0,3850.460341341565,False
cv_intercept,sentinel1,treatment_0007,P01-08,1.2589254117941688,3850.459535291888,False
cv_intercept,sentinel1,treatment_0007,P01-08,1.584893192461114,3850.4585217949902,False
cv_intercept,sentinel1,treatment_0007,P01-08,1.9952623149688788,3850.457247872978,False
cv_intercept,sentinel1,treatment_0007,P01-08,2.5118864315095824,3850.455647259591,False
cv_intercept,sentinel1,treatment_0007,P01-08,3.1622776601683795,3850.4536372091916,False
cv_intercept,sentinel1,treatment_0007,P01-08,3.9810717055349776,3850.451114624369,False
cv_intercept,sentinel1,treatment_0007,P01-08,5.011872336272725,3850.4479514092577,False
cv_intercept,sentinel1,treatment_0007,P01-08,6.309573444801943,3850.443988979319,False
cv_intercept,sentinel1,treatment_0007,P01-08,7.943282347242821,3850.439031914835,False
cv_intercept,sentinel1,treatment_0007,P01-08,10.0,3850.4328408577458,False
cv_intercept,sentinel1,treatment_0007,P01-08,12.589254117941687,3850.425124956171,False
cv_intercept,sentinel1,treatment_0007,P01-08,15.848931924611142,3850.4155345144522,False
cv_intercept,sentinel1,treatment_0007,P01-08,19.95262314968883,3850.4036550949695,False
cv_intercept,sentinel1,treatment_0007,P01-08,25.11886431509582,3850.389005269746,False
cv_intercept,sentinel1,treatment_0007,P01-08,31.622776601683793,3850.371041720603,False
cv_intercept,sentinel1,treatment_0007,P01-08,39.81071705534978,3850.349177695732,False
cv_intercept,sentinel1,treatment_0007,P01-08,50.11872336272725,3850.322824289359,False
cv_intercept,sentinel1,treatment_0007,P01-08,63.09573444801943,3850.291469030944,False
cv_intercept,sentinel1,treatment_0007,P01-08,79.43282347242821,3850.2548132651796,False
cv_intercept,sentinel1,treatment_0007,P01-08,100.0,3850.2129990137273,False
cv_intercept,sentinel1,treatment_0007,P01-08,125.89254117941688,3850.16696711844,False
cv_intercept,sentinel1,treatment_0007,P01-08,158.48931924611142,3850.118999890433,False
cv_intercept,sentinel1,treatment_0007,P01-08,199.5262314968883,3850.0735092110326,False
cv_intercept,sentinel1,treatment_0007,P01-08,251.18864315095823,3850.038126980659,False
cv_intercept,sentinel1,treatment_0007,P01-08,316.22776601683796,3850.0251252497314,True
cv_intercept,sentinel1,treatment_0007,P01-08,398.1071705534977,3850.0531186433095,False
cv_intercept,sentinel1,treatment_0007,P01-08,501.18723362727246,3850.148860332427,False
cv_intercept,sentinel1,treatment_0007,P01-08,630.9573444801943,3850.34872428335,False
cv_intercept,sentinel1,treatment_0007,P01-08,794.3282347242822,3850.6991961070526,False
cv_intercept,sentinel1,treatment_0007,P01-08,1000.0,3851.255466043187,False
cv_intercept,sentinel1,treatment_0007,P01-08,1258.9254117941687,3852.0772094804915,False
cv_intercept,sentinel1,treatment_0007,P01-08,1584.893192461114,3853.221075487146,False
cv_intercept,sentinel1,treatment_0007,P01-08,1995.262314968883,3854.7304072072848,False
cv_intercept,sentinel1,treatment_0007,P01-08,2511.886431509582,3856.6241094332004,False
cv_intercept,sentinel1,treatment_0007,P01-08,3162.2776601683795,3858.887760300384,False
cv_intercept,sentinel1,treatment_0007,P01-08,3981.0717055349774,3861.470225338395,False
cv_intercept,sentinel1,treatment_0007,P01-08,5011.872336272725,3864.2876981216414,False
cv_intercept,sentinel1,treatment_0007,P01-08,6309.573444801943,3867.2346393113876,False
cv_intercept,sentinel1,treatment_0007,P01-08,7943.282347242822,3870.1986834152685,False
cv_intercept,sentinel1,treatment_0007,P01-08,10000.0,3873.075449298758,False
cv_intercept,sentinel1,treatment_0007,P01-09,0.0001,4822.770088194313,False
cv_intercept,sentinel1,treatment_0007,P01-09,0.00012589254117941674,4822.770088147208,False
cv_intercept,sentinel1,treatment_0007,P01-09,0.00015848931924611142,4822.770088087908,False
cv_intercept,sentinel1,treatment_0007,P01-09,0.00019952623149688788,4822.770088013254,False
cv_intercept,sentinel1,treatment_0007,P01-09,0.00025118864315095795,4822.770087919269,False
cv_intercept,sentinel1,treatment_0007,P01-09,0.00031622776601683794,4822.770087800949,False
cv_intercept,sentinel1,treatment_0007,P01-09,0.00039810717055349735,4822.770087651995,False
cv_intercept,sentinel1,treatment_0007,P01-09,0.0005011872336272725,4822.770087464471,False
cv_intercept,sentinel1,treatment_0007,P01-09,0.000630957344480193,4822.770087228392,False
cv_intercept,sentinel1,treatment_0007,P01-09,0.0007943282347242813,4822.770086931187,False
cv_intercept,sentinel1,treatment_0007,P01-09,0.001,4822.770086557029,False
cv_intercept,sentinel1,treatment_0007,P01-09,0.0012589254117941675,4822.770086085993,False
cv_intercept,sentinel1,treatment_0007,P01-09,0.001584893192461114,4822.7700854929935,False
cv_intercept,sentinel1,treatment_0007,P01-09,0.001995262314968879,4822.770084746452,False
cv_intercept,sentinel1,treatment_0007,P01-09,0.002511886431509582,4822.770083806616,False
cv_intercept,sentinel1,treatment_0007,P01-09,0.0031622776601683794,4822.770082623434,False
cv_intercept,sentinel1,treatment_0007,P01-09,0.003981071705534973,4822.770081133904,False
cv_intercept,sentinel1,treatment_0007,P01-09,0.005011872336272725,4822.770079258703,False
cv_intercept,sentinel1,treatment_0007,P01-09,0.00630957344480193,4822.7700768979785,False
cv_intercept,sentinel1,treatment_0007,P01-09,0.00794328234724282,4822.770073926023,False
cv_intercept,sentinel1,treatment_0007,P01-09,0.01,4822.770070184587,False
cv_intercept,sentinel1,treatment_0007,P01-09,0.012589254117941675,4822.77006547445,False
cv_intercept,sentinel1,treatment_0007,P01-09,0.01584893192461114,4822.770059544823,False
cv_intercept,sentinel1,treatment_0007,P01-09,0.01995262314968881,4822.770052079996,False
cv_intercept,sentinel1,treatment_0007,P01-09,0.025118864315095822,4822.770042682547,False
cv_intercept,sentinel1,treatment_0007,P01-09,0.03162277660168379,4822.770030852191,False
cv_intercept,sentinel1,treatment_0007,P01-09,0.039810717055349734,4822.770015959182,False
cv_intercept,sentinel1,treatment_0007,P01-09,0.05011872336272725,4822.76999721083,False
cv_intercept,sentinel1,treatment_0007,P01-09,0.06309573444801936,4822.769973609378,False
cv_intercept,sentinel1,treatment_0007,P01-09,0.07943282347242822,4822.769943899006,False
cv_intercept,sentinel1,treatment_0007,P01-09,0.1,4822.7699064991875,False
cv_intercept,sentinel1,treatment_0007,P01-09,0.12589254117941676,4822.769859420875,False
cv_intercept,sentinel1,treatment_0007,P01-09,0.15848931924611143,4822.76980016114,False
cv_intercept,sentinel1,treatment_0007,P01-09,0.19952623149688808,4822.769725570785,False
cv_intercept,sentinel1,treatment_0007,P01-09,0.25118864315095824,4822.769631688064,False
cv_intercept,sentinel1,treatment_0007,P01-09,0.31622776601683794,4822.769513529952,False
cv_intercept,sentinel1,treatment_0007,P01-09,0.3981071705534973,4822.76936483037,False
cv_intercept,sentinel1,treatment_0007,P01-09,0.5011872336272725,4822.769177712147,False
cv_intercept,sentinel1,treatment_0007,P01-09,0.6309573444801936,4822.768942276518,False
cv_intercept,sentinel1,treatment_0007,P01-09,0.7943282347242822,4822.768646090194,False
cv_intercept,sentinel1,treatment_0007,P01-09,1.0,4822.7682735457765,False
cv_intercept,sentinel1,treatment_0007,P01-09,1.2589254117941688,4822.767805066287,False
cv_intercept,sentinel1,treatment_0007,P01-09,1.584893192461114,4822.767216119124,False
cv_intercept,sentinel1,treatment_0007,P01-09,1.9952623149688788,4822.766475999076,False
cv_intercept,sentinel1,treatment_0007,P01-09,2.5118864315095824,4822.7655463347555,False
cv_intercept,sentinel1,treatment_0007,P01-09,3.1622776601683795,4822.764379269244,False
cv_intercept,sentinel1,treatment_0007,P01-09,3.9810717055349776,4822.762915265899,False
cv_intercept,sentinel1,treatment_0007,P01-09,5.011872336272725,4822.761080497991,False
cv_intercept,sentinel1,treatment_0007,P01-09,6.309573444801943,4822.7587838020745,False
cv_intercept,sentinel1,treatment_0007,P01-09,7.943282347242821,4822.755913219895,False
cv_intercept,sentinel1,treatment_0007,P01-09,10.0,4822.752332238329,False
cv_intercept,sentinel1,treatment_0007,P01-09,12.589254117941687,4822.7478759868245,False
cv_intercept,sentinel1,treatment_0007,P01-09,15.848931924611142,4822.742347907369,False
cv_intercept,sentinel1,treatment_0007,P01-09,19.95262314968883,4822.735517834794,False
cv_intercept,sentinel1,treatment_0007,P01-09,25.11886431509582,4822.72712310941,False
cv_intercept,sentinel1,treatment_0007,P01-09,31.622776601683793,4822.716875428914,False
cv_intercept,sentinel1,treatment_0007,P01-09,39.81071705534978,4822.704477835203,False
cv_intercept,sentinel1,treatment_0007,P01-09,50.11872336272725,4822.689658806969,False
cv_intercept,sentinel1,treatment_0007,P01-09,63.09573444801943,4822.672234267603,False
cv_intercept,sentinel1,treatment_0007,P01-09,79.43282347242821,4822.652213879532,False
cv_intercept,sentinel1,treatment_0007,P01-09,100.0,4822.629975760021,False
cv_intercept,sentinel1,treatment_0007,P01-09,125.89254117941688,4822.606544038938,False
cv_intercept,sentinel1,treatment_0007,P01-09,158.48931924611142,4822.584016249279,False
cv_intercept,sentinel1,treatment_0007,P01-09,199.5262314968883,4822.566200845992,False
cv_intercept,sentinel1,treatment_0007,P01-09,251.18864315095823,4822.559535045243,True
cv_intercept,sentinel1,treatment_0007,P01-09,316.22776601683796,4822.574351082737,False
cv_intercept,sentinel1,treatment_0007,P01-09,398.1071705534977,4822.626529836056,False
cv_intercept,sentinel1,treatment_0007,P01-09,501.18723362727246,4822.739502091563,False
cv_intercept,sentinel1,treatment_0007,P01-09,630.9573444801943,4822.946403090647,False
cv_intercept,sentinel1,treatment_0007,P01-09,794.3282347242822,4823.2919375644915,False
cv_intercept,sentinel1,treatment_0007,P01-09,1000.0,4823.83318818302,False
cv_intercept,sentinel1,treatment_0007,P01-09,1258.9254117941687,4824.638293224854,False
cv_intercept,sentinel1,treatment_0007,P01-09,1584.893192461114,4825.781827681156,False
cv_intercept,sentinel1,treatment_0007,P01-09,1995.262314968883,4827.336121235889,False
cv_intercept,sentinel1,treatment_0007,P01-09,2511.886431509582,4829.358844574005,False
cv_intercept,sentinel1,treatment_0007,P01-09,3162.2776601683795,4831.87888034041,False
cv_intercept,sentinel1,treatment_0007,P01-09,3981.0717055349774,4834.884136147438,False
cv_intercept,sentinel1,treatment_0007,P01-09,5011.872336272725,4838.315543854231,False
cv_intercept,sentinel1,treatment_0007,P01-09,6309.573444801943,4842.070241394029,False
cv_intercept,sentinel1,treatment_0007,P01-09,7943.282347242822,4846.014034639565,False
cv_intercept,sentinel1,treatment_0007,P01-09,10000.0,4849.999991002898,False
cv_intercept,sentinel1,treatment_0008,P01-08,0.0001,3744.800527042795,False
cv_intercept,sentinel1,treatment_0008,P01-08,0.00012589254117941674,3744.8005269909654,False
cv_intercept,sentinel1,treatment_0008,P01-08,0.00015848931924611142,3744.800526925718,False
cv_intercept,sentinel1,treatment_0008,P01-08,0.00019952623149688788,3744.8005268435754,False
cv_intercept,sentinel1,treatment_0008,P01-08,0.00025118864315095795,3744.800526740164,False
cv_intercept,sentinel1,treatment_0008,P01-08,0.00031622776601683794,3744.800526609977,False
cv_intercept,sentinel1,treatment_0008,P01-08,0.00039810717055349735,3744.8005264460826,False
cv_intercept,sentinel1,treatment_0008,P01-08,0.0005011872336272725,3744.80052623975,False
cv_intercept,sentinel1,treatment_0008,P01-08,0.000630957344480193,3744.8005259799934,False
cv_intercept,sentinel1,treatment_0008,P01-08,0.0007943282347242813,3744.8005256529786,False
cv_intercept,sentinel1,treatment_0008,P01-08,0.001,3744.8005252412936,False
cv_intercept,sentinel1,treatment_0008,P01-08,0.0012589254117941675,3744.8005247230108,False
cv_intercept,sentinel1,treatment_0008,P01-08,0.001584893192461114,3744.8005240705334,False
cv_intercept,sentinel1,treatment_0008,P01-08,0.001995262314968879,3744.8005232491128,False
cv_intercept,sentinel1,treatment_0008,P01-08,0.002511886431509582,3744.8005222150073,False
cv_intercept,sentinel1,treatment_0008,P01-08,0.0031622776601683794,3744.800520913147,False
cv_intercept,sentinel1,treatment_0008,P01-08,0.003981071705534973,3744.8005192742053,False
cv_intercept,sentinel1,treatment_0008,P01-08,0.005011872336272725,3744.800517210904,False
cv_intercept,sentinel1,treatment_0008,P01-08,0.00630957344480193,3744.8005146133705,False
cv_intercept,sentinel1,treatment_0008,P01-08,0.00794328234724282,3744.800511343281,False
cv_intercept,sentinel1,treatment_0008,P01-08,0.01,3744.8005072265,False
cv_intercept,sentinel1,treatment_0008,P01-08,0.012589254117941675,3744.8005020438104,False
cv_intercept,sentinel1,treatment_0008,P01-08,0.01584893192461114,3744.800495519237,False
cv_intercept,sentinel1,treatment_0008,P01-08,0.01995262314968881,3744.800487305361,False
cv_intercept,sentinel1,treatment_0008,P01-08,0.025118864315095822,3744.800476964822,False
cv_intercept,sentinel1,treatment_0008,P01-08,0.03162277660168379,3744.800463947041,False
cv_intercept,sentinel1,treatment_0008,P01-08,0.039810717055349734,3744.8004475589237,False
cv_intercept,sentinel1,treatment_0008,P01-08,0.05011872336272725,3744.8004269279763,False
cv_intercept,sentinel1,treatment_0008,P01-08,0.06309573444801936,3744.8004009558986,False
cv_intercept,sentinel1,treatment_0008,P01-08,0.07943282347242822,3744.800368260171,False
cv_intercept,sentinel1,treatment_0008,P01-08,0.1,3744.800327100562,False
cv_intercept,sentinel1,treatment_0008,P01-08,0.12589254117941676,3744.8002752866532,False
cv_intercept,sentinel1,treatment_0008,P01-08,0.15848931924611143,3744.800210061511,False
cv_intercept,sentinel1,treatment_0008,P01-08,0.19952623149688808,3744.8001279553773,False
cv_intercept,sentinel1,treatment_0008,P01-08,0.25118864315095824,3744.800024601695,False
cv_intercept,sentinel1,treatment_0008,P01-08,0.31622776601683794,3744.799894505842,False
cv_intercept,sentinel1,treatment_0008,P01-08,0.3981071705534973,3744.79973075454,False
cv_intercept,sentinel1,treatment_0008,P01-08,0.5011872336272725,3744.799524650886,False
cv_intercept,sentinel1,treatment_0008,P01-08,0.6309573444801936,3744.799265256267,False
cv_intercept,sentinel1,treatment_0008,P01-08,0.7943282347242822,3744.798938815853,False
cv_intercept,sentinel1,treatment_0008,P01-08,1.0,3744.79852803878,False
cv_intercept,sentinel1,treatment_0008,P01-08,1.2589254117941688,3744.798011197445,False
cv_intercept,sentinel1,treatment_0008,P01-08,1.584893192461114,3744.7973610022327,False
cv_intercept,sentinel1,treatment_0008,P01-08,1.9952623149688788,3744.7965431985926,False
cv_intercept,sentinel1,treatment_0008,P01-08,2.5118864315095824,3744.7955148225114,False
cv_intercept,sentinel1,treatment_0008,P01-08,3.1622776601683795,3744.7942220385175,False
cv_intercept,sentinel1,treatment_0008,P01-08,3.9810717055349776,3744.7925974718996,False
cv_intercept,sentinel1,treatment_0008,P01-08,5.011872336272725,3744.7905569353725,False
cv_intercept,sentinel1,treatment_0008,P01-08,6.309573444801943,3744.7879954423647,False
cv_intercept,sentinel1,treatment_0008,P01-08,7.943282347242821,3744.784782399016,False
cv_intercept,sentinel1,treatment_0008,P01-08,10.0,3744.7807558822997,False
cv_intercept,sentinel1,treatment_0008,P01-08,12.589254117941687,3744.77571595466,False
cv_intercept,sentinel1,treatment_0008,P01-08,15.848931924611142,3744.7694170556642,False
cv_intercept,sentinel1,treatment_0008,P01-08,19.95262314968883,3744.7615596785986,False
cv_intercept,sentinel1,treatment_0008,P01-08,25.11886431509582,3744.7517818304414,False
cv_intercept,sentinel1,treatment_0008,P01-08,31.622776601683793,3744.7396512542437,False
cv_intercept,sentinel1,treatment_0008,P01-08,39.81071705534978,3744.724660158664,False
cv_intercept,sentinel1,treatment_0008,P01-08,50.11872336272725,3744.706225377074,False
cv_intercept,sentinel1,treatment_0008,P01-08,63.09573444801943,3744.6836986249555,False
cv_intercept,sentinel1,treatment_0008,P01-08,79.43282347242821,3744.656394004266,False
cv_intercept,sentinel1,treatment_0008,P01-08,100.0,3744.6236432324913,False
cv_intercept,sentinel1,treatment_0008,P01-08,125.89254117941688,3744.5848931887695,False
cv_intercept,sentinel1,treatment_0008,P01-08,158.48931924611142,3744.5398647855336,False
cv_intercept,sentinel1,treatment_0008,P01-08,199.5262314968883,3744.4887955860722,False
cv_intercept,sentinel1,treatment_0008,P01-08,251.18864315095823,3744.4327883175188,False
cv_intercept,sentinel1,treatment_0008,P01-08,316.22776601683796,3744.374278869559,False
cv_intercept,sentinel1,treatment_0008,P01-08,398.1071705534977,3744.3176139127745,False
cv_intercept,sentinel1,treatment_0008,P01-08,501.18723362727246,3744.26968269528,False
cv_intercept,sentinel1,treatment_0008,P01-08,630.9573444801943,3744.2404763435798,True
cv_intercept,sentinel1,treatment_0008,P01-08,794.3282347242822,3744.243359467042,False
cv_intercept,sentinel1,treatment_0008,P01-08,1000.0,3744.294763715411,False
cv_intercept,sentinel1,treatment_0008,P01-08,1258.9254117941687,3744.4130089732944,False
cv_intercept,sentinel1,treatment_0008,P01-08,1584.893192461114,3744.6160950200824,False
cv_intercept,sentinel1,treatment_0008,P01-08,1995.262314968883,3744.9186205050305,False
cv_intercept,sentinel1,treatment_0008,P01-08,2511.886431509582,3745.328414245411,False
cv_intercept,sentinel1,treatment_0008,P01-08,3162.2776601683795,3745.843816173288,False
cv_intercept,sentinel1,treatment_0008,P01-08,3981.0717055349774,3746.4525772980305,False
cv_intercept,sentinel1,treatment_0008,P01-08,5011.872336272725,3747.132932040956,False
cv_intercept,sentinel1,treatment_0008,P01-08,6309.573444801943,3747.8566659040616,False
cv_intercept,sentinel1,treatment_0008,P01-08,7943.282347242822,3748.5933124255885,False
cv_intercept,sentinel1,treatment_0008,P01-08,10000.0,3749.3143119776914,False
cv_intercept,sentinel1,treatment_0008,P01-09,0.0001,4692.652101450809,False
cv_intercept,sentinel1,treatment_0008,P01-09,0.00012589254117941674,4692.652101415176,False
cv_intercept,sentinel1,treatment_0008,P01-09,0.00015848931924611142,4692.652101370316,False
cv_intercept,sentinel1,treatment_0008,P01-09,0.00019952623149688788,4692.652101313841,False
cv_intercept,sentinel1,treatment_0008,P01-09,0.00025118864315095795,4692.652101242742,False
cv_intercept,sentinel1,treatment_0008,P01-09,0.00031622776601683794,4692.652101153235,False
cv_intercept,sentinel1,treatment_0008,P01-09,0.00039810717055349735,4692.65210104055,False
cv_intercept,sentinel1,treatment_0008,P01-09,0.0005011872336272725,4692.652100898691,False
cv_intercept,sentinel1,treatment_0008,P01-09,0.000630957344480193,4692.6521007201,False
cv_intercept,sentinel1,treatment_0008,P01-09,0.0007943282347242813,4692.6521004952665,False
cv_intercept,sentinel1,treatment_0008,P01-09,0.001,4692.652100212219,False
cv_intercept,sentinel1,treatment_0008,P01-09,0.0012589254117941675,4692.652099855883,False
cv_intercept,sentinel1,treatment_0008,P01-09,0.001584893192461114,4692.652099407283,False
cv_intercept,sentinel1,treatment_0008,P01-09,0.001995262314968879,4692.652098842529,False
cv_intercept,sentinel1,treatment_0008,P01-09,0.002511886431509582,4692.652098131548,False
cv_intercept,sentinel1,treatment_0008,P01-09,0.0031622776601683794,4692.652097236476,False
cv_intercept,sentinel1,treatment_0008,P01-09,0.003981071705534973,4692.652096109649,False
cv_intercept,sentinel1,treatment_0008,P01-09,0.005011872336272725,4692.652094691061,False
cv_intercept,sentinel1,treatment_0008,P01-09,0.00630957344480193,4692.65209290517,False
cv_intercept,sentinel1,treatment_0008,P01-09,0.00794328234724282,4692.652090656875,False
cv_intercept,sentinel1,treatment_0008,P01-09,0.01,4692.652087826451,False
cv_intercept,sentinel1,treatment_0008,P01-09,0.012589254117941675,4692.652084263178,False
cv_intercept,sentinel1,treatment_0008,P01-09,0.01584893192461114,4692.652079777313,False
cv_intercept,sentinel1,treatment_0008,P01-09,0.01995262314968881,4692.652074129993,False
cv_intercept,sentinel1,treatment_0008,P01-09,0.025118864315095822,4692.652067020517,False
cv_intercept,sentinel1,treatment_0008,P01-09,0.03162277660168379,4692.652058070341,False
cv_intercept,sentinel1,treatment_0008,P01-09,0.039810717055349734,4692.652046802932,False
cv_intercept,sentinel1,treatment_0008,P01-09,0.05011872336272725,4692.6520326184145,False
cv_intercept,sentinel1,treatment_0008,P01-09,0.06309573444801936,4692.6520147616575,False
cv_intercept,sentinel1,treatment_0008,P01-09,0.07943282347242822,4692.651992282112,False
cv_intercept,sentinel1,treatment_0008,P01-09,0.1,4692.651963983276,False
cv_intercept,sentinel1,treatment_0008,P01-09,0.12589254117941676,4692.65192835911,False
cv_intercept,sentinel1,treatment_0008,P01-09,0.15848931924611143,4692.651883514045,False
cv_intercept,sentinel1,treatment_0008,P01-09,0.19952623149688808,4692.65182706237,False
cv_intercept,sentinel1,treatment_0008,P01-09,0.25118864315095824,4692.651756001718,False
cv_intercept,sentinel1,treatment_0008,P01-09,0.31622776601683794,4692.651666554007,False
cv_intercept,sentinel1,treatment_0008,P01-09,0.3981071705534973,4692.651553965585,False
cv_intercept,sentinel1,treatment_0008,P01-09,0.5011872336272725,4692.651412256177,False
cv_intercept,sentinel1,treatment_0008,P01-09,0.6309573444801936,4692.651233903754,False
cv_intercept,sentinel1,treatment_0008,P01-09,0.7943282347242822,4692.651009449246,False
cv_intercept,sentinel1,treatment_0008,P01-09,1.0,4692.650727001179,False
cv_intercept,sentinel1,treatment_0008,P01-09,1.2589254117941688,4692.650371615674,False
cv_intercept,sentinel1,treatment_0008,P01-09,1.584893192461114,4692.649924521633,False
cv_intercept,sentinel1,treatment_0008,P01-09,1.9952623149688788,4692.6493621543605,False
cv_intercept,sentinel1,treatment_0008,P01-09,2.5118864315095824,4692.648654953284,False
cv_intercept,sentinel1,treatment_0008,P01-09,3.1622776601683795,4692.647765871027,False
cv_intercept,sentinel1,treatment_0008,P01-09,3.9810717055349776,4692.646648532217,False
cv_intercept,sentinel1,treatment_0008,P01-09,5.011872336272725,4692.645244972047,False
cv_intercept,sentinel1,treatment_0008,P01-09,6.309573444801943,4692.643482878378,False
cv_intercept,sentinel1,treatment_0008,P01-09,7.943282347242821,4692.641272260062,False
cv_intercept,sentinel1,treatment_0008,P01-09,10.0,4692.638501473248,False
cv_intercept,sentinel1,treatment_0008,P01-09,12.589254117941687,4692.635032565049,False
cv_intercept,sentinel1,treatment_0008,P01-09,15.848931924611142,4692.630695953508,False
cv_intercept,sentinel1,treatment_0008,P01-09,19.95262314968883,4692.625284575512,False
cv_intercept,sentinel1,treatment_0008,P01-09,25.11886431509582,4692.618547832815,False
cv_intercept,sentinel1,treatment_0008,P01-09,31.622776601683793,4692.6101859998735,False
cv_intercept,sentinel1,treatment_0008,P01-09,39.81071705534978,4692.599846297826,False
cv_intercept,sentinel1,treatment_0008,P01-09,50.11872336272725,4692.587122688501,False
cv_intercept,sentinel1,treatment_0008,P01-09,63.09573444801943,4692.571562737143,False
cv_intercept,sentinel1,treatment_0008,P01-09,79.43282347242821,4692.55268680115,False
cv_intercept,sentinel1,treatment_0008,P01-09,100.0,4692.530027503501,False
cv_intercept,sentinel1,treatment_0008,P01-09,125.89254117941688,4692.503201071721,False
cv_intercept,sentinel1,treatment_0008,P01-09,158.48931924611142,4692.4720266062,False
cv_intercept,sentinel1,treatment_0008,P01-09,199.5262314968883,4692.436714175703,False
cv_intercept,sentinel1,treatment_0008,P01-09,251.18864315095823,4692.398146427147,False
cv_intercept,sentinel1,treatment_0008,P01-09,316.22776601683796,4692.358278237542,False
cv_intercept,sentinel1,treatment_0008,P01-09,398.1071705534977,4692.320669758114,False
cv_intercept,sentinel1,treatment_0008,P01-09,501.18723362727246,4692.291142559729,False
cv_intercept,sentinel1,treatment_0008,P01-09,630.9573444801943,4692.278497980079,True
cv_intercept,sentinel1,treatment_0008,P01-09,794.3282347242822,4692.295156127544,False
cv_intercept,sentinel1,treatment_0008,P01-09,1000.0,4692.357470773015,False
cv_intercept,sentinel1,treatment_0008,P01-09,1258.9254117941687,4692.485381936782,False
cv_intercept,sentinel1,treatment_0008,P01-09,1584.893192461114,4692.70104939733,False
cv_intercept,sentinel1,treatment_0008,P01-09,1995.262314968883,4693.026251142012,False
cv_intercept,sentinel1,treatment_0008,P01-09,2511.886431509582,4693.478684966027,False
cv_intercept,sentinel1,treatment_0008,P01-09,3162.2776601683795,4694.067824699141,False
cv_intercept,sentinel1,treatment_0008,P01-09,3981.0717055349774,4694.791444200589,False
cv_intercept,sentinel1,treatment_0008,P01-09,5011.872336272725,4695.634030862158,False
cv_intercept,sentinel1,treatment_0008,P01-09,6309.573444801943,4696.56787114063,False
cv_intercept,sentinel1,treatment_0008,P01-09,7943.282347242822,4697.556714647366,False
cv_intercept,sentinel1,treatment_0008,P01-09,10000.0,4698.561024327899,False
cv_intercept,sentinel1,treatment_0009,P01-08,0.0001,7702.496598285141,False
cv_intercept,sentinel1,treatment_0009,P01-08,0.00012589254117941674,7702.496598258678,False
cv_intercept,sentinel1,treatment_0009,P01-08,0.00015848931924611142,7702.496598225366,False
cv_intercept,sentinel1,treatment_0009,P01-08,0.00019952623149688788,7702.4965981834275,False
cv_intercept,sentinel1,treatment_0009,P01-08,0.00025118864315095795,7702.49659813063,False
cv_intercept,sentinel1,treatment_0009,P01-08,0.00031622776601683794,7702.49659806416,False
cv_intercept,sentinel1,treatment_0009,P01-08,0.00039810717055349735,7702.496597980481,False
cv_intercept,sentinel1,treatment_0009,P01-08,0.0005011872336272725,7702.496597875137,False
cv_intercept,sentinel1,treatment_0009,P01-08,0.000630957344480193,7702.4965977425145,False
cv_intercept,sentinel1,treatment_0009,P01-08,0.0007943282347242813,7702.496597575552,False
cv_intercept,sentinel1,treatment_0009,P01-08,0.001,7702.4965973653625,False
cv_intercept,sentinel1,treatment_0009,P01-08,0.0012589254117941675,7702.496597100746,False
cv_intercept,sentinel1,treatment_0009,P01-08,0.001584893192461114,7702.496596767616,False
cv_intercept,sentinel1,treatment_0009,P01-08,0.001995262314968879,7702.49659634823,False
cv_intercept,sentinel1,treatment_0009,P01-08,0.002511886431509582,7702.496595820256,False
cv_intercept,sentinel1,treatment_0009,P01-08,0.0031622776601683794,7702.496595155577,False
cv_intercept,sentinel1,treatment_0009,P01-08,0.003981071705534973,7702.496594318798,False
cv_intercept,sentinel1,treatment_0009,P01-08,0.005011872336272725,7702.496593265359,False
cv_intercept,sentinel1,treatment_0009,P01-08,0.00630957344480193,7702.496591939163,False
cv_intercept,sentinel1,treatment_0009,P01-08,0.00794328234724282,7702.496590269591,False
cv_intercept,sentinel1,treatment_0009,P01-08,0.01,7702.496588167739,False
cv_intercept,sentinel1,treatment_0009,P01-08,0.012589254117941675,7702.496585521689,False
cv_intercept,sentinel1,treatment_0009,P01-08,0.01584893192461114,7702.4965821905425,False
cv_intercept,sentinel1,treatment_0009,P01-08,0.01995262314968881,7702.496577996936,False
cv_intercept,sentinel1,treatment_0009,P01-08,0.025118864315095822,7702.496572717589,False
cv_intercept,sentinel1,treatment_0009,P01-08,0.03162277660168379,7702.496566071429,False
cv_intercept,sentinel1,treatment_0009,P01-08,0.039810717055349734,7702.496557704641,False
cv_intercept,sentinel1,treatment_0009,P01-08,0.05011872336272725,7702.496547171841,False
cv_intercept,sentinel1,treatment_0009,P01-08,0.06309573444801936,7702.496533912405,False
cv_intercept,sentinel1,treatment_0009,P01-08,0.07943282347242822,7702.496517220677,False
cv_intercept,sentinel1,treatment_0009,P01-08,0.1,7702.496496208481,False
cv_intercept,sentinel1,treatment_0009,P01-08,0.12589254117941676,7702.496469757983,False
cv_intercept,sentinel1,treatment_0009,P01-08,0.15848931924611143,7702.4964364624075,False
cv_intercept,sentinel1,treatment_0009,P01-08,0.19952623149688808,7702.496394551515,False
cv_intercept,sentinel1,treatment_0009,P01-08,0.25118864315095824,7702.496341797942,False
cv_intercept,sentinel1,treatment_0009,P01-08,0.31622776601683794,7702.496275399573,False
cv_intercept,sentinel1,treatment_0009,P01-08,0.3981071705534973,7702.496191831877,False
cv_intercept,sentinel1,treatment_0009,P01-08,0.5011872336272725,7702.4960866626625,False
cv_intercept,sentinel1,treatment_0009,P01-08,0.6309573444801936,7702.495954319966,False
cv_intercept,sentinel1,treatment_0009,P01-08,0.7943282347242822,7702.495787801502,False
cv_intercept,sentinel1,treatment_0009,P01-08,1.0,7702.495578311575,False
cv_intercept,sentinel1,treatment_0009,P01-08,1.2589254117941688,7702.495314808192,False
cv_intercept,sentinel1,treatment_0009,P01-08,1.584893192461114,7702.494983439648,False
cv_intercept,sentinel1,treatment_0009,P01-08,1.9952623149688788,7702.494566845826,False
cv_intercept,sentinel1,treatment_0009,P01-08,2.5118864315095824,7702.494043295402,False
cv_intercept,sentinel1,treatment_0009,P01-08,3.1622776601683795,7702.493385626272,False
cv_intercept,sentinel1,treatment_0009,P01-08,3.9810717055349776,7702.492559953705,False
cv_intercept,sentinel1,treatment_0009,P01-08,5.011872336272725,7702.4915241105455,False
cv_intercept,sentinel1,treatment_0009,P01-08,6.309573444801943,7702.490225788711,False
cv_intercept,sentinel1,treatment_0009,P01-08,7.943282347242821,7702.488600365486,False
cv_intercept,sentinel1,treatment_0009,P01-08,10.0,7702.486568428875,False
cv_intercept,sentinel1,treatment_0009,P01-08,12.589254117941687,7702.484033074739,False
cv_intercept,sentinel1,treatment_0009,P01-08,15.848931924611142,7702.480877152982,False
cv_intercept,sentinel1,treatment_0009,P01-08,19.95262314968883,7702.476960819255,False
cv_intercept,sentinel1,treatment_0009,P01-08,25.11886431509582,7702.472120047564,False
cv_intercept,sentinel1,treatment_0009,P01-08,31.622776601683793,7702.46616724682,False
cv_intercept,sentinel1,treatment_0009,P01-08,39.81071705534978,7702.4588959058265,False
cv_intercept,sentinel1,treatment_0009,P01-08,50.11872336272725,7702.450092423083,False
cv_intercept,sentinel1,treatment_0009,P01-08,63.09573444801943,7702.439560187283,False
cv_intercept,sentinel1,treatment_0009,P01-08,79.43282347242821,7702.427163882354,False
cv_intercept,sentinel1,treatment_0009,P01-08,100.0,7702.412906326938,False
cv_intercept,sentinel1,treatment_0009,P01-08,125.89254117941688,7702.397056457019,False
cv_intercept,sentinel1,treatment_0009,P01-08,158.48931924611142,7702.38035590142,False
cv_intercept,sentinel1,treatment_0009,P01-08,199.5262314968883,7702.364343423675,False
cv_intercept,sentinel1,treatment_0009,P01-08,251.18864315095823,7702.351851198027,False
cv_intercept,sentinel1,treatment_0009,P01-08,316.22776601683796,7702.347742970277,True
cv_intercept,sentinel1,treatment_0009,P01-08,398.1071705534977,7702.359977361855,False
cv_intercept,sentinel1,treatment_0009,P01-08,501.18723362727246,7702.4010807446,False
cv_intercept,sentinel1,treatment_0009,P01-08,630.9573444801943,7702.490086647268,False
cv_intercept,sentinel1,treatment_0009,P01-08,794.3282347242822,7702.654916902855,False
cv_intercept,sentinel1,treatment_0009,P01-08,1000.0,7702.935011545558,False
cv_intercept,sentinel1,treatment_0009,P01-08,1258.9254117941687,7703.38373360791,False
cv_intercept,sentinel1,treatment_0009,P01-08,1584.893192461114,7704.069690228289,False
cv_intercept,sentinel1,treatment_0009,P01-08,1995.262314968883,7705.075712804226,False
cv_intercept,sentinel1,treatment_0009,P01-08,2511.886431509582,7706.494041201509,False
cv_intercept,sentinel1,treatment_0009,P01-08,3162.2776601683795,7708.4165881315075,False
cv_intercept,sentinel1,treatment_0009,P01-08,3981.0717055349774,7710.92031939142,False
cv_intercept,sentinel1,treatment_0009,P01-08,5011.872336272725,7714.049754917154,False
cv_intercept,sentinel1,treatment_0009,P01-08,6309.573444801943,7717.800747733016,False
cv_intercept,sentinel1,treatment_0009,P01-08,7943.282347242822,7722.1108428530515,False
cv_intercept,sentinel1,treatment_0009,P01-08,10000.0,7726.860531738819,False
cv_intercept,sentinel1,treatment_0009,P01-09,0.0001,8666.13289557759,False
cv_intercept,sentinel1,treatment_0009,P01-09,0.00012589254117941674,8666.132895555673,False
cv_intercept,sentinel1,treatment_0009,P01-09,0.00015848931924611142,8666.132895528075,False
cv_intercept,sentinel1,treatment_0009,P01-09,0.00019952623149688788,8666.132895493336,False
cv_intercept,sentinel1,treatment_0009,P01-09,0.00025118864315095795,8666.132895449602,False
cv_intercept,sentinel1,treatment_0009,P01-09,0.00031622776601683794,8666.132895394541,False
cv_intercept,sentinel1,treatment_0009,P01-09,0.00039810717055349735,8666.132895325225,False
cv_intercept,sentinel1,treatment_0009,P01-09,0.0005011872336272725,8666.132895237963,False
cv_intercept,sentinel1,treatment_0009,P01-09,0.000630957344480193,8666.132895128103,False
cv_intercept,sentinel1,treatment_0009,P01-09,0.0007943282347242813,8666.132894989802,False
cv_intercept,sentinel1,treatment_0009,P01-09,0.001,8666.132894815688,False
cv_intercept,sentinel1,treatment_0009,P01-09,0.0012589254117941675,8666.132894596492,False
cv_intercept,sentinel1,treatment_0009,P01-09,0.001584893192461114,8666.132894320543,False
cv_intercept,sentinel1,treatment_0009,P01-09,0.001995262314968879,8666.132893973143,False
cv_intercept,sentinel1,treatment_0009,P01-09,0.002511886431509582,8666.132893535792,False
cv_intercept,sentinel1,treatment_0009,P01-09,0.0031622776601683794,8666.132892985204,False
cv_intercept,sentinel1,treatment_0009,P01-09,0.003981071705534973,8666.132892292055,False
cv_intercept,sentinel1,treatment_0009,P01-09,0.005011872336272725,8666.132891419433,False
cv_intercept,sentinel1,treatment_0009,P01-09,0.00630957344480193,8666.132890320872,False
cv_intercept,sentinel1,treatment_0009,P01-09,0.00794328234724282,8666.132888937876,False
cv_intercept,sentinel1,treatment_0009,P01-09,0.01,8666.132887196798,False
cv_intercept,sentinel1,treatment_0009,P01-09,0.012589254117941675,8666.132885004929,False
cv_intercept,sentinel1,treatment_0009,P01-09,0.01584893192461114,8666.132882245558,False
cv_intercept,sentinel1,treatment_0009,P01-09,0.01995262314968881,8666.132878771765,False
cv_intercept,sentinel1,treatment_0009,P01-09,0.025118864315095822,8666.13287439859,False
cv_intercept,sentinel1,treatment_0009,P01-09,0.03162277660168379,8666.13286889321,False
cv_intercept,sentinel1,treatment_0009,P01-09,0.039810717055349734,8666.132861962531,False
cv_intercept,sentinel1,treatment_0009,P01-09,0.05011872336272725,8666.132853237621,False
cv_intercept,sentinel1,treatment_0009,P01-09,0.06309573444801936,8666.132842254081,False
cv_intercept,sentinel1,treatment_0009,P01-09,0.07943282347242822,8666.132828427368,False
cv_intercept,sentinel1,treatment_0009,P01-09,0.1,8666.132811021744,False
cv_intercept,sentinel1,treatment_0009,P01-09,0.12589254117941676,8666.132789111234,False
cv_intercept,sentinel1,treatment_0009,P01-09,0.15848931924611143,8666.132761530496,False
cv_intercept,sentinel1,treatment_0009,P01-09,0.19952623149688808,8666.132726813103,False
cv_intercept,sentinel1,treatment_0009,P01-09,0.25118864315095824,8666.132683113934,False
cv_intercept,sentinel1,treatment_0009,P01-09,0.31622776601683794,8666.132628111738,False
cv_intercept,sentinel1,treatment_0009,P01-09,0.3981071705534973,8666.132558886764,False
cv_intercept,sentinel1,treatment_0009,P01-09,0.5011872336272725,8666.132471767312,False
cv_intercept,sentinel1,treatment_0009,P01-09,0.6309573444801936,8666.132362137363,False
cv_intercept,sentinel1,treatment_0009,P01-09,0.7943282347242822,8666.132224195831,False
cv_intercept,sentinel1,treatment_0009,P01-09,1.0,8666.132050655628,False
cv_intercept,sentinel1,treatment_0009,P01-09,1.2589254117941688,8666.131832368279,False
cv_intercept,sentinel1,treatment_0009,P01-09,1.584893192461114,8666.131557856825,False
cv_intercept,sentinel1,treatment_0009,P01-09,1.9952623149688788,8666.131212736447,False
cv_intercept,sentinel1,treatment_0009,P01-09,2.5118864315095824,8666.130778998824,False
cv_intercept,sentinel1,treatment_0009,P01-09,3.1622776601683795,8666.130234132917,False
cv_intercept,sentinel1,treatment_0009,P01-09,3.9810717055349776,8666.129550052527,False
cv_intercept,sentinel1,treatment_0009,P01-09,5.011872336272725,8666.128691800539,False
cv_intercept,sentinel1,treatment_0009,P01-09,6.309573444801943,8666.127616003703,False
cv_intercept,sentinel1,treatment_0009,P01-09,7.943282347242821,8666.12626906314,False
cv_intercept,sentinel1,treatment_0009,P01-09,10.0,8666.124585090727,False
cv_intercept,sentinel1,treatment_0009,P01-09,12.589254117941687,8666.12248364918,False
cv_intercept,sentinel1,treatment_0009,P01-09,15.848931924611142,8666.11986743913,False
cv_intercept,sentinel1,treatment_0009,P01-09,19.95262314968883,8666.116620223624,False
cv_intercept,sentinel1,treatment_0009,P01-09,25.11886431509582,8666.11260552665,False
cv_intercept,sentinel1,treatment_0009,P01-09,31.622776601683793,8666.107667045377,False
cv_intercept,sentinel1,treatment_0009,P01-09,39.81071705534978,8666.101632364283,False
cv_intercept,sentinel1,treatment_0009,P01-09,50.11872336272725,8666.094322586836,False
cv_intercept,sentinel1,treatment_0009,P01-09,63.09573444801943,8666.085572102933,False
cv_intercept,sentinel1,treatment_0009,P01-09,79.43282347242821,8666.075265170497,False
cv_intercept,sentinel1,treatment_0009,P01-09,100.0,8666.063399696497,False
cv_intercept,sentinel1,treatment_0009,P01-09,125.89254117941688,8666.050194064324,False
cv_intercept,sentinel1,treatment_0009,P01-09,158.48931924611142,8666.036260672354,False
cv_intercept,sentinel1,treatment_0009,P01-09,199.5262314968883,8666.022880607288,False
cv_intercept,sentinel1,treatment_0009,P01-09,251.18864315095823,8666.01242786112,False
cv_intercept,sentinel1,treatment_0009,P01-09,316.22776601683796,8666.009008093519,True
cv_intercept,sentinel1,treatment_0009,P01-09,398.1071705534977,8666.019393502163,False
cv_intercept,sentinel1,treatment_0009,P01-09,501.18723362727246,8666.054345393648,False
cv_intercept,sentinel1,treatment_0009,P01-09,630.9573444801943,8666.130406653416,False
cv_intercept,sentinel1,treatment_0009,P01-09,794.3282347242822,8666.272195635831,False
cv_intercept,sentinel1,treatment_0009,P01-09,1000.0,8666.515109786553,False
cv_intercept,sentinel1,treatment_0009,P01-09,1258.9254117941687,8666.908117275469,False
cv_intercept,sentinel1,treatment_0009,P01-09,1584.893192461114,8667.51596088375,False
cv_intercept,sentinel1,treatment_0009,P01-09,1995.262314968883,8668.419660047826,False
cv_intercept,sentinel1,treatment_0009,P01-09,2511.886431509582,8669.71382393473,False
cv_intercept,sentinel1,treatment_0009,P01-09,3162.2776601683795,8671.49927126906,False
cv_intercept,sentinel1,treatment_0009,P01-09,3981.0717055349774,8673.870160356868,False
cv_intercept,sentinel1,treatment_0009,P01-09,5011.872336272725,8676.896487757262,False
cv_intercept,sentinel1,treatment_0009,P01-09,6309.573444801943,8680.60514595319,False
cv_intercept,sentinel1,treatment_0009,P01-09,7943.282347242822,8684.964766149043,False
cv_intercept,sentinel1,treatment_0009,P01-09,10000.0,8689.879939835762,False
cv_intercept,sentinel1,treatment_0010,P01-08,0.0001,3884.9679093764353,False
cv_intercept,sentinel1,treatment_0010,P01-08,0.00012589254117941674,3884.967909347869,False
cv_intercept,sentinel1,treatment_0010,P01-08,0.00015848931924611142,3884.967909311906,False
cv_intercept,sentinel1,treatment_0010,P01-08,0.00019952623149688788,3884.967909266632,False
cv_intercept,sentinel1,treatment_0010,P01-08,0.00025118864315095795,3884.967909209635,False
cv_intercept,sentinel1,treatment_0010,P01-08,0.00031622776601683794,3884.9679091378794,False
cv_intercept,sentinel1,treatment_0010,P01-08,0.00039810717055349735,3884.967909047545,False
cv_intercept,sentinel1,treatment_0010,P01-08,0.0005011872336272725,3884.967908933821,False
cv_intercept,sentinel1,treatment_0010,P01-08,0.000630957344480193,3884.9679087906507,False
cv_intercept,sentinel1,treatment_0010,P01-08,0.0007943282347242813,3884.96790861041,False
cv_intercept,sentinel1,treatment_0010,P01-08,0.001,3884.967908383502,False
cv_intercept,sentinel1,treatment_0010,P01-08,0.0012589254117941675,3884.967908097842,False
cv_intercept,sentinel1,treatment_0010,P01-08,0.001584893192461114,3884.967907738219,False
cv_intercept,sentinel1,treatment_0010,P01-08,0.001995262314968879,3884.96790728548,False
cv_intercept,sentinel1,treatment_0010,P01-08,0.002511886431509582,3884.9679067155207,False
cv_intercept,sentinel1,treatment_0010,P01-08,0.0031622776601683794,3884.967905997987,False
cv_intercept,sentinel1,treatment_0010,P01-08,0.003981071705534973,3884.9679050946734,False
cv_intercept,sentinel1,treatment_0010,P01-08,0.005011872336272725,3884.96790395748,False
cv_intercept,sentinel1,treatment_0010,P01-08,0.00630957344480193,3884.9679025258547,False
cv_intercept,sentinel1,treatment_0010,P01-08,0.00794328234724282,3884.9679007235727,False
cv_intercept,sentinel1,treatment_0010,P01-08,0.01,3884.967898454677,False
cv_intercept,sentinel1,treatment_0010,P01-08,0.012589254117941675,3884.9678955983763,False
cv_intercept,sentinel1,treatment_0010,P01-08,0.01584893192461114,3884.9678920026145,False
cv_intercept,sentinel1,treatment_0010,P01-08,0.01995262314968881,3884.9678874759907,False
cv_intercept,sentinel1,treatment_0010,P01-08,0.025118864315095822,3884.967881777581,False
cv_intercept,sentinel1,treatment_0010,P01-08,0.03162277660168379,3884.967874604141,False
cv_intercept,sentinel1,treatment_0010,P01-08,0.039810717055349734,3884.967865574,False
cv_intercept,sentinel1,treatment_0010,P01-08,0.05011872336272725,3884.9678542068114,False
cv_intercept,sentinel1,treatment_0010,P01-08,0.06309573444801936,3884.96783989809,False
cv_intercept,sentinel1,treatment_0010,P01-08,0.07943282347242822,3884.967821887203,False
cv_intercept,sentinel1,treatment_0010,P01-08,0.1,3884.9677992171623,False
cv_intercept,sentinel1,treatment_0010,P01-08,0.12589254117941676,3884.9677706841185,False
cv_intercept,sentinel1,treatment_0010,P01-08,0.15848931924611143,3884.967734773999,False
cv_intercept,sentinel1,treatment_0010,P01-08,0.19952623149688808,3884.967689583037,False
cv_intercept,sentinel1,treatment_0010,P01-08,0.25118864315095824,3884.9676327182465,False
cv_intercept,sentinel1,treatment_0010,P01-08,0.31622776601683794,3884.9675611729126,False
cv_intercept,sentinel1,treatment_0010,P01-08,0.3981071705534973,3884.9674711711295,False
cv_intercept,sentinel1,treatment_0010,P01-08,0.5011872336272725,3884.967357974071,False
cv_intercept,sentinel1,treatment_0010,P01-08,0.6309573444801936,3884.9672156393026,False
cv_intercept,sentinel1,treatment_0010,P01-08,0.7943282347242822,3884.967036722789,False
cv_intercept,sentinel1,treatment_0010,P01-08,1.0,3884.966811911735,False
cv_intercept,sentinel1,treatment_0010,P01-08,1.2589254117941688,3884.966529574962,False
cv_intercept,sentinel1,treatment_0010,P01-08,1.584893192461114,3884.9661752168404,False
cv_intercept,sentinel1,treatment_0010,P01-08,1.9952623149688788,3884.965730821389,False
cv_intercept,sentinel1,treatment_0010,P01-08,2.5118864315095824,3884.9651740764375,False
cv_intercept,sentinel1,treatment_0010,P01-08,3.1622776601683795,3884.964477475691,False
cv_intercept,sentinel1,treatment_0010,P01-08,3.9810717055349776,3884.963607312597,False
cv_intercept,sentinel1,treatment_0010,P01-08,5.011872336272725,3884.962522609586,False
cv_intercept,sentinel1,treatment_0010,P01-08,6.309573444801943,3884.9611740783057,False
cv_intercept,sentinel1,treatment_0010,P01-08,7.943282347242821,3884.959503294739,False
cv_intercept,sentinel1,treatment_0010,P01-08,10.0,3884.9574424192624,False
cv_intercept,sentinel1,treatment_0010,P01-08,12.589254117941687,3884.954915029074,False
cv_intercept,sentinel1,treatment_0010,P01-08,15.848931924611142,3884.9518390098815,False
cv_intercept,sentinel1,treatment_0010,P01-08,19.95262314968883,3884.9481330511526,False
cv_intercept,sentinel1,treatment_0010,P01-08,25.11886431509582,3884.9437292157972,False
cv_intercept,sentinel1,treatment_0010,P01-08,31.622776601683793,3884.938595468602,False
cv_intercept,sentinel1,treatment_0010,P01-08,39.81071705534978,3884.9327741625634,False
cv_intercept,sentinel1,treatment_0010,P01-08,50.11872336272725,3884.9264455713733,False
cv_intercept,sentinel1,treatment_0010,P01-08,63.09573444801943,3884.9200299284603,False
cv_intercept,sentinel1,treatment_0010,P01-08,79.43282347242821,3884.9143473562076,False
cv_intercept,sentinel1,treatment_0010,P01-08,100.0,3884.9108625869967,True
cv_intercept,sentinel1,treatment_0010,P01-08,125.89254117941688,3884.912049937213,False
cv_intercept,sentinel1,treatment_0010,P01-08,158.48931924611142,3884.9219217792015,False
cv_intercept,sentinel1,treatment_0010,P01-08,199.5262314968883,3884.9467666414685,False
cv_intercept,sentinel1,treatment_0010,P01-08,251.18864315095823,3884.99613328152,False
cv_intercept,sentinel1,treatment_0010,P01-08,316.22776601683796,3885.084062076013,False
cv_intercept,sentinel1,treatment_0010,P01-08,398.1071705534977,3885.2304880735546,False
cv_intercept,sentinel1,treatment_0010,P01-08,501.18723362727246,3885.4626049580643,False
cv_intercept,sentinel1,treatment_0010,P01-08,630.9573444801943,3885.8157835609522,False
cv_intercept,sentinel1,treatment_0010,P01-08,794.3282347242822,3886.3334165629435,False
cv_intercept,sentinel1,treatment_0010,P01-08,1000.0,3887.064909289368,False
cv_intercept,sentinel1,treatment_0010,P01-08,1258.9254117941687,3888.0611197758126,False
cv_intercept,sentinel1,treatment_0010,P01-08,1584.893192461114,3889.3670485601515,False
cv_intercept,sentinel1,treatment_0010,P01-08,1995.262314968883,3891.0125453190294,False
cv_intercept,sentinel1,treatment_0010,P01-08,2511.886431509582,3893.0029958409823,False
cv_intercept,sentinel1,treatment_0010,P01-08,3162.2776601683795,3895.312798520581,False
cv_intercept,sentinel1,treatment_0010,P01-08,3981.0717055349774,3897.8842644323768,False
cv_intercept,sentinel1,treatment_0010,P01-08,5011.872336272725,3900.633118180772,False
cv_intercept,sentinel1,treatment_0010,P01-08,6309.573444801943,3903.459550147197,False
cv_intercept,sentinel1,treatment_0010,P01-08,7943.282347242822,3906.261863078893,False
cv_intercept,sentinel1,treatment_0010,P01-08,10000.0,3908.9491206437388,False
cv_intercept,sentinel1,treatment_0010,P01-09,0.0001,4812.236974078854,False
cv_intercept,sentinel1,treatment_0010,P01-09,0.00012589254117941674,4812.2369740560825,False
cv_intercept,sentinel1,treatment_0010,P01-09,0.00015848931924611142,4812.236974027414,False
cv_intercept,sentinel1,treatment_0010,P01-09,0.00019952623149688788,4812.236973991324,False
cv_intercept,sentinel1,treatment_0010,P01-09,0.00025118864315095795,4812.236973945889,False
cv_intercept,sentinel1,treatment_0010,P01-09,0.00031622776601683794,4812.23697388869,False
cv_intercept,sentinel1,treatment_0010,P01-09,0.00039810717055349735,4812.236973816681,False
cv_intercept,sentinel1,treatment_0010,P01-09,0.0005011872336272725,4812.236973726027,False
cv_intercept,sentinel1,treatment_0010,P01-09,0.000630957344480193,4812.236973611899,False
cv_intercept,sentinel1,treatment_0010,P01-09,0.0007943282347242813,4812.2369734682225,False
cv_intercept,sentinel1,treatment_0010,P01-09,0.001,4812.236973287344,False
cv_intercept,sentinel1,treatment_0010,P01-09,0.0012589254117941675,4812.236973059632,False
cv_intercept,sentinel1,treatment_0010,P01-09,0.001584893192461114,4812.23697277296,False
cv_intercept,sentinel1,treatment_0010,P01-09,0.001995262314968879,4812.236972412063,False
cv_intercept,sentinel1,treatment_0010,P01-09,0.002511886431509582,4812.236971957722,False
cv_intercept,sentinel1,treatment_0010,P01-09,0.0031622776601683794,4812.236971385744,False
cv_intercept,sentinel1,treatment_0010,P01-09,0.003981071705534973,4812.236970665671,False
cv_intercept,sentinel1,treatment_0010,P01-09,0.005011872336272725,4812.2369697591585,False
cv_intercept,sentinel1,treatment_0010,P01-09,0.00630957344480193,4812.236968617941,False
cv_intercept,sentinel1,treatment_0010,P01-09,0.00794328234724282,4812.23696718125,False
cv_intercept,sentinel1,treatment_0010,P01-09,0.01,4812.236965372594,False
cv_intercept,sentinel1,treatment_0010,P01-09,0.012589254117941675,4812.236963095676,False
cv_intercept,sentinel1,treatment_0010,P01-09,0.01584893192461114,4812.236960229281,False
cv_intercept,sentinel1,treatment_0010,P01-09,0.01995262314968881,4812.23695662082,False
cv_intercept,sentinel1,treatment_0010,P01-09,0.025118864315095822,4812.236952078221,False
cv_intercept,sentinel1,treatment_0010,P01-09,0.03162277660168379,4812.236946359722,False
cv_intercept,sentinel1,treatment_0010,P01-09,0.039810717055349734,4812.236939161023,False
cv_intercept,sentinel1,treatment_0010,P01-09,0.05011872336272725,4812.236930099133,False
cv_intercept,sentinel1,treatment_0010,P01-09,0.06309573444801936,4812.236918692059,False
cv_intercept,sentinel1,treatment_0010,P01-09,0.07943282347242822,4812.236904333252,False
cv_intercept,sentinel1,treatment_0010,P01-09,0.1,4812.236886259518,False
cv_intercept,sentinel1,treatment_0010,P01-09,0.12589254117941676,4812.236863510682,False
cv_intercept,sentinel1,treatment_0010,P01-09,0.15848931924611143,4812.2368348789605,False
cv_intercept,sentinel1,treatment_0010,P01-09,0.19952623149688808,4812.23679884543,False
cv_intercept,sentinel1,treatment_0010,P01-09,0.25118864315095824,4812.2367535004005,False
cv_intercept,sentinel1,treatment_0010,P01-09,0.31622776601683794,4812.236696443706,False
cv_intercept,sentinel1,treatment_0010,P01-09,0.3981071705534973,4812.23662466004,False
cv_intercept,sentinel1,treatment_0010,P01-09,0.5011872336272725,4812.236534363379,False
cv_intercept,sentinel1,treatment_0010,P01-09,0.6309573444801936,4812.236420803277,False
cv_intercept,sentinel1,treatment_0010,P01-09,0.7943282347242822,4812.236278024435,False
cv_intercept,sentinel1,treatment_0010,P01-09,1.0,4812.236098569423,False
cv_intercept,sentinel1,treatment_0010,P01-09,1.2589254117941688,4812.23587311302,False
cv_intercept,sentinel1,treatment_0010,P01-09,1.584893192461114,4812.235590015426,False
cv_intercept,sentinel1,treatment_0010,P01-09,1.9952623149688788,4812.235234781295,False
cv_intercept,sentinel1,treatment_0010,P01-09,2.5118864315095824,4812.234789412638,False
cv_intercept,sentinel1,treatment_0010,P01-09,3.1622776601683795,4812.23423164788,False
cv_intercept,sentinel1,treatment_0010,P01-09,3.9810717055349776,4812.233534088671,False
cv_intercept,sentinel1,treatment_0010,P01-09,5.011872336272725,4812.232663234437,False
cv_intercept,sentinel1,treatment_0010,P01-09,6.309573444801943,4812.2315784778675,False
cv_intercept,sentinel1,treatment_0010,P01-09,7.943282347242821,4812.230231172357,False
cv_intercept,sentinel1,treatment_0010,P01-09,10.0,4812.228563979675,False
cv_intercept,sentinel1,treatment_0010,P01-09,12.589254117941687,4812.226510866588,False
cv_intercept,sentinel1,treatment_0010,P01-09,15.848931924611142,4812.223998379063,False
cv_intercept,sentinel1,treatment_0010,P01-09,19.95262314968883,4812.2209492374905,False
cv_intercept,sentinel1,treatment_0010,P01-09,25.11886431509582,4812.217289949315,False
cv_intercept,sentinel1,treatment_0010,P01-09,31.622776601683793,4812.212965148794,False
cv_intercept,sentinel1,treatment_0010,P01-09,39.81071705534978,4812.207962921925,False
cv_intercept,sentinel1,treatment_0010,P01-09,50.11872336272725,4812.202357697975,False
cv_intercept,sentinel1,treatment_0010,P01-09,63.09573444801943,4812.196380697697,False
cv_intercept,sentinel1,treatment_0010,P01-09,79.43282347242821,4812.1905327844615,False
cv_intercept,sentinel1,treatment_0010,P01-09,100.0,4812.185761208848,False
cv_intercept,sentinel1,treatment_0010,P01-09,125.89254117941688,4812.183730304445,True
cv_intercept,sentinel1,treatment_0010,P01-09,158.48931924611142,4812.187226225048,False
cv_intercept,sentinel1,treatment_0010,P01-09,199.5262314968883,4812.200745553369,False
cv_intercept,sentinel1,treatment_0010,P01-09,251.18864315095823,4812.231322855621,False
cv_intercept,sentinel1,treatment_0010,P01-09,316.22776601683796,4812.289644805229,False
cv_intercept,sentinel1,treatment_0010,P01-09,398.1071705534977,4812.391464660204,False
cv_intercept,sentinel1,treatment_0010,P01-09,501.18723362727246,4812.559251445198,False
cv_intercept,sentinel1,treatment_0010,P01-09,630.9573444801943,4812.82386281125,False
cv_intercept,sentinel1,treatment_0010,P01-09,794.3282347242822,4813.225810788907,False
cv_intercept,sentinel1,treatment_0010,P01-09,1000.0,4813.815423880234,False
cv_intercept,sentinel1,treatment_0010,P01-09,1258.9254117941687,4814.650994152747,False
cv_intercept,sentinel1,treatment_0010,P01-09,1584.893192461114,4815.794015564979,False
cv_intercept,sentinel1,treatment_0010,P01-09,1995.262314968883,4817.301090974168,False
cv_intercept,sentinel1,treatment_0010,P01-09,2511.886431509582,4819.213128235027,False
cv_intercept,sentinel1,treatment_0010,P01-09,3162.2776601683795,4821.543867087796,False
cv_intercept,sentinel1,treatment_0010,P01-09,3981.0717055349774,4824.270963622669,False
cv_intercept,sentinel1,treatment_0010,P01-09,5011.872336272725,4827.332983049885,False
cv_intercept,sentinel1,treatment_0010,P01-09,6309.573444801943,4830.634235453259,False
cv_intercept,sentinel1,treatment_0010,P01-09,7943.282347242822,4834.0568255903245,False
cv_intercept,sentinel1,treatment_0010,P01-09,10000.0,4837.476783226537,False
cv_intercept,sentinel2,treatment_0001,P01-08,0.0001,6290.192578258015,True
cv_intercept,sentinel2,treatment_0001,P01-08,0.00012589254117941674,6290.192578920633,False
cv_intercept,sentinel2,treatment_0001,P01-08,0.00015848931924611142,6290.192579754819,False
cv_intercept,sentinel2,treatment_0001,P01-08,0.00019952623149688788,6290.1925808049955,False
cv_intercept,sentinel2,treatment_0001,P01-08,0.00025118864315095795,6290.192582127091,False
cv_intercept,sentinel2,treatment_0001,P01-08,0.00031622776601683794,6290.19258379151,False
cv_intercept,sentinel2,treatment_0001,P01-08,0.00039810717055349735,6290.19258588689,False
cv_intercept,sentinel2,treatment_0001,P01-08,0.0005011872336272725,6290.192588524818,False
cv_intercept,sentinel2,treatment_0001,P01-08,0.000630957344480193,6290.192591845773,False
cv_intercept,sentinel2,treatment_0001,P01-08,0.0007943282347242813,6290.192596026607,False
cv_intercept,sentinel2,treatment_0001,P01-08,0.001,6290.192601289968,False
cv_intercept,sentinel2,treatment_0001,P01-08,0.0012589254117941675,6290.192607916147,False
cv_intercept,sentinel2,treatment_0001,P01-08,0.001584893192461114,6290.192616258015,False
cv_intercept,sentinel2,treatment_0001,P01-08,0.001995262314968879,6290.19262675981,False
cv_intercept,sentinel2,treatment_0001,P01-08,0.002511886431509582,6290.192639980793,False
cv_intercept,sentinel2,treatment_0001,P01-08,0.0031622776601683794,6290.192656625035,False
cv_intercept,sentinel2,treatment_0001,P01-08,0.003981071705534973,6290.192677578913,False
cv_intercept,sentinel2,treatment_0001,P01-08,0.005011872336272725,6290.192703958309,False
cv_intercept,sentinel2,treatment_0001,P01-08,0.00630957344480193,6290.192737168044,False
cv_intercept,sentinel2,treatment_0001,P01-08,0.00794328234724282,6290.1927789766905,False
cv_intercept,sentinel2,treatment_0001,P01-08,0.01,6290.19283161077,False
cv_intercept,sentinel2,treatment_0001,P01-08,0.012589254117941675,6290.192897873323,False
cv_intercept,sentinel2,treatment_0001,P01-08,0.01584893192461114,6290.192981293207,False
cv_intercept,sentinel2,treatment_0001,P01-08,0.01995262314968881,6290.193086313055,False
cv_intercept,sentinel2,treatment_0001,P01-08,0.025118864315095822,6290.193218525896,False
cv_intercept,sentinel2,treatment_0001,P01-08,0.03162277660168379,6290.193384973095,False
cv_intercept,sentinel2,treatment_0001,P01-08,0.039810717055349734,6290.193594519433,False
cv_intercept,sentinel2,treatment_0001,P01-08,0.05011872336272725,6290.19385832538,False
cv_intercept,sentinel2,treatment_0001,P01-08,0.06309573444801936,6290.194190441736,False
cv_intercept,sentinel2,treatment_0001,P01-08,0.07943282347242822,6290.194608558339,False
cv_intercept,sentinel2,treatment_0001,P01-08,0.1,6290.195134946865,False
cv_intercept,sentinel2,treatment_0001,P01-08,0.12589254117941676,6290.195797648046,False
cv_intercept,sentinel2,treatment_0001,P01-08,0.15848931924611143,6290.196631966806,False
cv_intercept,sentinel2,treatment_0001,P01-08,0.19952623149688808,6290.197682355319,False
cv_intercept,sentinel2,treatment_0001,P01-08,0.25118864315095824,6290.199004784934,False
cv_intercept,sentinel2,treatment_0001,P01-08,0.31622776601683794,6290.200669734254,False
cv_intercept,sentinel2,treatment_0001,P01-08,0.3981071705534973,6290.2027659541145,False
cv_intercept,sentinel2,treatment_0001,P01-08,0.5011872336272725,6290.205405212495,False
cv_intercept,sentinel2,treatment_0001,P01-08,0.6309573444801936,6290.208728276033,False
cv_intercept,sentinel2,treatment_0001,P01-08,0.7943282347242822,6290.212912453061,False
cv_intercept,sentinel2,treatment_0001,P01-08,1.0,6290.218181109887,False
cv_intercept,sentinel2,treatment_0001,P01-08,1.2589254117941688,6290.2248156830365,False
cv_intercept,sentinel2,treatment_0001,P01-08,1.584893192461114,6290.2331708523725,False
cv_intercept,sentinel2,treatment_0001,P01-08,1.9952623149688788,6290.2436937229795,False
cv_intercept,sentinel2,treatment_0001,P01-08,2.5118864315095824,6290.256948100468,False
cv_intercept,sentinel2,treatment_0001,P01-08,3.1622776601683795,6290.273645252197,False
cv_intercept,sentinel2,treatment_0001,P01-08,3.9810717055349776,6290.29468295026,False
cv_intercept,sentinel2,treatment_0001,P01-08,5.011872336272725,6290.321195124397,False
cv_intercept,sentinel2,treatment_0001,P01-08,6.309573444801943,6290.3546151617,False
cv_intercept,sentinel2,treatment_0001,P01-08,7.943282347242821,6290.396756842809,False
cv_intercept,sentinel2,treatment_0001,P01-08,10.0,6290.449918197939,False
cv_intercept,sentinel2,treatment_0001,P01-08,12.589254117941687,6290.517015341332,False
cv_intercept,sentinel2,treatment_0001,P01-08,15.848931924611142,6290.6017558040185,False
cv_intercept,sentinel2,treatment_0001,P01-08,19.95262314968883,6290.708864330714,False
cv_intercept,sentinel2,treatment_0001,P01-08,25.11886431509582,6290.844378973516,False
cv_intercept,sentinel2,treatment_0001,P01-08,31.622776601683793,6291.016042236171,False
cv_intercept,sentinel2,treatment_0001,P01-08,39.81071705534978,6291.233821912181,False
cv_intercept,sentinel2,treatment_0001,P01-08,50.11872336272725,6291.510610415269,False
cv_intercept,sentinel2,treatment_0001,P01-08,63.09573444801943,6291.863171625213,False
cv_intercept,sentinel2,treatment_0001,P01-08,79.43282347242821,6292.313432988103,False
cv_intercept,sentinel2,treatment_0001,P01-08,100.0,6292.890260910066,False
cv_intercept,sentinel2,treatment_0001,P01-08,125.89254117941688,6293.631913001043,False
cv_intercept,sentinel2,treatment_0001,P01-08,158.48931924611142,6294.589435126491,False
cv_intercept,sentinel2,treatment_0001,P01-08,199.5262314968883,6295.831367008491,False
cv_intercept,sentinel2,treatment_0001,P01-08,251.18864315095823,6297.450236342802,False
cv_intercept,sentinel2,treatment_0001,P01-08,316.22776601683796,6299.571450035797,False
cv_intercept,sentinel2,treatment_0001,P01-08,398.1071705534977,6302.3653122139785,False
cv_intercept,sentinel2,treatment_0001,P01-08,501.18723362727246,6306.062975116127,False
cv_intercept,sentinel2,treatment_0001,P01-08,630.9573444801943,6310.977103930421,False
cv_intercept,sentinel2,treatment_0001,P01-08,794.3282347242822,6317.527834594893,False
cv_intercept,sentinel2,treatment_0001,P01-08,1000.0,6326.274133694907,False
cv_intercept,sentinel2,treatment_0001,P01-08,1258.9254117941687,6337.949817634766,False
cv_intercept,sentinel2,treatment_0001,P01-08,1584.893192461114,6353.502074885395,False
cv_intercept,sentinel2,treatment_0001,P01-08,1995.262314968883,6374.1280390873335,False
cv_intercept,sentinel2,treatment_0001,P01-08,2511.886431509582,6401.301297269778,False
cv_intercept,sentinel2,treatment_0001,P01-08,3162.2776601683795,6436.7748075042655,False
cv_intercept,sentinel2,treatment_0001,P01-08,3981.0717055349774,6482.540096857249,False
cv_intercept,sentinel2,treatment_0001,P01-08,5011.872336272725,6540.717560102661,False
cv_intercept,sentinel2,treatment_0001,P01-08,6309.573444801943,6613.354825936018,False
cv_intercept,sentinel2,treatment_0001,P01-08,7943.282347242822,6702.126453980694,False
cv_intercept,sentinel2,treatment_0001,P01-08,10000.0,6807.961979650196,False
cv_intercept,sentinel2,treatment_0001,P01-09,0.0001,7337.990206448043,True
cv_intercept,sentinel2,treatment_0001,P01-09,0.00012589254117941674,7337.99020704574,False
cv_intercept,sentinel2,treatment_0001,P01-09,0.00015848931924611142,7337.990207798196,False
cv_intercept,sentinel2,treatment_0001,P01-09,0.00019952623149688788,7337.990208745483,False
cv_intercept,sentinel2,treatment_0001,P01-09,0.00025118864315095795,7337.990209938045,False
cv_intercept,sentinel2,treatment_0001,P01-09,0.00031622776601683794,7337.990211439393,False
cv_intercept,sentinel2,treatment_0001,P01-09,0.00039810717055349735,7337.990213329478,False
cv_intercept,sentinel2,treatment_0001,P01-09,0.0005011872336272725,7337.990215708953,False
cv_intercept,sentinel2,treatment_0001,P01-09,0.000630957344480193,7337.990218704535,False
cv_intercept,sentinel2,treatment_0001,P01-09,0.0007943282347242813,7337.990222475751,False
cv_intercept,sentinel2,treatment_0001,P01-09,0.001,7337.99022722343,False
cv_intercept,sentinel2,treatment_0001,P01-09,0.0012589254117941675,7337.990233200405,False
cv_intercept,sentinel2,treatment_0001,P01-09,0.001584893192461114,7337.990240724974,False
cv_intercept,sentinel2,treatment_0001,P01-09,0.001995262314968879,7337.990250197847,False
cv_intercept,sentinel2,treatment_0001,P01-09,0.002511886431509582,7337.9902621234905,False
cv_intercept,sentinel2,treatment_0001,P01-09,0.0031622776601683794,7337.9902771369925,False
cv_intercept,sentinel2,treatment_0001,P01-09,0.003981071705534973,7337.990296037884,False
cv_intercept,sentinel2,treatment_0001,P01-09,0.005011872336272725,7337.990319832713,False
cv_intercept,sentinel2,treatment_0001,P01-09,0.00630957344480193,7337.990349788655,False
cv_intercept,sentinel2,treatment_0001,P01-09,0.00794328234724282,7337.990387500993,False
cv_intercept,sentinel2,treatment_0001,P01-09,0.01,7337.99043497808,False
cv_intercept,sentinel2,treatment_0001,P01-09,0.012589254117941675,7337.990494748298,False
cv_intercept,sentinel2,treatment_0001,P01-09,0.01584893192461114,7337.990569994714,False
cv_intercept,sentinel2,treatment_0001,P01-09,0.01995262314968881,7337.990664724603,False
cv_intercept,sentinel2,treatment_0001,P01-09,0.025118864315095822,7337.990783982891,False
cv_intercept,sentinel2,treatment_0001,P01-09,0.03162277660168379,7337.9909341208495,False
cv_intercept,sentinel2,treatment_0001,P01-09,0.039810717055349734,7337.9911231343995,False
cv_intercept,sentinel2,treatment_0001,P01-09,0.05011872336272725,7337.99136109004,False
cv_intercept,sentinel2,treatment_0001,P01-09,0.06309573444801936,7337.991660661106,False
cv_intercept,sentinel2,treatment_0001,P01-09,0.07943282347242822,7337.992037802953,False
cv_intercept,sentinel2,treatment_0001,P01-09,0.1,7337.992512603096,False
cv_intercept,sentinel2,treatment_0001,P01-09,0.12589254117941676,7337.993110351659,False
cv_intercept,sentinel2,treatment_0001,P01-09,0.15848931924611143,7337.9938628893115,False
cv_intercept,sentinel2,treatment_0001,P01-09,0.19952623149688808,7337.994810304708,False
cv_intercept,sentinel2,treatment_0001,P01-09,0.25118864315095824,7337.996003072216,False
cv_intercept,sentinel2,treatment_0001,P01-09,0.31622776601683794,7337.997504744404,False
cv_intercept,sentinel2,treatment_0001,P01-09,0.3981071705534973,7337.999395343649,False
cv_intercept,sentinel2,treatment_0001,P01-09,0.5011872336272725,7338.001775635013,False
cv_intercept,sentinel2,treatment_0001,P01-09,0.6309573444801936,7338.0047725104305,False
cv_intercept,sentinel2,treatment_0001,P01-09,0.7943282347242822,7338.008545774793,False
cv_intercept,sentinel2,treatment_0001,P01-09,1.0,7338.013296701506,False
cv_intercept,sentinel2,treatment_0001,P01-09,1.2589254117941688,7338.019278822912,False
cv_intercept,sentinel2,treatment_0001,P01-09,1.584893192461114,7338.026811545651,False
cv_intercept,sentinel2,treatment_0001,P01-09,1.9952623149688788,7338.036297340572,False
cv_intercept,sentinel2,treatment_0001,P01-09,2.5118864315095824,7338.048243461353,False
cv_intercept,sentinel2,treatment_0001,P01-09,3.1622776601683795,7338.0632894097935,False
cv_intercept,sentinel2,treatment_0001,P01-09,3.9810717055349776,7338.0822417074,False
cv_intercept,sentinel2,treatment_0001,P01-09,5.011872336272725,7338.106117978278,False
cv_intercept,sentinel2,treatment_0001,P01-09,6.309573444801943,7338.136202933022,False
cv_intercept,sentinel2,treatment_0001,P01-09,7.943282347242821,7338.174119616938,False
cv_intercept,sentinel2,treatment_0001,P01-09,10.0,7338.22192031882,False
cv_intercept,sentinel2,treatment_0001,P01-09,12.589254117941687,7338.28220292886,False
cv_intercept,sentinel2,treatment_0001,P01-09,15.848931924611142,7338.3582604300955,False
cv_intercept,sentinel2,treatment_0001,P01-09,19.95262314968883,7338.454273816091,False
cv_intercept,sentinel2,treatment_0001,P01-09,25.11886431509582,7338.57556235133,False
cv_intercept,sentinel2,treatment_0001,P01-09,31.622776601683793,7338.728910171942,False
cv_intercept,sentinel2,treatment_0001,P01-09,39.81071705534978,7338.922995403295,False
cv_intercept,sentinel2,treatment_0001,P01-09,50.11872336272725,7339.16895817178,False
cv_intercept,sentinel2,treatment_0001,P01-09,63.09573444801943,7339.481158425022,False
cv_intercept,sentinel2,treatment_0001,P01-09,79.43282347242821,7339.878195183088,False
cv_intercept,sentinel2,treatment_0001,P01-09,100.0,7340.384288207243,False
cv_intercept,sentinel2,treatment_0001,P01-09,125.89254117941688,7341.031164304864,False
cv_intercept,sentinel2,treatment_0001,P01-09,158.48931924611142,7341.860647447921,False
cv_intercept,sentinel2,treatment_0001,P01-09,199.5262314968883,7342.9282286288,False
cv_intercept,sentinel2,treatment_0001,P01-09,251.18864315095823,7344.307991042199,False
cv_intercept,sentinel2,treatment_0001,P01-09,316.22776601683796,7346.099388693507,False
cv_intercept,sentinel2,treatment_0001,P01-09,398.1071705534977,7348.436514709836,False
cv_intercept,sentinel2,treatment_0001,P01-09,501.18723362727246,7351.500629357918,False
cv_intercept,sentinel2,treatment_0001,P01-09,630.9573444801943,7355.536806632795,False
cv_intercept,sentinel2,treatment_0001,P01-09,794.3282347242822,7360.875533881422,False
cv_intercept,sentinel2,treatment_0001,P01-09,1000.0,7367.959858564537,False
cv_intercept,sentinel2,treatment_0001,P01-09,1258.9254117941687,7377.378077502343,False
cv_intercept,sentinel2,treatment_0001,P01-09,1584.893192461114,7389.900815001328,False
cv_intercept,sentinel2,treatment_0001,P01-09,1995.262314968883,7406.5193773759775,False
cv_intercept,sentinel2,treatment_0001,P01-09,2511.886431509582,7428.479170495074,False
cv_intercept,sentinel2,treatment_0001,P01-09,3162.2776601683795,7457.297432030508,False
cv_intercept,sentinel2,treatment_0001,P01-09,3981.0717055349774,7494.748733813429,False
cv_intercept,sentinel2,treatment_0001,P01-09,5011.872336272725,7542.796154213214,False
cv_intercept,sentinel2,treatment_0001,P01-09,6309.573444801943,7603.444491102924,False
cv_intercept,sentinel2,treatment_0001,P01-09,7943.282347242822,7678.500315183698,False
cv_intercept,sentinel2,treatment_0001,P01-09,10000.0,7769.247350800949,False
cv_intercept,sentinel2,treatment_0002,P01-08,0.0001,6136.1547563164495,False
cv_intercept,sentinel2,treatment_0002,P01-08,0.00012589254117941674,6136.154751295142,False
cv_intercept,sentinel2,treatment_0002,P01-08,0.00015848931924611142,6136.154744973689,False
cv_intercept,sentinel2,treatment_0002,P01-08,0.00019952623149688788,6136.154737015451,False
cv_intercept,sentinel2,treatment_0002,P01-08,0.00025118864315095795,6136.154726996626,False
cv_intercept,sentinel2,treatment_0002,P01-08,0.00031622776601683794,6136.154714383671,False
cv_intercept,sentinel2,treatment_0002,P01-08,0.00039810717055349735,6136.1546985049035,False
cv_intercept,sentinel2,treatment_0002,P01-08,0.0005011872336272725,6136.1546785147175,False
cv_intercept,sentinel2,treatment_0002,P01-08,0.000630957344480193,6136.154653348569,False
cv_intercept,sentinel2,treatment_0002,P01-08,0.0007943282347242813,6136.154621666267,False
cv_intercept,sentinel2,treatment_0002,P01-08,0.001,6136.154581780618,False
cv_intercept,sentinel2,treatment_0002,P01-08,0.0012589254117941675,6136.15453156757,False
cv_intercept,sentinel2,treatment_0002,P01-08,0.001584893192461114,6136.154468353099,False
cv_intercept,sentinel2,treatment_0002,P01-08,0.001995262314968879,6136.154388770817,False
cv_intercept,sentinel2,treatment_0002,P01-08,0.002511886431509582,6136.154288582689,False
cv_intercept,sentinel2,treatment_0002,P01-08,0.0031622776601683794,6136.154162453363,False
cv_intercept,sentinel2,treatment_0002,P01-08,0.003981071705534973,6136.154003666027,False
cv_intercept,sentinel2,treatment_0002,P01-08,0.005011872336272725,6136.153803764745,False
cv_intercept,sentinel2,treatment_0002,P01-08,0.00630957344480193,6136.153552104142,False
cv_intercept,sentinel2,treatment_0002,P01-08,0.00794328234724282,6136.153235282538,False
cv_intercept,sentinel2,treatment_0002,P01-08,0.01,6136.152836428276,False
cv_intercept,sentinel2,treatment_0002,P01-08,0.012589254117941675,6136.152334301318,False
cv_intercept,sentinel2,treatment_0002,P01-08,0.01584893192461114,6136.1517021622085,False
cv_intercept,sentinel2,treatment_0002,P01-08,0.01995262314968881,6136.15090634825,False
cv_intercept,sentinel2,treatment_0002,P01-08,0.025118864315095822,6136.149904481046,False
cv_intercept,sentinel2,treatment_0002,P01-08,0.03162277660168379,6136.148643210053,False
cv_intercept,sentinel2,treatment_0002,P01-08,0.039810717055349734,6136.147055372023,False
cv_intercept,sentinel2,treatment_0002,P01-08,0.05011872336272725,6136.145056415166,False
cv_intercept,sentinel2,treatment_0002,P01-08,0.06309573444801936,6136.1425398978545,False
cv_intercept,sentinel2,treatment_0002,P01-08,0.07943282347242822,6136.139371822389,False
cv_intercept,sentinel2,treatment_0002,P01-08,0.1,6136.1353835025975,False
cv_intercept,sentinel2,treatment_0002,P01-08,0.12589254117941676,6136.13036258616,False
cv_intercept,sentinel2,treatment_0002,P01-08,0.15848931924611143,6136.124041754762,False
cv_intercept,sentinel2,treatment_0002,P01-08,0.19952623149688808,6136.1160845021905,False
cv_intercept,sentinel2,treatment_0002,P01-08,0.25118864315095824,6136.106067235955,False
cv_intercept,sentinel2,treatment_0002,P01-08,0.31622776601683794,6136.0934567540435,False
cv_intercept,sentinel2,treatment_0002,P01-08,0.3981071705534973,6136.077581904741,False
cv_intercept,sentinel2,treatment_0002,P01-08,0.5011872336272725,6136.057597932191,False
cv_intercept,sentinel2,treatment_0002,P01-08,0.6309573444801936,6136.032441627649,False
cv_intercept,sentinel2,treatment_0002,P01-08,0.7943282347242822,6136.000774927732,False
cv_intercept,sentinel2,treatment_0002,P01-08,1.0,6135.9609140030525,False
cv_intercept,sentinel2,treatment_0002,P01-08,1.2589254117941688,6135.91074013535,False
cv_intercept,sentinel2,treatment_0002,P01-08,1.584893192461114,6135.847587754788,False
cv_intercept,sentinel2,treatment_0002,P01-08,1.9952623149688788,6135.768103861479,False
cv_intercept,sentinel2,treatment_0002,P01-08,2.5118864315095824,6135.668071640064,False
cv_intercept,sentinel2,treatment_0002,P01-08,3.1622776601683795,6135.542189340962,False
cv_intercept,sentinel2,treatment_0002,P01-08,3.9810717055349776,6135.383793391082,False
cv_intercept,sentinel2,treatment_0002,P01-08,5.011872336272725,6135.1845121549595,False
cv_intercept,sentinel2,treatment_0002,P01-08,6.309573444801943,6134.933833749434,False
cv_intercept,sentinel2,treatment_0002,P01-08,7.943282347242821,6134.6185678012225,False
cv_intercept,sentinel2,treatment_0002,P01-08,10.0,6134.2221770604065,False
cv_intercept,sentinel2,treatment_0002,P01-08,12.589254117941687,6133.723950474116,False
cv_intercept,sentinel2,treatment_0002,P01-08,15.848931924611142,6133.097984983929,False
cv_intercept,sentinel2,treatment_0002,P01-08,19.95262314968883,6132.311939519447,False
cv_intercept,sentinel2,treatment_0002,P01-08,25.11886431509582,6131.325522456059,False
cv_intercept,sentinel2,treatment_0002,P01-08,31.622776601683793,6130.08867493391,False
cv_intercept,sentinel2,treatment_0002,P01-08,39.81071705534978,6128.539419722403,False
cv_intercept,sentinel2,treatment_0002,P01-08,50.11872336272725,6126.601363163871,False
cv_intercept,sentinel2,treatment_0002,P01-08,63.09573444801943,6124.180872760799,False
cv_intercept,sentinel2,treatment_0002,P01-08,79.43282347242821,6121.164014728155,False
cv_intercept,sentinel2,treatment_0002,P01-08,100.0,6117.413437368566,False
cv_intercept,sentinel2,treatment_0002,P01-08,125.89254117941688,6112.7655439819555,False
cv_intercept,sentinel2,treatment_0002,P01-08,158.48931924611142,6107.028531636903,False
cv_intercept,sentinel2,treatment_0002,P01-08,199.5262314968883,6099.9821950132955,False
cv_intercept,sentinel2,treatment_0002,P01-08,251.18864315095823,6091.380809490596,False
cv_intercept,sentinel2,treatment_0002,P01-08,316.22776601683796,6080.960882804346,False
cv_intercept,sentinel2,treatment_0002,P01-08,398.1071705534977,6068.456002351738,False
cv_intercept,sentinel2,treatment_0002,P01-08,501.18723362727246,6053.62120038754,False
cv_intercept,sentinel2,treatment_0002,P01-08,630.9573444801943,6036.268861429893,False
cv_intercept,sentinel2,treatment_0002,P01-08,794.3282347242822,6016.316713851021,False
cv_intercept,sentinel2,treatment_0002,P01-08,1000.0,5993.8453639009285,False
cv_intercept,sentinel2,treatment_0002,P01-08,1258.9254117941687,5969.157913012715,False
cv_intercept,sentinel2,treatment_0002,P01-08,1584.893192461114,5942.828035213503,False
cv_intercept,sentinel2,treatment_0002,P01-08,1995.262314968883,5915.717477269026,False
cv_intercept,sentinel2,treatment_0002,P01-08,2511.886431509582,5888.942816959041,False
cv_intercept,sentinel2,treatment_0002,P01-08,3162.2776601683795,5863.778454554151,False
cv_intercept,sentinel2,treatment_0002,P01-08,3981.0717055349774,5841.4999314426295,False
cv_intercept,sentinel2,treatment_0002,P01-08,5011.872336272725,5823.194982238445,False
cv_intercept,sentinel2,treatment_0002,P01-08,6309.573444801943,5809.589135318736,False
cv_intercept,sentinel2,treatment_0002,P01-08,7943.282347242822,5800.936154750287,False
cv_intercept,sentinel2,treatment_0002,P01-08,10000.0,5797.005569927314,True
cv_intercept,sentinel2,treatment_0002,P01-09,0.0001,7346.240829692737,False
cv_intercept,sentinel2,treatment_0002,P01-09,0.00012589254117941674,7346.240826153393,False
cv_intercept,sentinel2,treatment_0002,P01-09,0.00015848931924611142,7346.240821697618,False
cv_intercept,sentinel2,treatment_0002,P01-09,0.00019952623149688788,7346.240816088134,False
cv_intercept,sentinel2,treatment_0002,P01-09,0.00025118864315095795,7346.240809026211,False
cv_intercept,sentinel2,treatment_0002,P01-09,0.00031622776601683794,7346.240800135776,False
cv_intercept,sentinel2,treatment_0002,P01-09,0.00039810717055349735,7346.240788943383,False
cv_intercept,sentinel2,treatment_0002,P01-09,0.0005011872336272725,7346.240774852997,False
cv_intercept,sentinel2,treatment_0002,P01-09,0.000630957344480193,7346.240757114251,False
cv_intercept,sentinel2,treatment_0002,P01-09,0.0007943282347242813,7346.240734782496,False
cv_intercept,sentinel2,treatment_0002,P01-09,0.001,7346.240706668483,False
cv_intercept,sentinel2,treatment_0002,P01-09,0.0012589254117941675,7346.240671275044,False
cv_intercept,sentinel2,treatment_0002,P01-09,0.001584893192461114,7346.24062671735,False
cv_intercept,sentinel2,treatment_0002,P01-09,0.001995262314968879,7346.240570622549,False
cv_intercept,sentinel2,treatment_0002,P01-09,0.002511886431509582,7346.240500003398,False
cv_intercept,sentinel2,treatment_0002,P01-09,0.0031622776601683794,7346.240411099181,False
cv_intercept,sentinel2,treatment_0002,P01-09,0.003981071705534973,7346.240299175449,False
cv_intercept,sentinel2,treatment_0002,P01-09,0.005011872336272725,7346.2401582718885,False
cv_intercept,sentinel2,treatment_0002,P01-09,0.00630957344480193,7346.2399808849295,False
cv_intercept,sentinel2,treatment_0002,P01-09,0.00794328234724282,7346.239757568159,False
cv_intercept,sentinel2,treatment_0002,P01-09,0.01,7346.239476429286,False
cv_intercept,sentinel2,treatment_0002,P01-09,0.012589254117941675,7346.239122496863,False
cv_intercept,sentinel2,treatment_0002,P01-09,0.01584893192461114,7346.23867692306,False
cv_intercept,sentinel2,treatment_0002,P01-09,0.01995262314968881,7346.238115980005,False
cv_intercept,sentinel2,treatment_0002,P01-09,0.025118864315095822,7346.237409796333,False
cv_intercept,sentinel2,treatment_0002,P01-09,0.03162277660168379,7346.236520766606,False
cv_intercept,sentinel2,treatment_0002,P01-09,0.039810717055349734,7346.235401548998,False
cv_intercept,sentinel2,treatment_0002,P01-09,0.05011872336272725,7346.233992544651,False
cv_intercept,sentinel2,treatment_0002,P01-09,0.06309573444801936,7346.232218724594,False
cv_intercept,sentinel2,treatment_0002,P01-09,0.07943282347242822,7346.229985635387,False
cv_intercept,sentinel2,treatment_0002,P01-09,0.1,7346.227174371067,False
cv_intercept,sentinel2,treatment_0002,P01-09,0.12589254117941676,7346.223635244039,False
cv_intercept,sentinel2,treatment_0002,P01-09,0.15848931924611143,7346.219179818498,False
cv_intercept,sentinel2,treatment_0002,P01-09,0.19952623149688808,7346.213570883247,False
cv_intercept,sentinel2,treatment_0002,P01-09,0.25118864315095824,7346.2065098315,False
cv_intercept,sentinel2,treatment_0002,P01-09,0.31622776601683794,7346.197620778303,False
cv_intercept,sentinel2,treatment_0002,P01-09,0.3981071705534973,7346.186430573876,False
cv_intercept,sentinel2,treatment_0002,P01-09,0.5011872336272725,7346.172343655162,False
cv_intercept,sentinel2,treatment_0002,P01-09,0.6309573444801936,7346.154610406757,False
cv_intercept,sentinel2,treatment_0002,P01-09,0.7943282347242822,7346.132287362902,False
cv_intercept,sentinel2,treatment_0002,P01-09,1.0,7346.1041871574225,False
cv_intercept,sentinel2,treatment_0002,P01-09,1.2589254117941688,7346.068815597797,False
cv_intercept,sentinel2,treatment_0002,P01-09,1.584893192461114,7346.024292578195,False
cv_intercept,sentinel2,treatment_0002,P01-09,1.9952623149688788,7345.9682527240575,False
cv_intercept,sentinel2,treatment_0002,P01-09,2.5118864315095824,7345.89772064223,False
cv_intercept,sentinel2,treatment_0002,P01-09,3.1622776601683795,7345.808954394413,False
cv_intercept,sentinel2,treatment_0002,P01-09,3.9810717055349776,7345.69724927155,False
cv_intercept,sentinel2,treatment_0002,P01-09,5.011872336272725,7345.556692072685,False
cv_intercept,sentinel2,treatment_0002,P01-09,6.309573444801943,7345.379853835097,False
cv_intercept,sentinel2,treatment_0002,P01-09,7.943282347242821,7345.157406282628,False
cv_intercept,sentinel2,treatment_0002,P01-09,10.0,7344.877644138002,False
cv_intercept,sentinel2,treatment_0002,P01-09,12.589254117941687,7344.5258919119915,False
cv_intercept,sentinel2,treatment_0002,P01-09,15.848931924611142,7344.083769951984,False
cv_intercept,sentinel2,treatment_0002,P01-09,19.95262314968883,7343.528290670636,False
cv_intercept,sentinel2,treatment_0002,P01-09,25.11886431509582,7342.830752496902,False
cv_intercept,sentinel2,treatment_0002,P01-09,31.622776601683793,7341.955397115701,False
cv_intercept,sentinel2,treatment_0002,P01-09,39.81071705534978,7340.85779653814,False
cv_intercept,sentinel2,treatment_0002,P01-09,50.11872336272725,7339.482942979192,False
cv_intercept,sentinel2,treatment_0002,P01-09,63.09573444801943,7337.763030325631,False
cv_intercept,sentinel2,treatment_0002,P01-09,79.43282347242821,7335.614947039914,False
cv_intercept,sentinel2,treatment_0002,P01-09,100.0,7332.937555159006,False
cv_intercept,sentinel2,treatment_0002,P01-09,125.89254117941688,7329.6089202358,False
cv_intercept,sentinel2,treatment_0002,P01-09,158.48931924611142,7325.483797368492,False
cv_intercept,sentinel2,treatment_0002,P01-09,199.5262314968883,7320.391885283414,False
cv_intercept,sentinel2,treatment_0002,P01-09,251.18864315095823,7314.137647472129,False
cv_intercept,sentinel2,treatment_0002,P01-09,316.22776601683796,7306.502867805917,False
cv_intercept,sentinel2,treatment_0002,P01-09,398.1071705534977,7297.253528187462,False
cv_intercept,sentinel2,treatment_0002,P01-09,501.18723362727246,7286.152977821634,False
cv_intercept,sentinel2,treatment_0002,P01-09,630.9573444801943,7272.98351923692,False
cv_intercept,sentinel2,treatment_0002,P01-09,794.3282347242822,7257.578144795172,False
cv_intercept,sentinel2,treatment_0002,P01-09,1000.0,7239.862774219661,False
cv_intercept,sentinel2,treatment_0002,P01-09,1258.9254117941687,7219.906514315273,False
cv_intercept,sentinel2,treatment_0002,P01-09,1584.893192461114,7197.973022712144,False
cv_intercept,sentinel2,treatment_0002,P01-09,1995.262314968883,7174.560635741716,False
cv_intercept,sentinel2,treatment_0002,P01-09,2511.886431509582,7150.414449535252,False
cv_intercept,sentinel2,treatment_0002,P01-09,3162.2776601683795,7126.493272871404,False
cv_intercept,sentinel2,treatment_0002,P01-09,3981.0717055349774,7103.881676983875,False
cv_intercept,sentinel2,treatment_0002,P01-09,5011.872336272725,7083.653171594233,False
cv_intercept,sentinel2,treatment_0002,P01-09,6309.573444801943,7066.710610365968,False
cv_intercept,sentinel2,treatment_0002,P01-09,7943.282347242822,7053.644882863182,False
cv_intercept,sentinel2,treatment_0002,P01-09,10000.0,7044.652917579406,True
cv_intercept,sentinel2,treatment_0003,P01-08,0.0001,5709.37617735003,False
cv_intercept,sentinel2,treatment_0003,P01-08,0.00012589254117941674,5709.376176192266,False
cv_intercept,sentinel2,treatment_0003,P01-08,0.00015848931924611142,5709.376174734727,False
cv_intercept,sentinel2,treatment_0003,P01-08,0.00019952623149688788,5709.376172899794,False
cv_intercept,sentinel2,treatment_0003,P01-08,0.00025118864315095795,5709.376170589751,False
cv_intercept,sentinel2,treatment_0003,P01-08,0.00031622776601683794,5709.376167681578,False
cv_intercept,sentinel2,treatment_0003,P01-08,0.00039810717055349735,5709.3761640204075,False
cv_intercept,sentinel2,treatment_0003,P01-08,0.0005011872336272725,5709.376159411265,False
cv_intercept,sentinel2,treatment_0003,P01-08,0.000630957344480193,5709.3761536086995,False
cv_intercept,sentinel2,treatment_0003,P01-08,0.0007943282347242813,5709.376146303702,False
cv_intercept,sentinel2,treatment_0003,P01-08,0.001,5709.376137107256,False
cv_intercept,sentinel2,treatment_0003,P01-08,0.0012589254117941675,5709.376125529616,False
cv_intercept,sentinel2,treatment_0003,P01-08,0.001584893192461114,5709.376110954234,False
cv_intercept,sentinel2,treatment_0003,P01-08,0.001995262314968879,5709.376092604915,False
cv_intercept,sentinel2,treatment_0003,P01-08,0.002511886431509582,5709.376069504498,False
cv_intercept,sentinel2,treatment_0003,P01-08,0.0031622776601683794,5709.3760404228005,False
cv_intercept,sentinel2,treatment_0003,P01-08,0.003981071705534973,5709.376003811125,False
cv_intercept,sentinel2,treatment_0003,P01-08,0.005011872336272725,5709.375957719767,False
cv_intercept,sentinel2,treatment_0003,P01-08,0.00630957344480193,5709.375899694212,False
cv_intercept,sentinel2,treatment_0003,P01-08,0.00794328234724282,5709.375826644403,False
cv_intercept,sentinel2,treatment_0003,P01-08,0.01,5709.375734680201,False
cv_intercept,sentinel2,treatment_0003,P01-08,0.012589254117941675,5709.375618904226,False
cv_intercept,sentinel2,treatment_0003,P01-08,0.01584893192461114,5709.375473151061,False
cv_intercept,sentinel2,treatment_0003,P01-08,0.01995262314968881,5709.375289658933,False
cv_intercept,sentinel2,treatment_0003,P01-08,0.025118864315095822,5709.375058656413,False
cv_intercept,sentinel2,treatment_0003,P01-08,0.03162277660168379,5709.374767842065,False
cv_intercept,sentinel2,treatment_0003,P01-08,0.039810717055349734,5709.374401729444,False
cv_intercept,sentinel2,treatment_0003,P01-08,0.05011872336272725,5709.373940822467,False
cv_intercept,sentinel2,treatment_0003,P01-08,0.06309573444801936,5709.373360577348,False
cv_intercept,sentinel2,treatment_0003,P01-08,0.07943282347242822,5709.372630095802,False
cv_intercept,sentinel2,treatment_0003,P01-08,0.1,5709.371710480015,False
cv_intercept,sentinel2,treatment_0003,P01-08,0.12589254117941676,5709.370552761831,False
cv_intercept,sentinel2,treatment_0003,P01-08,0.15848931924611143,5709.3690952960405,False
cv_intercept,sentinel2,treatment_0003,P01-08,0.19952623149688808,5709.367260479177,False
cv_intercept,sentinel2,treatment_0003,P01-08,0.25118864315095824,5709.36495061941,False
cv_intercept,sentinel2,treatment_0003,P01-08,0.31622776601683794,5709.362042738172,False
cv_intercept,sentinel2,treatment_0003,P01-08,0.3981071705534973,5709.358382027552,False
cv_intercept,sentinel2,treatment_0003,P01-08,0.5011872336272725,5709.3537736164235,False
cv_intercept,sentinel2,treatment_0003,P01-08,0.6309573444801936,5709.34797220905,False
cv_intercept,sentinel2,treatment_0003,P01-08,0.7943282347242822,5709.340669047846,False
cv_intercept,sentinel2,treatment_0003,P01-08,1.0,5709.331475511581,False
cv_intercept,sentinel2,treatment_0003,P01-08,1.2589254117941688,5709.319902484288,False
cv_intercept,sentinel2,treatment_0003,P01-08,1.584893192461114,5709.305334410118,False
cv_intercept,sentinel2,treatment_0003,P01-08,1.9952623149688788,5709.286996674398,False
cv_intercept,sentinel2,treatment_0003,P01-08,2.5118864315095824,5709.263914608609,False
cv_intercept,sentinel2,treatment_0003,P01-08,3.1622776601683795,5709.234861991151,False
cv_intercept,sentinel2,treatment_0003,P01-08,3.9810717055349776,5709.198296388431,False
cv_intercept,sentinel2,treatment_0003,P01-08,5.011872336272725,5709.152278030513,False
cv_intercept,sentinel2,treatment_0003,P01-08,6.309573444801943,5709.094368118542,False
cv_intercept,sentinel2,treatment_0003,P01-08,7.943282347242821,5709.021501491581,False
cv_intercept,sentinel2,treatment_0003,P01-08,10.0,5708.929827412996,False
cv_intercept,sentinel2,treatment_0003,P01-08,12.589254117941687,5708.814510849874,False
cv_intercept,sentinel2,treatment_0003,P01-08,15.848931924611142,5708.669485002813,False
cv_intercept,sentinel2,treatment_0003,P01-08,19.95262314968883,5708.487144009914,False
cv_intercept,sentinel2,treatment_0003,P01-08,25.11886431509582,5708.257962750951,False
cv_intercept,sentinel2,treatment_0003,P01-08,31.622776601683793,5707.970028638552,False
cv_intercept,sentinel2,treatment_0003,P01-08,39.81071705534978,5707.608468438914,False
cv_intercept,sentinel2,treatment_0003,P01-08,50.11872336272725,5707.154751929092,False
cv_intercept,sentinel2,treatment_0003,P01-08,63.09573444801943,5706.585854250425,False
cv_intercept,sentinel2,treatment_0003,P01-08,79.43282347242821,5705.87326122044,False
cv_intercept,sentinel2,treatment_0003,P01-08,100.0,5704.981808203492,False
cv_intercept,sentinel2,treatment_0003,P01-08,125.89254117941688,5703.86835566833,False
cv_intercept,sentinel2,treatment_0003,P01-08,158.48931924611142,5702.480326315343,False
cv_intercept,sentinel2,treatment_0003,P01-08,199.5262314968883,5700.754163457435,False
cv_intercept,sentinel2,treatment_0003,P01-08,251.18864315095823,5698.613822582536,False
cv_intercept,sentinel2,treatment_0003,P01-08,316.22776601683796,5695.969482168137,False
cv_intercept,sentinel2,treatment_0003,P01-08,398.1071705534977,5692.716759552897,False
cv_intercept,sentinel2,treatment_0003,P01-08,501.18723362727246,5688.736845010293,False
cv_intercept,sentinel2,treatment_0003,P01-08,630.9573444801943,5683.898121816423,False
cv_intercept,sentinel2,treatment_0003,P01-08,794.3282347242822,5678.060019014784,False
cv_intercept,sentinel2,treatment_0003,P01-08,1000.0,5671.080038220523,False
cv_intercept,sentinel2,treatment_0003,P01-08,1258.9254117941687,5662.825079133746,False
cv_intercept,sentinel2,treatment_0003,P01-08,1584.893192461114,5653.1882776180155,False
cv_intercept,sentinel2,treatment_0003,P01-08,1995.262314968883,5642.1123566417145,False
cv_intercept,sentinel2,treatment_0003,P01-08,2511.886431509582,5629.619568550227,False
cv_intercept,sentinel2,treatment_0003,P01-08,3162.2776601683795,5615.846119713412,False
cv_intercept,sentinel2,treatment_0003,P01-08,3981.0717055349774,5601.075159563231,False
cv_intercept,sentinel2,treatment_0003,P01-08,5011.872336272725,5585.757576769407,False
cv_intercept,sentinel2,treatment_0003,P01-08,6309.573444801943,5570.506279781696,False
cv_intercept,sentinel2,treatment_0003,P01-08,7943.282347242822,5556.051144715187,False
cv_intercept,sentinel2,treatment_0003,P01-08,10000.0,5543.15149522567,True
cv_intercept,sentinel2,treatment_0003,P01-09,0.0001,6339.026007053088,False
cv_intercept,sentinel2,treatment_0003,P01-09,0.00012589254117941674,6339.026006136572,False
cv_intercept,sentinel2,treatment_0003,P01-09,0.00015848931924611142,6339.026004982746,False
cv_intercept,sentinel2,treatment_0003,P01-09,0.00019952623149688788,6339.026003530167,False
cv_intercept,sentinel2,treatment_0003,P01-09,0.00025118864315095795,6339.026001701478,False
cv_intercept,sentinel2,treatment_0003,P01-09,0.00031622776601683794,6339.025999399295,False
cv_intercept,sentinel2,treatment_0003,P01-09,0.00039810717055349735,6339.025996501018,False
cv_intercept,sentinel2,treatment_0003,P01-09,0.0005011872336272725,6339.025992852305,False
cv_intercept,sentinel2,treatment_0003,P01-09,0.000630957344480193,6339.025988258844,False
cv_intercept,sentinel2,treatment_0003,P01-09,0.0007943282347242813,6339.025982476022,False
cv_intercept,sentinel2,treatment_0003,P01-09,0.001,6339.025975195882,False
cv_intercept,sentinel2,treatment_0003,P01-09,0.0012589254117941675,6339.025966030728,False
cv_intercept,sentinel2,treatment_0003,P01-09,0.001584893192461114,6339.025954492485,False
cv_intercept,sentinel2,treatment_0003,P01-09,0.001995262314968879,6339.025939966698,False
cv_intercept,sentinel2,treatment_0003,P01-09,0.002511886431509582,6339.025921679822,False
cv_intercept,sentinel2,treatment_0003,P01-09,0.0031622776601683794,6339.025898658012,False
cv_intercept,sentinel2,treatment_0003,P01-09,0.003981071705534973,6339.025869675278,False
cv_intercept,sentinel2,treatment_0003,P01-09,0.005011872336272725,6339.0258331881905,False
cv_intercept,sentinel2,treatment_0003,P01-09,0.00630957344480193,6339.02578725369,False
cv_intercept,sentinel2,treatment_0003,P01-09,0.00794328234724282,6339.025729425611,False
cv_intercept,sentinel2,treatment_0003,P01-09,0.01,6339.025656624422,False
cv_intercept,sentinel2,treatment_0003,P01-09,0.012589254117941675,6339.025564973235,False
cv_intercept,sentinel2,treatment_0003,P01-09,0.01584893192461114,6339.025449591355,False
cv_intercept,sentinel2,treatment_0003,P01-09,0.01995262314968881,6339.025304334371,False
cv_intercept,sentinel2,treatment_0003,P01-09,0.025118864315095822,6339.025121466979,False
cv_intercept,sentinel2,treatment_0003,P01-09,0.03162277660168379,6339.024891251078,False
cv_intercept,sentinel2,treatment_0003,P01-09,0.039810717055349734,6339.024601427223,False
cv_intercept,sentinel2,treatment_0003,P01-09,0.05011872336272725,6339.02423656187,False
cv_intercept,sentinel2,treatment_0003,P01-09,0.06309573444801936,6339.023777225602,False
cv_intercept,sentinel2,treatment_0003,P01-09,0.07943282347242822,6339.023198958671,False
cv_intercept,sentinel2,treatment_0003,P01-09,0.1,6339.0224709687545,False
cv_intercept,sentinel2,treatment_0003,P01-09,0.12589254117941676,6339.021554491707,False
cv_intercept,sentinel2,treatment_0003,P01-09,0.15848931924611143,6339.020400728073,False
cv_intercept,sentinel2,treatment_0003,P01-09,0.19952623149688808,6339.018948245699,False
cv_intercept,sentinel2,treatment_0003,P01-09,0.25118864315095824,6339.017119710405,False
cv_intercept,sentinel2,treatment_0003,P01-09,0.31622776601683794,6339.01481777105,False
cv_intercept,sentinel2,treatment_0003,P01-09,0.3981071705534973,6339.011919880656,False
cv_intercept,sentinel2,treatment_0003,P01-09,0.5011872336272725,6339.008271778875,False
cv_intercept,sentinel2,treatment_0003,P01-09,0.6309573444801936,6339.00367929064,False
cv_intercept,sentinel2,treatment_0003,P01-09,0.7943282347242822,6338.997898007142,False
cv_intercept,sentinel2,treatment_0003,P01-09,1.0,6338.990620304219,False
cv_intercept,sentinel2,treatment_0003,P01-09,1.2589254117941688,6338.981459014233,False
cv_intercept,sentinel2,treatment_0003,P01-09,1.584893192461114,6338.969926893496,False
cv_intercept,sentinel2,treatment_0003,P01-09,1.9952623149688788,6338.955410810215,False
cv_intercept,sentinel2,treatment_0003,P01-09,2.5118864315095824,6338.937139307554,False
cv_intercept,sentinel2,treatment_0003,P01-09,3.1622776601683795,6338.914141860519,False
cv_intercept,sentinel2,treatment_0003,P01-09,3.9810717055349776,6338.885197729965,False
cv_intercept,sentinel2,treatment_0003,P01-09,5.011872336272725,6338.848771805395,False
cv_intercept,sentinel2,treatment_0003,P01-09,6.309573444801943,6338.802934202353,False
cv_intercept,sentinel2,treatment_0003,P01-09,7.943282347242821,6338.745259620718,False
cv_intercept,sentinel2,treatment_0003,P01-09,10.0,6338.672701558839,False
cv_intercept,sentinel2,treatment_0003,P01-09,12.589254117941687,6338.581435401157,False
cv_intercept,sentinel2,treatment_0003,P01-09,15.848931924611142,6338.466663150247,False
cv_intercept,sentinel2,treatment_0003,P01-09,19.95262314968883,6338.322371174876,False
cv_intercept,sentinel2,treatment_0003,P01-09,25.11886431509582,6338.141030847568,False
cv_intercept,sentinel2,treatment_0003,P01-09,31.622776601683793,6337.9132304644245,False
cv_intercept,sentinel2,treatment_0003,P01-09,39.81071705534978,6337.627225594031,False
cv_intercept,sentinel2,treatment_0003,P01-09,50.11872336272725,6337.2683943671755,False
cv_intercept,sentinel2,treatment_0003,P01-09,63.09573444801943,6336.818584809702,False
cv_intercept,sentinel2,treatment_0003,P01-09,79.43282347242821,6336.255344098679,False
cv_intercept,sentinel2,treatment_0003,P01-09,100.0,6335.551026027231,False
cv_intercept,sentinel2,treatment_0003,P01-09,125.89254117941688,6334.671785055193,False
cv_intercept,sentinel2,treatment_0003,P01-09,158.48931924611142,6333.576485885599,False
cv_intercept,sentinel2,treatment_0003,P01-09,199.5262314968883,6332.2155900359685,False
cv_intercept,sentinel2,treatment_0003,P01-09,251.18864315095823,6330.530129293015,False
cv_intercept,sentinel2,treatment_0003,P01-09,316.22776601683796,6328.450943855791,False
cv_intercept,sentinel2,treatment_0003,P01-09,398.1071705534977,6325.898452266818,False
cv_intercept,sentinel2,treatment_0003,P01-09,501.18723362727246,6322.783328974312,False
cv_intercept,sentinel2,treatment_0003,P01-09,630.9573444801943,6319.008585473238,False
cv_intercept,sentinel2,treatment_0003,P01-09,794.3282347242822,6314.473666586856,False
cv_intercept,sentinel2,treatment_0003,P01-09,1000.0,6309.081261105452,False
cv_intercept,sentinel2,treatment_0003,P01-09,1258.9254117941687,6302.747555212745,False
cv_intercept,sentinel2,treatment_0003,P01-09,1584.893192461114,6295.416583843018,False
cv_intercept,sentinel2,treatment_0003,P01-09,1995.262314968883,6287.079072919854,False
cv_intercept,sentinel2,treatment_0003,P01-09,2511.886431509582,6277.795526586196,False
cv_intercept,sentinel2,treatment_0003,P01-09,3162.2776601683795,6267.721961316761,False
cv_intercept,sentinel2,treatment_0003,P01-09,3981.0717055349774,6257.13424113036,False
cv_intercept,sentinel2,treatment_0003,P01-09,5011.872336272725,6246.443445252935,False
cv_intercept,sentinel2,treatment_0003,P01-09,6309.573444801943,6236.1912926572495,False
cv_intercept,sentinel2,treatment_0003,P01-09,7943.282347242822,6227.014174925573,False
cv_intercept,sentinel2,treatment_0003,P01-09,10000.0,6219.57022778972,True
cv_intercept,sentinel2,treatment_0004,P01-08,0.0001,8423.072849258318,False
cv_intercept,sentinel2,treatment_0004,P01-08,0.00012589254117941674,8423.072848728018,False
cv_intercept,sentinel2,treatment_0004,P01-08,0.00015848931924611142,8423.072848060407,False
cv_intercept,sentinel2,treatment_0004,P01-08,0.00019952623149688788,8423.072847219933,False
cv_intercept,sentinel2,treatment_0004,P01-08,0.00025118864315095795,8423.072846161842,False
cv_intercept,sentinel2,treatment_0004,P01-08,0.00031622776601683794,8423.072844829787,False
cv_intercept,sentinel2,treatment_0004,P01-08,0.00039810717055349735,8423.072843152826,False
cv_intercept,sentinel2,treatment_0004,P01-08,0.0005011872336272725,8423.072841041656,False
cv_intercept,sentinel2,treatment_0004,P01-08,0.000630957344480193,8423.072838383852,False
cv_intercept,sentinel2,treatment_0004,P01-08,0.0007943282347242813,8423.072835037876,False
cv_intercept,sentinel2,treatment_0004,P01-08,0.001,8423.072830825542,False
cv_intercept,sentinel2,treatment_0004,P01-08,0.0012589254117941675,8423.07282552253,False
cv_intercept,sentinel2,treatment_0004,P01-08,0.001584893192461114,8423.072818846435,False
cv_intercept,sentinel2,treatment_0004,P01-08,0.001995262314968879,8423.07281044173,False
cv_intercept,sentinel2,treatment_0004,P01-08,0.002511886431509582,8423.072799860838,False
cv_intercept,sentinel2,treatment_0004,P01-08,0.0031622776601683794,8423.072786540291,False
cv_intercept,sentinel2,treatment_0004,P01-08,0.003981071705534973,8423.072769770726,False
cv_intercept,sentinel2,treatment_0004,P01-08,0.005011872336272725,8423.072748659111,False
cv_intercept,sentinel2,treatment_0004,P01-08,0.00630957344480193,8423.072722081188,False
cv_intercept,sentinel2,treatment_0004,P01-08,0.00794328234724282,8423.072688621609,False
cv_intercept,sentinel2,treatment_0004,P01-08,0.01,8423.072646498558,False
cv_intercept,sentinel2,treatment_0004,P01-08,0.012589254117941675,8423.072593468882,False
cv_intercept,sentinel2,treatment_0004,P01-08,0.01584893192461114,8423.07252670864,False
cv_intercept,sentinel2,treatment_0004,P01-08,0.01995262314968881,8423.072442662735,False
cv_intercept,sentinel2,treatment_0004,P01-08,0.025118864315095822,8423.072336855617,False
cv_intercept,sentinel2,treatment_0004,P01-08,0.03162277660168379,8423.072203653006,False
cv_intercept,sentinel2,treatment_0004,P01-08,0.039810717055349734,8423.072035961888,False
cv_intercept,sentinel2,treatment_0004,P01-08,0.05011872336272725,8423.071824852917,False
cv_intercept,sentinel2,treatment_0004,P01-08,0.06309573444801936,8423.07155908507,False
cv_intercept,sentinel2,treatment_0004,P01-08,0.07943282347242822,8423.071224507294,False
cv_intercept,sentinel2,treatment_0004,P01-08,0.1,8423.070803305358,False
cv_intercept,sentinel2,treatment_0004,P01-08,0.12589254117941676,8423.070273053887,False
cv_intercept,sentinel2,treatment_0004,P01-08,0.15848931924611143,8423.069605523238,False
cv_intercept,sentinel2,treatment_0004,P01-08,0.19952623149688808,8423.068765177935,False
cv_intercept,sentinel2,treatment_0004,P01-08,0.25118864315095824,8423.067707287077,False
cv_intercept,sentinel2,treatment_0004,P01-08,0.31622776601683794,8423.066375546683,False
cv_intercept,sentinel2,treatment_0004,P01-08,0.3981071705534973,8423.06469908833,False
cv_intercept,sentinel2,treatment_0004,P01-08,0.5011872336272725,8423.062588716286,False
cv_intercept,sentinel2,treatment_0004,P01-08,0.6309573444801936,8423.059932175162,False
cv_intercept,sentinel2,treatment_0004,P01-08,0.7943282347242822,8423.056588199845,False
cv_intercept,sentinel2,treatment_0004,P01-08,1.0,8423.05237903693,False
cv_intercept,sentinel2,treatment_0004,P01-08,1.2589254117941688,8423.047081048866,False
cv_intercept,sentinel2,treatment_0004,P01-08,1.584893192461114,8423.040412915607,False
cv_intercept,sentinel2,treatment_0004,P01-08,1.9952623149688788,8423.032020829374,False
cv_intercept,sentinel2,treatment_0004,P01-08,2.5118864315095824,8423.021459931917,False
cv_intercept,sentinel2,treatment_0004,P01-08,3.1622776601683795,8423.00817106567,False
cv_intercept,sentinel2,treatment_0004,P01-08,3.9810717055349776,8422.991451695365,False
cv_intercept,sentinel2,treatment_0004,P01-08,5.011872336272725,8422.970419601204,False
cv_intercept,sentinel2,treatment_0004,P01-08,6.309573444801943,8422.943967646395,False
cv_intercept,sentinel2,treatment_0004,P01-08,7.943282347242821,8422.91070758297,False
cv_intercept,sentinel2,treatment_0004,P01-08,10.0,8422.868900490614,False
cv_intercept,sentinel2,treatment_0004,P01-08,12.589254117941687,8422.816371068027,False
cv_intercept,sentinel2,treatment_0004,P01-08,15.848931924611142,8422.750402663347,False
cv_intercept,sentinel2,treatment_0004,P01-08,19.95262314968883,8422.667609726135,False
cv_intercept,sentinel2,treatment_0004,P01-08,25.11886431509582,8422.56378443759,False
cv_intercept,sentinel2,treatment_0004,P01-08,31.622776601683793,8422.433714872594,False
cv_intercept,sentinel2,treatment_0004,P01-08,39.81071705534978,8422.270973557414,False
cv_intercept,sentinel2,treatment_0004,P01-08,50.11872336272725,8422.067678314183,False
cv_intercept,sentinel2,treatment_0004,P01-08,63.09573444801943,8421.814232733555,False
cv_intercept,sentinel2,treatment_0004,P01-08,79.43282347242821,8421.499062803805,False
cv_intercept,sentinel2,treatment_0004,P01-08,100.0,8421.108380970667,False
cv_intercept,sentinel2,treatment_0004,P01-08,125.89254117941688,8420.626031594491,False
cv_intercept,sentinel2,treatment_0004,P01-08,158.48931924611142,8420.033505272004,False
cv_intercept,sentinel2,treatment_0004,P01-08,199.5262314968883,8419.310256745717,False
cv_intercept,sentinel2,treatment_0004,P01-08,251.18864315095823,8418.434524222464,False
cv_intercept,sentinel2,treatment_0004,P01-08,316.22776601683796,8417.384926305605,False
cv_intercept,sentinel2,treatment_0004,P01-08,398.1071705534977,8416.14320034664,False
cv_intercept,sentinel2,treatment_0004,P01-08,501.18723362727246,8414.698527437891,False
cv_intercept,sentinel2,treatment_0004,P01-08,630.9573444801943,8413.053935751886,False
cv_intercept,sentinel2,treatment_0004,P01-08,794.3282347242822,8411.235240862214,False
cv_intercept,sentinel2,treatment_0004,P01-08,1000.0,8409.302809418812,False
cv_intercept,sentinel2,treatment_0004,P01-08,1258.9254117941687,8407.36605125806,False
cv_intercept,sentinel2,treatment_0004,P01-08,1584.893192461114,8405.599881320999,False
cv_intercept,sentinel2,treatment_0004,P01-08,1995.262314968883,8404.261377075349,False
cv_intercept,sentinel2,treatment_0004,P01-08,2511.886431509582,8403.703444561816,True
cv_intercept,sentinel2,treatment_0004,P01-08,3162.2776601683795,8404.380551691955,False
cv_intercept,sentinel2,treatment_0004,P01-08,3981.0717055349774,8406.83982921768,False
cv_intercept,sentinel2,treatment_0004,P01-08,5011.872336272725,8411.689971303647,False
cv_intercept,sentinel2,treatment_0004,P01-08,6309.573444801943,8419.541968666881,False
cv_intercept,sentinel2,treatment_0004,P01-08,7943.282347242822,8430.921559134424,False
cv_intercept,sentinel2,treatment_0004,P01-08,10000.0,8446.163882223613,False
cv_intercept,sentinel2,treatment_0004,P01-09,0.0001,10107.781724030487,False
cv_intercept,sentinel2,treatment_0004,P01-09,0.00012589254117941674,10107.781723208715,False
cv_intercept,sentinel2,treatment_0004,P01-09,0.00015848931924611142,10107.781722174164,False
cv_intercept,sentinel2,treatment_0004,P01-09,0.00019952623149688788,10107.781720871744,False
cv_intercept,sentinel2,treatment_0004,P01-09,0.00025118864315095795,10107.781719232094,False
cv_intercept,sentinel2,treatment_0004,P01-09,0.00031622776601683794,10107.781717167894,False
cv_intercept,sentinel2,treatment_0004,P01-09,0.00039810717055349735,10107.781714569226,False
cv_intercept,sentinel2,treatment_0004,P01-09,0.0005011872336272725,10107.781711297692,False
cv_intercept,sentinel2,treatment_0004,P01-09,0.000630957344480193,10107.781707179076,False
cv_intercept,sentinel2,treatment_0004,P01-09,0.0007943282347242813,10107.781701994047,False
cv_intercept,sentinel2,treatment_0004,P01-09,0.001,10107.781695466481,False
cv_intercept,sentinel2,treatment_0004,P01-09,0.0012589254117941675,10107.781687248764,False
cv_intercept,sentinel2,treatment_0004,P01-09,0.001584893192461114,10107.781676903276,False
cv_intercept,sentinel2,treatment_0004,P01-09,0.001995262314968879,10107.781663879077,False
cv_intercept,sentinel2,treatment_0004,P01-09,0.002511886431509582,10107.78164748259,False
cv_intercept,sentinel2,treatment_0004,P01-09,0.0031622776601683794,10107.781626840637,False
cv_intercept,sentinel2,treatment_0004,P01-09,0.003981071705534973,10107.781600853974,False
cv_intercept,sentinel2,treatment_0004,P01-09,0.005011872336272725,10107.781568138711,False
cv_intercept,sentinel2,treatment_0004,P01-09,0.00630957344480193,10107.781526952664,False
cv_intercept,sentinel2,treatment_0004,P01-09,0.00794328234724282,10107.781475102543,False
cv_intercept,sentinel2,treatment_0004,P01-09,0.01,10107.78140982717,False
cv_intercept,sentinel2,treatment_0004,P01-09,0.012589254117941675,10107.78132765044,False
cv_intercept,sentinel2,treatment_0004,P01-09,0.01584893192461114,10107.781224196224,False
cv_intercept,sentinel2,treatment_0004,P01-09,0.01995262314968881,10107.78109395533,False
cv_intercept,sentinel2,treatment_0004,P01-09,0.025118864315095822,10107.78092999215,False
cv_intercept,sentinel2,treatment_0004,P01-09,0.03162277660168379,10107.780723575357,False
cv_intercept,sentinel2,treatment_0004,P01-09,0.039810717055349734,10107.780463713,False
cv_intercept,sentinel2,treatment_0004,P01-09,0.05011872336272725,10107.780136567233,False
cv_intercept,sentinel2,treatment_0004,P01-09,0.06309573444801936,10107.779724717582,False
cv_intercept,sentinel2,treatment_0004,P01-09,0.07943282347242822,10107.779206233514,False
cv_intercept,sentinel2,treatment_0004,P01-09,0.1,10107.778553506958,False
cv_intercept,sentinel2,treatment_0004,P01-09,0.12589254117941676,10107.777731782753,False
cv_intercept,sentinel2,treatment_0004,P01-09,0.15848931924611143,10107.776697308876,False
cv_intercept,sentinel2,treatment_0004,P01-09,0.19952623149688808,10107.775395008153,False
cv_intercept,sentinel2,treatment_0004,P01-09,0.25118864315095824,10107.77375554787,False
cv_intercept,sentinel2,treatment_0004,P01-09,0.31622776601683794,10107.771691651775,False
cv_intercept,sentinel2,treatment_0004,P01-09,0.3981071705534973,10107.769093458972,False
cv_intercept,sentinel2,treatment_0004,P01-09,0.5011872336272725,10107.76582268404,False
cv_intercept,sentinel2,treatment_0004,P01-09,0.6309573444801936,10107.761705269604,False
cv_intercept,sentinel2,treatment_0004,P01-09,0.7943282347242822,10107.756522143767,False
cv_intercept,sentinel2,treatment_0004,P01-09,1.0,10107.749997595874,False
cv_intercept,sentinel2,treatment_0004,P01-09,1.2589254117941688,10107.741784660735,False
cv_intercept,sentinel2,treatment_0004,P01-09,1.584893192461114,10107.731446747279,False
cv_intercept,sentinel2,treatment_0004,P01-09,1.9952623149688788,10107.71843455615,False
cv_intercept,sentinel2,treatment_0004,P01-09,2.5118864315095824,10107.702057093114,False
cv_intercept,sentinel2,treatment_0004,P01-09,3.1622776601683795,10107.681445291708,False
cv_intercept,sentinel2,treatment_0004,P01-09,3.9810717055349776,10107.655506398358,False
cv_intercept,sentinel2,treatment_0004,P01-09,5.011872336272725,10107.622866833819,False
cv_intercept,sentinel2,treatment_0004,P01-09,6.309573444801943,10107.581800714055,False
cv_intercept,sentinel2,treatment_0004,P01-09,7.943282347242821,10107.530140581326,False
cv_intercept,sentinel2,treatment_0004,P01-09,10.0,10107.465166155289,False
cv_intercept,sentinel2,treatment_0004,P01-09,12.589254117941687,10107.383466068892,False
cv_intercept,sentinel2,treatment_0004,P01-09,15.848931924611142,10107.28076662629,False
cv_intercept,sentinel2,treatment_0004,P01-09,19.95262314968883,10107.151720665404,False
cv_intercept,sentinel2,treatment_0004,P01-09,25.11886431509582,10106.989648736215,False
cv_intercept,sentinel2,treatment_0004,P01-09,31.622776601683793,10106.786224218884,False
cv_intercept,sentinel2,treatment_0004,P01-09,39.81071705534978,10106.531094047861,False
cv_intercept,sentinel2,treatment_0004,P01-09,50.11872336272725,10106.211427947093,False
cv_intercept,sentinel2,treatment_0004,P01-09,63.09573444801943,10105.811392419106,False
cv_intercept,sentinel2,treatment_0004,P01-09,79.43282347242821,10105.311552555911,False
cv_intercept,sentinel2,treatment_0004,P01-09,100.0,10104.68821712039,False
cv_intercept,sentinel2,treatment_0004,P01-09,125.89254117941688,10103.912763244161,False
cv_intercept,sentinel2,treatment_0004,P01-09,158.48931924611142,10102.951010537674,False
cv_intercept,sentinel2,treatment_0004,P01-09,199.5262314968883,10101.762765533927,False
cv_intercept,sentinel2,treatment_0004,P01-09,251.18864315095823,10100.301731997972,False
cv_intercept,sentinel2,treatment_0004,P01-09,316.22776601683796,10098.51608596675,False
cv_intercept,sentinel2,treatment_0004,P01-09,398.1071705534977,10096.350148349828,False
cv_intercept,sentinel2,treatment_0004,P01-09,501.18723362727246,10093.747746092788,False
cv_intercept,sentinel2,treatment_0004,P01-09,630.9573444801943,10090.658012669275,False
cv_intercept,sentinel2,treatment_0004,P01-09,794.3282347242822,10087.044490920469,False
cv_intercept,sentinel2,treatment_0004,P01-09,1000.0,10082.898380066259,False
cv_intercept,sentinel2,treatment_0004,P01-09,1258.9254117941687,10078.25648655969,False
cv_intercept,sentinel2,treatment_0004,P01-09,1584.893192461114,10073.223736151584,False
cv_intercept,sentinel2,treatment_0004,P01-09,1995.262314968883,10067.998826582625,False
cv_intercept,sentinel2,treatment_0004,P01-09,2511.886431509582,10062.899665850857,False
cv_intercept,sentinel2,treatment_0004,P01-09,3162.2776601683795,10058.382758200174,False
cv_intercept,sentinel2,treatment_0004,P01-09,3981.0717055349774,10055.048127789298,False
cv_intercept,sentinel2,treatment_0004,P01-09,5011.872336272725,10053.619703860617,True
cv_intercept,sentinel2,treatment_0004,P01-09,6309.573444801943,10054.891949807794,False
cv_intercept,sentinel2,treatment_0004,P01-09,7943.282347242822,10059.638817671115,False
cv_intercept,sentinel2,treatment_0004,P01-09,10000.0,10068.491911900295,False
cv_intercept,sentinel2,treatment_0005,P01-08,0.0001,8745.743973679157,False
cv_intercept,sentinel2,treatment_0005,P01-08,0.00012589254117941674,8745.743971887967,False
cv_intercept,sentinel2,treatment_0005,P01-08,0.00015848931924611142,8745.743969632991,False
cv_intercept,sentinel2,treatment_0005,P01-08,0.00019952623149688788,8745.743966794147,False
cv_intercept,sentinel2,treatment_0005,P01-08,0.00025118864315095795,8745.743963220255,False
cv_intercept,sentinel2,treatment_0005,P01-08,0.00031622776601683794,8745.74395872099,False
cv_intercept,sentinel2,treatment_0005,P01-08,0.00039810717055349735,8745.743953056754,False
cv_intercept,sentinel2,treatment_0005,P01-08,0.0005011872336272725,8745.7439459259,False
cv_intercept,sentinel2,treatment_0005,P01-08,0.000630957344480193,8745.74393694869,False
cv_intercept,sentinel2,treatment_0005,P01-08,0.0007943282347242813,8745.743925647052,False
cv_intercept,sentinel2,treatment_0005,P01-08,0.001,8745.743911419137,False
cv_intercept,sentinel2,treatment_0005,P01-08,0.0012589254117941675,8745.743893507251,False
cv_intercept,sentinel2,treatment_0005,P01-08,0.001584893192461114,8745.743870957529,False
cv_intercept,sentinel2,treatment_0005,P01-08,0.001995262314968879,8745.743842569116,False
cv_intercept,sentinel2,treatment_0005,P01-08,0.002511886431509582,8745.743806830233,False
cv_intercept,sentinel2,treatment_0005,P01-08,0.0031622776601683794,8745.74376183766,False
cv_intercept,sentinel2,treatment_0005,P01-08,0.003981071705534973,8745.743705195395,False
cv_intercept,sentinel2,treatment_0005,P01-08,0.005011872336272725,8745.743633887043,False
cv_intercept,sentinel2,treatment_0005,P01-08,0.00630957344480193,8745.743544115212,False
cv_intercept,sentinel2,treatment_0005,P01-08,0.00794328234724282,8745.743431099272,False
cv_intercept,sentinel2,treatment_0005,P01-08,0.01,8745.743288820795,False
cv_intercept,sentinel2,treatment_0005,P01-08,0.012589254117941675,8745.743109703053,False
cv_intercept,sentinel2,treatment_0005,P01-08,0.01584893192461114,8745.742884207579,False
cv_intercept,sentinel2,treatment_0005,P01-08,0.01995262314968881,8745.742600326224,False
cv_intercept,sentinel2,treatment_0005,P01-08,0.025118864315095822,8745.742242941775,False
cv_intercept,sentinel2,treatment_0005,P01-08,0.03162277660168379,8745.741793022999,False
cv_intercept,sentinel2,treatment_0005,P01-08,0.039810717055349734,8745.741226611337,False
cv_intercept,sentinel2,treatment_0005,P01-08,0.05011872336272725,8745.740513545285,False
cv_intercept,sentinel2,treatment_0005,P01-08,0.06309573444801936,8745.739615854636,False
cv_intercept,sentinel2,treatment_0005,P01-08,0.07943282347242822,8745.738485739084,False
cv_intercept,sentinel2,treatment_0005,P01-08,0.1,8745.737063023775,False
cv_intercept,sentinel2,treatment_0005,P01-08,0.12589254117941676,8745.735271956477,False
cv_intercept,sentinel2,treatment_0005,P01-08,0.15848931924611143,8745.733017176222,False
cv_intercept,sentinel2,treatment_0005,P01-08,0.19952623149688808,8745.730178639262,False
cv_intercept,sentinel2,treatment_0005,P01-08,0.25118864315095824,8745.726605233109,False
cv_intercept,sentinel2,treatment_0005,P01-08,0.31622776601683794,8745.722106740031,False
cv_intercept,sentinel2,treatment_0005,P01-08,0.3981071705534973,8745.716443724341,False
cv_intercept,sentinel2,treatment_0005,P01-08,0.5011872336272725,8745.709314808635,False
cv_intercept,sentinel2,treatment_0005,P01-08,0.6309573444801936,8745.700340667245,False
cv_intercept,sentinel2,treatment_0005,P01-08,0.7943282347242822,8745.689043893708,False
cv_intercept,sentinel2,treatment_0005,P01-08,1.0,8745.674823684778,False
cv_intercept,sentinel2,treatment_0005,P01-08,1.2589254117941688,8745.656924015995,False
cv_intercept,sentinel2,treatment_0005,P01-08,1.584893192461114,8745.63439365069,False
cv_intercept,sentinel2,treatment_0005,P01-08,1.9952623149688788,8745.606035910872,False
cv_intercept,sentinel2,treatment_0005,P01-08,2.5118864315095824,8745.57034562691,False
cv_intercept,sentinel2,treatment_0005,P01-08,3.1622776601683795,8745.525430053529,False
cv_intercept,sentinel2,treatment_0005,P01-08,3.9810717055349776,8745.468909770103,False
cv_intercept,sentinel2,treatment_0005,P01-08,5.011872336272725,8745.397794649982,False
cv_intercept,sentinel2,treatment_0005,P01-08,6.309573444801943,8745.308328865141,False
cv_intercept,sentinel2,treatment_0005,P01-08,7.943282347242821,8745.195797572112,False
cv_intercept,sentinel2,treatment_0005,P01-08,10.0,8745.054286400133,False
cv_intercept,sentinel2,treatment_0005,P01-08,12.589254117941687,8744.876383155424,False
cv_intercept,sentinel2,treatment_0005,P01-08,15.848931924611142,8744.65280933557,False
cv_intercept,sentinel2,treatment_0005,P01-08,19.95262314968883,8744.371967261166,False
cv_intercept,sentinel2,treatment_0005,P01-08,25.11886431509582,8744.019387149721,False
cv_intercept,sentinel2,treatment_0005,P01-08,31.622776601683793,8743.577057743263,False
cv_intercept,sentinel2,treatment_0005,P01-08,39.81071705534978,8743.022624907639,False
cv_intercept,sentinel2,treatment_0005,P01-08,50.11872336272725,8742.32844610803,False
cv_intercept,sentinel2,treatment_0005,P01-08,63.09573444801943,8741.46049653562,False
cv_intercept,sentinel2,treatment_0005,P01-08,79.43282347242821,8740.377137282983,False
cv_intercept,sentinel2,treatment_0005,P01-08,100.0,8739.027780394004,False
cv_intercept,sentinel2,treatment_0005,P01-08,125.89254117941688,8737.35152335547,False
cv_intercept,sentinel2,treatment_0005,P01-08,158.48931924611142,8735.275879872333,False
cv_intercept,sentinel2,treatment_0005,P01-08,199.5262314968883,8732.715805901178,False
cv_intercept,sentinel2,treatment_0005,P01-08,251.18864315095823,8729.573306518803,False
cv_intercept,sentinel2,treatment_0005,P01-08,316.22776601683796,8725.73799819245,False
cv_intercept,sentinel2,treatment_0005,P01-08,398.1071705534977,8721.08906765033,False
cv_intercept,sentinel2,treatment_0005,P01-08,501.18723362727246,8715.499074883433,False
cv_intercept,sentinel2,treatment_0005,P01-08,630.9573444801943,8708.83995192102,False
cv_intercept,sentinel2,treatment_0005,P01-08,794.3282347242822,8700.991331126126,False
cv_intercept,sentinel2,treatment_0005,P01-08,1000.0,8691.851041827098,False
cv_intercept,sentinel2,treatment_0005,P01-08,1258.9254117941687,8681.347387423353,False
cv_intercept,sentinel2,treatment_0005,P01-08,1584.893192461114,8669.452871973215,False
cv_intercept,sentinel2,treatment_0005,P01-08,1995.262314968883,8656.199503963499,False
cv_intercept,sentinel2,treatment_0005,P01-08,2511.886431509582,8641.696390911495,False
cv_intercept,sentinel2,treatment_0005,P01-08,3162.2776601683795,8626.15017053186,False
cv_intercept,sentinel2,treatment_0005,P01-08,3981.0717055349774,8609.886688933688,False
cv_intercept,sentinel2,treatment_0005,P01-08,5011.872336272725,8593.367719457838,False
cv_intercept,sentinel2,treatment_0005,P01-08,6309.573444801943,8577.190974872212,False
cv_intercept,sentinel2,treatment_0005,P01-08,7943.282347242822,8562.05925520927,False
cv_intercept,sentinel2,treatment_0005,P01-08,10000.0,8548.709964292222,True
cv_intercept,sentinel2,treatment_0005,P01-09,0.0001,9697.018140923357,False
cv_intercept,sentinel2,treatment_0005,P01-09,0.00012589254117941674,9697.018139711507,False
cv_intercept,sentinel2,treatment_0005,P01-09,0.00015848931924611142,9697.01813818587,False
cv_intercept,sentinel2,treatment_0005,P01-09,0.00019952623149688788,9697.018136265211,False
cv_intercept,sentinel2,treatment_0005,P01-09,0.00025118864315095795,9697.018133847245,False
cv_intercept,sentinel2,treatment_0005,P01-09,0.00031622776601683794,9697.018130803206,False
cv_intercept,sentinel2,treatment_0005,P01-09,0.00039810717055349735,9697.018126970988,False
cv_intercept,sentinel2,treatment_0005,P01-09,0.0005011872336272725,9697.01812214651,False
cv_intercept,sentinel2,treatment_0005,P01-09,0.000630957344480193,9697.018116072855,False
cv_intercept,sentinel2,treatment_0005,P01-09,0.0007943282347242813,9697.018108426579,False
cv_intercept,sentinel2,treatment_0005,P01-09,0.001,9697.018098800483,False
cv_intercept,sentinel2,treatment_0005,P01-09,0.0012589254117941675,9697.01808668195,False
cv_intercept,sentinel2,treatment_0005,P01-09,0.001584893192461114,9697.018071425624,False
cv_intercept,sentinel2,treatment_0005,P01-09,0.001995262314968879,9697.01805221905,False
cv_intercept,sentinel2,treatment_0005,P01-09,0.002511886431509582,9697.01802803941,False
cv_intercept,sentinel2,treatment_0005,P01-09,0.0031622776601683794,9697.017997599058,False
cv_intercept,sentinel2,treatment_0005,P01-09,0.003981071705534973,9697.017959276938,False
cv_intercept,sentinel2,treatment_0005,P01-09,0.005011872336272725,9697.017911032268,False
cv_intercept,sentinel2,treatment_0005,P01-09,0.00630957344480193,9697.017850295862,False
cv_intercept,sentinel2,treatment_0005,P01-09,0.00794328234724282,9697.01777383331,False
cv_intercept,sentinel2,treatment_0005,P01-09,0.01,9697.017677572747,False
cv_intercept,sentinel2,treatment_0005,P01-09,0.012589254117941675,9697.017556388018,False
cv_intercept,sentinel2,treatment_0005,P01-09,0.01584893192461114,9697.0174038257,False
cv_intercept,sentinel2,treatment_0005,P01-09,0.01995262314968881,9697.017211761458,False
cv_intercept,sentinel2,treatment_0005,P01-09,0.025118864315095822,9697.016969967453,False
cv_intercept,sentinel2,treatment_0005,P01-09,0.03162277660168379,9697.016665567699,False
cv_intercept,sentinel2,treatment_0005,P01-09,0.039810717055349734,9697.016282352477,False
cv_intercept,sentinel2,treatment_0005,P01-09,0.05011872336272725,9697.015799915267,False
cv_intercept,sentinel2,treatment_0005,P01-09,0.06309573444801936,9697.015192566232,False
cv_intercept,sentinel2,treatment_0005,P01-09,0.07943282347242822,9697.014427964545,False
cv_intercept,sentinel2,treatment_0005,P01-09,0.1,9697.013465396678,False
cv_intercept,sentinel2,treatment_0005,P01-09,0.12589254117941676,9697.012253609197,False
cv_intercept,sentinel2,treatment_0005,P01-09,0.15848931924611143,9697.010728080813,False
cv_intercept,sentinel2,treatment_0005,P01-09,0.19952623149688808,9697.008807588705,False
cv_intercept,sentinel2,treatment_0005,P01-09,0.25118864315095824,9697.006389886807,False
cv_intercept,sentinel2,treatment_0005,P01-09,0.31622776601683794,9697.0033462667,False
cv_intercept,sentinel2,treatment_0005,P01-09,0.3981071705534973,9696.99951471269,False
cv_intercept,sentinel2,treatment_0005,P01-09,0.5011872336272725,9696.994691288597,False
cv_intercept,sentinel2,treatment_0005,P01-09,0.6309573444801936,9696.988619300719,False
cv_intercept,sentinel2,treatment_0005,P01-09,0.7943282347242822,9696.98097566488,False
cv_intercept,sentinel2,treatment_0005,P01-09,1.0,9696.971353759533,False
cv_intercept,sentinel2,treatment_0005,P01-09,1.2589254117941688,9696.959241864382,False
cv_intercept,sentinel2,treatment_0005,P01-09,1.584893192461114,9696.943996056227,False
cv_intercept,sentinel2,treatment_0005,P01-09,1.9952623149688788,9696.924806150271,False
cv_intercept,sentinel2,treatment_0005,P01-09,2.5118864315095824,9696.9006529231,False
cv_intercept,sentinel2,treatment_0005,P01-09,3.1622776601683795,9696.870254418338,False
cv_intercept,sentinel2,treatment_0005,P01-09,3.9810717055349776,9696.831998600637,False
cv_intercept,sentinel2,treatment_0005,P01-09,5.011872336272725,9696.783858969027,False
cv_intercept,sentinel2,treatment_0005,P01-09,6.309573444801943,9696.723288947556,False
cv_intercept,sentinel2,treatment_0005,P01-09,7.943282347242821,9696.647089920956,False
cv_intercept,sentinel2,treatment_0005,P01-09,10.0,9696.551246662311,False
cv_intercept,sentinel2,treatment_0005,P01-09,12.589254117941687,9696.43072260694,False
cv_intercept,sentinel2,treatment_0005,P01-09,15.848931924611142,9696.279205981866,False
cv_intercept,sentinel2,treatment_0005,P01-09,19.95262314968883,9696.088796264405,False
cv_intercept,sentinel2,treatment_0005,P01-09,25.11886431509582,9695.849618942742,False
cv_intercept,sentinel2,treatment_0005,P01-09,31.622776601683793,9695.549355320993,False
cv_intercept,sentinel2,treatment_0005,P01-09,39.81071705534978,9695.172673549927,False
cv_intercept,sentinel2,treatment_0005,P01-09,50.11872336272725,9694.70054781896,False
cv_intercept,sentinel2,treatment_0005,P01-09,63.09573444801943,9694.109455707892,False
cv_intercept,sentinel2,treatment_0005,P01-09,79.43282347242821,9693.370450526541,False
cv_intercept,sentinel2,treatment_0005,P01-09,100.0,9692.448118086708,False
cv_intercept,sentinel2,treatment_0005,P01-09,125.89254117941688,9691.299448353775,False
cv_intercept,sentinel2,treatment_0005,P01-09,158.48931924611142,9689.872684797258,False
cv_intercept,sentinel2,treatment_0005,P01-09,199.5262314968883,9688.106260750734,False
cv_intercept,sentinel2,treatment_0005,P01-09,251.18864315095823,9685.927993904901,False
cv_intercept,sentinel2,treatment_0005,P01-09,316.22776601683796,9683.25478460938,False
cv_intercept,sentinel2,treatment_0005,P01-09,398.1071705534977,9679.993141548352,False
cv_intercept,sentinel2,treatment_0005,P01-09,501.18723362727246,9676.04092067763,False
cv_intercept,sentinel2,treatment_0005,P01-09,630.9573444801943,9671.290682244715,False
cv_intercept,sentinel2,treatment_0005,P01-09,794.3282347242822,9665.63501827063,False
cv_intercept,sentinel2,treatment_0005,P01-09,1000.0,9658.974072126042,False
cv_intercept,sentinel2,treatment_0005,P01-09,1258.9254117941687,9651.225306439717,False
cv_intercept,sentinel2,treatment_0005,P01-09,1584.893192461114,9642.335482330736,False
cv_intercept,sentinel2,treatment_0005,P01-09,1995.262314968883,9632.29490654627,False
cv_intercept,sentinel2,treatment_0005,P01-09,2511.886431509582,9621.154239148831,False
cv_intercept,sentinel2,treatment_0005,P01-09,3162.2776601683795,9609.044103797629,False
cv_intercept,sentinel2,treatment_0005,P01-09,3981.0717055349774,9596.1965485311,False
cv_intercept,sentinel2,treatment_0005,P01-09,5011.872336272725,9582.964274755612,False
cv_intercept,sentinel2,treatment_0005,P01-09,6309.573444801943,9569.828857481329,False
cv_intercept,sentinel2,treatment_0005,P01-09,7943.282347242822,9557.385465968095,False
cv_intercept,sentinel2,treatment_0005,P01-09,10000.0,9546.293110587112,True
cv_intercept,sentinel2,treatment_0006,P01-08,0.0001,7217.747887565585,False
cv_intercept,sentinel2,treatment_0006,P01-08,0.00012589254117941674,7217.747886619406,False
cv_intercept,sentinel2,treatment_0006,P01-08,0.00015848931924611142,7217.747885428239,False
cv_intercept,sentinel2,treatment_0006,P01-08,0.00019952623149688788,7217.747883928648,False
cv_intercept,sentinel2,treatment_0006,P01-08,0.00025118864315095795,7217.747882040776,False
cv_intercept,sentinel2,treatment_0006,P01-08,0.00031622776601683794,7217.747879664086,False
cv_intercept,sentinel2,treatment_0006,P01-08,0.00039810717055349735,7217.74787667201,False
cv_intercept,sentinel2,treatment_0006,P01-08,0.0005011872336272725,7217.747872905209,False
cv_intercept,sentinel2,treatment_0006,P01-08,0.000630957344480193,7217.747868163089,False
cv_intercept,sentinel2,treatment_0006,P01-08,0.0007943282347242813,7217.747862193116,False
cv_intercept,sentinel2,treatment_0006,P01-08,0.001,7217.747854677364,False
cv_intercept,sentinel2,treatment_0006,P01-08,0.0012589254117941675,7217.747845215595,False
cv_intercept,sentinel2,treatment_0006,P01-08,0.001584893192461114,7217.747833303936,False
cv_intercept,sentinel2,treatment_0006,P01-08,0.001995262314968879,7217.747818308049,False
cv_intercept,sentinel2,treatment_0006,P01-08,0.002511886431509582,7217.747799429351,False
cv_intercept,sentinel2,treatment_0006,P01-08,0.0031622776601683794,7217.747775662491,False
cv_intercept,sentinel2,treatment_0006,P01-08,0.003981071705534973,7217.747745741799,False
cv_intercept,sentinel2,treatment_0006,P01-08,0.005011872336272725,7217.747708073904,False
cv_intercept,sentinel2,treatment_0006,P01-08,0.00630957344480193,7217.747660652871,False
cv_intercept,sentinel2,treatment_0006,P01-08,0.00794328234724282,7217.7476009533875,False
cv_intercept,sentinel2,treatment_0006,P01-08,0.01,7217.747525796285,False
cv_intercept,sentinel2,treatment_0006,P01-08,0.012589254117941675,7217.747431179249,False
cv_intercept,sentinel2,treatment_0006,P01-08,0.01584893192461114,7217.747312063695,False
cv_intercept,sentinel2,treatment_0006,P01-08,0.01995262314968881,7217.747162106472,False
cv_intercept,sentinel2,treatment_0006,P01-08,0.025118864315095822,7217.746973322113,False
cv_intercept,sentinel2,treatment_0006,P01-08,0.03162277660168379,7217.746735657627,False
cv_intercept,sentinel2,treatment_0006,P01-08,0.039810717055349734,7217.746436457264,False
cv_intercept,sentinel2,treatment_0006,P01-08,0.05011872336272725,7217.746059788698,False
cv_intercept,sentinel2,treatment_0006,P01-08,0.06309573444801936,7217.745585594828,False
cv_intercept,sentinel2,treatment_0006,P01-08,0.07943282347242822,7217.744988626078,False
cv_intercept,sentinel2,treatment_0006,P01-08,0.1,7217.744237096393,False
cv_intercept,sentinel2,treatment_0006,P01-08,0.12589254117941676,7217.743290991548,False
cv_intercept,sentinel2,treatment_0006,P01-08,0.15848931924611143,7217.742099939845,False
cv_intercept,sentinel2,treatment_0006,P01-08,0.19952623149688808,7217.740600532193,False
cv_intercept,sentinel2,treatment_0006,P01-08,0.25118864315095824,7217.738712949391,False
cv_intercept,sentinel2,treatment_0006,P01-08,0.31622776601683794,7217.736336717886,False
cv_intercept,sentinel2,treatment_0006,P01-08,0.3981071705534973,7217.733345369335,False
cv_intercept,sentinel2,treatment_0006,P01-08,0.5011872336272725,7217.729579721832,False
cv_intercept,sentinel2,treatment_0006,P01-08,0.6309573444801936,7217.724839428383,False
cv_intercept,sentinel2,treatment_0006,P01-08,0.7943282347242822,7217.718872348149,False
cv_intercept,sentinel2,treatment_0006,P01-08,1.0,7217.711361183052,False
cv_intercept,sentinel2,treatment_0006,P01-08,1.2589254117941688,7217.701906681957,False
cv_intercept,sentinel2,treatment_0006,P01-08,1.584893192461114,7217.690006539757,False
cv_intercept,sentinel2,treatment_0006,P01-08,1.9952623149688788,7217.675028902201,False
cv_intercept,sentinel2,treatment_0006,P01-08,2.5118864315095824,7217.656179120153,False
cv_intercept,sentinel2,treatment_0006,P01-08,3.1622776601683795,7217.632458069072,False
cv_intercept,sentinel2,treatment_0006,P01-08,3.9810717055349776,7217.6026099505325,False
cv_intercept,sentinel2,treatment_0006,P01-08,5.011872336272725,7217.56505701126,False
cv_intercept,sentinel2,treatment_0006,P01-08,6.309573444801943,7217.517818042674,False
cv_intercept,sentinel2,treatment_0006,P01-08,7.943282347242821,7217.458406855272,False
cv_intercept,sentinel2,treatment_0006,P01-08,10.0,7217.383706161567,False
cv_intercept,sentinel2,treatment_0006,P01-08,12.589254117941687,7217.289811469587,False
cv_intercept,sentinel2,treatment_0006,P01-08,15.848931924611142,7217.171838736243,False
cv_intercept,sentinel2,treatment_0006,P01-08,19.95262314968883,7217.02368875357,False
cv_intercept,sentinel2,treatment_0006,P01-08,25.11886431509582,7216.837760714515,False
cv_intercept,sentinel2,treatment_0006,P01-08,31.622776601683793,7216.604607417782,False
cv_intercept,sentinel2,treatment_0006,P01-08,39.81071705534978,7216.312525582731,False
cv_intercept,sentinel2,treatment_0006,P01-08,50.11872336272725,7215.9470774548645,False
cv_intercept,sentinel2,treatment_0006,P01-08,63.09573444801943,7215.490545305725,False
cv_intercept,sentinel2,treatment_0006,P01-08,79.43282347242821,7214.921329965785,False
cv_intercept,sentinel2,treatment_0006,P01-08,100.0,7214.213319965675,False
cv_intercept,sentinel2,treatment_0006,P01-08,125.89254117941688,7213.335281256561,False
cv_intercept,sentinel2,treatment_0006,P01-08,158.48931924611142,7212.250350775643,False
cv_intercept,sentinel2,treatment_0006,P01-08,199.5262314968883,7210.915761350726,False
cv_intercept,sentinel2,treatment_0006,P01-08,251.18864315095823,7209.282979440082,False
cv_intercept,sentinel2,treatment_0006,P01-08,316.22776601683796,7207.298496019033,False
cv_intercept,sentinel2,treatment_0006,P01-08,398.1071705534977,7204.90556459435,False
cv_intercept,sentinel2,treatment_0006,P01-08,501.18723362727246,7202.047214672655,False
cv_intercept,sentinel2,treatment_0006,P01-08,630.9573444801943,7198.670870293601,False
cv_intercept,sentinel2,treatment_0006,P01-08,794.3282347242822,7194.734866814885,False
cv_intercept,sentinel2,treatment_0006,P01-08,1000.0,7190.217095942833,False
cv_intercept,sentinel2,treatment_0006,P01-08,1258.9254117941687,7185.125933872614,False
cv_intercept,sentinel2,treatment_0006,P01-08,1584.893192461114,7179.5134894712255,False
cv_intercept,sentinel2,treatment_0006,P01-08,1995.262314968883,7173.490888610643,False
cv_intercept,sentinel2,treatment_0006,P01-08,2511.886431509582,7167.244449556332,False
cv_intercept,sentinel2,treatment_0006,P01-08,3162.2776601683795,7161.049817809711,False
cv_intercept,sentinel2,treatment_0006,P01-08,3981.0717055349774,7155.278412828194,False
cv_intercept,sentinel2,treatment_0006,P01-08,5011.872336272725,7150.387885924149,False
cv_intercept,sentinel2,treatment_0006,P01-08,6309.573444801943,7146.887968820916,False
cv_intercept,sentinel2,treatment_0006,P01-08,7943.282347242822,7145.277809840797,True
cv_intercept,sentinel2,treatment_0006,P01-08,10000.0,7145.961501706442,False
cv_intercept,sentinel2,treatment_0006,P01-09,0.0001,8523.437669495695,False
cv_intercept,sentinel2,treatment_0006,P01-09,0.00012589254117941674,8523.437668402381,False
cv_intercept,sentinel2,treatment_0006,P01-09,0.00015848931924611142,8523.437667025977,False
cv_intercept,sentinel2,treatment_0006,P01-09,0.00019952623149688788,8523.43766529319,False
cv_intercept,sentinel2,treatment_0006,P01-09,0.00025118864315095795,8523.437663111737,False
cv_intercept,sentinel2,treatment_0006,P01-09,0.00031622776601683794,8523.437660365453,False
cv_intercept,sentinel2,treatment_0006,P01-09,0.00039810717055349735,8523.437656908085,False
cv_intercept,sentinel2,treatment_0006,P01-09,0.0005011872336272725,8523.437652555518,False
cv_intercept,sentinel2,treatment_0006,P01-09,0.000630957344480193,8523.43764707596,False
cv_intercept,sentinel2,treatment_0006,P01-09,0.0007943282347242813,8523.437640177606,False
cv_intercept,sentinel2,treatment_0006,P01-09,0.001,8523.437631493094,False
cv_intercept,sentinel2,treatment_0006,P01-09,0.0012589254117941675,8523.43762055994,False
cv_intercept,sentinel2,treatment_0006,P01-09,0.001584893192461114,8523.437606795922,False
cv_intercept,sentinel2,treatment_0006,P01-09,0.001995262314968879,8523.437589468052,False
cv_intercept,sentinel2,treatment_0006,P01-09,0.002511886431509582,8523.437567653562,False
cv_intercept,sentinel2,treatment_0006,P01-09,0.0031622776601683794,8523.43754019075,False
cv_intercept,sentinel2,treatment_0006,P01-09,0.003981071705534973,8523.437505617136,False
cv_intercept,sentinel2,treatment_0006,P01-09,0.005011872336272725,8523.437462091555,False
cv_intercept,sentinel2,treatment_0006,P01-09,0.00630957344480193,8523.43740729613,False
cv_intercept,sentinel2,treatment_0006,P01-09,0.00794328234724282,8523.437338312831,False
cv_intercept,sentinel2,treatment_0006,P01-09,0.01,8523.437251468093,False
cv_intercept,sentinel2,treatment_0006,P01-09,0.012589254117941675,8523.437142137182,False
cv_intercept,sentinel2,treatment_0006,P01-09,0.01584893192461114,8523.437004497937,False
cv_intercept,sentinel2,treatment_0006,P01-09,0.01995262314968881,8523.43683122074,False
cv_intercept,sentinel2,treatment_0006,P01-09,0.025118864315095822,8523.436613078224,False
cv_intercept,sentinel2,treatment_0006,P01-09,0.03162277660168379,8523.436338453936,False
cv_intercept,sentinel2,treatment_0006,P01-09,0.039810717055349734,8523.435992723817,False
cv_intercept,sentinel2,treatment_0006,P01-09,0.05011872336272725,8523.435557477571,False
cv_intercept,sentinel2,treatment_0006,P01-09,0.06309573444801936,8523.435009538474,False
cv_intercept,sentinel2,treatment_0006,P01-09,0.07943282347242822,8523.434319729507,False
cv_intercept,sentinel2,treatment_0006,P01-09,0.1,8523.433451320167,False
cv_intercept,sentinel2,treatment_0006,P01-09,0.12589254117941676,8523.432358071364,False
cv_intercept,sentinel2,treatment_0006,P01-09,0.15848931924611143,8523.430981774505,False
cv_intercept,sentinel2,treatment_0006,P01-09,0.19952623149688808,8523.429249154033,False
cv_intercept,sentinel2,treatment_0006,P01-09,0.25118864315095824,8523.427067968958,False
cv_intercept,sentinel2,treatment_0006,P01-09,0.31622776601683794,8523.42432210659,False
cv_intercept,sentinel2,treatment_0006,P01-09,0.3981071705534973,8523.420865408478,False
cv_intercept,sentinel2,treatment_0006,P01-09,0.5011872336272725,8523.41651390176,False
cv_intercept,sentinel2,treatment_0006,P01-09,0.6309573444801936,8523.411036025454,False
cv_intercept,sentinel2,treatment_0006,P01-09,0.7943282347242822,8523.404140336203,False
cv_intercept,sentinel2,treatment_0006,P01-09,1.0,8523.395460046851,False
cv_intercept,sentinel2,treatment_0006,P01-09,1.2589254117941688,8523.384533587156,False
cv_intercept,sentinel2,treatment_0006,P01-09,1.584893192461114,8523.37078017152,False
cv_intercept,sentinel2,treatment_0006,P01-09,1.9952623149688788,8523.353469104528,False
cv_intercept,sentinel2,treatment_0006,P01-09,2.5118864315095824,8523.33168124008,False
cv_intercept,sentinel2,treatment_0006,P01-09,3.1622776601683795,8523.30426062144,False
cv_intercept,sentinel2,treatment_0006,P01-09,3.9810717055349776,8523.26975385294,False
cv_intercept,sentinel2,treatment_0006,P01-09,5.011872336272725,8523.226334173916,False
cv_intercept,sentinel2,treatment_0006,P01-09,6.309573444801943,8523.171706506226,False
cv_intercept,sentinel2,treatment_0006,P01-09,7.943282347242821,8523.10298891507,False
cv_intercept,sentinel2,treatment_0006,P01-09,10.0,8523.016564952644,False
cv_intercept,sentinel2,treatment_0006,P01-09,12.589254117941687,8522.907900251745,False
cv_intercept,sentinel2,treatment_0006,P01-09,15.848931924611142,8522.771315534386,False
cv_intercept,sentinel2,treatment_0006,P01-09,19.95262314968883,8522.599706973706,False
cv_intercept,sentinel2,treatment_0006,P01-09,25.11886431509582,8522.384203743806,False
cv_intercept,sentinel2,treatment_0006,P01-09,31.622776601683793,8522.113751873492,False
cv_intercept,sentinel2,treatment_0006,P01-09,39.81071705534978,8521.77461362552,False
cv_intercept,sentinel2,treatment_0006,P01-09,50.11872336272725,8521.34977325585,False
cv_intercept,sentinel2,treatment_0006,P01-09,63.09573444801943,8520.818244246762,False
cv_intercept,sentinel2,treatment_0006,P01-09,79.43282347242821,8520.154281543493,False
cv_intercept,sentinel2,treatment_0006,P01-09,100.0,8519.326517186273,False
cv_intercept,sentinel2,treatment_0006,P01-09,125.89254117941688,8518.297061954574,False
cv_intercept,sentinel2,treatment_0006,P01-09,158.48931924611142,8517.020652755353,False
cv_intercept,sentinel2,treatment_0006,P01-09,199.5262314968883,8515.443979107476,False
cv_intercept,sentinel2,treatment_0006,P01-09,251.18864315095823,8513.505394725045,False
cv_intercept,sentinel2,treatment_0006,P01-09,316.22776601683796,8511.135311149745,False
cv_intercept,sentinel2,treatment_0006,P01-09,398.1071705534977,8508.257672363763,False
cv_intercept,sentinel2,treatment_0006,P01-09,501.18723362727246,8504.793004686406,False
cv_intercept,sentinel2,treatment_0006,P01-09,630.9573444801943,8500.663594279065,False
cv_intercept,sentinel2,treatment_0006,P01-09,794.3282347242822,8495.801322891371,False
cv_intercept,sentinel2,treatment_0006,P01-09,1000.0,8490.158545638562,False
cv_intercept,sentinel2,treatment_0006,P01-09,1258.9254117941687,8483.72208809584,False
cv_intercept,sentinel2,treatment_0006,P01-09,1584.893192461114,8476.529958145271,False
cv_intercept,sentinel2,treatment_0006,P01-09,1995.262314968883,8468.68969630569,False
cv_intercept,sentinel2,treatment_0006,P01-09,2511.886431509582,8460.396366438163,False
cv_intercept,sentinel2,treatment_0006,P01-09,3162.2776601683795,8451.946890278994,False
cv_intercept,sentinel2,treatment_0006,P01-09,3981.0717055349774,8443.745697722967,False
cv_intercept,sentinel2,treatment_0006,P01-09,5011.872336272725,8436.294903825583,False
cv_intercept,sentinel2,treatment_0006,P01-09,6309.573444801943,8430.16175672565,False
cv_intercept,sentinel2,treatment_0006,P01-09,7943.282347242822,8425.919069290843,False
cv_intercept,sentinel2,treatment_0006,P01-09,10000.0,8424.062334961865,True
cv_intercept,sentinel2,treatment_0007,P01-08,0.0001,4921.9640847965575,True
cv_intercept,sentinel2,treatment_0007,P01-08,0.00012589254117941674,4921.964086408803,False
cv_intercept,sentinel2,treatment_0007,P01-08,0.00015848931924611142,4921.964088438503,False
cv_intercept,sentinel2,treatment_0007,P01-08,0.00019952623149688788,4921.964090993739,False
cv_intercept,sentinel2,treatment_0007,P01-08,0.00025118864315095795,4921.964094210593,False
cv_intercept,sentinel2,treatment_0007,P01-08,0.00031622776601683794,4921.964098260372,False
cv_intercept,sentinel2,treatment_0007,P01-08,0.00039810717055349735,4921.964103358743,False
cv_intercept,sentinel2,treatment_0007,P01-08,0.0005011872336272725,4921.964109777211,False
cv_intercept,sentinel2,treatment_0007,P01-08,0.000630957344480193,4921.964117857583,False
cv_intercept,sentinel2,treatment_0007,P01-08,0.0007943282347242813,4921.964128030168,False
cv_intercept,sentinel2,treatment_0007,P01-08,0.001,4921.964140836692,False
cv_intercept,sentinel2,treatment_0007,P01-08,0.0012589254117941675,4921.964156959155,False
cv_intercept,sentinel2,treatment_0007,P01-08,0.001584893192461114,4921.964177256128,False
cv_intercept,sentinel2,treatment_0007,P01-08,0.001995262314968879,4921.964202808504,False
cv_intercept,sentinel2,treatment_0007,P01-08,0.002511886431509582,4921.964234977038,False
cv_intercept,sentinel2,treatment_0007,P01-08,0.0031622776601683794,4921.964275474819,False
cv_intercept,sentinel2,treatment_0007,P01-08,0.003981071705534973,4921.964326458502,False
cv_intercept,sentinel2,treatment_0007,P01-08,0.005011872336272725,4921.96439064315,False
cv_intercept,sentinel2,treatment_0007,P01-08,0.00630957344480193,4921.964471446824,False
cv_intercept,sentinel2,treatment_0007,P01-08,0.00794328234724282,4921.964573172607,False
cv_intercept,sentinel2,treatment_0007,P01-08,0.01,4921.964701237754,False
cv_intercept,sentinel2,treatment_0007,P01-08,0.012589254117941675,4921.9648624621805,False
cv_intercept,sentinel2,treatment_0007,P01-08,0.01584893192461114,4921.965065431646,False
cv_intercept,sentinel2,treatment_0007,P01-08,0.01995262314968881,4921.9653209549615,False
cv_intercept,sentinel2,treatment_0007,P01-08,0.025118864315095822,4921.965642639598,False
cv_intercept,sentinel2,treatment_0007,P01-08,0.03162277660168379,4921.966047616306,False
cv_intercept,sentinel2,treatment_0007,P01-08,0.039810717055349734,4921.966557451371,False
cv_intercept,sentinel2,treatment_0007,P01-08,0.05011872336272725,4921.967199295054,False
cv_intercept,sentinel2,treatment_0007,P01-08,0.06309573444801936,4921.968007327364,False
cv_intercept,sentinel2,treatment_0007,P01-08,0.07943282347242822,4921.969024578169,False
cv_intercept,sentinel2,treatment_0007,P01-08,0.1,4921.970305218516,False
cv_intercept,sentinel2,treatment_0007,P01-08,0.12589254117941676,4921.971917445163,False
cv_intercept,sentinel2,treatment_0007,P01-08,0.15848931924611143,4921.973947111874,False
cv_intercept,sentinel2,treatment_0007,P01-08,0.19952623149688808,4921.976502300752,False
cv_intercept,sentinel2,treatment_0007,P01-08,0.25118864315095824,4921.979719076924,False
cv_intercept,sentinel2,treatment_0007,P01-08,0.31622776601683794,4921.98376873277,False
cv_intercept,sentinel2,treatment_0007,P01-08,0.3981071705534973,4921.988866907128,False
cv_intercept,sentinel2,treatment_0007,P01-08,0.5011872336272725,4921.995285064515,False
cv_intercept,sentinel2,treatment_0007,P01-08,0.6309573444801936,4922.003364944718,False
cv_intercept,sentinel2,treatment_0007,P01-08,0.7943282347242822,4922.013536750775,False
cv_intercept,sentinel2,treatment_0007,P01-08,1.0,4922.026342041568,False
cv_intercept,sentinel2,treatment_0007,P01-08,1.2589254117941688,4922.042462544387,False
cv_intercept,sentinel2,treatment_0007,P01-08,1.584893192461114,4922.062756415927,False
cv_intercept,sentinel2,treatment_0007,P01-08,1.9952623149688788,4922.088303873324,False
cv_intercept,sentinel2,treatment_0007,P01-08,2.5118864315095824,4922.120464610312,False
cv_intercept,sentinel2,treatment_0007,P01-08,3.1622776601683795,4922.160950032426,False
cv_intercept,sentinel2,treatment_0007,P01-08,3.9810717055349776,4922.211914120364,False
cv_intercept,sentinel2,treatment_0007,P01-08,5.011872336272725,4922.276067700489,False
cv_intercept,sentinel2,treatment_0007,P01-08,6.309573444801943,4922.356822112631,False
cv_intercept,sentinel2,treatment_0007,P01-08,7.943282347242821,4922.4584697746295,False
cv_intercept,sentinel2,treatment_0007,P01-08,10.0,4922.586411018141,False
cv_intercept,sentinel2,treatment_0007,P01-08,12.589254117941687,4922.747438890919,False
cv_intercept,sentinel2,treatment_0007,P01-08,15.848931924611142,4922.950096478056,False
cv_intercept,sentinel2,treatment_0007,P01-08,19.95262314968883,4923.205124788138,False
cv_intercept,sentinel2,treatment_0007,P01-08,25.11886431509582,4923.526023480645,False
cv_intercept,sentinel2,treatment_0007,P01-08,31.622776601683793,4923.929751764522,False
cv_intercept,sentinel2,treatment_0007,P01-08,39.81071705534978,4924.437602716774,False
cv_intercept,sentinel2,treatment_0007,P01-08,50.11872336272725,4925.076290997343,False
cv_intercept,sentinel2,treatment_0007,P01-08,63.09573444801943,4925.8793012204005,False
cv_intercept,sentinel2,treatment_0007,P01-08,79.43282347242821,4926.888551469698,False
cv_intercept,sentinel2,treatment_0007,P01-08,100.0,4928.156432368189,False
cv_intercept,sentinel2,treatment_0007,P01-08,125.89254117941688,4929.7482844030765,False
cv_intercept,sentinel2,treatment_0007,P01-08,158.48931924611142,4931.745370788582,False
cv_intercept,sentinel2,treatment_0007,P01-08,199.5262314968883,4934.248383239472,False
cv_intercept,sentinel2,treatment_0007,P01-08,251.18864315095823,4937.3814729850055,False
cv_intercept,sentinel2,treatment_0007,P01-08,316.22776601683796,4941.296713657931,False
cv_intercept,sentinel2,treatment_0007,P01-08,398.1071705534977,4946.178756105162,False
cv_intercept,sentinel2,treatment_0007,P01-08,501.18723362727246,4952.249206152549,False
cv_intercept,sentinel2,treatment_0007,P01-08,630.9573444801943,4959.769932322347,False
cv_intercept,sentinel2,treatment_0007,P01-08,794.3282347242822,4969.044108854969,False
cv_intercept,sentinel2,treatment_0007,P01-08,1000.0,4980.413400138056,False
cv_intercept,sentinel2,treatment_0007,P01-08,1258.9254117941687,4994.249471477126,False
cv_intercept,sentinel2,treatment_0007,P01-08,1584.893192461114,5010.938239124992,False
cv_intercept,sentinel2,treatment_0007,P01-08,1995.262314968883,5030.856225512307,False
cv_intercept,sentinel2,treatment_0007,P01-08,2511.886431509582,5054.340119666961,False
cv_intercept,sentinel2,treatment_0007,P01-08,3162.2776601683795,5081.65269597467,False
cv_intercept,sentinel2,treatment_0007,P01-08,3981.0717055349774,5112.949530878038,False
cv_intercept,sentinel2,treatment_0007,P01-08,5011.872336272725,5148.250258461898,False
cv_intercept,sentinel2,treatment_0007,P01-08,6309.573444801943,5187.415277618108,False
cv_intercept,sentinel2,treatment_0007,P01-08,7943.282347242822,5230.125909612046,False
cv_intercept,sentinel2,treatment_0007,P01-08,10000.0,5275.866585758624,False
cv_intercept,sentinel2,treatment_0007,P01-09,0.0001,6099.339764843153,True
cv_intercept,sentinel2,treatment_0007,P01-09,0.00012589254117941674,6099.3397657280475,False
cv_intercept,sentinel2,treatment_0007,P01-09,0.00015848931924611142,6099.339766842064,False
cv_intercept,sentinel2,treatment_0007,P01-09,0.00019952623149688788,6099.339768244528,False
cv_intercept,sentinel2,treatment_0007,P01-09,0.00025118864315095795,6099.339770010124,False
cv_intercept,sentinel2,treatment_0007,P01-09,0.00031622776601683794,6099.339772232879,False
cv_intercept,sentinel2,treatment_0007,P01-09,0.00039810717055349735,6099.339775031163,False
cv_intercept,sentinel2,treatment_0007,P01-09,0.0005011872336272725,6099.339778553992,False
cv_intercept,sentinel2,treatment_0007,P01-09,0.000630957344480193,6099.339782988972,False
cv_intercept,sentinel2,treatment_0007,P01-09,0.0007943282347242813,6099.33978857228,False
cv_intercept,sentinel2,treatment_0007,P01-09,0.001,6099.3397956012495,False
cv_intercept,sentinel2,treatment_0007,P01-09,0.0012589254117941675,6099.3398044501955,False
cv_intercept,sentinel2,treatment_0007,P01-09,0.001584893192461114,6099.33981559036,False
cv_intercept,sentinel2,treatment_0007,P01-09,0.001995262314968879,6099.339829614997,False
cv_intercept,sentinel2,treatment_0007,P01-09,0.002511886431509582,6099.339847270969,False
cv_intercept,sentinel2,treatment_0007,P01-09,0.0031622776601683794,6099.339869498518,False
cv_intercept,sentinel2,treatment_0007,P01-09,0.003981071705534973,6099.339897481344,False
cv_intercept,sentinel2,treatment_0007,P01-09,0.005011872336272725,6099.339932709635,False
cv_intercept,sentinel2,treatment_0007,P01-09,0.00630957344480193,6099.339977059424,False
cv_intercept,sentinel2,treatment_0007,P01-09,0.00794328234724282,6099.340032892496,False
cv_intercept,sentinel2,treatment_0007,P01-09,0.01,6099.340103182169,False
cv_intercept,sentinel2,treatment_0007,P01-09,0.012589254117941675,6099.340191671616,False
cv_intercept,sentinel2,treatment_0007,P01-09,0.01584893192461114,6099.340303073219,False
cv_intercept,sentinel2,treatment_0007,P01-09,0.01995262314968881,6099.340443319511,False
cv_intercept,sentinel2,treatment_0007,P01-09,0.025118864315095822,6099.340619879108,False
cv_intercept,sentinel2,treatment_0007,P01-09,0.03162277660168379,6099.340842154434,False
cv_intercept,sentinel2,treatment_0007,P01-09,0.039810717055349734,6099.341121982424,False
cv_intercept,sentinel2,treatment_0007,P01-09,0.05011872336272725,6099.341474264896,False
cv_intercept,sentinel2,treatment_0007,P01-09,0.06309573444801936,6099.341917762091,False
cv_intercept,sentinel2,treatment_0007,P01-09,0.07943282347242822,6099.342476091731,False
cv_intercept,sentinel2,treatment_0007,P01-09,0.1,6099.343178986707,False
cv_intercept,sentinel2,treatment_0007,P01-09,0.12589254117941676,6099.344063878428,False
cv_intercept,sentinel2,treatment_0007,P01-09,0.15848931924611143,6099.345177890104,False
cv_intercept,sentinel2,treatment_0007,P01-09,0.19952623149688808,6099.346580346135,False
cv_intercept,sentinel2,treatment_0007,P01-09,0.25118864315095824,6099.348345931172,False
cv_intercept,sentinel2,treatment_0007,P01-09,0.31622776601683794,6099.350568667075,False
cv_intercept,sentinel2,treatment_0007,P01-09,0.3981071705534973,6099.353366919503,False
cv_intercept,sentinel2,treatment_0007,P01-09,0.5011872336272725,6099.356889700626,False
cv_intercept,sentinel2,treatment_0007,P01-09,0.6309573444801936,6099.361324603498,False
cv_intercept,sentinel2,treatment_0007,P01-09,0.7943282347242822,6099.366907790364,False
cv_intercept,sentinel2,treatment_0007,P01-09,1.0,6099.373936566439,False
cv_intercept,sentinel2,treatment_0007,P01-09,1.2589254117941688,6099.38278520819,False
cv_intercept,sentinel2,treatment_0007,P01-09,1.584893192461114,6099.393924888087,False
cv_intercept,sentinel2,treatment_0007,P01-09,1.9952623149688788,6099.407948755351,False
cv_intercept,sentinel2,treatment_0007,P01-09,2.5118864315095824,6099.425603505997,False
cv_intercept,sentinel2,treatment_0007,P01-09,3.1622776601683795,6099.447829119507,False
cv_intercept,sentinel2,treatment_0007,P01-09,3.9810717055349776,6099.475808872133,False
cv_intercept,sentinel2,treatment_0007,P01-09,5.011872336272725,6099.511032280283,False
cv_intercept,sentinel2,treatment_0007,P01-09,6.309573444801943,6099.555374310048,False
cv_intercept,sentinel2,treatment_0007,P01-09,7.943282347242821,6099.611195045144,False
cv_intercept,sentinel2,treatment_0007,P01-09,10.0,6099.681465078883,False
cv_intercept,sentinel2,treatment_0007,P01-09,12.589254117941687,6099.769923238866,False
cv_intercept,sentinel2,treatment_0007,P01-09,15.848931924611142,6099.881274930266,False
cv_intercept,sentinel2,treatment_0007,P01-09,19.95262314968883,6100.021441471907,False
cv_intercept,sentinel2,treatment_0007,P01-09,25.11886431509582,6100.197873388034,False
cv_intercept,sentinel2,treatment_0007,P01-09,31.622776601683793,6100.419943808059,False
cv_intercept,sentinel2,treatment_0007,P01-09,39.81071705534978,6100.6994420190185,False
cv_intercept,sentinel2,treatment_0007,P01-09,50.11872336272725,6101.0511918995,False
cv_intercept,sentinel2,treatment_0007,P01-09,63.09573444801943,6101.49382547672,False
cv_intercept,sentinel2,treatment_0007,P01-09,79.43282347242821,6102.050748107099,False
cv_intercept,sentinel2,treatment_0007,P01-09,100.0,6102.751338452788,False
cv_intercept,sentinel2,treatment_0007,P01-09,125.89254117941688,6103.632432704768,False
cv_intercept,sentinel2,treatment_0007,P01-09,158.48931924611142,6104.740146730306,False
cv_intercept,sentinel2,treatment_0007,P01-09,199.5262314968883,6106.132088909888,False
cv_intercept,sentinel2,treatment_0007,P01-09,251.18864315095823,6107.880005048412,False
cv_intercept,sentinel2,treatment_0007,P01-09,316.22776601683796,6110.072866412176,False
cv_intercept,sentinel2,treatment_0007,P01-09,398.1071705534977,6112.820350449498,False
cv_intercept,sentinel2,treatment_0007,P01-09,501.18723362727246,6116.256556081633,False
cv_intercept,sentinel2,treatment_0007,P01-09,630.9573444801943,6120.543628244601,False
cv_intercept,sentinel2,treatment_0007,P01-09,794.3282347242822,6125.874738679182,False
cv_intercept,sentinel2,treatment_0007,P01-09,1000.0,6132.4756116454455,False
cv_intercept,sentinel2,treatment_0007,P01-09,1258.9254117941687,6140.6035756391275,False
cv_intercept,sentinel2,treatment_0007,P01-09,1584.893192461114,6150.5431020510405,False
cv_intercept,sentinel2,treatment_0007,P01-09,1995.262314968883,6162.5971031210565,False
cv_intercept,sentinel2,treatment_0007,P01-09,2511.886431509582,6177.073926812222,False
cv_intercept,sentinel2,treatment_0007,P01-09,3162.2776601683795,6194.27073180529,False
cv_intercept,sentinel2,treatment_0007,P01-09,3981.0717055349774,6214.454131815249,False
cv_intercept,sentinel2,treatment_0007,P01-09,5011.872336272725,6237.838036301393,False
cv_intercept,sentinel2,treatment_0007,P01-09,6309.573444801943,6264.556658832202,False
cv_intercept,sentinel2,treatment_0007,P01-09,7943.282347242822,6294.629458026665,False
cv_intercept,sentinel2,treatment_0007,P01-09,10000.0,6327.917181787799,False
cv_intercept,sentinel2,treatment_0008,P01-08,0.0001,5997.4133002747085,True
cv_intercept,sentinel2,treatment_0008,P01-08,0.00012589254117941674,5997.413301471044,False
cv_intercept,sentinel2,treatment_0008,P01-08,0.00015848931924611142,5997.413302977138,False
cv_intercept,sentinel2,treatment_0008,P01-08,0.00019952623149688788,5997.413304873203,False
cv_intercept,sentinel2,treatment_0008,P01-08,0.00025118864315095795,5997.413307260205,False
cv_intercept,sentinel2,treatment_0008,P01-08,0.00031622776601683794,5997.413310265265,False
cv_intercept,sentinel2,treatment_0008,P01-08,0.00039810717055349735,5997.413314048408,False
cv_intercept,sentinel2,treatment_0008,P01-08,0.0005011872336272725,5997.413318811105,False
cv_intercept,sentinel2,treatment_0008,P01-08,0.000630957344480193,5997.413324806985,False
cv_intercept,sentinel2,treatment_0008,P01-08,0.0007943282347242813,5997.41333235535,False
cv_intercept,sentinel2,treatment_0008,P01-08,0.001,5997.413341858179,False
cv_intercept,sentinel2,treatment_0008,P01-08,0.0012589254117941675,5997.413353821536,False
cv_intercept,sentinel2,treatment_0008,P01-08,0.001584893192461114,5997.413368882507,False
cv_intercept,sentinel2,treatment_0008,P01-08,0.001995262314968879,5997.4133878431485,False
cv_intercept,sentinel2,treatment_0008,P01-08,0.002511886431509582,5997.413411713185,False
cv_intercept,sentinel2,treatment_0008,P01-08,0.0031622776601683794,5997.413441763783,False
cv_intercept,sentinel2,treatment_0008,P01-08,0.003981071705534973,5997.413479595252,False
cv_intercept,sentinel2,treatment_0008,P01-08,0.005011872336272725,5997.413527222259,False
cv_intercept,sentinel2,treatment_0008,P01-08,0.00630957344480193,5997.413587181123,False
cv_intercept,sentinel2,treatment_0008,P01-08,0.00794328234724282,5997.413662664885,False
cv_intercept,sentinel2,treatment_0008,P01-08,0.01,5997.413757693347,False
cv_intercept,sentinel2,treatment_0008,P01-08,0.012589254117941675,5997.413877327156,False
cv_intercept,sentinel2,treatment_0008,P01-08,0.01584893192461114,5997.41402793729,False
cv_intercept,sentinel2,treatment_0008,P01-08,0.01995262314968881,5997.414217544365,False
cv_intercept,sentinel2,treatment_0008,P01-08,0.025118864315095822,5997.41445624577,False
cv_intercept,sentinel2,treatment_0008,P01-08,0.03162277660168379,5997.414756753412,False
cv_intercept,sentinel2,treatment_0008,P01-08,0.039810717055349734,5997.415135070717,False
cv_intercept,sentinel2,treatment_0008,P01-08,0.05011872336272725,5997.415611344934,False
cv_intercept,sentinel2,treatment_0008,P01-08,0.06309573444801936,5997.416210940154,False
cv_intercept,sentinel2,treatment_0008,P01-08,0.07943282347242822,5997.416965788194,False
cv_intercept,sentinel2,treatment_0008,P01-08,0.1,5997.417916089349,False
cv_intercept,sentinel2,treatment_0008,P01-08,0.12589254117941676,5997.419112453605,False
cv_intercept,sentinel2,treatment_0008,P01-08,0.15848931924611143,5997.420618596452,False
cv_intercept,sentinel2,treatment_0008,P01-08,0.19952623149688808,5997.422514732982,False
cv_intercept,sentinel2,treatment_0008,P01-08,0.25118864315095824,5997.424901851258,False
cv_intercept,sentinel2,treatment_0008,P01-08,0.31622776601683794,5997.427907092855,False
cv_intercept,sentinel2,treatment_0008,P01-08,0.3981071705534973,5997.431690527669,False
cv_intercept,sentinel2,treatment_0008,P01-08,0.5011872336272725,5997.436453684658,False
cv_intercept,sentinel2,treatment_0008,P01-08,0.6309573444801936,5997.442450294165,False
cv_intercept,sentinel2,treatment_0008,P01-08,0.7943282347242822,5997.449999816126,False
cv_intercept,sentinel2,treatment_0008,P01-08,1.0,5997.459504478002,False
cv_intercept,sentinel2,treatment_0008,P01-08,1.2589254117941688,5997.471470735277,False
cv_intercept,sentinel2,treatment_0008,P01-08,1.584893192461114,5997.48653630603,False
cv_intercept,sentinel2,treatment_0008,P01-08,1.9952623149688788,5997.505504232926,False
cv_intercept,sentinel2,treatment_0008,P01-08,2.5118864315095824,5997.529385808153,False
cv_intercept,sentinel2,treatment_0008,P01-08,3.1622776601683795,5997.5594546811835,False
cv_intercept,sentinel2,treatment_0008,P01-08,3.9810717055349776,5997.597315084335,False
cv_intercept,sentinel2,treatment_0008,P01-08,5.011872336272725,5997.644987893444,False
cv_intercept,sentinel2,treatment_0008,P01-08,6.309573444801943,5997.705019238369,False
cv_intercept,sentinel2,treatment_0008,P01-08,7.943282347242821,5997.780617653012,False
cv_intercept,sentinel2,treatment_0008,P01-08,10.0,5997.875827388741,False
cv_intercept,sentinel2,treatment_0008,P01-08,12.589254117941687,5997.995747616463,False
cv_intercept,sentinel2,treatment_0008,P01-08,15.848931924611142,5998.146809953103,False
cv_intercept,sentinel2,treatment_0008,P01-08,19.95262314968883,5998.337130254495,False
cv_intercept,sentinel2,treatment_0008,P01-08,25.11886431509582,5998.576955162096,False
cv_intercept,sentinel2,treatment_0008,P01-08,31.622776601683793,5998.87922978717,False
cv_intercept,sentinel2,treatment_0008,P01-08,39.81071705534978,5999.260320549138,False
cv_intercept,sentinel2,treatment_0008,P01-08,50.11872336272725,5999.740937003792,False
cv_intercept,sentinel2,treatment_0008,P01-08,63.09573444801943,6000.347308959498,False
cv_intercept,sentinel2,treatment_0008,P01-08,79.43282347242821,6001.112690607707,False
cv_intercept,sentinel2,treatment_0008,P01-08,100.0,6002.079281652006,False
cv_intercept,sentinel2,treatment_0008,P01-08,125.89254117941688,6003.30067527113,False
cv_intercept,sentinel2,treatment_0008,P01-08,158.48931924611142,6004.8449606781105,False
cv_intercept,sentinel2,treatment_0008,P01-08,199.5262314968883,6006.7986162623165,False
cv_intercept,sentinel2,treatment_0008,P01-08,251.18864315095823,6009.271312825166,False
cv_intercept,sentinel2,treatment_0008,P01-08,316.22776601683796,6012.401679333143,False
cv_intercept,sentinel2,treatment_0008,P01-08,398.1071705534977,6016.363926121549,False
cv_intercept,sentinel2,treatment_0008,P01-08,501.18723362727246,6021.3749205314725,False
cv_intercept,sentinel2,treatment_0008,P01-08,630.9573444801943,6027.7008169253095,False
cv_intercept,sentinel2,treatment_0008,P01-08,794.3282347242822,6035.661643927432,False
cv_intercept,sentinel2,treatment_0008,P01-08,1000.0,6045.631436861569,False
cv_intercept,sentinel2,treatment_0008,P01-08,1258.9254117941687,6058.030847659176,False
cv_intercept,sentinel2,treatment_0008,P01-08,1584.893192461114,6073.309165997249,False
cv_intercept,sentinel2,treatment_0008,P01-08,1995.262314968883,6091.913947731761,False
cv_intercept,sentinel2,treatment_0008,P01-08,2511.886431509582,6114.249298372854,False
cv_intercept,sentinel2,treatment_0008,P01-08,3162.2776601683795,6140.62777444121,False
cv_intercept,sentinel2,treatment_0008,P01-08,3981.0717055349774,6171.224113204591,False
cv_intercept,sentinel2,treatment_0008,P01-08,5011.872336272725,6206.039231130289,False
cv_intercept,sentinel2,treatment_0008,P01-08,6309.573444801943,6244.878998690689,False
cv_intercept,sentinel2,treatment_0008,P01-08,7943.282347242822,6287.346241287702,False
cv_intercept,sentinel2,treatment_0008,P01-08,10000.0,6332.841160876758,False
cv_intercept,sentinel2,treatment_0008,P01-09,0.0001,6884.480672966089,True
cv_intercept,sentinel2,treatment_0008,P01-09,0.00012589254117941674,6884.480673963933,False
cv_intercept,sentinel2,treatment_0008,P01-09,0.00015848931924611142,6884.480675220145,False
cv_intercept,sentinel2,treatment_0008,P01-09,0.00019952623149688788,6884.4806768016215,False
cv_intercept,sentinel2,treatment_0008,P01-09,0.00025118864315095795,6884.480678792584,False
cv_intercept,sentinel2,treatment_0008,P01-09,0.00031622776601683794,6884.4806812990555,False
cv_intercept,sentinel2,treatment_0008,P01-09,0.00039810717055349735,6884.480684454517,False
cv_intercept,sentinel2,treatment_0008,P01-09,0.0005011872336272725,6884.480688427008,False
cv_intercept,sentinel2,treatment_0008,P01-09,0.000630957344480193,6884.480693428078,False
cv_intercept,sentinel2,treatment_0008,P01-09,0.0007943282347242813,6884.48069972405,False
cv_intercept,sentinel2,treatment_0008,P01-09,0.001,6884.480707650213,False
cv_intercept,sentinel2,treatment_0008,P01-09,0.0012589254117941675,6884.480717628659,False
cv_intercept,sentinel2,treatment_0008,P01-09,0.001584893192461114,6884.480730190779,False
cv_intercept,sentinel2,treatment_0008,P01-09,0.001995262314968879,6884.48074600555,False
cv_intercept,sentinel2,treatment_0008,P01-09,0.002511886431509582,6884.480765915169,False
cv_intercept,sentinel2,treatment_0008,P01-09,0.0031622776601683794,6884.480790979899,False
cv_intercept,sentinel2,treatment_0008,P01-09,0.003981071705534973,6884.480822534524,False
cv_intercept,sentinel2,treatment_0008,P01-09,0.005011872336272725,6884.480862259449,False
cv_intercept,sentinel2,treatment_0008,P01-09,0.00630957344480193,6884.480912270174,False
cv_intercept,sentinel2,treatment_0008,P01-09,0.00794328234724282,6884.480975229955,False
cv_intercept,sentinel2,treatment_0008,P01-09,0.01,6884.481054491641,False
cv_intercept,sentinel2,treatment_0008,P01-09,0.012589254117941675,6884.4811542762145,False
cv_intercept,sentinel2,treatment_0008,P01-09,0.01584893192461114,6884.481279897594,False
cv_intercept,sentinel2,treatment_0008,P01-09,0.01995262314968881,6884.481438045605,False
cv_intercept,sentinel2,treatment_0008,P01-09,0.025118864315095822,6884.481637142259,False
cv_intercept,sentinel2,treatment_0008,P01-09,0.03162277660168379,6884.481887790262,False
cv_intercept,sentinel2,treatment_0008,P01-09,0.039810717055349734,6884.482203337659,False
cv_intercept,sentinel2,treatment_0008,P01-09,0.05011872336272725,6884.48260058871,False
cv_intercept,sentinel2,treatment_0008,P01-09,0.06309573444801936,6884.483100698809,False
cv_intercept,sentinel2,treatment_0008,P01-09,0.07943282347242822,6884.483730301155,False
cv_intercept,sentinel2,treatment_0008,P01-09,0.1,6884.4845229251905,False
cv_intercept,sentinel2,treatment_0008,P01-09,0.12589254117941676,6884.485520782335,False
cv_intercept,sentinel2,treatment_0008,P01-09,0.15848931924611143,6884.486777014175,False
cv_intercept,sentinel2,treatment_0008,P01-09,0.19952623149688808,6884.488358522895,False
cv_intercept,sentinel2,treatment_0008,P01-09,0.25118864315095824,6884.490349534773,False
cv_intercept,sentinel2,treatment_0008,P01-09,0.31622776601683794,6884.492856086632,False
cv_intercept,sentinel2,treatment_0008,P01-09,0.3981071705534973,6884.496011674477,False
cv_intercept,sentinel2,treatment_0008,P01-09,0.5011872336272725,6884.499984365416,False
cv_intercept,sentinel2,treatment_0008,P01-09,0.6309573444801936,6884.504985752289,False
cv_intercept,sentinel2,treatment_0008,P01-09,0.7943282347242822,6884.51128222878,False
cv_intercept,sentinel2,treatment_0008,P01-09,1.0,6884.519209186929,False
cv_intercept,sentinel2,treatment_0008,P01-09,1.2589254117941688,6884.529188895585,False
cv_intercept,sentinel2,treatment_0008,P01-09,1.584893192461114,6884.541753015569,False
cv_intercept,sentinel2,treatment_0008,P01-09,1.9952623149688788,6884.557570956537,False
cv_intercept,sentinel2,treatment_0008,P01-09,2.5118864315095824,6884.577485595041,False
cv_intercept,sentinel2,treatment_0008,P01-09,3.1622776601683795,6884.602558270669,False
cv_intercept,sentinel2,treatment_0008,P01-09,3.9810717055349776,6884.634125479687,False
cv_intercept,sentinel2,treatment_0008,P01-09,5.011872336272725,6884.673870321864,False
cv_intercept,sentinel2,treatment_0008,P01-09,6.309573444801943,6884.723912562413,False
cv_intercept,sentinel2,treatment_0008,P01-09,7.943282347242821,6884.7869221943865,False
cv_intercept,sentinel2,treatment_0008,P01-09,10.0,6884.866262687891,False
cv_intercept,sentinel2,treatment_0008,P01-09,12.589254117941687,6884.966171769154,False
cv_intercept,sentinel2,treatment_0008,P01-09,15.848931924611142,6885.091989686045,False
cv_intercept,sentinel2,treatment_0008,P01-09,19.95262314968883,6885.2504476173035,False
cv_intercept,sentinel2,treatment_0008,P01-09,25.11886431509582,6885.450032337909,False
cv_intercept,sentinel2,treatment_0008,P01-09,31.622776601683793,6885.70144767434,False
cv_intercept,sentinel2,treatment_0008,P01-09,39.81071705534978,6886.018198932934,False
cv_intercept,sentinel2,treatment_0008,P01-09,50.11872336272725,6886.417333670647,False
cv_intercept,sentinel2,treatment_0008,P01-09,63.09573444801943,6886.920381232751,False
cv_intercept,sentinel2,treatment_0008,P01-09,79.43282347242821,6887.554544693597,False
cv_intercept,sentinel2,treatment_0008,P01-09,100.0,6888.354212288111,False
cv_intercept,sentinel2,treatment_0008,P01-09,125.89254117941688,6889.362870665592,False
cv_intercept,sentinel2,treatment_0008,P01-09,158.48931924611142,6890.63551773219,False
cv_intercept,sentinel2,treatment_0008,P01-09,199.5262314968883,6892.241684629259,False
cv_intercept,sentinel2,treatment_0008,P01-09,251.18864315095823,6894.269176683666,False
cv_intercept,sentinel2,treatment_0008,P01-09,316.22776601683796,6896.828617672387,False
cv_intercept,sentinel2,treatment_0008,P01-09,398.1071705534977,6900.058806976799,False
cv_intercept,sentinel2,treatment_0008,P01-09,501.18723362727246,6904.1327410430185,False
cv_intercept,sentinel2,treatment_0008,P01-09,630.9573444801943,6909.263867897628,False
cv_intercept,sentinel2,treatment_0008,P01-09,794.3282347242822,6915.711703343387,False
cv_intercept,sentinel2,treatment_0008,P01-09,1000.0,6923.785349244888,False
cv_intercept,sentinel2,treatment_0008,P01-09,1258.9254117941687,6933.842823760315,False
cv_intercept,sentinel2,treatment_0008,P01-09,1584.893192461114,6946.2836954077675,False
cv_intercept,sentinel2,treatment_0008,P01-09,1995.262314968883,6961.532703254653,False
cv_intercept,sentinel2,treatment_0008,P01-09,2511.886431509582,6980.013223352162,False
cv_intercept,sentinel2,treatment_0008,P01-09,3162.2776601683795,7002.111625866864,False
cv_intercept,sentinel2,treatment_0008,P01-09,3981.0717055349774,7028.136053115643,False
cv_intercept,sentinel2,treatment_0008,P01-09,5011.872336272725,7058.274563040461,False
cv_intercept,sentinel2,treatment_0008,P01-09,6309.573444801943,7092.556795297054,False
cv_intercept,sentinel2,treatment_0008,P01-09,7943.282347242822,7130.820906574619,False
cv_intercept,sentinel2,treatment_0008,P01-09,10000.0,7172.686296703814,False
cv_intercept,sentinel2,treatment_0009,P01-08,0.0001,5465.522077627869,True
cv_intercept,sentinel2,treatment_0009,P01-08,0.00012589254117941674,5465.5220791290885,False
cv_intercept,sentinel2,treatment_0009,P01-08,0.00015848931924611142,5465.522081019013,False
cv_intercept,sentinel2,treatment_0009,P01-08,0.00019952623149688788,5465.522083398285,False
cv_intercept,sentinel2,treatment_0009,P01-08,0.00025118864315095795,5465.522086393612,False
cv_intercept,sentinel2,treatment_0009,P01-08,0.00031622776601683794,5465.522090164504,False
cv_intercept,sentinel2,treatment_0009,P01-08,0.00039810717055349735,5465.5220949117775,False
cv_intercept,sentinel2,treatment_0009,P01-08,0.0005011872336272725,5465.522100888242,False
cv_intercept,sentinel2,treatment_0009,P01-08,0.000630957344480193,5465.522108412162,False
cv_intercept,sentinel2,treatment_0009,P01-08,0.0007943282347242813,5465.522117884219,False
cv_intercept,sentinel2,treatment_0009,P01-08,0.001,5465.522129808833,False
cv_intercept,sentinel2,treatment_0009,P01-08,0.0012589254117941675,5465.522144821031,False
cv_intercept,sentinel2,treatment_0009,P01-08,0.001584893192461114,5465.522163720273,False
cv_intercept,sentinel2,treatment_0009,P01-08,0.001995262314968879,5465.522187513011,False
cv_intercept,sentinel2,treatment_0009,P01-08,0.002511886431509582,5465.522217466299,False
cv_intercept,sentinel2,treatment_0009,P01-08,0.0031622776601683794,5465.52225517526,False
cv_intercept,sentinel2,treatment_0009,P01-08,0.003981071705534973,5465.522302648042,False
cv_intercept,sentinel2,treatment_0009,P01-08,0.005011872336272725,5465.52236241275,False
cv_intercept,sentinel2,treatment_0009,P01-08,0.00630957344480193,5465.522437652089,False
cv_intercept,sentinel2,treatment_0009,P01-08,0.00794328234724282,5465.52253237285,False
cv_intercept,sentinel2,treatment_0009,P01-08,0.01,5465.522651619294,False
cv_intercept,sentinel2,treatment_0009,P01-08,0.012589254117941675,5465.522801741787,False
cv_intercept,sentinel2,treatment_0009,P01-08,0.01584893192461114,5465.522990734987,False
cv_intercept,sentinel2,treatment_0009,P01-08,0.01995262314968881,5465.523228663614,False
cv_intercept,sentinel2,treatment_0009,P01-08,0.025118864315095822,5465.52352819846,False
cv_intercept,sentinel2,treatment_0009,P01-08,0.03162277660168379,5465.523905291203,False
cv_intercept,sentinel2,treatment_0009,P01-08,0.039810717055349734,5465.524380023973,False
cv_intercept,sentinel2,treatment_0009,P01-08,0.05011872336272725,5465.524977678917,False
cv_intercept,sentinel2,treatment_0009,P01-08,0.06309573444801936,5465.525730084759,False
cv_intercept,sentinel2,treatment_0009,P01-08,0.07943282347242822,5465.526677312102,False
cv_intercept,sentinel2,treatment_0009,P01-08,0.1,5465.527869807823,False
cv_intercept,sentinel2,treatment_0009,P01-08,0.12589254117941676,5465.529371082313,False
cv_intercept,sentinel2,treatment_0009,P01-08,0.15848931924611143,5465.53126109287,False
cv_intercept,sentinel2,treatment_0009,P01-08,0.19952623149688808,5465.533640503635,False
cv_intercept,sentinel2,treatment_0009,P01-08,0.25118864315095824,5465.53663604939,False
cv_intercept,sentinel2,treatment_0009,P01-08,0.31622776601683794,5465.540407289502,False
cv_intercept,sentinel2,treatment_0009,P01-08,0.3981071705534973,5465.545155112713,False
cv_intercept,sentinel2,treatment_0009,P01-08,0.5011872336272725,5465.551132447377,False
cv_intercept,sentinel2,treatment_0009,P01-08,0.6309573444801936,5465.5586577501,False
cv_intercept,sentinel2,treatment_0009,P01-08,0.7943282347242822,5465.568131995235,False
cv_intercept,sentinel2,treatment_0009,P01-08,1.0,5465.580060076592,False
cv_intercept,sentinel2,treatment_0009,P01-08,1.2589254117941688,5465.595077771411,False
cv_intercept,sentinel2,treatment_0009,P01-08,1.584893192461114,5465.613985718948,False
cv_intercept,sentinel2,treatment_0009,P01-08,1.9952623149688788,5465.637792249096,False
cv_intercept,sentinel2,treatment_0009,P01-08,2.5118864315095824,5465.667767382657,False
cv_intercept,sentinel2,treatment_0009,P01-08,3.1622776601683795,5465.705510943541,False
cv_intercept,sentinel2,treatment_0009,P01-08,3.9810717055349776,5465.753038511542,False
cv_intercept,sentinel2,treatment_0009,P01-08,5.011872336272725,5465.812889952611,False
cv_intercept,sentinel2,treatment_0009,P01-08,6.309573444801943,5465.888266556426,False
cv_intercept,sentinel2,treatment_0009,P01-08,7.943282347242821,5465.983204475608,False
cv_intercept,sentinel2,treatment_0009,P01-08,10.0,5466.102794312423,False
cv_intercept,sentinel2,treatment_0009,P01-08,12.589254117941687,5466.253459492151,False
cv_intercept,sentinel2,treatment_0009,P01-08,15.848931924611142,5466.443309704767,False
cv_intercept,sentinel2,treatment_0009,P01-08,19.95262314968883,5466.682590465773,False
cv_intercept,sentinel2,treatment_0009,P01-08,25.11886431509582,5466.984256110697,False
cv_intercept,sentinel2,treatment_0009,P01-08,31.622776601683793,5467.364701774235,False
cv_intercept,sentinel2,treatment_0009,P01-08,39.81071705534978,5467.844700714919,False
cv_intercept,sentinel2,treatment_0009,P01-08,50.11872336272725,5468.450607434717,False
cv_intercept,sentinel2,treatment_0009,P01-08,63.09573444801943,5469.215905132357,False
cv_intercept,sentinel2,treatment_0009,P01-08,79.43282347242821,5470.183198616939,False
cv_intercept,sentinel2,treatment_0009,P01-08,100.0,5471.40678062796,False
cv_intercept,sentinel2,treatment_0009,P01-08,125.89254117941688,5472.955928441728,False
cv_intercept,sentinel2,treatment_0009,P01-08,158.48931924611142,5474.919112734678,False
cv_intercept,sentinel2,treatment_0009,P01-08,199.5262314968883,5477.409308797872,False
cv_intercept,sentinel2,treatment_0009,P01-08,251.18864315095823,5480.570566146178,False
cv_intercept,sentinel2,treatment_0009,P01-08,316.22776601683796,5484.585873093648,False
cv_intercept,sentinel2,treatment_0009,P01-08,398.1071705534977,5489.686082433877,False
cv_intercept,sentinel2,treatment_0009,P01-08,501.18723362727246,5496.159159629045,False
cv_intercept,sentinel2,treatment_0009,P01-08,630.9573444801943,5504.358201275152,False
cv_intercept,sentinel2,treatment_0009,P01-08,794.3282347242822,5514.705549619233,False
cv_intercept,sentinel2,treatment_0009,P01-08,1000.0,5527.689090071287,False
cv_intercept,sentinel2,treatment_0009,P01-08,1258.9254117941687,5543.845980655861,False
cv_intercept,sentinel2,treatment_0009,P01-08,1584.893192461114,5563.729510760125,False
cv_intercept,sentinel2,treatment_0009,P01-08,1995.262314968883,5587.857520669207,False
cv_intercept,sentinel2,treatment_0009,P01-08,2511.886431509582,5616.646229439253,False
cv_intercept,sentinel2,treatment_0009,P01-08,3162.2776601683795,5650.340210010693,False
cv_intercept,sentinel2,treatment_0009,P01-08,3981.0717055349774,5688.954344805991,False
cv_intercept,sentinel2,treatment_0009,P01-08,5011.872336272725,5732.242799067191,False
cv_intercept,sentinel2,treatment_0009,P01-08,6309.573444801943,5779.70163423327,False
cv_intercept,sentinel2,treatment_0009,P01-08,7943.282347242822,5830.599284176986,False
cv_intercept,sentinel2,treatment_0009,P01-08,10000.0,5884.020814887126,False
cv_intercept,sentinel2,treatment_0009,P01-09,0.0001,6562.194509324735,True
cv_intercept,sentinel2,treatment_0009,P01-09,0.00012589254117941674,6562.194510550073,False
cv_intercept,sentinel2,treatment_0009,P01-09,0.00015848931924611142,6562.194512092681,False
cv_intercept,sentinel2,treatment_0009,P01-09,0.00019952623149688788,6562.194514034711,False
cv_intercept,sentinel2,treatment_0009,P01-09,0.00025118864315095795,6562.194516479581,False
cv_intercept,sentinel2,treatment_0009,P01-09,0.00031622776601683794,6562.194519557489,False
cv_intercept,sentinel2,treatment_0009,P01-09,0.00039810717055349735,6562.194523432348,False
cv_intercept,sentinel2,treatment_0009,P01-09,0.0005011872336272725,6562.194528310506,False
cv_intercept,sentinel2,treatment_0009,P01-09,0.000630957344480193,6562.194534451743,False
cv_intercept,sentinel2,treatment_0009,P01-09,0.0007943282347242813,6562.194542183102,False
cv_intercept,sentinel2,treatment_0009,P01-09,0.001,6562.194551916307,False
cv_intercept,sentinel2,treatment_0009,P01-09,0.0012589254117941675,6562.194564169686,False
cv_intercept,sentinel2,treatment_0009,P01-09,0.001584893192461114,6562.194579595781,False
cv_intercept,sentinel2,treatment_0009,P01-09,0.001995262314968879,6562.194599016082,False
cv_intercept,sentinel2,treatment_0009,P01-09,0.002511886431509582,6562.194623464796,False
cv_intercept,sentinel2,treatment_0009,P01-09,0.0031622776601683794,6562.194654243909,False
cv_intercept,sentinel2,treatment_0009,P01-09,0.003981071705534973,6562.194692992523,False
cv_intercept,sentinel2,treatment_0009,P01-09,0.005011872336272725,6562.194741774149,False
cv_intercept,sentinel2,treatment_0009,P01-09,0.00630957344480193,6562.194803186596,False
cv_intercept,sentinel2,treatment_0009,P01-09,0.00794328234724282,6562.194880500315,False
cv_intercept,sentinel2,treatment_0009,P01-09,0.01,6562.194977832567,False
cv_intercept,sentinel2,treatment_0009,P01-09,0.012589254117941675,6562.195100366684,False
cv_intercept,sentinel2,treatment_0009,P01-09,0.01584893192461114,6562.195254628112,False
cv_intercept,sentinel2,treatment_0009,P01-09,0.01995262314968881,6562.195448831927,False
cv_intercept,sentinel2,treatment_0009,P01-09,0.025118864315095822,6562.195693320331,False
cv_intercept,sentinel2,treatment_0009,P01-09,0.03162277660168379,6562.196001113452,False
cv_intercept,sentinel2,treatment_0009,P01-09,0.039810717055349734,6562.196388602756,False
cv_intercept,sentinel2,treatment_0009,P01-09,0.05011872336272725,6562.196876424035,False
cv_intercept,sentinel2,treatment_0009,P01-09,0.06309573444801936,6562.197490556454,False
cv_intercept,sentinel2,treatment_0009,P01-09,0.07943282347242822,6562.198263706241,False
cv_intercept,sentinel2,treatment_0009,P01-09,0.1,6562.19923704872,False
cv_intercept,sentinel2,treatment_0009,P01-09,0.12589254117941676,6562.200462421527,False
cv_intercept,sentinel2,treatment_0009,P01-09,0.15848931924611143,6562.202005085948,False
cv_intercept,sentinel2,treatment_0009,P01-09,0.19952623149688808,6562.203947203548,False
cv_intercept,sentinel2,treatment_0009,P01-09,0.25118864315095824,6562.206392213522,False
cv_intercept,sentinel2,treatment_0009,P01-09,0.31622776601683794,6562.209470344305,False
cv_intercept,sentinel2,treatment_0009,P01-09,0.3981071705534973,6562.21334555363,False
cv_intercept,sentinel2,treatment_0009,P01-09,0.5011872336272725,6562.218224267623,False
cv_intercept,sentinel2,treatment_0009,P01-09,0.6309573444801936,6562.224366386075,False
cv_intercept,sentinel2,treatment_0009,P01-09,0.7943282347242822,6562.23209914254,False
cv_intercept,sentinel2,treatment_0009,P01-09,1.0,6562.241834561594,False
cv_intercept,sentinel2,treatment_0009,P01-09,1.2589254117941688,6562.254091449532,False
cv_intercept,sentinel2,treatment_0009,P01-09,1.584893192461114,6562.269523100068,False
cv_intercept,sentinel2,treatment_0009,P01-09,1.9952623149688788,6562.288952207069,False
cv_intercept,sentinel2,treatment_0009,P01-09,2.5118864315095824,6562.313414869666,False
cv_intercept,sentinel2,treatment_0009,P01-09,3.1622776601683795,6562.344216074527,False
cv_intercept,sentinel2,treatment_0009,P01-09,3.9810717055349776,6562.382999674895,False
cv_intercept,sentinel2,treatment_0009,P01-09,5.011872336272725,6562.431836695436,False
cv_intercept,sentinel2,treatment_0009,P01-09,6.309573444801943,6562.493336826113,False
cv_intercept,sentinel2,treatment_0009,P01-09,7.943282347242821,6562.570789294239,False
cv_intercept,sentinel2,treatment_0009,P01-09,10.0,6562.66834100971,False
cv_intercept,sentinel2,treatment_0009,P01-09,12.589254117941687,6562.791222081415,False
cv_intercept,sentinel2,treatment_0009,P01-09,15.848931924611142,6562.946031659884,False
cv_intercept,sentinel2,treatment_0009,P01-09,19.95262314968883,6563.1411007810275,False
cv_intercept,sentinel2,treatment_0009,P01-09,25.11886431509582,6563.386953746112,False
cv_intercept,sentinel2,treatment_0009,P01-09,31.622776601683793,6563.696895938168,False
cv_intercept,sentinel2,treatment_0009,P01-09,39.81071705534978,6564.087764311696,False
cv_intercept,sentinel2,treatment_0009,P01-09,50.11872336272725,6564.580887673441,False
cv_intercept,sentinel2,treatment_0009,P01-09,63.09573444801943,6565.203317941509,False
cv_intercept,sentinel2,treatment_0009,P01-09,79.43282347242821,6565.989411427377,False
cv_intercept,sentinel2,treatment_0009,P01-09,100.0,6566.982861091023,False
cv_intercept,sentinel2,treatment_0009,P01-09,125.89254117941688,6568.239305971869,False
cv_intercept,sentinel2,treatment_0009,P01-09,158.48931924611142,6569.82966971994,False
cv_intercept,sentinel2,treatment_0009,P01-09,199.5262314968883,6571.8443991386885,False
cv_intercept,sentinel2,treatment_0009,P01-09,251.18864315095823,6574.398770910315,False
cv_intercept,sentinel2,treatment_0009,P01-09,316.22776601683796,6577.639382585181,False
cv_intercept,sentinel2,treatment_0009,P01-09,398.1071705534977,6581.751797007626,False
cv_intercept,sentinel2,treatment_0009,P01-09,501.18723362727246,6586.969002256977,False
cv_intercept,sentinel2,treatment_0009,P01-09,630.9573444801943,6593.579805935308,False
cv_intercept,sentinel2,treatment_0009,P01-09,794.3282347242822,6601.935451171776,False
cv_intercept,sentinel2,treatment_0009,P01-09,1000.0,6612.451669016623,False
cv_intercept,sentinel2,treatment_0009,P01-09,1258.9254117941687,6625.6023295241885,False
cv_intercept,sentinel2,treatment_0009,P01-09,1584.893192461114,6641.900403270472,False
cv_intercept,sentinel2,treatment_0009,P01-09,1995.262314968883,6661.862956914507,False
cv_intercept,sentinel2,treatment_0009,P01-09,2511.886431509582,6685.960140557647,False
cv_intercept,sentinel2,treatment_0009,P01-09,3162.2776601683795,6714.5534574377725,False
cv_intercept,sentinel2,treatment_0009,P01-09,3981.0717055349774,6747.83423561772,False
cv_intercept,sentinel2,treatment_0009,P01-09,5011.872336272725,6785.775823042537,False
cv_intercept,sentinel2,treatment_0009,P01-09,6309.573444801943,6828.109725135857,False
cv_intercept,sentinel2,treatment_0009,P01-09,7943.282347242822,6874.3273316291825,False
cv_intercept,sentinel2,treatment_0009,P01-09,10000.0,6923.700398279139,False
cv_intercept,sentinel2,treatment_0010,P01-08,0.0001,8718.09162566741,False
cv_intercept,sentinel2,treatment_0010,P01-08,0.00012589254117941674,8718.09162400359,False
cv_intercept,sentinel2,treatment_0010,P01-08,0.00015848931924611142,8718.091621908967,False
cv_intercept,sentinel2,treatment_0010,P01-08,0.00019952623149688788,8718.091619271992,False
cv_intercept,sentinel2,treatment_0010,P01-08,0.00025118864315095795,8718.091615952238,False
cv_intercept,sentinel2,treatment_0010,P01-08,0.00031622776601683794,8718.091611772918,False
cv_intercept,sentinel2,treatment_0010,P01-08,0.00039810717055349735,8718.091606511462,False
cv_intercept,sentinel2,treatment_0010,P01-08,0.0005011872336272725,8718.091599887683,False
cv_intercept,sentinel2,treatment_0010,P01-08,0.000630957344480193,8718.09159154884,False
cv_intercept,sentinel2,treatment_0010,P01-08,0.0007943282347242813,8718.091581050861,False
cv_intercept,sentinel2,treatment_0010,P01-08,0.001,8718.09156783469,False
cv_intercept,sentinel2,treatment_0010,P01-08,0.0012589254117941675,8718.091551196521,False
cv_intercept,sentinel2,treatment_0010,P01-08,0.001584893192461114,8718.09153025031,False
cv_intercept,sentinel2,treatment_0010,P01-08,0.001995262314968879,8718.091503880607,False
cv_intercept,sentinel2,treatment_0010,P01-08,0.002511886431509582,8718.091470683124,False
cv_intercept,sentinel2,treatment_0010,P01-08,0.0031622776601683794,8718.091428889995,False
cv_intercept,sentinel2,treatment_0010,P01-08,0.003981071705534973,8718.091376275594,False
cv_intercept,sentinel2,treatment_0010,P01-08,0.005011872336272725,8718.091310038042,False
cv_intercept,sentinel2,treatment_0010,P01-08,0.00630957344480193,8718.09122664999,False
cv_intercept,sentinel2,treatment_0010,P01-08,0.00794328234724282,8718.09112167079,False
cv_intercept,sentinel2,treatment_0010,P01-08,0.01,8718.090989510016,False
cv_intercept,sentinel2,treatment_0010,P01-08,0.012589254117941675,8718.090823129804,False
cv_intercept,sentinel2,treatment_0010,P01-08,0.01584893192461114,8718.090613670063,False
cv_intercept,sentinel2,treatment_0010,P01-08,0.01995262314968881,8718.090349976723,False
cv_intercept,sentinel2,treatment_0010,P01-08,0.025118864315095822,8718.090018007828,False
cv_intercept,sentinel2,treatment_0010,P01-08,0.03162277660168379,8718.089600085888,False
cv_intercept,sentinel2,treatment_0010,P01-08,0.039810717055349734,8718.089073956733,False
cv_intercept,sentinel2,treatment_0010,P01-08,0.05011872336272725,8718.088411604742,False
cv_intercept,sentinel2,treatment_0010,P01-08,0.06309573444801936,8718.08757776151,False
cv_intercept,sentinel2,treatment_0010,P01-08,0.07943282347242822,8718.086528028576,False
cv_intercept,sentinel2,treatment_0010,P01-08,0.1,8718.08520651451,False
cv_intercept,sentinel2,treatment_0010,P01-08,0.12589254117941676,8718.083542860788,False
cv_intercept,sentinel2,treatment_0010,P01-08,0.15848931924611143,8718.081448498588,False
cv_intercept,sentinel2,treatment_0010,P01-08,0.19952623149688808,8718.07881193798,False
cv_intercept,sentinel2,treatment_0010,P01-08,0.25118864315095824,8718.075492839838,False
cv_intercept,sentinel2,treatment_0010,P01-08,0.31622776601683794,8718.07131455681,False
cv_intercept,sentinel2,treatment_0010,P01-08,0.3981071705534973,8718.066054749217,False
cv_intercept,sentinel2,treatment_0010,P01-08,0.5011872336272725,8718.059433581171,False
cv_intercept,sentinel2,treatment_0010,P01-08,0.6309573444801936,8718.051098876105,False
cv_intercept,sentinel2,treatment_0010,P01-08,0.7943282347242822,8718.040607453717,False
cv_intercept,sentinel2,treatment_0010,P01-08,1.0,8718.0274016742,False
cv_intercept,sentinel2,treatment_0010,P01-08,1.2589254117941688,8718.010779971912,False
cv_intercept,sentinel2,treatment_0010,P01-08,1.584893192461114,8717.989859858828,False
cv_intercept,sentinel2,treatment_0010,P01-08,1.9952623149688788,8717.963531506075,False
cv_intercept,sentinel2,treatment_0010,P01-08,2.5118864315095824,8717.930399555646,False
cv_intercept,sentinel2,treatment_0010,P01-08,3.1622776601683795,8717.888710260095,False
cv_intercept,sentinel2,treatment_0010,P01-08,3.9810717055349776,8717.836260380805,False
cv_intercept,sentinel2,treatment_0010,P01-08,5.011872336272725,8717.770283484502,False
cv_intercept,sentinel2,treatment_0010,P01-08,6.309573444801943,8717.687308358876,False
cv_intercept,sentinel2,treatment_0010,P01-08,7.943282347242821,8717.58298323218,False
cv_intercept,sentinel2,treatment_0010,P01-08,10.0,8717.451858367107,False
cv_intercept,sentinel2,treatment_0010,P01-08,12.589254117941687,8717.287118492217,False
cv_intercept,sentinel2,treatment_0010,P01-08,15.848931924611142,8717.080255602315,False
cv_intercept,sentinel2,treatment_0010,P01-08,19.95262314968883,8716.82067220199,False
cv_intercept,sentinel2,treatment_0010,P01-08,25.11886431509582,8716.49520559467,False
cv_intercept,sentinel2,treatment_0010,P01-08,31.622776601683793,8716.087566173857,False
cv_intercept,sentinel2,treatment_0010,P01-08,39.81071705534978,8715.577688195743,False
cv_intercept,sentinel2,treatment_0010,P01-08,50.11872336272725,8714.941002293128,False
cv_intercept,sentinel2,treatment_0010,P01-08,63.09573444801943,8714.147658189699,False
cv_intercept,sentinel2,treatment_0010,P01-08,79.43282347242821,8713.16175832793,False
cv_intercept,sentinel2,treatment_0010,P01-08,100.0,8711.94071497097,False
cv_intercept,sentinel2,treatment_0010,P01-08,125.89254117941688,8710.434923522433,False
cv_intercept,sentinel2,treatment_0010,P01-08,158.48931924611142,8708.588064125668,False
cv_intercept,sentinel2,treatment_0010,P01-08,199.5262314968883,8706.33851365555,False
cv_intercept,sentinel2,treatment_0010,P01-08,251.18864315095823,8703.622579952655,False
cv_intercept,sentinel2,treatment_0010,P01-08,316.22776601683796,8700.380558581695,False
cv_intercept,sentinel2,treatment_0010,P01-08,398.1071705534977,8696.566935478362,False
cv_intercept,sentinel2,treatment_0010,P01-08,501.18723362727246,8692.166349160187,False
cv_intercept,sentinel2,treatment_0010,P01-08,630.9573444801943,8687.217046794753,False
cv_intercept,sentinel2,treatment_0010,P01-08,794.3282347242822,8681.843289111632,False
cv_intercept,sentinel2,treatment_0010,P01-08,1000.0,8676.297154477845,False
cv_intercept,sentinel2,treatment_0010,P01-08,1258.9254117941687,8671.008094870987,False
cv_intercept,sentinel2,treatment_0010,P01-08,1584.893192461114,8666.635142728675,False
cv_intercept,sentinel2,treatment_0010,P01-08,1995.262314968883,8664.11195571891,True
cv_intercept,sentinel2,treatment_0010,P01-08,2511.886431509582,8664.669695324517,False
cv_intercept,sentinel2,treatment_0010,P01-08,3162.2776601683795,8669.818759307058,False
cv_intercept,sentinel2,treatment_0010,P01-08,3981.0717055349774,8681.270160298247,False
cv_intercept,sentinel2,treatment_0010,P01-08,5011.872336272725,8700.783641100857,False
cv_intercept,sentinel2,treatment_0010,P01-08,6309.573444801943,8729.944298188399,False
cv_intercept,sentinel2,treatment_0010,P01-08,7943.282347242822,8769.891868472081,False
cv_intercept,sentinel2,treatment_0010,P01-08,10000.0,8821.0520387774,False
cv_intercept,sentinel2,treatment_0010,P01-09,0.0001,9781.001377515193,False
cv_intercept,sentinel2,treatment_0010,P01-09,0.00012589254117941674,9781.001376617483,False
cv_intercept,sentinel2,treatment_0010,P01-09,0.00015848931924611142,9781.001375487336,False
cv_intercept,sentinel2,treatment_0010,P01-09,0.00019952623149688788,9781.001374064557,False
cv_intercept,sentinel2,treatment_0010,P01-09,0.00025118864315095795,9781.001372273393,False
cv_intercept,sentinel2,treatment_0010,P01-09,0.00031622776601683794,9781.001370018445,False
cv_intercept,sentinel2,treatment_0010,P01-09,0.00039810717055349735,9781.001367179635,False
cv_intercept,sentinel2,treatment_0010,P01-09,0.0005011872336272725,9781.001363605788,False
cv_intercept,sentinel2,treatment_0010,P01-09,0.000630957344480193,9781.001359106578,False
cv_intercept,sentinel2,treatment_0010,P01-09,0.0007943282347242813,9781.00135344241,False
cv_intercept,sentinel2,treatment_0010,P01-09,0.001,9781.001346311652,False
cv_intercept,sentinel2,treatment_0010,P01-09,0.0012589254117941675,9781.001337334556,False
cv_intercept,sentinel2,treatment_0010,P01-09,0.001584893192461114,9781.001326033065,False
cv_intercept,sentinel2,treatment_0010,P01-09,0.001995262314968879,9781.001311805338,False
cv_intercept,sentinel2,treatment_0010,P01-09,0.002511886431509582,9781.001293893698,False
cv_intercept,sentinel2,treatment_0010,P01-09,0.0031622776601683794,9781.001271344296,False
cv_intercept,sentinel2,treatment_0010,P01-09,0.003981071705534973,9781.001242956298,False
cv_intercept,sentinel2,treatment_0010,P01-09,0.005011872336272725,9781.001207217963,False
cv_intercept,sentinel2,treatment_0010,P01-09,0.00630957344480193,9781.00116222612,False
cv_intercept,sentinel2,treatment_0010,P01-09,0.00794328234724282,9781.001105584832,False
cv_intercept,sentinel2,treatment_0010,P01-09,0.01,9781.001034277813,False
cv_intercept,sentinel2,treatment_0010,P01-09,0.012589254117941675,9781.000944507814,False
cv_intercept,sentinel2,treatment_0010,P01-09,0.01584893192461114,9781.000831494426,False
cv_intercept,sentinel2,treatment_0010,P01-09,0.01995262314968881,9781.000689219545,False
cv_intercept,sentinel2,treatment_0010,P01-09,0.025118864315095822,9781.00051010695,False
cv_intercept,sentinel2,treatment_0010,P01-09,0.03162277660168379,9781.00028461893,False
cv_intercept,sentinel2,treatment_0010,P01-09,0.039810717055349734,9781.000000748512,False
cv_intercept,sentinel2,treatment_0010,P01-09,0.05011872336272725,9780.999643380279,False
cv_intercept,sentinel2,treatment_0010,P01-09,0.06309573444801936,9780.99919348581,False
cv_intercept,sentinel2,treatment_0010,P01-09,0.07943282347242822,9780.998627110906,False
cv_intercept,sentinel2,treatment_0010,P01-09,0.1,9780.997914100899,False
cv_intercept,sentinel2,treatment_0010,P01-09,0.12589254117941676,9780.99701649628,False
cv_intercept,sentinel2,treatment_0010,P01-09,0.15848931924611143,9780.99588651356,False
cv_intercept,sentinel2,treatment_0010,P01-09,0.19952623149688808,9780.994464004349,False
cv_intercept,sentinel2,treatment_0010,P01-09,0.25118864315095824,9780.992673258123,False
cv_intercept,sentinel2,treatment_0010,P01-09,0.31622776601683794,9780.990418979709,False
cv_intercept,sentinel2,treatment_0010,P01-09,0.3981071705534973,9780.987581229267,False
cv_intercept,sentinel2,treatment_0010,P01-09,0.5011872336272725,9780.984009058511,False
cv_intercept,sentinel2,treatment_0010,P01-09,0.6309573444801936,9780.979512509342,False
cv_intercept,sentinel2,treatment_0010,P01-09,0.7943282347242822,9780.973852556775,False
cv_intercept,sentinel2,treatment_0010,P01-09,1.0,9780.966728473326,False
cv_intercept,sentinel2,treatment_0010,P01-09,1.2589254117941688,9780.957761962043,False
cv_intercept,sentinel2,treatment_0010,P01-09,1.584893192461114,9780.946477245092,False
cv_intercept,sentinel2,treatment_0010,P01-09,1.9952623149688788,9780.93227609798,False
cv_intercept,sentinel2,treatment_0010,P01-09,2.5118864315095824,9780.91440657976,False
cv_intercept,sentinel2,treatment_0010,P01-09,3.1622776601683795,9780.89192392044,False
cv_intercept,sentinel2,treatment_0010,P01-09,3.9810717055349776,9780.863641682636,False
cv_intercept,sentinel2,treatment_0010,P01-09,5.011872336272725,9780.828070913074,False
cv_intercept,sentinel2,treatment_0010,P01-09,6.309573444801943,9780.783344543383,False
cv_intercept,sentinel2,treatment_0010,P01-09,7.943282347242821,9780.727123803983,False
cv_intercept,sentinel2,treatment_0010,P01-09,10.0,9780.656482913424,False
cv_intercept,sentinel2,treatment_0010,P01-09,12.589254117941687,9780.56776786673,False
cv_intercept,sentinel2,treatment_0010,P01-09,15.848931924611142,9780.45642489471,False
cv_intercept,sentinel2,treatment_0010,P01-09,19.95262314968883,9780.31679431725,False
cv_intercept,sentinel2,treatment_0010,P01-09,25.11886431509582,9780.141866428781,False
cv_intercept,sentinel2,treatment_0010,P01-09,31.622776601683793,9779.922998321581,False
cv_intercept,sentinel2,treatment_0010,P01-09,39.81071705534978,9779.649595110312,False
cv_intercept,sentinel2,treatment_0010,P01-09,50.11872336272725,9779.308767331246,False
cv_intercept,sentinel2,treatment_0010,P01-09,63.09573444801943,9778.884990582443,False
cv_intercept,sentinel2,treatment_0010,P01-09,79.43282347242821,9778.359817064575,False
cv_intercept,sentinel2,treatment_0010,P01-09,100.0,9777.711726360918,False
cv_intercept,sentinel2,treatment_0010,P01-09,125.89254117941688,9776.91626118297,False
cv_intercept,sentinel2,treatment_0010,P01-09,158.48931924611142,9775.946681552028,False
cv_intercept,sentinel2,treatment_0010,P01-09,199.5262314968883,9774.77549826405,False
cv_intercept,sentinel2,treatment_0010,P01-09,251.18864315095823,9773.37742370083,False
cv_intercept,sentinel2,treatment_0010,P01-09,316.22776601683796,9771.734510987084,False
cv_intercept,sentinel2,treatment_0010,P01-09,398.1071705534977,9769.844534098178,False
cv_intercept,sentinel2,treatment_0010,P01-09,501.18723362727246,9767.733956747303,False
cv_intercept,sentinel2,treatment_0010,P01-09,630.9573444801943,9765.477060924015,False
cv_intercept,sentinel2,treatment_0010,P01-09,794.3282347242822,9763.222792167617,False
cv_intercept,sentinel2,treatment_0010,P01-09,1000.0,9761.230361699018,False
cv_intercept,sentinel2,treatment_0010,P01-09,1258.9254117941687,9759.913264206836,False
cv_intercept,sentinel2,treatment_0010,P01-09,1584.893192461114,9759.888744636572,True
cv_intercept,sentinel2,treatment_0010,P01-09,1995.262314968883,9762.025668553253,False
cv_intercept,sentinel2,treatment_0010,P01-09,2511.886431509582,9767.478493806218,False
cv_intercept,sentinel2,treatment_0010,P01-09,3162.2776601683795,9777.689732524195,False
cv_intercept,sentinel2,treatment_0010,P01-09,3981.0717055349774,9794.340134876244,False
cv_intercept,sentinel2,treatment_0010,P01-09,5011.872336272725,9819.227903501136,False
cv_intercept,sentinel2,treatment_0010,P01-09,6309.573444801943,9854.068650567511,False
cv_intercept,sentinel2,treatment_0010,P01-09,7943.282347242822,9900.227975763879,False
cv_intercept,sentinel2,treatment_0010,P01-09,10000.0,9958.426012290016,False
