sensor,site_id,role,target_site,control_rank,seq,period_id,month,usable,mean_VV,mean_VH,mean_VV_minus_VH,mean_B2,mean_B3,mean_B4,mean_B8,mean_B11,mean_B12,mean_NDVI,mean_NDWI
sentinel1,treatment_0015,target,treatment_0015,0,1,P01,2023-11,True,-10.062315358997571,-15.505245307129208,5.442929954254391,,,,,,,,
sentinel1,treatment_0015,target,treatment_0015,0,2,P02,2023-12,True,-10.099559935626417,-15.57530285920247,5.510472576839038,,,,,,,,
sentinel1,treatment_0015,target,treatment_0015,0,3,P03,2024-01,True,-11.269729204390309,-17.99659079995486,6.726861600679631,,,,,,,,
sentinel1,treatment_0015,target,treatment_0015,0,4,P04,2024-02,True,-9.980391894047804,-15.878641833786917,5.898249936940351,,,,,,,,
sentinel1,treatment_0015,target,treatment_0015,0,5,P05,2024-03,True,-10.294469901264304,-16.20651094266684,5.912041044583058,,,,,,,,
sentinel1,treatment_0015,target,treatment_0015,0,6,P06,2024-04,True,-10.039184767232083,-15.852285650272181,5.82697277627286,,,,,,,,
sentinel1,treatment_0015,target,treatment_0015,0,7,P07,2024-05,True,-10.278019054195669,-16.35749457444295,6.089955980608627,,,,,,,,
sentinel1,treatment_0015,target,treatment_0015,0,8,P08,2024-06,True,-10.51135795524805,-16.739975730027304,6.2286177711587145,,,,,,,,
sentinel1,treatment_0015,target,treatment_0015,0,9,P09,2024-07,True,-9.79810002419028,-15.915965432459766,6.1284289525519355,,,,,,,,
sentinel1,treatment_0015,target,treatment_0015,0,10,P10,2024-08,True,-10.449886326695433,-16.726890455094896,6.277004124240415,,,,,,,,
sentinel1,counterfactual_0015_01,donor,treatment_0015,1,1,P01,2023-11,True,-8.984768901910984,-14.355996016719367,5.3712271172295845,,,,,,,,
sentinel1,counterfactual_0015_01,donor,treatment_0015,1,2,P02,2023-12,True,-9.154073468077248,-14.498612215397182,5.355846558633249,,,,,,,,
sentinel1,counterfactual_0015_01,donor,treatment_0015,1,3,P03,2024-01,True,-10.227426050048448,-16.738539603747242,6.511113567044251,,,,,,,,
sentinel1,counterfactual_0015_01,donor,treatment_0015,1,4,P04,2024-02,True,-9.283065612193896,-14.701681087302433,5.418615475891501,,,,,,,,
sentinel1,counterfactual_0015_01,donor,treatment_0015,1,5,P05,2024-03,True,-9.306749380805798,-14.730086240075684,5.42333686197044,,,,,,,,
sentinel1,counterfactual_0015_01,donor,treatment_0015,1,6,P06,2024-04,True,-9.06225656409139,-14.365432053941708,5.29301927978121,,,,,,,,
sentinel1,counterfactual_0015_01,donor,treatment_0015,1,7,P07,2024-05,True,-9.14638907887073,-15.017076872246088,5.873024055952294,,,,,,,,
sentinel1,counterfactual_0015_01,donor,treatment_0015,1,8,P08,2024-06,True,-9.429914888196476,-15.571851479984968,6.1419365865232,,,,,,,,
sentinel1,counterfactual_0015_01,donor,treatment_0015,1,9,P09,2024-07,True,-8.807489091386376,-14.794101188842157,5.992879908417885,,,,,,,,
sentinel1,counterfactual_0015_01,donor,treatment_0015,1,10,P10,2024-08,True,-9.446012931552053,-15.59997443752702,6.153961500321845,,,,,,,,
sentinel1,counterfactual_0015_02,donor,treatment_0015,2,1,P01,2023-11,True,-9.600904450455946,-14.856032972463895,5.255128527850967,,,,,,,,
sentinel1,counterfactual_0015_02,donor,treatment_0015,2,2,P02,2023-12,True,-9.755682812481988,-14.936021135339736,5.1944106925906475,,,,,,,,
sentinel1,counterfactual_0015_02,donor,treatment_0015,2,3,P03,2024-01,True,-10.865241805084745,-17.08308186389432,6.217840053911665,,,,,,,,
sentinel1,counterfactual_0015_02,donor,treatment_0015,2,4,P04,2024-02,True,-9.820901397339588,-15.142060984140423,5.321159591637395,,,,,,,,
sentinel1,counterfactual_0015_02,donor,treatment_0015,2,5,P05,2024-03,True,-9.664713787178268,-14.945293321339316,5.280579539062154,,,,,,,,
sentinel1,counterfactual_0015_02,donor,treatment_0015,2,6,P06,2024-04,True,-9.552240971622645,-14.677023728236698,5.119989952324572,,,,,,,,
sentinel1,counterfactual_0015_02,donor,treatment_0015,2,7,P07,2024-05,True,-9.7996937403025,-15.878591257197613,6.088782228269256,,,,,,,,
sentinel1,counterfactual_0015_02,donor,treatment_0015,2,8,P08,2024-06,True,-10.057428671190427,-16.22529172055944,6.167863054204111,,,,,,,,
sentinel1,counterfactual_0015_02,donor,treatment_0015,2,9,P09,2024-07,True,-9.835819672916584,-15.88536646875397,6.037357986832282,,,,,,,,
sentinel1,counterfactual_0015_02,donor,treatment_0015,2,10,P10,2024-08,True,-10.509463147782377,-16.70851830461074,6.199055175577153,,,,,,,,
sentinel1,counterfactual_0015_03,donor,treatment_0015,3,1,P01,2023-11,True,-8.782902929808811,-13.753395439842006,4.970492509239276,,,,,,,,
sentinel1,counterfactual_0015_03,donor,treatment_0015,3,2,P02,2023-12,True,-9.051063584832628,-14.17487473404182,5.112629290017975,,,,,,,,
sentinel1,counterfactual_0015_03,donor,treatment_0015,3,3,P03,2024-01,True,-10.162654465734345,-16.314543788753973,6.151889319589776,,,,,,,,
sentinel1,counterfactual_0015_03,donor,treatment_0015,3,4,P04,2024-02,True,-9.135043847375075,-14.506896163421382,5.371852319968435,,,,,,,,
sentinel1,counterfactual_0015_03,donor,treatment_0015,3,5,P05,2024-03,True,-8.868799804367397,-14.055680120380448,5.1868803194983215,,,,,,,,
sentinel1,counterfactual_0015_03,donor,treatment_0015,3,6,P06,2024-04,True,-8.759190769806036,-13.883109606056749,5.135847357476559,,,,,,,,
sentinel1,counterfactual_0015_03,donor,treatment_0015,3,7,P07,2024-05,True,-8.900105865804976,-14.616366925467206,5.748730362831006,,,,,,,,
sentinel1,counterfactual_0015_03,donor,treatment_0015,3,8,P08,2024-06,True,-9.21162239091909,-14.909296228165557,5.697673831773749,,,,,,,,
sentinel1,counterfactual_0015_03,donor,treatment_0015,3,9,P09,2024-07,True,-9.062672938170264,-14.671107361637112,5.618969773651104,,,,,,,,
sentinel1,counterfactual_0015_03,donor,treatment_0015,3,10,P10,2024-08,True,-9.441780023160677,-15.204032671053074,5.762252645001565,,,,,,,,
sentinel1,counterfactual_0015_04,donor,treatment_0015,4,1,P01,2023-11,True,-9.419790535227433,-14.561342323519368,5.141551786127827,,,,,,,,
sentinel1,counterfactual_0015_04,donor,treatment_0015,4,2,P02,2023-12,True,-9.805204007692424,-14.97536971113072,5.154625853194668,,,,,,,,
sentinel1,counterfactual_0015_04,donor,treatment_0015,4,3,P03,2024-01,True,-11.004852785782282,-17.310614468174673,6.305761678142328,,,,,,,,
sentinel1,counterfactual_0015_04,donor,treatment_0015,4,4,P04,2024-02,True,-9.680854414762345,-15.09973394504985,5.418879532499817,,,,,,,,
sentinel1,counterfactual_0015_04,donor,treatment_0015,4,5,P05,2024-03,True,-9.81737206615241,-15.069816665408215,5.252444603216641,,,,,,,,
sentinel1,counterfactual_0015_04,donor,treatment_0015,4,6,P06,2024-04,True,-9.58876173283093,-14.70140738903734,5.121276478367557,,,,,,,,
sentinel1,counterfactual_0015_04,donor,treatment_0015,4,7,P07,2024-05,True,-9.644330678483035,-15.840461673648694,6.230205086839455,,,,,,,,
sentinel1,counterfactual_0015_04,donor,treatment_0015,4,8,P08,2024-06,True,-9.847470048034603,-15.977485665339206,6.1300156205942224,,,,,,,,
sentinel1,counterfactual_0015_04,donor,treatment_0015,4,9,P09,2024-07,True,-9.226567297282845,-15.372163888695496,6.156494863348117,,,,,,,,
sentinel1,counterfactual_0015_04,donor,treatment_0015,4,10,P10,2024-08,True,-10.02047122432816,-16.133146425401822,6.112675191181429,,,,,,,,
sentinel1,counterfactual_0015_05,donor,treatment_0015,5,1,P01,2023-11,True,-11.288221584919848,-17.476105906194174,6.187884307757959,,,,,,,,
sentinel1,counterfactual_0015_05,donor,treatment_0015,5,2,P02,2023-12,True,-12.006646844942322,-17.838341931106648,5.884761119574899,,,,,,,,
sentinel1,counterfactual_0015_05,donor,treatment_0015,5,3,P03,2024-01,True,-12.742672592667361,-19.947992334458398,7.205319745459723,,,,,,,,
sentinel1,counterfactual_0015_05,donor,treatment_0015,5,4,P04,2024-02,True,-12.000439640729466,-18.10419247143643,6.103752820318443,,,,,,,,
sentinel1,counterfactual_0015_05,donor,treatment_0015,5,5,P05,2024-03,True,-11.316332022311547,-17.86862591478991,6.552293892694918,,,,,,,,
sentinel1,counterfactual_0015_05,donor,treatment_0015,5,6,P06,2024-04,True,-12.018658530141995,-17.718116738798336,5.716240984715544,,,,,,,,
sentinel1,counterfactual_0015_05,donor,treatment_0015,5,7,P07,2024-05,True,-12.392846309684627,-18.39309670581337,5.982008767449991,,,,,,,,
sentinel1,counterfactual_0015_05,donor,treatment_0015,5,8,P08,2024-06,True,-12.40977316721726,-18.68418139362438,6.274408219878276,,,,,,,,
sentinel1,counterfactual_0015_05,donor,treatment_0015,5,9,P09,2024-07,True,-11.978009310130565,-18.24489644447643,6.2863783388606835,,,,,,,,
sentinel1,counterfactual_0015_05,donor,treatment_0015,5,10,P10,2024-08,True,-12.481290596611517,-18.84227079981017,6.360980217735355,,,,,,,,
sentinel1,treatment_0016,target,treatment_0016,0,1,P01,2023-11,True,-10.784816191647757,-16.838691124880082,6.053874931759887,,,,,,,,
sentinel1,treatment_0016,target,treatment_0016,0,2,P02,2023-12,True,-10.642190470810954,-16.81638651975825,6.16896502117836,,,,,,,,
sentinel1,treatment_0016,target,treatment_0016,0,3,P03,2024-01,True,-12.217671053302766,-20.194192124142294,7.976521094866026,,,,,,,,
sentinel1,treatment_0016,target,treatment_0016,0,4,P04,2024-02,True,-10.648038255176221,-17.415668837475597,6.767630578278283,,,,,,,,
sentinel1,treatment_0016,target,treatment_0016,0,5,P05,2024-03,True,-11.241873741596894,-18.19735024940873,6.955476509228562,,,,,,,,
sentinel1,treatment_0016,target,treatment_0016,0,6,P06,2024-04,True,-10.871163596032753,-17.372374604208986,6.546235818704197,,,,,,,,
sentinel1,treatment_0016,target,treatment_0016,0,7,P07,2024-05,True,-10.240843939157154,-16.58262051574016,6.354012664004232,,,,,,,,
sentinel1,treatment_0016,target,treatment_0016,0,8,P08,2024-06,True,-10.530223103507268,-16.384111513426323,5.8538884064190855,,,,,,,,
sentinel1,treatment_0016,target,treatment_0016,0,9,P09,2024-07,True,-10.027520946726684,-16.005823553642706,5.996461298085736,,,,,,,,
sentinel1,treatment_0016,target,treatment_0016,0,10,P10,2024-08,True,-10.15660840968807,-16.376549793591558,6.219941382463183,,,,,,,,
sentinel1,counterfactual_0016_01,donor,treatment_0016,1,1,P01,2023-11,True,-9.52869685637391,-14.94242636244293,5.413729498953682,,,,,,,,
sentinel1,counterfactual_0016_01,donor,treatment_0016,1,2,P02,2023-12,True,-9.531782097798237,-14.880375254260548,5.369877135563948,,,,,,,,
sentinel1,counterfactual_0016_01,donor,treatment_0016,1,3,P03,2024-01,True,-10.808653263820876,-17.061284522310963,6.2526312653717016,,,,,,,,
sentinel1,counterfactual_0016_01,donor,treatment_0016,1,4,P04,2024-02,True,-9.720061829833117,-15.185113987073327,5.465052159282346,,,,,,,,
sentinel1,counterfactual_0016_01,donor,treatment_0016,1,5,P05,2024-03,True,-10.075006268723504,-15.434982181869175,5.359975920043446,,,,,,,,
sentinel1,counterfactual_0016_01,donor,treatment_0016,1,6,P06,2024-04,True,-9.743674093853572,-14.96933464938058,5.238454304586407,,,,,,,,
sentinel1,counterfactual_0016_01,donor,treatment_0016,1,7,P07,2024-05,True,-9.370547498467973,-15.76590405598702,6.38111543266433,,,,,,,,
sentinel1,counterfactual_0016_01,donor,treatment_0016,1,8,P08,2024-06,True,-9.816880319436594,-16.323664881367154,6.506784557645437,,,,,,,,
sentinel1,counterfactual_0016_01,donor,treatment_0016,1,9,P09,2024-07,True,-9.517182999201328,-15.989448675255298,6.463925951677506,,,,,,,,
sentinel1,counterfactual_0016_01,donor,treatment_0016,1,10,P10,2024-08,True,-10.193069459129672,-16.698118213952352,6.505048756280514,,,,,,,,
sentinel1,counterfactual_0016_02,donor,treatment_0016,2,1,P01,2023-11,True,-8.895731159672879,-14.137920574433732,5.242189409279422,,,,,,,,
sentinel1,counterfactual_0016_02,donor,treatment_0016,2,2,P02,2023-12,True,-9.181383859001764,-14.332107279560354,5.149513002899798,,,,,,,,
sentinel1,counterfactual_0016_02,donor,treatment_0016,2,3,P03,2024-01,True,-10.502589996403987,-16.510180039358612,6.007590048159703,,,,,,,,
sentinel1,counterfactual_0016_02,donor,treatment_0016,2,4,P04,2024-02,True,-9.311168983832445,-14.518974106477039,5.2078051328843475,,,,,,,,
sentinel1,counterfactual_0016_02,donor,treatment_0016,2,5,P05,2024-03,True,-9.247763862580356,-14.318730865185804,5.070966997890109,,,,,,,,
sentinel1,counterfactual_0016_02,donor,treatment_0016,2,6,P06,2024-04,True,-8.9866930050425,-14.095923347378722,5.107495542799151,,,,,,,,
sentinel1,counterfactual_0016_02,donor,treatment_0016,2,7,P07,2024-05,True,-9.166020425074171,-15.156450219012724,6.003457555042045,,,,,,,,
sentinel1,counterfactual_0016_02,donor,treatment_0016,2,8,P08,2024-06,True,-9.442701269423608,-15.639587103588747,6.196885825754097,,,,,,,,
sentinel1,counterfactual_0016_02,donor,treatment_0016,2,9,P09,2024-07,True,-9.263782036682167,-15.14773207466201,5.912926855715232,,,,,,,,
sentinel1,counterfactual_0016_02,donor,treatment_0016,2,10,P10,2024-08,True,-9.646675868978594,-15.84642427265054,6.199748399365362,,,,,,,,
sentinel1,counterfactual_0016_03,donor,treatment_0016,3,1,P01,2023-11,True,-9.68981874453041,-15.039724896321307,5.349906144828574,,,,,,,,
sentinel1,counterfactual_0016_03,donor,treatment_0016,3,2,P02,2023-12,True,-9.845915965876875,-15.191264338101163,5.374177121186629,,,,,,,,
sentinel1,counterfactual_0016_03,donor,treatment_0016,3,3,P03,2024-01,True,-11.23466079785022,-17.43320146769522,6.198540678792853,,,,,,,,
sentinel1,counterfactual_0016_03,donor,treatment_0016,3,4,P04,2024-02,True,-10.08581673197975,-15.43793484940504,5.3521181267733935,,,,,,,,
sentinel1,counterfactual_0016_03,donor,treatment_0016,3,5,P05,2024-03,True,-10.105648391726625,-15.38406306123654,5.278414666455204,,,,,,,,
sentinel1,counterfactual_0016_03,donor,treatment_0016,3,6,P06,2024-04,True,-9.78401064954544,-15.067945423973224,5.2877708960021605,,,,,,,,
sentinel1,counterfactual_0016_03,donor,treatment_0016,3,7,P07,2024-05,True,-10.038833964678508,-16.19926513151706,6.173475866288067,,,,,,,,
sentinel1,counterfactual_0016_03,donor,treatment_0016,3,8,P08,2024-06,True,-10.380104623066655,-16.48223273448647,6.102128108064458,,,,,,,,
sentinel1,counterfactual_0016_03,donor,treatment_0016,3,9,P09,2024-07,True,-10.285401500798757,-16.29238679616805,6.016965098532899,,,,,,,,
sentinel1,counterfactual_0016_03,donor,treatment_0016,3,10,P10,2024-08,True,-10.67868504679889,-16.934724380778118,6.256039340812638,,,,,,,,
sentinel1,counterfactual_0016_04,donor,treatment_0016,4,1,P01,2023-11,True,-10.525157229739502,-16.33290800755193,5.807750778100196,,,,,,,,
sentinel1,counterfactual_0016_04,donor,treatment_0016,4,2,P02,2023-12,True,-10.694676752257813,-16.939776792489784,6.235653174424093,,,,,,,,
sentinel1,counterfactual_0016_04,donor,treatment_0016,4,3,P03,2024-01,True,-11.543489332707907,-19.540144430189876,7.996655096029981,,,,,,,,
sentinel1,counterfactual_0016_04,donor,treatment_0016,4,4,P04,2024-02,True,-10.408309351476474,-17.28130609584128,6.87299675485887,,,,,,,,
sentinel1,counterfactual_0016_04,donor,treatment_0016,4,5,P05,2024-03,True,-11.214701691905887,-17.50522213521605,6.29052045603535,,,,,,,,
sentinel1,counterfactual_0016_04,donor,treatment_0016,4,6,P06,2024-04,True,-11.123900901306003,-17.28935787039941,6.169149250383887,,,,,,,,
sentinel1,counterfactual_0016_04,donor,treatment_0016,4,7,P07,2024-05,True,-11.231261389227594,-17.293230392666217,6.069041580281088,,,,,,,,
sentinel1,counterfactual_0016_04,donor,treatment_0016,4,8,P08,2024-06,True,-11.340809992798029,-17.32830917544253,5.987499184434659,,,,,,,,
sentinel1,counterfactual_0016_04,donor,treatment_0016,4,9,P09,2024-07,True,-10.664476131180603,-16.77713219351236,6.104853392815213,,,,,,,,
sentinel1,counterfactual_0016_04,donor,treatment_0016,4,10,P10,2024-08,True,-10.537210023089981,-16.545765388293567,6.008555352933243,,,,,,,,
sentinel1,counterfactual_0016_05,donor,treatment_0016,5,1,P01,2023-11,True,-9.780660772870515,-15.299685946820636,5.519025181226871,,,,,,,,
sentinel1,counterfactual_0016_05,donor,treatment_0016,5,2,P02,2023-12,True,-9.873325913046028,-15.417424143441647,5.563507181223445,,,,,,,,
sentinel1,counterfactual_0016_05,donor,treatment_0016,5,3,P03,2024-01,True,-11.197444974482147,-17.965511587341325,6.768066627106653,,,,,,,,
sentinel1,counterfactual_0016_05,donor,treatment_0016,5,4,P04,2024-02,True,-9.88549129920384,-15.67129700549174,5.785805694769848,,,,,,,,
sentinel1,counterfactual_0016_05,donor,treatment_0016,5,5,P05,2024-03,True,-9.89879500240578,-15.546908834543594,5.648113848366448,,,,,,,,
sentinel1,counterfactual_0016_05,donor,treatment_0016,5,6,P06,2024-04,True,-9.742460841680202,-15.29134863253353,5.572618446506668,,,,,,,,
sentinel1,counterfactual_0016_05,donor,treatment_0016,5,7,P07,2024-05,True,-9.750683701494262,-16.100887034946933,6.367981840121157,,,,,,,,
sentinel1,counterfactual_0016_05,donor,treatment_0016,5,8,P08,2024-06,True,-10.17429042679342,-16.582669124429383,6.408378700139697,,,,,,,,
sentinel1,counterfactual_0016_05,donor,treatment_0016,5,9,P09,2024-07,True,-9.62061972946364,-15.995990580126954,6.375629535105027,,,,,,,,
sentinel1,counterfactual_0016_05,donor,treatment_0016,5,10,P10,2024-08,True,-10.457330011179746,-16.69194165188569,6.234611644091974,,,,,,,,
sentinel1,treatment_0017,target,treatment_0017,0,1,P01,2023-11,True,-7.171767290781297,-12.448633158000098,5.276865867701579,,,,,,,,
sentinel1,treatment_0017,target,treatment_0017,0,2,P02,2023-12,True,-7.339659288631121,-12.682371036502243,5.328986010524197,,,,,,,,
sentinel1,treatment_0017,target,treatment_0017,0,3,P03,2024-01,True,-8.677825900863787,-15.171516764480662,6.4936908560896045,,,,,,,,
sentinel1,treatment_0017,target,treatment_0017,0,4,P04,2024-02,True,-7.296700031844153,-12.779915236781688,5.483215211397725,,,,,,,,
sentinel1,treatment_0017,target,treatment_0017,0,5,P05,2024-03,True,-7.44450966365772,-12.758730231763195,5.314220575356297,,,,,,,,
sentinel1,treatment_0017,target,treatment_0017,0,6,P06,2024-04,True,-7.170101864284505,-12.654078074967483,5.4941642065315675,,,,,,,,
sentinel1,treatment_0017,target,treatment_0017,0,7,P07,2024-05,True,-7.17751029419881,-13.533092169899085,6.3710321929704214,,,,,,,,
sentinel1,treatment_0017,target,treatment_0017,0,8,P08,2024-06,True,-7.359182874831793,-13.826129787307828,6.466946907596382,,,,,,,,
sentinel1,treatment_0017,target,treatment_0017,0,9,P09,2024-07,True,-7.091177973644354,-13.487003284486505,6.416943114053696,,,,,,,,
sentinel1,treatment_0017,target,treatment_0017,0,10,P10,2024-08,True,-7.41302186777581,-13.999284397327553,6.586262528743946,,,,,,,,
sentinel1,counterfactual_0017_01,donor,treatment_0017,1,1,P01,2023-11,True,-8.865725813327076,-14.101290210042908,5.235564400455365,,,,,,,,
sentinel1,counterfactual_0017_01,donor,treatment_0017,1,2,P02,2023-12,True,-9.18250382482953,-14.374555924139518,5.204009928124351,,,,,,,,
sentinel1,counterfactual_0017_01,donor,treatment_0017,1,3,P03,2024-01,True,-10.561181953521046,-16.654511381978907,6.0933294210576765,,,,,,,,
sentinel1,counterfactual_0017_01,donor,treatment_0017,1,4,P04,2024-02,True,-9.310742368488706,-14.522048146476255,5.211305781686181,,,,,,,,
sentinel1,counterfactual_0017_01,donor,treatment_0017,1,5,P05,2024-03,True,-9.25761159580486,-14.42615184044443,5.168540247768711,,,,,,,,
sentinel1,counterfactual_0017_01,donor,treatment_0017,1,6,P06,2024-04,True,-8.964072387319677,-14.116743475090649,5.1528020689011775,,,,,,,,
sentinel1,counterfactual_0017_01,donor,treatment_0017,1,7,P07,2024-05,True,-9.213772779702555,-15.172217442000477,5.932688511722174,,,,,,,,
sentinel1,counterfactual_0017_01,donor,treatment_0017,1,8,P08,2024-06,True,-9.395989753886562,-15.509275045246252,6.113285292247828,,,,,,,,
sentinel1,counterfactual_0017_01,donor,treatment_0017,1,9,P09,2024-07,True,-9.190167321070609,-15.164783375600473,5.9945788115482825,,,,,,,,
sentinel1,counterfactual_0017_01,donor,treatment_0017,1,10,P10,2024-08,True,-9.700799164334041,-15.925476051314112,6.224676878513536,,,,,,,,
sentinel1,counterfactual_0017_02,donor,treatment_0017,2,1,P01,2023-11,True,-8.114813686562407,-13.161257394422867,5.046443709108674,,,,,,,,
sentinel1,counterfactual_0017_02,donor,treatment_0017,2,2,P02,2023-12,True,-8.370162457721442,-13.382621687447928,5.007750397345765,,,,,,,,
sentinel1,counterfactual_0017_02,donor,treatment_0017,2,3,P03,2024-01,True,-9.46744643937208,-15.552270155398942,6.084823718914044,,,,,,,,
sentinel1,counterfactual_0017_02,donor,treatment_0017,2,4,P04,2024-02,True,-8.45948294974895,-13.5528504660335,5.093367520151168,,,,,,,,
sentinel1,counterfactual_0017_02,donor,treatment_0017,2,5,P05,2024-03,True,-8.49392839415484,-13.598147956287962,5.104219567365854,,,,,,,,
sentinel1,counterfactual_0017_02,donor,treatment_0017,2,6,P06,2024-04,True,-8.19775316757544,-13.213646036166208,5.00754018171184,,,,,,,,
sentinel1,counterfactual_0017_02,donor,treatment_0017,2,7,P07,2024-05,True,-8.19638153165944,-14.261935032695991,6.038656947690416,,,,,,,,
sentinel1,counterfactual_0017_02,donor,treatment_0017,2,8,P08,2024-06,True,-8.447042572414766,-14.741322297931196,6.294279731985384,,,,,,,,
sentinel1,counterfactual_0017_02,donor,treatment_0017,2,9,P09,2024-07,True,-8.134279155774879,-14.349183593494216,6.209205454150038,,,,,,,,
sentinel1,counterfactual_0017_02,donor,treatment_0017,2,10,P10,2024-08,True,-8.848135424132394,-15.204206137035001,6.356070703539167,,,,,,,,
sentinel1,counterfactual_0017_03,donor,treatment_0017,3,1,P01,2023-11,True,-9.711028155386769,-15.17066615502655,5.459638006966928,,,,,,,,
sentinel1,counterfactual_0017_03,donor,treatment_0017,3,2,P02,2023-12,True,-9.946297689975799,-15.731588298392616,5.78733054409146,,,,,,,,
sentinel1,counterfactual_0017_03,donor,treatment_0017,3,3,P03,2024-01,True,-11.129891977107077,-18.178321495370273,7.048429519500456,,,,,,,,
sentinel1,counterfactual_0017_03,donor,treatment_0017,3,4,P04,2024-02,True,-9.835018392607354,-15.95085926498108,6.115840866636244,,,,,,,,
sentinel1,counterfactual_0017_03,donor,treatment_0017,3,5,P05,2024-03,True,-10.134882720883173,-15.982313734259678,5.847431025534369,,,,,,,,
sentinel1,counterfactual_0017_03,donor,treatment_0017,3,6,P06,2024-04,True,-9.960802687550965,-15.702209650751493,5.757439799085676,,,,,,,,
sentinel1,counterfactual_0017_03,donor,treatment_0017,3,7,P07,2024-05,True,-9.627663232703599,-15.92047326362153,6.3125715780294405,,,,,,,,
sentinel1,counterfactual_0017_03,donor,treatment_0017,3,8,P08,2024-06,True,-9.920715934037577,-16.468956712811217,6.548240774982982,,,,,,,,
sentinel1,counterfactual_0017_03,donor,treatment_0017,3,9,P09,2024-07,True,-9.409531481791193,-15.940769795985354,6.531536173819327,,,,,,,,
sentinel1,counterfactual_0017_03,donor,treatment_0017,3,10,P10,2024-08,True,-9.851247757173685,-16.27458605342327,6.423338286176217,,,,,,,,
sentinel1,counterfactual_0017_04,donor,treatment_0017,4,1,P01,2023-11,True,-8.434829732672851,-13.490031867293258,5.055202140361173,,,,,,,,
sentinel1,counterfactual_0017_04,donor,treatment_0017,4,2,P02,2023-12,True,-8.634644525639992,-13.786202620459635,5.190217942140215,,,,,,,,
sentinel1,counterfactual_0017_04,donor,treatment_0017,4,3,P03,2024-01,True,-9.81494654405235,-16.082052694537012,6.267106146482192,,,,,,,,
sentinel1,counterfactual_0017_04,donor,treatment_0017,4,4,P04,2024-02,True,-8.604968225159267,-14.027304161998433,5.422335935555163,,,,,,,,
sentinel1,counterfactual_0017_04,donor,treatment_0017,4,5,P05,2024-03,True,-8.826300187381316,-14.063872859940998,5.23757268450957,,,,,,,,
sentinel1,counterfactual_0017_04,donor,treatment_0017,4,6,P06,2024-04,True,-8.555996513053513,-13.636048184202156,5.058678049318537,,,,,,,,
sentinel1,counterfactual_0017_04,donor,treatment_0017,4,7,P07,2024-05,True,-8.493501026938212,-14.688821029130203,6.202920103797508,,,,,,,,
sentinel1,counterfactual_0017_04,donor,treatment_0017,4,8,P08,2024-06,True,-8.85797207740671,-15.197917550349397,6.339945471218995,,,,,,,,
sentinel1,counterfactual_0017_04,donor,treatment_0017,4,9,P09,2024-07,True,-8.436681130848939,-14.882559724934323,6.43885997511025,,,,,,,,
sentinel1,counterfactual_0017_04,donor,treatment_0017,4,10,P10,2024-08,True,-9.041141197811376,-15.497738456669982,6.456597263667411,,,,,,,,
sentinel1,counterfactual_0017_05,donor,treatment_0017,5,1,P01,2023-11,True,-10.377520192406854,-15.43044836728459,5.0529281725317645,,,,,,,,
sentinel1,counterfactual_0017_05,donor,treatment_0017,5,2,P02,2023-12,True,-10.681780748794552,-15.66245031473672,5.012803752335008,,,,,,,,
sentinel1,counterfactual_0017_05,donor,treatment_0017,5,3,P03,2024-01,True,-11.93941310573683,-17.858071009910127,5.918657917254357,,,,,,,,
sentinel1,counterfactual_0017_05,donor,treatment_0017,5,4,P04,2024-02,True,-10.683990302664101,-15.860337641154793,5.176347337094209,,,,,,,,
sentinel1,counterfactual_0017_05,donor,treatment_0017,5,5,P05,2024-03,True,-10.810695006349322,-15.711289142653143,4.900594129583018,,,,,,,,
sentinel1,counterfactual_0017_05,donor,treatment_0017,5,6,P06,2024-04,True,-10.509136623429873,-15.476067684571097,4.977066650076987,,,,,,,,
sentinel1,counterfactual_0017_05,donor,treatment_0017,5,7,P07,2024-05,True,-10.600229005184422,-16.779099158990174,6.163253427269688,,,,,,,,
sentinel1,counterfactual_0017_05,donor,treatment_0017,5,8,P08,2024-06,True,-10.98180658884369,-17.246934669273248,6.265128083738897,,,,,,,,
sentinel1,counterfactual_0017_05,donor,treatment_0017,5,9,P09,2024-07,True,-10.810428019236518,-16.932581912301448,6.154735423457579,,,,,,,,
sentinel1,counterfactual_0017_05,donor,treatment_0017,5,10,P10,2024-08,True,-11.264827865792798,-17.46144985009754,6.196621977088615,,,,,,,,
sentinel1,treatment_0018,target,treatment_0018,0,1,P01,2023-11,True,-8.577559641645026,-14.048393654405235,5.470834014234841,,,,,,,,
sentinel1,treatment_0018,target,treatment_0018,0,2,P02,2023-12,True,-8.912026661335245,-14.333243302358925,5.433865101560811,,,,,,,,
sentinel1,treatment_0018,target,treatment_0018,0,3,P03,2024-01,True,-10.141608761224534,-16.705790734550508,6.564181977833133,,,,,,,,
sentinel1,treatment_0018,target,treatment_0018,0,4,P04,2024-02,True,-8.946839406230369,-14.555941455820683,5.609102047263331,,,,,,,,
sentinel1,treatment_0018,target,treatment_0018,0,5,P05,2024-03,True,-9.028094381748032,-14.41163036504021,5.3835359915886505,,,,,,,,
sentinel1,treatment_0018,target,treatment_0018,0,6,P06,2024-04,True,-8.782246774961608,-14.21971726006339,5.457822740242673,,,,,,,,
sentinel1,treatment_0018,target,treatment_0018,0,7,P07,2024-05,True,-8.869516483494813,-15.29921523749437,6.44089765033107,,,,,,,,
sentinel1,treatment_0018,target,treatment_0018,0,8,P08,2024-06,True,-9.040421929952853,-15.605181570532695,6.564759643171222,,,,,,,,
sentinel1,treatment_0018,target,treatment_0018,0,9,P09,2024-07,True,-8.752698344634299,-15.309460733722394,6.578233340028151,,,,,,,,
sentinel1,treatment_0018,target,treatment_0018,0,10,P10,2024-08,True,-9.099289575050657,-15.696193304193708,6.596903733284657,,,,,,,,
sentinel1,counterfactual_0018_01,donor,treatment_0018,1,1,P01,2023-11,True,-9.629252611036547,-14.957496534059029,5.328243922985964,,,,,,,,
sentinel1,counterfactual_0018_01,donor,treatment_0018,1,2,P02,2023-12,True,-9.71862159732942,-15.266407237872343,5.5617105621050955,,,,,,,,
sentinel1,counterfactual_0018_01,donor,treatment_0018,1,3,P03,2024-01,True,-10.706219795921506,-17.534442736978402,6.828222941769746,,,,,,,,
sentinel1,counterfactual_0018_01,donor,treatment_0018,1,4,P04,2024-02,True,-9.635315606984634,-15.464493584462257,5.829177977349078,,,,,,,,
sentinel1,counterfactual_0018_01,donor,treatment_0018,1,5,P05,2024-03,True,-9.696579585980123,-15.304382379844299,5.607802793118781,,,,,,,,
sentinel1,counterfactual_0018_01,donor,treatment_0018,1,6,P06,2024-04,True,-9.70984436333422,-15.226471262601716,5.549808549464283,,,,,,,,
sentinel1,counterfactual_0018_01,donor,treatment_0018,1,7,P07,2024-05,True,-9.786973710906365,-15.971163222420719,6.1989568098483,,,,,,,,
sentinel1,counterfactual_0018_01,donor,treatment_0018,1,8,P08,2024-06,True,-10.299906228543637,-16.487064642598146,6.187158399730345,,,,,,,,
sentinel1,counterfactual_0018_01,donor,treatment_0018,1,9,P09,2024-07,True,-9.817804978384585,-15.905053592011013,6.113419386224817,,,,,,,,
sentinel1,counterfactual_0018_01,donor,treatment_0018,1,10,P10,2024-08,True,-10.122496023574024,-16.293142076777823,6.170646043451799,,,,,,,,
sentinel1,counterfactual_0018_02,donor,treatment_0018,2,1,P01,2023-11,True,-10.07539080771824,-15.394138708311884,5.31874789077445,,,,,,,,
sentinel1,counterfactual_0018_02,donor,treatment_0018,2,2,P02,2023-12,True,-10.139684724990042,-15.600566722145151,5.487713342832335,,,,,,,,
sentinel1,counterfactual_0018_02,donor,treatment_0018,2,3,P03,2024-01,True,-11.337436033713912,-18.09626620213853,6.758830161544461,,,,,,,,
sentinel1,counterfactual_0018_02,donor,treatment_0018,2,4,P04,2024-02,True,-10.081151825132913,-15.856766167861226,5.775614337058392,,,,,,,,
sentinel1,counterfactual_0018_02,donor,treatment_0018,2,5,P05,2024-03,True,-10.46109282700481,-16.4491270290334,5.988034193910512,,,,,,,,
sentinel1,counterfactual_0018_02,donor,treatment_0018,2,6,P06,2024-04,True,-10.176828470338549,-15.905147135392111,5.745882904947859,,,,,,,,
sentinel1,counterfactual_0018_02,donor,treatment_0018,2,7,P07,2024-05,True,-9.894074624986605,-16.01785680834259,6.137687080505344,,,,,,,,
sentinel1,counterfactual_0018_02,donor,treatment_0018,2,8,P08,2024-06,True,-10.103048305116019,-16.068801030821923,5.965752724380999,,,,,,,,
sentinel1,counterfactual_0018_02,donor,treatment_0018,2,9,P09,2024-07,True,-9.62997235028069,-15.400366584993604,5.792058503998499,,,,,,,,
sentinel1,counterfactual_0018_02,donor,treatment_0018,2,10,P10,2024-08,True,-10.096319413748386,-15.963451612020238,5.86713219076211,,,,,,,,
sentinel1,counterfactual_0018_03,donor,treatment_0018,3,1,P01,2023-11,True,-8.990612876840624,-14.258421211029523,5.267808333230643,,,,,,,,
sentinel1,counterfactual_0018_03,donor,treatment_0018,3,2,P02,2023-12,True,-9.301387300816556,-14.714929015411371,5.414376664777463,,,,,,,,
sentinel1,counterfactual_0018_03,donor,treatment_0018,3,3,P03,2024-01,True,-10.31639253237752,-16.790747876518346,6.474355350435766,,,,,,,,
sentinel1,counterfactual_0018_03,donor,treatment_0018,3,4,P04,2024-02,True,-9.180113718803227,-14.745722744654422,5.565609026029908,,,,,,,,
sentinel1,counterfactual_0018_03,donor,treatment_0018,3,5,P05,2024-03,True,-9.256759276000258,-14.668746626361914,5.411987355325049,,,,,,,,
sentinel1,counterfactual_0018_03,donor,treatment_0018,3,6,P06,2024-04,True,-8.960950828629372,-14.27935045030278,5.327608724063286,,,,,,,,
sentinel1,counterfactual_0018_03,donor,treatment_0018,3,7,P07,2024-05,True,-8.850944384820039,-15.010317858615677,6.167260898224028,,,,,,,,
sentinel1,counterfactual_0018_03,donor,treatment_0018,3,8,P08,2024-06,True,-9.321041818542021,-15.400873437510695,6.079831619878725,,,,,,,,
sentinel1,counterfactual_0018_03,donor,treatment_0018,3,9,P09,2024-07,True,-8.960831684653005,-15.004534996043185,6.067313309730325,,,,,,,,
sentinel1,counterfactual_0018_03,donor,treatment_0018,3,10,P10,2024-08,True,-9.412384984779797,-15.555386323015453,6.1430013319332275,,,,,,,,
sentinel1,counterfactual_0018_04,donor,treatment_0018,4,1,P01,2023-11,True,-9.896396985688918,-15.92748480424637,6.031087831677952,,,,,,,,
sentinel1,counterfactual_0018_04,donor,treatment_0018,4,2,P02,2023-12,True,-10.15252045838462,-16.367613815043605,6.262993974615842,,,,,,,,
sentinel1,counterfactual_0018_04,donor,treatment_0018,4,3,P03,2024-01,True,-11.047443553286783,-18.685182154499987,7.637738591502103,,,,,,,,
sentinel1,counterfactual_0018_04,donor,treatment_0018,4,4,P04,2024-02,True,-9.841837088746622,-16.888660406647986,7.0468233072305475,,,,,,,,
sentinel1,counterfactual_0018_04,donor,treatment_0018,4,5,P05,2024-03,True,-10.45572788765934,-17.032711841162367,6.576983960226884,,,,,,,,
sentinel1,counterfactual_0018_04,donor,treatment_0018,4,6,P06,2024-04,True,-10.034348763948374,-16.222446885626404,6.225855512084557,,,,,,,,
sentinel1,counterfactual_0018_04,donor,treatment_0018,4,7,P07,2024-05,True,-9.680726477546722,-15.951135924348362,6.297186285989908,,,,,,,,
sentinel1,counterfactual_0018_04,donor,treatment_0018,4,8,P08,2024-06,True,-10.407869215479506,-16.41390048212987,6.006031258604525,,,,,,,,
sentinel1,counterfactual_0018_04,donor,treatment_0018,4,9,P09,2024-07,True,-9.888536227003884,-16.01397179940228,6.132862232123624,,,,,,,,
sentinel1,counterfactual_0018_04,donor,treatment_0018,4,10,P10,2024-08,True,-10.174780846325723,-16.122393016873147,5.947612167487144,,,,,,,,
sentinel1,counterfactual_0018_05,donor,treatment_0018,5,1,P01,2023-11,True,-9.501541437264716,-14.595114424677178,5.093572993266701,,,,,,,,
sentinel1,counterfactual_0018_05,donor,treatment_0018,5,2,P02,2023-12,True,-9.810662516839434,-15.2445042685707,5.466215623246211,,,,,,,,
sentinel1,counterfactual_0018_05,donor,treatment_0018,5,3,P03,2024-01,True,-10.6513984904903,-17.237792831647514,6.586394340322159,,,,,,,,
sentinel1,counterfactual_0018_05,donor,treatment_0018,5,4,P04,2024-02,True,-9.543488022006384,-15.377864255433035,5.8343762349827895,,,,,,,,
sentinel1,counterfactual_0018_05,donor,treatment_0018,5,5,P05,2024-03,True,-9.550831686697974,-15.099263126448829,5.548431443061362,,,,,,,,
sentinel1,counterfactual_0018_05,donor,treatment_0018,5,6,P06,2024-04,True,-9.527710141822844,-14.948825138913524,5.432258350628677,,,,,,,,
sentinel1,counterfactual_0018_05,donor,treatment_0018,5,7,P07,2024-05,True,-9.633119075298309,-15.245295013342753,5.636427307316739,,,,,,,,
sentinel1,counterfactual_0018_05,donor,treatment_0018,5,8,P08,2024-06,True,-10.060383530775509,-15.685166573854957,5.62478304533085,,,,,,,,
sentinel1,counterfactual_0018_05,donor,treatment_0018,5,9,P09,2024-07,True,-9.568128111633923,-15.260581532516102,5.683448213986075,,,,,,,,
sentinel1,counterfactual_0018_05,donor,treatment_0018,5,10,P10,2024-08,True,-9.972999446982204,-15.668057781446098,5.695058330632377,,,,,,,,
sentinel1,treatment_0019,target,treatment_0019,0,1,P01,2023-11,True,-8.043522218567123,-13.231425131317353,5.18790291698642,,,,,,,,
sentinel1,treatment_0019,target,treatment_0019,0,2,P02,2023-12,True,-8.265781492801194,-13.425483201861487,5.205020645983374,,,,,,,,
sentinel1,treatment_0019,target,treatment_0019,0,3,P03,2024-01,True,-9.512371007957455,-15.717467243630983,6.205096224006479,,,,,,,,
sentinel1,treatment_0019,target,treatment_0019,0,4,P04,2024-02,True,-8.445224255082385,-13.684717563563334,5.239493309522468,,,,,,,,
sentinel1,treatment_0019,target,treatment_0019,0,5,P05,2024-03,True,-8.490993506854581,-13.43386197709509,4.942868474841477,,,,,,,,
sentinel1,treatment_0019,target,treatment_0019,0,6,P06,2024-04,True,-8.141621112423605,-13.247919067122542,5.142881659411808,,,,,,,,
sentinel1,treatment_0019,target,treatment_0019,0,7,P07,2024-05,True,-8.101851738560256,-14.41911139028725,6.338652622882624,,,,,,,,
sentinel1,treatment_0019,target,treatment_0019,0,8,P08,2024-06,True,-8.342023425977928,-14.891009787533426,6.548986360930296,,,,,,,,
sentinel1,treatment_0019,target,treatment_0019,0,9,P09,2024-07,True,-8.022602669849046,-14.644702198014354,6.604661826414987,,,,,,,,
sentinel1,treatment_0019,target,treatment_0019,0,10,P10,2024-08,True,-8.519300654657611,-15.112782012994424,6.593481357279226,,,,,,,,
sentinel1,counterfactual_0019_01,donor,treatment_0019,1,1,P01,2023-11,True,-7.9664908624628525,-13.332787271971796,5.366296410541616,,,,,,,,
sentinel1,counterfactual_0019_01,donor,treatment_0019,1,2,P02,2023-12,True,-8.172437613644354,-13.59442394434237,5.447239162365303,,,,,,,,
sentinel1,counterfactual_0019_01,donor,treatment_0019,1,3,P03,2024-01,True,-9.372505426146455,-15.949595688791836,6.577090258399646,,,,,,,,
sentinel1,counterfactual_0019_01,donor,treatment_0019,1,4,P04,2024-02,True,-8.171011157809739,-13.681371666964363,5.510360500996604,,,,,,,,
sentinel1,counterfactual_0019_01,donor,treatment_0019,1,5,P05,2024-03,True,-8.010438017933884,-13.614859567950754,5.604421545638961,,,,,,,,
sentinel1,counterfactual_0019_01,donor,treatment_0019,1,6,P06,2024-04,True,-7.935779494033332,-13.374508258501688,5.4416954017711765,,,,,,,,
sentinel1,counterfactual_0019_01,donor,treatment_0019,1,7,P07,2024-05,True,-8.181489970910901,-14.465170568578383,6.29094410464825,,,,,,,,
sentinel1,counterfactual_0019_01,donor,treatment_0019,1,8,P08,2024-06,True,-8.46694471398405,-14.845152895357094,6.378208178736124,,,,,,,,
sentinel1,counterfactual_0019_01,donor,treatment_0019,1,9,P09,2024-07,True,-8.06557574741378,-14.480705095693176,6.437304239500515,,,,,,,,
sentinel1,counterfactual_0019_01,donor,treatment_0019,1,10,P10,2024-08,True,-8.50876029911305,-14.923454872346392,6.414694568361065,,,,,,,,
sentinel1,counterfactual_0019_02,donor,treatment_0019,2,1,P01,2023-11,True,-8.436700982745284,-13.383396390489171,4.946695388917677,,,,,,,,
sentinel1,counterfactual_0019_02,donor,treatment_0019,2,2,P02,2023-12,True,-8.65139392323908,-13.675565693427764,5.024931107210032,,,,,,,,
sentinel1,counterfactual_0019_02,donor,treatment_0019,2,3,P03,2024-01,True,-9.78622053726469,-15.885913082927177,6.099692533735422,,,,,,,,
sentinel1,counterfactual_0019_02,donor,treatment_0019,2,4,P04,2024-02,True,-8.85061513871771,-13.885186403712249,5.0345712780891105,,,,,,,,
sentinel1,counterfactual_0019_02,donor,treatment_0019,2,5,P05,2024-03,True,-8.809468488578247,-13.94208070065809,5.13261220982704,,,,,,,,
sentinel1,counterfactual_0019_02,donor,treatment_0019,2,6,P06,2024-04,True,-8.473108424331182,-13.573375589952038,5.126486423121266,,,,,,,,
sentinel1,counterfactual_0019_02,donor,treatment_0019,2,7,P07,2024-05,True,-8.385498121636438,-14.364122488302128,6.019326901838071,,,,,,,,
sentinel1,counterfactual_0019_02,donor,treatment_0019,2,8,P08,2024-06,True,-8.711556842146189,-14.816888819908513,6.105331969946556,,,,,,,,
sentinel1,counterfactual_0019_02,donor,treatment_0019,2,9,P09,2024-07,True,-8.55640475023726,-14.556505626842632,6.010522575968811,,,,,,,,
sentinel1,counterfactual_0019_02,donor,treatment_0019,2,10,P10,2024-08,True,-9.075882729347775,-15.055089541363163,5.979206813341753,,,,,,,,
sentinel1,counterfactual_0019_03,donor,treatment_0019,3,1,P01,2023-11,True,-9.178938078583485,-14.176086089644008,4.997148006347397,,,,,,,,
sentinel1,counterfactual_0019_03,donor,treatment_0019,3,2,P02,2023-12,True,-9.352884866083244,-14.529023646981141,5.189047050929931,,,,,,,,
sentinel1,counterfactual_0019_03,donor,treatment_0019,3,3,P03,2024-01,True,-10.666052264754018,-16.687264342598326,6.021212068385919,,,,,,,,
sentinel1,counterfactual_0019_03,donor,treatment_0019,3,4,P04,2024-02,True,-9.500121535091887,-14.730758365118414,5.230636832088381,,,,,,,,
sentinel1,counterfactual_0019_03,donor,treatment_0019,3,5,P05,2024-03,True,-9.488151388488065,-14.573791153325063,5.085639760217497,,,,,,,,
sentinel1,counterfactual_0019_03,donor,treatment_0019,3,6,P06,2024-04,True,-9.207996392434701,-14.23503459657995,5.048516965056913,,,,,,,,
sentinel1,counterfactual_0019_03,donor,treatment_0019,3,7,P07,2024-05,True,-9.392604780599143,-15.356975115791114,5.961401367149374,,,,,,,,
sentinel1,counterfactual_0019_03,donor,treatment_0019,3,8,P08,2024-06,True,-9.630084181215212,-15.696199528365355,6.066115348117163,,,,,,,,
sentinel1,counterfactual_0019_03,donor,treatment_0019,3,9,P09,2024-07,True,-9.369446502831762,-15.43625081762264,6.061879273581309,,,,,,,,
sentinel1,counterfactual_0019_03,donor,treatment_0019,3,10,P10,2024-08,True,-9.936546190406,-16.033683781062443,6.097137582899834,,,,,,,,
sentinel1,counterfactual_0019_04,donor,treatment_0019,4,1,P01,2023-11,True,-7.507735306725203,-12.909009072444285,5.401273770202504,,,,,,,,
sentinel1,counterfactual_0019_04,donor,treatment_0019,4,2,P02,2023-12,True,-7.698746390823201,-13.079707594972396,5.415801018880202,,,,,,,,
sentinel1,counterfactual_0019_04,donor,treatment_0019,4,3,P03,2024-01,True,-8.922983250108995,-15.452212986087416,6.5292297402284865,,,,,,,,
sentinel1,counterfactual_0019_04,donor,treatment_0019,4,4,P04,2024-02,True,-7.659534886055393,-13.21378505347979,5.55425016483046,,,,,,,,
sentinel1,counterfactual_0019_04,donor,treatment_0019,4,5,P05,2024-03,True,-7.570299044425842,-13.264704214686354,5.694405168394375,,,,,,,,
sentinel1,counterfactual_0019_04,donor,treatment_0019,4,6,P06,2024-04,True,-7.363451826747029,-12.845629210262226,5.482510524696051,,,,,,,,
sentinel1,counterfactual_0019_04,donor,treatment_0019,4,7,P07,2024-05,True,-7.762460031716465,-13.943874496418452,6.20612913202876,,,,,,,,
sentinel1,counterfactual_0019_04,donor,treatment_0019,4,8,P08,2024-06,True,-8.032862282282425,-14.389132765108155,6.356270480680064,,,,,,,,
sentinel1,counterfactual_0019_04,donor,treatment_0019,4,9,P09,2024-07,True,-7.635210960047496,-14.0651663471327,6.409104025698855,,,,,,,,
sentinel1,counterfactual_0019_04,donor,treatment_0019,4,10,P10,2024-08,True,-8.011201258956746,-14.564413582620732,6.553212321144367,,,,,,,,
sentinel1,counterfactual_0019_05,donor,treatment_0019,5,1,P01,2023-11,True,-8.435559245261558,-13.70734815487218,5.271788915443416,,,,,,,,
sentinel1,counterfactual_0019_05,donor,treatment_0019,5,2,P02,2023-12,True,-8.46491357290672,-14.04086315205326,5.603817881005185,,,,,,,,
sentinel1,counterfactual_0019_05,donor,treatment_0019,5,3,P03,2024-01,True,-9.55888985420089,-16.212619612887963,6.653729760831459,,,,,,,,
sentinel1,counterfactual_0019_05,donor,treatment_0019,5,4,P04,2024-02,True,-8.31227103476518,-14.209348208810077,5.897077167021586,,,,,,,,
sentinel1,counterfactual_0019_05,donor,treatment_0019,5,5,P05,2024-03,True,-8.700509609433059,-14.329773128435853,5.629263514002841,,,,,,,,
sentinel1,counterfactual_0019_05,donor,treatment_0019,5,6,P06,2024-04,True,-8.468249945614387,-13.957297821884447,5.4947669193803765,,,,,,,,
sentinel1,counterfactual_0019_05,donor,treatment_0019,5,7,P07,2024-05,True,-8.247949175253977,-14.297125784559187,6.0725709877918455,,,,,,,,
sentinel1,counterfactual_0019_05,donor,treatment_0019,5,8,P08,2024-06,True,-8.723033377051108,-14.827196008375422,6.104162639129128,,,,,,,,
sentinel1,counterfactual_0019_05,donor,treatment_0019,5,9,P09,2024-07,True,-8.419051045158405,-14.704569714546858,6.300590330693765,,,,,,,,
sentinel1,counterfactual_0019_05,donor,treatment_0019,5,10,P10,2024-08,True,-8.874160197884379,-14.895464997655703,6.021304803484562,,,,,,,,
sentinel1,treatment_0020,target,treatment_0020,0,1,P01,2023-11,True,-8.663611707132524,-14.071366283896156,5.407754578320065,,,,,,,,
sentinel1,treatment_0020,target,treatment_0020,0,2,P02,2023-12,True,-8.673119710562405,-14.117030742483715,5.448259166896975,,,,,,,,
sentinel1,treatment_0020,target,treatment_0020,0,3,P03,2024-01,True,-9.783205056196918,-16.490365812000416,6.707160747769346,,,,,,,,
sentinel1,treatment_0020,target,treatment_0020,0,4,P04,2024-02,True,-8.591095085275978,-14.321738944919819,5.730643875922494,,,,,,,,
sentinel1,treatment_0020,target,treatment_0020,0,5,P05,2024-03,True,-8.730301582415883,-14.33090945723337,5.600607866713515,,,,,,,,
sentinel1,treatment_0020,target,treatment_0020,0,6,P06,2024-04,True,-8.599626471724081,-14.132925385412616,5.55023202386322,,,,,,,,
sentinel1,treatment_0020,target,treatment_0020,0,7,P07,2024-05,True,-8.381523614539056,-14.822473048369167,6.447223123201329,,,,,,,,
sentinel1,treatment_0020,target,treatment_0020,0,8,P08,2024-06,True,-8.79537435862705,-15.216683031238652,6.421308676360995,,,,,,,,
sentinel1,treatment_0020,target,treatment_0020,0,9,P09,2024-07,True,-8.450895773713778,-14.90537284358017,6.462446300225556,,,,,,,,
sentinel1,treatment_0020,target,treatment_0020,0,10,P10,2024-08,True,-8.707591108951501,-15.159073171446387,6.451482069575896,,,,,,,,
sentinel1,counterfactual_0020_01,donor,treatment_0020,1,1,P01,2023-11,True,-10.80510384216576,-16.04810341927669,5.242999585817759,,,,,,,,
sentinel1,counterfactual_0020_01,donor,treatment_0020,1,2,P02,2023-12,True,-11.067110660227826,-16.441747751321035,5.3802510252062286,,,,,,,,
sentinel1,counterfactual_0020_01,donor,treatment_0020,1,3,P03,2024-01,True,-12.08249184181031,-18.692150415596853,6.609658570688281,,,,,,,,
sentinel1,counterfactual_0020_01,donor,treatment_0020,1,4,P04,2024-02,True,-11.013437291311641,-16.543703895563613,5.530266600912686,,,,,,,,
sentinel1,counterfactual_0020_01,donor,treatment_0020,1,5,P05,2024-03,True,-11.052321144113726,-16.56092055668236,5.50859941883446,,,,,,,,
sentinel1,counterfactual_0020_01,donor,treatment_0020,1,6,P06,2024-04,True,-10.99689254739941,-16.484416539570173,5.504161517995636,,,,,,,,
sentinel1,counterfactual_0020_01,donor,treatment_0020,1,7,P07,2024-05,True,-11.088584120408447,-17.074629397336647,5.990678937388655,,,,,,,,
sentinel1,counterfactual_0020_01,donor,treatment_0020,1,8,P08,2024-06,True,-11.316255904076064,-17.436826389568154,6.120570485810534,,,,,,,,
sentinel1,counterfactual_0020_01,donor,treatment_0020,1,9,P09,2024-07,True,-10.888313368715126,-16.914878669269832,6.0612266874179115,,,,,,,,
sentinel1,counterfactual_0020_01,donor,treatment_0020,1,10,P10,2024-08,True,-11.258910719757745,-17.378035987081418,6.119125264846231,,,,,,,,
sentinel1,counterfactual_0020_02,donor,treatment_0020,2,1,P01,2023-11,True,-8.846209264037633,-14.04899868569226,5.202789419149432,,,,,,,,
sentinel1,counterfactual_0020_02,donor,treatment_0020,2,2,P02,2023-12,True,-9.036519752362349,-14.260298407950737,5.206362216887597,,,,,,,,
sentinel1,counterfactual_0020_02,donor,treatment_0020,2,3,P03,2024-01,True,-10.355354536305384,-16.420789586809402,6.065435061738685,,,,,,,,
sentinel1,counterfactual_0020_02,donor,treatment_0020,2,4,P04,2024-02,True,-9.212397379870977,-14.424691151128238,5.212293767766057,,,,,,,,
sentinel1,counterfactual_0020_02,donor,treatment_0020,2,5,P05,2024-03,True,-9.242628730626834,-14.253123537020032,5.010494806380423,,,,,,,,
sentinel1,counterfactual_0020_02,donor,treatment_0020,2,6,P06,2024-04,True,-8.873301851762275,-13.982814850894602,5.142120078669578,,,,,,,,
sentinel1,counterfactual_0020_02,donor,treatment_0020,2,7,P07,2024-05,True,-9.048245652707866,-14.894264631838837,5.850970161465039,,,,,,,,
sentinel1,counterfactual_0020_02,donor,treatment_0020,2,8,P08,2024-06,True,-9.142357857960507,-15.31406810720485,6.171710259529519,,,,,,,,
sentinel1,counterfactual_0020_02,donor,treatment_0020,2,9,P09,2024-07,True,-9.130716491582264,-15.051314779267967,5.936490842495239,,,,,,,,
sentinel1,counterfactual_0020_02,donor,treatment_0020,2,10,P10,2024-08,True,-9.621280782994727,-15.638426123992005,6.0171453424682575,,,,,,,,
sentinel1,counterfactual_0020_03,donor,treatment_0020,3,1,P01,2023-11,True,-10.354609057618385,-15.883602254566709,5.528993191218513,,,,,,,,
sentinel1,counterfactual_0020_03,donor,treatment_0020,3,2,P02,2023-12,True,-10.175103672484934,-15.987887198241852,5.801852377293542,,,,,,,,
sentinel1,counterfactual_0020_03,donor,treatment_0020,3,3,P03,2024-01,True,-11.157889845394385,-18.60062288417616,7.442733043578896,,,,,,,,
sentinel1,counterfactual_0020_03,donor,treatment_0020,3,4,P04,2024-02,True,-10.101990507941727,-16.308503992428278,6.206513487026804,,,,,,,,
sentinel1,counterfactual_0020_03,donor,treatment_0020,3,5,P05,2024-03,True,-10.226583111842967,-16.073555698325595,5.846972588596568,,,,,,,,
sentinel1,counterfactual_0020_03,donor,treatment_0020,3,6,P06,2024-04,True,-10.274701714807836,-16.061408761645893,5.809022148648734,,,,,,,,
sentinel1,counterfactual_0020_03,donor,treatment_0020,3,7,P07,2024-05,True,-10.198027442476468,-16.473214225574587,6.269105370034951,,,,,,,,
sentinel1,counterfactual_0020_03,donor,treatment_0020,3,8,P08,2024-06,True,-10.636582715699936,-16.786435203311047,6.149852486354862,,,,,,,,
sentinel1,counterfactual_0020_03,donor,treatment_0020,3,9,P09,2024-07,True,-10.098102136483766,-16.184044126645805,6.080255647419528,,,,,,,,
sentinel1,counterfactual_0020_03,donor,treatment_0020,3,10,P10,2024-08,True,-10.234282599244793,-16.383888267533543,6.149605661554671,,,,,,,,
sentinel1,counterfactual_0020_04,donor,treatment_0020,4,1,P01,2023-11,True,-9.15401066392365,-14.30521668457749,5.151206026929661,,,,,,,,
sentinel1,counterfactual_0020_04,donor,treatment_0020,4,2,P02,2023-12,True,-9.15051597573241,-14.137598432739182,5.015881977864347,,,,,,,,
sentinel1,counterfactual_0020_04,donor,treatment_0020,4,3,P03,2024-01,True,-10.229135247893852,-16.27672087027295,6.047585610430688,,,,,,,,
sentinel1,counterfactual_0020_04,donor,treatment_0020,4,4,P04,2024-02,True,-9.263379049301147,-14.265824047456874,5.002444996539467,,,,,,,,
sentinel1,counterfactual_0020_04,donor,treatment_0020,4,5,P05,2024-03,True,-9.07485248220734,-13.96713981869197,4.892287341438762,,,,,,,,
sentinel1,counterfactual_0020_04,donor,treatment_0020,4,6,P06,2024-04,True,-9.044477822438324,-14.112049626737537,5.082527162502105,,,,,,,,
sentinel1,counterfactual_0020_04,donor,treatment_0020,4,7,P07,2024-05,True,-8.891216065448774,-15.535980707678464,6.648511585743526,,,,,,,,
sentinel1,counterfactual_0020_04,donor,treatment_0020,4,8,P08,2024-06,True,-9.262964777256002,-15.790692548090869,6.527727765252094,,,,,,,,
sentinel1,counterfactual_0020_04,donor,treatment_0020,4,9,P09,2024-07,True,-9.129783625618952,-15.547689068104962,6.419727746396519,,,,,,,,
sentinel1,counterfactual_0020_04,donor,treatment_0020,4,10,P10,2024-08,True,-9.418804176119295,-16.016940516858998,6.598136341728196,,,,,,,,
sentinel1,counterfactual_0020_05,donor,treatment_0020,5,1,P01,2023-11,True,-8.941246179830395,-14.223986826764756,5.282740647328398,,,,,,,,
sentinel1,counterfactual_0020_05,donor,treatment_0020,5,2,P02,2023-12,True,-9.10000734185018,-14.205540028428016,5.125197577978755,,,,,,,,
sentinel1,counterfactual_0020_05,donor,treatment_0020,5,3,P03,2024-01,True,-10.250698085100485,-16.396267580642455,6.1455695020569365,,,,,,,,
sentinel1,counterfactual_0020_05,donor,treatment_0020,5,4,P04,2024-02,True,-9.145811337055546,-14.415995457326416,5.27018411986624,,,,,,,,
sentinel1,counterfactual_0020_05,donor,treatment_0020,5,5,P05,2024-03,True,-9.012108524574181,-14.315625970474168,5.3035174523280615,,,,,,,,
sentinel1,counterfactual_0020_05,donor,treatment_0020,5,6,P06,2024-04,True,-8.71896477617267,-14.086730578497056,5.356573409518973,,,,,,,,
sentinel1,counterfactual_0020_05,donor,treatment_0020,5,7,P07,2024-05,True,-8.795640305816724,-15.044083770519729,6.267986555442356,,,,,,,,
sentinel1,counterfactual_0020_05,donor,treatment_0020,5,8,P08,2024-06,True,-9.254252108297282,-15.32736162521853,6.073109522348683,,,,,,,,
sentinel1,counterfactual_0020_05,donor,treatment_0020,5,9,P09,2024-07,True,-8.846462344085571,-15.061339830279456,6.227863081842559,,,,,,,,
sentinel1,counterfactual_0020_05,donor,treatment_0020,5,10,P10,2024-08,True,-9.390365859107426,-15.530644843209293,6.140278989528572,,,,,,,,
sentinel1,treatment_0021,target,treatment_0021,0,1,P01,2023-11,True,-10.208686715141837,-15.294313892244462,5.085627174213983,,,,,,,,
sentinel1,treatment_0021,target,treatment_0021,0,2,P02,2023-12,True,-10.681254501623705,-15.890270229321276,5.232998563134662,,,,,,,,
sentinel1,treatment_0021,target,treatment_0021,0,3,P03,2024-01,True,-11.75131262745206,-18.149149776638613,6.397837152639045,,,,,,,,
sentinel1,treatment_0021,target,treatment_0021,0,4,P04,2024-02,True,-10.616033757858306,-16.20324832305594,5.587214559799414,,,,,,,,
sentinel1,treatment_0021,target,treatment_0021,0,5,P05,2024-03,True,-10.733085282444195,-16.04826816485543,5.31518288164393,,,,,,,,
sentinel1,treatment_0021,target,treatment_0021,0,6,P06,2024-04,True,-10.636822793240897,-15.756789149402252,5.103965543685252,,,,,,,,
sentinel1,treatment_0021,target,treatment_0021,0,7,P07,2024-05,True,-10.412174459076807,-16.089856219097697,5.684148799739424,,,,,,,,
sentinel1,treatment_0021,target,treatment_0021,0,8,P08,2024-06,True,-10.248775589969764,-15.870292455936667,5.621516873118761,,,,,,,,
sentinel1,treatment_0021,target,treatment_0021,0,9,P09,2024-07,True,-10.045056678654925,-15.546700048956167,5.492040542848777,,,,,,,,
sentinel1,treatment_0021,target,treatment_0021,0,10,P10,2024-08,True,-10.395469869565595,-16.14625102367463,5.750781150810649,,,,,,,,
sentinel1,counterfactual_0021_01,donor,treatment_0021,1,1,P01,2023-11,False,,,,,,,,,,,
sentinel1,counterfactual_0021_01,donor,treatment_0021,1,2,P02,2023-12,True,-9.721223521875864,-15.247441225004668,5.545261700203882,,,,,,,,
sentinel1,counterfactual_0021_01,donor,treatment_0021,1,3,P03,2024-01,True,-10.847922883952902,-17.389436411621546,6.5415135389241845,,,,,,,,
sentinel1,counterfactual_0021_01,donor,treatment_0021,1,4,P04,2024-02,True,-9.707064349506751,-15.44369657856403,5.736632218165046,,,,,,,,
sentinel1,counterfactual_0021_01,donor,treatment_0021,1,5,P05,2024-03,True,-9.544790541730304,-15.095112751403658,5.55032221309677,,,,,,,,
sentinel1,counterfactual_0021_01,donor,treatment_0021,1,6,P06,2024-04,True,-9.448052306873816,-14.994730320448923,5.577903321135794,,,,,,,,
sentinel1,counterfactual_0021_01,donor,treatment_0021,1,7,P07,2024-05,True,-9.485970348802828,-15.372534449596216,5.88716668547712,,,,,,,,
sentinel1,counterfactual_0021_01,donor,treatment_0021,1,8,P08,2024-06,True,-9.871099182848292,-15.63674468677823,5.765645499219842,,,,,,,,
sentinel1,counterfactual_0021_01,donor,treatment_0021,1,9,P09,2024-07,True,-9.564800054371947,-15.281958351229678,5.723662500961795,,,,,,,,
sentinel1,counterfactual_0021_01,donor,treatment_0021,1,10,P10,2024-08,True,-9.952775789587804,-15.714111256080098,5.761335474293273,,,,,,,,
sentinel1,counterfactual_0021_02,donor,treatment_0021,2,1,P01,2023-11,False,,,,,,,,,,,
sentinel1,counterfactual_0021_02,donor,treatment_0021,2,2,P02,2023-12,True,-10.122389419198331,-15.887211655154086,5.804025303494706,,,,,,,,
sentinel1,counterfactual_0021_02,donor,treatment_0021,2,3,P03,2024-01,True,-11.32269322176676,-18.442088531550795,7.119395309792149,,,,,,,,
sentinel1,counterfactual_0021_02,donor,treatment_0021,2,4,P04,2024-02,True,-10.042104224196756,-16.15333198840075,6.111227756437689,,,,,,,,
sentinel1,counterfactual_0021_02,donor,treatment_0021,2,5,P05,2024-03,True,-10.23727919558266,-15.949564983726727,5.7122857993293215,,,,,,,,
sentinel1,counterfactual_0021_02,donor,treatment_0021,2,6,P06,2024-04,True,-10.132081321556072,-15.726196343922378,5.624101661445555,,,,,,,,
sentinel1,counterfactual_0021_02,donor,treatment_0021,2,7,P07,2024-05,True,-10.298990764835535,-16.25839719541002,5.99897000330989,,,,,,,,
sentinel1,counterfactual_0021_02,donor,treatment_0021,2,8,P08,2024-06,True,-10.176753934953767,-16.39223363083188,6.215479708930643,,,,,,,,
sentinel1,counterfactual_0021_02,donor,treatment_0021,2,9,P09,2024-07,True,-9.69423471252517,-15.814023324711489,6.127062927167586,,,,,,,,
sentinel1,counterfactual_0021_02,donor,treatment_0021,2,10,P10,2024-08,True,-9.96751030237663,-16.21188693377051,6.244376631964847,,,,,,,,
sentinel1,counterfactual_0021_03,donor,treatment_0021,3,1,P01,2023-11,False,,,,,,,,,,,
sentinel1,counterfactual_0021_03,donor,treatment_0021,3,2,P02,2023-12,True,-10.384459918901914,-16.090286282596022,5.744419023073693,,,,,,,,
sentinel1,counterfactual_0021_03,donor,treatment_0021,3,3,P03,2024-01,True,-11.350250288262815,-18.418389493781742,7.0681391997384555,,,,,,,,
sentinel1,counterfactual_0021_03,donor,treatment_0021,3,4,P04,2024-02,True,-10.260500833400627,-16.342706808807826,6.082205973175345,,,,,,,,
sentinel1,counterfactual_0021_03,donor,treatment_0021,3,5,P05,2024-03,True,-10.577721907189577,-16.66229322976405,6.084571323660456,,,,,,,,
sentinel1,counterfactual_0021_03,donor,treatment_0021,3,6,P06,2024-04,True,-10.394931917117521,-16.226513572352946,5.823122246242912,,,,,,,,
sentinel1,counterfactual_0021_03,donor,treatment_0021,3,7,P07,2024-05,True,-10.289488883752856,-16.433262066605067,6.138188833154756,,,,,,,,
sentinel1,counterfactual_0021_03,donor,treatment_0021,3,8,P08,2024-06,True,-10.264363724430009,-16.396342067435235,6.13197834581358,,,,,,,,
sentinel1,counterfactual_0021_03,donor,treatment_0021,3,9,P09,2024-07,True,-9.693364107770531,-15.717002311602677,6.0383772195157555,,,,,,,,
sentinel1,counterfactual_0021_03,donor,treatment_0021,3,10,P10,2024-08,True,-10.406547996655549,-16.429247933803218,6.022699935005443,,,,,,,,
sentinel1,counterfactual_0021_04,donor,treatment_0021,4,1,P01,2023-11,False,,,,,,,,,,,
sentinel1,counterfactual_0021_04,donor,treatment_0021,4,2,P02,2023-12,True,-8.340000427221506,-13.578695071326694,5.245083192409852,,,,,,,,
sentinel1,counterfactual_0021_04,donor,treatment_0021,4,3,P03,2024-01,True,-9.568696712982467,-15.686950702197924,6.118253989615705,,,,,,,,
sentinel1,counterfactual_0021_04,donor,treatment_0021,4,4,P04,2024-02,True,-8.414916317049936,-13.764313389911171,5.349397079038767,,,,,,,,
sentinel1,counterfactual_0021_04,donor,treatment_0021,4,5,P05,2024-03,True,-8.469562733707313,-13.519415998865536,5.049853262607243,,,,,,,,
sentinel1,counterfactual_0021_04,donor,treatment_0021,4,6,P06,2024-04,True,-8.138726300006404,-13.240406952562454,5.1073150168427714,,,,,,,,
sentinel1,counterfactual_0021_04,donor,treatment_0021,4,7,P07,2024-05,True,-8.201649454399927,-14.166899885223048,6.000847927354197,,,,,,,,
sentinel1,counterfactual_0021_04,donor,treatment_0021,4,8,P08,2024-06,True,-8.491473611132,-14.456881793126582,5.965408180661645,,,,,,,,
sentinel1,counterfactual_0021_04,donor,treatment_0021,4,9,P09,2024-07,True,-8.26301487027845,-14.309955777122559,6.044810189132869,,,,,,,,
sentinel1,counterfactual_0021_04,donor,treatment_0021,4,10,P10,2024-08,True,-8.615416796029098,-14.604692524641756,5.989275720883802,,,,,,,,
sentinel1,counterfactual_0021_05,donor,treatment_0021,5,1,P01,2023-11,False,,,,,,,,,,,
sentinel1,counterfactual_0021_05,donor,treatment_0021,5,2,P02,2023-12,True,-9.358166103551884,-14.399870224528678,5.036801550294051,,,,,,,,
sentinel1,counterfactual_0021_05,donor,treatment_0021,5,3,P03,2024-01,True,-10.517685421295095,-16.435034733146136,5.917349319438828,,,,,,,,
sentinel1,counterfactual_0021_05,donor,treatment_0021,5,4,P04,2024-02,True,-9.461847929612246,-14.510627779087217,5.048779850861814,,,,,,,,
sentinel1,counterfactual_0021_05,donor,treatment_0021,5,5,P05,2024-03,True,-9.375605264714006,-14.34172389471885,4.966118639804945,,,,,,,,
sentinel1,counterfactual_0021_05,donor,treatment_0021,5,6,P06,2024-04,True,-9.104126666371185,-14.064762429541881,4.979123717103393,,,,,,,,
sentinel1,counterfactual_0021_05,donor,treatment_0021,5,7,P07,2024-05,True,-9.260947485513027,-15.313613671052574,6.030663965234745,,,,,,,,
sentinel1,counterfactual_0021_05,donor,treatment_0021,5,8,P08,2024-06,True,-9.502777580530337,-15.549890876312068,6.047113289259153,,,,,,,,
sentinel1,counterfactual_0021_05,donor,treatment_0021,5,9,P09,2024-07,True,-9.263802369608737,-15.282652250044416,6.011982184552108,,,,,,,,
sentinel1,counterfactual_0021_05,donor,treatment_0021,5,10,P10,2024-08,True,-9.71902348487684,-15.84055647746171,6.121532996370651,,,,,,,,
sentinel1,treatment_0022,target,treatment_0022,0,1,P01,2023-11,True,-10.056537377309617,-15.242900758359424,5.186363382771306,,,,,,,,
sentinel1,treatment_0022,target,treatment_0022,0,2,P02,2023-12,True,-10.501337103569767,-15.697604982259985,5.2219049541688385,,,,,,,,
sentinel1,treatment_0022,target,treatment_0022,0,3,P03,2024-01,True,-11.56394497795019,-17.85922003797358,6.295275056529262,,,,,,,,
sentinel1,treatment_0022,target,treatment_0022,0,4,P04,2024-02,True,-10.453370153208642,-15.98048595722581,5.527115799387306,,,,,,,,
sentinel1,treatment_0022,target,treatment_0022,0,5,P05,2024-03,True,-10.484915366489249,-15.776962636136714,5.292047269569454,,,,,,,,
sentinel1,treatment_0022,target,treatment_0022,0,6,P06,2024-04,True,-10.362944090171206,-15.475844599384734,5.0999512529684825,,,,,,,,
sentinel1,treatment_0022,target,treatment_0022,0,7,P07,2024-05,True,-10.186078747240144,-15.991720187151016,5.814341359869225,,,,,,,,
sentinel1,treatment_0022,target,treatment_0022,0,8,P08,2024-06,True,-10.115775953693818,-15.82310918508447,5.707333238997531,,,,,,,,
sentinel1,treatment_0022,target,treatment_0022,0,9,P09,2024-07,True,-9.814887103818466,-15.412731126668044,5.575911414946379,,,,,,,,
sentinel1,treatment_0022,target,treatment_0022,0,10,P10,2024-08,True,-10.169851529874027,-15.95688683934544,5.787035301872567,,,,,,,,
sentinel1,counterfactual_0022_01,donor,treatment_0022,1,1,P01,2023-11,False,,,,,,,,,,,
sentinel1,counterfactual_0022_01,donor,treatment_0022,1,2,P02,2023-12,True,-9.69611878051102,-14.820925986739937,5.149320261844533,,,,,,,,
sentinel1,counterfactual_0022_01,donor,treatment_0022,1,3,P03,2024-01,True,-10.857349539288656,-16.927154254660913,6.069804722764406,,,,,,,,
sentinel1,counterfactual_0022_01,donor,treatment_0022,1,4,P04,2024-02,True,-9.683387365061073,-14.90828170394,5.224894355056788,,,,,,,,
sentinel1,counterfactual_0022_01,donor,treatment_0022,1,5,P05,2024-03,True,-9.486737455189068,-14.690411219490754,5.203673768262641,,,,,,,,
sentinel1,counterfactual_0022_01,donor,treatment_0022,1,6,P06,2024-04,True,-9.361232625600836,-14.450434125880262,5.065079479722383,,,,,,,,
sentinel1,counterfactual_0022_01,donor,treatment_0022,1,7,P07,2024-05,True,-9.37769201535791,-15.299369275155062,5.949999601274996,,,,,,,,
sentinel1,counterfactual_0022_01,donor,treatment_0022,1,8,P08,2024-06,True,-9.62335152628258,-15.553309886037876,5.929958361878505,,,,,,,,
sentinel1,counterfactual_0022_01,donor,treatment_0022,1,9,P09,2024-07,True,-9.42106661615275,-15.334560666057646,5.924830762399022,,,,,,,,
sentinel1,counterfactual_0022_01,donor,treatment_0022,1,10,P10,2024-08,True,-9.814373534861154,-15.653050084521217,5.838676551208462,,,,,,,,
sentinel1,counterfactual_0022_02,donor,treatment_0022,2,1,P01,2023-11,False,,,,,,,,,,,
sentinel1,counterfactual_0022_02,donor,treatment_0022,2,2,P02,2023-12,True,-9.225491940406842,-14.639585868808151,5.4467184929542904,,,,,,,,
sentinel1,counterfactual_0022_02,donor,treatment_0022,2,3,P03,2024-01,True,-10.419798039465942,-16.868774029404822,6.4489759868347765,,,,,,,,
sentinel1,counterfactual_0022_02,donor,treatment_0022,2,4,P04,2024-02,True,-9.122575060493565,-14.687588171261968,5.565013115080551,,,,,,,,
sentinel1,counterfactual_0022_02,donor,treatment_0022,2,5,P05,2024-03,True,-9.14992880259933,-14.624319286372613,5.474390480399221,,,,,,,,
sentinel1,counterfactual_0022_02,donor,treatment_0022,2,6,P06,2024-04,True,-8.934544816523179,-14.265748268692485,5.336777805588185,,,,,,,,
sentinel1,counterfactual_0022_02,donor,treatment_0022,2,7,P07,2024-05,True,-9.066478031161886,-14.866063775437542,5.819656858802077,,,,,,,,
sentinel1,counterfactual_0022_02,donor,treatment_0022,2,8,P08,2024-06,True,-9.394423950199503,-15.195325456358804,5.800901509761524,,,,,,,,
sentinel1,counterfactual_0022_02,donor,treatment_0022,2,9,P09,2024-07,True,-9.198109499570856,-14.93272452480173,5.722026036966911,,,,,,,,
sentinel1,counterfactual_0022_02,donor,treatment_0022,2,10,P10,2024-08,True,-9.390416290715837,-15.232820368621784,5.84240407801039,,,,,,,,
sentinel1,counterfactual_0022_03,donor,treatment_0022,3,1,P01,2023-11,False,,,,,,,,,,,
sentinel1,counterfactual_0022_03,donor,treatment_0022,3,2,P02,2023-12,True,-9.49984030915924,-14.55535190865732,5.07529310636986,,,,,,,,
sentinel1,counterfactual_0022_03,donor,treatment_0022,3,3,P03,2024-01,True,-10.640315509228984,-16.897200440813567,6.2568849364810335,,,,,,,,
sentinel1,counterfactual_0022_03,donor,treatment_0022,3,4,P04,2024-02,True,-9.459434272018605,-14.798987223183264,5.3395529559318335,,,,,,,,
sentinel1,counterfactual_0022_03,donor,treatment_0022,3,5,P05,2024-03,True,-9.43957673413238,-14.678250195009896,5.238673463441005,,,,,,,,
sentinel1,counterfactual_0022_03,donor,treatment_0022,3,6,P06,2024-04,True,-9.184808671391194,-14.443096720369502,5.22121384463081,,,,,,,,
sentinel1,counterfactual_0022_03,donor,treatment_0022,3,7,P07,2024-05,True,-9.260429288526222,-15.175111584027203,5.926398363523861,,,,,,,,
sentinel1,counterfactual_0022_03,donor,treatment_0022,3,8,P08,2024-06,True,-9.700639892005416,-15.379572657250549,5.678932758575327,,,,,,,,
sentinel1,counterfactual_0022_03,donor,treatment_0022,3,9,P09,2024-07,True,-9.319948184982186,-15.065309064900825,5.7650513689970575,,,,,,,,
sentinel1,counterfactual_0022_03,donor,treatment_0022,3,10,P10,2024-08,True,-9.682674408332938,-15.55244304044447,5.869768639312324,,,,,,,,
sentinel1,counterfactual_0022_04,donor,treatment_0022,4,1,P01,2023-11,False,,,,,,,,,,,
sentinel1,counterfactual_0022_04,donor,treatment_0022,4,2,P02,2023-12,True,-10.53311589327224,-16.76875919590346,6.228395199007942,,,,,,,,
sentinel1,counterfactual_0022_04,donor,treatment_0022,4,3,P03,2024-01,True,-11.835761379510815,-19.296383541643053,7.460622151993137,,,,,,,,
sentinel1,counterfactual_0022_04,donor,treatment_0022,4,4,P04,2024-02,True,-10.369452577235126,-16.92935302208223,6.559900442828338,,,,,,,,
sentinel1,counterfactual_0022_04,donor,treatment_0022,4,5,P05,2024-03,True,-10.72729915396254,-16.9404535818516,6.2131544302057025,,,,,,,,
sentinel1,counterfactual_0022_04,donor,treatment_0022,4,6,P06,2024-04,True,-10.568842683162377,-16.443615831775812,5.880299389864932,,,,,,,,
sentinel1,counterfactual_0022_04,donor,treatment_0022,4,7,P07,2024-05,True,-10.633795958280025,-16.65790031540804,6.047135420260465,,,,,,,,
sentinel1,counterfactual_0022_04,donor,treatment_0022,4,8,P08,2024-06,True,-10.573535769210821,-16.652557524497947,6.079021758059639,,,,,,,,
sentinel1,counterfactual_0022_04,donor,treatment_0022,4,9,P09,2024-07,True,-10.09809727683253,-16.166404692568786,6.0785967734937305,,,,,,,,
sentinel1,counterfactual_0022_04,donor,treatment_0022,4,10,P10,2024-08,True,-10.132470901451114,-15.976447843497974,5.843976935306205,,,,,,,,
sentinel1,counterfactual_0022_05,donor,treatment_0022,5,1,P01,2023-11,False,,,,,,,,,,,
sentinel1,counterfactual_0022_05,donor,treatment_0022,5,2,P02,2023-12,True,-11.459645999142872,-16.979426055641202,5.558874237873939,,,,,,,,
sentinel1,counterfactual_0022_05,donor,treatment_0022,5,3,P03,2024-01,True,-12.314525832125819,-19.291172698834004,6.976646871126238,,,,,,,,
sentinel1,counterfactual_0022_05,donor,treatment_0022,5,4,P04,2024-02,True,-11.323421121613556,-17.28010791821195,5.956686809716156,,,,,,,,
sentinel1,counterfactual_0022_05,donor,treatment_0022,5,5,P05,2024-03,True,-11.260283646022861,-16.96432398211873,5.704040329861276,,,,,,,,
sentinel1,counterfactual_0022_05,donor,treatment_0022,5,6,P06,2024-04,True,-11.262889596542042,-16.890962431914854,5.65361700306025,,,,,,,,
sentinel1,counterfactual_0022_05,donor,treatment_0022,5,7,P07,2024-05,True,-11.213413842822183,-17.015759691235225,5.801658061357012,,,,,,,,
sentinel1,counterfactual_0022_05,donor,treatment_0022,5,8,P08,2024-06,True,-11.557185423045798,-17.28002943570515,5.722844020727101,,,,,,,,
sentinel1,counterfactual_0022_05,donor,treatment_0022,5,9,P09,2024-07,True,-11.228241244574034,-16.91873275811807,5.687628774779048,,,,,,,,
sentinel1,counterfactual_0022_05,donor,treatment_0022,5,10,P10,2024-08,True,-11.461046052930309,-17.286526197405987,5.825480163846749,,,,,,,,
sentinel1,treatment_0023,target,treatment_0023,0,1,P01,2023-11,True,-9.827003285712065,-15.172401450846829,5.349619582790614,,,,,,,,
sentinel1,treatment_0023,target,treatment_0023,0,2,P02,2023-12,True,-9.749183353424108,-15.270328993844513,5.496506400582382,,,,,,,,
sentinel1,treatment_0023,target,treatment_0023,0,3,P03,2024-01,True,-10.009709977333308,-15.78499864089864,5.738963686019612,,,,,,,,
sentinel1,treatment_0023,target,treatment_0023,0,4,P04,2024-02,True,-9.619957840234646,-15.32399478621044,5.71365815431461,,,,,,,,
sentinel1,treatment_0023,target,treatment_0023,0,5,P05,2024-03,True,-9.656303546806374,-14.981880163120389,5.325806327409945,,,,,,,,
sentinel1,treatment_0023,target,treatment_0023,0,6,P06,2024-04,True,-9.597644682006969,-15.241473106879392,5.644554372313396,,,,,,,,
sentinel1,treatment_0023,target,treatment_0023,0,7,P07,2024-05,True,-9.204719481735022,-16.059257195073243,6.86261946557141,,,,,,,,
sentinel1,treatment_0023,target,treatment_0023,0,8,P08,2024-06,True,-9.500700062772781,-16.05823014729304,6.546278570363403,,,,,,,,
sentinel1,treatment_0023,target,treatment_0023,0,9,P09,2024-07,True,-9.332830295147467,-16.02279058263274,6.688696718662349,,,,,,,,
sentinel1,treatment_0023,target,treatment_0023,0,10,P10,2024-08,True,-9.772323365691081,-16.179654967561678,6.413295259237079,,,,,,,,
sentinel1,counterfactual_0023_01,donor,treatment_0023,1,1,P01,2023-11,False,,,,,,,,,,,
sentinel1,counterfactual_0023_01,donor,treatment_0023,1,2,P02,2023-12,True,-11.208509297030101,-17.5657578925095,6.3235147115839,,,,,,,,
sentinel1,counterfactual_0023_01,donor,treatment_0023,1,3,P03,2024-01,True,-11.21601719667711,-17.847123882463663,6.550088834269802,,,,,,,,
sentinel1,counterfactual_0023_01,donor,treatment_0023,1,4,P04,2024-02,True,-10.822103782266673,-17.654012989384114,6.814420622126891,,,,,,,,
sentinel1,counterfactual_0023_01,donor,treatment_0023,1,5,P05,2024-03,True,-11.175298280783808,-17.31728946685791,6.17197320228461,,,,,,,,
sentinel1,counterfactual_0023_01,donor,treatment_0023,1,6,P06,2024-04,True,-11.080799462146098,-17.290464340625423,6.222413670155081,,,,,,,,
sentinel1,counterfactual_0023_01,donor,treatment_0023,1,7,P07,2024-05,True,-11.07851718255494,-17.579506849723288,6.510679722894537,,,,,,,,
sentinel1,counterfactual_0023_01,donor,treatment_0023,1,8,P08,2024-06,True,-10.950123295173935,-17.328077451356567,6.358691710356201,,,,,,,,
sentinel1,counterfactual_0023_01,donor,treatment_0023,1,9,P09,2024-07,True,-10.695625964242337,-17.134811682040148,6.46089597786454,,,,,,,,
sentinel1,counterfactual_0023_01,donor,treatment_0023,1,10,P10,2024-08,True,-10.812979238470001,-17.033949003597296,6.232051106233998,,,,,,,,
sentinel1,counterfactual_0023_02,donor,treatment_0023,2,1,P01,2023-11,False,,,,,,,,,,,
sentinel1,counterfactual_0023_02,donor,treatment_0023,2,2,P02,2023-12,True,-9.716869423028433,-15.283028142334212,5.5182897757157905,,,,,,,,
sentinel1,counterfactual_0023_02,donor,treatment_0023,2,3,P03,2024-01,True,-10.008229903888584,-15.874558745044293,5.856434747075828,,,,,,,,
sentinel1,counterfactual_0023_02,donor,treatment_0023,2,4,P04,2024-02,True,-9.499316231801663,-15.262313047494038,5.737320929063428,,,,,,,,
sentinel1,counterfactual_0023_02,donor,treatment_0023,2,5,P05,2024-03,True,-9.631378828641212,-15.004685650816057,5.397023713862394,,,,,,,,
sentinel1,counterfactual_0023_02,donor,treatment_0023,2,6,P06,2024-04,True,-9.44279616979753,-15.235365053781189,5.795192627446486,,,,,,,,
sentinel1,counterfactual_0023_02,donor,treatment_0023,2,7,P07,2024-05,True,-9.110866879300021,-16.044816407732444,6.918147178197851,,,,,,,,
sentinel1,counterfactual_0023_02,donor,treatment_0023,2,8,P08,2024-06,True,-9.323853291083902,-16.03649367115285,6.681675363936194,,,,,,,,
sentinel1,counterfactual_0023_02,donor,treatment_0023,2,9,P09,2024-07,True,-8.967159132259797,-15.813492950637741,6.886285553003597,,,,,,,,
sentinel1,counterfactual_0023_02,donor,treatment_0023,2,10,P10,2024-08,True,-9.835832373409135,-16.20508353308876,6.391048943270551,,,,,,,,
sentinel1,counterfactual_0023_03,donor,treatment_0023,3,1,P01,2023-11,False,,,,,,,,,,,
sentinel1,counterfactual_0023_03,donor,treatment_0023,3,2,P02,2023-12,True,-10.598007668876075,-16.480409454380855,5.849596937461912,,,,,,,,
sentinel1,counterfactual_0023_03,donor,treatment_0023,3,3,P03,2024-01,True,-10.775987706018315,-16.898636175223324,6.089693953192838,,,,,,,,
sentinel1,counterfactual_0023_03,donor,treatment_0023,3,4,P04,2024-02,True,-10.40932221871511,-16.55619510689526,6.147884116565675,,,,,,,,
sentinel1,counterfactual_0023_03,donor,treatment_0023,3,5,P05,2024-03,True,-10.509876066027651,-16.154446300017273,5.668015627040195,,,,,,,,
sentinel1,counterfactual_0023_03,donor,treatment_0023,3,6,P06,2024-04,True,-10.391673369927128,-16.283582810875995,5.902213032558705,,,,,,,,
sentinel1,counterfactual_0023_03,donor,treatment_0023,3,7,P07,2024-05,True,-10.111736820561344,-16.702992616617355,6.578229479755377,,,,,,,,
sentinel1,counterfactual_0023_03,donor,treatment_0023,3,8,P08,2024-06,True,-9.938351574263033,-16.473810819536666,6.525475929286443,,,,,,,,
sentinel1,counterfactual_0023_03,donor,treatment_0023,3,9,P09,2024-07,True,-9.548268183223032,-16.265368872209574,6.737810189882198,,,,,,,,
sentinel1,counterfactual_0023_03,donor,treatment_0023,3,10,P10,2024-08,True,-10.010452972345055,-16.346638298866715,6.350337556928324,,,,,,,,
sentinel1,counterfactual_0023_04,donor,treatment_0023,4,1,P01,2023-11,False,,,,,,,,,,,
sentinel1,counterfactual_0023_04,donor,treatment_0023,4,2,P02,2023-12,True,-10.036499374568113,-15.72678723731189,5.660814038323089,,,,,,,,
sentinel1,counterfactual_0023_04,donor,treatment_0023,4,3,P03,2024-01,True,-10.149621831581111,-16.188025066518584,6.012158659375447,,,,,,,,
sentinel1,counterfactual_0023_04,donor,treatment_0023,4,4,P04,2024-02,True,-9.787272534455964,-15.787368177771627,5.987010423641452,,,,,,,,
sentinel1,counterfactual_0023_04,donor,treatment_0023,4,5,P05,2024-03,True,-9.809175763712679,-15.364756248497681,5.575716976485741,,,,,,,,
sentinel1,counterfactual_0023_04,donor,treatment_0023,4,6,P06,2024-04,True,-9.560836578938158,-15.265178893059097,5.711083069751922,,,,,,,,
sentinel1,counterfactual_0023_04,donor,treatment_0023,4,7,P07,2024-05,True,-9.23524920222482,-15.64595124824598,6.3961919860540215,,,,,,,,
sentinel1,counterfactual_0023_04,donor,treatment_0023,4,8,P08,2024-06,True,-9.103131277349188,-15.457427935557744,6.357859130696436,,,,,,,,
sentinel1,counterfactual_0023_04,donor,treatment_0023,4,9,P09,2024-07,True,-8.975358418759962,-15.301725945698491,6.34931910845938,,,,,,,,
sentinel1,counterfactual_0023_04,donor,treatment_0023,4,10,P10,2024-08,True,-9.498815211364187,-15.6287968736246,6.146784944817681,,,,,,,,
sentinel1,counterfactual_0023_05,donor,treatment_0023,5,1,P01,2023-11,False,,,,,,,,,,,
sentinel1,counterfactual_0023_05,donor,treatment_0023,5,2,P02,2023-12,True,-11.711632886236671,-18.18265879382083,6.46536967263638,,,,,,,,
sentinel1,counterfactual_0023_05,donor,treatment_0023,5,3,P03,2024-01,True,-11.647297665987699,-18.218100109610788,6.522087358590516,,,,,,,,
sentinel1,counterfactual_0023_05,donor,treatment_0023,5,4,P04,2024-02,True,-11.309831416806443,-18.258228739994717,6.945282107719591,,,,,,,,
sentinel1,counterfactual_0023_05,donor,treatment_0023,5,5,P05,2024-03,True,-11.635166169843092,-17.777682409977377,6.177865321922975,,,,,,,,
sentinel1,counterfactual_0023_05,donor,treatment_0023,5,6,P06,2024-04,True,-11.592081437674548,-17.806530133869913,6.225739500070597,,,,,,,,
sentinel1,counterfactual_0023_05,donor,treatment_0023,5,7,P07,2024-05,True,-11.47512883914065,-17.855763223986685,6.398586847293425,,,,,,,,
sentinel1,counterfactual_0023_05,donor,treatment_0023,5,8,P08,2024-06,True,-11.136751267886373,-17.431155913461133,6.279895001657745,,,,,,,,
sentinel1,counterfactual_0023_05,donor,treatment_0023,5,9,P09,2024-07,True,-10.715034033364379,-17.346192868220292,6.664458906162067,,,,,,,,
sentinel1,counterfactual_0023_05,donor,treatment_0023,5,10,P10,2024-08,True,-11.18342672416453,-17.22128939095718,6.044332986600597,,,,,,,,
sentinel1,treatment_0024,target,treatment_0024,0,1,P01,2023-11,True,-8.380868029879561,-13.690419740810569,5.309551703996073,,,,,,,,
sentinel1,treatment_0024,target,treatment_0024,0,2,P02,2023-12,True,-8.600508532569663,-13.832480771414685,5.2319910511953385,,,,,,,,
sentinel1,treatment_0024,target,treatment_0024,0,3,P03,2024-01,True,-9.826811229279317,-16.17713189683654,6.350320676139155,,,,,,,,
sentinel1,treatment_0024,target,treatment_0024,0,4,P04,2024-02,True,-8.465399129101662,-13.869682972319698,5.404283842450774,,,,,,,,
sentinel1,treatment_0024,target,treatment_0024,0,5,P05,2024-03,True,-8.676636487847391,-13.810097634190496,5.133461142347964,,,,,,,,
sentinel1,treatment_0024,target,treatment_0024,0,6,P06,2024-04,True,-8.285351331994038,-13.427500225705103,5.144419821728377,,,,,,,,
sentinel1,treatment_0024,target,treatment_0024,0,7,P07,2024-05,True,-8.15850818286765,-14.614501102568296,6.439694598346361,,,,,,,,
sentinel1,treatment_0024,target,treatment_0024,0,8,P08,2024-06,True,-8.707424991213331,-15.07603550985647,6.368610515682186,,,,,,,,
sentinel1,treatment_0024,target,treatment_0024,0,9,P09,2024-07,True,-8.386425935962647,-14.899032482457224,6.515069723643367,,,,,,,,
sentinel1,treatment_0024,target,treatment_0024,0,10,P10,2024-08,True,-8.78744223559327,-15.486184702703923,6.698742460528491,,,,,,,,
sentinel1,counterfactual_0024_01,donor,treatment_0024,1,1,P01,2023-11,False,,,,,,,,,,,
sentinel1,counterfactual_0024_01,donor,treatment_0024,1,2,P02,2023-12,True,-6.755847970320833,-12.122369394853015,5.322771360615096,,,,,,,,
sentinel1,counterfactual_0024_01,donor,treatment_0024,1,3,P03,2024-01,True,-8.051937990487295,-14.238708238393206,6.073731914705307,,,,,,,,
sentinel1,counterfactual_0024_01,donor,treatment_0024,1,4,P04,2024-02,True,-7.015870465833572,-12.377009805984654,5.402327196544195,,,,,,,,
sentinel1,counterfactual_0024_01,donor,treatment_0024,1,5,P05,2024-03,True,-7.623190010871248,-12.745304460677898,5.171387561086305,,,,,,,,
sentinel1,counterfactual_0024_01,donor,treatment_0024,1,6,P06,2024-04,True,-6.85220786196708,-12.169985992419301,5.350807779800096,,,,,,,,
sentinel1,counterfactual_0024_01,donor,treatment_0024,1,7,P07,2024-05,True,-5.990382560792025,-12.654266548839203,6.606261080783344,,,,,,,,
sentinel1,counterfactual_0024_01,donor,treatment_0024,1,8,P08,2024-06,True,-6.210574788259704,-13.219954690539641,7.00969474048442,,,,,,,,
sentinel1,counterfactual_0024_01,donor,treatment_0024,1,9,P09,2024-07,True,-5.63358790717808,-12.620677254875668,7.008814618450124,,,,,,,,
sentinel1,counterfactual_0024_01,donor,treatment_0024,1,10,P10,2024-08,True,-7.12216652423047,-13.946400934919962,6.883234835701729,,,,,,,,
sentinel1,counterfactual_0024_02,donor,treatment_0024,2,1,P01,2023-11,False,,,,,,,,,,,
sentinel1,counterfactual_0024_02,donor,treatment_0024,2,2,P02,2023-12,True,-9.711098438349424,-14.843088831293816,5.140867860602014,,,,,,,,
sentinel1,counterfactual_0024_02,donor,treatment_0024,2,3,P03,2024-01,True,-10.916468270759957,-17.09703824033924,6.180569968721738,,,,,,,,
sentinel1,counterfactual_0024_02,donor,treatment_0024,2,4,P04,2024-02,True,-9.679992225923959,-14.905469721438838,5.225477490503998,,,,,,,,
sentinel1,counterfactual_0024_02,donor,treatment_0024,2,5,P05,2024-03,True,-9.742387991607481,-14.86617669283175,5.123788701848574,,,,,,,,
sentinel1,counterfactual_0024_02,donor,treatment_0024,2,6,P06,2024-04,True,-9.473442451296483,-14.492172237284043,5.0380316198891135,,,,,,,,
sentinel1,counterfactual_0024_02,donor,treatment_0024,2,7,P07,2024-05,True,-9.586417264161156,-16.09780849830777,6.533376531197379,,,,,,,,
sentinel1,counterfactual_0024_02,donor,treatment_0024,2,8,P08,2024-06,True,-10.062173322103186,-16.78251354853312,6.720340225093213,,,,,,,,
sentinel1,counterfactual_0024_02,donor,treatment_0024,2,9,P09,2024-07,True,-9.694410317814818,-16.234762221691657,6.586276573535859,,,,,,,,
sentinel1,counterfactual_0024_02,donor,treatment_0024,2,10,P10,2024-08,True,-10.221092449479244,-17.03164950838276,6.810557055379283,,,,,,,,
sentinel1,counterfactual_0024_03,donor,treatment_0024,3,1,P01,2023-11,False,,,,,,,,,,,
sentinel1,counterfactual_0024_03,donor,treatment_0024,3,2,P02,2023-12,True,-8.591584067428338,-13.790899325207091,5.182441092351993,,,,,,,,
sentinel1,counterfactual_0024_03,donor,treatment_0024,3,3,P03,2024-01,True,-9.906186413757942,-15.956789032242693,6.050602617458571,,,,,,,,
sentinel1,counterfactual_0024_03,donor,treatment_0024,3,4,P04,2024-02,True,-8.590339012238783,-13.837933341915287,5.2475943258946085,,,,,,,,
sentinel1,counterfactual_0024_03,donor,treatment_0024,3,5,P05,2024-03,True,-8.737153972127402,-13.878592941576612,5.141438969982602,,,,,,,,
sentinel1,counterfactual_0024_03,donor,treatment_0024,3,6,P06,2024-04,True,-8.450065868027758,-13.412339047092678,5.005894395674783,,,,,,,,
sentinel1,counterfactual_0024_03,donor,treatment_0024,3,7,P07,2024-05,True,-8.353176416573413,-14.85098431033488,6.494497313597014,,,,,,,,
sentinel1,counterfactual_0024_03,donor,treatment_0024,3,8,P08,2024-06,True,-8.763332651404934,-15.47552407833773,6.71219141693064,,,,,,,,
sentinel1,counterfactual_0024_03,donor,treatment_0024,3,9,P09,2024-07,True,-8.439637690680295,-15.05368271052586,6.635046153033601,,,,,,,,
sentinel1,counterfactual_0024_03,donor,treatment_0024,3,10,P10,2024-08,True,-8.975188471086936,-15.877991562835751,6.902803097317212,,,,,,,,
sentinel1,counterfactual_0024_04,donor,treatment_0024,4,1,P01,2023-11,False,,,,,,,,,,,
sentinel1,counterfactual_0024_04,donor,treatment_0024,4,2,P02,2023-12,True,-8.537558851388374,-13.983765730611507,5.4555284938577895,,,,,,,,
sentinel1,counterfactual_0024_04,donor,treatment_0024,4,3,P03,2024-01,True,-9.909085925496473,-15.955820054543297,5.9708474439658925,,,,,,,,
sentinel1,counterfactual_0024_04,donor,treatment_0024,4,4,P04,2024-02,True,-8.807021430667364,-14.299570844566317,5.562568544686343,,,,,,,,
sentinel1,counterfactual_0024_04,donor,treatment_0024,4,5,P05,2024-03,True,-9.175541640590096,-14.50605323662677,5.353285943201337,,,,,,,,
sentinel1,counterfactual_0024_04,donor,treatment_0024,4,6,P06,2024-04,True,-8.690340127959905,-14.010295651774934,5.330300754540376,,,,,,,,
sentinel1,counterfactual_0024_04,donor,treatment_0024,4,7,P07,2024-05,True,-8.080978708345917,-14.645980900028805,6.539170660688391,,,,,,,,
sentinel1,counterfactual_0024_04,donor,treatment_0024,4,8,P08,2024-06,True,-8.468979980919643,-15.217599885789287,6.761444326875438,,,,,,,,
sentinel1,counterfactual_0024_04,donor,treatment_0024,4,9,P09,2024-07,True,-7.892623940557051,-14.568943614387567,6.6843908072027745,,,,,,,,
sentinel1,counterfactual_0024_04,donor,treatment_0024,4,10,P10,2024-08,True,-9.085768473708107,-15.595916532088864,6.539403235000227,,,,,,,,
sentinel1,counterfactual_0024_05,donor,treatment_0024,5,1,P01,2023-11,False,,,,,,,,,,,
sentinel1,counterfactual_0024_05,donor,treatment_0024,5,2,P02,2023-12,True,-8.372237769730733,-13.527625560573522,5.150737201502283,,,,,,,,
sentinel1,counterfactual_0024_05,donor,treatment_0024,5,3,P03,2024-01,True,-9.925230967368627,-16.194469238283492,6.269238270077854,,,,,,,,
sentinel1,counterfactual_0024_05,donor,treatment_0024,5,4,P04,2024-02,True,-8.529653237153708,-13.910645861822465,5.380992615753769,,,,,,,,
sentinel1,counterfactual_0024_05,donor,treatment_0024,5,5,P05,2024-03,True,-8.475870852341384,-13.646310701614244,5.170439850461366,,,,,,,,
sentinel1,counterfactual_0024_05,donor,treatment_0024,5,6,P06,2024-04,True,-8.243172263867738,-13.336154279960345,5.085379742762149,,,,,,,,
sentinel1,counterfactual_0024_05,donor,treatment_0024,5,7,P07,2024-05,True,-8.356514176486924,-14.649419412462398,6.286411478135502,,,,,,,,
sentinel1,counterfactual_0024_05,donor,treatment_0024,5,8,P08,2024-06,True,-8.89638125004809,-15.548412274384122,6.652031025839149,,,,,,,,
sentinel1,counterfactual_0024_05,donor,treatment_0024,5,9,P09,2024-07,True,-8.559761064220393,-15.148239044310614,6.596787696362634,,,,,,,,
sentinel1,counterfactual_0024_05,donor,treatment_0024,5,10,P10,2024-08,True,-9.12562478858926,-15.85829736419594,6.732672576245029,,,,,,,,
sentinel1,treatment_0025,target,treatment_0025,0,1,P01,2023-11,True,-8.108184904078445,-13.33393226618814,5.225747368860953,,,,,,,,
sentinel1,treatment_0025,target,treatment_0025,0,2,P02,2023-12,True,-8.365507604872237,-13.556865479072721,5.232061786201625,,,,,,,,
sentinel1,treatment_0025,target,treatment_0025,0,3,P03,2024-01,True,-9.52930737986423,-15.837946055006272,6.3086386669080445,,,,,,,,
sentinel1,treatment_0025,target,treatment_0025,0,4,P04,2024-02,True,-8.487158285640549,-13.811921079607293,5.324762793099231,,,,,,,,
sentinel1,treatment_0025,target,treatment_0025,0,5,P05,2024-03,True,-8.575752547388657,-13.58569590790437,5.009943362542723,,,,,,,,
sentinel1,treatment_0025,target,treatment_0025,0,6,P06,2024-04,True,-8.28973003321355,-13.588847090324553,5.299117051885269,,,,,,,,
sentinel1,treatment_0025,target,treatment_0025,0,7,P07,2024-05,True,-8.157588666601862,-14.53571518241769,6.38947710320501,,,,,,,,
sentinel1,treatment_0025,target,treatment_0025,0,8,P08,2024-06,True,-8.383185404508126,-14.951318473391014,6.568133077758668,,,,,,,,
sentinel1,treatment_0025,target,treatment_0025,0,9,P09,2024-07,True,-8.071510265340088,-14.658697664572461,6.563578380538095,,,,,,,,
sentinel1,treatment_0025,target,treatment_0025,0,10,P10,2024-08,True,-8.564240097911052,-15.134334977074424,6.570094878669128,,,,,,,,
sentinel1,counterfactual_0025_01,donor,treatment_0025,1,1,P01,2023-11,False,,,,,,,,,,,
sentinel1,counterfactual_0025_01,donor,treatment_0025,1,2,P02,2023-12,True,-7.813884305030817,-13.10774666318799,5.295157375208075,,,,,,,,
sentinel1,counterfactual_0025_01,donor,treatment_0025,1,3,P03,2024-01,True,-8.931436445395102,-15.235506296724376,6.304069860288412,,,,,,,,
sentinel1,counterfactual_0025_01,donor,treatment_0025,1,4,P04,2024-02,True,-7.789834532278157,-13.214649295759672,5.424814766036107,,,,,,,,
sentinel1,counterfactual_0025_01,donor,treatment_0025,1,5,P05,2024-03,True,-7.755397689386713,-13.022353519756015,5.266955831191758,,,,,,,,
sentinel1,counterfactual_0025_01,donor,treatment_0025,1,6,P06,2024-04,True,-7.5205132046284895,-12.697015294462147,5.190951692708722,,,,,,,,
sentinel1,counterfactual_0025_01,donor,treatment_0025,1,7,P07,2024-05,True,-7.57578284338421,-13.46161341291843,5.886418508249196,,,,,,,,
sentinel1,counterfactual_0025_01,donor,treatment_0025,1,8,P08,2024-06,True,-7.969419421368454,-13.936538395315115,5.967118967560554,,,,,,,,
sentinel1,counterfactual_0025_01,donor,treatment_0025,1,9,P09,2024-07,True,-7.592260085066301,-13.658709124126057,6.045486141515545,,,,,,,,
sentinel1,counterfactual_0025_01,donor,treatment_0025,1,10,P10,2024-08,True,-8.049685189606677,-14.24679459382992,6.197109416957834,,,,,,,,
sentinel1,counterfactual_0025_02,donor,treatment_0025,2,1,P01,2023-11,False,,,,,,,,,,,
sentinel1,counterfactual_0025_02,donor,treatment_0025,2,2,P02,2023-12,True,-8.172840564777573,-13.672389228651774,5.501697602519335,,,,,,,,
sentinel1,counterfactual_0025_02,donor,treatment_0025,2,3,P03,2024-01,True,-9.375522418590565,-16.046324578187896,6.670802169337645,,,,,,,,
sentinel1,counterfactual_0025_02,donor,treatment_0025,2,4,P04,2024-02,True,-8.251209705001688,-13.983045349657717,5.731835638491643,,,,,,,,
sentinel1,counterfactual_0025_02,donor,treatment_0025,2,5,P05,2024-03,True,-8.497692273944871,-14.297155269745833,5.799462993299052,,,,,,,,
sentinel1,counterfactual_0025_02,donor,treatment_0025,2,6,P06,2024-04,True,-8.330012272028535,-14.04960602786585,5.689797463541349,,,,,,,,
sentinel1,counterfactual_0025_02,donor,treatment_0025,2,7,P07,2024-05,True,-8.149083851221736,-14.575698644153604,6.430085007844457,,,,,,,,
sentinel1,counterfactual_0025_02,donor,treatment_0025,2,8,P08,2024-06,True,-8.74759554076177,-15.090120449099818,6.342524912749163,,,,,,,,
sentinel1,counterfactual_0025_02,donor,treatment_0025,2,9,P09,2024-07,True,-8.299712421454153,-14.614589206705654,6.323731783692386,,,,,,,,
sentinel1,counterfactual_0025_02,donor,treatment_0025,2,10,P10,2024-08,True,-8.868592995678066,-15.260105271933535,6.391512288119721,,,,,,,,
sentinel1,counterfactual_0025_03,donor,treatment_0025,3,1,P01,2023-11,False,,,,,,,,,,,
sentinel1,counterfactual_0025_03,donor,treatment_0025,3,2,P02,2023-12,True,-7.518064412407556,-12.957451582772979,5.447621133057321,,,,,,,,
sentinel1,counterfactual_0025_03,donor,treatment_0025,3,3,P03,2024-01,True,-8.624950638330313,-14.9015667241013,6.2766160865298515,,,,,,,,
sentinel1,counterfactual_0025_03,donor,treatment_0025,3,4,P04,2024-02,True,-7.536027881021495,-13.050300768036175,5.5142728969419705,,,,,,,,
sentinel1,counterfactual_0025_03,donor,treatment_0025,3,5,P05,2024-03,True,-7.420422866618721,-12.93810069515429,5.517677825543527,,,,,,,,
sentinel1,counterfactual_0025_03,donor,treatment_0025,3,6,P06,2024-04,True,-7.181978894191132,-12.540074614517456,5.384685138035768,,,,,,,,
sentinel1,counterfactual_0025_03,donor,treatment_0025,3,7,P07,2024-05,True,-7.362946337063082,-13.307720264188566,5.951995703794625,,,,,,,,
sentinel1,counterfactual_0025_03,donor,treatment_0025,3,8,P08,2024-06,True,-7.59716419773515,-13.781617722082647,6.184453513608027,,,,,,,,
sentinel1,counterfactual_0025_03,donor,treatment_0025,3,9,P09,2024-07,True,-7.292253578061915,-13.450874980343707,6.181781879678162,,,,,,,,
sentinel1,counterfactual_0025_03,donor,treatment_0025,3,10,P10,2024-08,True,-7.9170219271012225,-14.097363901797399,6.18034197723862,,,,,,,,
sentinel1,counterfactual_0025_04,donor,treatment_0025,4,1,P01,2023-11,False,,,,,,,,,,,
sentinel1,counterfactual_0025_04,donor,treatment_0025,4,2,P02,2023-12,True,-8.325065528469429,-13.646149050732499,5.320854948239971,,,,,,,,
sentinel1,counterfactual_0025_04,donor,treatment_0025,4,3,P03,2024-01,True,-9.730545283322147,-16.047739719248394,6.317194431291271,,,,,,,,
sentinel1,counterfactual_0025_04,donor,treatment_0025,4,4,P04,2024-02,True,-8.50671698228759,-13.94490212971598,5.4381851521093765,,,,,,,,
sentinel1,counterfactual_0025_04,donor,treatment_0025,4,5,P05,2024-03,True,-8.508344967996267,-13.763244473154714,5.254899514254432,,,,,,,,
sentinel1,counterfactual_0025_04,donor,treatment_0025,4,6,P06,2024-04,True,-8.197282665164927,-13.478993749445577,5.294057564688676,,,,,,,,
sentinel1,counterfactual_0025_04,donor,treatment_0025,4,7,P07,2024-05,True,-8.377616433218032,-14.494554703918793,6.141573637979555,,,,,,,,
sentinel1,counterfactual_0025_04,donor,treatment_0025,4,8,P08,2024-06,True,-8.654232606188057,-14.868094497890452,6.213861896800429,,,,,,,,
sentinel1,counterfactual_0025_04,donor,treatment_0025,4,9,P09,2024-07,True,-8.293332456370894,-14.594221422548634,6.3207567581860715,,,,,,,,
sentinel1,counterfactual_0025_04,donor,treatment_0025,4,10,P10,2024-08,True,-8.865154528327754,-15.244353396929242,6.37919886986066,,,,,,,,
sentinel1,counterfactual_0025_05,donor,treatment_0025,5,1,P01,2023-11,False,,,,,,,,,,,
sentinel1,counterfactual_0025_05,donor,treatment_0025,5,2,P02,2023-12,True,-8.692633040774044,-14.210126056447706,5.508123275187561,,,,,,,,
sentinel1,counterfactual_0025_05,donor,treatment_0025,5,3,P03,2024-01,True,-9.421510217464826,-16.147435167211842,6.725924946778943,,,,,,,,
sentinel1,counterfactual_0025_05,donor,treatment_0025,5,4,P04,2024-02,True,-8.546216331700785,-14.366248128391016,5.82003178878992,,,,,,,,
sentinel1,counterfactual_0025_05,donor,treatment_0025,5,5,P05,2024-03,True,-8.424594957068942,-14.121125534134464,5.696530578897652,,,,,,,,
sentinel1,counterfactual_0025_05,donor,treatment_0025,5,6,P06,2024-04,True,-8.094701731844468,-13.848730628647742,5.7355698970768305,,,,,,,,
sentinel1,counterfactual_0025_05,donor,treatment_0025,5,7,P07,2024-05,True,-8.252461694890957,-14.544898155494923,6.30123269741022,,,,,,,,
sentinel1,counterfactual_0025_05,donor,treatment_0025,5,8,P08,2024-06,True,-8.797679797451078,-15.124413001865701,6.32673320475717,,,,,,,,
sentinel1,counterfactual_0025_05,donor,treatment_0025,5,9,P09,2024-07,True,-8.42182081783671,-14.639064130800843,6.222064817232801,,,,,,,,
sentinel1,counterfactual_0025_05,donor,treatment_0025,5,10,P10,2024-08,True,-8.909718707805697,-15.182779346584233,6.273060622595564,,,,,,,,
sentinel1,treatment_0027,target,treatment_0027,0,1,P01,2023-11,True,-9.25080200368859,-14.859084011397984,5.608282016342457,,,,,,,,
sentinel1,treatment_0027,target,treatment_0027,0,2,P02,2023-12,True,-9.523879213721683,-15.042256588118297,5.520883481575249,,,,,,,,
sentinel1,treatment_0027,target,treatment_0027,0,3,P03,2024-01,True,-10.373006781179898,-17.11553027917095,6.74252350047799,,,,,,,,
sentinel1,treatment_0027,target,treatment_0027,0,4,P04,2024-02,True,-9.405191734932753,-15.242291453421998,5.837099721190912,,,,,,,,
sentinel1,treatment_0027,target,treatment_0027,0,5,P05,2024-03,True,-9.353117304184659,-14.887633301046357,5.534515988399659,,,,,,,,
sentinel1,treatment_0027,target,treatment_0027,0,6,P06,2024-04,True,-9.122831297519612,-14.578454976595566,5.447818154789585,,,,,,,,
sentinel1,treatment_0027,target,treatment_0027,0,7,P07,2024-05,True,-9.251726115509035,-15.627895331922646,6.367248828037616,,,,,,,,
sentinel1,treatment_0027,target,treatment_0027,0,8,P08,2024-06,True,-9.525226981566707,-16.03849944997308,6.513272457185951,,,,,,,,
sentinel1,treatment_0027,target,treatment_0027,0,9,P09,2024-07,True,-9.272240902619021,-15.601691100798615,6.346691363670335,,,,,,,,
sentinel1,treatment_0027,target,treatment_0027,0,10,P10,2024-08,True,-9.637850831718248,-16.000627466936038,6.362776630910024,,,,,,,,
sentinel1,counterfactual_0027_01,donor,treatment_0027,1,1,P01,2023-11,False,,,,,,,,,,,
sentinel1,counterfactual_0027_01,donor,treatment_0027,1,2,P02,2023-12,True,-10.505643420101393,-16.131887241684563,5.647857549871954,,,,,,,,
sentinel1,counterfactual_0027_01,donor,treatment_0027,1,3,P03,2024-01,True,-11.375080914520982,-18.730787187425218,7.3557062689856725,,,,,,,,
sentinel1,counterfactual_0027_01,donor,treatment_0027,1,4,P04,2024-02,True,-10.200782351434821,-16.47708695019826,6.276304604438419,,,,,,,,
sentinel1,counterfactual_0027_01,donor,treatment_0027,1,5,P05,2024-03,True,-10.37000729210896,-16.422128045865804,6.052120749020239,,,,,,,,
sentinel1,counterfactual_0027_01,donor,treatment_0027,1,6,P06,2024-04,True,-10.49791578054428,-16.302048295795327,5.8091054157420325,,,,,,,,
sentinel1,counterfactual_0027_01,donor,treatment_0027,1,7,P07,2024-05,True,-10.61890392507657,-16.690004461826664,6.090987814203052,,,,,,,,
sentinel1,counterfactual_0027_01,donor,treatment_0027,1,8,P08,2024-06,True,-10.896470852629973,-16.992100946313084,6.095630084805855,,,,,,,,
sentinel1,counterfactual_0027_01,donor,treatment_0027,1,9,P09,2024-07,True,-10.34236656368369,-16.401557962540352,6.079794390677834,,,,,,,,
sentinel1,counterfactual_0027_01,donor,treatment_0027,1,10,P10,2024-08,True,-10.41559115136614,-16.377576786362297,5.961985647670261,,,,,,,,
sentinel1,counterfactual_0027_02,donor,treatment_0027,2,1,P01,2023-11,False,,,,,,,,,,,
sentinel1,counterfactual_0027_02,donor,treatment_0027,2,2,P02,2023-12,True,-10.596736327141706,-15.803073801301109,5.235477585497608,,,,,,,,
sentinel1,counterfactual_0027_02,donor,treatment_0027,2,3,P03,2024-01,True,-11.379329200299765,-18.001130773628265,6.621801567339404,,,,,,,,
sentinel1,counterfactual_0027_02,donor,treatment_0027,2,4,P04,2024-02,True,-10.532049056229118,-16.04697146535843,5.514922410118242,,,,,,,,
sentinel1,counterfactual_0027_02,donor,treatment_0027,2,5,P05,2024-03,True,-10.211466976414146,-15.666115474284904,5.454648500234329,,,,,,,,
sentinel1,counterfactual_0027_02,donor,treatment_0027,2,6,P06,2024-04,True,-10.268796794166892,-15.567677999428588,5.272691831665436,,,,,,,,
sentinel1,counterfactual_0027_02,donor,treatment_0027,2,7,P07,2024-05,True,-10.412679411940431,-16.529638935194193,6.136163280359286,,,,,,,,
sentinel1,counterfactual_0027_02,donor,treatment_0027,2,8,P08,2024-06,True,-10.593061201008538,-16.800623131948246,6.2075619399196995,,,,,,,,
sentinel1,counterfactual_0027_02,donor,treatment_0027,2,9,P09,2024-07,True,-10.3169281195377,-16.335916492146914,6.030379539709686,,,,,,,,
sentinel1,counterfactual_0027_02,donor,treatment_0027,2,10,P10,2024-08,True,-10.698497636202982,-16.86373172966993,6.165234081193684,,,,,,,,
sentinel1,counterfactual_0027_03,donor,treatment_0027,3,1,P01,2023-11,False,,,,,,,,,,,
sentinel1,counterfactual_0027_03,donor,treatment_0027,3,2,P02,2023-12,True,-10.899260584565939,-16.220554076643552,5.347610949649037,,,,,,,,
sentinel1,counterfactual_0027_03,donor,treatment_0027,3,3,P03,2024-01,True,-11.16083560737617,-17.573227125336143,6.412391504456892,,,,,,,,
sentinel1,counterfactual_0027_03,donor,treatment_0027,3,4,P04,2024-02,True,-10.876522695293614,-16.35066990081002,5.474147207003598,,,,,,,,
sentinel1,counterfactual_0027_03,donor,treatment_0027,3,5,P05,2024-03,True,-10.55318755272849,-16.1566473217104,5.603459767137719,,,,,,,,
sentinel1,counterfactual_0027_03,donor,treatment_0027,3,6,P06,2024-04,True,-10.62268228101197,-16.020981425163793,5.398369257177281,,,,,,,,
sentinel1,counterfactual_0027_03,donor,treatment_0027,3,7,P07,2024-05,True,-10.623996234536172,-16.615494556707496,6.0186299288313485,,,,,,,,
sentinel1,counterfactual_0027_03,donor,treatment_0027,3,8,P08,2024-06,True,-10.764797371938533,-16.90190477614309,6.137107404727562,,,,,,,,
sentinel1,counterfactual_0027_03,donor,treatment_0027,3,9,P09,2024-07,True,-10.689252616603877,-16.664270020933714,6.023891249097126,,,,,,,,
sentinel1,counterfactual_0027_03,donor,treatment_0027,3,10,P10,2024-08,True,-11.098385231769553,-17.044896041785968,5.946510812330479,,,,,,,,
sentinel1,counterfactual_0027_04,donor,treatment_0027,4,1,P01,2023-11,False,,,,,,,,,,,
sentinel1,counterfactual_0027_04,donor,treatment_0027,4,2,P02,2023-12,True,-9.603190368004261,-16.178040528371046,6.560824466326382,,,,,,,,
sentinel1,counterfactual_0027_04,donor,treatment_0027,4,3,P03,2024-01,True,-10.337209908418053,-17.699312776741987,7.36210286669501,,,,,,,,
sentinel1,counterfactual_0027_04,donor,treatment_0027,4,4,P04,2024-02,True,-9.635941782700217,-16.253422118573663,6.617480330311625,,,,,,,,
sentinel1,counterfactual_0027_04,donor,treatment_0027,4,5,P05,2024-03,True,-9.67797701455322,-16.187691014051165,6.509714001575689,,,,,,,,
sentinel1,counterfactual_0027_04,donor,treatment_0027,4,6,P06,2024-04,True,-9.72660737682069,-16.26227645413126,6.508196006603075,,,,,,,,
sentinel1,counterfactual_0027_04,donor,treatment_0027,4,7,P07,2024-05,True,-9.6944972208726,-16.700834110894867,7.052262415987652,,,,,,,,
sentinel1,counterfactual_0027_04,donor,treatment_0027,4,8,P08,2024-06,True,-9.980855031140385,-17.013984429451803,7.0331293989406385,,,,,,,,
sentinel1,counterfactual_0027_04,donor,treatment_0027,4,9,P09,2024-07,True,-9.699322606454027,-16.771130328129733,7.057281378912623,,,,,,,,
sentinel1,counterfactual_0027_04,donor,treatment_0027,4,10,P10,2024-08,True,-9.91079467519462,-16.857687028389144,6.946892368011691,,,,,,,,
sentinel1,counterfactual_0027_05,donor,treatment_0027,5,1,P01,2023-11,False,,,,,,,,,,,
sentinel1,counterfactual_0027_05,donor,treatment_0027,5,2,P02,2023-12,True,-10.993858318167122,-16.437674025976943,5.490826471707726,,,,,,,,
sentinel1,counterfactual_0027_05,donor,treatment_0027,5,3,P03,2024-01,True,-11.732999078082917,-18.538304835531644,6.805305729446055,,,,,,,,
sentinel1,counterfactual_0027_05,donor,treatment_0027,5,4,P04,2024-02,True,-10.85475204619879,-16.603707059436353,5.748955030424624,,,,,,,,
sentinel1,counterfactual_0027_05,donor,treatment_0027,5,5,P05,2024-03,True,-10.487181977359304,-16.370267700697905,5.883085722631233,,,,,,,,
sentinel1,counterfactual_0027_05,donor,treatment_0027,5,6,P06,2024-04,True,-10.783382375881189,-16.269652273196613,5.460099168374251,,,,,,,,
sentinel1,counterfactual_0027_05,donor,treatment_0027,5,7,P07,2024-05,True,-10.730801662716292,-16.95490218092327,6.242550917927301,,,,,,,,
sentinel1,counterfactual_0027_05,donor,treatment_0027,5,8,P08,2024-06,True,-11.010789018392025,-17.258384958130158,6.247595940890668,,,,,,,,
sentinel1,counterfactual_0027_05,donor,treatment_0027,5,9,P09,2024-07,True,-10.682342532541211,-16.87246706265817,6.227941958853987,,,,,,,,
sentinel1,counterfactual_0027_05,donor,treatment_0027,5,10,P10,2024-08,True,-11.000728498693308,-17.195201675958018,6.194473169642492,,,,,,,,
sentinel2,treatment_0001,target,treatment_0001,0,1,P01,2023-11,True,,,,0.02863891291890885,0.04536721407724539,0.05121011674870581,0.23549863760335027,0.21415760245332296,0.12503638875906917,0.6289482775886799,-0.6773948716077325
sentinel2,treatment_0001,target,treatment_0001,0,2,P02,2023-12,True,,,,0.027575027013497927,0.04483932464495493,0.0560822665017534,0.19086562115368558,0.1825701499038462,0.11366144499912494,0.5457447913818886,-0.6355683775085497
sentinel2,treatment_0001,target,treatment_0001,0,3,P03,2024-01,True,,,,0.0983556510279146,0.11163151068338298,0.12607521789365397,0.2454732675976615,0.12098522994289321,0.08061629807534845,0.3760616304820975,-0.4466566132218536
sentinel2,treatment_0001,target,treatment_0001,0,4,P04,2024-02,True,,,,0.03644503487026253,0.05692971284312178,0.07308930504252556,0.2054056270447356,0.2261058817206849,0.14569973516009646,0.4774890064070518,-0.5735970844423417
sentinel2,treatment_0001,target,treatment_0001,0,5,P05,2024-03,True,,,,0.04236185676684376,0.06033237925630675,0.06648245284377831,0.24894106459705553,0.2384612981641588,0.14833717787018033,0.5644094364173654,-0.5967151096543326
sentinel2,treatment_0001,target,treatment_0001,0,6,P06,2024-04,True,,,,0.03705621026385144,0.06494772092107552,0.05172681118137152,0.3206047152388436,0.2157936964347285,0.11942365961750984,0.7040419340618547,-0.6492855661104878
sentinel2,treatment_0001,target,treatment_0001,0,7,P07,2024-05,True,,,,0.039383085054730614,0.06988351644177394,0.03865025006079441,0.4282612981110937,0.2057250416646365,0.09979871093771081,0.8358386466843842,-0.7191877414466877
sentinel2,treatment_0001,target,treatment_0001,0,8,P08,2024-06,True,,,,0.043347617046717704,0.0742932990031956,0.04887883315373676,0.4519473066974426,0.21419550960636796,0.10579478096442525,0.8039929287082592,-0.7170990869232876
sentinel2,treatment_0001,target,treatment_0001,0,9,P09,2024-07,True,,,,0.042360773506902,0.06494347622192452,0.05121058727547113,0.38121500339970005,0.2357233211729716,0.11844278992014111,0.7598887599295111,-0.7047732054878002
sentinel2,treatment_0001,target,treatment_0001,0,10,P10,2024-08,True,,,,0.05027490283775189,0.06918235369012586,0.05228734869428798,0.36683190909474805,0.20763608182399906,0.10678597630404912,0.7454762913175743,-0.677694854057571
sentinel2,counterfactual_0001_01,donor,treatment_0001,1,1,P01,2023-11,True,,,,0.03944099603172707,0.05397143427882577,0.06177486528582859,0.2081244339684948,0.21601438110040783,0.13740180868758792,0.5263174461297974,-0.5896640623024132
sentinel2,counterfactual_0001_01,donor,treatment_0001,1,2,P02,2023-12,True,,,,0.029083080134003604,0.04360934230969578,0.05680227439695638,0.160976169071416,0.17561875303949565,0.11716632682816583,0.4667127967701469,-0.5725033347559927
sentinel2,counterfactual_0001_01,donor,treatment_0001,1,3,P03,2024-01,True,,,,0.09187112361147343,0.10117287683937469,0.1168186120953385,0.20932813640210715,0.1314418346378604,0.09355882074511244,0.3161676328907398,-0.3920771714621013
sentinel2,counterfactual_0001_01,donor,treatment_0001,1,4,P04,2024-02,True,,,,0.041866674921211045,0.0606740222606213,0.07967124308551944,0.18477061086218066,0.23105789646805763,0.15996547888370252,0.4017141900061279,-0.5132834134517869
sentinel2,counterfactual_0001_01,donor,treatment_0001,1,5,P05,2024-03,True,,,,0.05094152539334888,0.06751447419255516,0.08072314979909313,0.21495020575702714,0.2533444514485881,0.17401913522070103,0.4516405024466904,-0.51432856395239
sentinel2,counterfactual_0001_01,donor,treatment_0001,1,6,P06,2024-04,True,,,,0.04619473590406089,0.07224573582610205,0.06599187838480954,0.2797595628789857,0.23267865870518611,0.14318575639649825,0.6085024808068377,-0.5783132995813778
sentinel2,counterfactual_0001_01,donor,treatment_0001,1,7,P07,2024-05,True,,,,0.049092118505528366,0.08001218521732896,0.0503655279360353,0.4065564163113187,0.21679964191089038,0.1142680522716521,0.769765100414404,-0.6597565605532054
sentinel2,counterfactual_0001_01,donor,treatment_0001,1,8,P08,2024-06,True,,,,0.04346034711743746,0.07591834145667226,0.050714184988847714,0.4337135084614679,0.21699367704759356,0.11171572395059808,0.7778231733448112,-0.6895023825566843
sentinel2,counterfactual_0001_01,donor,treatment_0001,1,9,P09,2024-07,True,,,,0.06091488202556125,0.08288541472814097,0.0671326634506319,0.3928961448985132,0.2467297803628975,0.13365511802740637,0.6977550278494737,-0.63906976248466
sentinel2,counterfactual_0001_01,donor,treatment_0001,1,10,P10,2024-08,True,,,,0.049132114558215645,0.06955701905681495,0.0507227429819195,0.36075095580805866,0.2163997695482475,0.11157181159899102,0.7556587777506502,-0.6784982981839808
sentinel2,counterfactual_0001_02,donor,treatment_0001,2,1,P01,2023-11,True,,,,0.05386414578676212,0.07629860320389885,0.08718834435586433,0.28496997365004034,0.2629441620438558,0.16204454936580137,0.5255127756422788,-0.5730674751494589
sentinel2,counterfactual_0001_02,donor,treatment_0001,2,2,P02,2023-12,True,,,,0.047317988520127335,0.07381052847070815,0.0926423685043815,0.25564116271173076,0.2718889522512758,0.178561994081215,0.46276144668244523,-0.5491317150386456
sentinel2,counterfactual_0001_02,donor,treatment_0001,2,3,P03,2024-01,True,,,,0.07027689945489554,0.09178930999645969,0.11400611707921525,0.2581853445722693,0.1828469170726534,0.11532982062366169,0.3908983356381085,-0.481710479508788
sentinel2,counterfactual_0001_02,donor,treatment_0001,2,4,P04,2024-02,True,,,,0.05004914233918604,0.07774977958065928,0.09763811401487472,0.24648624639740857,0.2647972650086105,0.17514565230911708,0.4337210307454353,-0.5221768466768484
sentinel2,counterfactual_0001_02,donor,treatment_0001,2,5,P05,2024-03,True,,,,0.058325242707095895,0.08579923059952375,0.09187306652009727,0.3174852614167122,0.2931647780023127,0.1928171552903932,0.5422430663017097,-0.5634095870849827
sentinel2,counterfactual_0001_02,donor,treatment_0001,2,6,P06,2024-04,True,,,,0.05157969814696279,0.0866232821271415,0.0728874817032631,0.3844167043855466,0.2715625777371712,0.1610692090093476,0.6687337499575315,-0.6221733169528191
sentinel2,counterfactual_0001_02,donor,treatment_0001,2,7,P07,2024-05,True,,,,0.055097108249214696,0.08755783758299593,0.05780579665674568,0.44080083204322495,0.24555202155866762,0.1266974280459028,0.7548760596352319,-0.656911670032207
sentinel2,counterfactual_0001_02,donor,treatment_0001,2,8,P08,2024-06,True,,,,0.05352434085578138,0.08628920208614908,0.06582512017151396,0.44049310839044126,0.27167868808477186,0.1458601999037138,0.737178599467448,-0.6694760381341537
sentinel2,counterfactual_0001_02,donor,treatment_0001,2,9,P09,2024-07,True,,,,0.05755198029122911,0.08345186264170068,0.08163234988900712,0.34504224090918106,0.30866877277006577,0.18271551315030238,0.616829070108992,-0.6091900467762607
sentinel2,counterfactual_0001_02,donor,treatment_0001,2,10,P10,2024-08,True,,,,0.07166521920930383,0.09047637501293836,0.08217760029966215,0.3329732576552214,0.2681555726688033,0.15790881287372646,0.5959414638999863,-0.5652759911753874
sentinel2,counterfactual_0001_03,donor,treatment_0001,3,1,P01,2023-11,True,,,,0.03728870216528086,0.06431897372453266,0.063862361659543,0.3185300655654249,0.25095729841436665,0.14276479256642752,0.6554842423509327,-0.6615048422259118
sentinel2,counterfactual_0001_03,donor,treatment_0001,3,2,P02,2023-12,True,,,,0.046468777643720614,0.07572775226772568,0.09606497414907136,0.2609445545331203,0.23672318396328967,0.14909060856966677,0.4702271412718052,-0.554527928077474
sentinel2,counterfactual_0001_03,donor,treatment_0001,3,3,P03,2024-01,True,,,,0.08254179439776546,0.10893053111940561,0.1403730272108482,0.28324963199431796,0.1986332549492331,0.12781507658183833,0.34636965029416616,-0.4558370642135125
sentinel2,counterfactual_0001_03,donor,treatment_0001,3,4,P04,2024-02,True,,,,0.06692751214602419,0.09836812568109955,0.13110103429535325,0.26770872478770946,0.33388062444180555,0.22393227132608254,0.34629991552455147,-0.465520008186399
sentinel2,counterfactual_0001_03,donor,treatment_0001,3,5,P05,2024-03,True,,,,0.06592603193251084,0.09327136075078313,0.10529643674216285,0.304893677065465,0.31648152136426383,0.1995224830753931,0.48510932000699947,-0.5319778406670276
sentinel2,counterfactual_0001_03,donor,treatment_0001,3,6,P06,2024-04,True,,,,0.04455368111194723,0.07729701029604036,0.06009919625464029,0.3810313006844921,0.24743681005222776,0.13195995981641148,0.7188814396998915,-0.6551170810588188
sentinel2,counterfactual_0001_03,donor,treatment_0001,3,7,P07,2024-05,True,,,,0.047325110388522565,0.07905310768341564,0.04687875707048304,0.45738003142422734,0.2263272033522099,0.10956318003794058,0.8118729669585752,-0.7032886336469648
sentinel2,counterfactual_0001_03,donor,treatment_0001,3,8,P08,2024-06,True,,,,0.080682153853803,0.11349462315917845,0.08872764449595452,0.47320159303009623,0.2797375158850042,0.15368476617632515,0.6893942628752225,-0.6170977363727184
sentinel2,counterfactual_0001_03,donor,treatment_0001,3,9,P09,2024-07,True,,,,0.05911844437774835,0.08721315073839603,0.08335570545381202,0.35004529951045515,0.2980367315568102,0.16519321617092902,0.6156354745377596,-0.5992843778353849
sentinel2,counterfactual_0001_03,donor,treatment_0001,3,10,P10,2024-08,True,,,,0.07384574185235278,0.09828722542617312,0.07596030981951865,0.41252712641926326,0.26239718771986575,0.14163551748742226,0.6826938711845643,-0.6075520420229192
sentinel2,counterfactual_0001_04,donor,treatment_0001,4,1,P01,2023-11,True,,,,0.03570506819123989,0.055412822392468884,0.06982159601461842,0.24579728955092378,0.24309735309083186,0.1473183021586253,0.5389570307244759,-0.6314351132290934
sentinel2,counterfactual_0001_04,donor,treatment_0001,4,2,P02,2023-12,True,,,,0.03325629847180763,0.052896353391671494,0.07331701805055509,0.20176355257877215,0.18550045091800157,0.11428129596898817,0.46006763081494767,-0.5758831129497782
sentinel2,counterfactual_0001_04,donor,treatment_0001,4,3,P03,2024-01,True,,,,0.04978681018821342,0.06972684549247546,0.09496264099911711,0.21595148028985342,0.1954752131909462,0.1269402067289202,0.4109581858208306,-0.5390841040302127
sentinel2,counterfactual_0001_04,donor,treatment_0001,4,4,P04,2024-02,True,,,,0.04685734740596105,0.06972620341161377,0.09465112259072651,0.20956210177999807,0.26720246059113234,0.17978187447031999,0.39523236249511356,-0.5209666784508918
sentinel2,counterfactual_0001_04,donor,treatment_0001,4,5,P05,2024-03,True,,,,0.051315062349402356,0.07206379283453662,0.08658691804661417,0.24076016082207183,0.2747084647753042,0.17987522289468055,0.4646971111900067,-0.539497629788462
sentinel2,counterfactual_0001_04,donor,treatment_0001,4,6,P06,2024-04,True,,,,0.04479205969283948,0.0726463142189018,0.06698164901897091,0.29479665730107285,0.25074234413476615,0.14783211937489177,0.6134620612203628,-0.5940475247638937
sentinel2,counterfactual_0001_04,donor,treatment_0001,4,7,P07,2024-05,True,,,,0.04161901294757088,0.07255417129388043,0.04373014905745522,0.41446192543590293,0.21627226751927664,0.10940029407182099,0.8017773912472669,-0.696046570055121
sentinel2,counterfactual_0001_04,donor,treatment_0001,4,8,P08,2024-06,True,,,,0.0440320949683764,0.07700531823607522,0.054171316643926506,0.43820858723760153,0.2445197824610412,0.1233453533176978,0.7728795598216962,-0.6944850524300402
sentinel2,counterfactual_0001_04,donor,treatment_0001,4,9,P09,2024-07,True,,,,0.0436147584519355,0.07207341938874919,0.05167215967176738,0.391688226422087,0.2388160226494293,0.12020467597881307,0.7633322346777508,-0.6851264227845586
sentinel2,counterfactual_0001_04,donor,treatment_0001,4,10,P10,2024-08,True,,,,0.060298828360641744,0.0818513928907698,0.06353196642229575,0.3765820589627596,0.23075442998660947,0.12143092823121687,0.7151766178555314,-0.6448665214986794
sentinel2,counterfactual_0001_05,donor,treatment_0001,5,1,P01,2023-11,True,,,,0.040515714217896355,0.06321409676752969,0.07159005009806874,0.27178698169930626,0.2529985444585011,0.1524596412182906,0.5666436225105741,-0.6159159351224619
sentinel2,counterfactual_0001_05,donor,treatment_0001,5,2,P02,2023-12,True,,,,0.03920906778963141,0.06289074610357259,0.08111825326743197,0.2308284090020244,0.2265122146065849,0.1445946671830452,0.47808921712030444,-0.5738301324821427
sentinel2,counterfactual_0001_05,donor,treatment_0001,5,3,P03,2024-01,True,,,,0.08308788601355321,0.10211771473188516,0.12446068324359204,0.2532231510552929,0.15161309875865045,0.0953278491660037,0.3668001656221731,-0.45924098303506006
sentinel2,counterfactual_0001_05,donor,treatment_0001,5,4,P04,2024-02,True,,,,0.05109047159971081,0.07806564564755028,0.10083209996048421,0.24355342610063663,0.2784567099817242,0.18467568379940327,0.4199849613655076,-0.5185797704774848
sentinel2,counterfactual_0001_05,donor,treatment_0001,5,5,P05,2024-03,True,,,,0.05087328212803695,0.07583922174026184,0.08311394480908954,0.2854594207913744,0.26880423506560625,0.1694977845415603,0.5387648960602668,-0.5733247525977593
sentinel2,counterfactual_0001_05,donor,treatment_0001,5,6,P06,2024-04,True,,,,0.04300392615580478,0.07465079906313031,0.06059112350990779,0.35289057451928907,0.23751310683526125,0.13242269378440683,0.6952581388965131,-0.6401454007944901
sentinel2,counterfactual_0001_05,donor,treatment_0001,5,7,P07,2024-05,True,,,,0.047426379930493485,0.07820238713907261,0.04919680920697485,0.42016353784133587,0.2187626163812376,0.11155095583459884,0.7892656084809242,-0.6841711043725761
sentinel2,counterfactual_0001_05,donor,treatment_0001,5,8,P08,2024-06,True,,,,0.05338598675454804,0.08365910702986018,0.07033618772078301,0.4014251199966785,0.25922029241430167,0.14063449655049176,0.6988536595060958,-0.651082934636261
sentinel2,counterfactual_0001_05,donor,treatment_0001,5,9,P09,2024-07,True,,,,0.04999197636147671,0.07506319488181534,0.07008691315210785,0.33294547117977047,0.28047785497438604,0.15880181364961238,0.6506192293145918,-0.6282971977965526
sentinel2,counterfactual_0001_05,donor,treatment_0001,5,10,P10,2024-08,True,,,,0.059514778051129126,0.08120409287085031,0.06445951385259388,0.36349307919524954,0.24506665534709507,0.13412690414127657,0.698554184464903,-0.6340938080786934
sentinel2,treatment_0002,target,treatment_0002,0,1,P01,2023-11,True,,,,0.030480634307490807,0.04276576326186225,0.05907146368822494,0.18245234306685867,0.21122955095065643,0.12970487209567017,0.5056687386858207,-0.6194637835123658
sentinel2,treatment_0002,target,treatment_0002,0,2,P02,2023-12,True,,,,0.02388907464540964,0.03593674157763675,0.05118318306692178,0.14815582787865822,0.17556584141684706,0.11431204777697747,0.5006290852761324,-0.631053485878673
sentinel2,treatment_0002,target,treatment_0002,0,3,P03,2024-01,True,,,,0.0496857023894536,0.05805553926913668,0.07332965893078718,0.1694482746366519,0.1668233851549871,0.11341588557242716,0.43549021641759783,-0.5468349873670834
sentinel2,treatment_0002,target,treatment_0002,0,4,P04,2024-02,True,,,,0.029784942706040544,0.044469159998815136,0.06224566227446487,0.15623491823800334,0.21333230071886533,0.14308761889216315,0.44128636657678955,-0.5704490744043461
sentinel2,treatment_0002,target,treatment_0002,0,5,P05,2024-03,True,,,,0.0384535193551942,0.05220173523374141,0.06806416047327808,0.18267278204670304,0.23749213803984257,0.1594450936289631,0.45793155668039154,-0.5583881948911236
sentinel2,treatment_0002,target,treatment_0002,0,6,P06,2024-04,True,,,,0.04104345660803131,0.06421130290989893,0.06250249005930089,0.23900273990854892,0.23771000850049903,0.1442497501159086,0.5757722293604017,-0.5697322787621854
sentinel2,treatment_0002,target,treatment_0002,0,7,P07,2024-05,True,,,,0.05744659943478945,0.08556994404539249,0.056861683592099935,0.3525050279819203,0.2027094272518265,0.1095809203272583,0.7236461067440534,-0.606642360481884
sentinel2,treatment_0002,target,treatment_0002,0,8,P08,2024-06,True,,,,0.05262988663147686,0.07767553153836738,0.05117816854859524,0.47989834591672503,0.22353170862856317,0.10852730539263447,0.8035303593844065,-0.7177744492928937
sentinel2,treatment_0002,target,treatment_0002,0,9,P09,2024-07,True,,,,0.05377770233745761,0.07414854027609837,0.049870882654475,0.461725908350461,0.22448404274460784,0.10649612230475612,0.7996867547421511,-0.7201150342911741
sentinel2,treatment_0002,target,treatment_0002,0,10,P10,2024-08,True,,,,0.03327025298621521,0.052505940720387834,0.03354548091964855,0.3683792519348531,0.18254141251563605,0.08445816595388878,0.8322080326435578,-0.7499904457686777
sentinel2,counterfactual_0002_01,donor,treatment_0002,1,1,P01,2023-11,True,,,,0.03589677000761354,0.05196466528792393,0.06916443004160856,0.21475518087695514,0.2468815213318561,0.15312287035251104,0.5104517822024498,-0.6131375881244086
sentinel2,counterfactual_0002_01,donor,treatment_0002,1,2,P02,2023-12,True,,,,0.03265411240499816,0.05005529370324239,0.06883060002395748,0.1831465102518546,0.2008246886778107,0.128300367481404,0.4628747497174811,-0.5851109491992098
sentinel2,counterfactual_0002_01,donor,treatment_0002,1,3,P03,2024-01,True,,,,0.0356097333278326,0.05305045609428794,0.07524969119959067,0.1923097921242194,0.21918165126541989,0.14469943133182733,0.4508480556615006,-0.5868433267734375
sentinel2,counterfactual_0002_01,donor,treatment_0002,1,4,P04,2024-02,True,,,,0.03970303899134857,0.05944956386725338,0.08106458200934795,0.1942651897242298,0.2545030389670215,0.16867419854558785,0.41989785533315493,-0.5422070537720366
sentinel2,counterfactual_0002_01,donor,treatment_0002,1,5,P05,2024-03,True,,,,0.04645414673561228,0.0658152192429697,0.08053052165616643,0.2251665818092052,0.2700761591040753,0.1765534164198309,0.47059093737322355,-0.5479029533593427
sentinel2,counterfactual_0002_01,donor,treatment_0002,1,6,P06,2024-04,True,,,,0.046002842953711466,0.07237279686757997,0.06934301550975297,0.28782909036956456,0.2557202724455245,0.15113444262603348,0.5995713087092216,-0.5889969817682722
sentinel2,counterfactual_0002_01,donor,treatment_0002,1,7,P07,2024-05,True,,,,0.06848590060181813,0.09686887761214456,0.07034637844831067,0.4148501088870993,0.25057999336356696,0.13672679173584865,0.7105908556395819,-0.6222707056954992
sentinel2,counterfactual_0002_01,donor,treatment_0002,1,8,P08,2024-06,True,,,,0.05090610245522997,0.08134873064979656,0.06052627207713347,0.4085590432741025,0.23890024548055563,0.125820561692757,0.7378285142860861,-0.6633554656982843
sentinel2,counterfactual_0002_01,donor,treatment_0002,1,9,P09,2024-07,True,,,,0.0423870993886388,0.06750009814345764,0.05201720919011971,0.363531045940691,0.24157708532996486,0.1267698363007231,0.743137255643334,-0.6780063540149514
sentinel2,counterfactual_0002_01,donor,treatment_0002,1,10,P10,2024-08,True,,,,0.036814023225947394,0.058851431326865974,0.04282828164868931,0.35412732080543946,0.2133486279201629,0.10748883944748663,0.7828993513521383,-0.7136043226201211
sentinel2,counterfactual_0002_02,donor,treatment_0002,2,1,P01,2023-11,True,,,,0.03839728957336623,0.05770804834103931,0.07603643279814443,0.22873499186076104,0.2566127732897165,0.15559651015795464,0.5000431974715268,-0.5993407494467493
sentinel2,counterfactual_0002_02,donor,treatment_0002,2,2,P02,2023-12,True,,,,0.03452921778541782,0.0550082934068043,0.07535759739380751,0.20184407422096107,0.2499726056386508,0.15773582003909156,0.46123277854421607,-0.582557784784912
sentinel2,counterfactual_0002_02,donor,treatment_0002,2,3,P03,2024-01,True,,,,0.037609557963733754,0.05589342232818768,0.07921469477349037,0.19861988038567424,0.2069172776016508,0.12992269878626547,0.4409093656814999,-0.5738698961202275
sentinel2,counterfactual_0002_02,donor,treatment_0002,2,4,P04,2024-02,True,,,,0.04075005400523528,0.06223142348429278,0.08339775028907777,0.20003050686031035,0.2599195126031803,0.16788299676513288,0.41811013424913474,-0.5310883070853963
sentinel2,counterfactual_0002_02,donor,treatment_0002,2,5,P05,2024-03,True,,,,0.04490072059850169,0.06727460553799672,0.07813475164285817,0.2490148662236444,0.27604287825966684,0.17382374768858505,0.5082860300429702,-0.5680574376489202
sentinel2,counterfactual_0002_02,donor,treatment_0002,2,6,P06,2024-04,True,,,,0.04550237731518564,0.07435178916301345,0.06781736603022241,0.3034866680536752,0.2617076511605559,0.15057276251555402,0.6156255767934785,-0.5939303967758828
sentinel2,counterfactual_0002_02,donor,treatment_0002,2,7,P07,2024-05,True,,,,0.06676971546522308,0.09672655027964507,0.06785404463345868,0.39981383874827603,0.2276114429081575,0.12196640350268954,0.7051354249374439,-0.6041012042471897
sentinel2,counterfactual_0002_02,donor,treatment_0002,2,8,P08,2024-06,True,,,,0.05740418634449199,0.09048026946555981,0.05855189851295846,0.47424667357247546,0.22967257016416534,0.11383049650885117,0.7765266313851509,-0.6756710221381345
sentinel2,counterfactual_0002_02,donor,treatment_0002,2,9,P09,2024-07,True,,,,0.06218590835851964,0.08663762875763871,0.06444015793349682,0.4040514851001218,0.24627859010210038,0.12583026164899258,0.7213401901864817,-0.6440125769180429
sentinel2,counterfactual_0002_02,donor,treatment_0002,2,10,P10,2024-08,True,,,,0.03681904232899455,0.05981941487716467,0.042130217735999155,0.3562360746058725,0.2102407656114086,0.10291714545964914,0.7886214275568586,-0.7122161224317918
sentinel2,counterfactual_0002_03,donor,treatment_0002,3,1,P01,2023-11,True,,,,0.03551181752132262,0.05278073241204716,0.06689346155230058,0.2234620186299854,0.22617009122159454,0.1387675619659418,0.5442370973142523,-0.6197422248706749
sentinel2,counterfactual_0002_03,donor,treatment_0002,3,2,P02,2023-12,True,,,,0.02747793849555684,0.04624665237489407,0.05906943447884905,0.18989337321545036,0.1971170522923353,0.12804136365073626,0.539689895974025,-0.6218788873284847
sentinel2,counterfactual_0002_03,donor,treatment_0002,3,3,P03,2024-01,True,,,,0.030013116412014484,0.04735197537469194,0.0620309038960424,0.19370504857276763,0.17751840002518543,0.11196497410138487,0.5280067229354691,-0.6191193537567307
sentinel2,counterfactual_0002_03,donor,treatment_0002,3,4,P04,2024-02,True,,,,0.03651990990026218,0.056712685163113584,0.07183581032945358,0.20018539858004905,0.22445576948905013,0.14640676391678645,0.4830573121075355,-0.5638130737181745
sentinel2,counterfactual_0002_03,donor,treatment_0002,3,5,P05,2024-03,True,,,,0.04189808851108138,0.06094727487174679,0.06816754739122781,0.23103042844521884,0.23508389367623464,0.15015564171774295,0.5440855830693822,-0.5768504730379123
sentinel2,counterfactual_0002_03,donor,treatment_0002,3,6,P06,2024-04,True,,,,0.040194623156214866,0.06604659851648131,0.057907171001273114,0.2876714831036442,0.22385332330443464,0.1282549751408485,0.6476652582877466,-0.6128829125990185
sentinel2,counterfactual_0002_03,donor,treatment_0002,3,7,P07,2024-05,True,,,,0.05878360956339769,0.08483655536586561,0.060024772166908914,0.3251504460056615,0.19658023732197705,0.10966632693842361,0.7104356164402008,-0.6003286078266975
sentinel2,counterfactual_0002_03,donor,treatment_0002,3,8,P08,2024-06,True,,,,0.04165470060415741,0.07058248708276418,0.05268853550829609,0.4079018576322099,0.2289425448385153,0.11649742202117343,0.7734244550968044,-0.6966810350726939
sentinel2,counterfactual_0002_03,donor,treatment_0002,3,9,P09,2024-07,True,,,,0.04994564269290562,0.07213686411761558,0.056669772654018055,0.36331639045048036,0.23070427398069993,0.12035735735702416,0.7363216861307916,-0.6728608149618097
sentinel2,counterfactual_0002_03,donor,treatment_0002,3,10,P10,2024-08,True,,,,0.03438466333673419,0.05603134509827147,0.03691491528154267,0.3561955591454283,0.18662465435975253,0.08883457509118801,0.8093440734494926,-0.7250224294584822
sentinel2,counterfactual_0002_04,donor,treatment_0002,4,1,P01,2023-11,True,,,,0.04376926778524175,0.06673052162790186,0.08057668376669255,0.25344905403720497,0.24568763841555266,0.153504852397239,0.5249953836587279,-0.5898151661002505
sentinel2,counterfactual_0002_04,donor,treatment_0002,4,2,P02,2023-12,True,,,,0.047713871253834673,0.06964104993693562,0.08706347415809937,0.2300766885454804,0.2260405498779284,0.14837652184313832,0.4658717659809257,-0.5503595300331389
sentinel2,counterfactual_0002_04,donor,treatment_0002,4,3,P03,2024-01,True,,,,0.04997616911398457,0.06855336744098163,0.08982257632384019,0.21597134099144635,0.19863250677509176,0.12847179688681995,0.42331806092244056,-0.5213356047292461
sentinel2,counterfactual_0002_04,donor,treatment_0002,4,4,P04,2024-02,True,,,,0.05727598776072359,0.0783017302916526,0.10112368900819323,0.22186459674657052,0.25477824737810406,0.17489202034048631,0.3916074890239391,-0.49042631922020036
sentinel2,counterfactual_0002_04,donor,treatment_0002,4,5,P05,2024-03,True,,,,0.0598885355257619,0.08351057750338983,0.09716542994037655,0.26194106944857765,0.258348250201246,0.17400977363885356,0.46625563293006067,-0.5228545892381204
sentinel2,counterfactual_0002_04,donor,treatment_0002,4,6,P06,2024-04,True,,,,0.05591481729009703,0.08767665441523853,0.08629366248448364,0.331511699919484,0.26186977737634254,0.16174669154028531,0.585771287244287,-0.5755181672681865
sentinel2,counterfactual_0002_04,donor,treatment_0002,4,7,P07,2024-05,True,,,,0.05736834632024445,0.09665976385776319,0.0819630575221247,0.41359374604395427,0.26506651782975477,0.1563626406558202,0.6785450975528687,-0.6185424988243045
sentinel2,counterfactual_0002_04,donor,treatment_0002,4,8,P08,2024-06,True,,,,0.06469641223790137,0.09760012759306409,0.08788558973808164,0.40372150283171354,0.3088870995150584,0.17723066384079947,0.641062244981799,-0.6097441819815902
sentinel2,counterfactual_0002_04,donor,treatment_0002,4,9,P09,2024-07,True,,,,0.05180970990186567,0.079542667525463,0.06387221849465145,0.37660485748141354,0.26369645132257497,0.14607790400921486,0.6929309233707571,-0.6361944231405269
sentinel2,counterfactual_0002_04,donor,treatment_0002,4,10,P10,2024-08,True,,,,0.04935893547087514,0.07398622201509324,0.04627765915702136,0.40761884123579206,0.21892536992992143,0.1056032742030094,0.7914092082940367,-0.690375710361063
sentinel2,counterfactual_0002_05,donor,treatment_0002,5,1,P01,2023-11,True,,,,0.029591461694109613,0.04506682687859996,0.054637035681131076,0.21238091859830302,0.2071077050023097,0.12335334771691017,0.5794790152726194,-0.6454455850857892
sentinel2,counterfactual_0002_05,donor,treatment_0002,5,2,P02,2023-12,True,,,,0.029716547472345388,0.04548067843783201,0.05512241947413758,0.18473817269587042,0.1638691009300478,0.10059348115698051,0.5569373008700773,-0.6240024652699813
sentinel2,counterfactual_0002_05,donor,treatment_0002,5,3,P03,2024-01,True,,,,0.04106435158288717,0.054566915082875235,0.06714158418036495,0.19803637881575115,0.16694671104041026,0.10578384473678844,0.523939771395675,-0.6056838558134797
sentinel2,counterfactual_0002_05,donor,treatment_0002,5,4,P04,2024-02,True,,,,0.03317846295407526,0.05255597008573166,0.06636110195231268,0.19702989422204845,0.21246609670071612,0.13576422897086707,0.5049594662467846,-0.5866267536790107
sentinel2,counterfactual_0002_05,donor,treatment_0002,5,5,P05,2024-03,True,,,,0.040363263490859703,0.058075453505232605,0.06718708472838575,0.2222960101393622,0.22925112756481708,0.1459877071804468,0.534118086891719,-0.585791869977329
sentinel2,counterfactual_0002_05,donor,treatment_0002,5,6,P06,2024-04,True,,,,0.04201860608307156,0.06727304198917847,0.06210958248238221,0.2738783255353849,0.2334232475725813,0.13707499264934556,0.619180184594265,-0.5981734057453997
sentinel2,counterfactual_0002_05,donor,treatment_0002,5,7,P07,2024-05,True,,,,0.04507141956929313,0.07370368112271211,0.042995412268311314,0.398375884750207,0.19930400941351117,0.09782657584522579,0.800955366873879,-0.6793071454342131
sentinel2,counterfactual_0002_05,donor,treatment_0002,5,8,P08,2024-06,True,,,,0.03863318309895625,0.06760783760526574,0.044129320740504026,0.40552973750321003,0.21190266635018043,0.10496341542056607,0.8038857873573384,-0.7130092422806297
sentinel2,counterfactual_0002_05,donor,treatment_0002,5,9,P09,2024-07,True,,,,0.04800982265746421,0.07026662103632375,0.047801029414950826,0.3872552543583483,0.2137589699239687,0.1054724880047095,0.7785492551866062,-0.6913180071486233
sentinel2,counterfactual_0002_05,donor,treatment_0002,5,10,P10,2024-08,True,,,,0.040123537023585634,0.05863355560256166,0.04175161266217932,0.3371882757250321,0.1866664249819174,0.09115541626069958,0.7776624321887895,-0.695030514524446
sentinel2,treatment_0003,target,treatment_0003,0,1,P01,2023-11,True,,,,0.021828105133992762,0.030980595099064954,0.04361005304446072,0.16997157134544427,0.1645233505932727,0.09902753651364155,0.582058922404367,-0.6845969230728329
sentinel2,treatment_0003,target,treatment_0003,0,2,P02,2023-12,True,,,,0.015367924742521522,0.026262709590563687,0.032163131132111306,0.1315104549078921,0.13664235385735005,0.08915518579202801,0.5932854175269633,-0.665112543802567
sentinel2,treatment_0003,target,treatment_0003,0,3,P03,2024-01,True,,,,0.07771605737062726,0.07875296060282928,0.07956915009635715,0.18545494080152233,0.10956436627247838,0.07915773448824544,0.4289754478911093,-0.44076831362584257
sentinel2,treatment_0003,target,treatment_0003,0,4,P04,2024-02,True,,,,0.02379939714788115,0.03783351640656055,0.045426017145269545,0.1536262229737926,0.16576235647231222,0.1074820606038157,0.5387105888659411,-0.600136788767724
sentinel2,treatment_0003,target,treatment_0003,0,5,P05,2024-03,True,,,,0.032701779302998786,0.042920924527772374,0.05143877569614889,0.1676707381678205,0.19325898430818625,0.12784855405383455,0.5293512927464511,-0.5896448043850915
sentinel2,treatment_0003,target,treatment_0003,0,6,P06,2024-04,True,,,,0.03772214986968217,0.058586035764456354,0.057311641141836546,0.205906161223892,0.21690929823559343,0.1332967404468587,0.5608233911899267,-0.5544784837739747
sentinel2,treatment_0003,target,treatment_0003,0,7,P07,2024-05,True,,,,0.036123649728543886,0.06553836400104719,0.027138015937048066,0.46165308781072634,0.18892288503080312,0.07946702781997117,0.8888367873618982,-0.7522465577430322
sentinel2,treatment_0003,target,treatment_0003,0,8,P08,2024-06,True,,,,0.02601821882040939,0.052036761158416114,0.023713297751113083,0.4452021861675849,0.1834402706807483,0.07378001665352676,0.8966852092132909,-0.7877496392770604
sentinel2,treatment_0003,target,treatment_0003,0,9,P09,2024-07,True,,,,0.04145223732089846,0.061395550086932,0.03482195569421449,0.43111932083647053,0.19028434901479158,0.07872071449298781,0.8559890816225971,-0.7551249104069723
sentinel2,treatment_0003,target,treatment_0003,0,10,P10,2024-08,True,,,,0.07449963006117691,0.08863058388104221,0.05951958943291355,0.4526561897221792,0.20240952012802743,0.09669212141259126,0.7741487036389441,-0.6766844074054708
sentinel2,counterfactual_0003_01,donor,treatment_0003,1,1,P01,2023-11,True,,,,0.0223406284117772,0.03263423200943894,0.042309616774657215,0.17156437612685102,0.1692720026087497,0.10068104103238264,0.5996089351827544,-0.681608975310499
sentinel2,counterfactual_0003_01,donor,treatment_0003,1,2,P02,2023-12,True,,,,0.030018767822060494,0.04073392814624392,0.04615433298082916,0.1503569797729861,0.11530305390781123,0.07246912072559931,0.5434637262215043,-0.5902721217427461
sentinel2,counterfactual_0003_01,donor,treatment_0003,1,3,P03,2024-01,True,,,,0.06800430843542538,0.07577990400051215,0.08072095388990427,0.19412985002866137,0.11446930701474549,0.07721923343284365,0.47211491366733865,-0.5066881932758217
sentinel2,counterfactual_0003_01,donor,treatment_0003,1,4,P04,2024-02,True,,,,0.02843948638098786,0.0420640820271061,0.049154029116684546,0.1678580385033447,0.17830696991671185,0.11290837660667044,0.5506982650403683,-0.6025031220685347
sentinel2,counterfactual_0003_01,donor,treatment_0003,1,5,P05,2024-03,True,,,,0.03217824729306098,0.044996289693388085,0.05195114213880891,0.18351236159293607,0.1957393000858249,0.12620880313888858,0.5585647884027045,-0.6053292426779981
sentinel2,counterfactual_0003_01,donor,treatment_0003,1,6,P06,2024-04,True,,,,0.03786334684884612,0.05695758755574909,0.05818508001227535,0.21499321147917813,0.22140137743872762,0.13559367206123293,0.5657054592753296,-0.5747090160317917
sentinel2,counterfactual_0003_01,donor,treatment_0003,1,7,P07,2024-05,True,,,,0.038934377199609425,0.07624427629600428,0.033043123295497384,0.4188177240347859,0.19538952099348192,0.08795748400235179,0.8489643171346274,-0.6869485854679638
sentinel2,counterfactual_0003_01,donor,treatment_0003,1,8,P08,2024-06,True,,,,0.028034408451161594,0.05742405652148988,0.02770133816505905,0.45323957457266395,0.19655596498542763,0.08390339192394859,0.8830933935122973,-0.7731156082915718
sentinel2,counterfactual_0003_01,donor,treatment_0003,1,9,P09,2024-07,True,,,,0.042237638523708126,0.06128442320969394,0.03672313995939816,0.4152724924680357,0.1938177433513845,0.08441355759174773,0.8385892901355969,-0.7438394348594023
sentinel2,counterfactual_0003_01,donor,treatment_0003,1,10,P10,2024-08,True,,,,0.05487709871629582,0.07332488384719608,0.04728840560708386,0.42847671312003294,0.20504131177973642,0.09289511743927492,0.8083565972628718,-0.7133487957915837
sentinel2,counterfactual_0003_02,donor,treatment_0003,2,1,P01,2023-11,True,,,,0.020842896087307224,0.02999673273764772,0.04081271789875804,0.16580393575242544,0.16069564371268347,0.0944599504901631,0.5990654999902933,-0.6894347291594685
sentinel2,counterfactual_0003_02,donor,treatment_0003,2,2,P02,2023-12,True,,,,0.02041622777560982,0.030510396120313664,0.03563931690618894,0.1319111188414442,0.1208234753658866,0.07866905950083591,0.5713710628877772,-0.625136220773848
sentinel2,counterfactual_0003_02,donor,treatment_0003,2,3,P03,2024-01,True,,,,0.0782472920720696,0.08134590106619762,0.08354365851158406,0.1882454157797712,0.11504142570613635,0.08079063375249948,0.44134494220118714,-0.46593245410092987
sentinel2,counterfactual_0003_02,donor,treatment_0003,2,4,P04,2024-02,True,,,,0.02564636639761969,0.038364668381077674,0.044615851585928464,0.15289828213134615,0.16293085143265157,0.10431865364165589,0.5455622137625619,-0.5967348148504106
sentinel2,counterfactual_0003_02,donor,treatment_0003,2,5,P05,2024-03,True,,,,0.03135800008035016,0.042252445663002756,0.04932946543974599,0.1686307227434498,0.18726847507871022,0.1221012673106524,0.5486179525220748,-0.5970759344779619
sentinel2,counterfactual_0003_02,donor,treatment_0003,2,6,P06,2024-04,True,,,,0.03727299514641561,0.05579630205610601,0.05692025258159726,0.1985062325826966,0.2137555148076303,0.13206444543482054,0.5538745076939611,-0.5597862288798436
sentinel2,counterfactual_0003_02,donor,treatment_0003,2,7,P07,2024-05,True,,,,0.036410554510605805,0.06529931194582346,0.030296044601911293,0.4003998364150377,0.17151441586379074,0.07702459426928718,0.8569273672835661,-0.7150360991223024
sentinel2,counterfactual_0003_02,donor,treatment_0003,2,8,P08,2024-06,True,,,,0.03378052479891789,0.059568633749564684,0.030893004999339287,0.45763422307991747,0.19601381166736678,0.08228207928857001,0.8757756115953521,-0.7705463281745958
sentinel2,counterfactual_0003_02,donor,treatment_0003,2,9,P09,2024-07,True,,,,0.03833987626514517,0.058028128758294155,0.03180846539261465,0.42260561388908047,0.19047182183454534,0.07700549519740708,0.8626439246505794,-0.760391367157497
sentinel2,counterfactual_0003_02,donor,treatment_0003,2,10,P10,2024-08,True,,,,0.07212709739879274,0.08728397654169458,0.06814018455990309,0.3899941274133705,0.1963127524960761,0.10125973145633736,0.7156488708589201,-0.6431050749258107
sentinel2,counterfactual_0003_03,donor,treatment_0003,3,1,P01,2023-11,True,,,,0.021887236580601585,0.03124485350505046,0.042540603954802934,0.16636468972121543,0.16884798548605123,0.1009426918415775,0.5882682697967084,-0.6820215948971214
sentinel2,counterfactual_0003_03,donor,treatment_0003,3,2,P02,2023-12,True,,,,0.03351706704628612,0.04264328506475038,0.04939718172223482,0.14496039616216277,0.10777453210874231,0.06889791211279311,0.504538998546793,-0.560539552102532
sentinel2,counterfactual_0003_03,donor,treatment_0003,3,3,P03,2024-01,True,,,,0.06715911682647661,0.07367260080190276,0.07923212436404609,0.18534919125934626,0.11348229106787712,0.07760970490727982,0.4664799015965021,-0.5103811424303354
sentinel2,counterfactual_0003_03,donor,treatment_0003,3,4,P04,2024-02,True,,,,0.026448485495827734,0.038727453302049006,0.046588692384375865,0.1577489904708026,0.173566169847625,0.11028847653802593,0.5426258307066095,-0.6045383549828632
sentinel2,counterfactual_0003_03,donor,treatment_0003,3,5,P05,2024-03,True,,,,0.030872189054376453,0.04243998148084803,0.05103988833763797,0.17296837071962373,0.19347419873509566,0.1254973827057195,0.5461353465962931,-0.6047279032252371
sentinel2,counterfactual_0003_03,donor,treatment_0003,3,6,P06,2024-04,True,,,,0.0373552201867013,0.055489001138492394,0.05831227341312402,0.2026843643094404,0.22039721082173286,0.13634035868593763,0.5520405636361014,-0.5682248868593783
sentinel2,counterfactual_0003_03,donor,treatment_0003,3,7,P07,2024-05,True,,,,0.039489281916283814,0.07269707313037883,0.03396007251337296,0.38141252266655645,0.17939920340702342,0.08261348820085186,0.8251513197127781,-0.6681970134116687
sentinel2,counterfactual_0003_03,donor,treatment_0003,3,8,P08,2024-06,True,,,,0.02519788751226189,0.0548905010150088,0.02409865704082327,0.4525143221296781,0.1912496912398767,0.07909477509922659,0.8973773959605977,-0.7823177308104177
sentinel2,counterfactual_0003_03,donor,treatment_0003,3,9,P09,2024-07,True,,,,0.041763322271750655,0.05974946095122565,0.034896671977421835,0.4246741444699239,0.18954097137838213,0.08070886201419593,0.8514863472454175,-0.7563257003435843
sentinel2,counterfactual_0003_03,donor,treatment_0003,3,10,P10,2024-08,True,,,,0.07232146312605424,0.08710357903461437,0.06272907228084745,0.4202886333112002,0.20308578934279636,0.10131719136668493,0.7459646674838014,-0.6598918051290772
sentinel2,counterfactual_0003_04,donor,treatment_0003,4,1,P01,2023-11,True,,,,0.021796069059448104,0.030037971828300855,0.042939628568176555,0.16444760807820447,0.1652758798601522,0.09933905507399632,0.5821288842311643,-0.686559054895004
sentinel2,counterfactual_0003_04,donor,treatment_0003,4,2,P02,2023-12,True,,,,0.022133472238514328,0.03132819338243305,0.03722877176522556,0.12811993923666004,0.12475277924026978,0.08366171952306715,0.5479715717836825,-0.6094910275607749
sentinel2,counterfactual_0003_04,donor,treatment_0003,4,3,P03,2024-01,True,,,,0.09132840413625404,0.09130002945276636,0.09189706408425928,0.19033863359298814,0.11226409666971324,0.08263296733071039,0.390483376804771,-0.40040787214093926
sentinel2,counterfactual_0003_04,donor,treatment_0003,4,4,P04,2024-02,True,,,,0.03064686313438414,0.042309616822097516,0.04995895508534709,0.15815394082226342,0.1739576805816446,0.11334425540718188,0.521872660071578,-0.578202596518026
sentinel2,counterfactual_0003_04,donor,treatment_0003,4,5,P05,2024-03,True,,,,0.033234560421400765,0.043319228611124715,0.05223162933298857,0.1666767816801081,0.19524113325269393,0.1291552397310471,0.5238442100294547,-0.5859795787319017
sentinel2,counterfactual_0003_04,donor,treatment_0003,4,6,P06,2024-04,True,,,,0.039643829133160356,0.057773056632601134,0.062084996648101395,0.1974451131077914,0.22601720921234364,0.14204956372965552,0.5212017932851786,-0.5459953819977373
sentinel2,counterfactual_0003_04,donor,treatment_0003,4,7,P07,2024-05,True,,,,0.03265703394581914,0.06605128622479209,0.024915144632729227,0.4400673627779111,0.1809543866682742,0.07578159532215398,0.8919539774581419,-0.7409585520491405
sentinel2,counterfactual_0003_04,donor,treatment_0003,4,8,P08,2024-06,True,,,,0.028667488511815723,0.05512623276947503,0.025178992289802558,0.4811115628503699,0.19768160972486767,0.0783517744135429,0.8999839004214261,-0.7935266369651923
sentinel2,counterfactual_0003_04,donor,treatment_0003,4,9,P09,2024-07,True,,,,0.03217788943767974,0.05258811888461276,0.027177306187364966,0.4215349031831573,0.18625419093088688,0.072686844543258,0.8782662548056865,-0.7773179492112784
sentinel2,counterfactual_0003_04,donor,treatment_0003,4,10,P10,2024-08,True,,,,0.051074422117577255,0.06908630213137495,0.04494505047578866,0.42283073118655934,0.19528337412264624,0.08682379570973357,0.8191092585652918,-0.7270934172767597
sentinel2,counterfactual_0003_05,donor,treatment_0003,5,1,P01,2023-11,True,,,,0.02648696699784553,0.03509777482304495,0.05711724350418621,0.17794356928949684,0.2035103812967138,0.12046129780532729,0.5109776605310282,-0.6668592038522478
sentinel2,counterfactual_0003_05,donor,treatment_0003,5,2,P02,2023-12,True,,,,0.020975889657852104,0.02951418494101861,0.04604062355521881,0.13369548089569275,0.15688665818436545,0.09985517105037424,0.48672495571004093,-0.6256288777419299
sentinel2,counterfactual_0003_05,donor,treatment_0003,5,3,P03,2024-01,True,,,,0.06331867477512729,0.06635651416256078,0.07928506034482904,0.16814138322525218,0.13104653467431793,0.08821694932913805,0.38868720044294547,-0.4768462786168874
sentinel2,counterfactual_0003_05,donor,treatment_0003,5,4,P04,2024-02,True,,,,0.02880146557509201,0.04154055004848322,0.0593435252379305,0.15549959326556426,0.21592677195520216,0.13953097728336222,0.45650376036796786,-0.5881273605352336
sentinel2,counterfactual_0003_05,donor,treatment_0003,5,5,P05,2024-03,True,,,,0.042994701565290686,0.054204715302809466,0.07451291058372106,0.18790280866705897,0.25815553405614194,0.17077185573495846,0.43610036531046037,-0.5489187833754738
sentinel2,counterfactual_0003_05,donor,treatment_0003,5,6,P06,2024-04,True,,,,0.044366885736583206,0.06214175087555625,0.07468390363698472,0.21105726400247662,0.2659174882480998,0.16751478291933308,0.4745104623102649,-0.5423545031679131
sentinel2,counterfactual_0003_05,donor,treatment_0003,5,7,P07,2024-05,True,,,,0.03325368974175184,0.06605297243435819,0.026376491186027005,0.4878496561143421,0.19320528652861976,0.08173944199379247,0.8955497794498263,-0.7595658387816396
sentinel2,counterfactual_0003_05,donor,treatment_0003,5,8,P08,2024-06,True,,,,0.040530114743243965,0.06688886881349379,0.03743832963871662,0.4856398737514712,0.2013212528903979,0.08807892381630743,0.8595544385326901,-0.7596989497549685
sentinel2,counterfactual_0003_05,donor,treatment_0003,5,9,P09,2024-07,True,,,,0.04111236161039736,0.06096548876203739,0.03587740913519917,0.4617685373054861,0.20392891873759203,0.08371620433898594,0.8601286198950061,-0.7712625803497303
sentinel2,counterfactual_0003_05,donor,treatment_0003,5,10,P10,2024-08,True,,,,0.0327266739173203,0.049837187658011206,0.028806523925885622,0.40801681670186896,0.17943035958356898,0.07346355274163348,0.8700428923319723,-0.7841413251682422
sentinel2,treatment_0004,target,treatment_0004,0,1,P01,2023-11,True,,,,0.03711121294739665,0.055535183252195024,0.06792211892618107,0.2159466882809849,0.24320699014286004,0.146902796996407,0.5231866165911686,-0.6006148184271585
sentinel2,treatment_0004,target,treatment_0004,0,2,P02,2023-12,True,,,,0.03502799017654529,0.052297762474183475,0.06678343577024591,0.1904162475754424,0.20903936643854226,0.1356014653354293,0.47489416623188385,-0.5732420453319492
sentinel2,treatment_0004,target,treatment_0004,0,3,P03,2024-01,True,,,,0.03644648523419164,0.053316366404991156,0.07072901000798966,0.19519231683104346,0.20069296050337282,0.13052107934830803,0.4704925505513277,-0.5826559700464166
sentinel2,treatment_0004,target,treatment_0004,0,4,P04,2024-02,True,,,,0.04775623773515114,0.06945215853327645,0.08486704464881949,0.22567365352101254,0.2581054947399857,0.17036220304151573,0.44605483596323814,-0.5302829035744302
sentinel2,treatment_0004,target,treatment_0004,0,5,P05,2024-03,True,,,,0.05303756447490489,0.07451077734922419,0.07820074267630087,0.27074257920136546,0.2562738416631623,0.16592959907237845,0.5318504734404643,-0.5568827211473247
sentinel2,treatment_0004,target,treatment_0004,0,6,P06,2024-04,True,,,,0.05504102485862994,0.08807800504535732,0.06920068325696163,0.3741820943082618,0.2387455248655659,0.13647046027207138,0.6895380344780365,-0.6184517297724096
sentinel2,treatment_0004,target,treatment_0004,0,7,P07,2024-05,True,,,,0.05165603722786553,0.08363487306056358,0.05237274075575746,0.4672500580733089,0.2354824212213288,0.11913718226371932,0.7919605586109468,-0.6895638107417714
sentinel2,treatment_0004,target,treatment_0004,0,8,P08,2024-06,True,,,,0.045189045114957936,0.07342535957336316,0.051585351635749004,0.38424350997850015,0.19984102368457007,0.10216476708009806,0.7611476581726976,-0.676023913607593
sentinel2,treatment_0004,target,treatment_0004,0,9,P09,2024-07,True,,,,0.08594173920920804,0.10546051399095774,0.09364494929445885,0.3956411941213682,0.29315231947392606,0.16200543352885619,0.6210405308659448,-0.5816066334115407
sentinel2,treatment_0004,target,treatment_0004,0,10,P10,2024-08,True,,,,0.05422657433786605,0.07387334168731871,0.05660516840986686,0.3597299604597363,0.2250963613494198,0.11764922280491578,0.7247499113694055,-0.6510062426074159
sentinel2,counterfactual_0004_01,donor,treatment_0004,1,1,P01,2023-11,True,,,,0.023231405995274422,0.033578252562593745,0.04799133180742069,0.15803321783311,0.18831145551092554,0.10736687136168527,0.5331206791471726,-0.6521331464064003
sentinel2,counterfactual_0004_01,donor,treatment_0004,1,2,P02,2023-12,True,,,,0.01715282182276046,0.025805415902816976,0.036459168377311495,0.12065712877779756,0.15660242581500275,0.10065369312125858,0.5584417301180339,-0.6659898860118176
sentinel2,counterfactual_0004_01,donor,treatment_0004,1,3,P03,2024-01,True,,,,0.04694858417829621,0.04983364361323405,0.05671060894330097,0.14953249017883202,0.15289906446001317,0.1015832376638704,0.49941537703913036,-0.5867778513440401
sentinel2,counterfactual_0004_01,donor,treatment_0004,1,4,P04,2024-02,True,,,,0.030548688209763183,0.04329851494253714,0.055377782251095714,0.15602401488967757,0.20872473753914975,0.1354441880338853,0.47869556658928936,-0.5681757961110313
sentinel2,counterfactual_0004_01,donor,treatment_0004,1,5,P05,2024-03,True,,,,0.04127714366329336,0.052097950572756554,0.06406768324240894,0.17615561393301676,0.23680069307584573,0.15758476225308854,0.46597070044515154,-0.5401062713194602
sentinel2,counterfactual_0004_01,donor,treatment_0004,1,6,P06,2024-04,True,,,,0.03818307930658949,0.06043768326816435,0.05755835653752974,0.21430682176263025,0.2194312971476281,0.12873636625190774,0.542117934321413,-0.5728461683593175
sentinel2,counterfactual_0004_01,donor,treatment_0004,1,7,P07,2024-05,True,,,,0.03794908921833676,0.07413949018325841,0.02977964857012255,0.43971790586220155,0.1965357226398912,0.08477821775887272,0.8711341960565878,-0.707698904364416
sentinel2,counterfactual_0004_01,donor,treatment_0004,1,8,P08,2024-06,True,,,,0.08853151123122055,0.09600978833876452,0.0670723025937595,0.44788002292292417,0.19535455078261882,0.09176588440809717,0.7182358597891974,-0.6267200660602359
sentinel2,counterfactual_0004_01,donor,treatment_0004,1,9,P09,2024-07,True,,,,0.03867900901343913,0.05863582761764408,0.03277144702640616,0.4487059167520733,0.21510784943081343,0.08700417251768268,0.8658044818607856,-0.7700625873149564
sentinel2,counterfactual_0004_01,donor,treatment_0004,1,10,P10,2024-08,True,,,,0.05516224920568551,0.07051000788385825,0.04593197485813364,0.40702684569927755,0.20703665280247724,0.09078015725192325,0.8114841017277244,-0.7149398412379327
sentinel2,counterfactual_0004_02,donor,treatment_0004,2,1,P01,2023-11,True,,,,0.02909165778028996,0.04652147838484677,0.0550943879175443,0.21456416531354291,0.22734307422145725,0.12873595241892163,0.5692213079985678,-0.6429184427881648
sentinel2,counterfactual_0004_02,donor,treatment_0004,2,2,P02,2023-12,True,,,,0.025434893680567342,0.04215880314957151,0.052836775923985085,0.1839359868688509,0.20088503563296572,0.12444103526278531,0.5392654144130563,-0.6315199267573829
sentinel2,counterfactual_0004_02,donor,treatment_0004,2,3,P03,2024-01,True,,,,0.03171642982350892,0.0470195275945645,0.06263247241120085,0.1881191452923874,0.1979322222852728,0.12613689843424628,0.504638857038836,-0.6142526249209639
sentinel2,counterfactual_0004_02,donor,treatment_0004,2,4,P04,2024-02,True,,,,0.03937873747346762,0.05820866101094115,0.07301449869394101,0.20638761397003075,0.24992073827538464,0.16115041173985045,0.4693328419271351,-0.5594772049789627
sentinel2,counterfactual_0004_02,donor,treatment_0004,2,5,P05,2024-03,True,,,,0.044294706479853604,0.06208701118108905,0.06659367718529251,0.2504598422622537,0.24970637179188793,0.15789181468048794,0.5381986773366987,-0.5770805721545428
sentinel2,counterfactual_0004_02,donor,treatment_0004,2,6,P06,2024-04,True,,,,0.03537833552355466,0.06736229792815741,0.051634780989747844,0.29606155275059803,0.22081975292375353,0.12292931082289354,0.6616626152769279,-0.6405019124440499
sentinel2,counterfactual_0004_02,donor,treatment_0004,2,7,P07,2024-05,True,,,,0.05568477414720197,0.08203689902832109,0.050595088465991145,0.4538160324702988,0.21701769186941697,0.10517625896472581,0.8038668246272801,-0.694797467943826
sentinel2,counterfactual_0004_02,donor,treatment_0004,2,8,P08,2024-06,True,,,,0.0664508170478679,0.08818578448609199,0.05923464056713129,0.5231661754203778,0.24875686278724982,0.11367058788054908,0.7914665801560178,-0.7061807645691766
sentinel2,counterfactual_0004_02,donor,treatment_0004,2,9,P09,2024-07,True,,,,0.06373330850448974,0.0813172562130447,0.06720611117024937,0.39236545922013005,0.264984609869655,0.1358260684682606,0.7048056832042766,-0.6527174553959315
sentinel2,counterfactual_0004_02,donor,treatment_0004,2,10,P10,2024-08,True,,,,0.04369994097643005,0.06391794208791517,0.04093952184860294,0.37680404093687025,0.20233495951595645,0.09565287486703597,0.8045925810973148,-0.7104872485695828
sentinel2,counterfactual_0004_03,donor,treatment_0004,3,1,P01,2023-11,True,,,,0.023441133268762543,0.03352786990944557,0.05203751603026119,0.16644047640659168,0.19671988051646527,0.10891910616822272,0.5274910743085091,-0.6692827126814119
sentinel2,counterfactual_0004_03,donor,treatment_0004,3,2,P02,2023-12,True,,,,0.018721164623934024,0.028079109964967874,0.040731163703286895,0.12668157050234702,0.16842708550484878,0.10755083815713873,0.5289766453443911,-0.6465050063581049
sentinel2,counterfactual_0004_03,donor,treatment_0004,3,3,P03,2024-01,True,,,,0.03260243603514041,0.03865375459029928,0.04971176362015717,0.14197418875906478,0.15773133025831035,0.10408509946770148,0.5096938948241674,-0.6198187900511567
sentinel2,counterfactual_0004_03,donor,treatment_0004,3,4,P04,2024-02,True,,,,0.029194980957056443,0.04006339092214424,0.0532815313278393,0.1463804873043054,0.2108826441775232,0.13753074211690278,0.46870744918715823,-0.5727170823313024
sentinel2,counterfactual_0004_03,donor,treatment_0004,3,5,P05,2024-03,True,,,,0.038720027553007984,0.05004831396317923,0.06486106763602344,0.16883917262109574,0.24161634148890895,0.15953185961984112,0.4520703097127043,-0.546529413606183
sentinel2,counterfactual_0004_03,donor,treatment_0004,3,6,P06,2024-04,True,,,,0.05055673960616408,0.07488691318828024,0.06737011085120957,0.23353108031856537,0.2312953876825001,0.13823592286082578,0.5485322445239544,-0.5119328305589756
sentinel2,counterfactual_0004_03,donor,treatment_0004,3,7,P07,2024-05,True,,,,0.04911459563756365,0.07234486485065376,0.039178479104595494,0.4407673855766695,0.18769706649381818,0.08466194308203848,0.8469041192530028,-0.7196972034701207
sentinel2,counterfactual_0004_03,donor,treatment_0004,3,8,P08,2024-06,True,,,,0.03472554431989863,0.05742011796629668,0.03147471600780919,0.4424920566186184,0.19308538810550072,0.08096690040077388,0.8665746401307486,-0.7697220473098593
sentinel2,counterfactual_0004_03,donor,treatment_0004,3,9,P09,2024-07,True,,,,0.04152877941130603,0.05833417679379174,0.032719819235486995,0.4350554830389404,0.20700058845755911,0.08170464324421253,0.861439256147993,-0.7649569767190005
sentinel2,counterfactual_0004_03,donor,treatment_0004,3,10,P10,2024-08,True,,,,0.03222177243346812,0.04878020790977001,0.025249485389977976,0.3775205467794295,0.1806155376215914,0.07172627203804105,0.8736082481094557,-0.7714154455383879
sentinel2,counterfactual_0004_04,donor,treatment_0004,4,1,P01,2023-11,True,,,,0.041604749604801435,0.05885096078346175,0.07298906487781134,0.20023205570943062,0.23583261445478743,0.14892034115902106,0.4582301652914505,-0.5466028670092437
sentinel2,counterfactual_0004_04,donor,treatment_0004,4,2,P02,2023-12,True,,,,0.03966841493147008,0.05498793756485397,0.06980402421240199,0.17101374871714034,0.20418773644982033,0.13876395452789156,0.4140069532458436,-0.5151177472256452
sentinel2,counterfactual_0004_04,donor,treatment_0004,4,3,P03,2024-01,True,,,,0.03964267234623256,0.05429564754559614,0.07140422518447344,0.1716827369922181,0.19257405157352636,0.13256492488595298,0.4126376450165215,-0.5261296035323659
sentinel2,counterfactual_0004_04,donor,treatment_0004,4,4,P04,2024-02,True,,,,0.04916798365343924,0.06829225580123006,0.08521686118516446,0.19410301443766745,0.24261613087190878,0.16849247124654126,0.3839986050761115,-0.4800535668346455
sentinel2,counterfactual_0004_04,donor,treatment_0004,4,5,P05,2024-03,True,,,,0.05675508293083381,0.07578506529511611,0.08547171860996847,0.23210676412369535,0.25180022528932067,0.1721846780544075,0.44469879239729304,-0.495518191280708
sentinel2,counterfactual_0004_04,donor,treatment_0004,4,6,P06,2024-04,True,,,,0.057887476800911074,0.08599847088997101,0.08006649849624678,0.29578754552999276,0.24767818831658903,0.1537894225508521,0.5520763558659434,-0.5316686253613446
sentinel2,counterfactual_0004_04,donor,treatment_0004,4,7,P07,2024-05,True,,,,0.07602251263779235,0.1046616607412744,0.07865817084106531,0.43900710713191715,0.2496327025792655,0.14376236643700982,0.6737098879959135,-0.5915530901840176
sentinel2,counterfactual_0004_04,donor,treatment_0004,4,8,P08,2024-06,True,,,,0.06553384685021434,0.09254545271970484,0.07582587055924052,0.4218863683895588,0.2561826970719869,0.1393260180456499,0.7027601371506493,-0.640274326535939
sentinel2,counterfactual_0004_04,donor,treatment_0004,4,9,P09,2024-07,True,,,,0.06464321248730268,0.08676019138115303,0.08119499764481469,0.34465037772706936,0.26400157932033136,0.15647538006159534,0.6003171206353065,-0.5758763028036981
sentinel2,counterfactual_0004_04,donor,treatment_0004,4,10,P10,2024-08,True,,,,0.06047298458288715,0.08100155249543947,0.0657878468403547,0.3406653630450689,0.23073674528731306,0.12875313965541216,0.670890404570719,-0.6081832263784732
sentinel2,counterfactual_0004_05,donor,treatment_0004,5,1,P01,2023-11,True,,,,0.02550297064081236,0.03849640694282511,0.050134784441678695,0.15394638236682845,0.18579221089425332,0.11112027452190351,0.4519939341968583,-0.5380367361300844
sentinel2,counterfactual_0004_05,donor,treatment_0004,5,2,P02,2023-12,True,,,,0.021907245149777738,0.03469616674479124,0.04437996573543048,0.1273588676722127,0.16149302931548115,0.1066606078625602,0.42651613526922816,-0.516153190628735
sentinel2,counterfactual_0004_05,donor,treatment_0004,5,3,P03,2024-01,True,,,,0.026927333384411018,0.03881317164146287,0.04918933832723483,0.13329983340124327,0.15508195108807116,0.10376103915292405,0.4257044195663184,-0.5216165393013872
sentinel2,counterfactual_0004_05,donor,treatment_0004,5,4,P04,2024-02,True,,,,0.0339352353633491,0.048868318746030766,0.0591304559859575,0.148922451114072,0.1972509902284718,0.1318571912306452,0.3829323754073851,-0.4629481199456781
sentinel2,counterfactual_0004_05,donor,treatment_0004,5,5,P05,2024-03,True,,,,0.04041610793575791,0.05443389226463349,0.06221562259246175,0.1734352696989663,0.21246027943769508,0.1431032255830645,0.4122836409360353,-0.4597878352949149
sentinel2,counterfactual_0004_05,donor,treatment_0004,5,6,P06,2024-04,True,,,,0.038808323630022214,0.06524894129831856,0.05736773536978838,0.20951557845918134,0.20071914708698352,0.12302030391260689,0.49460208805590666,-0.50176608950088
sentinel2,counterfactual_0004_05,donor,treatment_0004,5,7,P07,2024-05,True,,,,0.05519918558561422,0.08538864477969123,0.051125085241124794,0.3876315621565219,0.2018677599321943,0.10303259168745985,0.6749200435714456,-0.5547039585398077
sentinel2,counterfactual_0004_05,donor,treatment_0004,5,8,P08,2024-06,True,,,,0.05214503698311936,0.07255935910994095,0.051090073815620356,0.36013105496009035,0.1999203486672338,0.10145802618127467,0.6460918331643505,-0.5607713256383888
sentinel2,counterfactual_0004_05,donor,treatment_0004,5,9,P09,2024-07,True,,,,0.05858815009274994,0.0748320030342877,0.05754151499741327,0.3266831172498598,0.20051436268406372,0.10532393300850203,0.6495949664865726,-0.568370797694118
sentinel2,counterfactual_0004_05,donor,treatment_0004,5,10,P10,2024-08,True,,,,0.03600301475757185,0.050692117744143686,0.034104696137228,0.2624876519352855,0.14679035297686271,0.07155052448604621,0.7277766785596089,-0.6263099878935848
sentinel2,treatment_0005,target,treatment_0005,0,1,P01,2023-11,True,,,,0.03230362717607188,0.044997000355598865,0.058680198169494595,0.17192633564992696,0.21136916479273482,0.12993664829482776,0.5034387567812966,-0.6084883970473867
sentinel2,treatment_0005,target,treatment_0005,0,2,P02,2023-12,True,,,,0.028977786545839743,0.039801597934178465,0.05263446731450059,0.1433744927662463,0.17682253709523985,0.11800076468351857,0.477472702903536,-0.5903628027437848
sentinel2,treatment_0005,target,treatment_0005,0,3,P03,2024-01,True,,,,0.029831403835711576,0.039997015049149806,0.05349390267320259,0.14685792085405963,0.16758857963541163,0.11244548564038549,0.4858219272435791,-0.604505147595461
sentinel2,treatment_0005,target,treatment_0005,0,4,P04,2024-02,True,,,,0.04013329089163007,0.05425929823435121,0.06848309982243737,0.16916327807369763,0.21826056770431845,0.14755525926993346,0.4348763823045883,-0.5361140888166415
sentinel2,treatment_0005,target,treatment_0005,0,5,P05,2024-03,True,,,,0.04921570444988475,0.06293160976481788,0.07317347324849251,0.19770287720377147,0.23738548653918778,0.16030631309986676,0.46076750597630695,-0.5234479625017231
sentinel2,treatment_0005,target,treatment_0005,0,6,P06,2024-04,True,,,,0.05423239399837406,0.08062559561967358,0.07208742288991833,0.2852547298337172,0.2298417211838089,0.13989254983748048,0.5921622609390782,-0.5722071488716827
sentinel2,treatment_0005,target,treatment_0005,0,7,P07,2024-05,True,,,,0.058969040374177946,0.08395523969018323,0.05028140803537321,0.4874173282760073,0.21828497916696563,0.10519072601023069,0.8153686288553676,-0.7053115641586548
sentinel2,treatment_0005,target,treatment_0005,0,8,P08,2024-06,True,,,,0.06697363985809944,0.08578338403882507,0.059951980255815156,0.4331623960902452,0.20801766470488048,0.10112483097053535,0.761054960224745,-0.6721184968157
sentinel2,treatment_0005,target,treatment_0005,0,9,P09,2024-07,True,,,,0.062166941658587244,0.0789035953127529,0.06433026623535962,0.3918352356499613,0.23629958046324276,0.12082651917093985,0.7240229755703628,-0.6659614359464117
sentinel2,treatment_0005,target,treatment_0005,0,10,P10,2024-08,True,,,,0.044701441101939486,0.058460788253164156,0.04268159014460895,0.32365273510871617,0.1819226300847284,0.08695768565158613,0.7740715961626156,-0.6961459788083797
sentinel2,counterfactual_0005_01,donor,treatment_0005,1,1,P01,2023-11,True,,,,0.0388623169283982,0.061615138716239595,0.06812356940369205,0.2662191683644115,0.2500087327915843,0.14607366334241215,0.5828562755690943,-0.6229644275759116
sentinel2,counterfactual_0005_01,donor,treatment_0005,1,2,P02,2023-12,True,,,,0.03486832682287094,0.05726283178069989,0.06751587138640334,0.23520815848087026,0.22069983192599646,0.13625373281169645,0.5480601019972917,-0.608540289078166
sentinel2,counterfactual_0005_01,donor,treatment_0005,1,3,P03,2024-01,True,,,,0.040089198098423436,0.060998049634163,0.07900068328056559,0.2373022476172462,0.21922122764115287,0.13882401972271427,0.5031201439471639,-0.5966289472163167
sentinel2,counterfactual_0005_01,donor,treatment_0005,1,4,P04,2024-02,True,,,,0.05221478724414206,0.0765029803180311,0.09298825257171942,0.26110017818942816,0.27439230709677875,0.1776421585649547,0.47384710800234636,-0.5474064693684773
sentinel2,counterfactual_0005_01,donor,treatment_0005,1,5,P05,2024-03,True,,,,0.05498817829903916,0.07836316347878315,0.08013999516808308,0.3023294999177503,0.25935431710564266,0.15948491082628174,0.5689075748538045,-0.5786279464925934
sentinel2,counterfactual_0005_01,donor,treatment_0005,1,6,P06,2024-04,True,,,,0.04306944564575016,0.07600083179181755,0.0595995446584086,0.3478787920306815,0.228877801965959,0.12370881193787744,0.6995073723486892,-0.6467622753867124
sentinel2,counterfactual_0005_01,donor,treatment_0005,1,7,P07,2024-05,True,,,,0.06767476263305479,0.09193818607717853,0.06474710330251116,0.43032256231174254,0.23516945982152976,0.12579816375548902,0.7360792633707436,-0.6438001115779275
sentinel2,counterfactual_0005_01,donor,treatment_0005,1,8,P08,2024-06,True,,,,0.08400369988960477,0.10786272036049507,0.09800484512523709,0.4054157328913336,0.30854548971740353,0.17350866797579015,0.6076982276982787,-0.5748309729170576
sentinel2,counterfactual_0005_01,donor,treatment_0005,1,9,P09,2024-07,True,,,,0.06676567380715366,0.08844508828138406,0.09308621833055838,0.30849255539684683,0.3196997848798546,0.19595258406701882,0.5355786429702857,-0.5518023530357472
sentinel2,counterfactual_0005_01,donor,treatment_0005,1,10,P10,2024-08,True,,,,0.06998251495772216,0.0930955842974605,0.0693620495938945,0.38916295999642647,0.25485570304169514,0.13934941584078392,0.702303706740979,-0.6201261342102938
sentinel2,counterfactual_0005_02,donor,treatment_0005,2,1,P01,2023-11,True,,,,0.03579252040779289,0.055755798584501214,0.06905153920785806,0.2328156014421783,0.2612191260521254,0.1550369129459854,0.5352296855049781,-0.618227948234984
sentinel2,counterfactual_0005_02,donor,treatment_0005,2,2,P02,2023-12,True,,,,0.035842711578314354,0.05410961677287343,0.06990005892155764,0.20442050787373836,0.23193545740307014,0.14902264481314886,0.4843368279308434,-0.5841900072735303
sentinel2,counterfactual_0005_02,donor,treatment_0005,2,3,P03,2024-01,True,,,,0.03622098820670287,0.05390159798520004,0.07333763367838339,0.20234591707860403,0.21523864341885326,0.1395505635311949,0.471130820777391,-0.5886410220518216
sentinel2,counterfactual_0005_02,donor,treatment_0005,2,4,P04,2024-02,True,,,,0.04601104313659412,0.06798351150137158,0.08630700923232935,0.22614288810301314,0.27450106383748946,0.18076777772691457,0.44475412067420667,-0.5419793082226779
sentinel2,counterfactual_0005_02,donor,treatment_0005,2,5,P05,2024-03,True,,,,0.050346054378325435,0.07170133821888275,0.07964329981391084,0.2673200373482604,0.27406938559704463,0.17750195080118428,0.5224388227642383,-0.5679105421537898
sentinel2,counterfactual_0005_02,donor,treatment_0005,2,6,P06,2024-04,True,,,,0.0481364621931727,0.08038479573283344,0.0682968974561551,0.342513640846777,0.2596027154280805,0.1474001077090966,0.6495503324957972,-0.6157731060155957
sentinel2,counterfactual_0005_02,donor,treatment_0005,2,7,P07,2024-05,True,,,,0.07171752120603206,0.10300656927026436,0.06881990097980276,0.5027626921974555,0.26422441238865263,0.1399355675864468,0.7586739515720409,-0.6583005859952902
sentinel2,counterfactual_0005_02,donor,treatment_0005,2,8,P08,2024-06,True,,,,0.05809079644002554,0.08819450217948868,0.06532893148877741,0.4735827788413414,0.27502281378902943,0.14040952697326,0.7584959395654503,-0.6856780488994296
sentinel2,counterfactual_0005_02,donor,treatment_0005,2,9,P09,2024-07,True,,,,0.04862913120109779,0.0740146033998621,0.06531653547296637,0.37093974088921267,0.28428771731278346,0.15504313004029743,0.697218964642534,-0.661679173612749
sentinel2,counterfactual_0005_02,donor,treatment_0005,2,10,P10,2024-08,True,,,,0.04204253514056556,0.06632589949748671,0.04418864339155863,0.3894062299183123,0.23246197450243952,0.11206950792587571,0.7981372922644313,-0.710328766659637
sentinel2,counterfactual_0005_03,donor,treatment_0005,3,1,P01,2023-11,True,,,,0.04094575539002327,0.05973781012754594,0.0733478091381079,0.2042610283319114,0.23336179280424804,0.14933275174082594,0.4772761967690944,-0.5581874113103665
sentinel2,counterfactual_0005_03,donor,treatment_0005,3,2,P02,2023-12,True,,,,0.03377541424110636,0.05089417712360514,0.06481357721268398,0.16727939424398144,0.1933439956709002,0.13109141247928194,0.4501728749704679,-0.5504689531632877
sentinel2,counterfactual_0005_03,donor,treatment_0005,3,3,P03,2024-01,True,,,,0.03561913543523905,0.05194009417549664,0.06870638184251593,0.1706499951689743,0.18539355938901575,0.12630100964801638,0.43737208781251824,-0.549870365265436
sentinel2,counterfactual_0005_03,donor,treatment_0005,3,4,P04,2024-02,True,,,,0.04695276943461873,0.06781268026926257,0.08548583485713432,0.19617061559087143,0.23975740105670382,0.16492046382135414,0.4024543823893001,-0.49834543131400055
sentinel2,counterfactual_0005_03,donor,treatment_0005,3,5,P05,2024-03,True,,,,0.05398313901121024,0.07469666713012245,0.0856018479878415,0.2325762964349794,0.24633716315004758,0.16781868433285643,0.45875817144492476,-0.5124978112077758
sentinel2,counterfactual_0005_03,donor,treatment_0005,3,6,P06,2024-04,True,,,,0.04899638277629978,0.08072073336165889,0.07399524568086448,0.2818976768250764,0.2335712186186562,0.14440969521202254,0.5814581721163914,-0.5735734154100237
sentinel2,counterfactual_0005_03,donor,treatment_0005,3,7,P07,2024-05,True,,,,0.0732258899187664,0.10701312958496333,0.08274077693395543,0.47066673833928163,0.26753843521283677,0.15418766951922214,0.6968356684931957,-0.6194560235543767
sentinel2,counterfactual_0005_03,donor,treatment_0005,3,8,P08,2024-06,True,,,,0.06583177531726495,0.0929730708822023,0.08138054238180771,0.4155562139522874,0.2644602011579807,0.15000337387609156,0.6627647518554508,-0.6200723577018381
sentinel2,counterfactual_0005_03,donor,treatment_0005,3,9,P09,2024-07,True,,,,0.06867100595496686,0.09329279232834618,0.09309668020727976,0.3415012991957815,0.28325048894376204,0.17333692331969439,0.5712932058217194,-0.562428036404494
sentinel2,counterfactual_0005_03,donor,treatment_0005,3,10,P10,2024-08,True,,,,0.06658556941077237,0.08909457209474832,0.07338737878892554,0.3531397029354173,0.23641548490973213,0.13177633610960196,0.6457669539277541,-0.584212742391139
sentinel2,counterfactual_0005_04,donor,treatment_0005,4,1,P01,2023-11,True,,,,0.023778306104802634,0.035487221941615195,0.04676667982145433,0.16687040488537755,0.18896629758827033,0.10801327343288443,0.5649516550352405,-0.652944521131077
sentinel2,counterfactual_0005_04,donor,treatment_0005,4,2,P02,2023-12,True,,,,0.020012116492973752,0.02899024612286843,0.03782302723865465,0.13198612890080377,0.1582252131887317,0.1006770513235278,0.5627301064131015,-0.6520686006326323
sentinel2,counterfactual_0005_04,donor,treatment_0005,4,3,P03,2024-01,True,,,,0.0382272474092871,0.044524188866541636,0.05144757384700542,0.1518877611209155,0.1460302029140626,0.09621250865227415,0.5367640137391959,-0.6095037926746203
sentinel2,counterfactual_0005_04,donor,treatment_0005,4,4,P04,2024-02,True,,,,0.02690016671005626,0.040560464752965285,0.05088135974910616,0.15516545439157087,0.1998230075558054,0.12841155254312642,0.5119464339584524,-0.5904612831100157
sentinel2,counterfactual_0005_04,donor,treatment_0005,4,5,P05,2024-03,True,,,,0.03595110783151681,0.047311641103696234,0.05776380756065584,0.17168212916094724,0.22287040938642513,0.14906233677518402,0.49912239140055364,-0.5681466499580704
sentinel2,counterfactual_0005_04,donor,treatment_0005,4,6,P06,2024-04,True,,,,0.05647887962420844,0.08620902865726321,0.06817757091983903,0.27949942657175325,0.23371297941846178,0.13662610535276437,0.6360422592632398,-0.5470518449579029
sentinel2,counterfactual_0005_04,donor,treatment_0005,4,7,P07,2024-05,True,,,,0.04112733074627052,0.07165334288714861,0.03382893349831463,0.47963672192140416,0.2144076806206339,0.09708248221392772,0.8719265825309516,-0.7421264507153281
sentinel2,counterfactual_0005_04,donor,treatment_0005,4,8,P08,2024-06,True,,,,0.03240547990964161,0.06178138920475473,0.030439907932794073,0.4848170572373811,0.22093181077486954,0.09351343992334664,0.8809995993529216,-0.7729413799241108
sentinel2,counterfactual_0005_04,donor,treatment_0005,4,9,P09,2024-07,True,,,,0.037441986164615124,0.05842662002329277,0.03236969910947678,0.4118732526122723,0.20402004210788377,0.08696902756284422,0.85496474972672,-0.7513823098247512
sentinel2,counterfactual_0005_04,donor,treatment_0005,4,10,P10,2024-08,True,,,,0.036120507867604935,0.05735463689333077,0.0307604402079835,0.381959748981268,0.20044103508316505,0.08472482115760666,0.8508715163479948,-0.7429079123892371
sentinel2,counterfactual_0005_05,donor,treatment_0005,5,1,P01,2023-11,True,,,,0.03318279096710638,0.05105369586132174,0.0634418783815129,0.21639487301806073,0.24380206372437319,0.14527102744517378,0.5222989642332903,-0.6177087334888424
sentinel2,counterfactual_0005_05,donor,treatment_0005,5,2,P02,2023-12,True,,,,0.03015430355683478,0.04525726408967767,0.05894953444375149,0.17140285756065382,0.20467870815333614,0.13371971369508365,0.4835237588511765,-0.589267612893692
sentinel2,counterfactual_0005_05,donor,treatment_0005,5,3,P03,2024-01,True,,,,0.04269425061431306,0.054417312114018075,0.06906194012995005,0.17591147926137465,0.18686764058152575,0.12390409756929147,0.4596886451996745,-0.5711970325268049
sentinel2,counterfactual_0005_05,donor,treatment_0005,5,4,P04,2024-02,True,,,,0.04155455355143267,0.060698181631513005,0.07921255287120779,0.1952429420544159,0.2573747916141452,0.1724234143856892,0.4224094914836827,-0.5331397816769244
sentinel2,counterfactual_0005_05,donor,treatment_0005,5,5,P05,2024-03,True,,,,0.048350838271455664,0.06550967073183606,0.07738196269556355,0.22814740224359503,0.2739961672887979,0.1837220615077844,0.4669093672526127,-0.5415541902469334
sentinel2,counterfactual_0005_05,donor,treatment_0005,5,6,P06,2024-04,True,,,,0.04513557502190461,0.07693833463261343,0.06073434970456383,0.32646008230999235,0.2519127387279927,0.14470141162131187,0.6622124396168874,-0.5966052699879026
sentinel2,counterfactual_0005_05,donor,treatment_0005,5,7,P07,2024-05,True,,,,0.0382961572949769,0.07568189892222187,0.035803176236050685,0.4912356340207956,0.22796292516247055,0.10442046856613746,0.8588837206045233,-0.7336249113507965
sentinel2,counterfactual_0005_05,donor,treatment_0005,5,8,P08,2024-06,True,,,,0.062086828562969286,0.09169609028162407,0.06462521079219852,0.4844899919703852,0.25711506560960856,0.12944946165610005,0.7582441664361295,-0.6746762597198909
sentinel2,counterfactual_0005_05,donor,treatment_0005,5,9,P09,2024-07,True,,,,0.04066434179500889,0.0646916136898611,0.04684775518471646,0.40490213217232557,0.2501764140892421,0.12254661314190164,0.7839816663158242,-0.7161577766186559
sentinel2,counterfactual_0005_05,donor,treatment_0005,5,10,P10,2024-08,True,,,,0.04577201262971704,0.06857761990382308,0.044970522583284725,0.4141821044047736,0.24220021561470328,0.1142006716010337,0.8009861664470943,-0.7130365236920243
sentinel2,treatment_0006,target,treatment_0006,0,1,P01,2023-11,True,,,,0.035015532840239595,0.04744285373722006,0.0648673954407923,0.19634929912798593,0.22096203290800315,0.13706730709682083,0.49408156181764235,-0.6036314411106536
sentinel2,treatment_0006,target,treatment_0006,0,2,P02,2023-12,True,,,,0.04080534267389987,0.05329185377080339,0.06992623773795587,0.17343379078406806,0.1830836046067491,0.11929489758149418,0.4396194183355207,-0.5517605205928622
sentinel2,treatment_0006,target,treatment_0006,0,3,P03,2024-01,True,,,,0.05432108128641632,0.06491380757071116,0.08304881882071298,0.18861513582697606,0.17466966942377785,0.11604153508781137,0.4204889383510671,-0.5349407358656162
sentinel2,treatment_0006,target,treatment_0006,0,4,P04,2024-02,True,,,,0.03589892173453944,0.05170176460891276,0.07285347524716312,0.17309258899996297,0.2325517105966815,0.15392044910834404,0.41809177117705426,-0.5510621861531949
sentinel2,treatment_0006,target,treatment_0006,0,5,P05,2024-03,True,,,,0.04347220380056411,0.059410548054719715,0.0793863495282479,0.19544429459833956,0.2581495834313097,0.17123632967317237,0.4251817969124921,-0.5388503641711065
sentinel2,treatment_0006,target,treatment_0006,0,6,P06,2024-04,True,,,,0.05139332915081188,0.07094680434192394,0.08265378408856328,0.23225560738691312,0.2768843151514302,0.17517367921971932,0.46384070174940756,-0.5263750044364763
sentinel2,treatment_0006,target,treatment_0006,0,7,P07,2024-05,True,,,,0.058997077307169354,0.08648521928278705,0.05098363264031558,0.48356377169458753,0.22552634644773825,0.11145814890735417,0.8103351372517723,-0.6962058340043099
sentinel2,treatment_0006,target,treatment_0006,0,8,P08,2024-06,True,,,,0.047548181650238566,0.07112381147521464,0.051536496507536896,0.42073174208948955,0.22166241545172816,0.11174345662644442,0.7814798040412101,-0.7098468929593463
sentinel2,treatment_0006,target,treatment_0006,0,9,P09,2024-07,True,,,,0.03772770323563371,0.05909382910779464,0.04365989125486466,0.3788182188273528,0.22037633097168277,0.10902730606254579,0.784308001394658,-0.7211606409891881
sentinel2,treatment_0006,target,treatment_0006,0,10,P10,2024-08,True,,,,0.05231516528975062,0.07010637202430048,0.05436344976813469,0.36510547019929096,0.2008157876026115,0.102911842122357,0.7523315212134345,-0.6862800725621694
sentinel2,counterfactual_0006_01,donor,treatment_0006,1,1,P01,2023-11,False,,,,,,,,,,,
sentinel2,counterfactual_0006_01,donor,treatment_0006,1,2,P02,2023-12,True,,,,0.04713560444533816,0.05899167737455482,0.06300686706627973,0.19255004409595092,0.14820373489972177,0.0942469268683744,0.5154724058500401,-0.5383481620813209
sentinel2,counterfactual_0006_01,donor,treatment_0006,1,3,P03,2024-01,True,,,,0.0622479855695305,0.0705254436913816,0.07423667783895777,0.21160914620725843,0.12090391137415071,0.07846059214658638,0.5236244234527142,-0.5492951373585462
sentinel2,counterfactual_0006_01,donor,treatment_0006,1,4,P04,2024-02,True,,,,0.025614062396961536,0.04143342328016013,0.04847858060958771,0.18656467512555244,0.17749814725093965,0.11161489066318278,0.5833344154674135,-0.6323747783329613
sentinel2,counterfactual_0006_01,donor,treatment_0006,1,5,P05,2024-03,True,,,,0.03404198128318491,0.04890347525854284,0.05667407124544032,0.20299624540433966,0.20382518372767322,0.13081692481053225,0.5635380034379054,-0.609348772530602
sentinel2,counterfactual_0006_01,donor,treatment_0006,1,6,P06,2024-04,True,,,,0.042989996161376505,0.061891049992794524,0.06448301649873817,0.23068130088999464,0.22455265623437998,0.14030539166993364,0.5608094907817204,-0.5734372271277626
sentinel2,counterfactual_0006_01,donor,treatment_0006,1,7,P07,2024-05,True,,,,0.04069638228312907,0.07456793551342387,0.036990207208905564,0.4137816482486379,0.19496102700805107,0.09343257012130579,0.8332025292145331,-0.6920371942760475
sentinel2,counterfactual_0006_01,donor,treatment_0006,1,8,P08,2024-06,True,,,,0.04555434749272428,0.07518352943034279,0.04625353731068506,0.440191759917178,0.20864847849102292,0.10017339701638864,0.8081615489256345,-0.7053940329579612
sentinel2,counterfactual_0006_01,donor,treatment_0006,1,9,P09,2024-07,True,,,,0.037831609731061866,0.059479928501779314,0.0378412018999247,0.3799300805580007,0.18999501992535234,0.08769237332403186,0.8161689129251497,-0.7245148983936943
sentinel2,counterfactual_0006_01,donor,treatment_0006,1,10,P10,2024-08,True,,,,0.03532526229767779,0.05432080685451105,0.03598702092458805,0.34570764623813893,0.1803250072788531,0.08444924521911917,0.8085208788701114,-0.7246807688370065
sentinel2,counterfactual_0006_02,donor,treatment_0006,2,1,P01,2023-11,False,,,,,,,,,,,
sentinel2,counterfactual_0006_02,donor,treatment_0006,2,2,P02,2023-12,True,,,,0.0228190128917455,0.03571690526658445,0.04562982070488814,0.14761464073691646,0.13985372029201806,0.09063223213521233,0.5276177110680528,-0.6083770211190409
sentinel2,counterfactual_0006_02,donor,treatment_0006,2,3,P03,2024-01,True,,,,0.053496005359972315,0.06422678666444397,0.07312786008679885,0.1862254044277132,0.14209371131052634,0.09427422318385169,0.48873108891780653,-0.5508174168097717
sentinel2,counterfactual_0006_02,donor,treatment_0006,2,4,P04,2024-02,True,,,,0.02813113425256579,0.042553303694432304,0.052626997452006864,0.16487620336429684,0.1890841877795869,0.12264846585586531,0.5204824998576014,-0.5926644582688113
sentinel2,counterfactual_0006_02,donor,treatment_0006,2,5,P05,2024-03,True,,,,0.035054764335591786,0.049131693085313205,0.058119939304373334,0.1862416381640664,0.21388622191989787,0.13906810112255905,0.5235420654987707,-0.5801864721829746
sentinel2,counterfactual_0006_02,donor,treatment_0006,2,6,P06,2024-04,True,,,,0.04304899039062293,0.06082997754590148,0.06416170974469759,0.21687065000049555,0.2317968581385641,0.14553724636448187,0.53613968205071,-0.5560787393788288
sentinel2,counterfactual_0006_02,donor,treatment_0006,2,7,P07,2024-05,True,,,,0.04707749344011148,0.07946666673719884,0.03806706675092379,0.454655253469944,0.1999920533021291,0.09152016003131866,0.8435600105921427,-0.6998824367364248
sentinel2,counterfactual_0006_02,donor,treatment_0006,2,8,P08,2024-06,True,,,,0.031136957200717172,0.054449250174248266,0.028561307780890884,0.43548480524945266,0.1857110674711854,0.07867607100446859,0.8772302607048634,-0.7779931415063401
sentinel2,counterfactual_0006_02,donor,treatment_0006,2,9,P09,2024-07,True,,,,0.03271197438303594,0.05513687881487437,0.03108144304337583,0.4208267031055071,0.19386565039764606,0.08250945506829419,0.8635599554847144,-0.7689733815513373
sentinel2,counterfactual_0006_02,donor,treatment_0006,2,10,P10,2024-08,True,,,,0.03967551227321918,0.05700120586474997,0.03151408204900676,0.4069905743278974,0.18042128723096104,0.07561844939660142,0.8640298487134873,-0.7638434064340363
sentinel2,counterfactual_0006_03,donor,treatment_0006,3,1,P01,2023-11,False,,,,,,,,,,,
sentinel2,counterfactual_0006_03,donor,treatment_0006,3,2,P02,2023-12,True,,,,0.05459167244292247,0.059569718745841944,0.06919878454421162,0.1604524802048818,0.16217699246264686,0.1117334478527363,0.41950322372541043,-0.49454955152349955
sentinel2,counterfactual_0006_03,donor,treatment_0006,3,3,P03,2024-01,True,,,,0.08882886973140201,0.08806183718540393,0.09392359578570611,0.1892598617598071,0.1545944223478955,0.10930532305401432,0.3929499407928722,-0.45443394578866964
sentinel2,counterfactual_0006_03,donor,treatment_0006,3,4,P04,2024-02,True,,,,0.03167170872114786,0.044679031575969794,0.06158152154489144,0.15730577395784656,0.2145444761829135,0.14421451807682356,0.44092493217320505,-0.5624745629334167
sentinel2,counterfactual_0006_03,donor,treatment_0006,3,5,P05,2024-03,True,,,,0.040401686203699175,0.05275405849868872,0.07141457222611713,0.17666245457787408,0.2481503773467142,0.1675014605902887,0.42705284597335896,-0.5421169410644939
sentinel2,counterfactual_0006_03,donor,treatment_0006,3,6,P06,2024-04,True,,,,0.05019786304547476,0.06780682302264242,0.0808979120825292,0.21309975012676727,0.2830152483316464,0.18451117017540017,0.4473761811424454,-0.5159236345001558
sentinel2,counterfactual_0006_03,donor,treatment_0006,3,7,P07,2024-05,True,,,,0.04742765078257779,0.08301407188924709,0.04040173771589313,0.4238066033468556,0.20561282696765215,0.10132969800148875,0.8198427243331704,-0.6658131738694597
sentinel2,counterfactual_0006_03,donor,treatment_0006,3,8,P08,2024-06,True,,,,0.039285252130180186,0.07104076465184174,0.03522011086308601,0.5105321109245359,0.22094930206309396,0.09782031035819543,0.8774939646284996,-0.7608365146770372
sentinel2,counterfactual_0006_03,donor,treatment_0006,3,9,P09,2024-07,True,,,,0.03801433205821475,0.059728208091192156,0.031228845261980265,0.4707369425725427,0.21247501218918433,0.0902588814299792,0.8749756392994624,-0.7760640802120253
sentinel2,counterfactual_0006_03,donor,treatment_0006,3,10,P10,2024-08,True,,,,0.03482363993305092,0.053225179008848114,0.032389192312514706,0.39801688542986324,0.18796585154625706,0.08274764249680287,0.8500307690289755,-0.764563000449923
sentinel2,counterfactual_0006_04,donor,treatment_0006,4,1,P01,2023-11,False,,,,,,,,,,,
sentinel2,counterfactual_0006_04,donor,treatment_0006,4,2,P02,2023-12,True,,,,0.04995711212441567,0.061314351609977884,0.07210851887454824,0.17158037938455858,0.15324770128442988,0.10214139784934322,0.43059750767339794,-0.4981798248364791
sentinel2,counterfactual_0006_04,donor,treatment_0006,4,3,P03,2024-01,True,,,,0.08737184946228364,0.0920842790536281,0.10119965411074591,0.20760372150061546,0.1349465651107162,0.09248077503256474,0.3845452124357306,-0.43180859543576805
sentinel2,counterfactual_0006_04,donor,treatment_0006,4,4,P04,2024-02,True,,,,0.0332986619712418,0.04877352229777916,0.06431496923484632,0.17301117537771238,0.20797881578104296,0.134879590180759,0.47176518196651085,-0.5683597914678082
sentinel2,counterfactual_0006_04,donor,treatment_0006,4,5,P05,2024-03,True,,,,0.042432746897611257,0.05690669063425756,0.07184704451724695,0.1957059504632073,0.23862998718234232,0.1564079256674061,0.47541398710537724,-0.5562962271479833
sentinel2,counterfactual_0006_04,donor,treatment_0006,4,6,P06,2024-04,True,,,,0.04952152738136388,0.06867315956522771,0.07678552605697436,0.23239558375550187,0.2621182383783728,0.16414912268935716,0.5032782470735309,-0.542846175876041
sentinel2,counterfactual_0006_04,donor,treatment_0006,4,7,P07,2024-05,True,,,,0.045742118513488604,0.07856639065655491,0.04011628769284083,0.4369907508631709,0.21676168487289585,0.10419373089204219,0.8290288013116411,-0.6914190819638346
sentinel2,counterfactual_0006_04,donor,treatment_0006,4,8,P08,2024-06,True,,,,0.04574972548239562,0.07316597544567964,0.04671951560337362,0.44937157997567595,0.2236170247277524,0.10687453179858859,0.8091093830247714,-0.7178978650514034
sentinel2,counterfactual_0006_04,donor,treatment_0006,4,9,P09,2024-07,True,,,,0.035272321391457404,0.05930612698900718,0.037750686283757696,0.40333761380427186,0.21167913936724933,0.09727720824389724,0.8223242342060143,-0.7381772695627998
sentinel2,counterfactual_0006_04,donor,treatment_0006,4,10,P10,2024-08,True,,,,0.03349276551436869,0.05337297333333758,0.03514017749520426,0.3593674445547271,0.1990804575071792,0.09329305955702481,0.8155590420949109,-0.7355458253231157
sentinel2,counterfactual_0006_05,donor,treatment_0006,5,1,P01,2023-11,False,,,,,,,,,,,
sentinel2,counterfactual_0006_05,donor,treatment_0006,5,2,P02,2023-12,True,,,,0.052911312719185755,0.06178463887018465,0.07087422811047613,0.17129878937718232,0.16736962062601318,0.11251289092034245,0.43338371563800326,-0.4928071411254768
sentinel2,counterfactual_0006_05,donor,treatment_0006,5,3,P03,2024-01,True,,,,0.06654165284039847,0.07443865805522153,0.08499213807359147,0.19503597676010473,0.15467058136181297,0.10458265868995298,0.45005247025218226,-0.5226755430535726
sentinel2,counterfactual_0006_05,donor,treatment_0006,5,4,P04,2024-02,True,,,,0.031151573432768934,0.045952931163528894,0.0611116018991871,0.16968697179596384,0.21051556704447744,0.13840885196272246,0.4801709647389466,-0.5787681425836622
sentinel2,counterfactual_0006_05,donor,treatment_0006,5,5,P05,2024-03,True,,,,0.040996078913981174,0.054384045771222446,0.06986589071788854,0.19069858852862645,0.24120248025474028,0.15966186645790334,0.47090625663462043,-0.5581020476736048
sentinel2,counterfactual_0006_05,donor,treatment_0006,5,6,P06,2024-04,True,,,,0.04710765619354235,0.06533689354315843,0.07425866593794751,0.21950189692067137,0.25753136464292287,0.1636608959941721,0.49539653243895615,-0.5408715303797732
sentinel2,counterfactual_0006_05,donor,treatment_0006,5,7,P07,2024-05,True,,,,0.0898037822170355,0.10556187624965602,0.07425446305057645,0.27808638403978364,0.16587836609846165,0.0951965207095947,0.5601585451259916,-0.43536980015066495
sentinel2,counterfactual_0006_05,donor,treatment_0006,5,8,P08,2024-06,True,,,,0.027089878484904736,0.05116440553271809,0.024440427465513517,0.4631585729389772,0.1928133221510964,0.08031642975123322,0.897997814996513,-0.799520015953195
sentinel2,counterfactual_0006_05,donor,treatment_0006,5,9,P09,2024-07,True,,,,0.031331144065123516,0.05348889334986413,0.02816083722595122,0.4347882367514966,0.19727051259547912,0.08252727187006464,0.8760088035936695,-0.779013549866086
sentinel2,counterfactual_0006_05,donor,treatment_0006,5,10,P10,2024-08,True,,,,0.04276794930619637,0.0594146016290589,0.037220988223604354,0.3970424466089996,0.18667877667435898,0.0816879423627163,0.8298561776307223,-0.7401170932408724
sentinel2,treatment_0007,target,treatment_0007,0,1,P01,2023-11,True,,,,0.027353058584242966,0.03800503392279756,0.057591466638219874,0.16755588179215555,0.22103939798693717,0.12985762185108987,0.47074928002700583,-0.620599812683481
sentinel2,treatment_0007,target,treatment_0007,0,2,P02,2023-12,True,,,,0.024454847606235154,0.03298275666444734,0.049791089220697575,0.13003455543445613,0.1964561905364595,0.12833008515012112,0.45139732212631645,-0.5979763903450515
sentinel2,treatment_0007,target,treatment_0007,0,3,P03,2024-01,True,,,,0.031928855062881685,0.03835163716607018,0.054065572079535384,0.13802119402903082,0.18440725418962972,0.12431517502888431,0.4561961402747926,-0.6008351031775194
sentinel2,treatment_0007,target,treatment_0007,0,4,P04,2024-02,True,,,,0.0332936575631155,0.044857117056729026,0.06311993445456467,0.150867351130602,0.24361743945758046,0.16231864514905744,0.41303477769867486,-0.5451629584022111
sentinel2,treatment_0007,target,treatment_0007,0,5,P05,2024-03,True,,,,0.042525277041105494,0.05351957169173979,0.07293059518558029,0.1706098862384572,0.27465833266474854,0.19093938343794412,0.40402757810349677,-0.5253048293959357
sentinel2,treatment_0007,target,treatment_0007,0,6,P06,2024-04,True,,,,0.16645331228725793,0.17236963199014793,0.17744722411381209,0.259011798109918,0.31637981068636717,0.23887137754670454,0.202512759146019,-0.21783639546385825
sentinel2,treatment_0007,target,treatment_0007,0,7,P07,2024-05,True,,,,0.04761937883191239,0.08530522616042398,0.0393619978391163,0.5215748667179811,0.23632063259231925,0.1054167958133447,0.8648660989935311,-0.7211669571221313
sentinel2,treatment_0007,target,treatment_0007,0,8,P08,2024-06,True,,,,0.025376590550454905,0.054265194679599935,0.02465319091680748,0.5017980299952124,0.22787099797963373,0.09241802267508932,0.9063125324329901,-0.8046661074512578
sentinel2,treatment_0007,target,treatment_0007,0,9,P09,2024-07,True,,,,0.05058147368883879,0.07032825636978138,0.04566229675639499,0.44096359065909685,0.23163218768119914,0.10400900866358465,0.8223775456892755,-0.7323069069927036
sentinel2,treatment_0007,target,treatment_0007,0,10,P10,2024-08,True,,,,0.03451227827813652,0.052182575331341866,0.02846947851738805,0.3877811000114819,0.19962269410749545,0.08233773161655968,0.8628855696023416,-0.760855412351163
sentinel2,counterfactual_0007_01,donor,treatment_0007,1,1,P01,2023-11,False,,,,,,,,,,,
sentinel2,counterfactual_0007_01,donor,treatment_0007,1,2,P02,2023-12,True,,,,0.029867336595405955,0.04076596420767174,0.05435153425164187,0.15173575146137097,0.19849756907106744,0.12748184491709605,0.47810937627695693,-0.5758843415830079
sentinel2,counterfactual_0007_01,donor,treatment_0007,1,3,P03,2024-01,True,,,,0.05713359972550342,0.06122993834529636,0.070122424369765,0.1698820507695261,0.18180476429897505,0.11985985696083505,0.4506471984598955,-0.5405057768009945
sentinel2,counterfactual_0007_01,donor,treatment_0007,1,4,P04,2024-02,True,,,,0.040142770390272864,0.0569505441666187,0.07377437523025433,0.1903320361612042,0.25823326643314237,0.1686966964505184,0.4407121689325337,-0.5409838534747721
sentinel2,counterfactual_0007_01,donor,treatment_0007,1,5,P05,2024-03,True,,,,0.049531305859203366,0.06559850025763933,0.07984339291920599,0.21975800414147792,0.2830654346245245,0.18853113408147582,0.4540185967142378,-0.5331432330261877
sentinel2,counterfactual_0007_01,donor,treatment_0007,1,6,P06,2024-04,True,,,,0.04768670241651278,0.08236800820189018,0.06901010206783037,0.31595027454123636,0.2694558574106048,0.15798637383843786,0.6099643482698925,-0.564803700641772
sentinel2,counterfactual_0007_01,donor,treatment_0007,1,7,P07,2024-05,True,,,,0.05516305273756094,0.08947210575271068,0.05080665141083326,0.5155845653127308,0.25285816095340674,0.12299025596158082,0.815449187956234,-0.701092797031053
sentinel2,counterfactual_0007_01,donor,treatment_0007,1,8,P08,2024-06,True,,,,0.04031844451085285,0.07527134824608579,0.04688356058695066,0.5016506713805375,0.2692269875591184,0.12645883456865947,0.8238868475431278,-0.7350511200987262
sentinel2,counterfactual_0007_01,donor,treatment_0007,1,9,P09,2024-07,True,,,,0.04515701900528916,0.07098561426780409,0.05145598967028195,0.41013983421998335,0.2534117342771099,0.1254985786608511,0.7714064479277375,-0.6992942350931628
sentinel2,counterfactual_0007_01,donor,treatment_0007,1,10,P10,2024-08,True,,,,0.03962028731358553,0.06286228810821476,0.038436638657505774,0.3873323693706433,0.22688464846532494,0.10398369786371472,0.8139524366876423,-0.715592127517209
sentinel2,counterfactual_0007_02,donor,treatment_0007,2,1,P01,2023-11,False,,,,,,,,,,,
sentinel2,counterfactual_0007_02,donor,treatment_0007,2,2,P02,2023-12,True,,,,0.027091128377643055,0.03478330071900027,0.04993099212288736,0.13350413686363688,0.1922899912898534,0.1280300460413278,0.46426969685106695,-0.596798682254315
sentinel2,counterfactual_0007_02,donor,treatment_0007,2,3,P03,2024-01,True,,,,0.05890500445194777,0.06031500834779497,0.07108613872693954,0.15890471038759432,0.1833560631218149,0.12879452995357765,0.4307781091163865,-0.5337928816341627
sentinel2,counterfactual_0007_02,donor,treatment_0007,2,4,P04,2024-02,True,,,,0.036421596002771846,0.049497216042474826,0.0668311293955694,0.1583763112331118,0.2442947357451842,0.1641273992708554,0.4115910013421308,-0.5280090702443646
sentinel2,counterfactual_0007_02,donor,treatment_0007,2,5,P05,2024-03,True,,,,0.04722620830770281,0.05756313115728654,0.0749071709917227,0.17772447805548225,0.2731400843888285,0.18890770518824163,0.4077472544066428,-0.5119217030105843
sentinel2,counterfactual_0007_02,donor,treatment_0007,2,6,P06,2024-04,True,,,,0.0519936771548641,0.08509450062704768,0.059488050246503686,0.3127687286087817,0.2421641801048898,0.14022792853417204,0.6718844544383874,-0.5620866668433515
sentinel2,counterfactual_0007_02,donor,treatment_0007,2,7,P07,2024-05,True,,,,0.04464554465589932,0.08505022067767641,0.03316571912365344,0.5204768013532297,0.22891528268717468,0.09924979900135829,0.8772912376500288,-0.7195622307765064
sentinel2,counterfactual_0007_02,donor,treatment_0007,2,8,P08,2024-06,True,,,,0.035600029481155836,0.06828725141035892,0.035259190317505906,0.5237694887679741,0.24491825794755284,0.1058945495431861,0.8770217167467548,-0.771948187880137
sentinel2,counterfactual_0007_02,donor,treatment_0007,2,9,P09,2024-07,True,,,,0.03534236847375634,0.05933885411985212,0.03158895700034961,0.45080848925751266,0.22639958835234772,0.09462463482082294,0.8671831646312418,-0.7655353144288892
sentinel2,counterfactual_0007_02,donor,treatment_0007,2,10,P10,2024-08,True,,,,0.036516243584418275,0.056514184979131944,0.02943236941124584,0.40920425453801657,0.2100509509872238,0.0875616311660328,0.8630243044351319,-0.7527072248085143
sentinel2,counterfactual_0007_03,donor,treatment_0007,3,1,P01,2023-11,False,,,,,,,,,,,
sentinel2,counterfactual_0007_03,donor,treatment_0007,3,2,P02,2023-12,True,,,,0.029581864591318712,0.03712863452801515,0.05114834828632943,0.14048684450189058,0.1905368297230191,0.12509552990922201,0.47233374131980943,-0.5882269727571398
sentinel2,counterfactual_0007_03,donor,treatment_0007,3,3,P03,2024-01,True,,,,0.06931775323216492,0.06803379092331033,0.076057195415489,0.16662870794728232,0.17580042163810478,0.12123847659503803,0.4270445207050261,-0.5152033221445128
sentinel2,counterfactual_0007_03,donor,treatment_0007,3,4,P04,2024-02,True,,,,0.03751474376545109,0.050890182423944094,0.06730748468431354,0.16618464866910726,0.23953788312156227,0.15885694534442504,0.4277715331219,-0.5359204709624826
sentinel2,counterfactual_0007_03,donor,treatment_0007,3,5,P05,2024-03,True,,,,0.050200284380089964,0.06162677686042487,0.077447328791015,0.19090641600323324,0.27446293483211903,0.18820920485939982,0.41786463640183985,-0.5086477200012501
sentinel2,counterfactual_0007_03,donor,treatment_0007,3,6,P06,2024-04,True,,,,0.051585030956811884,0.0774602589416844,0.06164977951607988,0.27839600036493906,0.24738637387968726,0.14673098727787562,0.6337922375984092,-0.5570817396472733
sentinel2,counterfactual_0007_03,donor,treatment_0007,3,7,P07,2024-05,True,,,,0.053117169971470916,0.09012831104726678,0.04270963150682507,0.5159460738697141,0.2406658463917016,0.11132531609167458,0.8415249901905958,-0.6967970209926405
sentinel2,counterfactual_0007_03,donor,treatment_0007,3,8,P08,2024-06,True,,,,0.02591388594357699,0.06042346840640538,0.029987324800303247,0.4921820702497053,0.23633269321017494,0.10252389465681,0.8801430529130462,-0.7762895031701512
sentinel2,counterfactual_0007_03,donor,treatment_0007,3,9,P09,2024-07,True,,,,0.04685641118814555,0.07029240769078049,0.04198345759296117,0.45446630253322967,0.2390399616485179,0.10341884619204417,0.8312914741864895,-0.7332378705422465
sentinel2,counterfactual_0007_03,donor,treatment_0007,3,10,P10,2024-08,True,,,,0.03788608480867522,0.05740563189319601,0.032304190820487105,0.3766425302064649,0.21003893255287615,0.09001225859303648,0.8382844141669956,-0.7302512376258893
sentinel2,counterfactual_0007_04,donor,treatment_0007,4,1,P01,2023-11,False,,,,,,,,,,,
sentinel2,counterfactual_0007_04,donor,treatment_0007,4,2,P02,2023-12,True,,,,0.025305303442277365,0.03300502901362911,0.04960980302612986,0.13439420652553424,0.1927643464574182,0.12564518173329212,0.4728309585672771,-0.6117195042193304
sentinel2,counterfactual_0007_04,donor,treatment_0007,4,3,P03,2024-01,True,,,,0.04715949421634146,0.05084601514924359,0.0648080238186129,0.15279155971144415,0.18093190887706817,0.12246814040097755,0.44390044060656514,-0.5724876034249279
sentinel2,counterfactual_0007_04,donor,treatment_0007,4,4,P04,2024-02,True,,,,0.03521470942207389,0.048119307024012375,0.06701908649646827,0.1586175177981457,0.245692981281604,0.16236273906982573,0.41124533901096805,-0.5382670203986887
sentinel2,counterfactual_0007_04,donor,treatment_0007,4,5,P05,2024-03,True,,,,0.04662818361978305,0.0570078277592492,0.07717357130545738,0.1766085188148209,0.2800809626321724,0.1931915302718811,0.392423567833497,-0.5112393254328564
sentinel2,counterfactual_0007_04,donor,treatment_0007,4,6,P06,2024-04,True,,,,0.08397535543931535,0.10765086773535736,0.08714449085691796,0.3073921087045037,0.2456311244872163,0.14923888843686614,0.5168894797946271,-0.43578543793090524
sentinel2,counterfactual_0007_04,donor,treatment_0007,4,7,P07,2024-05,True,,,,0.04097352721018595,0.07275008299016678,0.03184270481201721,0.5549832485328791,0.23599192001377664,0.10258659226460602,0.894764754947963,-0.7709419011206631
sentinel2,counterfactual_0007_04,donor,treatment_0007,4,8,P08,2024-06,True,,,,0.03468074702899058,0.06846318994754202,0.034617743387770135,0.5398203950047014,0.2476020684436003,0.10628128616120486,0.8807410431684156,-0.7762312133216868
sentinel2,counterfactual_0007_04,donor,treatment_0007,4,9,P09,2024-07,True,,,,0.0545773797269274,0.0762292227453358,0.043593588940661926,0.5003677775913354,0.23999761806762798,0.1030557591578748,0.843801117646859,-0.7393091831846735
sentinel2,counterfactual_0007_04,donor,treatment_0007,4,10,P10,2024-08,True,,,,0.03262573284262355,0.05431374386752713,0.027262523335666443,0.3978105727807761,0.20101333198249602,0.08417727676542608,0.8703736592894523,-0.7620225420782069
sentinel2,counterfactual_0007_05,donor,treatment_0007,5,1,P01,2023-11,False,,,,,,,,,,,
sentinel2,counterfactual_0007_05,donor,treatment_0007,5,2,P02,2023-12,True,,,,0.03628408989072536,0.05292006677321138,0.06945722980268461,0.184267993381437,0.22453353600243287,0.1489397314418304,0.4630923832663272,-0.5586908794895695
sentinel2,counterfactual_0007_05,donor,treatment_0007,5,3,P03,2024-01,True,,,,0.0505106754848992,0.06387979615289445,0.08161508686925076,0.19568094308207332,0.2021578865383416,0.134648259961407,0.4386127794723099,-0.5456569232033822
sentinel2,counterfactual_0007_05,donor,treatment_0007,5,4,P04,2024-02,True,,,,0.04835891098206018,0.06990063727260258,0.0894044065882138,0.21860145582124457,0.2809410744929428,0.19079355942555565,0.427679868106231,-0.5225387940345974
sentinel2,counterfactual_0007_05,donor,treatment_0007,5,5,P05,2024-03,True,,,,0.05313497704963478,0.07525130389109451,0.08567414481973236,0.25698245759425636,0.2879668660297568,0.19278594278293595,0.48954136236083706,-0.5402194418121922
sentinel2,counterfactual_0007_05,donor,treatment_0007,5,6,P06,2024-04,True,,,,0.05287153722382202,0.08097497808466986,0.06857561524864296,0.33944654439450617,0.2631913438715452,0.15850571506386377,0.6401727613612737,-0.5943900957417283
sentinel2,counterfactual_0007_05,donor,treatment_0007,5,7,P07,2024-05,True,,,,0.053878092534236005,0.09056960869890913,0.05657105534885267,0.45928985643302617,0.2606823426118089,0.13587400490150492,0.7702492885504642,-0.6622847304060626
sentinel2,counterfactual_0007_05,donor,treatment_0007,5,8,P08,2024-06,True,,,,0.04864027549493238,0.08446192544484277,0.06100879824261007,0.452435834722044,0.2851629643396541,0.14480174495512196,0.7575306206325897,-0.6802196287191326
sentinel2,counterfactual_0007_05,donor,treatment_0007,5,9,P09,2024-07,True,,,,0.05903825614611964,0.0862684051416111,0.06822181168591966,0.39867438977342673,0.28152900706925893,0.15098525145298453,0.7007217882103387,-0.6389385995033933
sentinel2,counterfactual_0007_05,donor,treatment_0007,5,10,P10,2024-08,True,,,,0.05857583088311871,0.08241230283878724,0.06466164113401361,0.3638210568375102,0.2691196942286168,0.14255137735357495,0.6964675851327662,-0.6256341189460104
sentinel2,treatment_0008,target,treatment_0008,0,1,P01,2023-11,True,,,,0.03177606123385907,0.046291726372578036,0.06457752680566475,0.19611115576278496,0.25263382511248295,0.15429405450861824,0.48888825780824635,-0.6143115321370552
sentinel2,treatment_0008,target,treatment_0008,0,2,P02,2023-12,True,,,,0.02703553579306415,0.039122517474169706,0.05526006771850469,0.15231914030757385,0.2071747769197288,0.13821310664862818,0.4691543408279053,-0.6020252351512069
sentinel2,treatment_0008,target,treatment_0008,0,3,P03,2024-01,True,,,,0.03687101269864958,0.046008131618749414,0.06238326153127653,0.16033629546632702,0.18995603395348587,0.12979294195202984,0.46216418656941244,-0.5954852503856869
sentinel2,treatment_0008,target,treatment_0008,0,4,P04,2024-02,True,,,,0.03793662883450504,0.05375431343077161,0.07254716704166171,0.1774359032600817,0.25437928656306574,0.17157340939051263,0.41944541397231805,-0.5412557777734951
sentinel2,treatment_0008,target,treatment_0008,0,5,P05,2024-03,True,,,,0.04782274789299676,0.061876414173536766,0.07734706411232213,0.2038503235598403,0.274215390726978,0.18920300953231153,0.43229220929233225,-0.5269383427419214
sentinel2,treatment_0008,target,treatment_0008,0,6,P06,2024-04,True,,,,0.08073669750564426,0.11008457517830744,0.10127355170909762,0.33811180775317007,0.31292822258505865,0.1953065190469736,0.5514682997921941,-0.5156862844735217
sentinel2,treatment_0008,target,treatment_0008,0,7,P07,2024-05,True,,,,0.04612642864604573,0.0810087473494011,0.04168397805008751,0.5338452088767356,0.2463037145596284,0.11715949448255392,0.8551905535931116,-0.7359448668098711
sentinel2,treatment_0008,target,treatment_0008,0,8,P08,2024-06,True,,,,0.041179069832750353,0.07033012962105312,0.04250387112235265,0.540720017725031,0.2611611713758103,0.11751739770252985,0.8492417879893933,-0.7650651206422245
sentinel2,treatment_0008,target,treatment_0008,0,9,P09,2024-07,True,,,,0.03895064749145251,0.06243687458783031,0.042066123126912935,0.4460962270018008,0.24966844128285476,0.11718644275606202,0.8218492382102542,-0.7485843771176753
sentinel2,treatment_0008,target,treatment_0008,0,10,P10,2024-08,True,,,,0.037353078205035826,0.05756000403207828,0.03399491231375808,0.3879138416661876,0.21254195673023296,0.09590466622452726,0.837834695908278,-0.742976639514378
sentinel2,counterfactual_0008_01,donor,treatment_0008,1,1,P01,2023-11,False,,,,,,,,,,,
sentinel2,counterfactual_0008_01,donor,treatment_0008,1,2,P02,2023-12,True,,,,0.02052478435509079,0.028484225543388496,0.039158735364491055,0.12741174514578912,0.1648796273453855,0.1068337451925903,0.5383033462935218,-0.6510546887680596
sentinel2,counterfactual_0008_01,donor,treatment_0008,1,3,P03,2024-01,True,,,,0.0518447108799021,0.054405872629297435,0.06148479417730842,0.15525765193498456,0.14975877440004956,0.10141763722560569,0.49607560470992446,-0.5817330797659416
sentinel2,counterfactual_0008_01,donor,treatment_0008,1,4,P04,2024-02,True,,,,0.029218843191446662,0.042504156960822714,0.05552281872004124,0.15457698534735861,0.2132235097826696,0.13996049007656527,0.47681596481332594,-0.5748634189308859
sentinel2,counterfactual_0008_01,donor,treatment_0008,1,5,P05,2024-03,True,,,,0.03864716676657325,0.04951746089000474,0.06307144127220062,0.17205292646207063,0.2380829019084865,0.16150672526190094,0.4666224972231715,-0.5547215290046206
sentinel2,counterfactual_0008_01,donor,treatment_0008,1,6,P06,2024-04,True,,,,0.09526789715239668,0.12275649039440004,0.10395236774658163,0.319198598177994,0.2693898628476788,0.17154300969313171,0.5677769346637469,-0.4812135775153543
sentinel2,counterfactual_0008_01,donor,treatment_0008,1,7,P07,2024-05,True,,,,0.03773131870171603,0.07186070106229654,0.03126972555940715,0.5060316815241879,0.2239534315934368,0.10014017646365306,0.8832773940513531,-0.7510831278474892
sentinel2,counterfactual_0008_01,donor,treatment_0008,1,8,P08,2024-06,True,,,,0.0352434255757381,0.06377168539401959,0.033229887245234825,0.5057239317894577,0.23095869617804457,0.09897165540635539,0.877509836858799,-0.7759936768769885
sentinel2,counterfactual_0008_01,donor,treatment_0008,1,9,P09,2024-07,True,,,,0.04242613241879963,0.06378355891790752,0.03624128438386263,0.4428736814944183,0.21714344124291457,0.09322831372127813,0.8495013990720698,-0.7485611101897324
sentinel2,counterfactual_0008_01,donor,treatment_0008,1,10,P10,2024-08,True,,,,0.03843933451810964,0.05941647060876388,0.033628258561823055,0.4041055329645029,0.20779831860733183,0.08994197999598764,0.8479569223119959,-0.7467664077648115
sentinel2,counterfactual_0008_02,donor,treatment_0008,2,1,P01,2023-11,False,,,,,,,,,,,
sentinel2,counterfactual_0008_02,donor,treatment_0008,2,2,P02,2023-12,True,,,,0.03302612497341905,0.051332614561708116,0.06294870122844651,0.2045378983039042,0.22124824015086403,0.13921482216703016,0.510787015616289,-0.6010592587539793
sentinel2,counterfactual_0008_02,donor,treatment_0008,2,3,P03,2024-01,True,,,,0.03254525052970948,0.050099872662260826,0.06503994716381577,0.20404325059358805,0.19583010491951108,0.12210953829569181,0.50530600230405,-0.6114129049266348
sentinel2,counterfactual_0008_02,donor,treatment_0008,2,4,P04,2024-02,True,,,,0.040716802352324895,0.06202148822593714,0.07599047159743408,0.22738873661871797,0.2608541121156575,0.16800815108920672,0.4804899458978944,-0.5687467677773627
sentinel2,counterfactual_0008_02,donor,treatment_0008,2,5,P05,2024-03,True,,,,0.04677223811854937,0.06801462609752897,0.07208055110279252,0.2707672582187161,0.258684952412034,0.1631187333431142,0.5426454105190863,-0.5808602961266146
sentinel2,counterfactual_0008_02,donor,treatment_0008,2,6,P06,2024-04,True,,,,0.050314410455337216,0.08024373116498834,0.06319517701876659,0.3458162731418083,0.2244309333156995,0.12366424857220361,0.6580642465589304,-0.6017525010040994
sentinel2,counterfactual_0008_02,donor,treatment_0008,2,7,P07,2024-05,True,,,,0.054778022303284796,0.0868352665458351,0.052090351047036604,0.4981724579539457,0.23248948609187667,0.11453273670025056,0.812321614964816,-0.703447905199526
sentinel2,counterfactual_0008_02,donor,treatment_0008,2,8,P08,2024-06,True,,,,0.04211493122488198,0.07789180625293189,0.04888011500579679,0.4983490987922703,0.23729545735786092,0.11525000003016551,0.8196414763141668,-0.7274798715116549
sentinel2,counterfactual_0008_02,donor,treatment_0008,2,9,P09,2024-07,True,,,,0.052493873235349875,0.0787553035578077,0.0631729243159785,0.4264416724031503,0.2744713557746969,0.14126480747123477,0.7368365119961565,-0.6825181155172205
sentinel2,counterfactual_0008_02,donor,treatment_0008,2,10,P10,2024-08,True,,,,0.044189952042199575,0.06912895316474812,0.046855636793379105,0.40454798541198395,0.23210363689093902,0.11213230073551327,0.7939118258870532,-0.7098838031736031
sentinel2,counterfactual_0008_03,donor,treatment_0008,3,1,P01,2023-11,False,,,,,,,,,,,
sentinel2,counterfactual_0008_03,donor,treatment_0008,3,2,P02,2023-12,True,,,,0.020333526159606024,0.028152690986488364,0.03958058039145115,0.12121490052550718,0.16181488090748297,0.10630969518777167,0.5119612341230494,-0.6342808624544911
sentinel2,counterfactual_0008_03,donor,treatment_0008,3,3,P03,2024-01,True,,,,0.0475673953645222,0.05073271740979031,0.05900219104154651,0.14648921670358012,0.14713264406077967,0.10131558679345892,0.47384225112668976,-0.5699020392017591
sentinel2,counterfactual_0008_03,donor,treatment_0008,3,4,P04,2024-02,True,,,,0.02816014121924373,0.04011179796108623,0.05337467415760606,0.1445579747516476,0.20965401941351464,0.13867243422958012,0.46232058865838677,-0.5686425578271673
sentinel2,counterfactual_0008_03,donor,treatment_0008,3,5,P05,2024-03,True,,,,0.03978025204717599,0.05010433790646731,0.0646824871290593,0.16806208219464275,0.24594829915060903,0.16759757870389555,0.44628837921434544,-0.5422666894052673
sentinel2,counterfactual_0008_03,donor,treatment_0008,3,6,P06,2024-04,True,,,,0.04893756501647599,0.08557207149379237,0.056477188651545204,0.296020370758628,0.21205866099011605,0.12007299280466957,0.7119130977969838,-0.5709466746993748
sentinel2,counterfactual_0008_03,donor,treatment_0008,3,7,P07,2024-05,True,,,,0.034542739112471875,0.06835410254510849,0.027070221509168584,0.5038405556708091,0.20954702519916713,0.08965382171092028,0.898107624620257,-0.7616160230857278
sentinel2,counterfactual_0008_03,donor,treatment_0008,3,8,P08,2024-06,True,,,,0.03742518356873107,0.061609580371730095,0.03393423683806741,0.5014450782108908,0.2217426876911398,0.09452584234279987,0.8757038837421104,-0.7823845622803383
sentinel2,counterfactual_0008_03,donor,treatment_0008,3,9,P09,2024-07,True,,,,0.049285726428187064,0.06583933079182126,0.03840577602090963,0.45118777388739123,0.20592718884592667,0.08731661883538823,0.8451046843190683,-0.7470480811140829
sentinel2,counterfactual_0008_03,donor,treatment_0008,3,10,P10,2024-08,True,,,,0.031491206780677856,0.05017488490749593,0.026238349207280992,0.39162504170358375,0.1890153023232176,0.0762059014269025,0.8733506280176196,-0.7707329624050471
sentinel2,counterfactual_0008_04,donor,treatment_0008,4,1,P01,2023-11,False,,,,,,,,,,,
sentinel2,counterfactual_0008_04,donor,treatment_0008,4,2,P02,2023-12,True,,,,0.039119998113532596,0.06092953643313397,0.07626173915616301,0.23286183708897992,0.24190234263823693,0.15103117342238193,0.49827555579077365,-0.5831587830829207
sentinel2,counterfactual_0008_04,donor,treatment_0008,4,3,P03,2024-01,True,,,,0.03986721897293085,0.06031726313906561,0.07995754351742465,0.2281224143788775,0.2129635329577119,0.13264776990891275,0.48687719096711846,-0.5914052570673832
sentinel2,counterfactual_0008_04,donor,treatment_0008,4,4,P04,2024-02,True,,,,0.048902102842296666,0.07297303215685913,0.08915643570361279,0.2547658514627673,0.27888587393569964,0.17872345862540764,0.4771829471817415,-0.5550184734994646
sentinel2,counterfactual_0008_04,donor,treatment_0008,4,5,P05,2024-03,True,,,,0.05111341541122659,0.07467049811465952,0.07715875416634019,0.3095739976925752,0.26694468210671607,0.16279298093094333,0.5773046376433235,-0.594844540045923
sentinel2,counterfactual_0008_04,donor,treatment_0008,4,6,P06,2024-04,True,,,,0.045542441988662405,0.08071747878996394,0.05936160680966019,0.38721711591138824,0.23731080285562814,0.12858527614379464,0.7328598749613063,-0.650890661799584
sentinel2,counterfactual_0008_04,donor,treatment_0008,4,7,P07,2024-05,True,,,,0.04603673667997434,0.07857419385097913,0.04887597792949055,0.4333385304748609,0.23222421340037416,0.11438772674957078,0.7938111017187627,-0.6909859861301015
sentinel2,counterfactual_0008_04,donor,treatment_0008,4,8,P08,2024-06,True,,,,0.05890046574015405,0.08906789056744228,0.06660433787914243,0.42266441530929383,0.24228043323106105,0.12573029106957062,0.7278994554316878,-0.6506513310973404
sentinel2,counterfactual_0008_04,donor,treatment_0008,4,9,P09,2024-07,True,,,,0.05793410458281284,0.08182003735928468,0.07462847767820102,0.3578854134481054,0.2869313104154316,0.15867644343910445,0.6533387782253561,-0.6257860877957137
sentinel2,counterfactual_0008_04,donor,treatment_0008,4,10,P10,2024-08,True,,,,0.056899078618510485,0.07612849241338977,0.05974917663079613,0.3607951573426438,0.25579828953242817,0.13603358982433444,0.7210230116294466,-0.6543994065654967
sentinel2,counterfactual_0008_05,donor,treatment_0008,5,1,P01,2023-11,False,,,,,,,,,,,
sentinel2,counterfactual_0008_05,donor,treatment_0008,5,2,P02,2023-12,True,,,,0.037432330246166864,0.05699363798060092,0.07547333608394688,0.21024178024047252,0.23857427684451632,0.152738584407275,0.4682701128694651,-0.5753070385198145
sentinel2,counterfactual_0008_05,donor,treatment_0008,5,3,P03,2024-01,True,,,,0.046561405842381956,0.06461646909504686,0.08678643279739506,0.21567170875823133,0.20605829840150022,0.13211880203889007,0.43797936736069326,-0.5557680484206916
sentinel2,counterfactual_0008_05,donor,treatment_0008,5,4,P04,2024-02,True,,,,0.04888872670323977,0.07186613085401893,0.09313280569684718,0.22971159675351288,0.2881822715044232,0.1903118518970957,0.42664460791754216,-0.5310601578077175
sentinel2,counterfactual_0008_05,donor,treatment_0008,5,5,P05,2024-03,True,,,,0.050721174479681226,0.0736231988175583,0.08331656217269776,0.2667273795879474,0.2809150768645709,0.1818271051574111,0.5118965840606394,-0.5624281464290846
sentinel2,counterfactual_0008_05,donor,treatment_0008,5,6,P06,2024-04,True,,,,0.048934339862924885,0.07755031869905145,0.06252451731738752,0.35432857550580577,0.24778358992665742,0.14022994793439517,0.6781696398623719,-0.6219339863933186
sentinel2,counterfactual_0008_05,donor,treatment_0008,5,7,P07,2024-05,True,,,,0.04236069019082647,0.07435303901452467,0.04420748464190731,0.4449495784649836,0.23056285653864797,0.11429208909141213,0.816679649267544,-0.7104716592034386
sentinel2,counterfactual_0008_05,donor,treatment_0008,5,8,P08,2024-06,True,,,,0.049558644236227474,0.08157993476962624,0.062419071722559664,0.44835487363888915,0.28013670063541335,0.1395616389845523,0.752596436044581,-0.6879175049616666
sentinel2,counterfactual_0008_05,donor,treatment_0008,5,9,P09,2024-07,True,,,,0.04965513191278011,0.0739874326608547,0.06419905411066197,0.35679934325813956,0.2771187825359418,0.14897093433350303,0.6930475969299559,-0.652615859979575
sentinel2,counterfactual_0008_05,donor,treatment_0008,5,10,P10,2024-08,True,,,,0.046631933209922614,0.06975915115963897,0.05515779835601003,0.3372161504790171,0.25735662177858043,0.13412470359794534,0.7213696299854631,-0.657596706407346
sentinel2,treatment_0009,target,treatment_0009,0,1,P01,2023-11,True,,,,0.030836114149188985,0.044773811464856275,0.06281883647564407,0.19035901385644768,0.2441706940357901,0.14822642402769992,0.48926512689003115,-0.6154995230398579
sentinel2,treatment_0009,target,treatment_0009,0,2,P02,2023-12,True,,,,0.026255617151558965,0.037832987028838666,0.05429090292442876,0.14867437021610913,0.20362096831513649,0.13563378102059995,0.4680238374248812,-0.6051598951481988
sentinel2,treatment_0009,target,treatment_0009,0,3,P03,2024-01,True,,,,0.04513937852865613,0.052452838043322535,0.06774059416071038,0.1630330261853881,0.18657413017672658,0.12830604844576074,0.4465885128493216,-0.5751265355017638
sentinel2,treatment_0009,target,treatment_0009,0,4,P04,2024-02,True,,,,0.037926835700180815,0.05338643279741712,0.07246111666550152,0.17466636600462015,0.2538465200954881,0.17115554851581624,0.41586585498308387,-0.5401424446338859
sentinel2,treatment_0009,target,treatment_0009,0,5,P05,2024-03,True,,,,0.04710497022910909,0.06075948936326628,0.07718323704642988,0.19960539169451055,0.27497111077566216,0.18986057235573847,0.42689991123961907,-0.5274784239953949
sentinel2,treatment_0009,target,treatment_0009,0,6,P06,2024-04,True,,,,0.07730036773848079,0.10524305474729226,0.09820732783806282,0.3292907166730515,0.30884955863007935,0.1913444711018305,0.5397567125354114,-0.5111278326105176
sentinel2,treatment_0009,target,treatment_0009,0,7,P07,2024-05,True,,,,0.04922443384886696,0.08305972149772213,0.04467498500808838,0.5309772701726024,0.24995794778812574,0.1215434555635588,0.8431603058912779,-0.727573831556531
sentinel2,treatment_0009,target,treatment_0009,0,8,P08,2024-06,True,,,,0.03998211759152912,0.06861770065690748,0.041244387880783634,0.5476759869997688,0.2580088047151113,0.11475717665331785,0.8547394459822166,-0.772260222998081
sentinel2,treatment_0009,target,treatment_0009,0,9,P09,2024-07,True,,,,0.043007192151841296,0.06502882944906331,0.04285388524542234,0.4593049402555217,0.24754347746670669,0.11396423212580759,0.826363221424592,-0.7488456695703543
sentinel2,treatment_0009,target,treatment_0009,0,10,P10,2024-08,True,,,,0.03771997361779272,0.058103656609905206,0.035266949383984,0.3831664541824438,0.21564206450304066,0.09892830116943266,0.8310252347435744,-0.739333230459787
sentinel2,counterfactual_0009_01,donor,treatment_0009,1,1,P01,2023-11,False,,,,,,,,,,,
sentinel2,counterfactual_0009_01,donor,treatment_0009,1,2,P02,2023-12,True,,,,0.028252406679830606,0.041647397385757554,0.056264062433492336,0.16831809630126868,0.20938044309224607,0.1332774042218424,0.49845442731627654,-0.611458929688536
sentinel2,counterfactual_0009_01,donor,treatment_0009,1,3,P03,2024-01,True,,,,0.039352705669277274,0.04901675822381005,0.06461922859471143,0.1713163024103971,0.18564721129256923,0.1207372512116571,0.47458398086354375,-0.5973003261124445
sentinel2,counterfactual_0009_01,donor,treatment_0009,1,4,P04,2024-02,True,,,,0.04160581323858754,0.05904800030379558,0.07758656516926812,0.19437082643951986,0.260288064803648,0.1713609843160718,0.4296476133047231,-0.5400992893197468
sentinel2,counterfactual_0009_01,donor,treatment_0009,1,5,P05,2024-03,True,,,,0.05062132150299227,0.06646387127863783,0.0783681797170251,0.2276357366010414,0.27984750539622416,0.18496516018845896,0.4698228160409282,-0.5399859874721906
sentinel2,counterfactual_0009_01,donor,treatment_0009,1,6,P06,2024-04,True,,,,0.05020010301202562,0.08108701120483947,0.06642471826378299,0.31888175667728724,0.26851188140854554,0.15323933945860468,0.6420151928151054,-0.5823535147779374
sentinel2,counterfactual_0009_01,donor,treatment_0009,1,7,P07,2024-05,True,,,,0.04374304485025534,0.08000063729141871,0.04224900506009919,0.4542113567448027,0.23508979531903207,0.11203394769021266,0.8283863057167947,-0.6985039279089816
sentinel2,counterfactual_0009_01,donor,treatment_0009,1,8,P08,2024-06,True,,,,0.0913355848451138,0.1153387512506638,0.08544831405278835,0.5152096018792601,0.2818101901345926,0.1459014654647438,0.7182050855670907,-0.637045563771881
sentinel2,counterfactual_0009_01,donor,treatment_0009,1,9,P09,2024-07,True,,,,0.05213725619871159,0.07467783078129134,0.05303146269231956,0.42837482089126194,0.26416828735250314,0.12738591318340375,0.7731517884657905,-0.6979271255834537
sentinel2,counterfactual_0009_01,donor,treatment_0009,1,10,P10,2024-08,True,,,,0.04645812183048121,0.06775633772144381,0.045390853908472806,0.4014840995113752,0.2437139790457331,0.11453857467508985,0.7965898532221369,-0.7062210017279683
sentinel2,counterfactual_0009_02,donor,treatment_0009,2,1,P01,2023-11,False,,,,,,,,,,,
sentinel2,counterfactual_0009_02,donor,treatment_0009,2,2,P02,2023-12,True,,,,0.02965898447173363,0.04363775128800918,0.06055467120254351,0.16927297330159158,0.21533728066425373,0.13916882659019109,0.4695452999284531,-0.5966134224488342
sentinel2,counterfactual_0009_02,donor,treatment_0009,2,3,P03,2024-01,True,,,,0.036205087790751087,0.04738211458326515,0.0650941869493449,0.1703591755797756,0.19252422314077694,0.12581289086354655,0.4607340177235715,-0.5898056281757009
sentinel2,counterfactual_0009_02,donor,treatment_0009,2,4,P04,2024-02,True,,,,0.04250032358392292,0.06034968639309924,0.08044994122744682,0.19381603764645983,0.2643851824846119,0.1765259972694703,0.41403200703705656,-0.5319099391810322
sentinel2,counterfactual_0009_02,donor,treatment_0009,2,5,P05,2024-03,True,,,,0.052165679931794,0.06738601619451318,0.081526512213277,0.21662700713285568,0.2766886824352486,0.1873466865816089,0.4340182732538363,-0.5155284536178761
sentinel2,counterfactual_0009_02,donor,treatment_0009,2,6,P06,2024-04,True,,,,0.05497553683349945,0.08377500747738312,0.07379029025662857,0.30623756484498743,0.28148701118115244,0.16761778249829765,0.5960209894026627,-0.5562009821568221
sentinel2,counterfactual_0009_02,donor,treatment_0009,2,7,P07,2024-05,True,,,,0.0433999657895317,0.07823386932873408,0.04099356443368782,0.4594560141873563,0.23295868050028395,0.11044662292477384,0.8305404057059612,-0.7054733356758375
sentinel2,counterfactual_0009_02,donor,treatment_0009,2,8,P08,2024-06,True,,,,0.08251579270590674,0.10872368406989728,0.08018998150521926,0.47662058164706217,0.2651190961322274,0.13963469761561534,0.7121468833872716,-0.6280324776965419
sentinel2,counterfactual_0009_02,donor,treatment_0009,2,9,P09,2024-07,True,,,,0.05434808848721001,0.0754778748368115,0.0556316538387485,0.42038493286265005,0.2687904616861107,0.13251095980481767,0.7605763342658418,-0.6917551973060981
sentinel2,counterfactual_0009_02,donor,treatment_0009,2,10,P10,2024-08,True,,,,0.04423730033526975,0.06539083429359417,0.04277257629212895,0.4067615234066535,0.23563325673753685,0.11093662390258076,0.807868395518899,-0.7155539408178613
sentinel2,counterfactual_0009_03,donor,treatment_0009,3,1,P01,2023-11,False,,,,,,,,,,,
sentinel2,counterfactual_0009_03,donor,treatment_0009,3,2,P02,2023-12,True,,,,0.024863268358205747,0.032645181899410264,0.04713716309822509,0.13584558378768843,0.1885374473431054,0.12567698276503952,0.4836657367323137,-0.6161058508462268
sentinel2,counterfactual_0009_03,donor,treatment_0009,3,3,P03,2024-01,True,,,,0.06867807082119376,0.06612903146389476,0.07066426831982534,0.15754081469013484,0.1563156847428918,0.11048587410692584,0.4276531053304018,-0.5007856718902961
sentinel2,counterfactual_0009_03,donor,treatment_0009,3,4,P04,2024-02,True,,,,0.0328290805416619,0.04640352916008625,0.06165404383079607,0.15492798261247293,0.23329396144033307,0.15719491226271595,0.43373170624748303,-0.5441230767475087
sentinel2,counterfactual_0009_03,donor,treatment_0009,3,5,P05,2024-03,True,,,,0.04351361641734649,0.053962508686133,0.07022668379691725,0.1742499509468235,0.2644109055524059,0.18393358503056675,0.4262661313019644,-0.5263662384796488
sentinel2,counterfactual_0009_03,donor,treatment_0009,3,6,P06,2024-04,True,,,,0.03254337816679668,0.07827871788682779,0.04156832673450233,0.3222393883643647,0.21262985975230958,0.10914526996574803,0.766608417875544,-0.6073748206650553
sentinel2,counterfactual_0009_03,donor,treatment_0009,3,7,P07,2024-05,True,,,,0.03745177440979255,0.06709649070400593,0.027496142582850103,0.5325446870908727,0.21812293888213483,0.09127314973200037,0.903731210978402,-0.7807535411282949
sentinel2,counterfactual_0009_03,donor,treatment_0009,3,8,P08,2024-06,True,,,,0.041241420967249705,0.06800453540210723,0.034655987567220874,0.5884663986842796,0.2457889633734275,0.10280929404286746,0.8888180674560587,-0.7927609028176499
sentinel2,counterfactual_0009_03,donor,treatment_0009,3,9,P09,2024-07,True,,,,0.041188530657144985,0.062407406210408536,0.03256273411182215,0.49713783949663237,0.22532283596321245,0.0918032398861701,0.875647037864935,-0.7755341815190062
sentinel2,counterfactual_0009_03,donor,treatment_0009,3,10,P10,2024-08,True,,,,0.03727637001901862,0.058239089387152464,0.031296338647371726,0.43281550829889215,0.20966458187688974,0.08587019909609651,0.866140089997029,-0.7633597208593257
sentinel2,counterfactual_0009_04,donor,treatment_0009,4,1,P01,2023-11,False,,,,,,,,,,,
sentinel2,counterfactual_0009_04,donor,treatment_0009,4,2,P02,2023-12,True,,,,0.032522782143296874,0.047184354562509585,0.06741642004062047,0.16742064511249513,0.21774893648810695,0.141562895735956,0.4436987632404074,-0.5738930101999873
sentinel2,counterfactual_0009_04,donor,treatment_0009,4,3,P03,2024-01,True,,,,0.047586373960443046,0.06042301745941676,0.08316094510135089,0.18792136070915513,0.18282587973934308,0.12173605521100256,0.40963683547827323,-0.5338619070454633
sentinel2,counterfactual_0009_04,donor,treatment_0009,4,4,P04,2024-02,True,,,,0.04479896098319812,0.06362176756577674,0.08709670626446524,0.19471805223240338,0.27809011851171805,0.18555377419234934,0.3983403509615122,-0.5218569381355527
sentinel2,counterfactual_0009_04,donor,treatment_0009,4,5,P05,2024-03,True,,,,0.056483717418899605,0.07446772870143428,0.09218598187496359,0.22893954506283612,0.29657720779451757,0.19967558096231355,0.42815206204412753,-0.5113878059011501
sentinel2,counterfactual_0009_04,donor,treatment_0009,4,6,P06,2024-04,True,,,,0.053247054319022775,0.07813888845448341,0.07424743176613113,0.2862876581458844,0.2658125673827091,0.16244472108679817,0.5788547581080163,-0.5601148045395486
sentinel2,counterfactual_0009_04,donor,treatment_0009,4,7,P07,2024-05,True,,,,0.054969816636173854,0.08720422272993378,0.05307143599125582,0.4644756178084585,0.2522674797590949,0.13011817672897266,0.7855378616625283,-0.6760637000244368
sentinel2,counterfactual_0009_04,donor,treatment_0009,4,8,P08,2024-06,True,,,,0.08338583540538336,0.10899692686190983,0.07468469275368585,0.5566948584396131,0.2685959815415367,0.1343046492119771,0.7709671327737112,-0.6773856075508469
sentinel2,counterfactual_0009_04,donor,treatment_0009,4,9,P09,2024-07,True,,,,0.0598097981662493,0.08673123723326355,0.06463078137440795,0.4321622093256613,0.2703902951094137,0.13908402099964398,0.7390705392490636,-0.6676676264406127
sentinel2,counterfactual_0009_04,donor,treatment_0009,4,10,P10,2024-08,True,,,,0.05133495155355377,0.07121306688328749,0.055443734467699235,0.3434482534888533,0.2393425931957746,0.12175965380882217,0.723935194526059,-0.6563668436038101
sentinel2,counterfactual_0009_05,donor,treatment_0009,5,1,P01,2023-11,False,,,,,,,,,,,
sentinel2,counterfactual_0009_05,donor,treatment_0009,5,2,P02,2023-12,True,,,,0.01969804925022504,0.028923272288395058,0.04085296550053116,0.12683203609625757,0.1672867855442212,0.10595308309304996,0.525907311859861,-0.6343057677215507
sentinel2,counterfactual_0009_05,donor,treatment_0009,5,3,P03,2024-01,True,,,,0.028088834456701843,0.03517848045379437,0.04622019420010393,0.1388897951681387,0.15586028819153816,0.1024945103331017,0.5257530886453106,-0.631108873670592
sentinel2,counterfactual_0009_05,donor,treatment_0009,5,4,P04,2024-02,True,,,,0.02977783067524214,0.04076676804326937,0.053485648573626664,0.14785021083584113,0.2081859177753582,0.13490328409340835,0.4732229861105532,-0.5724349558592988
sentinel2,counterfactual_0009_05,donor,treatment_0009,5,5,P05,2024-03,True,,,,0.03978236458394755,0.050636712149656204,0.06503109022815745,0.17107040993741487,0.24146448407362706,0.1596924713482729,0.4525623335731741,-0.5428830637422078
sentinel2,counterfactual_0009_05,donor,treatment_0009,5,6,P06,2024-04,True,,,,0.06892906098483491,0.09604975020275748,0.08798267830405361,0.26481494463818783,0.26263504534442683,0.1642388783883913,0.5483370676582648,-0.5048226562361777
sentinel2,counterfactual_0009_05,donor,treatment_0009,5,7,P07,2024-05,True,,,,0.03790668944792472,0.06859409119664972,0.029275525241564286,0.4555050110954408,0.18521522121846487,0.07819329898005681,0.8773991087137457,-0.7406362679807419
sentinel2,counterfactual_0009_05,donor,treatment_0009,5,8,P08,2024-06,True,,,,0.026968101197838164,0.05049094703928938,0.023352940922622915,0.46143782943408285,0.19503582490915036,0.07708426150807843,0.9030226388055663,-0.8020849558444902
sentinel2,counterfactual_0009_05,donor,treatment_0009,5,9,P09,2024-07,True,,,,0.03815959671142803,0.056454255904688944,0.031090837412904453,0.43530047331080657,0.2029728326163521,0.07948785394559493,0.8667168275340443,-0.7703850371137575
sentinel2,counterfactual_0009_05,donor,treatment_0009,5,10,P10,2024-08,True,,,,0.045467068391780205,0.059569798176021475,0.03663753399033652,0.3837088841957468,0.19039748182879537,0.08101604271081272,0.8360622489049951,-0.73882568172377
sentinel2,treatment_0010,target,treatment_0010,0,1,P01,2023-11,True,,,,0.03821860117759819,0.058044632990543174,0.07366058731420771,0.23772721311009734,0.2747289234897036,0.16771485151005613,0.5089337367375637,-0.6014569321677049
sentinel2,treatment_0010,target,treatment_0010,0,2,P02,2023-12,True,,,,0.03480906780624653,0.05214628478823126,0.06726382717079542,0.1970196452312067,0.22949568677060733,0.14819262831243343,0.4809287496580512,-0.5808486825684369
sentinel2,treatment_0010,target,treatment_0010,0,3,P03,2024-01,True,,,,0.040247755231754445,0.05598823654652719,0.0742603716378508,0.19846311148901352,0.21161812570600835,0.13979487302019694,0.4639044447601199,-0.5797643573495842
sentinel2,treatment_0010,target,treatment_0010,0,4,P04,2024-02,True,,,,0.04615246554110453,0.06777004719081067,0.08713806015095597,0.22094077039858767,0.2730795556792394,0.1811643021896813,0.4319550899899937,-0.5334794062377191
sentinel2,treatment_0010,target,treatment_0010,0,5,P05,2024-03,True,,,,0.0574222185150769,0.0769931380264041,0.08597203229820859,0.25761985108906377,0.2777706985350462,0.18445163240398615,0.4796653364133793,-0.5320525678387227
sentinel2,treatment_0010,target,treatment_0010,0,6,P06,2024-04,True,,,,0.08548939328977768,0.11645324974989216,0.10578613382341547,0.3765755367534977,0.3162992253115149,0.19376698380275725,0.5780383659503516,-0.5418494523167552
sentinel2,treatment_0010,target,treatment_0010,0,7,P07,2024-05,True,,,,0.05036311440503051,0.0868193264423254,0.04708382117442174,0.5148781891079123,0.24457857549223433,0.11951573693344172,0.8316147306194495,-0.7097151940662778
sentinel2,treatment_0010,target,treatment_0010,0,8,P08,2024-06,True,,,,0.056446805476559815,0.08798776807662016,0.0664843211914309,0.47047337136783735,0.28304005874310684,0.14351593115816802,0.7523662740926048,-0.6840179673873261
sentinel2,treatment_0010,target,treatment_0010,0,9,P09,2024-07,True,,,,0.05734498711752036,0.08025294413903604,0.06993728401235973,0.37957389819835835,0.278942955833318,0.15292080807642064,0.682443035682768,-0.6432104169044164
sentinel2,treatment_0010,target,treatment_0010,0,10,P10,2024-08,True,,,,0.046293966353645154,0.06771637106389347,0.04765903349349007,0.3703143710317816,0.23747867832241334,0.11884030494274736,0.7682058192660278,-0.684277648501169
sentinel2,counterfactual_0010_01,donor,treatment_0010,1,1,P01,2023-11,False,,,,,,,,,,,
sentinel2,counterfactual_0010_01,donor,treatment_0010,1,2,P02,2023-12,True,,,,0.03207276744694061,0.050562493952138916,0.05866624851184401,0.2016849329609469,0.1998178512486111,0.12495174000905011,0.5370393674242978,-0.6018901760970653
sentinel2,counterfactual_0010_01,donor,treatment_0010,1,3,P03,2024-01,True,,,,0.03669805416319554,0.054428526731795004,0.06779915215403723,0.21084425071415602,0.19144133894206986,0.1201742868507134,0.5214531836376554,-0.6064181510841463
sentinel2,counterfactual_0010_01,donor,treatment_0010,1,4,P04,2024-02,True,,,,0.04224554953111396,0.06590425949919859,0.0785571121917551,0.23878539861732692,0.2526550732217762,0.16217111549638275,0.4986171559701355,-0.5670048660752439
sentinel2,counterfactual_0010_01,donor,treatment_0010,1,5,P05,2024-03,True,,,,0.04519042750646505,0.06803752583642471,0.06840554364653717,0.2873925301005777,0.2504528477698865,0.1580223606130841,0.582985697534352,-0.599987370764767
sentinel2,counterfactual_0010_01,donor,treatment_0010,1,6,P06,2024-04,True,,,,0.06131132252119228,0.0938166259350572,0.07131053337843941,0.4057098324275954,0.2507922406752149,0.14250327414764444,0.6916915245851563,-0.6121330127935211
sentinel2,counterfactual_0010_01,donor,treatment_0010,1,7,P07,2024-05,True,,,,0.051854303571185686,0.085869885421066,0.05181634651383615,0.4840357956416162,0.23746691511555193,0.1200309774476212,0.8054005098815377,-0.696515273026163
sentinel2,counterfactual_0010_01,donor,treatment_0010,1,8,P08,2024-06,True,,,,0.04767703173818857,0.08071468986111428,0.06469967657337367,0.43212399273780666,0.28197495326576555,0.14489434361633116,0.7364871068340412,-0.6794287279318445
sentinel2,counterfactual_0010_01,donor,treatment_0010,1,9,P09,2024-07,True,,,,0.0479795854126381,0.07298982952696859,0.0609890501617541,0.36697959018628884,0.27077757093079263,0.14438869721830364,0.7144490815315653,-0.665500295488424
sentinel2,counterfactual_0010_01,donor,treatment_0010,1,10,P10,2024-08,True,,,,0.061544354682219436,0.08519197372111409,0.06052595596870965,0.41160168726429724,0.24801736516701173,0.1263870919007818,0.7509276950225164,-0.6636939681385869
sentinel2,counterfactual_0010_02,donor,treatment_0010,2,1,P01,2023-11,False,,,,,,,,,,,
sentinel2,counterfactual_0010_02,donor,treatment_0010,2,2,P02,2023-12,True,,,,0.03118320798270847,0.04727528721734992,0.06389087140320404,0.18790141585439737,0.2191009602599805,0.13977921783112654,0.48024377470568635,-0.5991739550079271
sentinel2,counterfactual_0010_02,donor,treatment_0010,2,3,P03,2024-01,True,,,,0.03248615846572683,0.0481104357200352,0.06881076742581432,0.18502920800580247,0.2086188315991128,0.136265495119266,0.46092734854834355,-0.5992233668131256
sentinel2,counterfactual_0010_02,donor,treatment_0010,2,4,P04,2024-02,True,,,,0.042992440663960456,0.06257177242253087,0.08331486645274529,0.20614742076337927,0.27165496027705693,0.18035828217568964,0.41935481488889104,-0.5392315882944161
sentinel2,counterfactual_0010_02,donor,treatment_0010,2,5,P05,2024-03,True,,,,0.04878196545148102,0.06820058924136775,0.08215168330449574,0.2448448218589667,0.2816300198553812,0.1864150099028455,0.4684392483971349,-0.5499918758304845
sentinel2,counterfactual_0010_02,donor,treatment_0010,2,6,P06,2024-04,True,,,,0.055444892070643265,0.08617304537537289,0.07748009272364309,0.33479079234915876,0.28262651229867475,0.16801049396426343,0.6062273229146568,-0.5759911321409223
sentinel2,counterfactual_0010_02,donor,treatment_0010,2,7,P07,2024-05,True,,,,0.03871357433202833,0.07078376247372367,0.03686338620481662,0.487446708027089,0.22403002494485072,0.10659200998152246,0.8590759547699317,-0.7456860803637082
sentinel2,counterfactual_0010_02,donor,treatment_0010,2,8,P08,2024-06,True,,,,0.03826131689537427,0.07114061399372203,0.048265252526259364,0.47077595545587564,0.24964299507070295,0.12149510896663264,0.8104550072469628,-0.7332334615212709
sentinel2,counterfactual_0010_02,donor,treatment_0010,2,9,P09,2024-07,True,,,,0.05746047800023328,0.07931368749119365,0.06861995238979571,0.3953264060042301,0.2775446045847642,0.1508418769873264,0.6973536998930792,-0.6599006307420924
sentinel2,counterfactual_0010_02,donor,treatment_0010,2,10,P10,2024-08,True,,,,0.03945929709545309,0.059625970409390064,0.042036663459816784,0.354492282144504,0.21360733675632146,0.10619137136357845,0.7874544522756397,-0.709727704492536
sentinel2,counterfactual_0010_03,donor,treatment_0010,3,1,P01,2023-11,False,,,,,,,,,,,
sentinel2,counterfactual_0010_03,donor,treatment_0010,3,2,P02,2023-12,True,,,,0.025733266401341156,0.03833565344238229,0.05033217340410418,0.15545938639288884,0.18568762858443816,0.11962757573377478,0.5076219902156837,-0.6073323020662423
sentinel2,counterfactual_0010_03,donor,treatment_0010,3,3,P03,2024-01,True,,,,0.038376732726399646,0.04843112447052629,0.06048946189506719,0.1626058522649836,0.16486663068217888,0.10797342425709834,0.48194713571414083,-0.5787434619412728
sentinel2,counterfactual_0010_03,donor,treatment_0010,3,4,P04,2024-02,True,,,,0.033125360333741895,0.04890723472740291,0.0637196746346498,0.1700213068248787,0.2255791490124249,0.1483816195163595,0.4582471575322496,-0.5601469044381059
sentinel2,counterfactual_0010_03,donor,treatment_0010,3,5,P05,2024-03,True,,,,0.040082746906610095,0.0540808794132393,0.06569553971412562,0.1946006126584241,0.24344258367834157,0.16230046061683714,0.47614023671373645,-0.555481472198618
sentinel2,counterfactual_0010_03,donor,treatment_0010,3,6,P06,2024-04,True,,,,0.06251471925246757,0.08967624756474435,0.07963256554749477,0.2981706547227026,0.2578961474704294,0.15711484172393056,0.5786756779102002,-0.5323524134303528
sentinel2,counterfactual_0010_03,donor,treatment_0010,3,7,P07,2024-05,True,,,,0.03959944619837432,0.07209850517407888,0.035479467757847445,0.466940839104694,0.2090579745068572,0.09554348605109855,0.8589166043660954,-0.7344029739071091
sentinel2,counterfactual_0010_03,donor,treatment_0010,3,8,P08,2024-06,True,,,,0.04795685281596415,0.07232683711576238,0.04619756214142308,0.43784454547948415,0.20627917201394108,0.09302598848846842,0.7975872291218576,-0.7035919505805669
sentinel2,counterfactual_0010_03,donor,treatment_0010,3,9,P09,2024-07,True,,,,0.03832008140270277,0.060854583024779973,0.03908040395150605,0.40313961381053776,0.21933532480153017,0.10068382520574458,0.8195678207987886,-0.7329975076749411
sentinel2,counterfactual_0010_03,donor,treatment_0010,3,10,P10,2024-08,True,,,,0.0493501570972979,0.06999353724219683,0.04728151451010578,0.39021597806587693,0.22155216414053994,0.10438417905969209,0.7898335678427783,-0.6993064070569252
sentinel2,counterfactual_0010_04,donor,treatment_0010,4,1,P01,2023-11,False,,,,,,,,,,,
sentinel2,counterfactual_0010_04,donor,treatment_0010,4,2,P02,2023-12,True,,,,0.020373424207086443,0.02910086271590904,0.03905183813194846,0.12854775022534562,0.16370672464981323,0.10803599645768108,0.5344389990554956,-0.6349797062301925
sentinel2,counterfactual_0010_04,donor,treatment_0010,4,3,P03,2024-01,True,,,,0.0503313940325057,0.05327210573748757,0.06105448490134856,0.1520533722873462,0.14561457700100544,0.10160121066630348,0.48160535430612544,-0.5624723917242359
sentinel2,counterfactual_0010_04,donor,treatment_0010,4,4,P04,2024-02,True,,,,0.030226090655587894,0.0432244339454238,0.055412288094004246,0.15555469566128463,0.21086612587734221,0.13996109698300455,0.4804557319900333,-0.5701454364807041
sentinel2,counterfactual_0010_04,donor,treatment_0010,4,5,P05,2024-03,True,,,,0.04124445159091586,0.05331152837470418,0.06458929523792048,0.1815434466989388,0.23893949115274,0.16235811694318578,0.4754979809164218,-0.5463523474111006
sentinel2,counterfactual_0010_04,donor,treatment_0010,4,6,P06,2024-04,True,,,,0.04586700331476311,0.06709524564377094,0.056930801032061565,0.24487532603251047,0.2255747181745665,0.13571712575687075,0.6126131236979733,-0.5600938596639922
sentinel2,counterfactual_0010_04,donor,treatment_0010,4,7,P07,2024-05,True,,,,0.056660083551156766,0.0930597051729344,0.04541815254758498,0.49059086246296774,0.2310231273812457,0.11023877562004523,0.8235916249143063,-0.6749769776711281
sentinel2,counterfactual_0010_04,donor,treatment_0010,4,8,P08,2024-06,True,,,,0.03484785813829232,0.06376248370623615,0.031203865584576697,0.5002560879813244,0.22699204705473083,0.09671586528818474,0.8756643201618495,-0.7662072072147109
sentinel2,counterfactual_0010_04,donor,treatment_0010,4,9,P09,2024-07,True,,,,0.04112286060213114,0.06343784466946334,0.0386008763665014,0.4139121400429673,0.22301508656556798,0.0997772163305723,0.8258778430697883,-0.7299052801693733
sentinel2,counterfactual_0010_04,donor,treatment_0010,4,10,P10,2024-08,True,,,,0.03911195972140263,0.056763964405805736,0.034222434147127515,0.3562128664117714,0.19845510249265957,0.08942185087702272,0.8276035481954881,-0.7225390615422121
sentinel2,counterfactual_0010_05,donor,treatment_0010,5,1,P01,2023-11,False,,,,,,,,,,,
sentinel2,counterfactual_0010_05,donor,treatment_0010,5,2,P02,2023-12,True,,,,0.021434212372291362,0.030061342088329304,0.0437472307487588,0.12592551226752954,0.17596306253847988,0.11543847661570945,0.495523025885293,-0.6259737318899687
sentinel2,counterfactual_0010_05,donor,treatment_0010,5,3,P03,2024-01,True,,,,0.0499897363751543,0.052791628316383,0.06098587402130168,0.14474024109391911,0.1502435546181749,0.10267758072182169,0.4500453346804677,-0.5400567096701417
sentinel2,counterfactual_0010_05,donor,treatment_0010,5,4,P04,2024-02,True,,,,0.030266253376260373,0.042709675627467435,0.058321199025536986,0.1474952112360014,0.2226845993941677,0.14832574731519954,0.4356723109561665,-0.5536763596132729
sentinel2,counterfactual_0010_05,donor,treatment_0010,5,5,P05,2024-03,True,,,,0.041725811294085806,0.05180458297264446,0.06858330075643207,0.16756519942280826,0.26132464480743656,0.17970938144151094,0.4197845762675328,-0.528065538475904
sentinel2,counterfactual_0010_05,donor,treatment_0010,5,6,P06,2024-04,True,,,,0.08951641028184024,0.11466417032281286,0.10962727682152083,0.2823403537786132,0.3020971765408106,0.19909765706694765,0.48202992116495763,-0.4506092882398273
sentinel2,counterfactual_0010_05,donor,treatment_0010,5,7,P07,2024-05,True,,,,0.03240438196477604,0.06433165876225694,0.023886780746908542,0.5102163713511948,0.20489515758427834,0.08305317125779929,0.9090777168191189,-0.7816161190034268
sentinel2,counterfactual_0010_05,donor,treatment_0010,5,8,P08,2024-06,True,,,,0.04976663077187128,0.07156157738852063,0.042049995167134334,0.5136555338265814,0.22005498969616838,0.09308382505915257,0.8473763174957393,-0.7539974944391223
sentinel2,counterfactual_0010_05,donor,treatment_0010,5,9,P09,2024-07,True,,,,0.043493240866830166,0.06322266946670624,0.03783829530753811,0.43813045290320213,0.20814215255366764,0.08664327523831865,0.8494115142059868,-0.7543033472277022
sentinel2,counterfactual_0010_05,donor,treatment_0010,5,10,P10,2024-08,True,,,,0.03583727570641976,0.05428848477808107,0.029960360084968125,0.41221765718077025,0.19557430416201468,0.07894946815969482,0.862462182931526,-0.7631577879814997
sentinel2,treatment_0011,target,treatment_0011,0,1,P01,2023-11,True,,,,0.026681197984035447,0.03773999620385489,0.05274113824499926,0.17575945994770067,0.20602130683780057,0.12267630635733792,0.5203336150275061,-0.6356139567339845
sentinel2,treatment_0011,target,treatment_0011,0,2,P02,2023-12,True,,,,0.02112800220691656,0.028849862819390355,0.03899772579607288,0.12658830513578223,0.16204269206117222,0.1055886972819388,0.5279794127090855,-0.6353114442960992
sentinel2,treatment_0011,target,treatment_0011,0,3,P03,2024-01,True,,,,0.047677619850048696,0.052019027560859306,0.06010138234206668,0.15540344082129467,0.1506457013748064,0.10321208701463801,0.4889044994911064,-0.5789885622267629
sentinel2,treatment_0011,target,treatment_0011,0,4,P04,2024-02,True,,,,0.02924194692123421,0.041188123810690515,0.05327048829306856,0.151606215233999,0.20838591792094754,0.13663953540226068,0.48052236901149015,-0.5748143282436574
sentinel2,treatment_0011,target,treatment_0011,0,5,P05,2024-03,True,,,,0.03843780523156018,0.049198068900048623,0.06225829831883348,0.17162532104094722,0.23864732863692464,0.16136125862341327,0.4676194595535086,-0.5543233031207423
sentinel2,treatment_0011,target,treatment_0011,0,6,P06,2024-04,True,,,,0.0745927273469361,0.10460315931088837,0.07943351590067582,0.3018058514330089,0.22984284286460704,0.14006177787952,0.6088436760715598,-0.49711016261400975
sentinel2,treatment_0011,target,treatment_0011,0,7,P07,2024-05,True,,,,0.03360944375417108,0.06461183157041768,0.026815410617612105,0.5081242101072887,0.2138026995623035,0.09241459244083731,0.8986472064719291,-0.7737825016007978
sentinel2,treatment_0011,target,treatment_0011,0,8,P08,2024-06,True,,,,0.03177964400971737,0.05880539771677467,0.027945793905765237,0.5264459949413525,0.22537361490137783,0.092490353145854,0.8971208738520883,-0.7970215555600246
sentinel2,treatment_0011,target,treatment_0011,0,9,P09,2024-07,True,,,,0.04117415947829575,0.06325543582703819,0.03585410259504106,0.46070593073723093,0.22421235670565204,0.09428889811646644,0.8556338675000974,-0.7585926747897036
sentinel2,treatment_0011,target,treatment_0011,0,10,P10,2024-08,True,,,,0.03737246848821038,0.05621241553799859,0.03274080486789765,0.3949091314609209,0.2044968631656459,0.08798083532614377,0.8368405845148075,-0.7416473674769496
sentinel2,counterfactual_0011_01,donor,treatment_0011,1,1,P01,2023-11,False,,,,,,,,,,,
sentinel2,counterfactual_0011_01,donor,treatment_0011,1,2,P02,2023-12,True,,,,0.02358776595528613,0.037620703921406345,0.04516943446846857,0.16780411730931355,0.1670953238195046,0.10482551717601002,0.5905380068780884,-0.6442785311441728
sentinel2,counterfactual_0011_01,donor,treatment_0011,1,3,P03,2024-01,True,,,,0.039427066009056586,0.04959759833230931,0.0581021518256022,0.1779396432726617,0.1505350161878084,0.09712936973577035,0.553866525036297,-0.6179395653471773
sentinel2,counterfactual_0011_01,donor,treatment_0011,1,4,P04,2024-02,True,,,,0.03458438886112427,0.05202846783962411,0.06259618183721538,0.1929228555799296,0.21536511122748006,0.13898886875035354,0.5288682905245897,-0.5872727776567628
sentinel2,counterfactual_0011_01,donor,treatment_0011,1,5,P05,2024-03,True,,,,0.03974327525262178,0.057054063387791405,0.06106495938894971,0.2234527349680934,0.22420587199959682,0.14420107831184611,0.5678353750983847,-0.5898561372077765
sentinel2,counterfactual_0011_01,donor,treatment_0011,1,6,P06,2024-04,True,,,,0.04654730917697279,0.06873040886353177,0.052788226754671104,0.29036855214268026,0.21526109213140032,0.12215389674895535,0.6781491704074065,-0.6030555674783413
sentinel2,counterfactual_0011_01,donor,treatment_0011,1,7,P07,2024-05,True,,,,0.050280572925275366,0.08494396521719845,0.0455603441883502,0.43673880325692505,0.2237782291889215,0.10919383237225692,0.8038807891063521,-0.6678380321022391
sentinel2,counterfactual_0011_01,donor,treatment_0011,1,8,P08,2024-06,True,,,,0.04359841927090537,0.0746266867917394,0.045694469698716426,0.4420548014912971,0.2339422043398614,0.10919807938713752,0.8058567533325846,-0.7026536461139423
sentinel2,counterfactual_0011_01,donor,treatment_0011,1,9,P09,2024-07,True,,,,0.04538231123409672,0.06872152864680794,0.05156614259469224,0.34604303106290396,0.23325773694649496,0.11747491374112087,0.7337471514600856,-0.6596579517413675
sentinel2,counterfactual_0011_01,donor,treatment_0011,1,10,P10,2024-08,True,,,,0.043277316056896734,0.0626102441748548,0.04422892374468135,0.319507940623494,0.21275531821578825,0.10608044317461979,0.7553577834619586,-0.6633598885721067
sentinel2,counterfactual_0011_02,donor,treatment_0011,2,1,P01,2023-11,False,,,,,,,,,,,
sentinel2,counterfactual_0011_02,donor,treatment_0011,2,2,P02,2023-12,True,,,,0.031183560499293318,0.045290167734395564,0.06233769245330694,0.17536644459281286,0.2139809037578911,0.13702860509644604,0.4710112574201053,-0.5943802153230964
sentinel2,counterfactual_0011_02,donor,treatment_0011,2,3,P03,2024-01,True,,,,0.03710860704069218,0.05022468883967597,0.07025705828302561,0.17861559649597264,0.20523895688611332,0.135851416477192,0.4536641923618128,-0.5918243951104386
sentinel2,counterfactual_0011_02,donor,treatment_0011,2,4,P04,2024-02,True,,,,0.04384262825493578,0.06193894238941866,0.0834136556734651,0.19712489971549776,0.27101674346833377,0.17936725784032886,0.4098470472197429,-0.5335713769802684
sentinel2,counterfactual_0011_02,donor,treatment_0011,2,5,P05,2024-03,True,,,,0.05056634653166467,0.06781811596884697,0.0844681845834931,0.22557467910010212,0.283497441850355,0.1898307959018601,0.44101946328831193,-0.533391369860402
sentinel2,counterfactual_0011_02,donor,treatment_0011,2,6,P06,2024-04,True,,,,0.06117990891458375,0.09432476727988905,0.0788203118858884,0.3464554018316263,0.2789141750928176,0.1603477991435963,0.6383613431606208,-0.5758082827053027
sentinel2,counterfactual_0011_02,donor,treatment_0011,2,7,P07,2024-05,True,,,,0.06451774345568997,0.09193887376737658,0.0582822126103314,0.4770650916658258,0.23214079528015719,0.11869356923156621,0.7859911009524689,-0.6827068991368219
sentinel2,counterfactual_0011_02,donor,treatment_0011,2,8,P08,2024-06,True,,,,0.03386952754719233,0.06651610144541002,0.04422873741552802,0.44755044116008375,0.243451112772294,0.11564612289425578,0.8119613181877435,-0.7335636622837836
sentinel2,counterfactual_0011_02,donor,treatment_0011,2,9,P09,2024-07,True,,,,0.041836751313983615,0.06521375856197309,0.049290157878659493,0.3897853591298136,0.2500106658570709,0.122053338022118,0.7680657677678907,-0.7063327586664871
sentinel2,counterfactual_0011_02,donor,treatment_0011,2,10,P10,2024-08,True,,,,0.041934898625644805,0.06044005987872307,0.03862020885804645,0.36303849144053685,0.20088389383824523,0.09375753369317102,0.8079205866920961,-0.7132984592556755
sentinel2,counterfactual_0011_03,donor,treatment_0011,3,1,P01,2023-11,False,,,,,,,,,,,
sentinel2,counterfactual_0011_03,donor,treatment_0011,3,2,P02,2023-12,True,,,,0.025936534715719703,0.03584685155508869,0.04904628719588728,0.14019260396904284,0.1887091486303523,0.12619796035387137,0.48548569605897857,-0.5968507615498977
sentinel2,counterfactual_0011_03,donor,treatment_0011,3,3,P03,2024-01,True,,,,0.07657078719133033,0.07645492086355289,0.0828604505171695,0.17506140109631094,0.16673124745488166,0.11699134652788687,0.4175024052429022,-0.49081273062910774
sentinel2,counterfactual_0011_03,donor,treatment_0011,3,4,P04,2024-02,True,,,,0.03707850998834624,0.050908886243100505,0.06576126252384026,0.17080912391811903,0.2378384554150081,0.16034186149440188,0.4460402077266781,-0.5464408340504264
sentinel2,counterfactual_0011_03,donor,treatment_0011,3,5,P05,2024-03,True,,,,0.045967529785478176,0.06029088624024598,0.07372012882760846,0.2014037326575801,0.2686754552946232,0.1844544259421896,0.45264367496023084,-0.5331947954662956
sentinel2,counterfactual_0011_03,donor,treatment_0011,3,6,P06,2024-04,True,,,,0.053999089185738626,0.0765607427141749,0.06927065357990046,0.282018480336312,0.2620405145830447,0.16430839590802052,0.5803820842261066,-0.5518912749353907
sentinel2,counterfactual_0011_03,donor,treatment_0011,3,7,P07,2024-05,True,,,,0.04923011499528957,0.08653059475529491,0.045795164056997524,0.48708316027313564,0.25297792281478393,0.12301445783467922,0.821084871045773,-0.6917855663591599
sentinel2,counterfactual_0011_03,donor,treatment_0011,3,8,P08,2024-06,True,,,,0.03562808034901211,0.0670689518716069,0.0368228647930218,0.5029941611646583,0.2568268081425256,0.11457952589381214,0.8585055944584782,-0.7600903422063621
sentinel2,counterfactual_0011_03,donor,treatment_0011,3,9,P09,2024-07,True,,,,0.04900776247078977,0.07517999016559951,0.04692966345826736,0.47588497049442613,0.2676154652828037,0.1246167822005135,0.8137387285329918,-0.7241443861511969
sentinel2,counterfactual_0011_03,donor,treatment_0011,3,10,P10,2024-08,True,,,,0.0479085644391725,0.06722742088212826,0.04504376741919187,0.38724474757467164,0.23438607911662301,0.11075346540253941,0.7822593142416807,-0.6908498967387299
sentinel2,counterfactual_0011_04,donor,treatment_0011,4,1,P01,2023-11,False,,,,,,,,,,,
sentinel2,counterfactual_0011_04,donor,treatment_0011,4,2,P02,2023-12,True,,,,0.03640939130249416,0.05611650827473619,0.06944075097926906,0.21931744938295047,0.23150554843047544,0.14641888040430978,0.5067884578102422,-0.5877727752376899
sentinel2,counterfactual_0011_04,donor,treatment_0011,4,3,P03,2024-01,True,,,,0.037486079871553994,0.05650343113796052,0.07457375756414959,0.21619189306019965,0.21902037041115535,0.14046912072610765,0.4884867337995675,-0.5917174654407075
sentinel2,counterfactual_0011_04,donor,treatment_0011,4,4,P04,2024-02,True,,,,0.04711644453516124,0.07013175677668433,0.08666733174850755,0.24013637892997577,0.2759735218588248,0.1799350699210632,0.46551136268634574,-0.5485932085969474
sentinel2,counterfactual_0011_04,donor,treatment_0011,4,5,P05,2024-03,True,,,,0.04835169601069106,0.07160607798273523,0.07506150874753768,0.2890357366413296,0.2666512695951399,0.16694938757439218,0.5685985040014746,-0.5912951798560883
sentinel2,counterfactual_0011_04,donor,treatment_0011,4,6,P06,2024-04,True,,,,0.0460016420957385,0.07904293711247275,0.060668812004003723,0.3689914124729049,0.2521696694691197,0.1369550338785691,0.7066241189882739,-0.6372669912482486
sentinel2,counterfactual_0011_04,donor,treatment_0011,4,7,P07,2024-05,True,,,,0.0568822273308566,0.0871789882234374,0.057257015438441874,0.454682832042365,0.24528397417728884,0.12716766534517415,0.7814406221855691,-0.680808591263115
sentinel2,counterfactual_0011_04,donor,treatment_0011,4,8,P08,2024-06,True,,,,0.06580945021078753,0.09887750413258764,0.0772203936769233,0.4440212184640597,0.2763861400804751,0.14521443129549771,0.7077350139658085,-0.6379462544672252
sentinel2,counterfactual_0011_04,donor,treatment_0011,4,9,P09,2024-07,True,,,,0.06358201162568781,0.08853871688654277,0.07989274100186415,0.3668982894084533,0.29887423754533055,0.16737808087604583,0.6405160227788101,-0.6094255096821116
sentinel2,counterfactual_0011_04,donor,treatment_0011,4,10,P10,2024-08,True,,,,0.04379574069529611,0.06706038145929993,0.04665321543277385,0.3453323889957224,0.23252908539718278,0.11737526725634748,0.7600621593669283,-0.6765535033581223
sentinel2,counterfactual_0011_05,donor,treatment_0011,5,1,P01,2023-11,False,,,,,,,,,,,
sentinel2,counterfactual_0011_05,donor,treatment_0011,5,2,P02,2023-12,True,,,,0.02960756793621055,0.042439290356873716,0.05615397518457411,0.15906926772560212,0.19796872862781126,0.13021022448974104,0.48734710984893925,-0.5824831737603762
sentinel2,counterfactual_0011_05,donor,treatment_0011,5,3,P03,2024-01,True,,,,0.039806411184505425,0.05040828354924243,0.06499066765223575,0.17100134791064825,0.18745466120926005,0.12456553285261683,0.47959742563894536,-0.5821373434442435
sentinel2,counterfactual_0011_05,donor,treatment_0011,5,4,P04,2024-02,True,,,,0.0419145280837833,0.058319674625499036,0.07528613384596879,0.1878779433114764,0.25624518659860174,0.17059459852717715,0.4444386815558124,-0.5397423105397454
sentinel2,counterfactual_0011_05,donor,treatment_0011,5,5,P05,2024-03,True,,,,0.048418091466737465,0.06606088625061729,0.07940589170656465,0.2165304920532495,0.27680274459698917,0.18409704923945283,0.4699272684469555,-0.5367955493108687
sentinel2,counterfactual_0011_05,donor,treatment_0011,5,6,P06,2024-04,True,,,,0.05556452808776225,0.07872709548474234,0.07387161562919511,0.2828882462511681,0.27186473864730043,0.16937978640264442,0.5791033520270604,-0.5574964719077042
sentinel2,counterfactual_0011_05,donor,treatment_0011,5,7,P07,2024-05,True,,,,0.05409148621271813,0.087782898879632,0.04612267921370959,0.49479947565420157,0.24999899043573864,0.1201166894950419,0.8278399784738393,-0.6967558282528008
sentinel2,counterfactual_0011_05,donor,treatment_0011,5,8,P08,2024-06,True,,,,0.03549498399615737,0.07412353963925138,0.042940145316631304,0.45326664455944465,0.2419429940545576,0.11508511799875853,0.8251068937237994,-0.7156004351040844
sentinel2,counterfactual_0011_05,donor,treatment_0011,5,9,P09,2024-07,True,,,,0.04492934520711777,0.07059648080655272,0.048118419807563866,0.397581109799552,0.24370781307640688,0.11687018430071734,0.7832505607256445,-0.6951817951482214
sentinel2,counterfactual_0011_05,donor,treatment_0011,5,10,P10,2024-08,True,,,,0.040041221533240544,0.06270036276887474,0.041477012111947896,0.3498058081938232,0.22194106951202555,0.1061592589585048,0.7796788539647261,-0.6830656952135657
sentinel2,treatment_0012,target,treatment_0012,0,1,P01,2023-11,True,,,,0.027221679314117342,0.03811262630612029,0.0566966768900865,0.16965733263460828,0.22230787181571446,0.13266475362095712,0.4832785586471266,-0.6197134761024533
sentinel2,treatment_0012,target,treatment_0012,0,2,P02,2023-12,True,,,,0.02281868937801902,0.030388550210911976,0.0441114107325689,0.12377769828340099,0.17929076561360088,0.11870131357655597,0.489011110083319,-0.6190367250211822
sentinel2,treatment_0012,target,treatment_0012,0,3,P03,2024-01,True,,,,0.04900683270482004,0.05138982948067523,0.061054406516614826,0.1461861630870288,0.1687344575406535,0.11634650530797362,0.4576586300547176,-0.5681811058922102
sentinel2,treatment_0012,target,treatment_0012,0,4,P04,2024-02,True,,,,0.032130070672576914,0.0441733409674635,0.059064758455099786,0.14828825609643645,0.2256710422093372,0.15081746876678004,0.43348314936003746,-0.5450394938692323
sentinel2,treatment_0012,target,treatment_0012,0,5,P05,2024-03,True,,,,0.04214263806265089,0.05369929424257442,0.06995328902429886,0.17191627294003362,0.2604990000847963,0.1768912067498989,0.4256940206708002,-0.5273157541640376
sentinel2,treatment_0012,target,treatment_0012,0,6,P06,2024-04,True,,,,0.07597105092855715,0.10791930742954137,0.08769255797205444,0.3154891061487813,0.27941130367760464,0.16955445833258345,0.5886859151478285,-0.505680491122978
sentinel2,treatment_0012,target,treatment_0012,0,7,P07,2024-05,True,,,,0.04102570789192876,0.06773674566439478,0.02932281616718628,0.5280181865247732,0.21682427210831823,0.09234780357526592,0.8955659896840977,-0.7734516243700417
sentinel2,treatment_0012,target,treatment_0012,0,8,P08,2024-06,True,,,,0.029476876106076244,0.05532048901961235,0.025891864578900345,0.5235557561497115,0.23276281942198288,0.0931136559714787,0.9048397816615358,-0.8079750601621396
sentinel2,treatment_0012,target,treatment_0012,0,9,P09,2024-07,True,,,,0.059390363759570186,0.07634552992437005,0.05066954228161901,0.4397853250785933,0.22708612889323138,0.10402329174481985,0.8142707316317567,-0.7223876441866612
sentinel2,treatment_0012,target,treatment_0012,0,10,P10,2024-08,True,,,,0.033252960550095294,0.04970636715022954,0.02732805611357369,0.3594653612162866,0.1894171158831069,0.0778409176844906,0.8575208794339102,-0.7558298808618475
sentinel2,counterfactual_0012_01,donor,treatment_0012,1,1,P01,2023-11,False,,,,,,,,,,,
sentinel2,counterfactual_0012_01,donor,treatment_0012,1,2,P02,2023-12,True,,,,0.026601490092957435,0.03664031965378151,0.05674820125658814,0.13531029308535236,0.2083925693057154,0.1399342418688382,0.40137699697341606,-0.5677367639771257
sentinel2,counterfactual_0012_01,donor,treatment_0012,1,3,P03,2024-01,True,,,,0.02582867370377731,0.03547536524447442,0.05585274003199965,0.13569472602343702,0.1909868053251266,0.12893536905499256,0.41576835158151476,-0.5846087398856028
sentinel2,counterfactual_0012_01,donor,treatment_0012,1,4,P04,2024-02,True,,,,0.03433084510109385,0.04730124017881968,0.06883788366575894,0.14775298510114535,0.24768678112721143,0.17031924810880258,0.36604578771137536,-0.5175965135894608
sentinel2,counterfactual_0012_01,donor,treatment_0012,1,5,P05,2024-03,True,,,,0.0417017058274253,0.05494495648162182,0.0777688561278168,0.16630914618224912,0.2772079500503113,0.19046884615866416,0.36373742511547985,-0.5037204145307156
sentinel2,counterfactual_0012_01,donor,treatment_0012,1,6,P06,2024-04,True,,,,0.05163805026795838,0.07409432424388847,0.07124878943412721,0.24072334088100988,0.2523938144580276,0.16171346929769004,0.5370346980256878,-0.516050466298239
sentinel2,counterfactual_0012_01,donor,treatment_0012,1,7,P07,2024-05,True,,,,0.0496755348343305,0.08207978335379192,0.04521426905318767,0.5005893932299079,0.23634506299668243,0.11350272479091891,0.8291771190583165,-0.714492216623322
sentinel2,counterfactual_0012_01,donor,treatment_0012,1,8,P08,2024-06,True,,,,0.037833364443949725,0.06665728371358481,0.04293571222829516,0.44480138207992936,0.2351138517048742,0.11165914123385061,0.823520857868896,-0.7380077976530036
sentinel2,counterfactual_0012_01,donor,treatment_0012,1,9,P09,2024-07,True,,,,0.04263812384268061,0.06409587794870106,0.041403700683312304,0.4314031077023172,0.23070892558975695,0.10716586113019896,0.8215657909536885,-0.7374350144917236
sentinel2,counterfactual_0012_01,donor,treatment_0012,1,10,P10,2024-08,True,,,,0.041170434340828774,0.057403529168589304,0.04040716599927569,0.33608633469844634,0.19651544930806125,0.09523259491201663,0.785852429477003,-0.7067640663864402
sentinel2,counterfactual_0012_02,donor,treatment_0012,2,1,P01,2023-11,False,,,,,,,,,,,
sentinel2,counterfactual_0012_02,donor,treatment_0012,2,2,P02,2023-12,True,,,,0.03008212927375109,0.0436605333754285,0.0568463485244495,0.1682492992508842,0.20461333217459932,0.131893657470346,0.4955555630150176,-0.5964169905641215
sentinel2,counterfactual_0012_02,donor,treatment_0012,2,3,P03,2024-01,True,,,,0.04641204787893753,0.056213523268676235,0.06957981089063306,0.1779520929514494,0.18901357726511586,0.12513148723650933,0.46847413287644774,-0.5807234132721759
sentinel2,counterfactual_0012_02,donor,treatment_0012,2,4,P04,2024-02,True,,,,0.042496897442314364,0.06083435463875097,0.07880779349346197,0.20051302326885687,0.25951237604642846,0.1713951673066893,0.4368956712426163,-0.5409709244408498
sentinel2,counterfactual_0012_02,donor,treatment_0012,2,5,P05,2024-03,True,,,,0.0480339477716439,0.06696331742049906,0.07884298609974115,0.23616782671598205,0.27209236346854965,0.17750904830708572,0.48190597386689454,-0.549618936326136
sentinel2,counterfactual_0012_02,donor,treatment_0012,2,6,P06,2024-04,True,,,,0.08699162588639965,0.11570897031652687,0.09976262151713595,0.3284134327892155,0.2640506059146293,0.17015710699421532,0.5678852185756968,-0.4994523562009559
sentinel2,counterfactual_0012_02,donor,treatment_0012,2,7,P07,2024-05,True,,,,0.04336778264218494,0.07680880322901948,0.04186815023823949,0.46576629238565254,0.23140584255810895,0.11334786789652274,0.8279828126677846,-0.7110689152096045
sentinel2,counterfactual_0012_02,donor,treatment_0012,2,8,P08,2024-06,True,,,,0.04238643281155577,0.0791122881059652,0.04986901292331797,0.47487557604404984,0.2519311047385644,0.12179374575991804,0.8085845609665437,-0.7123901246581363
sentinel2,counterfactual_0012_02,donor,treatment_0012,2,9,P09,2024-07,True,,,,0.05427571553622836,0.07775995085594381,0.062331022296517186,0.40125352444089984,0.26958001804125575,0.14068415500272266,0.7210750258095187,-0.6671258830127317
sentinel2,counterfactual_0012_02,donor,treatment_0012,2,10,P10,2024-08,True,,,,0.04584231945250464,0.06914314785390674,0.04638678080232228,0.37737606601812784,0.23249980403259565,0.11449879422709353,0.7783840931188756,-0.6915593165697952
sentinel2,counterfactual_0012_03,donor,treatment_0012,3,1,P01,2023-11,False,,,,,,,,,,,
sentinel2,counterfactual_0012_03,donor,treatment_0012,3,2,P02,2023-12,True,,,,0.026565513236243846,0.035606175937838755,0.0528976670017866,0.1388198706578785,0.2041190080596657,0.13491487110766018,0.4549035664580988,-0.5945312285637133
sentinel2,counterfactual_0012_03,donor,treatment_0012,3,3,P03,2024-01,True,,,,0.046630104909929526,0.05176913541516142,0.06573572209957675,0.15640662203308894,0.1883703460720588,0.12851398886740062,0.4444877843204263,-0.5674365259814339
sentinel2,counterfactual_0012_03,donor,treatment_0012,3,4,P04,2024-02,True,,,,0.035586844518128484,0.05023659946899629,0.07007108623947615,0.16497060087620014,0.25224559342565517,0.16713916786207123,0.40839576547361567,-0.5363617350442563
sentinel2,counterfactual_0012_03,donor,treatment_0012,3,5,P05,2024-03,True,,,,0.049441657777637926,0.06207535052981526,0.08244275084736241,0.19008902059505528,0.2934712287027244,0.19939210880633582,0.4001161470803288,-0.512965524340363
sentinel2,counterfactual_0012_03,donor,treatment_0012,3,6,P06,2024-04,True,,,,0.04179227045511612,0.07699322139753184,0.05168066378096724,0.2904573375673788,0.2213150575302732,0.1219614645439367,0.6873889300691393,-0.5740688515082257
sentinel2,counterfactual_0012_03,donor,treatment_0012,3,7,P07,2024-05,True,,,,0.03792989909036839,0.07354011871274892,0.029629384428967526,0.5223620627460708,0.22475031372928442,0.09753036949082036,0.8935494879135583,-0.7562790014570617
sentinel2,counterfactual_0012_03,donor,treatment_0012,3,8,P08,2024-06,True,,,,0.058840045165234584,0.08628289134500108,0.051169600855398394,0.5420163688050188,0.25502762392268824,0.1126734706542604,0.8284630462153066,-0.7257634545132489
sentinel2,counterfactual_0012_03,donor,treatment_0012,3,9,P09,2024-07,True,,,,0.037098289478623904,0.06012374777140518,0.030011523433001168,0.466993436867344,0.2263363835338564,0.0920936869549209,0.8779648986532108,-0.7690552841938076
sentinel2,counterfactual_0012_03,donor,treatment_0012,3,10,P10,2024-08,True,,,,0.038949046571971825,0.06037207815628054,0.033713580117235284,0.40198016788484214,0.21454215078746208,0.09071318207003427,0.8501982451961724,-0.7429392008195288
sentinel2,counterfactual_0012_04,donor,treatment_0012,4,1,P01,2023-11,False,,,,,,,,,,,
sentinel2,counterfactual_0012_04,donor,treatment_0012,4,2,P02,2023-12,True,,,,0.025060748984304458,0.034601823442668794,0.051118704143525595,0.13817697291253958,0.19728512894597758,0.1255021761570032,0.46085468269413493,-0.5982941301321705
sentinel2,counterfactual_0012_04,donor,treatment_0012,4,3,P03,2024-01,True,,,,0.03531984613925137,0.04454965698122379,0.06121902761995681,0.15224115776788977,0.17315861190397264,0.11383532980907408,0.45432416285011024,-0.5908468411536956
sentinel2,counterfactual_0012_04,donor,treatment_0012,4,4,P04,2024-02,True,,,,0.03096820907609762,0.04350779838998807,0.06142322821532578,0.152380894089888,0.2317099743918477,0.14998682971713986,0.42968484202344887,-0.5602692075482
sentinel2,counterfactual_0012_04,donor,treatment_0012,4,5,P05,2024-03,True,,,,0.03900151466517113,0.050938084587358386,0.07011217538586184,0.17116125864122395,0.25849990195391775,0.1731531173385203,0.41851043927588893,-0.5395206532376897
sentinel2,counterfactual_0012_04,donor,treatment_0012,4,6,P06,2024-04,True,,,,0.04801886099451033,0.07090330379496963,0.06969317726487068,0.2600435545287662,0.24439460847812733,0.15026851291429083,0.5520506042783698,-0.5297510154854257
sentinel2,counterfactual_0012_04,donor,treatment_0012,4,7,P07,2024-05,True,,,,0.07032535396893755,0.10193820476165652,0.056357064953909665,0.5193534273055697,0.23010029796781983,0.11141720885766597,0.7993388561610996,-0.6675845273884408
sentinel2,counterfactual_0012_04,donor,treatment_0012,4,8,P08,2024-06,True,,,,0.030209969640626836,0.05691501820099703,0.027107607120801954,0.49658854060191265,0.2183903246028273,0.08595701398209443,0.8956018244094819,-0.7934492031635811
sentinel2,counterfactual_0012_04,donor,treatment_0012,4,9,P09,2024-07,True,,,,0.07558502506859993,0.09328720730113248,0.06832284025245228,0.4675620758669272,0.2439487006529092,0.12196243441922708,0.7471836774866147,-0.668523157280309
sentinel2,counterfactual_0012_04,donor,treatment_0012,4,10,P10,2024-08,True,,,,0.034746912155114495,0.05312068431140885,0.030455754385122994,0.37317269863176433,0.1924440151434905,0.0793699441787519,0.8419909030301304,-0.7434399786322459
sentinel2,counterfactual_0012_05,donor,treatment_0012,5,1,P01,2023-11,False,,,,,,,,,,,
sentinel2,counterfactual_0012_05,donor,treatment_0012,5,2,P02,2023-12,True,,,,0.02523269613722839,0.03343472558151381,0.046627460871848096,0.1307846667127702,0.18740394112891426,0.12386398037201633,0.48374616054343245,-0.5978397541946056
sentinel2,counterfactual_0012_05,donor,treatment_0012,5,3,P03,2024-01,True,,,,0.06596539709614672,0.06537313237774808,0.07036552454638677,0.15394072550166324,0.16402006866300808,0.1134743235943218,0.44015679988060513,-0.5185203685509223
sentinel2,counterfactual_0012_05,donor,treatment_0012,5,4,P04,2024-02,True,,,,0.0360168383218001,0.05094759810843742,0.06720432363687923,0.16339192651833098,0.24534903888316714,0.1636737351499352,0.41978646892250754,-0.5292425128320853
sentinel2,counterfactual_0012_05,donor,treatment_0012,5,5,P05,2024-03,True,,,,0.04667906871522028,0.05839832359541427,0.07436339715513966,0.183957985232712,0.2762192355359302,0.19092328424255053,0.42284900069528936,-0.5173740256913737
sentinel2,counterfactual_0012_05,donor,treatment_0012,5,6,P06,2024-04,True,,,,0.045753446173872434,0.08186948056241461,0.052736215800521714,0.303824117819176,0.22113455871156618,0.1217675881862056,0.7032141046109153,-0.575808701240549
sentinel2,counterfactual_0012_05,donor,treatment_0012,5,7,P07,2024-05,True,,,,0.0421928410511579,0.0763940411686228,0.03354365477353015,0.5218226617385587,0.22682442304881256,0.1000014832070643,0.8804776318798008,-0.7456964512770442
sentinel2,counterfactual_0012_05,donor,treatment_0012,5,8,P08,2024-06,True,,,,0.05107487586767771,0.07782317255805409,0.04314910406623541,0.5366415631018098,0.24371719268871758,0.10500420511265948,0.8517733498604015,-0.7468469878242234
sentinel2,counterfactual_0012_05,donor,treatment_0012,5,9,P09,2024-07,True,,,,0.04657054527338836,0.06748644900718642,0.03901484781759105,0.43842824160877053,0.22495389985897687,0.09762076625421146,0.849003774557109,-0.7437838326561428
sentinel2,counterfactual_0012_05,donor,treatment_0012,5,10,P10,2024-08,True,,,,0.03650328346392498,0.05853839005996966,0.03159895420564475,0.4006015235244964,0.21607808727390423,0.09047831861228829,0.8554459480914922,-0.7465772811212514
sentinel2,treatment_0013,target,treatment_0013,0,1,P01,2023-11,True,,,,0.029997569358824652,0.04220081196765941,0.0639343070087604,0.18181696055659857,0.23280800975785398,0.14021637627541428,0.46327664270480673,-0.6176582612633926
sentinel2,treatment_0013,target,treatment_0013,0,2,P02,2023-12,True,,,,0.02557753467990479,0.03371300998397718,0.05215691098152651,0.1360415050328368,0.19725372293207905,0.12901548520542017,0.4499574560310581,-0.6128235126403391
sentinel2,treatment_0013,target,treatment_0013,0,3,P03,2024-01,True,,,,0.04809675253114674,0.051075618892703074,0.06596693078661683,0.15256707927101468,0.18072467328814587,0.12261932680807491,0.42848612962642196,-0.5702749994410937
sentinel2,treatment_0013,target,treatment_0013,0,4,P04,2024-02,True,,,,0.03462227234349466,0.0469552377142049,0.0669362525876132,0.1567224158383537,0.24310726725228943,0.16245005955790529,0.403572051167476,-0.5460625696316532
sentinel2,treatment_0013,target,treatment_0013,0,5,P05,2024-03,True,,,,0.048104321889136686,0.05995471298547074,0.08092164871790031,0.182080321681529,0.27654096019740154,0.19049151476657036,0.3908650229282972,-0.5168629877957386
sentinel2,treatment_0013,target,treatment_0013,0,6,P06,2024-04,True,,,,0.09772098491587129,0.10858381239914619,0.10821509416532385,0.2546098638327504,0.2552308642312519,0.16713068476978088,0.4086780574439221,-0.41062008041301185
sentinel2,treatment_0013,target,treatment_0013,0,7,P07,2024-05,True,,,,0.04049111888716274,0.0746707574993667,0.0341644060104569,0.5554153561894551,0.2365843565924333,0.10702302965787377,0.8795048326974975,-0.758943286941728
sentinel2,treatment_0013,target,treatment_0013,0,8,P08,2024-06,True,,,,0.03469380697816389,0.06567961396594153,0.0360524802631007,0.5315432824710808,0.24031183157226826,0.10543433661508088,0.8702430244957213,-0.7770493085076629
sentinel2,treatment_0013,target,treatment_0013,0,9,P09,2024-07,True,,,,0.04150196537449218,0.06571120307956002,0.042339262423465154,0.46002148991174036,0.23455370283067817,0.10677857431002183,0.834732324692725,-0.7511645400974586
sentinel2,treatment_0013,target,treatment_0013,0,10,P10,2024-08,True,,,,0.042796935699695705,0.06157192586727514,0.03837628718281146,0.404811559514244,0.20793023749743358,0.09361829703249554,0.8291037275730678,-0.7352610505741126
sentinel2,counterfactual_0013_01,donor,treatment_0013,1,1,P01,2023-11,False,,,,,,,,,,,
sentinel2,counterfactual_0013_01,donor,treatment_0013,1,2,P02,2023-12,True,,,,0.02354708855327053,0.02597834042687891,0.03920874428317803,0.11092532111216603,0.1594935593935406,0.10259949024001613,0.5224113622146218,-0.6646129012709681
sentinel2,counterfactual_0013_01,donor,treatment_0013,1,3,P03,2024-01,True,,,,0.09006980210981703,0.07582044411403344,0.0756726399999495,0.1458136358959992,0.1382116165098671,0.09473923149763071,0.39008749721126457,-0.4515753931440497
sentinel2,counterfactual_0013_01,donor,treatment_0013,1,4,P04,2024-02,True,,,,0.03479872080242268,0.04742056181384642,0.06387450750550182,0.15514875987358226,0.23605033814024778,0.1547299577899218,0.4190090857625136,-0.5342737936953705
sentinel2,counterfactual_0013_01,donor,treatment_0013,1,5,P05,2024-03,True,,,,0.04773833456901771,0.055505656372215655,0.07290890120969001,0.1739521125241502,0.27309217713952194,0.1874537692635261,0.41035797617655384,-0.5185441161333235
sentinel2,counterfactual_0013_01,donor,treatment_0013,1,6,P06,2024-04,True,,,,0.05173580538371552,0.07432827675281792,0.06487607594961811,0.250232869311298,0.25595452401956126,0.1549791394656294,0.5761060859424064,-0.5309971210775674
sentinel2,counterfactual_0013_01,donor,treatment_0013,1,7,P07,2024-05,True,,,,0.03794068233813455,0.06878876101949419,0.027418807035747728,0.5029761051086629,0.21343633967829082,0.0916748651894135,0.8975341577306003,-0.761477895711359
sentinel2,counterfactual_0013_01,donor,treatment_0013,1,8,P08,2024-06,True,,,,0.02564218709083363,0.06008908941570526,0.025820855859167848,0.5141608469329176,0.2329824232561964,0.09622604637438265,0.9040329666648843,-0.7910378571001178
sentinel2,counterfactual_0013_01,donor,treatment_0013,1,9,P09,2024-07,True,,,,0.04481632692478075,0.06694353991255213,0.038788334547680166,0.4692819675427186,0.22581484171032098,0.09646869915838908,0.8569787707752766,-0.7585968537641944
sentinel2,counterfactual_0013_01,donor,treatment_0013,1,10,P10,2024-08,True,,,,0.036919552085117935,0.05476040594095711,0.02873296741762838,0.41015278877913747,0.19883887844306092,0.08017055200132221,0.8667632705784817,-0.7628480310726838
sentinel2,counterfactual_0013_02,donor,treatment_0013,2,1,P01,2023-11,False,,,,,,,,,,,
sentinel2,counterfactual_0013_02,donor,treatment_0013,2,2,P02,2023-12,True,,,,0.021713881036061665,0.030311028371626636,0.04490543090210179,0.116824889736068,0.16262542893738505,0.1039426624899097,0.485516141864549,-0.6208603151106808
sentinel2,counterfactual_0013_02,donor,treatment_0013,2,3,P03,2024-01,True,,,,0.0723967454755464,0.06691750813507905,0.07044130485620237,0.1429635721648932,0.14509628477584216,0.09688397226772079,0.4052309117529827,-0.46884990924560854
sentinel2,counterfactual_0013_02,donor,treatment_0013,2,4,P04,2024-02,True,,,,0.039162886052547356,0.05336282237613391,0.07022348801622659,0.16351172923179902,0.23501461162489778,0.15565039207246792,0.4103686076350369,-0.5181125922756865
sentinel2,counterfactual_0013_02,donor,treatment_0013,2,5,P05,2024-03,True,,,,0.05283042849619889,0.06541186654694658,0.08409172637665106,0.18638543764679072,0.2765231253092645,0.19227636984201896,0.388417350887703,-0.4873640407181735
sentinel2,counterfactual_0013_02,donor,treatment_0013,2,6,P06,2024-04,True,,,,0.058100519611636876,0.08823716312971154,0.0841311245182369,0.2644372514276782,0.284946613316851,0.1767395010793014,0.5096640530431368,-0.4951893820045462
sentinel2,counterfactual_0013_02,donor,treatment_0013,2,7,P07,2024-05,True,,,,0.055474017349695086,0.08828968740287581,0.05322251747389796,0.4904798744499257,0.24186723871612512,0.1185739732896764,0.8041590463427419,-0.6930437289144044
sentinel2,counterfactual_0013_02,donor,treatment_0013,2,8,P08,2024-06,True,,,,0.03910772479305886,0.06948047748103749,0.044402666452572036,0.49249551039959283,0.24468655522729052,0.11244887753089682,0.8364556606140643,-0.7514985716029741
sentinel2,counterfactual_0013_02,donor,treatment_0013,2,9,P09,2024-07,True,,,,0.05019085393551547,0.07374766698486372,0.05045122546245626,0.469345730917382,0.24591850802344722,0.11386159203640563,0.80509003019604,-0.7230773475950529
sentinel2,counterfactual_0013_02,donor,treatment_0013,2,10,P10,2024-08,True,,,,0.05427677198257029,0.07352389483430048,0.05216541526545708,0.3939884425527196,0.22240614641847453,0.10636478776502768,0.7723590933190363,-0.6925229927176717
sentinel2,counterfactual_0013_03,donor,treatment_0013,3,1,P01,2023-11,False,,,,,,,,,,,
sentinel2,counterfactual_0013_03,donor,treatment_0013,3,2,P02,2023-12,True,,,,0.02185794534100147,0.027439907914019387,0.041153298775879976,0.11610832276788136,0.17548795211678592,0.11863180072265107,0.4946267121814651,-0.6406769906582873
sentinel2,counterfactual_0013_03,donor,treatment_0013,3,3,P03,2024-01,True,,,,0.10269607881437402,0.08989798556342239,0.08957944817219501,0.1617583864878941,0.14876601311777424,0.1078311146144107,0.3530423346643599,-0.4055620268675267
sentinel2,counterfactual_0013_03,donor,treatment_0013,3,4,P04,2024-02,True,,,,0.03434263313599621,0.0448930498158528,0.05966470943855697,0.1480867954356485,0.23393509962864686,0.1588223017544013,0.4296765537919186,-0.5413699118912939
sentinel2,counterfactual_0013_03,donor,treatment_0013,3,5,P05,2024-03,True,,,,0.04276373403258428,0.05130879825267584,0.06698420266785607,0.1638906283817003,0.2611103714470676,0.1837040972690958,0.4200113517357408,-0.5231669922720368
sentinel2,counterfactual_0013_03,donor,treatment_0013,3,6,P06,2024-04,True,,,,0.052403239981939534,0.07606385170620232,0.07261534664590369,0.2464266052220735,0.2681378147588292,0.16801664048276127,0.5399015994851887,-0.5232913263602977
sentinel2,counterfactual_0013_03,donor,treatment_0013,3,7,P07,2024-05,True,,,,0.0510142717982289,0.08813736918213454,0.03669867590541598,0.5655213588157054,0.2400880711581011,0.1085028899817475,0.8829615954393344,-0.7360615119998594
sentinel2,counterfactual_0013_03,donor,treatment_0013,3,8,P08,2024-06,True,,,,0.03488283507261524,0.0691336242635628,0.03343693763014002,0.5367049703515285,0.2413351582745783,0.1038337320150692,0.8845435133659072,-0.7731003232848795
sentinel2,counterfactual_0013_03,donor,treatment_0013,3,9,P09,2024-07,True,,,,0.038508435519175335,0.060985923054440096,0.030920752918052095,0.4926922949093625,0.23018846681229962,0.09280441137706867,0.881837529132745,-0.7799059163646457
sentinel2,counterfactual_0013_03,donor,treatment_0013,3,10,P10,2024-08,True,,,,0.057568434563781946,0.07176429768659977,0.047521787153372706,0.3991627485310841,0.20626527304719935,0.09674024104169275,0.7998500641783409,-0.7050904021428129
sentinel2,counterfactual_0013_04,donor,treatment_0013,4,1,P01,2023-11,False,,,,,,,,,,,
sentinel2,counterfactual_0013_04,donor,treatment_0013,4,2,P02,2023-12,True,,,,0.022219713792024653,0.030409254082129113,0.044836878824820826,0.1238483482006411,0.18190679338960342,0.11970289194321541,0.48819564966965673,-0.6254153183167758
sentinel2,counterfactual_0013_04,donor,treatment_0013,4,3,P03,2024-01,True,,,,0.04772570828979163,0.04934577498164497,0.05957409579189236,0.142525149467314,0.16314483854951445,0.11190039207728841,0.4582423541887334,-0.568193544081795
sentinel2,counterfactual_0013_04,donor,treatment_0013,4,4,P04,2024-02,True,,,,0.034136128883654374,0.04618028145989735,0.06263571226714278,0.15309260376933487,0.23242133618008798,0.15451936077433537,0.42140415200134457,-0.5377320866294497
sentinel2,counterfactual_0013_04,donor,treatment_0013,4,5,P05,2024-03,True,,,,0.04436137152324645,0.053420679439974875,0.06934364288629019,0.1694787226419404,0.25928969715152483,0.17841005789399228,0.4182710976895603,-0.5174432216514713
sentinel2,counterfactual_0013_04,donor,treatment_0013,4,6,P06,2024-04,True,,,,0.06283993736594556,0.09301478784276088,0.07857308610609122,0.28683544270443734,0.27444395181034464,0.16573504068205,0.5868566755061874,-0.5216006227725044
sentinel2,counterfactual_0013_04,donor,treatment_0013,4,7,P07,2024-05,True,,,,0.03773986873440696,0.0743867563818345,0.028443485978560237,0.5033357074308391,0.21216808152121663,0.08964577006681353,0.8918745245504421,-0.7427599538238525
sentinel2,counterfactual_0013_04,donor,treatment_0013,4,8,P08,2024-06,True,,,,0.08470913320886585,0.10640118125223343,0.07593245533023137,0.5250216471214498,0.26006659090642675,0.13281514298171174,0.7731797446183705,-0.6825562584296486
sentinel2,counterfactual_0013_04,donor,treatment_0013,4,9,P09,2024-07,True,,,,0.04392947267557275,0.06259952954317632,0.03452637493694376,0.44922288017505035,0.2180809283704106,0.08885306826924216,0.8583095348526386,-0.75603511743704
sentinel2,counterfactual_0013_04,donor,treatment_0013,4,10,P10,2024-08,True,,,,0.038776262217500655,0.056050838230280196,0.029966670015340938,0.40523267317146616,0.20254076558776304,0.08245810711223721,0.8593822793275302,-0.7557282869680969
sentinel2,counterfactual_0013_05,donor,treatment_0013,5,1,P01,2023-11,False,,,,,,,,,,,
sentinel2,counterfactual_0013_05,donor,treatment_0013,5,2,P02,2023-12,True,,,,0.033033118867136696,0.04730140603186348,0.06580842581326903,0.1715392673618649,0.21946560394498382,0.14298800005107232,0.44948317252025743,-0.5806026640593416
sentinel2,counterfactual_0013_05,donor,treatment_0013,5,3,P03,2024-01,True,,,,0.05561648025640775,0.06571301986639431,0.08359084664091022,0.1898144951228532,0.193113722675065,0.1279587325822599,0.4121145040931014,-0.5307755342468914
sentinel2,counterfactual_0013_05,donor,treatment_0013,5,4,P04,2024-02,True,,,,0.044239806985242824,0.061680613989379296,0.08261059415692666,0.19538046043587498,0.27330689117459966,0.18106361425011464,0.40888402109541516,-0.528107166721089
sentinel2,counterfactual_0013_05,donor,treatment_0013,5,5,P05,2024-03,True,,,,0.04937590603836545,0.06733228224947459,0.08329930211537251,0.228118168360526,0.28567815814572983,0.18779592078216006,0.4482156323368597,-0.536225424984304
sentinel2,counterfactual_0013_05,donor,treatment_0013,5,6,P06,2024-04,True,,,,0.04788671793102628,0.0758699258870565,0.06387627733023007,0.3065170792969737,0.2483463465813363,0.14077816825249406,0.6281621539873061,-0.5785488813348336
sentinel2,counterfactual_0013_05,donor,treatment_0013,5,7,P07,2024-05,True,,,,0.04989133630654652,0.08418409739524102,0.04601821452958287,0.5338355819585195,0.2538133122267453,0.12056646071116066,0.8339028199499895,-0.7223283813300481
sentinel2,counterfactual_0013_05,donor,treatment_0013,5,8,P08,2024-06,True,,,,0.04325497325328969,0.07928524979840211,0.05036299493662555,0.5023479161986731,0.26125762858695767,0.12388329010183351,0.808794057909314,-0.7194347902939764
sentinel2,counterfactual_0013_05,donor,treatment_0013,5,9,P09,2024-07,True,,,,0.05320293575746588,0.07721724270889074,0.05827065359008047,0.43327982188894015,0.2660088715163788,0.13308598016010653,0.749448995374807,-0.6886943039652145
sentinel2,counterfactual_0013_05,donor,treatment_0013,5,10,P10,2024-08,True,,,,0.04247779217244375,0.06516728225634387,0.04296091093949162,0.38972428218415467,0.23554524748927297,0.11147605936125954,0.7979159300044032,-0.7116389855491643
sentinel2,treatment_0014,target,treatment_0014,0,1,P01,2023-11,True,,,,0.03163042357390471,0.04295962167928522,0.06312717392119652,0.18781396435896341,0.24136802277317493,0.1466185569539688,0.48419916713346445,-0.6251562002674877
sentinel2,treatment_0014,target,treatment_0014,0,2,P02,2023-12,True,,,,0.02676240080547815,0.03502918347284162,0.050389442321067554,0.13713161456983425,0.1967749730221443,0.1316859524731028,0.4767703258042335,-0.6108706578350852
sentinel2,treatment_0014,target,treatment_0014,0,3,P03,2024-01,True,,,,0.08798210961818648,0.08320174499572346,0.0884145378331,0.1746844671375932,0.17688103629033855,0.12569783358331546,0.4033179153105685,-0.4905239083117544
sentinel2,treatment_0014,target,treatment_0014,0,4,P04,2024-02,True,,,,0.03958456531784565,0.053798862916910696,0.07101470946574688,0.17124341233049978,0.2550576708282563,0.1726822223035556,0.41683042455789987,-0.5268114918839077
sentinel2,treatment_0014,target,treatment_0014,0,5,P05,2024-03,True,,,,0.05083544761561089,0.06388750623259026,0.08151881689487508,0.1968134743023732,0.29049228506016506,0.2003198705146902,0.41250196147194074,-0.5103855189222668
sentinel2,treatment_0014,target,treatment_0014,0,6,P06,2024-04,True,,,,0.11345708764594316,0.1377887315500362,0.11579375558803653,0.3517192136936358,0.2662461525510893,0.17644751980811657,0.506233158719743,-0.4294642679201202
sentinel2,treatment_0014,target,treatment_0014,0,7,P07,2024-05,True,,,,0.03449297563415558,0.06690739128435781,0.02755937601353832,0.5333977839884693,0.23050741626112775,0.09981854083043656,0.9002348803632907,-0.7762135927095664
sentinel2,treatment_0014,target,treatment_0014,0,8,P08,2024-06,True,,,,0.04150592443604195,0.07216882803613796,0.03831781573547968,0.544094384597792,0.25109041004213933,0.10709945653417864,0.8673631682412448,-0.7649986845829668
sentinel2,treatment_0014,target,treatment_0014,0,9,P09,2024-07,True,,,,0.03766182736957346,0.06118433003750879,0.033515434814607,0.4625170427483094,0.23767976669391783,0.09839912754112033,0.8642898124142635,-0.7659134942811443
sentinel2,treatment_0014,target,treatment_0014,0,10,P10,2024-08,True,,,,0.04922150290312691,0.06700421049413073,0.039779457982613835,0.42506680718304746,0.22557253701472305,0.0979207332780368,0.8264472818750924,-0.7232468380710445
sentinel2,counterfactual_0014_01,donor,treatment_0014,1,1,P01,2023-11,False,,,,,,,,,,,
sentinel2,counterfactual_0014_01,donor,treatment_0014,1,2,P02,2023-12,True,,,,0.028187462059860748,0.039625262330957145,0.057952043994510365,0.158457445361815,0.21227974700625066,0.13266932647560242,0.4605384190385978,-0.5977361729798942
sentinel2,counterfactual_0014_01,donor,treatment_0014,1,3,P03,2024-01,True,,,,0.027591991018132873,0.03844794638992837,0.057375286802658264,0.1575586903698245,0.19214794615263706,0.12308623655971715,0.4690447274137918,-0.6114758364472795
sentinel2,counterfactual_0014_01,donor,treatment_0014,1,4,P04,2024-02,True,,,,0.035316547483067756,0.04987324780637833,0.0701498530944613,0.1712544751199726,0.2502234682751899,0.16047097350052672,0.4219286488985363,-0.554387346749276
sentinel2,counterfactual_0014_01,donor,treatment_0014,1,5,P05,2024-03,True,,,,0.04574684842905336,0.059156582781981285,0.07839622105879067,0.1935425056382881,0.2795480100965514,0.18539474560383337,0.41602856498301094,-0.5277854049162541
sentinel2,counterfactual_0014_01,donor,treatment_0014,1,6,P06,2024-04,True,,,,0.04136567009868002,0.07194145198529076,0.06356057261672163,0.26514649059875095,0.2501094500018316,0.14414908330050907,0.5965981058036506,-0.5639702251653743
sentinel2,counterfactual_0014_01,donor,treatment_0014,1,7,P07,2024-05,True,,,,0.04062867898116832,0.0711114549260121,0.03582706757163922,0.49008371871260387,0.2249763910487344,0.10266708722635401,0.8621501747850645,-0.7450722394384813
sentinel2,counterfactual_0014_01,donor,treatment_0014,1,8,P08,2024-06,True,,,,0.03514545049420539,0.06300365278257111,0.03795437925458903,0.4489165047227124,0.2243533220860007,0.10062643551497365,0.8439091784152165,-0.7529640652822438
sentinel2,counterfactual_0014_01,donor,treatment_0014,1,9,P09,2024-07,True,,,,0.03557666902982795,0.056649357964216336,0.03542422318356158,0.3904624497475034,0.2136107242588856,0.0953022251715439,0.8305735052517145,-0.74318286891358
sentinel2,counterfactual_0014_01,donor,treatment_0014,1,10,P10,2024-08,True,,,,0.034653445796886034,0.052750622601473916,0.03234826493962654,0.3528977550471978,0.19207332625440285,0.08539584364076301,0.8295782365714869,-0.7344839805239568
sentinel2,counterfactual_0014_02,donor,treatment_0014,2,1,P01,2023-11,False,,,,,,,,,,,
sentinel2,counterfactual_0014_02,donor,treatment_0014,2,2,P02,2023-12,True,,,,0.033025526986551645,0.045353700687445576,0.058562131276284214,0.1639069111417198,0.19904475037215585,0.1297266837759072,0.4760475685238786,-0.5677189460607992
sentinel2,counterfactual_0014_02,donor,treatment_0014,2,3,P03,2024-01,True,,,,0.04950026473247199,0.059044343798889724,0.07244925013049573,0.17782807569253672,0.1895318499482995,0.12698868745674094,0.4509560884143684,-0.548094718928209
sentinel2,counterfactual_0014_02,donor,treatment_0014,2,4,P04,2024-02,True,,,,0.04475855808656704,0.06395095586137653,0.08180899926177436,0.1961460984876671,0.2616999705840929,0.17567687972674545,0.4160610266331481,-0.5127973467317554
sentinel2,counterfactual_0014_02,donor,treatment_0014,2,5,P05,2024-03,True,,,,0.05418074217552564,0.07264903943290746,0.08660907275301342,0.22712176763059555,0.2877392020281384,0.19743485951082412,0.4389561652719431,-0.5097196765923988
sentinel2,counterfactual_0014_02,donor,treatment_0014,2,6,P06,2024-04,True,,,,0.06220234303632305,0.09830281352055516,0.08416490060150471,0.34540354866640743,0.27809996563901435,0.17041567504499464,0.5717444933958935,-0.5232049228981211
sentinel2,counterfactual_0014_02,donor,treatment_0014,2,7,P07,2024-05,True,,,,0.04828098233040203,0.08431808654802848,0.048733437956515226,0.48801409645315924,0.25671804210985655,0.1294961914729808,0.8145974234875692,-0.7020172870544205
sentinel2,counterfactual_0014_02,donor,treatment_0014,2,8,P08,2024-06,True,,,,0.05125135005735101,0.08907384233218488,0.05708931473278182,0.5036997926662273,0.2716029908086404,0.13340429895453984,0.7939231764552254,-0.6965293710229306
sentinel2,counterfactual_0014_02,donor,treatment_0014,2,9,P09,2024-07,True,,,,0.053430923560659635,0.0799553574191339,0.05638816302048612,0.42045871472869384,0.25555989621124037,0.13027622796132768,0.7630284115680876,-0.6793207304464369
sentinel2,counterfactual_0014_02,donor,treatment_0014,2,10,P10,2024-08,True,,,,0.04438156072123736,0.06969541720604093,0.04462085586870556,0.3814167727466752,0.23214365746002433,0.11365281838407681,0.7850990886548468,-0.6855412436961987
sentinel2,counterfactual_0014_03,donor,treatment_0014,3,1,P01,2023-11,False,,,,,,,,,,,
sentinel2,counterfactual_0014_03,donor,treatment_0014,3,2,P02,2023-12,True,,,,0.03430782183841111,0.05119524759687668,0.06559868325294908,0.19154862379701348,0.21804625742875114,0.1385089900931067,0.47583309637689225,-0.5705183735390028
sentinel2,counterfactual_0014_03,donor,treatment_0014,3,3,P03,2024-01,True,,,,0.05365322282510155,0.06636511893938342,0.08157058427451493,0.2019069109628401,0.20538847033377036,0.13457176237118126,0.4371266547442036,-0.5382676230238908
sentinel2,counterfactual_0014_03,donor,treatment_0014,3,4,P04,2024-02,True,,,,0.04688745061710182,0.06719797537966382,0.0853631783509166,0.21103942078150956,0.26936149995810915,0.17634945543095618,0.4183299999621162,-0.5136298602296611
sentinel2,counterfactual_0014_03,donor,treatment_0014,3,5,P05,2024-03,True,,,,0.05093223769973853,0.07072227237617025,0.08227033179363992,0.24082178212877473,0.28149311875279,0.18173515845127036,0.4643891990870136,-0.5277215558592009
sentinel2,counterfactual_0014_03,donor,treatment_0014,3,6,P06,2024-04,True,,,,0.04597707932482999,0.08032536646037704,0.06252964857246468,0.33131607419949505,0.2534376732311627,0.14152384152211767,0.6519532519029361,-0.5836863393046995
sentinel2,counterfactual_0014_03,donor,treatment_0014,3,7,P07,2024-05,True,,,,0.043718955538576784,0.0770405347221116,0.03987100010959081,0.47280423770501917,0.22117000988952004,0.10145672271267907,0.830552398359569,-0.7071663943428251
sentinel2,counterfactual_0014_03,donor,treatment_0014,3,8,P08,2024-06,True,,,,0.0301273267858173,0.0662918813168855,0.03886656443735972,0.46808283180703736,0.24499499988880488,0.11083524748166598,0.8246067800498705,-0.7299310439942972
sentinel2,counterfactual_0014_03,donor,treatment_0014,3,9,P09,2024-07,True,,,,0.047446604055712126,0.07250928228813233,0.05558357433849337,0.39547342560226373,0.2644060346860402,0.1308044802600352,0.7439174828644712,-0.6796273718848548
sentinel2,counterfactual_0014_03,donor,treatment_0014,3,10,P10,2024-08,True,,,,0.04072824266766853,0.06315425258240487,0.04132519314747931,0.3694732127534133,0.2238045495069853,0.10464818812205945,0.790836425529099,-0.6986663379166206
sentinel2,counterfactual_0014_04,donor,treatment_0014,4,1,P01,2023-11,False,,,,,,,,,,,
sentinel2,counterfactual_0014_04,donor,treatment_0014,4,2,P02,2023-12,True,,,,0.029272653538993637,0.04063203971186079,0.051242673365677456,0.15790636639673225,0.19226998008640095,0.1227969506408761,0.5103436340692241,-0.5941292645704775
sentinel2,counterfactual_0014_04,donor,treatment_0014,4,3,P03,2024-01,True,,,,0.058416188190815656,0.06352174263561057,0.07174847532697667,0.1776384999765323,0.18085405942827168,0.12003869309062415,0.46663608477589225,-0.545585948724189
sentinel2,counterfactual_0014_04,donor,treatment_0014,4,4,P04,2024-02,True,,,,0.03932423275434366,0.05644765855108231,0.07046267831504419,0.18779298519365267,0.24904365334770467,0.1627797624085209,0.4551438769107998,-0.5421334294074833
sentinel2,counterfactual_0014_04,donor,treatment_0014,4,5,P05,2024-03,True,,,,0.04739111395820164,0.06308730702164887,0.07337136643689753,0.21771509900541589,0.27376704945717706,0.181905227694476,0.4799813283493023,-0.5414680597864755
sentinel2,counterfactual_0014_04,donor,treatment_0014,4,6,P06,2024-04,True,,,,0.06211978807496117,0.09161240102636864,0.07014843946310986,0.32274024492831777,0.24765672829420002,0.14367092727398145,0.6311037026144921,-0.5405493805652283
sentinel2,counterfactual_0014_04,donor,treatment_0014,4,7,P07,2024-05,True,,,,0.040800802670810495,0.07317347911245947,0.03296689960407555,0.5033401356913294,0.22133440367236668,0.09872582247403232,0.8757775017088762,-0.744792614620898
sentinel2,counterfactual_0014_04,donor,treatment_0014,4,8,P08,2024-06,True,,,,0.050401320652349195,0.0853180386120104,0.05496113968738278,0.5062858950489205,0.25844988644204503,0.12490934652457852,0.8136118710794247,-0.7171017426780284
sentinel2,counterfactual_0014_04,donor,treatment_0014,4,9,P09,2024-07,True,,,,0.03671765850248313,0.06166324267366735,0.03416646539335056,0.42757540589511983,0.22163318802224527,0.09566801981613188,0.8506914115866813,-0.7464950775687057
sentinel2,counterfactual_0014_04,donor,treatment_0014,4,10,P10,2024-08,True,,,,0.03623248029500246,0.05817018328031691,0.03227479212815956,0.38062846532700084,0.20622343567043247,0.08999530695305012,0.8367953839278457,-0.7287688734124202
sentinel2,counterfactual_0014_05,donor,treatment_0014,5,1,P01,2023-11,False,,,,,,,,,,,
sentinel2,counterfactual_0014_05,donor,treatment_0014,5,2,P02,2023-12,True,,,,0.026200138663024168,0.037275643645235945,0.0467658416756272,0.15110538618583785,0.1755827921927713,0.11221996038709536,0.5346625763037712,-0.6074175315372424
sentinel2,counterfactual_0014_05,donor,treatment_0014,5,3,P03,2024-01,True,,,,0.035314594123986236,0.04439972780930169,0.05529490106001422,0.16218976737544089,0.170667999989473,0.11119935634850275,0.521274051383359,-0.6068909397367204
sentinel2,counterfactual_0014_05,donor,treatment_0014,5,4,P04,2024-02,True,,,,0.034727762448140374,0.05046172782363794,0.06241221791677325,0.17598582672858887,0.2249643861495032,0.1466614754807831,0.48653956008955174,-0.5611014586329313
sentinel2,counterfactual_0014_05,donor,treatment_0014,5,5,P05,2024-03,True,,,,0.044319356528599516,0.05955658918836772,0.0677337575464113,0.20599131198065115,0.25308858404360196,0.1680161089560773,0.5016542190026104,-0.5486408898230679
sentinel2,counterfactual_0014_05,donor,treatment_0014,5,6,P06,2024-04,True,,,,0.04609860404348462,0.07711286148849396,0.05687111399367009,0.30762121303246753,0.2373997225531257,0.13203198001821442,0.6756786280335618,-0.5788097221457796
sentinel2,counterfactual_0014_05,donor,treatment_0014,5,7,P07,2024-05,True,,,,0.0440449159182977,0.07875100013089947,0.039077811965460674,0.44622520278254063,0.22255276219827114,0.10447457421755436,0.8385463264656465,-0.7041107900169133
sentinel2,counterfactual_0014_05,donor,treatment_0014,5,8,P08,2024-06,True,,,,0.04404536524459664,0.07727078660583117,0.05183937274746262,0.39256905465760034,0.21851975631233905,0.11010084262166576,0.7660959530203195,-0.6684276223433822
sentinel2,counterfactual_0014_05,donor,treatment_0014,5,9,P09,2024-07,True,,,,0.0360328070175751,0.06104442084964254,0.03591466838254197,0.3936760938292978,0.22530752463801074,0.10526143567544399,0.8285452205658254,-0.7259343035461953
sentinel2,counterfactual_0014_05,donor,treatment_0014,5,10,P10,2024-08,True,,,,0.0355971782864763,0.05695497531259414,0.033668816869912466,0.34067877732069773,0.20368637623615785,0.09369214859781878,0.8116522985047633,-0.701061590280347
sentinel2,treatment_0015,target,treatment_0015,0,1,P01,2023-11,True,,,,0.03406932681826598,0.04712369317059765,0.06642715358350537,0.18881704459704532,0.21354240588770054,0.1322506237243957,0.4699787032117348,-0.5886353835271727
sentinel2,treatment_0015,target,treatment_0015,0,2,P02,2023-12,True,,,,0.031977965418655094,0.04705738623230026,0.0669560792951817,0.16881833658876397,0.2131188121305244,0.13926475233813324,0.4367223185608809,-0.5702103895867372
sentinel2,treatment_0015,target,treatment_0015,0,3,P03,2024-01,True,,,,0.05911596542304972,0.07487827733145233,0.09798946046888238,0.203162668468154,0.18286141568481332,0.12159925749027493,0.38821825489558576,-0.5081958143974166
sentinel2,treatment_0015,target,treatment_0015,0,4,P04,2024-02,True,,,,0.040723099079983546,0.06034795059315344,0.08461370306891748,0.18472238620134568,0.24986223757414536,0.16751823791330403,0.401892264952127,-0.536517491114538
sentinel2,treatment_0015,target,treatment_0015,0,5,P05,2024-03,True,,,,0.04753287631548056,0.06617418327562437,0.0874472030586019,0.2071534308331954,0.26973800026691785,0.18136992073885286,0.4222357943496381,-0.5294682834105622
sentinel2,treatment_0015,target,treatment_0015,0,6,P06,2024-04,True,,,,0.0460551783022019,0.07168437135986762,0.07513235653556957,0.25830498028472804,0.2595516041127762,0.1608108215506124,0.5443872952689462,-0.5604802975921642
sentinel2,treatment_0015,target,treatment_0015,0,7,P07,2024-05,True,,,,0.0711633205019853,0.09986940907375252,0.07913938576317918,0.4758755131362478,0.2655353347630375,0.15104186608344547,0.7177513581111123,-0.6495141425872479
sentinel2,treatment_0015,target,treatment_0015,0,8,P08,2024-06,True,,,,0.04099429710574522,0.0690505347839824,0.05469756445367959,0.41885420285202196,0.23979246500990178,0.125358742460756,0.7693031208416318,-0.7105063273725423
sentinel2,treatment_0015,target,treatment_0015,0,9,P09,2024-07,True,,,,0.03909549018755407,0.0613252426812997,0.043668381246821125,0.38704069796691437,0.21751041575233535,0.10593291095282772,0.7934304861650608,-0.7229436170922058
sentinel2,treatment_0015,target,treatment_0015,0,10,P10,2024-08,True,,,,0.045447658520413214,0.06505037139621701,0.046384846613198374,0.3922792574774363,0.21076894079694652,0.10655266345948866,0.7905632675800583,-0.7126673142501329
sentinel2,counterfactual_0015_01,donor,treatment_0015,1,1,P01,2023-11,False,,,,,,,,,,,
sentinel2,counterfactual_0015_01,donor,treatment_0015,1,2,P02,2023-12,True,,,,0.018748603108623835,0.033631751852458966,0.04372390951474117,0.16388124690437045,0.13159094204339733,0.0818725322279997,0.5883303700248121,-0.6552804570466881
sentinel2,counterfactual_0015_01,donor,treatment_0015,1,3,P03,2024-01,True,,,,0.03584018236879095,0.047705470099442183,0.057048005175755506,0.18401089605481183,0.14013522200351392,0.09048395750847135,0.5502021201236338,-0.6114493203109757
sentinel2,counterfactual_0015_01,donor,treatment_0015,1,4,P04,2024-02,True,,,,0.028960802924430637,0.04632251750746845,0.05856091570086852,0.18176550838689853,0.1854309186364211,0.11848416818498853,0.5347180872897771,-0.6086831702221265
sentinel2,counterfactual_0015_01,donor,treatment_0015,1,5,P05,2024-03,True,,,,0.03892666901145983,0.05473515351690296,0.06553931975420048,0.2041166601024233,0.21506956210032174,0.13878867272775133,0.5275861934950721,-0.5851131658973723
sentinel2,counterfactual_0015_01,donor,treatment_0015,1,6,P06,2024-04,True,,,,0.04151345958186241,0.06391929228447832,0.06497837964574264,0.23756824829704667,0.22418121259804508,0.13592304680969375,0.5715367569277806,-0.5771434790082404
sentinel2,counterfactual_0015_01,donor,treatment_0015,1,7,P07,2024-05,True,,,,0.04386707193311021,0.07222125294236047,0.04367238023800308,0.36339424551117594,0.18606145455140527,0.09293605528173698,0.7841656901904233,-0.6661216637022693
sentinel2,counterfactual_0015_01,donor,treatment_0015,1,8,P08,2024-06,True,,,,0.042970404918857466,0.06620184303720655,0.04688643767086592,0.41745575929641043,0.20920032342851494,0.10251762579920923,0.7971975751463666,-0.7225673830498376
sentinel2,counterfactual_0015_01,donor,treatment_0015,1,9,P09,2024-07,True,,,,0.041552078298389555,0.06217532603727662,0.04472768361802639,0.3640653417500406,0.19205771012524042,0.09282235076101185,0.783879451514307,-0.7076785906034759
sentinel2,counterfactual_0015_01,donor,treatment_0015,1,10,P10,2024-08,True,,,,0.04590574949950567,0.06104278507063715,0.04404827471632237,0.33109159394112675,0.1714409370303633,0.0833323302353472,0.7741550556820884,-0.6949874753359427
sentinel2,counterfactual_0015_02,donor,treatment_0015,2,1,P01,2023-11,False,,,,,,,,,,,
sentinel2,counterfactual_0015_02,donor,treatment_0015,2,2,P02,2023-12,True,,,,0.01722865408516273,0.031330497070055384,0.0405864131812134,0.15165679842184723,0.15944680916075146,0.09884075097445355,0.5804364620717515,-0.6612846043127774
sentinel2,counterfactual_0015_02,donor,treatment_0015,2,3,P03,2024-01,True,,,,0.053513395770529076,0.06460475449033269,0.07255316150448023,0.18747126266401185,0.13622781089177005,0.08946833155597148,0.4981796073137256,-0.5585675421993022
sentinel2,counterfactual_0015_02,donor,treatment_0015,2,4,P04,2024-02,True,,,,0.023424188846518378,0.0388024606453557,0.04907993341821389,0.1599835262095846,0.18243109496413884,0.1148741397823718,0.5402541149890769,-0.6156659787813831
sentinel2,counterfactual_0015_02,donor,treatment_0015,2,5,P05,2024-03,True,,,,0.03219158914308667,0.04592484568377451,0.05540566626459991,0.17806796882688303,0.20991010673226546,0.13295109310304168,0.5271908294903613,-0.5889828342952783
sentinel2,counterfactual_0015_02,donor,treatment_0015,2,6,P06,2024-04,True,,,,0.03501588577467978,0.056090246142673265,0.057034359507006346,0.21116423382354524,0.2173839868073276,0.1304891285633599,0.5682867627852735,-0.5760321624065051
sentinel2,counterfactual_0015_02,donor,treatment_0015,2,7,P07,2024-05,True,,,,0.045189401815374376,0.07232358788246213,0.03854614187728653,0.41331313049462143,0.1834580034587034,0.08417835438146937,0.8234716853854476,-0.6930634749729847
sentinel2,counterfactual_0015_02,donor,treatment_0015,2,8,P08,2024-06,True,,,,0.026185506368843835,0.05080112745426102,0.026164194747203766,0.42927318374796974,0.18520552383872904,0.0767441575328061,0.883875727757217,-0.7868742817360423
sentinel2,counterfactual_0015_02,donor,treatment_0015,2,9,P09,2024-07,True,,,,0.044523345832752664,0.06189810322796103,0.04066863548112475,0.3958288499589364,0.18866953739885278,0.08457811003020085,0.8168685474111548,-0.730369129628542
sentinel2,counterfactual_0015_02,donor,treatment_0015,2,10,P10,2024-08,True,,,,0.03075128423195939,0.04895057847053061,0.031605131910275204,0.33646555240759485,0.17032825207081556,0.07612834051514347,0.828871992722982,-0.745512499276148
sentinel2,counterfactual_0015_03,donor,treatment_0015,3,1,P01,2023-11,False,,,,,,,,,,,
sentinel2,counterfactual_0015_03,donor,treatment_0015,3,2,P02,2023-12,True,,,,0.020984810356761176,0.03492567403463936,0.03845064220149331,0.1705706451125074,0.14596264094549607,0.08437336543216131,0.6433800394985445,-0.6656844942181289
sentinel2,counterfactual_0015_03,donor,treatment_0015,3,3,P03,2024-01,True,,,,0.026491123475133146,0.03815246063118689,0.04235014225041397,0.1741600087418847,0.11939110371215989,0.07388308496831528,0.6274614258176403,-0.6529487064189508
sentinel2,counterfactual_0015_03,donor,treatment_0015,3,4,P04,2024-02,True,,,,0.020385119142238138,0.03673255571106034,0.04191522409818258,0.17027287528104332,0.15732378190013196,0.09300883253328754,0.6208654136669284,-0.6545066315804541
sentinel2,counterfactual_0015_03,donor,treatment_0015,3,5,P05,2024-03,True,,,,0.027680555888554892,0.04236110196769407,0.047005676030079185,0.18556489083255323,0.17891845889604976,0.1072185864671517,0.6044634712109342,-0.6291751362724451
sentinel2,counterfactual_0015_03,donor,treatment_0015,3,6,P06,2024-04,True,,,,0.034095794603750056,0.05344526524120611,0.053226605360457833,0.20883312909909996,0.20063253105089907,0.11605910200918905,0.5936639567862865,-0.5908431613717566
sentinel2,counterfactual_0015_03,donor,treatment_0015,3,7,P07,2024-05,True,,,,0.04591753270172854,0.06955695039366358,0.03907789924941499,0.39524816681287905,0.17693286933462804,0.08238118322365845,0.8240067789442643,-0.7021261212282608
sentinel2,counterfactual_0015_03,donor,treatment_0015,3,8,P08,2024-06,True,,,,0.042672679224834406,0.06437591913166893,0.038096711177584494,0.4215476422663495,0.19049204967615826,0.08310114698656726,0.837184033561204,-0.7359301248533727
sentinel2,counterfactual_0015_03,donor,treatment_0015,3,9,P09,2024-07,True,,,,0.02740168614034915,0.04771443986026327,0.025539922601463115,0.35471563564598674,0.16191888060327628,0.06517255173680385,0.8647119943540057,-0.761141395016098
sentinel2,counterfactual_0015_03,donor,treatment_0015,3,10,P10,2024-08,True,,,,0.02889100093576747,0.04581741017183829,0.027100377453644655,0.30923592308644815,0.14740592085570756,0.061520821559593944,0.8369267918574858,-0.7386121643447324
sentinel2,counterfactual_0015_04,donor,treatment_0015,4,1,P01,2023-11,False,,,,,,,,,,,
sentinel2,counterfactual_0015_04,donor,treatment_0015,4,2,P02,2023-12,True,,,,0.02333346733251396,0.03429792183458473,0.04757903153237907,0.14755971968251036,0.15685144585086463,0.0980190471583062,0.5098705605576639,-0.6257199227324935
sentinel2,counterfactual_0015_04,donor,treatment_0015,4,3,P03,2024-01,True,,,,0.06310838158921855,0.06917773263569958,0.07919062351892037,0.17801139101626365,0.13828496221201336,0.09394204493770178,0.42749633441753404,-0.5030590814746732
sentinel2,counterfactual_0015_04,donor,treatment_0015,4,4,P04,2024-02,True,,,,0.032412400798584165,0.049492324371192685,0.06832971778102004,0.17650228414497193,0.2241716398414286,0.14810500927280415,0.4573149910868061,-0.579500384654336
sentinel2,counterfactual_0015_04,donor,treatment_0015,4,5,P05,2024-03,True,,,,0.04332168911414913,0.05856971871221025,0.0737207186445864,0.20460061752910697,0.25663661409734384,0.16969707375524698,0.4673129836375451,-0.5524188527382188
sentinel2,counterfactual_0015_04,donor,treatment_0015,4,6,P06,2024-04,True,,,,0.041071527385561066,0.06594158427196559,0.061526678879251846,0.26102992348718407,0.23887755158759486,0.14178892274035412,0.5981817384401193,-0.5825861818579386
sentinel2,counterfactual_0015_04,donor,treatment_0015,4,7,P07,2024-05,True,,,,0.04208976011743849,0.07068525255586582,0.03639400167080856,0.44873362127083777,0.19300660576109258,0.0903616002759425,0.8409070885303497,-0.7195380986419
sentinel2,counterfactual_0015_04,donor,treatment_0015,4,8,P08,2024-06,True,,,,0.03581602789652241,0.06175561724111048,0.03476767970652408,0.4738083129819731,0.20781671875844387,0.09261816495505633,0.8598562445451017,-0.7665613966004052
sentinel2,counterfactual_0015_04,donor,treatment_0015,4,9,P09,2024-07,True,,,,0.03268576128271915,0.054447260194725296,0.03171042060982934,0.41025069100040396,0.19636036148580566,0.08528273707057972,0.8537810449009607,-0.7634633076143036
sentinel2,counterfactual_0015_04,donor,treatment_0015,4,10,P10,2024-08,True,,,,0.0412670327196205,0.059646520063568825,0.0403029458618666,0.3743657682683699,0.19380172549854388,0.08864609357679887,0.808719754321308,-0.7269653408898523
sentinel2,counterfactual_0015_05,donor,treatment_0015,5,1,P01,2023-11,False,,,,,,,,,,,
sentinel2,counterfactual_0015_05,donor,treatment_0015,5,2,P02,2023-12,True,,,,0.03196495447301865,0.04912458100817292,0.05702328701806897,0.16554895604071768,0.16879769626564078,0.1073416135864658,0.3391506449360643,-0.3762847389467572
sentinel2,counterfactual_0015_05,donor,treatment_0015,5,3,P03,2024-01,True,,,,0.0730054068829492,0.08865462037088205,0.09767803431155773,0.193809350924484,0.11822686744235819,0.0773184706920195,0.20438311793445527,-0.24578482921743205
sentinel2,counterfactual_0015_05,donor,treatment_0015,5,4,P04,2024-02,True,,,,0.03589579458391776,0.056795255488321386,0.0697020783329715,0.17269128526728675,0.2024423290871587,0.13296785609848316,0.3141839839463977,-0.36650542737376546
sentinel2,counterfactual_0015_05,donor,treatment_0015,5,5,P05,2024-03,True,,,,0.04527609066369589,0.06312293903256702,0.07081846886862873,0.2044955592058771,0.21808936393514544,0.14194507403073708,0.364095594339504,-0.3794141437314737
sentinel2,counterfactual_0015_05,donor,treatment_0015,5,6,P06,2024-04,True,,,,0.04339324096366566,0.06763317334986899,0.06157120393033869,0.24909036845009333,0.20484856884123506,0.12260997463056048,0.48970641724741976,-0.4454754304143819
sentinel2,counterfactual_0015_05,donor,treatment_0015,5,7,P07,2024-05,True,,,,0.045174445324550325,0.0719763934802439,0.04467286705289276,0.35439622344821536,0.17931796017041093,0.09212604435761328,0.6475252741118467,-0.5243130074571405
sentinel2,counterfactual_0015_05,donor,treatment_0015,5,8,P08,2024-06,True,,,,0.050537594467249584,0.07724866203532103,0.05700764149692541,0.3716445594511831,0.19735026483137974,0.1043464023232425,0.661221594765639,-0.5773690445063031
sentinel2,counterfactual_0015_05,donor,treatment_0015,5,9,P09,2024-07,True,,,,0.07170604013665624,0.09060314238295032,0.07458575087119163,0.34147754702682637,0.22558590837249914,0.12535147326215137,0.5767209109828468,-0.5122379963542418
sentinel2,counterfactual_0015_05,donor,treatment_0015,5,10,P10,2024-08,True,,,,0.04519779931375173,0.06399605436924888,0.050704627095595395,0.2835533280499296,0.18962779140441152,0.10119145183220803,0.624393989328551,-0.541757358478167
